ISO-10303-21;
HEADER;
FILE_DESCRIPTION(('Open CASCADE Model'),'2;1');
FILE_NAME('Open CASCADE Shape Model','2026-09-28T17:40:43',('Author'),(
    'Open CASCADE'),'Open CASCADE STEP processor 8.0','build123d',
  'Unknown');
FILE_SCHEMA(('AUTOMOTIVE_DESIGN { 1 0 10303 214 1 1 1 1 }'));
ENDSEC;
DATA;
#1 = APPLICATION_PROTOCOL_DEFINITION('international standard',
  'automotive_design',2000,#2);
#2 = APPLICATION_CONTEXT(
  'core data for automotive mechanical design processes');
#3 = SHAPE_DEFINITION_REPRESENTATION(#4,#10);
#4 = PRODUCT_DEFINITION_SHAPE('','',#5);
#5 = PRODUCT_DEFINITION('design','',#6,#9);
#6 = PRODUCT_DEFINITION_FORMATION('','',#7);
#7 = PRODUCT('COMPOUND','COMPOUND','',(#8));
#8 = PRODUCT_CONTEXT('',#2,'mechanical');
#9 = PRODUCT_DEFINITION_CONTEXT('part definition',#2,'design');
#10 = ADVANCED_BREP_SHAPE_REPRESENTATION('',(#11,#15),#15224);
#11 = AXIS2_PLACEMENT_3D('',#12,#13,#14);
#12 = CARTESIAN_POINT('',(0.,0.,0.));
#13 = DIRECTION('',(0.,0.,1.));
#14 = DIRECTION('',(1.,0.,-0.));
#15 = MANIFOLD_SOLID_BREP('',#16);
#16 = CLOSED_SHELL('',(#17,#241,#327,#406,#482,#557,#633,#682,#731,#758,
    #917,#975,#1007,#1739,#1766,#2800,#3022,#3029,#3078,#3105,#3132,
    #3181,#3208,#3261,#3310,#3363,#3412,#3464,#3513,#3566,#3618,#3670,
    #3729,#3782,#3831,#3883,#3932,#3991,#4040,#4067,#4138,#4187,#4236,
    #4263,#4385,#4434,#4483,#4510,#4661,#4710,#4737,#4870,#4974,#5112,
    #5215,#5264,#5340,#5500,#5577,#5625,#5732,#5778,#5805,#5832,#5922,
    #5971,#6019,#6068,#6116,#6165,#6213,#6305,#6351,#6358,#6405,#6432,
    #6459,#6466,#6493,#6520,#6547,#6574,#6581,#6608,#6635,#6662,#6795,
    #6928,#6935,#6962,#6989,#6996,#7003,#7052,#7399,#7448,#7497,#7570,
    #7619,#7645,#7672,#7679,#8125,#8132,#8159,#8210,#8259,#8308,#8335,
    #8344,#8420,#8469,#8518,#8545,#8621,#8670,#8719,#8746,#9305,#9427,
    #9458,#9560,#9584,#9650,#9708,#9741,#9746,#9753,#9760,#9767,#9815,
    #10665,#10743,#10821,#10869,#11800,#11878,#11956,#12004,#12794,
    #12872,#12950,#12998,#13905,#13983,#14055,#14103,#15071,#15126,
    #15157,#15182,#15186,#15217));
#17 = ADVANCED_FACE('',(#18,#135),#32,.T.);
#18 = FACE_BOUND('',#19,.T.);
#19 = EDGE_LOOP('',(#20,#55,#83,#109));
#20 = ORIENTED_EDGE('',*,*,#21,.T.);
#21 = EDGE_CURVE('',#22,#24,#26,.T.);
#22 = VERTEX_POINT('',#23);
#23 = CARTESIAN_POINT('',(-65.,-59.,0.9));
#24 = VERTEX_POINT('',#25);
#25 = CARTESIAN_POINT('',(-65.,-59.,4.5));
#26 = SURFACE_CURVE('',#27,(#31,#43),.PCURVE_S1.);
#27 = LINE('',#28,#29);
#28 = CARTESIAN_POINT('',(-65.,-59.,1.E-01));
#29 = VECTOR('',#30,1.);
#30 = DIRECTION('',(0.,0.,1.));
#31 = PCURVE('',#32,#37);
#32 = PLANE('',#33);
#33 = AXIS2_PLACEMENT_3D('',#34,#35,#36);
#34 = CARTESIAN_POINT('',(-65.,-59.,1.E-01));
#35 = DIRECTION('',(-1.,0.,0.));
#36 = DIRECTION('',(0.,1.,0.));
#37 = DEFINITIONAL_REPRESENTATION('',(#38),#42);
#38 = LINE('',#39,#40);
#39 = CARTESIAN_POINT('',(0.,0.));
#40 = VECTOR('',#41,1.);
#41 = DIRECTION('',(0.,-1.));
#42 = ( GEOMETRIC_REPRESENTATION_CONTEXT(2) 
PARAMETRIC_REPRESENTATION_CONTEXT() REPRESENTATION_CONTEXT('2D SPACE',''
  ) );
#43 = PCURVE('',#44,#49);
#44 = CYLINDRICAL_SURFACE('',#45,6.);
#45 = AXIS2_PLACEMENT_3D('',#46,#47,#48);
#46 = CARTESIAN_POINT('',(-59.,-59.,1.E-01));
#47 = DIRECTION('',(-0.,-0.,-1.));
#48 = DIRECTION('',(1.,0.,0.));
#49 = DEFINITIONAL_REPRESENTATION('',(#50),#54);
#50 = LINE('',#51,#52);
#51 = CARTESIAN_POINT('',(-3.14159265359,0.));
#52 = VECTOR('',#53,1.);
#53 = DIRECTION('',(-0.,-1.));
#54 = ( GEOMETRIC_REPRESENTATION_CONTEXT(2) 
PARAMETRIC_REPRESENTATION_CONTEXT() REPRESENTATION_CONTEXT('2D SPACE',''
  ) );
#55 = ORIENTED_EDGE('',*,*,#56,.T.);
#56 = EDGE_CURVE('',#24,#57,#59,.T.);
#57 = VERTEX_POINT('',#58);
#58 = CARTESIAN_POINT('',(-65.,-40.,4.5));
#59 = SURFACE_CURVE('',#60,(#64,#71),.PCURVE_S1.);
#60 = LINE('',#61,#62);
#61 = CARTESIAN_POINT('',(-65.,-59.,4.5));
#62 = VECTOR('',#63,1.);
#63 = DIRECTION('',(0.,1.,0.));
#64 = PCURVE('',#32,#65);
#65 = DEFINITIONAL_REPRESENTATION('',(#66),#70);
#66 = LINE('',#67,#68);
#67 = CARTESIAN_POINT('',(0.,-4.4));
#68 = VECTOR('',#69,1.);
#69 = DIRECTION('',(1.,0.));
#70 = ( GEOMETRIC_REPRESENTATION_CONTEXT(2) 
PARAMETRIC_REPRESENTATION_CONTEXT() REPRESENTATION_CONTEXT('2D SPACE',''
  ) );
#71 = PCURVE('',#72,#77);
#72 = PLANE('',#73);
#73 = AXIS2_PLACEMENT_3D('',#74,#75,#76);
#74 = CARTESIAN_POINT('',(-64.85,-59.,4.65));
#75 = DIRECTION('',(-0.707106781187,2.803213105582E-18,0.707106781187));
#76 = DIRECTION('',(-1.982170996068E-18,-1.,1.982170996068E-18));
#77 = DEFINITIONAL_REPRESENTATION('',(#78),#82);
#78 = LINE('',#79,#80);
#79 = CARTESIAN_POINT('',(-0.,-0.212132034356));
#80 = VECTOR('',#81,1.);
#81 = DIRECTION('',(-1.,0.));
#82 = ( GEOMETRIC_REPRESENTATION_CONTEXT(2) 
PARAMETRIC_REPRESENTATION_CONTEXT() REPRESENTATION_CONTEXT('2D SPACE',''
  ) );
#83 = ORIENTED_EDGE('',*,*,#84,.T.);
#84 = EDGE_CURVE('',#57,#85,#87,.T.);
#85 = VERTEX_POINT('',#86);
#86 = CARTESIAN_POINT('',(-65.,-40.,0.9));
#87 = SURFACE_CURVE('',#88,(#92,#98),.PCURVE_S1.);
#88 = LINE('',#89,#90);
#89 = CARTESIAN_POINT('',(-65.,-40.,-0.4));
#90 = VECTOR('',#91,1.);
#91 = DIRECTION('',(0.,0.,-1.));
#92 = PCURVE('',#32,#93);
#93 = DEFINITIONAL_REPRESENTATION('',(#94),#97);
#94 = B_SPLINE_CURVE_WITH_KNOTS('',1,(#95,#96),.UNSPECIFIED.,.F.,.F.,(2,
    2),(-5.2,-1.3),.PIECEWISE_BEZIER_KNOTS.);
#95 = CARTESIAN_POINT('',(19.,-4.7));
#96 = CARTESIAN_POINT('',(19.,-0.8));
#97 = ( GEOMETRIC_REPRESENTATION_CONTEXT(2) 
PARAMETRIC_REPRESENTATION_CONTEXT() REPRESENTATION_CONTEXT('2D SPACE',''
  ) );
#98 = PCURVE('',#99,#104);
#99 = PLANE('',#100);
#100 = AXIS2_PLACEMENT_3D('',#101,#102,#103);
#101 = CARTESIAN_POINT('',(-66.,-40.,-0.9));
#102 = DIRECTION('',(-0.,1.,0.));
#103 = DIRECTION('',(0.,0.,1.));
#104 = DEFINITIONAL_REPRESENTATION('',(#105),#108);
#105 = B_SPLINE_CURVE_WITH_KNOTS('',1,(#106,#107),.UNSPECIFIED.,.F.,.F.,
  (2,2),(-5.2,-1.3),.PIECEWISE_BEZIER_KNOTS.);
#106 = CARTESIAN_POINT('',(5.7,1.));
#107 = CARTESIAN_POINT('',(1.8,1.));
#108 = ( GEOMETRIC_REPRESENTATION_CONTEXT(2) 
PARAMETRIC_REPRESENTATION_CONTEXT() REPRESENTATION_CONTEXT('2D SPACE',''
  ) );
#109 = ORIENTED_EDGE('',*,*,#110,.F.);
#110 = EDGE_CURVE('',#22,#85,#111,.T.);
#111 = SURFACE_CURVE('',#112,(#116,#123),.PCURVE_S1.);
#112 = LINE('',#113,#114);
#113 = CARTESIAN_POINT('',(-65.,-59.,0.9));
#114 = VECTOR('',#115,1.);
#115 = DIRECTION('',(0.,1.,0.));
#116 = PCURVE('',#32,#117);
#117 = DEFINITIONAL_REPRESENTATION('',(#118),#122);
#118 = LINE('',#119,#120);
#119 = CARTESIAN_POINT('',(0.,-0.8));
#120 = VECTOR('',#121,1.);
#121 = DIRECTION('',(1.,0.));
#122 = ( GEOMETRIC_REPRESENTATION_CONTEXT(2) 
PARAMETRIC_REPRESENTATION_CONTEXT() REPRESENTATION_CONTEXT('2D SPACE',''
  ) );
#123 = PCURVE('',#124,#129);
#124 = CYLINDRICAL_SURFACE('',#125,0.8);
#125 = AXIS2_PLACEMENT_3D('',#126,#127,#128);
#126 = CARTESIAN_POINT('',(-64.2,-59.,0.9));
#127 = DIRECTION('',(0.,1.,0.));
#128 = DIRECTION('',(-1.,0.,0.));
#129 = DEFINITIONAL_REPRESENTATION('',(#130),#134);
#130 = LINE('',#131,#132);
#131 = CARTESIAN_POINT('',(-0.,0.));
#132 = VECTOR('',#133,1.);
#133 = DIRECTION('',(-0.,1.));
#134 = ( GEOMETRIC_REPRESENTATION_CONTEXT(2) 
PARAMETRIC_REPRESENTATION_CONTEXT() REPRESENTATION_CONTEXT('2D SPACE',''
  ) );
#135 = FACE_BOUND('',#136,.T.);
#136 = EDGE_LOOP('',(#137,#165,#191,#217));
#137 = ORIENTED_EDGE('',*,*,#138,.F.);
#138 = EDGE_CURVE('',#139,#141,#143,.T.);
#139 = VERTEX_POINT('',#140);
#140 = CARTESIAN_POINT('',(-65.,-58.,2.9));
#141 = VERTEX_POINT('',#142);
#142 = CARTESIAN_POINT('',(-65.,-46.,2.9));
#143 = SURFACE_CURVE('',#144,(#148,#154),.PCURVE_S1.);
#144 = LINE('',#145,#146);
#145 = CARTESIAN_POINT('',(-65.,-58.5,2.9));
#146 = VECTOR('',#147,1.);
#147 = DIRECTION('',(0.,1.,-0.));
#148 = PCURVE('',#32,#149);
#149 = DEFINITIONAL_REPRESENTATION('',(#150),#153);
#150 = B_SPLINE_CURVE_WITH_KNOTS('',1,(#151,#152),.UNSPECIFIED.,.F.,.F.,
  (2,2),(0.5,12.5),.PIECEWISE_BEZIER_KNOTS.);
#151 = CARTESIAN_POINT('',(1.,-2.8));
#152 = CARTESIAN_POINT('',(13.,-2.8));
#153 = ( GEOMETRIC_REPRESENTATION_CONTEXT(2) 
PARAMETRIC_REPRESENTATION_CONTEXT() REPRESENTATION_CONTEXT('2D SPACE',''
  ) );
#154 = PCURVE('',#155,#160);
#155 = PLANE('',#156);
#156 = AXIS2_PLACEMENT_3D('',#157,#158,#159);
#157 = CARTESIAN_POINT('',(-65.75,-58.,2.9));
#158 = DIRECTION('',(0.,0.,1.));
#159 = DIRECTION('',(1.,0.,-0.));
#160 = DEFINITIONAL_REPRESENTATION('',(#161),#164);
#161 = B_SPLINE_CURVE_WITH_KNOTS('',1,(#162,#163),.UNSPECIFIED.,.F.,.F.,
  (2,2),(0.5,12.5),.PIECEWISE_BEZIER_KNOTS.);
#162 = CARTESIAN_POINT('',(0.75,0.));
#163 = CARTESIAN_POINT('',(0.75,12.));
#164 = ( GEOMETRIC_REPRESENTATION_CONTEXT(2) 
PARAMETRIC_REPRESENTATION_CONTEXT() REPRESENTATION_CONTEXT('2D SPACE',''
  ) );
#165 = ORIENTED_EDGE('',*,*,#166,.T.);
#166 = EDGE_CURVE('',#139,#167,#169,.T.);
#167 = VERTEX_POINT('',#168);
#168 = CARTESIAN_POINT('',(-65.,-58.,1.3));
#169 = SURFACE_CURVE('',#170,(#174,#180),.PCURVE_S1.);
#170 = LINE('',#171,#172);
#171 = CARTESIAN_POINT('',(-65.,-58.,0.7));
#172 = VECTOR('',#173,1.);
#173 = DIRECTION('',(0.,0.,-1.));
#174 = PCURVE('',#32,#175);
#175 = DEFINITIONAL_REPRESENTATION('',(#176),#179);
#176 = B_SPLINE_CURVE_WITH_KNOTS('',1,(#177,#178),.UNSPECIFIED.,.F.,.F.,
  (2,2),(-2.2,-0.6),.PIECEWISE_BEZIER_KNOTS.);
#177 = CARTESIAN_POINT('',(1.,-2.8));
#178 = CARTESIAN_POINT('',(1.,-1.2));
#179 = ( GEOMETRIC_REPRESENTATION_CONTEXT(2) 
PARAMETRIC_REPRESENTATION_CONTEXT() REPRESENTATION_CONTEXT('2D SPACE',''
  ) );
#180 = PCURVE('',#181,#186);
#181 = PLANE('',#182);
#182 = AXIS2_PLACEMENT_3D('',#183,#184,#185);
#183 = CARTESIAN_POINT('',(-65.75,-58.,1.3));
#184 = DIRECTION('',(-0.,1.,0.));
#185 = DIRECTION('',(0.,0.,1.));
#186 = DEFINITIONAL_REPRESENTATION('',(#187),#190);
#187 = B_SPLINE_CURVE_WITH_KNOTS('',1,(#188,#189),.UNSPECIFIED.,.F.,.F.,
  (2,2),(-2.2,-0.6),.PIECEWISE_BEZIER_KNOTS.);
#188 = CARTESIAN_POINT('',(1.6,0.75));
#189 = CARTESIAN_POINT('',(0.,0.75));
#190 = ( GEOMETRIC_REPRESENTATION_CONTEXT(2) 
PARAMETRIC_REPRESENTATION_CONTEXT() REPRESENTATION_CONTEXT('2D SPACE',''
  ) );
#191 = ORIENTED_EDGE('',*,*,#192,.T.);
#192 = EDGE_CURVE('',#167,#193,#195,.T.);
#193 = VERTEX_POINT('',#194);
#194 = CARTESIAN_POINT('',(-65.,-46.,1.3));
#195 = SURFACE_CURVE('',#196,(#200,#206),.PCURVE_S1.);
#196 = LINE('',#197,#198);
#197 = CARTESIAN_POINT('',(-65.,-58.5,1.3));
#198 = VECTOR('',#199,1.);
#199 = DIRECTION('',(0.,1.,-0.));
#200 = PCURVE('',#32,#201);
#201 = DEFINITIONAL_REPRESENTATION('',(#202),#205);
#202 = B_SPLINE_CURVE_WITH_KNOTS('',1,(#203,#204),.UNSPECIFIED.,.F.,.F.,
  (2,2),(0.5,12.5),.PIECEWISE_BEZIER_KNOTS.);
#203 = CARTESIAN_POINT('',(1.,-1.2));
#204 = CARTESIAN_POINT('',(13.,-1.2));
#205 = ( GEOMETRIC_REPRESENTATION_CONTEXT(2) 
PARAMETRIC_REPRESENTATION_CONTEXT() REPRESENTATION_CONTEXT('2D SPACE',''
  ) );
#206 = PCURVE('',#207,#212);
#207 = PLANE('',#208);
#208 = AXIS2_PLACEMENT_3D('',#209,#210,#211);
#209 = CARTESIAN_POINT('',(-65.75,-58.,1.3));
#210 = DIRECTION('',(0.,0.,1.));
#211 = DIRECTION('',(1.,0.,-0.));
#212 = DEFINITIONAL_REPRESENTATION('',(#213),#216);
#213 = B_SPLINE_CURVE_WITH_KNOTS('',1,(#214,#215),.UNSPECIFIED.,.F.,.F.,
  (2,2),(0.5,12.5),.PIECEWISE_BEZIER_KNOTS.);
#214 = CARTESIAN_POINT('',(0.75,0.));
#215 = CARTESIAN_POINT('',(0.75,12.));
#216 = ( GEOMETRIC_REPRESENTATION_CONTEXT(2) 
PARAMETRIC_REPRESENTATION_CONTEXT() REPRESENTATION_CONTEXT('2D SPACE',''
  ) );
#217 = ORIENTED_EDGE('',*,*,#218,.F.);
#218 = EDGE_CURVE('',#141,#193,#219,.T.);
#219 = SURFACE_CURVE('',#220,(#224,#230),.PCURVE_S1.);
#220 = LINE('',#221,#222);
#221 = CARTESIAN_POINT('',(-65.,-46.,0.7));
#222 = VECTOR('',#223,1.);
#223 = DIRECTION('',(0.,0.,-1.));
#224 = PCURVE('',#32,#225);
#225 = DEFINITIONAL_REPRESENTATION('',(#226),#229);
#226 = B_SPLINE_CURVE_WITH_KNOTS('',1,(#227,#228),.UNSPECIFIED.,.F.,.F.,
  (2,2),(-2.2,-0.6),.PIECEWISE_BEZIER_KNOTS.);
#227 = CARTESIAN_POINT('',(13.,-2.8));
#228 = CARTESIAN_POINT('',(13.,-1.2));
#229 = ( GEOMETRIC_REPRESENTATION_CONTEXT(2) 
PARAMETRIC_REPRESENTATION_CONTEXT() REPRESENTATION_CONTEXT('2D SPACE',''
  ) );
#230 = PCURVE('',#231,#236);
#231 = PLANE('',#232);
#232 = AXIS2_PLACEMENT_3D('',#233,#234,#235);
#233 = CARTESIAN_POINT('',(-65.75,-46.,1.3));
#234 = DIRECTION('',(-0.,1.,0.));
#235 = DIRECTION('',(0.,0.,1.));
#236 = DEFINITIONAL_REPRESENTATION('',(#237),#240);
#237 = B_SPLINE_CURVE_WITH_KNOTS('',1,(#238,#239),.UNSPECIFIED.,.F.,.F.,
  (2,2),(-2.2,-0.6),.PIECEWISE_BEZIER_KNOTS.);
#238 = CARTESIAN_POINT('',(1.6,0.75));
#239 = CARTESIAN_POINT('',(0.,0.75));
#240 = ( GEOMETRIC_REPRESENTATION_CONTEXT(2) 
PARAMETRIC_REPRESENTATION_CONTEXT() REPRESENTATION_CONTEXT('2D SPACE',''
  ) );
#241 = ADVANCED_FACE('',(#242),#44,.T.);
#242 = FACE_BOUND('',#243,.F.);
#243 = EDGE_LOOP('',(#244,#272,#299,#300));
#244 = ORIENTED_EDGE('',*,*,#245,.T.);
#245 = EDGE_CURVE('',#246,#248,#250,.T.);
#246 = VERTEX_POINT('',#247);
#247 = CARTESIAN_POINT('',(-63.5,-62.96862696659,4.5));
#248 = VERTEX_POINT('',#249);
#249 = CARTESIAN_POINT('',(-63.5,-62.96862696659,0.9));
#250 = SURFACE_CURVE('',#251,(#255,#261),.PCURVE_S1.);
#251 = LINE('',#252,#253);
#252 = CARTESIAN_POINT('',(-63.5,-62.96862696659,1.E-01));
#253 = VECTOR('',#254,1.);
#254 = DIRECTION('',(-0.,-0.,-1.));
#255 = PCURVE('',#44,#256);
#256 = DEFINITIONAL_REPRESENTATION('',(#257),#260);
#257 = B_SPLINE_CURVE_WITH_KNOTS('',1,(#258,#259),.UNSPECIFIED.,.F.,.F.,
  (2,2),(-4.7000006,-0.7999994),.PIECEWISE_BEZIER_KNOTS.);
#258 = CARTESIAN_POINT('',(-3.864326901403,-4.7000006));
#259 = CARTESIAN_POINT('',(-3.864326901403,-0.7999994));
#260 = ( GEOMETRIC_REPRESENTATION_CONTEXT(2) 
PARAMETRIC_REPRESENTATION_CONTEXT() REPRESENTATION_CONTEXT('2D SPACE',''
  ) );
#261 = PCURVE('',#262,#267);
#262 = PLANE('',#263);
#263 = AXIS2_PLACEMENT_3D('',#264,#265,#266);
#264 = CARTESIAN_POINT('',(-63.5,-63.,-0.9));
#265 = DIRECTION('',(1.,0.,-0.));
#266 = DIRECTION('',(0.,0.,1.));
#267 = DEFINITIONAL_REPRESENTATION('',(#268),#271);
#268 = B_SPLINE_CURVE_WITH_KNOTS('',1,(#269,#270),.UNSPECIFIED.,.F.,.F.,
  (2,2),(-4.7000006,-0.7999994),.PIECEWISE_BEZIER_KNOTS.);
#269 = CARTESIAN_POINT('',(5.7000006,-3.137303340311E-02));
#270 = CARTESIAN_POINT('',(1.7999994,-3.137303340311E-02));
#271 = ( GEOMETRIC_REPRESENTATION_CONTEXT(2) 
PARAMETRIC_REPRESENTATION_CONTEXT() REPRESENTATION_CONTEXT('2D SPACE',''
  ) );
#272 = ORIENTED_EDGE('',*,*,#273,.T.);
#273 = EDGE_CURVE('',#248,#22,#274,.T.);
#274 = SURFACE_CURVE('',#275,(#280,#287),.PCURVE_S1.);
#275 = CIRCLE('',#276,6.);
#276 = AXIS2_PLACEMENT_3D('',#277,#278,#279);
#277 = CARTESIAN_POINT('',(-59.,-59.,0.9));
#278 = DIRECTION('',(-0.,-0.,-1.));
#279 = DIRECTION('',(0.,-1.,0.));
#280 = PCURVE('',#44,#281);
#281 = DEFINITIONAL_REPRESENTATION('',(#282),#286);
#282 = LINE('',#283,#284);
#283 = CARTESIAN_POINT('',(-4.712388980385,-0.8));
#284 = VECTOR('',#285,1.);
#285 = DIRECTION('',(1.,-0.));
#286 = ( GEOMETRIC_REPRESENTATION_CONTEXT(2) 
PARAMETRIC_REPRESENTATION_CONTEXT() REPRESENTATION_CONTEXT('2D SPACE',''
  ) );
#287 = PCURVE('',#288,#293);
#288 = TOROIDAL_SURFACE('',#289,5.2,0.8);
#289 = AXIS2_PLACEMENT_3D('',#290,#291,#292);
#290 = CARTESIAN_POINT('',(-59.,-59.,0.9));
#291 = DIRECTION('',(-0.,-0.,-1.));
#292 = DIRECTION('',(0.,-1.,0.));
#293 = DEFINITIONAL_REPRESENTATION('',(#294),#298);
#294 = LINE('',#295,#296);
#295 = CARTESIAN_POINT('',(0.,0.));
#296 = VECTOR('',#297,1.);
#297 = DIRECTION('',(1.,0.));
#298 = ( GEOMETRIC_REPRESENTATION_CONTEXT(2) 
PARAMETRIC_REPRESENTATION_CONTEXT() REPRESENTATION_CONTEXT('2D SPACE',''
  ) );
#299 = ORIENTED_EDGE('',*,*,#21,.T.);
#300 = ORIENTED_EDGE('',*,*,#301,.F.);
#301 = EDGE_CURVE('',#246,#24,#302,.T.);
#302 = SURFACE_CURVE('',#303,(#308,#315),.PCURVE_S1.);
#303 = CIRCLE('',#304,6.);
#304 = AXIS2_PLACEMENT_3D('',#305,#306,#307);
#305 = CARTESIAN_POINT('',(-59.,-59.,4.5));
#306 = DIRECTION('',(-0.,0.,-1.));
#307 = DIRECTION('',(-0.75,-0.661437827766,0.));
#308 = PCURVE('',#44,#309);
#309 = DEFINITIONAL_REPRESENTATION('',(#310),#314);
#310 = LINE('',#311,#312);
#311 = CARTESIAN_POINT('',(-3.864326901403,-4.4));
#312 = VECTOR('',#313,1.);
#313 = DIRECTION('',(1.,-0.));
#314 = ( GEOMETRIC_REPRESENTATION_CONTEXT(2) 
PARAMETRIC_REPRESENTATION_CONTEXT() REPRESENTATION_CONTEXT('2D SPACE',''
  ) );
#315 = PCURVE('',#316,#321);
#316 = CONICAL_SURFACE('',#317,6.,0.785398163397);
#317 = AXIS2_PLACEMENT_3D('',#318,#319,#320);
#318 = CARTESIAN_POINT('',(-59.,-59.,4.5));
#319 = DIRECTION('',(-0.,-0.,-1.));
#320 = DIRECTION('',(-0.75,-0.661437827766,0.));
#321 = DEFINITIONAL_REPRESENTATION('',(#322),#326);
#322 = LINE('',#323,#324);
#323 = CARTESIAN_POINT('',(0.,-0.));
#324 = VECTOR('',#325,1.);
#325 = DIRECTION('',(1.,-0.));
#326 = ( GEOMETRIC_REPRESENTATION_CONTEXT(2) 
PARAMETRIC_REPRESENTATION_CONTEXT() REPRESENTATION_CONTEXT('2D SPACE',''
  ) );
#327 = ADVANCED_FACE('',(#328),#72,.T.);
#328 = FACE_BOUND('',#329,.F.);
#329 = EDGE_LOOP('',(#330,#351,#352,#380));
#330 = ORIENTED_EDGE('',*,*,#331,.F.);
#331 = EDGE_CURVE('',#24,#332,#334,.T.);
#332 = VERTEX_POINT('',#333);
#333 = CARTESIAN_POINT('',(-64.7,-59.,4.8));
#334 = SURFACE_CURVE('',#335,(#339,#345),.PCURVE_S1.);
#335 = LINE('',#336,#337);
#336 = CARTESIAN_POINT('',(-65.,-59.,4.5));
#337 = VECTOR('',#338,1.);
#338 = DIRECTION('',(0.707106781187,1.76959941459E-16,0.707106781187));
#339 = PCURVE('',#72,#340);
#340 = DEFINITIONAL_REPRESENTATION('',(#341),#344);
#341 = B_SPLINE_CURVE_WITH_KNOTS('',1,(#342,#343),.UNSPECIFIED.,.F.,.F.,
  (2,2),(0.,0.424264068712),.PIECEWISE_BEZIER_KNOTS.);
#342 = CARTESIAN_POINT('',(0.,-0.212132034356));
#343 = CARTESIAN_POINT('',(0.,0.212132034356));
#344 = ( GEOMETRIC_REPRESENTATION_CONTEXT(2) 
PARAMETRIC_REPRESENTATION_CONTEXT() REPRESENTATION_CONTEXT('2D SPACE',''
  ) );
#345 = PCURVE('',#316,#346);
#346 = DEFINITIONAL_REPRESENTATION('',(#347),#350);
#347 = B_SPLINE_CURVE_WITH_KNOTS('',1,(#348,#349),.UNSPECIFIED.,.F.,.F.,
  (2,2),(0.,0.424264068712),.PIECEWISE_BEZIER_KNOTS.);
#348 = CARTESIAN_POINT('',(0.722734247813,0.));
#349 = CARTESIAN_POINT('',(0.722734247813,-0.3));
#350 = ( GEOMETRIC_REPRESENTATION_CONTEXT(2) 
PARAMETRIC_REPRESENTATION_CONTEXT() REPRESENTATION_CONTEXT('2D SPACE',''
  ) );
#351 = ORIENTED_EDGE('',*,*,#56,.T.);
#352 = ORIENTED_EDGE('',*,*,#353,.T.);
#353 = EDGE_CURVE('',#57,#354,#356,.T.);
#354 = VERTEX_POINT('',#355);
#355 = CARTESIAN_POINT('',(-64.7,-40.3,4.8));
#356 = SURFACE_CURVE('',#357,(#361,#368),.PCURVE_S1.);
#357 = LINE('',#358,#359);
#358 = CARTESIAN_POINT('',(-60.23333333333,-44.76666666666,
    9.266666666667));
#359 = VECTOR('',#360,1.);
#360 = DIRECTION('',(0.57735026919,-0.57735026919,0.57735026919));
#361 = PCURVE('',#72,#362);
#362 = DEFINITIONAL_REPRESENTATION('',(#363),#367);
#363 = LINE('',#364,#365);
#364 = CARTESIAN_POINT('',(-14.23333333333,6.528952612956));
#365 = VECTOR('',#366,1.);
#366 = DIRECTION('',(0.57735026919,0.816496580928));
#367 = ( GEOMETRIC_REPRESENTATION_CONTEXT(2) 
PARAMETRIC_REPRESENTATION_CONTEXT() REPRESENTATION_CONTEXT('2D SPACE',''
  ) );
#368 = PCURVE('',#369,#374);
#369 = PLANE('',#370);
#370 = AXIS2_PLACEMENT_3D('',#371,#372,#373);
#371 = CARTESIAN_POINT('',(-56.,-40.15,4.65));
#372 = DIRECTION('',(3.901284499197E-18,0.707106781187,0.707106781187));
#373 = DIRECTION('',(-1.,2.75862472472E-18,2.75862472472E-18));
#374 = DEFINITIONAL_REPRESENTATION('',(#375),#379);
#375 = LINE('',#376,#377);
#376 = CARTESIAN_POINT('',(4.233333333333,6.528952612956));
#377 = VECTOR('',#378,1.);
#378 = DIRECTION('',(-0.57735026919,0.816496580928));
#379 = ( GEOMETRIC_REPRESENTATION_CONTEXT(2) 
PARAMETRIC_REPRESENTATION_CONTEXT() REPRESENTATION_CONTEXT('2D SPACE',''
  ) );
#380 = ORIENTED_EDGE('',*,*,#381,.F.);
#381 = EDGE_CURVE('',#332,#354,#382,.T.);
#382 = SURFACE_CURVE('',#383,(#387,#394),.PCURVE_S1.);
#383 = LINE('',#384,#385);
#384 = CARTESIAN_POINT('',(-64.7,-59.,4.8));
#385 = VECTOR('',#386,1.);
#386 = DIRECTION('',(0.,1.,0.));
#387 = PCURVE('',#72,#388);
#388 = DEFINITIONAL_REPRESENTATION('',(#389),#393);
#389 = LINE('',#390,#391);
#390 = CARTESIAN_POINT('',(-0.,0.212132034356));
#391 = VECTOR('',#392,1.);
#392 = DIRECTION('',(-1.,0.));
#393 = ( GEOMETRIC_REPRESENTATION_CONTEXT(2) 
PARAMETRIC_REPRESENTATION_CONTEXT() REPRESENTATION_CONTEXT('2D SPACE',''
  ) );
#394 = PCURVE('',#395,#400);
#395 = PLANE('',#396);
#396 = AXIS2_PLACEMENT_3D('',#397,#398,#399);
#397 = CARTESIAN_POINT('',(2.790436569963E-16,1.562644479179E-15,4.8));
#398 = DIRECTION('',(0.,0.,1.));
#399 = DIRECTION('',(1.,0.,-0.));
#400 = DEFINITIONAL_REPRESENTATION('',(#401),#405);
#401 = LINE('',#402,#403);
#402 = CARTESIAN_POINT('',(-64.7,-59.));
#403 = VECTOR('',#404,1.);
#404 = DIRECTION('',(0.,1.));
#405 = ( GEOMETRIC_REPRESENTATION_CONTEXT(2) 
PARAMETRIC_REPRESENTATION_CONTEXT() REPRESENTATION_CONTEXT('2D SPACE',''
  ) );
#406 = ADVANCED_FACE('',(#407),#124,.T.);
#407 = FACE_BOUND('',#408,.F.);
#408 = EDGE_LOOP('',(#409,#410,#432,#460));
#409 = ORIENTED_EDGE('',*,*,#110,.F.);
#410 = ORIENTED_EDGE('',*,*,#411,.T.);
#411 = EDGE_CURVE('',#22,#412,#414,.T.);
#412 = VERTEX_POINT('',#413);
#413 = CARTESIAN_POINT('',(-64.2,-59.,1.E-01));
#414 = SURFACE_CURVE('',#415,(#420,#426),.PCURVE_S1.);
#415 = CIRCLE('',#416,0.8);
#416 = AXIS2_PLACEMENT_3D('',#417,#418,#419);
#417 = CARTESIAN_POINT('',(-64.2,-59.,0.9));
#418 = DIRECTION('',(-0.,-1.,-0.));
#419 = DIRECTION('',(-1.,0.,0.));
#420 = PCURVE('',#124,#421);
#421 = DEFINITIONAL_REPRESENTATION('',(#422),#425);
#422 = B_SPLINE_CURVE_WITH_KNOTS('',1,(#423,#424),.UNSPECIFIED.,.F.,.F.,
  (2,2),(0.,1.570796326795),.PIECEWISE_BEZIER_KNOTS.);
#423 = CARTESIAN_POINT('',(0.,0.));
#424 = CARTESIAN_POINT('',(-1.570796326795,0.));
#425 = ( GEOMETRIC_REPRESENTATION_CONTEXT(2) 
PARAMETRIC_REPRESENTATION_CONTEXT() REPRESENTATION_CONTEXT('2D SPACE',''
  ) );
#426 = PCURVE('',#288,#427);
#427 = DEFINITIONAL_REPRESENTATION('',(#428),#431);
#428 = B_SPLINE_CURVE_WITH_KNOTS('',1,(#429,#430),.UNSPECIFIED.,.F.,.F.,
  (2,2),(0.,1.570796326795),.PIECEWISE_BEZIER_KNOTS.);
#429 = CARTESIAN_POINT('',(1.570796326795,0.));
#430 = CARTESIAN_POINT('',(1.570796326795,1.570796326795));
#431 = ( GEOMETRIC_REPRESENTATION_CONTEXT(2) 
PARAMETRIC_REPRESENTATION_CONTEXT() REPRESENTATION_CONTEXT('2D SPACE',''
  ) );
#432 = ORIENTED_EDGE('',*,*,#433,.T.);
#433 = EDGE_CURVE('',#412,#434,#436,.T.);
#434 = VERTEX_POINT('',#435);
#435 = CARTESIAN_POINT('',(-64.2,-40.,1.E-01));
#436 = SURFACE_CURVE('',#437,(#441,#448),.PCURVE_S1.);
#437 = LINE('',#438,#439);
#438 = CARTESIAN_POINT('',(-64.2,-59.,1.E-01));
#439 = VECTOR('',#440,1.);
#440 = DIRECTION('',(0.,1.,0.));
#441 = PCURVE('',#124,#442);
#442 = DEFINITIONAL_REPRESENTATION('',(#443),#447);
#443 = LINE('',#444,#445);
#444 = CARTESIAN_POINT('',(-1.570796326795,0.));
#445 = VECTOR('',#446,1.);
#446 = DIRECTION('',(-0.,1.));
#447 = ( GEOMETRIC_REPRESENTATION_CONTEXT(2) 
PARAMETRIC_REPRESENTATION_CONTEXT() REPRESENTATION_CONTEXT('2D SPACE',''
  ) );
#448 = PCURVE('',#449,#454);
#449 = PLANE('',#450);
#450 = AXIS2_PLACEMENT_3D('',#451,#452,#453);
#451 = CARTESIAN_POINT('',(2.790436569963E-16,1.562644479179E-15,1.E-01)
  );
#452 = DIRECTION('',(0.,0.,1.));
#453 = DIRECTION('',(1.,0.,-0.));
#454 = DEFINITIONAL_REPRESENTATION('',(#455),#459);
#455 = LINE('',#456,#457);
#456 = CARTESIAN_POINT('',(-64.2,-59.));
#457 = VECTOR('',#458,1.);
#458 = DIRECTION('',(0.,1.));
#459 = ( GEOMETRIC_REPRESENTATION_CONTEXT(2) 
PARAMETRIC_REPRESENTATION_CONTEXT() REPRESENTATION_CONTEXT('2D SPACE',''
  ) );
#460 = ORIENTED_EDGE('',*,*,#461,.T.);
#461 = EDGE_CURVE('',#434,#85,#462,.T.);
#462 = SURFACE_CURVE('',#463,(#468,#475),.PCURVE_S1.);
#463 = CIRCLE('',#464,0.8);
#464 = AXIS2_PLACEMENT_3D('',#465,#466,#467);
#465 = CARTESIAN_POINT('',(-64.2,-40.,0.9));
#466 = DIRECTION('',(0.,1.,0.));
#467 = DIRECTION('',(-1.,0.,0.));
#468 = PCURVE('',#124,#469);
#469 = DEFINITIONAL_REPRESENTATION('',(#470),#474);
#470 = LINE('',#471,#472);
#471 = CARTESIAN_POINT('',(-6.28318530718,19.));
#472 = VECTOR('',#473,1.);
#473 = DIRECTION('',(1.,-0.));
#474 = ( GEOMETRIC_REPRESENTATION_CONTEXT(2) 
PARAMETRIC_REPRESENTATION_CONTEXT() REPRESENTATION_CONTEXT('2D SPACE',''
  ) );
#475 = PCURVE('',#99,#476);
#476 = DEFINITIONAL_REPRESENTATION('',(#477),#481);
#477 = CIRCLE('',#478,0.8);
#478 = AXIS2_PLACEMENT_2D('',#479,#480);
#479 = CARTESIAN_POINT('',(1.8,1.8));
#480 = DIRECTION('',(0.,-1.));
#481 = ( GEOMETRIC_REPRESENTATION_CONTEXT(2) 
PARAMETRIC_REPRESENTATION_CONTEXT() REPRESENTATION_CONTEXT('2D SPACE',''
  ) );
#482 = ADVANCED_FACE('',(#483),#99,.T.);
#483 = FACE_BOUND('',#484,.T.);
#484 = EDGE_LOOP('',(#485,#515,#534,#535,#536));
#485 = ORIENTED_EDGE('',*,*,#486,.T.);
#486 = EDGE_CURVE('',#487,#489,#491,.T.);
#487 = VERTEX_POINT('',#488);
#488 = CARTESIAN_POINT('',(-56.,-40.,4.5));
#489 = VERTEX_POINT('',#490);
#490 = CARTESIAN_POINT('',(-56.,-40.,1.E-01));
#491 = SURFACE_CURVE('',#492,(#496,#503),.PCURVE_S1.);
#492 = LINE('',#493,#494);
#493 = CARTESIAN_POINT('',(-56.,-40.,4.8));
#494 = VECTOR('',#495,1.);
#495 = DIRECTION('',(0.,0.,-1.));
#496 = PCURVE('',#99,#497);
#497 = DEFINITIONAL_REPRESENTATION('',(#498),#502);
#498 = LINE('',#499,#500);
#499 = CARTESIAN_POINT('',(5.7,10.));
#500 = VECTOR('',#501,1.);
#501 = DIRECTION('',(-1.,0.));
#502 = ( GEOMETRIC_REPRESENTATION_CONTEXT(2) 
PARAMETRIC_REPRESENTATION_CONTEXT() REPRESENTATION_CONTEXT('2D SPACE',''
  ) );
#503 = PCURVE('',#504,#509);
#504 = PLANE('',#505);
#505 = AXIS2_PLACEMENT_3D('',#506,#507,#508);
#506 = CARTESIAN_POINT('',(-56.,-40.,-0.9));
#507 = DIRECTION('',(1.,0.,-0.));
#508 = DIRECTION('',(0.,0.,1.));
#509 = DEFINITIONAL_REPRESENTATION('',(#510),#514);
#510 = LINE('',#511,#512);
#511 = CARTESIAN_POINT('',(5.7,0.));
#512 = VECTOR('',#513,1.);
#513 = DIRECTION('',(-1.,0.));
#514 = ( GEOMETRIC_REPRESENTATION_CONTEXT(2) 
PARAMETRIC_REPRESENTATION_CONTEXT() REPRESENTATION_CONTEXT('2D SPACE',''
  ) );
#515 = ORIENTED_EDGE('',*,*,#516,.T.);
#516 = EDGE_CURVE('',#489,#434,#517,.T.);
#517 = SURFACE_CURVE('',#518,(#522,#528),.PCURVE_S1.);
#518 = LINE('',#519,#520);
#519 = CARTESIAN_POINT('',(-33.,-40.,1.E-01));
#520 = VECTOR('',#521,1.);
#521 = DIRECTION('',(-1.,-0.,0.));
#522 = PCURVE('',#99,#523);
#523 = DEFINITIONAL_REPRESENTATION('',(#524),#527);
#524 = B_SPLINE_CURVE_WITH_KNOTS('',1,(#525,#526),.UNSPECIFIED.,.F.,.F.,
  (2,2),(23.,31.2),.PIECEWISE_BEZIER_KNOTS.);
#525 = CARTESIAN_POINT('',(1.,10.));
#526 = CARTESIAN_POINT('',(1.,1.8));
#527 = ( GEOMETRIC_REPRESENTATION_CONTEXT(2) 
PARAMETRIC_REPRESENTATION_CONTEXT() REPRESENTATION_CONTEXT('2D SPACE',''
  ) );
#528 = PCURVE('',#449,#529);
#529 = DEFINITIONAL_REPRESENTATION('',(#530),#533);
#530 = B_SPLINE_CURVE_WITH_KNOTS('',1,(#531,#532),.UNSPECIFIED.,.F.,.F.,
  (2,2),(23.,31.2),.PIECEWISE_BEZIER_KNOTS.);
#531 = CARTESIAN_POINT('',(-56.,-40.));
#532 = CARTESIAN_POINT('',(-64.2,-40.));
#533 = ( GEOMETRIC_REPRESENTATION_CONTEXT(2) 
PARAMETRIC_REPRESENTATION_CONTEXT() REPRESENTATION_CONTEXT('2D SPACE',''
  ) );
#534 = ORIENTED_EDGE('',*,*,#461,.T.);
#535 = ORIENTED_EDGE('',*,*,#84,.F.);
#536 = ORIENTED_EDGE('',*,*,#537,.F.);
#537 = EDGE_CURVE('',#487,#57,#538,.T.);
#538 = SURFACE_CURVE('',#539,(#543,#550),.PCURVE_S1.);
#539 = LINE('',#540,#541);
#540 = CARTESIAN_POINT('',(-56.,-40.,4.5));
#541 = VECTOR('',#542,1.);
#542 = DIRECTION('',(-1.,-0.,0.));
#543 = PCURVE('',#99,#544);
#544 = DEFINITIONAL_REPRESENTATION('',(#545),#549);
#545 = LINE('',#546,#547);
#546 = CARTESIAN_POINT('',(5.4,10.));
#547 = VECTOR('',#548,1.);
#548 = DIRECTION('',(0.,-1.));
#549 = ( GEOMETRIC_REPRESENTATION_CONTEXT(2) 
PARAMETRIC_REPRESENTATION_CONTEXT() REPRESENTATION_CONTEXT('2D SPACE',''
  ) );
#550 = PCURVE('',#369,#551);
#551 = DEFINITIONAL_REPRESENTATION('',(#552),#556);
#552 = LINE('',#553,#554);
#553 = CARTESIAN_POINT('',(0.,-0.212132034356));
#554 = VECTOR('',#555,1.);
#555 = DIRECTION('',(1.,0.));
#556 = ( GEOMETRIC_REPRESENTATION_CONTEXT(2) 
PARAMETRIC_REPRESENTATION_CONTEXT() REPRESENTATION_CONTEXT('2D SPACE',''
  ) );
#557 = ADVANCED_FACE('',(#558),#155,.T.);
#558 = FACE_BOUND('',#559,.T.);
#559 = EDGE_LOOP('',(#560,#583,#611,#632));
#560 = ORIENTED_EDGE('',*,*,#561,.F.);
#561 = EDGE_CURVE('',#562,#141,#564,.T.);
#562 = VERTEX_POINT('',#563);
#563 = CARTESIAN_POINT('',(-65.75,-46.,2.9));
#564 = SURFACE_CURVE('',#565,(#569,#576),.PCURVE_S1.);
#565 = LINE('',#566,#567);
#566 = CARTESIAN_POINT('',(-65.75,-46.,2.9));
#567 = VECTOR('',#568,1.);
#568 = DIRECTION('',(1.,0.,-0.));
#569 = PCURVE('',#155,#570);
#570 = DEFINITIONAL_REPRESENTATION('',(#571),#575);
#571 = LINE('',#572,#573);
#572 = CARTESIAN_POINT('',(0.,12.));
#573 = VECTOR('',#574,1.);
#574 = DIRECTION('',(1.,0.));
#575 = ( GEOMETRIC_REPRESENTATION_CONTEXT(2) 
PARAMETRIC_REPRESENTATION_CONTEXT() REPRESENTATION_CONTEXT('2D SPACE',''
  ) );
#576 = PCURVE('',#231,#577);
#577 = DEFINITIONAL_REPRESENTATION('',(#578),#582);
#578 = LINE('',#579,#580);
#579 = CARTESIAN_POINT('',(1.6,0.));
#580 = VECTOR('',#581,1.);
#581 = DIRECTION('',(0.,1.));
#582 = ( GEOMETRIC_REPRESENTATION_CONTEXT(2) 
PARAMETRIC_REPRESENTATION_CONTEXT() REPRESENTATION_CONTEXT('2D SPACE',''
  ) );
#583 = ORIENTED_EDGE('',*,*,#584,.F.);
#584 = EDGE_CURVE('',#585,#562,#587,.T.);
#585 = VERTEX_POINT('',#586);
#586 = CARTESIAN_POINT('',(-65.75,-58.,2.9));
#587 = SURFACE_CURVE('',#588,(#592,#599),.PCURVE_S1.);
#588 = LINE('',#589,#590);
#589 = CARTESIAN_POINT('',(-65.75,-58.,2.9));
#590 = VECTOR('',#591,1.);
#591 = DIRECTION('',(-0.,1.,0.));
#592 = PCURVE('',#155,#593);
#593 = DEFINITIONAL_REPRESENTATION('',(#594),#598);
#594 = LINE('',#595,#596);
#595 = CARTESIAN_POINT('',(0.,0.));
#596 = VECTOR('',#597,1.);
#597 = DIRECTION('',(0.,1.));
#598 = ( GEOMETRIC_REPRESENTATION_CONTEXT(2) 
PARAMETRIC_REPRESENTATION_CONTEXT() REPRESENTATION_CONTEXT('2D SPACE',''
  ) );
#599 = PCURVE('',#600,#605);
#600 = PLANE('',#601);
#601 = AXIS2_PLACEMENT_3D('',#602,#603,#604);
#602 = CARTESIAN_POINT('',(-65.75,-58.,1.3));
#603 = DIRECTION('',(1.,0.,-0.));
#604 = DIRECTION('',(0.,0.,1.));
#605 = DEFINITIONAL_REPRESENTATION('',(#606),#610);
#606 = LINE('',#607,#608);
#607 = CARTESIAN_POINT('',(1.6,0.));
#608 = VECTOR('',#609,1.);
#609 = DIRECTION('',(0.,-1.));
#610 = ( GEOMETRIC_REPRESENTATION_CONTEXT(2) 
PARAMETRIC_REPRESENTATION_CONTEXT() REPRESENTATION_CONTEXT('2D SPACE',''
  ) );
#611 = ORIENTED_EDGE('',*,*,#612,.T.);
#612 = EDGE_CURVE('',#585,#139,#613,.T.);
#613 = SURFACE_CURVE('',#614,(#618,#625),.PCURVE_S1.);
#614 = LINE('',#615,#616);
#615 = CARTESIAN_POINT('',(-65.75,-58.,2.9));
#616 = VECTOR('',#617,1.);
#617 = DIRECTION('',(1.,0.,-0.));
#618 = PCURVE('',#155,#619);
#619 = DEFINITIONAL_REPRESENTATION('',(#620),#624);
#620 = LINE('',#621,#622);
#621 = CARTESIAN_POINT('',(0.,0.));
#622 = VECTOR('',#623,1.);
#623 = DIRECTION('',(1.,0.));
#624 = ( GEOMETRIC_REPRESENTATION_CONTEXT(2) 
PARAMETRIC_REPRESENTATION_CONTEXT() REPRESENTATION_CONTEXT('2D SPACE',''
  ) );
#625 = PCURVE('',#181,#626);
#626 = DEFINITIONAL_REPRESENTATION('',(#627),#631);
#627 = LINE('',#628,#629);
#628 = CARTESIAN_POINT('',(1.6,0.));
#629 = VECTOR('',#630,1.);
#630 = DIRECTION('',(0.,1.));
#631 = ( GEOMETRIC_REPRESENTATION_CONTEXT(2) 
PARAMETRIC_REPRESENTATION_CONTEXT() REPRESENTATION_CONTEXT('2D SPACE',''
  ) );
#632 = ORIENTED_EDGE('',*,*,#138,.T.);
#633 = ADVANCED_FACE('',(#634),#231,.T.);
#634 = FACE_BOUND('',#635,.T.);
#635 = EDGE_LOOP('',(#636,#659,#680,#681));
#636 = ORIENTED_EDGE('',*,*,#637,.F.);
#637 = EDGE_CURVE('',#638,#193,#640,.T.);
#638 = VERTEX_POINT('',#639);
#639 = CARTESIAN_POINT('',(-65.75,-46.,1.3));
#640 = SURFACE_CURVE('',#641,(#645,#652),.PCURVE_S1.);
#641 = LINE('',#642,#643);
#642 = CARTESIAN_POINT('',(-65.75,-46.,1.3));
#643 = VECTOR('',#644,1.);
#644 = DIRECTION('',(1.,0.,-0.));
#645 = PCURVE('',#231,#646);
#646 = DEFINITIONAL_REPRESENTATION('',(#647),#651);
#647 = LINE('',#648,#649);
#648 = CARTESIAN_POINT('',(0.,0.));
#649 = VECTOR('',#650,1.);
#650 = DIRECTION('',(0.,1.));
#651 = ( GEOMETRIC_REPRESENTATION_CONTEXT(2) 
PARAMETRIC_REPRESENTATION_CONTEXT() REPRESENTATION_CONTEXT('2D SPACE',''
  ) );
#652 = PCURVE('',#207,#653);
#653 = DEFINITIONAL_REPRESENTATION('',(#654),#658);
#654 = LINE('',#655,#656);
#655 = CARTESIAN_POINT('',(0.,12.));
#656 = VECTOR('',#657,1.);
#657 = DIRECTION('',(1.,0.));
#658 = ( GEOMETRIC_REPRESENTATION_CONTEXT(2) 
PARAMETRIC_REPRESENTATION_CONTEXT() REPRESENTATION_CONTEXT('2D SPACE',''
  ) );
#659 = ORIENTED_EDGE('',*,*,#660,.T.);
#660 = EDGE_CURVE('',#638,#562,#661,.T.);
#661 = SURFACE_CURVE('',#662,(#666,#673),.PCURVE_S1.);
#662 = LINE('',#663,#664);
#663 = CARTESIAN_POINT('',(-65.75,-46.,1.3));
#664 = VECTOR('',#665,1.);
#665 = DIRECTION('',(0.,0.,1.));
#666 = PCURVE('',#231,#667);
#667 = DEFINITIONAL_REPRESENTATION('',(#668),#672);
#668 = LINE('',#669,#670);
#669 = CARTESIAN_POINT('',(0.,0.));
#670 = VECTOR('',#671,1.);
#671 = DIRECTION('',(1.,0.));
#672 = ( GEOMETRIC_REPRESENTATION_CONTEXT(2) 
PARAMETRIC_REPRESENTATION_CONTEXT() REPRESENTATION_CONTEXT('2D SPACE',''
  ) );
#673 = PCURVE('',#600,#674);
#674 = DEFINITIONAL_REPRESENTATION('',(#675),#679);
#675 = LINE('',#676,#677);
#676 = CARTESIAN_POINT('',(0.,-12.));
#677 = VECTOR('',#678,1.);
#678 = DIRECTION('',(1.,0.));
#679 = ( GEOMETRIC_REPRESENTATION_CONTEXT(2) 
PARAMETRIC_REPRESENTATION_CONTEXT() REPRESENTATION_CONTEXT('2D SPACE',''
  ) );
#680 = ORIENTED_EDGE('',*,*,#561,.T.);
#681 = ORIENTED_EDGE('',*,*,#218,.T.);
#682 = ADVANCED_FACE('',(#683),#207,.F.);
#683 = FACE_BOUND('',#684,.F.);
#684 = EDGE_LOOP('',(#685,#686,#709,#730));
#685 = ORIENTED_EDGE('',*,*,#637,.F.);
#686 = ORIENTED_EDGE('',*,*,#687,.F.);
#687 = EDGE_CURVE('',#688,#638,#690,.T.);
#688 = VERTEX_POINT('',#689);
#689 = CARTESIAN_POINT('',(-65.75,-58.,1.3));
#690 = SURFACE_CURVE('',#691,(#695,#702),.PCURVE_S1.);
#691 = LINE('',#692,#693);
#692 = CARTESIAN_POINT('',(-65.75,-58.,1.3));
#693 = VECTOR('',#694,1.);
#694 = DIRECTION('',(-0.,1.,0.));
#695 = PCURVE('',#207,#696);
#696 = DEFINITIONAL_REPRESENTATION('',(#697),#701);
#697 = LINE('',#698,#699);
#698 = CARTESIAN_POINT('',(0.,0.));
#699 = VECTOR('',#700,1.);
#700 = DIRECTION('',(0.,1.));
#701 = ( GEOMETRIC_REPRESENTATION_CONTEXT(2) 
PARAMETRIC_REPRESENTATION_CONTEXT() REPRESENTATION_CONTEXT('2D SPACE',''
  ) );
#702 = PCURVE('',#600,#703);
#703 = DEFINITIONAL_REPRESENTATION('',(#704),#708);
#704 = LINE('',#705,#706);
#705 = CARTESIAN_POINT('',(0.,0.));
#706 = VECTOR('',#707,1.);
#707 = DIRECTION('',(0.,-1.));
#708 = ( GEOMETRIC_REPRESENTATION_CONTEXT(2) 
PARAMETRIC_REPRESENTATION_CONTEXT() REPRESENTATION_CONTEXT('2D SPACE',''
  ) );
#709 = ORIENTED_EDGE('',*,*,#710,.T.);
#710 = EDGE_CURVE('',#688,#167,#711,.T.);
#711 = SURFACE_CURVE('',#712,(#716,#723),.PCURVE_S1.);
#712 = LINE('',#713,#714);
#713 = CARTESIAN_POINT('',(-65.75,-58.,1.3));
#714 = VECTOR('',#715,1.);
#715 = DIRECTION('',(1.,0.,-0.));
#716 = PCURVE('',#207,#717);
#717 = DEFINITIONAL_REPRESENTATION('',(#718),#722);
#718 = LINE('',#719,#720);
#719 = CARTESIAN_POINT('',(0.,0.));
#720 = VECTOR('',#721,1.);
#721 = DIRECTION('',(1.,0.));
#722 = ( GEOMETRIC_REPRESENTATION_CONTEXT(2) 
PARAMETRIC_REPRESENTATION_CONTEXT() REPRESENTATION_CONTEXT('2D SPACE',''
  ) );
#723 = PCURVE('',#181,#724);
#724 = DEFINITIONAL_REPRESENTATION('',(#725),#729);
#725 = LINE('',#726,#727);
#726 = CARTESIAN_POINT('',(0.,0.));
#727 = VECTOR('',#728,1.);
#728 = DIRECTION('',(0.,1.));
#729 = ( GEOMETRIC_REPRESENTATION_CONTEXT(2) 
PARAMETRIC_REPRESENTATION_CONTEXT() REPRESENTATION_CONTEXT('2D SPACE',''
  ) );
#730 = ORIENTED_EDGE('',*,*,#192,.T.);
#731 = ADVANCED_FACE('',(#732),#181,.F.);
#732 = FACE_BOUND('',#733,.F.);
#733 = EDGE_LOOP('',(#734,#735,#756,#757));
#734 = ORIENTED_EDGE('',*,*,#710,.F.);
#735 = ORIENTED_EDGE('',*,*,#736,.T.);
#736 = EDGE_CURVE('',#688,#585,#737,.T.);
#737 = SURFACE_CURVE('',#738,(#742,#749),.PCURVE_S1.);
#738 = LINE('',#739,#740);
#739 = CARTESIAN_POINT('',(-65.75,-58.,1.3));
#740 = VECTOR('',#741,1.);
#741 = DIRECTION('',(0.,0.,1.));
#742 = PCURVE('',#181,#743);
#743 = DEFINITIONAL_REPRESENTATION('',(#744),#748);
#744 = LINE('',#745,#746);
#745 = CARTESIAN_POINT('',(0.,0.));
#746 = VECTOR('',#747,1.);
#747 = DIRECTION('',(1.,0.));
#748 = ( GEOMETRIC_REPRESENTATION_CONTEXT(2) 
PARAMETRIC_REPRESENTATION_CONTEXT() REPRESENTATION_CONTEXT('2D SPACE',''
  ) );
#749 = PCURVE('',#600,#750);
#750 = DEFINITIONAL_REPRESENTATION('',(#751),#755);
#751 = LINE('',#752,#753);
#752 = CARTESIAN_POINT('',(0.,0.));
#753 = VECTOR('',#754,1.);
#754 = DIRECTION('',(1.,0.));
#755 = ( GEOMETRIC_REPRESENTATION_CONTEXT(2) 
PARAMETRIC_REPRESENTATION_CONTEXT() REPRESENTATION_CONTEXT('2D SPACE',''
  ) );
#756 = ORIENTED_EDGE('',*,*,#612,.T.);
#757 = ORIENTED_EDGE('',*,*,#166,.T.);
#758 = ADVANCED_FACE('',(#759),#262,.T.);
#759 = FACE_BOUND('',#760,.T.);
#760 = EDGE_LOOP('',(#761,#791,#817,#818,#898));
#761 = ORIENTED_EDGE('',*,*,#762,.T.);
#762 = EDGE_CURVE('',#763,#765,#767,.T.);
#763 = VERTEX_POINT('',#764);
#764 = CARTESIAN_POINT('',(-63.5,-41.,1.E-01));
#765 = VERTEX_POINT('',#766);
#766 = CARTESIAN_POINT('',(-63.5,-41.,4.5));
#767 = SURFACE_CURVE('',#768,(#772,#779),.PCURVE_S1.);
#768 = LINE('',#769,#770);
#769 = CARTESIAN_POINT('',(-63.5,-41.,-0.9));
#770 = VECTOR('',#771,1.);
#771 = DIRECTION('',(0.,0.,1.));
#772 = PCURVE('',#262,#773);
#773 = DEFINITIONAL_REPRESENTATION('',(#774),#778);
#774 = LINE('',#775,#776);
#775 = CARTESIAN_POINT('',(0.,-22.));
#776 = VECTOR('',#777,1.);
#777 = DIRECTION('',(1.,0.));
#778 = ( GEOMETRIC_REPRESENTATION_CONTEXT(2) 
PARAMETRIC_REPRESENTATION_CONTEXT() REPRESENTATION_CONTEXT('2D SPACE',''
  ) );
#779 = PCURVE('',#780,#785);
#780 = PLANE('',#781);
#781 = AXIS2_PLACEMENT_3D('',#782,#783,#784);
#782 = CARTESIAN_POINT('',(-63.5,-41.,-0.9));
#783 = DIRECTION('',(-0.,1.,0.));
#784 = DIRECTION('',(0.,0.,1.));
#785 = DEFINITIONAL_REPRESENTATION('',(#786),#790);
#786 = LINE('',#787,#788);
#787 = CARTESIAN_POINT('',(0.,0.));
#788 = VECTOR('',#789,1.);
#789 = DIRECTION('',(1.,0.));
#790 = ( GEOMETRIC_REPRESENTATION_CONTEXT(2) 
PARAMETRIC_REPRESENTATION_CONTEXT() REPRESENTATION_CONTEXT('2D SPACE',''
  ) );
#791 = ORIENTED_EDGE('',*,*,#792,.F.);
#792 = EDGE_CURVE('',#246,#765,#793,.T.);
#793 = SURFACE_CURVE('',#794,(#798,#805),.PCURVE_S1.);
#794 = LINE('',#795,#796);
#795 = CARTESIAN_POINT('',(-63.5,-62.96862696659,4.5));
#796 = VECTOR('',#797,1.);
#797 = DIRECTION('',(-0.,1.,0.));
#798 = PCURVE('',#262,#799);
#799 = DEFINITIONAL_REPRESENTATION('',(#800),#804);
#800 = LINE('',#801,#802);
#801 = CARTESIAN_POINT('',(5.4,-3.137303340311E-02));
#802 = VECTOR('',#803,1.);
#803 = DIRECTION('',(0.,-1.));
#804 = ( GEOMETRIC_REPRESENTATION_CONTEXT(2) 
PARAMETRIC_REPRESENTATION_CONTEXT() REPRESENTATION_CONTEXT('2D SPACE',''
  ) );
#805 = PCURVE('',#806,#811);
#806 = PLANE('',#807);
#807 = AXIS2_PLACEMENT_3D('',#808,#809,#810);
#808 = CARTESIAN_POINT('',(-63.65,-62.96862696659,4.65));
#809 = DIRECTION('',(0.707106781187,-2.803213105582E-18,0.707106781187)
  );
#810 = DIRECTION('',(-1.982170996068E-18,-1.,-1.982170996068E-18));
#811 = DEFINITIONAL_REPRESENTATION('',(#812),#816);
#812 = LINE('',#813,#814);
#813 = CARTESIAN_POINT('',(-0.,0.212132034356));
#814 = VECTOR('',#815,1.);
#815 = DIRECTION('',(-1.,0.));
#816 = ( GEOMETRIC_REPRESENTATION_CONTEXT(2) 
PARAMETRIC_REPRESENTATION_CONTEXT() REPRESENTATION_CONTEXT('2D SPACE',''
  ) );
#817 = ORIENTED_EDGE('',*,*,#245,.T.);
#818 = ORIENTED_EDGE('',*,*,#819,.T.);
#819 = EDGE_CURVE('',#248,#820,#822,.T.);
#820 = VERTEX_POINT('',#821);
#821 = CARTESIAN_POINT('',(-63.5,-61.60576284415,1.E-01));
#822 = SURFACE_CURVE('',#823,(#846,#872),.PCURVE_S1.);
#823 = B_SPLINE_CURVE_WITH_KNOTS('',6,(#824,#825,#826,#827,#828,#829,
    #830,#831,#832,#833,#834,#835,#836,#837,#838,#839,#840,#841,#842,
    #843,#844,#845),.UNSPECIFIED.,.F.,.F.,(7,5,5,5,7),(0.,0.296917492763
    ,0.478701842914,0.723171122619,1.),.UNSPECIFIED.);
#824 = CARTESIAN_POINT('',(-63.5,-62.96862696659,0.9));
#825 = CARTESIAN_POINT('',(-63.5,-62.96862696659,0.826728527789));
#826 = CARTESIAN_POINT('',(-63.5,-62.95645135847,0.753413322354));
#827 = CARTESIAN_POINT('',(-63.5,-62.93207665555,0.681870068222));
#828 = CARTESIAN_POINT('',(-63.5,-62.89639577597,0.613625483633));
#829 = CARTESIAN_POINT('',(-63.5,-62.85068928789,0.549772245588));
#830 = CARTESIAN_POINT('',(-63.5,-62.76328084204,0.455021744026));
#831 = CARTESIAN_POINT('',(-63.5,-62.72687688532,0.420923336454));
#832 = CARTESIAN_POINT('',(-63.5,-62.68757788129,0.3888438396));
#833 = CARTESIAN_POINT('',(-63.5,-62.64569915161,0.358857400571));
#834 = CARTESIAN_POINT('',(-63.5,-62.6015376153,0.330990260315));
#835 = CARTESIAN_POINT('',(-63.5,-62.49324507602,0.270598626111));
#836 = CARTESIAN_POINT('',(-63.5,-62.42748689723,0.239786094042));
#837 = CARTESIAN_POINT('',(-63.5,-62.35870635407,0.212770014198));
#838 = CARTESIAN_POINT('',(-63.5,-62.28744579689,0.189438080109));
#839 = CARTESIAN_POINT('',(-63.5,-62.21415199578,0.169626705453));
#840 = CARTESIAN_POINT('',(-63.5,-62.05425221101,0.134502169974));
#841 = CARTESIAN_POINT('',(-63.5,-61.96718389435,0.120134715527));
#842 = CARTESIAN_POINT('',(-63.5,-61.87845697919,0.109785511958));
#843 = CARTESIAN_POINT('',(-63.5,-61.78846400375,0.103169860674));
#844 = CARTESIAN_POINT('',(-63.5,-61.69749891015,1.E-01));
#845 = CARTESIAN_POINT('',(-63.5,-61.60576284415,1.E-01));
#846 = PCURVE('',#262,#847);
#847 = DEFINITIONAL_REPRESENTATION('',(#848),#871);
#848 = B_SPLINE_CURVE_WITH_KNOTS('',6,(#849,#850,#851,#852,#853,#854,
    #855,#856,#857,#858,#859,#860,#861,#862,#863,#864,#865,#866,#867,
    #868,#869,#870),.UNSPECIFIED.,.F.,.F.,(7,5,5,5,7),(0.,0.296917492763
    ,0.478701842914,0.723171122619,1.),.UNSPECIFIED.);
#849 = CARTESIAN_POINT('',(1.8,-3.137303340311E-02));
#850 = CARTESIAN_POINT('',(1.726728527789,-3.137303340311E-02));
#851 = CARTESIAN_POINT('',(1.653413322354,-4.354864152484E-02));
#852 = CARTESIAN_POINT('',(1.581870068222,-6.792334444075E-02));
#853 = CARTESIAN_POINT('',(1.513625483633,-0.103604224024));
#854 = CARTESIAN_POINT('',(1.449772245588,-0.14931071211));
#855 = CARTESIAN_POINT('',(1.355021744026,-0.236719157957));
#856 = CARTESIAN_POINT('',(1.320923336454,-0.27312311468));
#857 = CARTESIAN_POINT('',(1.2888438396,-0.312422118701));
#858 = CARTESIAN_POINT('',(1.258857400571,-0.354300848385));
#859 = CARTESIAN_POINT('',(1.230990260315,-0.398462384697));
#860 = CARTESIAN_POINT('',(1.170598626111,-0.506754923976));
#861 = CARTESIAN_POINT('',(1.139786094042,-0.572513102767));
#862 = CARTESIAN_POINT('',(1.112770014198,-0.64129364593));
#863 = CARTESIAN_POINT('',(1.089438080109,-0.712554203102));
#864 = CARTESIAN_POINT('',(1.069626705453,-0.785848004218));
#865 = CARTESIAN_POINT('',(1.034502169974,-0.945747788987));
#866 = CARTESIAN_POINT('',(1.020134715527,-1.032816105649));
#867 = CARTESIAN_POINT('',(1.009785511958,-1.121543020805));
#868 = CARTESIAN_POINT('',(1.003169860674,-1.21153599625));
#869 = CARTESIAN_POINT('',(1.,-1.30250108985));
#870 = CARTESIAN_POINT('',(1.,-1.394237155841));
#871 = ( GEOMETRIC_REPRESENTATION_CONTEXT(2) 
PARAMETRIC_REPRESENTATION_CONTEXT() REPRESENTATION_CONTEXT('2D SPACE',''
  ) );
#872 = PCURVE('',#288,#873);
#873 = DEFINITIONAL_REPRESENTATION('',(#874),#897);
#874 = B_SPLINE_CURVE_WITH_KNOTS('',6,(#875,#876,#877,#878,#879,#880,
    #881,#882,#883,#884,#885,#886,#887,#888,#889,#890,#891,#892,#893,
    #894,#895,#896),.UNSPECIFIED.,.F.,.F.,(7,5,5,5,7),(0.,0.296917492763
    ,0.478701842914,0.723171122619,1.),.UNSPECIFIED.);
#875 = CARTESIAN_POINT('',(0.848062078981,0.));
#876 = CARTESIAN_POINT('',(0.848062078981,9.158934026386E-02));
#877 = CARTESIAN_POINT('',(0.849584094556,0.183232817286));
#878 = CARTESIAN_POINT('',(0.852630603646,0.274047525727));
#879 = CARTESIAN_POINT('',(0.857122315595,0.363502553089));
#880 = CARTESIAN_POINT('',(0.862955712023,0.451157583422));
#881 = CARTESIAN_POINT('',(0.874303131272,0.588967023227));
#882 = CARTESIAN_POINT('',(0.879066693372,0.640516143532));
#883 = CARTESIAN_POINT('',(0.88425772957,0.691232608068));
#884 = CARTESIAN_POINT('',(0.889849216906,0.741091092078));
#885 = CARTESIAN_POINT('',(0.895815599436,0.790085397597));
#886 = CARTESIAN_POINT('',(0.910631907867,0.902961110934));
#887 = CARTESIAN_POINT('',(0.919765637513,0.966142483383));
#888 = CARTESIAN_POINT('',(0.929482122541,1.027802502559));
#889 = CARTESIAN_POINT('',(0.939733428249,1.087989287254));
#890 = CARTESIAN_POINT('',(0.950479091268,1.146765733791));
#891 = CARTESIAN_POINT('',(0.974380915001,1.269260249254));
#892 = CARTESIAN_POINT('',(0.987665587915,1.332591243977));
#893 = CARTESIAN_POINT('',(1.001497091698,1.394318455778));
#894 = CARTESIAN_POINT('',(1.015836130668,1.454537318689));
#895 = CARTESIAN_POINT('',(1.030650666335,1.513334203663));
#896 = CARTESIAN_POINT('',(1.045917393293,1.570796326795));
#897 = ( GEOMETRIC_REPRESENTATION_CONTEXT(2) 
PARAMETRIC_REPRESENTATION_CONTEXT() REPRESENTATION_CONTEXT('2D SPACE',''
  ) );
#898 = ORIENTED_EDGE('',*,*,#899,.T.);
#899 = EDGE_CURVE('',#820,#763,#900,.T.);
#900 = SURFACE_CURVE('',#901,(#905,#911),.PCURVE_S1.);
#901 = LINE('',#902,#903);
#902 = CARTESIAN_POINT('',(-63.5,-31.5,1.E-01));
#903 = VECTOR('',#904,1.);
#904 = DIRECTION('',(-0.,1.,0.));
#905 = PCURVE('',#262,#906);
#906 = DEFINITIONAL_REPRESENTATION('',(#907),#910);
#907 = B_SPLINE_CURVE_WITH_KNOTS('',1,(#908,#909),.UNSPECIFIED.,.F.,.F.,
  (2,2),(-31.5,-9.5),.PIECEWISE_BEZIER_KNOTS.);
#908 = CARTESIAN_POINT('',(1.,0.));
#909 = CARTESIAN_POINT('',(1.,-22.));
#910 = ( GEOMETRIC_REPRESENTATION_CONTEXT(2) 
PARAMETRIC_REPRESENTATION_CONTEXT() REPRESENTATION_CONTEXT('2D SPACE',''
  ) );
#911 = PCURVE('',#449,#912);
#912 = DEFINITIONAL_REPRESENTATION('',(#913),#916);
#913 = B_SPLINE_CURVE_WITH_KNOTS('',1,(#914,#915),.UNSPECIFIED.,.F.,.F.,
  (2,2),(-31.5,-9.5),.PIECEWISE_BEZIER_KNOTS.);
#914 = CARTESIAN_POINT('',(-63.5,-63.));
#915 = CARTESIAN_POINT('',(-63.5,-41.));
#916 = ( GEOMETRIC_REPRESENTATION_CONTEXT(2) 
PARAMETRIC_REPRESENTATION_CONTEXT() REPRESENTATION_CONTEXT('2D SPACE',''
  ) );
#917 = ADVANCED_FACE('',(#918),#316,.T.);
#918 = FACE_BOUND('',#919,.F.);
#919 = EDGE_LOOP('',(#920,#947,#948,#949));
#920 = ORIENTED_EDGE('',*,*,#921,.F.);
#921 = EDGE_CURVE('',#246,#922,#924,.T.);
#922 = VERTEX_POINT('',#923);
#923 = CARTESIAN_POINT('',(-63.8,-62.07408522978,4.8));
#924 = SURFACE_CURVE('',#925,(#930,#940),.PCURVE_S1.);
#925 = PARABOLA('',#926,3.712310601229);
#926 = AXIS2_PLACEMENT_3D('',#927,#928,#929);
#927 = CARTESIAN_POINT('',(-64.25,-59.,5.25));
#928 = DIRECTION('',(0.707106781187,-2.803213105582E-18,0.707106781187)
  );
#929 = DIRECTION('',(0.707106781187,-2.803213105582E-18,-0.707106781187)
  );
#930 = PCURVE('',#316,#931);
#931 = DEFINITIONAL_REPRESENTATION('',(#932),#939);
#932 = B_SPLINE_CURVE_WITH_KNOTS('',5,(#933,#934,#935,#936,#937,#938),
  .UNSPECIFIED.,.F.,.F.,(6,6),(-3.968626966597,-3.074085229788),
  .PIECEWISE_BEZIER_KNOTS.);
#933 = CARTESIAN_POINT('',(-1.7763568394E-15,-1.33226762955E-15));
#934 = CARTESIAN_POINT('',(2.981805789363E-02,-6.762099922756E-02));
#935 = CARTESIAN_POINT('',(6.005618203544E-02,-0.131431498841));
#936 = CARTESIAN_POINT('',(9.069860366441E-02,-0.191431498841));
#937 = CARTESIAN_POINT('',(0.121725499379,-0.247620999228));
#938 = CARTESIAN_POINT('',(0.15311292874,-0.3));
#939 = ( GEOMETRIC_REPRESENTATION_CONTEXT(2) 
PARAMETRIC_REPRESENTATION_CONTEXT() REPRESENTATION_CONTEXT('2D SPACE',''
  ) );
#940 = PCURVE('',#806,#941);
#941 = DEFINITIONAL_REPRESENTATION('',(#942),#946);
#942 = B_SPLINE_CURVE_WITH_KNOTS('',2,(#943,#944,#945),.UNSPECIFIED.,.F.
  ,.F.,(3,3),(-3.968626966597,-3.074085229788),
  .PIECEWISE_BEZIER_KNOTS.);
#943 = CARTESIAN_POINT('',(7.105427357601E-15,0.212132034356));
#944 = CARTESIAN_POINT('',(-0.447270868404,-2.694430116611E-02));
#945 = CARTESIAN_POINT('',(-0.894541736809,-0.212132034356));
#946 = ( GEOMETRIC_REPRESENTATION_CONTEXT(2) 
PARAMETRIC_REPRESENTATION_CONTEXT() REPRESENTATION_CONTEXT('2D SPACE',''
  ) );
#947 = ORIENTED_EDGE('',*,*,#301,.T.);
#948 = ORIENTED_EDGE('',*,*,#331,.T.);
#949 = ORIENTED_EDGE('',*,*,#950,.F.);
#950 = EDGE_CURVE('',#922,#332,#951,.T.);
#951 = SURFACE_CURVE('',#952,(#957,#964),.PCURVE_S1.);
#952 = CIRCLE('',#953,5.7);
#953 = AXIS2_PLACEMENT_3D('',#954,#955,#956);
#954 = CARTESIAN_POINT('',(-59.,-59.,4.8));
#955 = DIRECTION('',(-0.,0.,-1.));
#956 = DIRECTION('',(-0.75,-0.661437827766,0.));
#957 = PCURVE('',#316,#958);
#958 = DEFINITIONAL_REPRESENTATION('',(#959),#963);
#959 = LINE('',#960,#961);
#960 = CARTESIAN_POINT('',(0.,-0.3));
#961 = VECTOR('',#962,1.);
#962 = DIRECTION('',(1.,-0.));
#963 = ( GEOMETRIC_REPRESENTATION_CONTEXT(2) 
PARAMETRIC_REPRESENTATION_CONTEXT() REPRESENTATION_CONTEXT('2D SPACE',''
  ) );
#964 = PCURVE('',#395,#965);
#965 = DEFINITIONAL_REPRESENTATION('',(#966),#974);
#966 = ( BOUNDED_CURVE() B_SPLINE_CURVE(2,(#967,#968,#969,#970,#971,#972
,#973),.UNSPECIFIED.,.T.,.F.) B_SPLINE_CURVE_WITH_KNOTS((1,2,2,2,2,1),(
    -2.094395102393,0.,2.094395102393,4.188790204786,6.28318530718,
8.377580409573),.UNSPECIFIED.) CURVE() GEOMETRIC_REPRESENTATION_ITEM() 
RATIONAL_B_SPLINE_CURVE((1.,0.5,1.,0.5,1.,0.5,1.)) REPRESENTATION_ITEM(
  '') );
#967 = CARTESIAN_POINT('',(-63.275,-62.77019561826));
#968 = CARTESIAN_POINT('',(-69.80517036531,-55.36567841591));
#969 = CARTESIAN_POINT('',(-60.12758518265,-53.41264358968));
#970 = CARTESIAN_POINT('',(-50.45,-51.45960876346));
#971 = CARTESIAN_POINT('',(-53.59741481734,-60.81716079204));
#972 = CARTESIAN_POINT('',(-56.74482963468,-70.17471282062));
#973 = CARTESIAN_POINT('',(-63.275,-62.77019561826));
#974 = ( GEOMETRIC_REPRESENTATION_CONTEXT(2) 
PARAMETRIC_REPRESENTATION_CONTEXT() REPRESENTATION_CONTEXT('2D SPACE',''
  ) );
#975 = ADVANCED_FACE('',(#976),#288,.T.);
#976 = FACE_BOUND('',#977,.T.);
#977 = EDGE_LOOP('',(#978,#979,#980,#981));
#978 = ORIENTED_EDGE('',*,*,#819,.F.);
#979 = ORIENTED_EDGE('',*,*,#273,.T.);
#980 = ORIENTED_EDGE('',*,*,#411,.T.);
#981 = ORIENTED_EDGE('',*,*,#982,.F.);
#982 = EDGE_CURVE('',#820,#412,#983,.T.);
#983 = SURFACE_CURVE('',#984,(#989,#996),.PCURVE_S1.);
#984 = CIRCLE('',#985,5.2);
#985 = AXIS2_PLACEMENT_3D('',#986,#987,#988);
#986 = CARTESIAN_POINT('',(-59.,-59.,1.E-01));
#987 = DIRECTION('',(-0.,-0.,-1.));
#988 = DIRECTION('',(0.,-1.,0.));
#989 = PCURVE('',#288,#990);
#990 = DEFINITIONAL_REPRESENTATION('',(#991),#995);
#991 = LINE('',#992,#993);
#992 = CARTESIAN_POINT('',(0.,1.570796326795));
#993 = VECTOR('',#994,1.);
#994 = DIRECTION('',(1.,0.));
#995 = ( GEOMETRIC_REPRESENTATION_CONTEXT(2) 
PARAMETRIC_REPRESENTATION_CONTEXT() REPRESENTATION_CONTEXT('2D SPACE',''
  ) );
#996 = PCURVE('',#449,#997);
#997 = DEFINITIONAL_REPRESENTATION('',(#998),#1006);
#998 = ( BOUNDED_CURVE() B_SPLINE_CURVE(2,(#999,#1000,#1001,#1002,#1003,
#1004,#1005),.UNSPECIFIED.,.T.,.F.) B_SPLINE_CURVE_WITH_KNOTS((1,2,2,2,2
    ,1),(-2.094395102393,0.,2.094395102393,4.188790204786,6.28318530718,
8.377580409573),.UNSPECIFIED.) CURVE() GEOMETRIC_REPRESENTATION_ITEM() 
RATIONAL_B_SPLINE_CURVE((1.,0.5,1.,0.5,1.,0.5,1.)) REPRESENTATION_ITEM(
  '') );
#999 = CARTESIAN_POINT('',(-59.,-64.2));
#1000 = CARTESIAN_POINT('',(-68.00666419935,-64.2));
#1001 = CARTESIAN_POINT('',(-63.50333209967,-56.4));
#1002 = CARTESIAN_POINT('',(-59.,-48.6));
#1003 = CARTESIAN_POINT('',(-54.49666790032,-56.4));
#1004 = CARTESIAN_POINT('',(-49.99333580064,-64.2));
#1005 = CARTESIAN_POINT('',(-59.,-64.2));
#1006 = ( GEOMETRIC_REPRESENTATION_CONTEXT(2) 
PARAMETRIC_REPRESENTATION_CONTEXT() REPRESENTATION_CONTEXT('2D SPACE',''
  ) );
#1007 = ADVANCED_FACE('',(#1008,#1625),#395,.T.);
#1008 = FACE_BOUND('',#1009,.T.);
#1009 = EDGE_LOOP('',(#1010,#1011,#1034,#1062,#1090,#1118,#1147,#1175,
    #1204,#1232,#1261,#1289,#1318,#1346,#1374,#1402,#1430,#1463,#1491,
    #1519,#1547,#1575,#1603,#1624));
#1010 = ORIENTED_EDGE('',*,*,#950,.F.);
#1011 = ORIENTED_EDGE('',*,*,#1012,.T.);
#1012 = EDGE_CURVE('',#922,#1013,#1015,.T.);
#1013 = VERTEX_POINT('',#1014);
#1014 = CARTESIAN_POINT('',(-63.8,-40.7,4.8));
#1015 = SURFACE_CURVE('',#1016,(#1020,#1027),.PCURVE_S1.);
#1016 = LINE('',#1017,#1018);
#1017 = CARTESIAN_POINT('',(-63.8,-62.96862696659,4.8));
#1018 = VECTOR('',#1019,1.);
#1019 = DIRECTION('',(-0.,1.,0.));
#1020 = PCURVE('',#395,#1021);
#1021 = DEFINITIONAL_REPRESENTATION('',(#1022),#1026);
#1022 = LINE('',#1023,#1024);
#1023 = CARTESIAN_POINT('',(-63.8,-62.96862696659));
#1024 = VECTOR('',#1025,1.);
#1025 = DIRECTION('',(0.,1.));
#1026 = ( GEOMETRIC_REPRESENTATION_CONTEXT(2) 
PARAMETRIC_REPRESENTATION_CONTEXT() REPRESENTATION_CONTEXT('2D SPACE',''
  ) );
#1027 = PCURVE('',#806,#1028);
#1028 = DEFINITIONAL_REPRESENTATION('',(#1029),#1033);
#1029 = LINE('',#1030,#1031);
#1030 = CARTESIAN_POINT('',(-0.,-0.212132034356));
#1031 = VECTOR('',#1032,1.);
#1032 = DIRECTION('',(-1.,0.));
#1033 = ( GEOMETRIC_REPRESENTATION_CONTEXT(2) 
PARAMETRIC_REPRESENTATION_CONTEXT() REPRESENTATION_CONTEXT('2D SPACE',''
  ) );
#1034 = ORIENTED_EDGE('',*,*,#1035,.F.);
#1035 = EDGE_CURVE('',#1036,#1013,#1038,.T.);
#1036 = VERTEX_POINT('',#1037);
#1037 = CARTESIAN_POINT('',(-62.,-40.7,4.8));
#1038 = SURFACE_CURVE('',#1039,(#1043,#1050),.PCURVE_S1.);
#1039 = LINE('',#1040,#1041);
#1040 = CARTESIAN_POINT('',(-62.3,-40.7,4.8));
#1041 = VECTOR('',#1042,1.);
#1042 = DIRECTION('',(-1.,-0.,0.));
#1043 = PCURVE('',#395,#1044);
#1044 = DEFINITIONAL_REPRESENTATION('',(#1045),#1049);
#1045 = LINE('',#1046,#1047);
#1046 = CARTESIAN_POINT('',(-62.3,-40.7));
#1047 = VECTOR('',#1048,1.);
#1048 = DIRECTION('',(-1.,0.));
#1049 = ( GEOMETRIC_REPRESENTATION_CONTEXT(2) 
PARAMETRIC_REPRESENTATION_CONTEXT() REPRESENTATION_CONTEXT('2D SPACE',''
  ) );
#1050 = PCURVE('',#1051,#1056);
#1051 = PLANE('',#1052);
#1052 = AXIS2_PLACEMENT_3D('',#1053,#1054,#1055);
#1053 = CARTESIAN_POINT('',(-62.3,-40.85,4.65));
#1054 = DIRECTION('',(-3.901284499197E-18,0.707106781187,-0.707106781187
    ));
#1055 = DIRECTION('',(1.,2.75862472472E-18,-2.75862472472E-18));
#1056 = DEFINITIONAL_REPRESENTATION('',(#1057),#1061);
#1057 = LINE('',#1058,#1059);
#1058 = CARTESIAN_POINT('',(-0.,-0.212132034356));
#1059 = VECTOR('',#1060,1.);
#1060 = DIRECTION('',(-1.,0.));
#1061 = ( GEOMETRIC_REPRESENTATION_CONTEXT(2) 
PARAMETRIC_REPRESENTATION_CONTEXT() REPRESENTATION_CONTEXT('2D SPACE',''
  ) );
#1062 = ORIENTED_EDGE('',*,*,#1063,.F.);
#1063 = EDGE_CURVE('',#1064,#1036,#1066,.T.);
#1064 = VERTEX_POINT('',#1065);
#1065 = CARTESIAN_POINT('',(-62.,-63.3,4.8));
#1066 = SURFACE_CURVE('',#1067,(#1071,#1078),.PCURVE_S1.);
#1067 = LINE('',#1068,#1069);
#1068 = CARTESIAN_POINT('',(-62.,-63.,4.8));
#1069 = VECTOR('',#1070,1.);
#1070 = DIRECTION('',(-0.,1.,0.));
#1071 = PCURVE('',#395,#1072);
#1072 = DEFINITIONAL_REPRESENTATION('',(#1073),#1077);
#1073 = LINE('',#1074,#1075);
#1074 = CARTESIAN_POINT('',(-62.,-63.));
#1075 = VECTOR('',#1076,1.);
#1076 = DIRECTION('',(0.,1.));
#1077 = ( GEOMETRIC_REPRESENTATION_CONTEXT(2) 
PARAMETRIC_REPRESENTATION_CONTEXT() REPRESENTATION_CONTEXT('2D SPACE',''
  ) );
#1078 = PCURVE('',#1079,#1084);
#1079 = PLANE('',#1080);
#1080 = AXIS2_PLACEMENT_3D('',#1081,#1082,#1083);
#1081 = CARTESIAN_POINT('',(-62.15,-63.,4.65));
#1082 = DIRECTION('',(0.707106781187,2.803213105582E-18,-0.707106781187)
  );
#1083 = DIRECTION('',(1.982170996068E-18,-1.,-1.982170996068E-18));
#1084 = DEFINITIONAL_REPRESENTATION('',(#1085),#1089);
#1085 = LINE('',#1086,#1087);
#1086 = CARTESIAN_POINT('',(-0.,-0.212132034356));
#1087 = VECTOR('',#1088,1.);
#1088 = DIRECTION('',(-1.,0.));
#1089 = ( GEOMETRIC_REPRESENTATION_CONTEXT(2) 
PARAMETRIC_REPRESENTATION_CONTEXT() REPRESENTATION_CONTEXT('2D SPACE',''
  ) );
#1090 = ORIENTED_EDGE('',*,*,#1091,.T.);
#1091 = EDGE_CURVE('',#1064,#1092,#1094,.T.);
#1092 = VERTEX_POINT('',#1093);
#1093 = CARTESIAN_POINT('',(-62.74165738677,-63.3,4.8));
#1094 = SURFACE_CURVE('',#1095,(#1099,#1106),.PCURVE_S1.);
#1095 = LINE('',#1096,#1097);
#1096 = CARTESIAN_POINT('',(-62.3,-63.3,4.8));
#1097 = VECTOR('',#1098,1.);
#1098 = DIRECTION('',(-1.,-0.,0.));
#1099 = PCURVE('',#395,#1100);
#1100 = DEFINITIONAL_REPRESENTATION('',(#1101),#1105);
#1101 = LINE('',#1102,#1103);
#1102 = CARTESIAN_POINT('',(-62.3,-63.3));
#1103 = VECTOR('',#1104,1.);
#1104 = DIRECTION('',(-1.,0.));
#1105 = ( GEOMETRIC_REPRESENTATION_CONTEXT(2) 
PARAMETRIC_REPRESENTATION_CONTEXT() REPRESENTATION_CONTEXT('2D SPACE',''
  ) );
#1106 = PCURVE('',#1107,#1112);
#1107 = PLANE('',#1108);
#1108 = AXIS2_PLACEMENT_3D('',#1109,#1110,#1111);
#1109 = CARTESIAN_POINT('',(-62.3,-63.15,4.65));
#1110 = DIRECTION('',(3.901284499197E-18,0.707106781187,0.707106781187)
  );
#1111 = DIRECTION('',(1.,-2.75862472472E-18,-2.75862472472E-18));
#1112 = DEFINITIONAL_REPRESENTATION('',(#1113),#1117);
#1113 = LINE('',#1114,#1115);
#1114 = CARTESIAN_POINT('',(-0.,-0.212132034356));
#1115 = VECTOR('',#1116,1.);
#1116 = DIRECTION('',(-1.,0.));
#1117 = ( GEOMETRIC_REPRESENTATION_CONTEXT(2) 
PARAMETRIC_REPRESENTATION_CONTEXT() REPRESENTATION_CONTEXT('2D SPACE',''
  ) );
#1118 = ORIENTED_EDGE('',*,*,#1119,.T.);
#1119 = EDGE_CURVE('',#1092,#1120,#1122,.T.);
#1120 = VERTEX_POINT('',#1121);
#1121 = CARTESIAN_POINT('',(-59.,-64.7,4.8));
#1122 = SURFACE_CURVE('',#1123,(#1128,#1135),.PCURVE_S1.);
#1123 = CIRCLE('',#1124,5.7);
#1124 = AXIS2_PLACEMENT_3D('',#1125,#1126,#1127);
#1125 = CARTESIAN_POINT('',(-59.,-59.,4.8));
#1126 = DIRECTION('',(0.,0.,1.));
#1127 = DIRECTION('',(-0.7453559925,-0.666666666667,0.));
#1128 = PCURVE('',#395,#1129);
#1129 = DEFINITIONAL_REPRESENTATION('',(#1130),#1134);
#1130 = CIRCLE('',#1131,5.7);
#1131 = AXIS2_PLACEMENT_2D('',#1132,#1133);
#1132 = CARTESIAN_POINT('',(-59.,-59.));
#1133 = DIRECTION('',(-0.7453559925,-0.666666666667));
#1134 = ( GEOMETRIC_REPRESENTATION_CONTEXT(2) 
PARAMETRIC_REPRESENTATION_CONTEXT() REPRESENTATION_CONTEXT('2D SPACE',''
  ) );
#1135 = PCURVE('',#1136,#1141);
#1136 = CONICAL_SURFACE('',#1137,6.,0.785398163397);
#1137 = AXIS2_PLACEMENT_3D('',#1138,#1139,#1140);
#1138 = CARTESIAN_POINT('',(-59.,-59.,4.5));
#1139 = DIRECTION('',(-0.,-0.,-1.));
#1140 = DIRECTION('',(-0.7453559925,-0.666666666667,0.));
#1141 = DEFINITIONAL_REPRESENTATION('',(#1142),#1146);
#1142 = LINE('',#1143,#1144);
#1143 = CARTESIAN_POINT('',(-0.,-0.3));
#1144 = VECTOR('',#1145,1.);
#1145 = DIRECTION('',(-1.,0.));
#1146 = ( GEOMETRIC_REPRESENTATION_CONTEXT(2) 
PARAMETRIC_REPRESENTATION_CONTEXT() REPRESENTATION_CONTEXT('2D SPACE',''
  ) );
#1147 = ORIENTED_EDGE('',*,*,#1148,.T.);
#1148 = EDGE_CURVE('',#1120,#1149,#1151,.T.);
#1149 = VERTEX_POINT('',#1150);
#1150 = CARTESIAN_POINT('',(59.,-64.7,4.8));
#1151 = SURFACE_CURVE('',#1152,(#1156,#1163),.PCURVE_S1.);
#1152 = LINE('',#1153,#1154);
#1153 = CARTESIAN_POINT('',(-59.,-64.7,4.8));
#1154 = VECTOR('',#1155,1.);
#1155 = DIRECTION('',(1.,0.,0.));
#1156 = PCURVE('',#395,#1157);
#1157 = DEFINITIONAL_REPRESENTATION('',(#1158),#1162);
#1158 = LINE('',#1159,#1160);
#1159 = CARTESIAN_POINT('',(-59.,-64.7));
#1160 = VECTOR('',#1161,1.);
#1161 = DIRECTION('',(1.,0.));
#1162 = ( GEOMETRIC_REPRESENTATION_CONTEXT(2) 
PARAMETRIC_REPRESENTATION_CONTEXT() REPRESENTATION_CONTEXT('2D SPACE',''
  ) );
#1163 = PCURVE('',#1164,#1169);
#1164 = PLANE('',#1165);
#1165 = AXIS2_PLACEMENT_3D('',#1166,#1167,#1168);
#1166 = CARTESIAN_POINT('',(-59.,-64.85,4.65));
#1167 = DIRECTION('',(-3.901284499197E-18,0.707106781187,-0.707106781187
    ));
#1168 = DIRECTION('',(1.,2.75862472472E-18,-2.75862472472E-18));
#1169 = DEFINITIONAL_REPRESENTATION('',(#1170),#1174);
#1170 = LINE('',#1171,#1172);
#1171 = CARTESIAN_POINT('',(0.,-0.212132034356));
#1172 = VECTOR('',#1173,1.);
#1173 = DIRECTION('',(1.,0.));
#1174 = ( GEOMETRIC_REPRESENTATION_CONTEXT(2) 
PARAMETRIC_REPRESENTATION_CONTEXT() REPRESENTATION_CONTEXT('2D SPACE',''
  ) );
#1175 = ORIENTED_EDGE('',*,*,#1176,.T.);
#1176 = EDGE_CURVE('',#1149,#1177,#1179,.T.);
#1177 = VERTEX_POINT('',#1178);
#1178 = CARTESIAN_POINT('',(64.7,-59.,4.8));
#1179 = SURFACE_CURVE('',#1180,(#1185,#1192),.PCURVE_S1.);
#1180 = CIRCLE('',#1181,5.7);
#1181 = AXIS2_PLACEMENT_3D('',#1182,#1183,#1184);
#1182 = CARTESIAN_POINT('',(59.,-59.,4.8));
#1183 = DIRECTION('',(0.,0.,1.));
#1184 = DIRECTION('',(0.,-1.,0.));
#1185 = PCURVE('',#395,#1186);
#1186 = DEFINITIONAL_REPRESENTATION('',(#1187),#1191);
#1187 = CIRCLE('',#1188,5.7);
#1188 = AXIS2_PLACEMENT_2D('',#1189,#1190);
#1189 = CARTESIAN_POINT('',(59.,-59.));
#1190 = DIRECTION('',(0.,-1.));
#1191 = ( GEOMETRIC_REPRESENTATION_CONTEXT(2) 
PARAMETRIC_REPRESENTATION_CONTEXT() REPRESENTATION_CONTEXT('2D SPACE',''
  ) );
#1192 = PCURVE('',#1193,#1198);
#1193 = CONICAL_SURFACE('',#1194,6.,0.785398163397);
#1194 = AXIS2_PLACEMENT_3D('',#1195,#1196,#1197);
#1195 = CARTESIAN_POINT('',(59.,-59.,4.5));
#1196 = DIRECTION('',(-0.,-0.,-1.));
#1197 = DIRECTION('',(0.,-1.,0.));
#1198 = DEFINITIONAL_REPRESENTATION('',(#1199),#1203);
#1199 = LINE('',#1200,#1201);
#1200 = CARTESIAN_POINT('',(-0.,-0.3));
#1201 = VECTOR('',#1202,1.);
#1202 = DIRECTION('',(-1.,0.));
#1203 = ( GEOMETRIC_REPRESENTATION_CONTEXT(2) 
PARAMETRIC_REPRESENTATION_CONTEXT() REPRESENTATION_CONTEXT('2D SPACE',''
  ) );
#1204 = ORIENTED_EDGE('',*,*,#1205,.T.);
#1205 = EDGE_CURVE('',#1177,#1206,#1208,.T.);
#1206 = VERTEX_POINT('',#1207);
#1207 = CARTESIAN_POINT('',(64.7,59.,4.8));
#1208 = SURFACE_CURVE('',#1209,(#1213,#1220),.PCURVE_S1.);
#1209 = LINE('',#1210,#1211);
#1210 = CARTESIAN_POINT('',(64.7,-59.,4.8));
#1211 = VECTOR('',#1212,1.);
#1212 = DIRECTION('',(0.,1.,0.));
#1213 = PCURVE('',#395,#1214);
#1214 = DEFINITIONAL_REPRESENTATION('',(#1215),#1219);
#1215 = LINE('',#1216,#1217);
#1216 = CARTESIAN_POINT('',(64.7,-59.));
#1217 = VECTOR('',#1218,1.);
#1218 = DIRECTION('',(0.,1.));
#1219 = ( GEOMETRIC_REPRESENTATION_CONTEXT(2) 
PARAMETRIC_REPRESENTATION_CONTEXT() REPRESENTATION_CONTEXT('2D SPACE',''
  ) );
#1220 = PCURVE('',#1221,#1226);
#1221 = PLANE('',#1222);
#1222 = AXIS2_PLACEMENT_3D('',#1223,#1224,#1225);
#1223 = CARTESIAN_POINT('',(64.85,-59.,4.65));
#1224 = DIRECTION('',(-0.707106781187,-2.803213105582E-18,
    -0.707106781187));
#1225 = DIRECTION('',(-1.982170996068E-18,1.,-1.982170996068E-18));
#1226 = DEFINITIONAL_REPRESENTATION('',(#1227),#1231);
#1227 = LINE('',#1228,#1229);
#1228 = CARTESIAN_POINT('',(0.,-0.212132034356));
#1229 = VECTOR('',#1230,1.);
#1230 = DIRECTION('',(1.,0.));
#1231 = ( GEOMETRIC_REPRESENTATION_CONTEXT(2) 
PARAMETRIC_REPRESENTATION_CONTEXT() REPRESENTATION_CONTEXT('2D SPACE',''
  ) );
#1232 = ORIENTED_EDGE('',*,*,#1233,.T.);
#1233 = EDGE_CURVE('',#1206,#1234,#1236,.T.);
#1234 = VERTEX_POINT('',#1235);
#1235 = CARTESIAN_POINT('',(59.,64.7,4.8));
#1236 = SURFACE_CURVE('',#1237,(#1242,#1249),.PCURVE_S1.);
#1237 = CIRCLE('',#1238,5.7);
#1238 = AXIS2_PLACEMENT_3D('',#1239,#1240,#1241);
#1239 = CARTESIAN_POINT('',(59.,59.,4.8));
#1240 = DIRECTION('',(0.,0.,1.));
#1241 = DIRECTION('',(1.,0.,-0.));
#1242 = PCURVE('',#395,#1243);
#1243 = DEFINITIONAL_REPRESENTATION('',(#1244),#1248);
#1244 = CIRCLE('',#1245,5.7);
#1245 = AXIS2_PLACEMENT_2D('',#1246,#1247);
#1246 = CARTESIAN_POINT('',(59.,59.));
#1247 = DIRECTION('',(1.,0.));
#1248 = ( GEOMETRIC_REPRESENTATION_CONTEXT(2) 
PARAMETRIC_REPRESENTATION_CONTEXT() REPRESENTATION_CONTEXT('2D SPACE',''
  ) );
#1249 = PCURVE('',#1250,#1255);
#1250 = CONICAL_SURFACE('',#1251,6.,0.785398163397);
#1251 = AXIS2_PLACEMENT_3D('',#1252,#1253,#1254);
#1252 = CARTESIAN_POINT('',(59.,59.,4.5));
#1253 = DIRECTION('',(-0.,-0.,-1.));
#1254 = DIRECTION('',(1.,0.,0.));
#1255 = DEFINITIONAL_REPRESENTATION('',(#1256),#1260);
#1256 = LINE('',#1257,#1258);
#1257 = CARTESIAN_POINT('',(-0.,-0.3));
#1258 = VECTOR('',#1259,1.);
#1259 = DIRECTION('',(-1.,0.));
#1260 = ( GEOMETRIC_REPRESENTATION_CONTEXT(2) 
PARAMETRIC_REPRESENTATION_CONTEXT() REPRESENTATION_CONTEXT('2D SPACE',''
  ) );
#1261 = ORIENTED_EDGE('',*,*,#1262,.T.);
#1262 = EDGE_CURVE('',#1234,#1263,#1265,.T.);
#1263 = VERTEX_POINT('',#1264);
#1264 = CARTESIAN_POINT('',(-59.,64.7,4.8));
#1265 = SURFACE_CURVE('',#1266,(#1270,#1277),.PCURVE_S1.);
#1266 = LINE('',#1267,#1268);
#1267 = CARTESIAN_POINT('',(59.,64.7,4.8));
#1268 = VECTOR('',#1269,1.);
#1269 = DIRECTION('',(-1.,-0.,-0.));
#1270 = PCURVE('',#395,#1271);
#1271 = DEFINITIONAL_REPRESENTATION('',(#1272),#1276);
#1272 = LINE('',#1273,#1274);
#1273 = CARTESIAN_POINT('',(59.,64.7));
#1274 = VECTOR('',#1275,1.);
#1275 = DIRECTION('',(-1.,0.));
#1276 = ( GEOMETRIC_REPRESENTATION_CONTEXT(2) 
PARAMETRIC_REPRESENTATION_CONTEXT() REPRESENTATION_CONTEXT('2D SPACE',''
  ) );
#1277 = PCURVE('',#1278,#1283);
#1278 = PLANE('',#1279);
#1279 = AXIS2_PLACEMENT_3D('',#1280,#1281,#1282);
#1280 = CARTESIAN_POINT('',(59.,64.85,4.65));
#1281 = DIRECTION('',(3.901284499197E-18,0.707106781187,0.707106781187)
  );
#1282 = DIRECTION('',(1.,-2.75862472472E-18,-2.75862472472E-18));
#1283 = DEFINITIONAL_REPRESENTATION('',(#1284),#1288);
#1284 = LINE('',#1285,#1286);
#1285 = CARTESIAN_POINT('',(-0.,-0.212132034356));
#1286 = VECTOR('',#1287,1.);
#1287 = DIRECTION('',(-1.,0.));
#1288 = ( GEOMETRIC_REPRESENTATION_CONTEXT(2) 
PARAMETRIC_REPRESENTATION_CONTEXT() REPRESENTATION_CONTEXT('2D SPACE',''
  ) );
#1289 = ORIENTED_EDGE('',*,*,#1290,.T.);
#1290 = EDGE_CURVE('',#1263,#1291,#1293,.T.);
#1291 = VERTEX_POINT('',#1292);
#1292 = CARTESIAN_POINT('',(-62.74165738677,63.3,4.8));
#1293 = SURFACE_CURVE('',#1294,(#1299,#1306),.PCURVE_S1.);
#1294 = CIRCLE('',#1295,5.7);
#1295 = AXIS2_PLACEMENT_3D('',#1296,#1297,#1298);
#1296 = CARTESIAN_POINT('',(-59.,59.,4.8));
#1297 = DIRECTION('',(0.,0.,1.));
#1298 = DIRECTION('',(0.,1.,-0.));
#1299 = PCURVE('',#395,#1300);
#1300 = DEFINITIONAL_REPRESENTATION('',(#1301),#1305);
#1301 = CIRCLE('',#1302,5.7);
#1302 = AXIS2_PLACEMENT_2D('',#1303,#1304);
#1303 = CARTESIAN_POINT('',(-59.,59.));
#1304 = DIRECTION('',(0.,1.));
#1305 = ( GEOMETRIC_REPRESENTATION_CONTEXT(2) 
PARAMETRIC_REPRESENTATION_CONTEXT() REPRESENTATION_CONTEXT('2D SPACE',''
  ) );
#1306 = PCURVE('',#1307,#1312);
#1307 = CONICAL_SURFACE('',#1308,6.,0.785398163397);
#1308 = AXIS2_PLACEMENT_3D('',#1309,#1310,#1311);
#1309 = CARTESIAN_POINT('',(-59.,59.,4.5));
#1310 = DIRECTION('',(-0.,-0.,-1.));
#1311 = DIRECTION('',(0.,1.,-0.));
#1312 = DEFINITIONAL_REPRESENTATION('',(#1313),#1317);
#1313 = LINE('',#1314,#1315);
#1314 = CARTESIAN_POINT('',(-0.,-0.3));
#1315 = VECTOR('',#1316,1.);
#1316 = DIRECTION('',(-1.,0.));
#1317 = ( GEOMETRIC_REPRESENTATION_CONTEXT(2) 
PARAMETRIC_REPRESENTATION_CONTEXT() REPRESENTATION_CONTEXT('2D SPACE',''
  ) );
#1318 = ORIENTED_EDGE('',*,*,#1319,.F.);
#1319 = EDGE_CURVE('',#1320,#1291,#1322,.T.);
#1320 = VERTEX_POINT('',#1321);
#1321 = CARTESIAN_POINT('',(-62.,63.3,4.8));
#1322 = SURFACE_CURVE('',#1323,(#1327,#1334),.PCURVE_S1.);
#1323 = LINE('',#1324,#1325);
#1324 = CARTESIAN_POINT('',(-62.3,63.3,4.8));
#1325 = VECTOR('',#1326,1.);
#1326 = DIRECTION('',(-1.,-0.,0.));
#1327 = PCURVE('',#395,#1328);
#1328 = DEFINITIONAL_REPRESENTATION('',(#1329),#1333);
#1329 = LINE('',#1330,#1331);
#1330 = CARTESIAN_POINT('',(-62.3,63.3));
#1331 = VECTOR('',#1332,1.);
#1332 = DIRECTION('',(-1.,0.));
#1333 = ( GEOMETRIC_REPRESENTATION_CONTEXT(2) 
PARAMETRIC_REPRESENTATION_CONTEXT() REPRESENTATION_CONTEXT('2D SPACE',''
  ) );
#1334 = PCURVE('',#1335,#1340);
#1335 = PLANE('',#1336);
#1336 = AXIS2_PLACEMENT_3D('',#1337,#1338,#1339);
#1337 = CARTESIAN_POINT('',(-62.3,63.15,4.65));
#1338 = DIRECTION('',(-3.901284499197E-18,0.707106781187,-0.707106781187
    ));
#1339 = DIRECTION('',(1.,2.75862472472E-18,-2.75862472472E-18));
#1340 = DEFINITIONAL_REPRESENTATION('',(#1341),#1345);
#1341 = LINE('',#1342,#1343);
#1342 = CARTESIAN_POINT('',(-0.,-0.212132034356));
#1343 = VECTOR('',#1344,1.);
#1344 = DIRECTION('',(-1.,0.));
#1345 = ( GEOMETRIC_REPRESENTATION_CONTEXT(2) 
PARAMETRIC_REPRESENTATION_CONTEXT() REPRESENTATION_CONTEXT('2D SPACE',''
  ) );
#1346 = ORIENTED_EDGE('',*,*,#1347,.F.);
#1347 = EDGE_CURVE('',#1348,#1320,#1350,.T.);
#1348 = VERTEX_POINT('',#1349);
#1349 = CARTESIAN_POINT('',(-62.,40.7,4.8));
#1350 = SURFACE_CURVE('',#1351,(#1355,#1362),.PCURVE_S1.);
#1351 = LINE('',#1352,#1353);
#1352 = CARTESIAN_POINT('',(-62.,41.,4.8));
#1353 = VECTOR('',#1354,1.);
#1354 = DIRECTION('',(-0.,1.,0.));
#1355 = PCURVE('',#395,#1356);
#1356 = DEFINITIONAL_REPRESENTATION('',(#1357),#1361);
#1357 = LINE('',#1358,#1359);
#1358 = CARTESIAN_POINT('',(-62.,41.));
#1359 = VECTOR('',#1360,1.);
#1360 = DIRECTION('',(0.,1.));
#1361 = ( GEOMETRIC_REPRESENTATION_CONTEXT(2) 
PARAMETRIC_REPRESENTATION_CONTEXT() REPRESENTATION_CONTEXT('2D SPACE',''
  ) );
#1362 = PCURVE('',#1363,#1368);
#1363 = PLANE('',#1364);
#1364 = AXIS2_PLACEMENT_3D('',#1365,#1366,#1367);
#1365 = CARTESIAN_POINT('',(-62.15,41.,4.65));
#1366 = DIRECTION('',(0.707106781187,2.803213105582E-18,-0.707106781187)
  );
#1367 = DIRECTION('',(1.982170996068E-18,-1.,-1.982170996068E-18));
#1368 = DEFINITIONAL_REPRESENTATION('',(#1369),#1373);
#1369 = LINE('',#1370,#1371);
#1370 = CARTESIAN_POINT('',(-0.,-0.212132034356));
#1371 = VECTOR('',#1372,1.);
#1372 = DIRECTION('',(-1.,0.));
#1373 = ( GEOMETRIC_REPRESENTATION_CONTEXT(2) 
PARAMETRIC_REPRESENTATION_CONTEXT() REPRESENTATION_CONTEXT('2D SPACE',''
  ) );
#1374 = ORIENTED_EDGE('',*,*,#1375,.T.);
#1375 = EDGE_CURVE('',#1348,#1376,#1378,.T.);
#1376 = VERTEX_POINT('',#1377);
#1377 = CARTESIAN_POINT('',(-63.8,40.7,4.8));
#1378 = SURFACE_CURVE('',#1379,(#1383,#1390),.PCURVE_S1.);
#1379 = LINE('',#1380,#1381);
#1380 = CARTESIAN_POINT('',(-62.3,40.7,4.8));
#1381 = VECTOR('',#1382,1.);
#1382 = DIRECTION('',(-1.,-0.,0.));
#1383 = PCURVE('',#395,#1384);
#1384 = DEFINITIONAL_REPRESENTATION('',(#1385),#1389);
#1385 = LINE('',#1386,#1387);
#1386 = CARTESIAN_POINT('',(-62.3,40.7));
#1387 = VECTOR('',#1388,1.);
#1388 = DIRECTION('',(-1.,0.));
#1389 = ( GEOMETRIC_REPRESENTATION_CONTEXT(2) 
PARAMETRIC_REPRESENTATION_CONTEXT() REPRESENTATION_CONTEXT('2D SPACE',''
  ) );
#1390 = PCURVE('',#1391,#1396);
#1391 = PLANE('',#1392);
#1392 = AXIS2_PLACEMENT_3D('',#1393,#1394,#1395);
#1393 = CARTESIAN_POINT('',(-62.3,40.85,4.65));
#1394 = DIRECTION('',(3.901284499197E-18,0.707106781187,0.707106781187)
  );
#1395 = DIRECTION('',(1.,-2.75862472472E-18,-2.75862472472E-18));
#1396 = DEFINITIONAL_REPRESENTATION('',(#1397),#1401);
#1397 = LINE('',#1398,#1399);
#1398 = CARTESIAN_POINT('',(-0.,-0.212132034356));
#1399 = VECTOR('',#1400,1.);
#1400 = DIRECTION('',(-1.,0.));
#1401 = ( GEOMETRIC_REPRESENTATION_CONTEXT(2) 
PARAMETRIC_REPRESENTATION_CONTEXT() REPRESENTATION_CONTEXT('2D SPACE',''
  ) );
#1402 = ORIENTED_EDGE('',*,*,#1403,.T.);
#1403 = EDGE_CURVE('',#1376,#1404,#1406,.T.);
#1404 = VERTEX_POINT('',#1405);
#1405 = CARTESIAN_POINT('',(-63.8,62.074085229788,4.8));
#1406 = SURFACE_CURVE('',#1407,(#1411,#1418),.PCURVE_S1.);
#1407 = LINE('',#1408,#1409);
#1408 = CARTESIAN_POINT('',(-63.8,41.,4.8));
#1409 = VECTOR('',#1410,1.);
#1410 = DIRECTION('',(-0.,1.,0.));
#1411 = PCURVE('',#395,#1412);
#1412 = DEFINITIONAL_REPRESENTATION('',(#1413),#1417);
#1413 = LINE('',#1414,#1415);
#1414 = CARTESIAN_POINT('',(-63.8,41.));
#1415 = VECTOR('',#1416,1.);
#1416 = DIRECTION('',(0.,1.));
#1417 = ( GEOMETRIC_REPRESENTATION_CONTEXT(2) 
PARAMETRIC_REPRESENTATION_CONTEXT() REPRESENTATION_CONTEXT('2D SPACE',''
  ) );
#1418 = PCURVE('',#1419,#1424);
#1419 = PLANE('',#1420);
#1420 = AXIS2_PLACEMENT_3D('',#1421,#1422,#1423);
#1421 = CARTESIAN_POINT('',(-63.65,41.,4.65));
#1422 = DIRECTION('',(0.707106781187,-2.803213105582E-18,0.707106781187)
  );
#1423 = DIRECTION('',(-1.982170996068E-18,-1.,-1.982170996068E-18));
#1424 = DEFINITIONAL_REPRESENTATION('',(#1425),#1429);
#1425 = LINE('',#1426,#1427);
#1426 = CARTESIAN_POINT('',(-0.,-0.212132034356));
#1427 = VECTOR('',#1428,1.);
#1428 = DIRECTION('',(-1.,0.));
#1429 = ( GEOMETRIC_REPRESENTATION_CONTEXT(2) 
PARAMETRIC_REPRESENTATION_CONTEXT() REPRESENTATION_CONTEXT('2D SPACE',''
  ) );
#1430 = ORIENTED_EDGE('',*,*,#1431,.F.);
#1431 = EDGE_CURVE('',#1432,#1404,#1434,.T.);
#1432 = VERTEX_POINT('',#1433);
#1433 = CARTESIAN_POINT('',(-64.7,59.,4.8));
#1434 = SURFACE_CURVE('',#1435,(#1440,#1451),.PCURVE_S1.);
#1435 = CIRCLE('',#1436,5.7);
#1436 = AXIS2_PLACEMENT_3D('',#1437,#1438,#1439);
#1437 = CARTESIAN_POINT('',(-59.,59.,4.8));
#1438 = DIRECTION('',(-0.,0.,-1.));
#1439 = DIRECTION('',(-1.,0.,0.));
#1440 = PCURVE('',#395,#1441);
#1441 = DEFINITIONAL_REPRESENTATION('',(#1442),#1450);
#1442 = ( BOUNDED_CURVE() B_SPLINE_CURVE(2,(#1443,#1444,#1445,#1446,
#1447,#1448,#1449),.UNSPECIFIED.,.T.,.F.) B_SPLINE_CURVE_WITH_KNOTS((1,2
    ,2,2,2,1),(-2.094395102393,0.,2.094395102393,4.188790204786,
6.28318530718,8.377580409573),.UNSPECIFIED.) CURVE() 
GEOMETRIC_REPRESENTATION_ITEM() RATIONAL_B_SPLINE_CURVE((1.,0.5,1.,0.5,
1.,0.5,1.)) REPRESENTATION_ITEM('') );
#1443 = CARTESIAN_POINT('',(-64.7,59.));
#1444 = CARTESIAN_POINT('',(-64.7,68.872689603143));
#1445 = CARTESIAN_POINT('',(-56.15,63.936344801571));
#1446 = CARTESIAN_POINT('',(-47.6,59.));
#1447 = CARTESIAN_POINT('',(-56.15,54.063655198429));
#1448 = CARTESIAN_POINT('',(-64.7,49.127310396857));
#1449 = CARTESIAN_POINT('',(-64.7,59.));
#1450 = ( GEOMETRIC_REPRESENTATION_CONTEXT(2) 
PARAMETRIC_REPRESENTATION_CONTEXT() REPRESENTATION_CONTEXT('2D SPACE',''
  ) );
#1451 = PCURVE('',#1452,#1457);
#1452 = CONICAL_SURFACE('',#1453,6.,0.785398163397);
#1453 = AXIS2_PLACEMENT_3D('',#1454,#1455,#1456);
#1454 = CARTESIAN_POINT('',(-59.,59.,4.5));
#1455 = DIRECTION('',(-0.,-0.,-1.));
#1456 = DIRECTION('',(-1.,0.,0.));
#1457 = DEFINITIONAL_REPRESENTATION('',(#1458),#1462);
#1458 = LINE('',#1459,#1460);
#1459 = CARTESIAN_POINT('',(0.,-0.3));
#1460 = VECTOR('',#1461,1.);
#1461 = DIRECTION('',(1.,0.));
#1462 = ( GEOMETRIC_REPRESENTATION_CONTEXT(2) 
PARAMETRIC_REPRESENTATION_CONTEXT() REPRESENTATION_CONTEXT('2D SPACE',''
  ) );
#1463 = ORIENTED_EDGE('',*,*,#1464,.F.);
#1464 = EDGE_CURVE('',#1465,#1432,#1467,.T.);
#1465 = VERTEX_POINT('',#1466);
#1466 = CARTESIAN_POINT('',(-64.7,40.3,4.8));
#1467 = SURFACE_CURVE('',#1468,(#1472,#1479),.PCURVE_S1.);
#1468 = LINE('',#1469,#1470);
#1469 = CARTESIAN_POINT('',(-64.7,40.,4.8));
#1470 = VECTOR('',#1471,1.);
#1471 = DIRECTION('',(0.,1.,0.));
#1472 = PCURVE('',#395,#1473);
#1473 = DEFINITIONAL_REPRESENTATION('',(#1474),#1478);
#1474 = LINE('',#1475,#1476);
#1475 = CARTESIAN_POINT('',(-64.7,40.));
#1476 = VECTOR('',#1477,1.);
#1477 = DIRECTION('',(0.,1.));
#1478 = ( GEOMETRIC_REPRESENTATION_CONTEXT(2) 
PARAMETRIC_REPRESENTATION_CONTEXT() REPRESENTATION_CONTEXT('2D SPACE',''
  ) );
#1479 = PCURVE('',#1480,#1485);
#1480 = PLANE('',#1481);
#1481 = AXIS2_PLACEMENT_3D('',#1482,#1483,#1484);
#1482 = CARTESIAN_POINT('',(-64.85,40.,4.65));
#1483 = DIRECTION('',(-0.707106781187,2.803213105582E-18,0.707106781187)
  );
#1484 = DIRECTION('',(1.982170996068E-18,1.,-1.982170996068E-18));
#1485 = DEFINITIONAL_REPRESENTATION('',(#1486),#1490);
#1486 = LINE('',#1487,#1488);
#1487 = CARTESIAN_POINT('',(0.,-0.212132034356));
#1488 = VECTOR('',#1489,1.);
#1489 = DIRECTION('',(1.,0.));
#1490 = ( GEOMETRIC_REPRESENTATION_CONTEXT(2) 
PARAMETRIC_REPRESENTATION_CONTEXT() REPRESENTATION_CONTEXT('2D SPACE',''
  ) );
#1491 = ORIENTED_EDGE('',*,*,#1492,.T.);
#1492 = EDGE_CURVE('',#1465,#1493,#1495,.T.);
#1493 = VERTEX_POINT('',#1494);
#1494 = CARTESIAN_POINT('',(55.3,40.3,4.8));
#1495 = SURFACE_CURVE('',#1496,(#1500,#1507),.PCURVE_S1.);
#1496 = LINE('',#1497,#1498);
#1497 = CARTESIAN_POINT('',(-65.,40.3,4.8));
#1498 = VECTOR('',#1499,1.);
#1499 = DIRECTION('',(1.,0.,0.));
#1500 = PCURVE('',#395,#1501);
#1501 = DEFINITIONAL_REPRESENTATION('',(#1502),#1506);
#1502 = LINE('',#1503,#1504);
#1503 = CARTESIAN_POINT('',(-65.,40.3));
#1504 = VECTOR('',#1505,1.);
#1505 = DIRECTION('',(1.,0.));
#1506 = ( GEOMETRIC_REPRESENTATION_CONTEXT(2) 
PARAMETRIC_REPRESENTATION_CONTEXT() REPRESENTATION_CONTEXT('2D SPACE',''
  ) );
#1507 = PCURVE('',#1508,#1513);
#1508 = PLANE('',#1509);
#1509 = AXIS2_PLACEMENT_3D('',#1510,#1511,#1512);
#1510 = CARTESIAN_POINT('',(-65.,40.15,4.65));
#1511 = DIRECTION('',(-3.901284499197E-18,0.707106781187,-0.707106781187
    ));
#1512 = DIRECTION('',(1.,2.75862472472E-18,-2.75862472472E-18));
#1513 = DEFINITIONAL_REPRESENTATION('',(#1514),#1518);
#1514 = LINE('',#1515,#1516);
#1515 = CARTESIAN_POINT('',(0.,-0.212132034356));
#1516 = VECTOR('',#1517,1.);
#1517 = DIRECTION('',(1.,0.));
#1518 = ( GEOMETRIC_REPRESENTATION_CONTEXT(2) 
PARAMETRIC_REPRESENTATION_CONTEXT() REPRESENTATION_CONTEXT('2D SPACE',''
  ) );
#1519 = ORIENTED_EDGE('',*,*,#1520,.F.);
#1520 = EDGE_CURVE('',#1521,#1493,#1523,.T.);
#1521 = VERTEX_POINT('',#1522);
#1522 = CARTESIAN_POINT('',(55.3,-39.6,4.8));
#1523 = SURFACE_CURVE('',#1524,(#1528,#1535),.PCURVE_S1.);
#1524 = LINE('',#1525,#1526);
#1525 = CARTESIAN_POINT('',(55.3,-39.3,4.8));
#1526 = VECTOR('',#1527,1.);
#1527 = DIRECTION('',(-0.,1.,0.));
#1528 = PCURVE('',#395,#1529);
#1529 = DEFINITIONAL_REPRESENTATION('',(#1530),#1534);
#1530 = LINE('',#1531,#1532);
#1531 = CARTESIAN_POINT('',(55.3,-39.3));
#1532 = VECTOR('',#1533,1.);
#1533 = DIRECTION('',(0.,1.));
#1534 = ( GEOMETRIC_REPRESENTATION_CONTEXT(2) 
PARAMETRIC_REPRESENTATION_CONTEXT() REPRESENTATION_CONTEXT('2D SPACE',''
  ) );
#1535 = PCURVE('',#1536,#1541);
#1536 = PLANE('',#1537);
#1537 = AXIS2_PLACEMENT_3D('',#1538,#1539,#1540);
#1538 = CARTESIAN_POINT('',(55.15,-39.3,4.65));
#1539 = DIRECTION('',(0.707106781187,2.803213105582E-18,-0.707106781187)
  );
#1540 = DIRECTION('',(1.982170996068E-18,-1.,-1.982170996068E-18));
#1541 = DEFINITIONAL_REPRESENTATION('',(#1542),#1546);
#1542 = LINE('',#1543,#1544);
#1543 = CARTESIAN_POINT('',(-0.,-0.212132034356));
#1544 = VECTOR('',#1545,1.);
#1545 = DIRECTION('',(-1.,0.));
#1546 = ( GEOMETRIC_REPRESENTATION_CONTEXT(2) 
PARAMETRIC_REPRESENTATION_CONTEXT() REPRESENTATION_CONTEXT('2D SPACE',''
  ) );
#1547 = ORIENTED_EDGE('',*,*,#1548,.T.);
#1548 = EDGE_CURVE('',#1521,#1549,#1551,.T.);
#1549 = VERTEX_POINT('',#1550);
#1550 = CARTESIAN_POINT('',(-55.7,-39.6,4.8));
#1551 = SURFACE_CURVE('',#1552,(#1556,#1563),.PCURVE_S1.);
#1552 = LINE('',#1553,#1554);
#1553 = CARTESIAN_POINT('',(55.,-39.6,4.8));
#1554 = VECTOR('',#1555,1.);
#1555 = DIRECTION('',(-1.,-0.,0.));
#1556 = PCURVE('',#395,#1557);
#1557 = DEFINITIONAL_REPRESENTATION('',(#1558),#1562);
#1558 = LINE('',#1559,#1560);
#1559 = CARTESIAN_POINT('',(55.,-39.6));
#1560 = VECTOR('',#1561,1.);
#1561 = DIRECTION('',(-1.,0.));
#1562 = ( GEOMETRIC_REPRESENTATION_CONTEXT(2) 
PARAMETRIC_REPRESENTATION_CONTEXT() REPRESENTATION_CONTEXT('2D SPACE',''
  ) );
#1563 = PCURVE('',#1564,#1569);
#1564 = PLANE('',#1565);
#1565 = AXIS2_PLACEMENT_3D('',#1566,#1567,#1568);
#1566 = CARTESIAN_POINT('',(55.,-39.45,4.65));
#1567 = DIRECTION('',(3.901284499197E-18,0.707106781187,0.707106781187)
  );
#1568 = DIRECTION('',(1.,-2.75862472472E-18,-2.75862472472E-18));
#1569 = DEFINITIONAL_REPRESENTATION('',(#1570),#1574);
#1570 = LINE('',#1571,#1572);
#1571 = CARTESIAN_POINT('',(-0.,-0.212132034356));
#1572 = VECTOR('',#1573,1.);
#1573 = DIRECTION('',(-1.,0.));
#1574 = ( GEOMETRIC_REPRESENTATION_CONTEXT(2) 
PARAMETRIC_REPRESENTATION_CONTEXT() REPRESENTATION_CONTEXT('2D SPACE',''
  ) );
#1575 = ORIENTED_EDGE('',*,*,#1576,.F.);
#1576 = EDGE_CURVE('',#1577,#1549,#1579,.T.);
#1577 = VERTEX_POINT('',#1578);
#1578 = CARTESIAN_POINT('',(-55.7,-40.3,4.8));
#1579 = SURFACE_CURVE('',#1580,(#1584,#1591),.PCURVE_S1.);
#1580 = LINE('',#1581,#1582);
#1581 = CARTESIAN_POINT('',(-55.7,-40.,4.8));
#1582 = VECTOR('',#1583,1.);
#1583 = DIRECTION('',(-0.,1.,0.));
#1584 = PCURVE('',#395,#1585);
#1585 = DEFINITIONAL_REPRESENTATION('',(#1586),#1590);
#1586 = LINE('',#1587,#1588);
#1587 = CARTESIAN_POINT('',(-55.7,-40.));
#1588 = VECTOR('',#1589,1.);
#1589 = DIRECTION('',(0.,1.));
#1590 = ( GEOMETRIC_REPRESENTATION_CONTEXT(2) 
PARAMETRIC_REPRESENTATION_CONTEXT() REPRESENTATION_CONTEXT('2D SPACE',''
  ) );
#1591 = PCURVE('',#1592,#1597);
#1592 = PLANE('',#1593);
#1593 = AXIS2_PLACEMENT_3D('',#1594,#1595,#1596);
#1594 = CARTESIAN_POINT('',(-55.85,-40.,4.65));
#1595 = DIRECTION('',(0.707106781187,2.803213105582E-18,-0.707106781187)
  );
#1596 = DIRECTION('',(1.982170996068E-18,-1.,-1.982170996068E-18));
#1597 = DEFINITIONAL_REPRESENTATION('',(#1598),#1602);
#1598 = LINE('',#1599,#1600);
#1599 = CARTESIAN_POINT('',(-0.,-0.212132034356));
#1600 = VECTOR('',#1601,1.);
#1601 = DIRECTION('',(-1.,0.));
#1602 = ( GEOMETRIC_REPRESENTATION_CONTEXT(2) 
PARAMETRIC_REPRESENTATION_CONTEXT() REPRESENTATION_CONTEXT('2D SPACE',''
  ) );
#1603 = ORIENTED_EDGE('',*,*,#1604,.T.);
#1604 = EDGE_CURVE('',#1577,#354,#1605,.T.);
#1605 = SURFACE_CURVE('',#1606,(#1610,#1617),.PCURVE_S1.);
#1606 = LINE('',#1607,#1608);
#1607 = CARTESIAN_POINT('',(-56.,-40.3,4.8));
#1608 = VECTOR('',#1609,1.);
#1609 = DIRECTION('',(-1.,-0.,0.));
#1610 = PCURVE('',#395,#1611);
#1611 = DEFINITIONAL_REPRESENTATION('',(#1612),#1616);
#1612 = LINE('',#1613,#1614);
#1613 = CARTESIAN_POINT('',(-56.,-40.3));
#1614 = VECTOR('',#1615,1.);
#1615 = DIRECTION('',(-1.,0.));
#1616 = ( GEOMETRIC_REPRESENTATION_CONTEXT(2) 
PARAMETRIC_REPRESENTATION_CONTEXT() REPRESENTATION_CONTEXT('2D SPACE',''
  ) );
#1617 = PCURVE('',#369,#1618);
#1618 = DEFINITIONAL_REPRESENTATION('',(#1619),#1623);
#1619 = LINE('',#1620,#1621);
#1620 = CARTESIAN_POINT('',(0.,0.212132034356));
#1621 = VECTOR('',#1622,1.);
#1622 = DIRECTION('',(1.,0.));
#1623 = ( GEOMETRIC_REPRESENTATION_CONTEXT(2) 
PARAMETRIC_REPRESENTATION_CONTEXT() REPRESENTATION_CONTEXT('2D SPACE',''
  ) );
#1624 = ORIENTED_EDGE('',*,*,#381,.F.);
#1625 = FACE_BOUND('',#1626,.T.);
#1626 = EDGE_LOOP('',(#1627,#1657,#1685,#1713));
#1627 = ORIENTED_EDGE('',*,*,#1628,.T.);
#1628 = EDGE_CURVE('',#1629,#1631,#1633,.T.);
#1629 = VERTEX_POINT('',#1630);
#1630 = CARTESIAN_POINT('',(63.8,-11.3,4.8));
#1631 = VERTEX_POINT('',#1632);
#1632 = CARTESIAN_POINT('',(62.,-11.3,4.8));
#1633 = SURFACE_CURVE('',#1634,(#1638,#1645),.PCURVE_S1.);
#1634 = LINE('',#1635,#1636);
#1635 = CARTESIAN_POINT('',(63.5,-11.3,4.8));
#1636 = VECTOR('',#1637,1.);
#1637 = DIRECTION('',(-1.,-0.,0.));
#1638 = PCURVE('',#395,#1639);
#1639 = DEFINITIONAL_REPRESENTATION('',(#1640),#1644);
#1640 = LINE('',#1641,#1642);
#1641 = CARTESIAN_POINT('',(63.5,-11.3));
#1642 = VECTOR('',#1643,1.);
#1643 = DIRECTION('',(-1.,0.));
#1644 = ( GEOMETRIC_REPRESENTATION_CONTEXT(2) 
PARAMETRIC_REPRESENTATION_CONTEXT() REPRESENTATION_CONTEXT('2D SPACE',''
  ) );
#1645 = PCURVE('',#1646,#1651);
#1646 = PLANE('',#1647);
#1647 = AXIS2_PLACEMENT_3D('',#1648,#1649,#1650);
#1648 = CARTESIAN_POINT('',(63.5,-11.15,4.65));
#1649 = DIRECTION('',(-1.124258545907E-18,0.707106781187,0.707106781187)
  );
#1650 = DIRECTION('',(1.,7.949708416177E-19,7.949708416177E-19));
#1651 = DEFINITIONAL_REPRESENTATION('',(#1652),#1656);
#1652 = LINE('',#1653,#1654);
#1653 = CARTESIAN_POINT('',(-0.,-0.212132034356));
#1654 = VECTOR('',#1655,1.);
#1655 = DIRECTION('',(-1.,0.));
#1656 = ( GEOMETRIC_REPRESENTATION_CONTEXT(2) 
PARAMETRIC_REPRESENTATION_CONTEXT() REPRESENTATION_CONTEXT('2D SPACE',''
  ) );
#1657 = ORIENTED_EDGE('',*,*,#1658,.T.);
#1658 = EDGE_CURVE('',#1631,#1659,#1661,.T.);
#1659 = VERTEX_POINT('',#1660);
#1660 = CARTESIAN_POINT('',(62.,11.3,4.8));
#1661 = SURFACE_CURVE('',#1662,(#1666,#1673),.PCURVE_S1.);
#1662 = LINE('',#1663,#1664);
#1663 = CARTESIAN_POINT('',(62.,-11.,4.8));
#1664 = VECTOR('',#1665,1.);
#1665 = DIRECTION('',(-0.,1.,0.));
#1666 = PCURVE('',#395,#1667);
#1667 = DEFINITIONAL_REPRESENTATION('',(#1668),#1672);
#1668 = LINE('',#1669,#1670);
#1669 = CARTESIAN_POINT('',(62.,-11.));
#1670 = VECTOR('',#1671,1.);
#1671 = DIRECTION('',(0.,1.));
#1672 = ( GEOMETRIC_REPRESENTATION_CONTEXT(2) 
PARAMETRIC_REPRESENTATION_CONTEXT() REPRESENTATION_CONTEXT('2D SPACE',''
  ) );
#1673 = PCURVE('',#1674,#1679);
#1674 = PLANE('',#1675);
#1675 = AXIS2_PLACEMENT_3D('',#1676,#1677,#1678);
#1676 = CARTESIAN_POINT('',(62.15,-11.,4.65));
#1677 = DIRECTION('',(0.707106781187,-2.803213105582E-18,0.707106781187)
  );
#1678 = DIRECTION('',(-1.982170996068E-18,-1.,-1.982170996068E-18));
#1679 = DEFINITIONAL_REPRESENTATION('',(#1680),#1684);
#1680 = LINE('',#1681,#1682);
#1681 = CARTESIAN_POINT('',(-0.,-0.212132034356));
#1682 = VECTOR('',#1683,1.);
#1683 = DIRECTION('',(-1.,0.));
#1684 = ( GEOMETRIC_REPRESENTATION_CONTEXT(2) 
PARAMETRIC_REPRESENTATION_CONTEXT() REPRESENTATION_CONTEXT('2D SPACE',''
  ) );
#1685 = ORIENTED_EDGE('',*,*,#1686,.F.);
#1686 = EDGE_CURVE('',#1687,#1659,#1689,.T.);
#1687 = VERTEX_POINT('',#1688);
#1688 = CARTESIAN_POINT('',(63.8,11.3,4.8));
#1689 = SURFACE_CURVE('',#1690,(#1694,#1701),.PCURVE_S1.);
#1690 = LINE('',#1691,#1692);
#1691 = CARTESIAN_POINT('',(63.5,11.3,4.8));
#1692 = VECTOR('',#1693,1.);
#1693 = DIRECTION('',(-1.,-0.,0.));
#1694 = PCURVE('',#395,#1695);
#1695 = DEFINITIONAL_REPRESENTATION('',(#1696),#1700);
#1696 = LINE('',#1697,#1698);
#1697 = CARTESIAN_POINT('',(63.5,11.3));
#1698 = VECTOR('',#1699,1.);
#1699 = DIRECTION('',(-1.,0.));
#1700 = ( GEOMETRIC_REPRESENTATION_CONTEXT(2) 
PARAMETRIC_REPRESENTATION_CONTEXT() REPRESENTATION_CONTEXT('2D SPACE',''
  ) );
#1701 = PCURVE('',#1702,#1707);
#1702 = PLANE('',#1703);
#1703 = AXIS2_PLACEMENT_3D('',#1704,#1705,#1706);
#1704 = CARTESIAN_POINT('',(63.5,11.15,4.65));
#1705 = DIRECTION('',(1.124258545907E-18,0.707106781187,-0.707106781187)
  );
#1706 = DIRECTION('',(1.,-7.949708416177E-19,7.949708416177E-19));
#1707 = DEFINITIONAL_REPRESENTATION('',(#1708),#1712);
#1708 = LINE('',#1709,#1710);
#1709 = CARTESIAN_POINT('',(-0.,-0.212132034356));
#1710 = VECTOR('',#1711,1.);
#1711 = DIRECTION('',(-1.,0.));
#1712 = ( GEOMETRIC_REPRESENTATION_CONTEXT(2) 
PARAMETRIC_REPRESENTATION_CONTEXT() REPRESENTATION_CONTEXT('2D SPACE',''
  ) );
#1713 = ORIENTED_EDGE('',*,*,#1714,.F.);
#1714 = EDGE_CURVE('',#1629,#1687,#1715,.T.);
#1715 = SURFACE_CURVE('',#1716,(#1720,#1727),.PCURVE_S1.);
#1716 = LINE('',#1717,#1718);
#1717 = CARTESIAN_POINT('',(63.8,-11.,4.8));
#1718 = VECTOR('',#1719,1.);
#1719 = DIRECTION('',(-0.,1.,0.));
#1720 = PCURVE('',#395,#1721);
#1721 = DEFINITIONAL_REPRESENTATION('',(#1722),#1726);
#1722 = LINE('',#1723,#1724);
#1723 = CARTESIAN_POINT('',(63.8,-11.));
#1724 = VECTOR('',#1725,1.);
#1725 = DIRECTION('',(0.,1.));
#1726 = ( GEOMETRIC_REPRESENTATION_CONTEXT(2) 
PARAMETRIC_REPRESENTATION_CONTEXT() REPRESENTATION_CONTEXT('2D SPACE',''
  ) );
#1727 = PCURVE('',#1728,#1733);
#1728 = PLANE('',#1729);
#1729 = AXIS2_PLACEMENT_3D('',#1730,#1731,#1732);
#1730 = CARTESIAN_POINT('',(63.65,-11.,4.65));
#1731 = DIRECTION('',(0.707106781187,2.803213105582E-18,-0.707106781187)
  );
#1732 = DIRECTION('',(1.982170996068E-18,-1.,-1.982170996068E-18));
#1733 = DEFINITIONAL_REPRESENTATION('',(#1734),#1738);
#1734 = LINE('',#1735,#1736);
#1735 = CARTESIAN_POINT('',(-0.,-0.212132034356));
#1736 = VECTOR('',#1737,1.);
#1737 = DIRECTION('',(-1.,0.));
#1738 = ( GEOMETRIC_REPRESENTATION_CONTEXT(2) 
PARAMETRIC_REPRESENTATION_CONTEXT() REPRESENTATION_CONTEXT('2D SPACE',''
  ) );
#1739 = ADVANCED_FACE('',(#1740),#369,.T.);
#1740 = FACE_BOUND('',#1741,.T.);
#1741 = EDGE_LOOP('',(#1742,#1763,#1764,#1765));
#1742 = ORIENTED_EDGE('',*,*,#1743,.F.);
#1743 = EDGE_CURVE('',#487,#1577,#1744,.T.);
#1744 = SURFACE_CURVE('',#1745,(#1749,#1756),.PCURVE_S1.);
#1745 = LINE('',#1746,#1747);
#1746 = CARTESIAN_POINT('',(-55.9,-40.1,4.6));
#1747 = VECTOR('',#1748,1.);
#1748 = DIRECTION('',(0.57735026919,-0.57735026919,0.57735026919));
#1749 = PCURVE('',#369,#1750);
#1750 = DEFINITIONAL_REPRESENTATION('',(#1751),#1755);
#1751 = LINE('',#1752,#1753);
#1752 = CARTESIAN_POINT('',(-0.1,-7.071067811865E-02));
#1753 = VECTOR('',#1754,1.);
#1754 = DIRECTION('',(-0.57735026919,0.816496580928));
#1755 = ( GEOMETRIC_REPRESENTATION_CONTEXT(2) 
PARAMETRIC_REPRESENTATION_CONTEXT() REPRESENTATION_CONTEXT('2D SPACE',''
  ) );
#1756 = PCURVE('',#1592,#1757);
#1757 = DEFINITIONAL_REPRESENTATION('',(#1758),#1762);
#1758 = LINE('',#1759,#1760);
#1759 = CARTESIAN_POINT('',(0.1,7.071067811865E-02));
#1760 = VECTOR('',#1761,1.);
#1761 = DIRECTION('',(0.57735026919,-0.816496580928));
#1762 = ( GEOMETRIC_REPRESENTATION_CONTEXT(2) 
PARAMETRIC_REPRESENTATION_CONTEXT() REPRESENTATION_CONTEXT('2D SPACE',''
  ) );
#1763 = ORIENTED_EDGE('',*,*,#537,.T.);
#1764 = ORIENTED_EDGE('',*,*,#353,.T.);
#1765 = ORIENTED_EDGE('',*,*,#1604,.F.);
#1766 = ADVANCED_FACE('',(#1767,#2694),#449,.F.);
#1767 = FACE_BOUND('',#1768,.F.);
#1768 = EDGE_LOOP('',(#1769,#1770,#1771,#1772,#1793,#1819,#1845,#1878,
    #1906,#1939,#1967,#2000,#2028,#2061,#2087,#2113,#2139,#2165,#2198,
    #2226,#2254,#2282,#2310,#2336,#2362,#2388,#2416,#2444,#2467,#2493,
    #2520,#2546,#2573,#2599,#2625,#2651,#2673,#2693));
#1769 = ORIENTED_EDGE('',*,*,#433,.F.);
#1770 = ORIENTED_EDGE('',*,*,#982,.F.);
#1771 = ORIENTED_EDGE('',*,*,#899,.T.);
#1772 = ORIENTED_EDGE('',*,*,#1773,.F.);
#1773 = EDGE_CURVE('',#1774,#763,#1776,.T.);
#1774 = VERTEX_POINT('',#1775);
#1775 = CARTESIAN_POINT('',(-62.3,-41.,1.E-01));
#1776 = SURFACE_CURVE('',#1777,(#1781,#1787),.PCURVE_S1.);
#1777 = LINE('',#1778,#1779);
#1778 = CARTESIAN_POINT('',(-31.75,-41.,1.E-01));
#1779 = VECTOR('',#1780,1.);
#1780 = DIRECTION('',(-1.,-0.,0.));
#1781 = PCURVE('',#449,#1782);
#1782 = DEFINITIONAL_REPRESENTATION('',(#1783),#1786);
#1783 = B_SPLINE_CURVE_WITH_KNOTS('',1,(#1784,#1785),.UNSPECIFIED.,.F.,
  .F.,(2,2),(30.55,31.75),.PIECEWISE_BEZIER_KNOTS.);
#1784 = CARTESIAN_POINT('',(-62.3,-41.));
#1785 = CARTESIAN_POINT('',(-63.5,-41.));
#1786 = ( GEOMETRIC_REPRESENTATION_CONTEXT(2) 
PARAMETRIC_REPRESENTATION_CONTEXT() REPRESENTATION_CONTEXT('2D SPACE',''
  ) );
#1787 = PCURVE('',#780,#1788);
#1788 = DEFINITIONAL_REPRESENTATION('',(#1789),#1792);
#1789 = B_SPLINE_CURVE_WITH_KNOTS('',1,(#1790,#1791),.UNSPECIFIED.,.F.,
  .F.,(2,2),(30.55,31.75),.PIECEWISE_BEZIER_KNOTS.);
#1790 = CARTESIAN_POINT('',(1.,1.2));
#1791 = CARTESIAN_POINT('',(1.,0.));
#1792 = ( GEOMETRIC_REPRESENTATION_CONTEXT(2) 
PARAMETRIC_REPRESENTATION_CONTEXT() REPRESENTATION_CONTEXT('2D SPACE',''
  ) );
#1793 = ORIENTED_EDGE('',*,*,#1794,.F.);
#1794 = EDGE_CURVE('',#1795,#1774,#1797,.T.);
#1795 = VERTEX_POINT('',#1796);
#1796 = CARTESIAN_POINT('',(-62.3,-63.,1.E-01));
#1797 = SURFACE_CURVE('',#1798,(#1802,#1808),.PCURVE_S1.);
#1798 = LINE('',#1799,#1800);
#1799 = CARTESIAN_POINT('',(-62.3,-31.5,1.E-01));
#1800 = VECTOR('',#1801,1.);
#1801 = DIRECTION('',(-0.,1.,0.));
#1802 = PCURVE('',#449,#1803);
#1803 = DEFINITIONAL_REPRESENTATION('',(#1804),#1807);
#1804 = B_SPLINE_CURVE_WITH_KNOTS('',1,(#1805,#1806),.UNSPECIFIED.,.F.,
  .F.,(2,2),(-31.5,-9.5),.PIECEWISE_BEZIER_KNOTS.);
#1805 = CARTESIAN_POINT('',(-62.3,-63.));
#1806 = CARTESIAN_POINT('',(-62.3,-41.));
#1807 = ( GEOMETRIC_REPRESENTATION_CONTEXT(2) 
PARAMETRIC_REPRESENTATION_CONTEXT() REPRESENTATION_CONTEXT('2D SPACE',''
  ) );
#1808 = PCURVE('',#1809,#1814);
#1809 = PLANE('',#1810);
#1810 = AXIS2_PLACEMENT_3D('',#1811,#1812,#1813);
#1811 = CARTESIAN_POINT('',(-62.3,-63.,-0.9));
#1812 = DIRECTION('',(1.,0.,-0.));
#1813 = DIRECTION('',(0.,0.,1.));
#1814 = DEFINITIONAL_REPRESENTATION('',(#1815),#1818);
#1815 = B_SPLINE_CURVE_WITH_KNOTS('',1,(#1816,#1817),.UNSPECIFIED.,.F.,
  .F.,(2,2),(-31.5,-9.5),.PIECEWISE_BEZIER_KNOTS.);
#1816 = CARTESIAN_POINT('',(1.,0.));
#1817 = CARTESIAN_POINT('',(1.,-22.));
#1818 = ( GEOMETRIC_REPRESENTATION_CONTEXT(2) 
PARAMETRIC_REPRESENTATION_CONTEXT() REPRESENTATION_CONTEXT('2D SPACE',''
  ) );
#1819 = ORIENTED_EDGE('',*,*,#1820,.T.);
#1820 = EDGE_CURVE('',#1795,#1821,#1823,.T.);
#1821 = VERTEX_POINT('',#1822);
#1822 = CARTESIAN_POINT('',(-62.32264954516,-63.,1.E-01));
#1823 = SURFACE_CURVE('',#1824,(#1828,#1834),.PCURVE_S1.);
#1824 = LINE('',#1825,#1826);
#1825 = CARTESIAN_POINT('',(-31.75,-63.,1.E-01));
#1826 = VECTOR('',#1827,1.);
#1827 = DIRECTION('',(-1.,-0.,0.));
#1828 = PCURVE('',#449,#1829);
#1829 = DEFINITIONAL_REPRESENTATION('',(#1830),#1833);
#1830 = B_SPLINE_CURVE_WITH_KNOTS('',1,(#1831,#1832),.UNSPECIFIED.,.F.,
  .F.,(2,2),(30.55,31.75),.PIECEWISE_BEZIER_KNOTS.);
#1831 = CARTESIAN_POINT('',(-62.3,-63.));
#1832 = CARTESIAN_POINT('',(-63.5,-63.));
#1833 = ( GEOMETRIC_REPRESENTATION_CONTEXT(2) 
PARAMETRIC_REPRESENTATION_CONTEXT() REPRESENTATION_CONTEXT('2D SPACE',''
  ) );
#1834 = PCURVE('',#1835,#1840);
#1835 = PLANE('',#1836);
#1836 = AXIS2_PLACEMENT_3D('',#1837,#1838,#1839);
#1837 = CARTESIAN_POINT('',(-63.5,-63.,-0.9));
#1838 = DIRECTION('',(-0.,1.,0.));
#1839 = DIRECTION('',(0.,0.,1.));
#1840 = DEFINITIONAL_REPRESENTATION('',(#1841),#1844);
#1841 = B_SPLINE_CURVE_WITH_KNOTS('',1,(#1842,#1843),.UNSPECIFIED.,.F.,
  .F.,(2,2),(30.55,31.75),.PIECEWISE_BEZIER_KNOTS.);
#1842 = CARTESIAN_POINT('',(1.,1.2));
#1843 = CARTESIAN_POINT('',(1.,0.));
#1844 = ( GEOMETRIC_REPRESENTATION_CONTEXT(2) 
PARAMETRIC_REPRESENTATION_CONTEXT() REPRESENTATION_CONTEXT('2D SPACE',''
  ) );
#1845 = ORIENTED_EDGE('',*,*,#1846,.F.);
#1846 = EDGE_CURVE('',#1847,#1821,#1849,.T.);
#1847 = VERTEX_POINT('',#1848);
#1848 = CARTESIAN_POINT('',(-59.,-64.2,1.E-01));
#1849 = SURFACE_CURVE('',#1850,(#1855,#1866),.PCURVE_S1.);
#1850 = CIRCLE('',#1851,5.2);
#1851 = AXIS2_PLACEMENT_3D('',#1852,#1853,#1854);
#1852 = CARTESIAN_POINT('',(-59.,-59.,1.E-01));
#1853 = DIRECTION('',(-0.,-0.,-1.));
#1854 = DIRECTION('',(0.,-1.,0.));
#1855 = PCURVE('',#449,#1856);
#1856 = DEFINITIONAL_REPRESENTATION('',(#1857),#1865);
#1857 = ( BOUNDED_CURVE() B_SPLINE_CURVE(2,(#1858,#1859,#1860,#1861,
#1862,#1863,#1864),.UNSPECIFIED.,.T.,.F.) B_SPLINE_CURVE_WITH_KNOTS((1,2
    ,2,2,2,1),(-2.094395102393,0.,2.094395102393,4.188790204786,
6.28318530718,8.377580409573),.UNSPECIFIED.) CURVE() 
GEOMETRIC_REPRESENTATION_ITEM() RATIONAL_B_SPLINE_CURVE((1.,0.5,1.,0.5,
1.,0.5,1.)) REPRESENTATION_ITEM('') );
#1858 = CARTESIAN_POINT('',(-59.,-64.2));
#1859 = CARTESIAN_POINT('',(-68.00666419935,-64.2));
#1860 = CARTESIAN_POINT('',(-63.50333209967,-56.4));
#1861 = CARTESIAN_POINT('',(-59.,-48.6));
#1862 = CARTESIAN_POINT('',(-54.49666790032,-56.4));
#1863 = CARTESIAN_POINT('',(-49.99333580064,-64.2));
#1864 = CARTESIAN_POINT('',(-59.,-64.2));
#1865 = ( GEOMETRIC_REPRESENTATION_CONTEXT(2) 
PARAMETRIC_REPRESENTATION_CONTEXT() REPRESENTATION_CONTEXT('2D SPACE',''
  ) );
#1866 = PCURVE('',#1867,#1872);
#1867 = TOROIDAL_SURFACE('',#1868,5.2,0.8);
#1868 = AXIS2_PLACEMENT_3D('',#1869,#1870,#1871);
#1869 = CARTESIAN_POINT('',(-59.,-59.,0.9));
#1870 = DIRECTION('',(-0.,-0.,-1.));
#1871 = DIRECTION('',(0.,-1.,0.));
#1872 = DEFINITIONAL_REPRESENTATION('',(#1873),#1877);
#1873 = LINE('',#1874,#1875);
#1874 = CARTESIAN_POINT('',(0.,1.570796326795));
#1875 = VECTOR('',#1876,1.);
#1876 = DIRECTION('',(1.,0.));
#1877 = ( GEOMETRIC_REPRESENTATION_CONTEXT(2) 
PARAMETRIC_REPRESENTATION_CONTEXT() REPRESENTATION_CONTEXT('2D SPACE',''
  ) );
#1878 = ORIENTED_EDGE('',*,*,#1879,.F.);
#1879 = EDGE_CURVE('',#1880,#1847,#1882,.T.);
#1880 = VERTEX_POINT('',#1881);
#1881 = CARTESIAN_POINT('',(59.,-64.2,1.E-01));
#1882 = SURFACE_CURVE('',#1883,(#1887,#1894),.PCURVE_S1.);
#1883 = LINE('',#1884,#1885);
#1884 = CARTESIAN_POINT('',(59.,-64.2,1.E-01));
#1885 = VECTOR('',#1886,1.);
#1886 = DIRECTION('',(-1.,-0.,-0.));
#1887 = PCURVE('',#449,#1888);
#1888 = DEFINITIONAL_REPRESENTATION('',(#1889),#1893);
#1889 = LINE('',#1890,#1891);
#1890 = CARTESIAN_POINT('',(59.,-64.2));
#1891 = VECTOR('',#1892,1.);
#1892 = DIRECTION('',(-1.,0.));
#1893 = ( GEOMETRIC_REPRESENTATION_CONTEXT(2) 
PARAMETRIC_REPRESENTATION_CONTEXT() REPRESENTATION_CONTEXT('2D SPACE',''
  ) );
#1894 = PCURVE('',#1895,#1900);
#1895 = CYLINDRICAL_SURFACE('',#1896,0.8);
#1896 = AXIS2_PLACEMENT_3D('',#1897,#1898,#1899);
#1897 = CARTESIAN_POINT('',(59.,-64.2,0.9));
#1898 = DIRECTION('',(-1.,-0.,-0.));
#1899 = DIRECTION('',(0.,-1.,0.));
#1900 = DEFINITIONAL_REPRESENTATION('',(#1901),#1905);
#1901 = LINE('',#1902,#1903);
#1902 = CARTESIAN_POINT('',(-1.570796326795,0.));
#1903 = VECTOR('',#1904,1.);
#1904 = DIRECTION('',(-0.,1.));
#1905 = ( GEOMETRIC_REPRESENTATION_CONTEXT(2) 
PARAMETRIC_REPRESENTATION_CONTEXT() REPRESENTATION_CONTEXT('2D SPACE',''
  ) );
#1906 = ORIENTED_EDGE('',*,*,#1907,.F.);
#1907 = EDGE_CURVE('',#1908,#1880,#1910,.T.);
#1908 = VERTEX_POINT('',#1909);
#1909 = CARTESIAN_POINT('',(64.2,-59.,1.E-01));
#1910 = SURFACE_CURVE('',#1911,(#1916,#1927),.PCURVE_S1.);
#1911 = CIRCLE('',#1912,5.2);
#1912 = AXIS2_PLACEMENT_3D('',#1913,#1914,#1915);
#1913 = CARTESIAN_POINT('',(59.,-59.,1.E-01));
#1914 = DIRECTION('',(0.,-0.,-1.));
#1915 = DIRECTION('',(1.,0.,-0.));
#1916 = PCURVE('',#449,#1917);
#1917 = DEFINITIONAL_REPRESENTATION('',(#1918),#1926);
#1918 = ( BOUNDED_CURVE() B_SPLINE_CURVE(2,(#1919,#1920,#1921,#1922,
#1923,#1924,#1925),.UNSPECIFIED.,.T.,.F.) B_SPLINE_CURVE_WITH_KNOTS((1,2
    ,2,2,2,1),(-2.094395102393,0.,2.094395102393,4.188790204786,
6.28318530718,8.377580409573),.UNSPECIFIED.) CURVE() 
GEOMETRIC_REPRESENTATION_ITEM() RATIONAL_B_SPLINE_CURVE((1.,0.5,1.,0.5,
1.,0.5,1.)) REPRESENTATION_ITEM('') );
#1919 = CARTESIAN_POINT('',(64.2,-59.));
#1920 = CARTESIAN_POINT('',(64.2,-68.00666419935));
#1921 = CARTESIAN_POINT('',(56.4,-63.50333209967));
#1922 = CARTESIAN_POINT('',(48.6,-59.));
#1923 = CARTESIAN_POINT('',(56.4,-54.49666790032));
#1924 = CARTESIAN_POINT('',(64.2,-49.99333580064));
#1925 = CARTESIAN_POINT('',(64.2,-59.));
#1926 = ( GEOMETRIC_REPRESENTATION_CONTEXT(2) 
PARAMETRIC_REPRESENTATION_CONTEXT() REPRESENTATION_CONTEXT('2D SPACE',''
  ) );
#1927 = PCURVE('',#1928,#1933);
#1928 = TOROIDAL_SURFACE('',#1929,5.2,0.8);
#1929 = AXIS2_PLACEMENT_3D('',#1930,#1931,#1932);
#1930 = CARTESIAN_POINT('',(59.,-59.,0.9));
#1931 = DIRECTION('',(-0.,-0.,-1.));
#1932 = DIRECTION('',(1.,0.,-0.));
#1933 = DEFINITIONAL_REPRESENTATION('',(#1934),#1938);
#1934 = LINE('',#1935,#1936);
#1935 = CARTESIAN_POINT('',(0.,1.570796326795));
#1936 = VECTOR('',#1937,1.);
#1937 = DIRECTION('',(1.,0.));
#1938 = ( GEOMETRIC_REPRESENTATION_CONTEXT(2) 
PARAMETRIC_REPRESENTATION_CONTEXT() REPRESENTATION_CONTEXT('2D SPACE',''
  ) );
#1939 = ORIENTED_EDGE('',*,*,#1940,.F.);
#1940 = EDGE_CURVE('',#1941,#1908,#1943,.T.);
#1941 = VERTEX_POINT('',#1942);
#1942 = CARTESIAN_POINT('',(64.2,59.,1.E-01));
#1943 = SURFACE_CURVE('',#1944,(#1948,#1955),.PCURVE_S1.);
#1944 = LINE('',#1945,#1946);
#1945 = CARTESIAN_POINT('',(64.2,59.,1.E-01));
#1946 = VECTOR('',#1947,1.);
#1947 = DIRECTION('',(-0.,-1.,-0.));
#1948 = PCURVE('',#449,#1949);
#1949 = DEFINITIONAL_REPRESENTATION('',(#1950),#1954);
#1950 = LINE('',#1951,#1952);
#1951 = CARTESIAN_POINT('',(64.2,59.));
#1952 = VECTOR('',#1953,1.);
#1953 = DIRECTION('',(0.,-1.));
#1954 = ( GEOMETRIC_REPRESENTATION_CONTEXT(2) 
PARAMETRIC_REPRESENTATION_CONTEXT() REPRESENTATION_CONTEXT('2D SPACE',''
  ) );
#1955 = PCURVE('',#1956,#1961);
#1956 = CYLINDRICAL_SURFACE('',#1957,0.8);
#1957 = AXIS2_PLACEMENT_3D('',#1958,#1959,#1960);
#1958 = CARTESIAN_POINT('',(64.2,59.,0.9));
#1959 = DIRECTION('',(-0.,-1.,-0.));
#1960 = DIRECTION('',(1.,-0.,0.));
#1961 = DEFINITIONAL_REPRESENTATION('',(#1962),#1966);
#1962 = LINE('',#1963,#1964);
#1963 = CARTESIAN_POINT('',(-1.570796326795,0.));
#1964 = VECTOR('',#1965,1.);
#1965 = DIRECTION('',(-0.,1.));
#1966 = ( GEOMETRIC_REPRESENTATION_CONTEXT(2) 
PARAMETRIC_REPRESENTATION_CONTEXT() REPRESENTATION_CONTEXT('2D SPACE',''
  ) );
#1967 = ORIENTED_EDGE('',*,*,#1968,.F.);
#1968 = EDGE_CURVE('',#1969,#1941,#1971,.T.);
#1969 = VERTEX_POINT('',#1970);
#1970 = CARTESIAN_POINT('',(59.,64.2,1.E-01));
#1971 = SURFACE_CURVE('',#1972,(#1977,#1988),.PCURVE_S1.);
#1972 = CIRCLE('',#1973,5.2);
#1973 = AXIS2_PLACEMENT_3D('',#1974,#1975,#1976);
#1974 = CARTESIAN_POINT('',(59.,59.,1.E-01));
#1975 = DIRECTION('',(0.,-0.,-1.));
#1976 = DIRECTION('',(0.,1.,-0.));
#1977 = PCURVE('',#449,#1978);
#1978 = DEFINITIONAL_REPRESENTATION('',(#1979),#1987);
#1979 = ( BOUNDED_CURVE() B_SPLINE_CURVE(2,(#1980,#1981,#1982,#1983,
#1984,#1985,#1986),.UNSPECIFIED.,.T.,.F.) B_SPLINE_CURVE_WITH_KNOTS((1,2
    ,2,2,2,1),(-2.094395102393,0.,2.094395102393,4.188790204786,
6.28318530718,8.377580409573),.UNSPECIFIED.) CURVE() 
GEOMETRIC_REPRESENTATION_ITEM() RATIONAL_B_SPLINE_CURVE((1.,0.5,1.,0.5,
1.,0.5,1.)) REPRESENTATION_ITEM('') );
#1980 = CARTESIAN_POINT('',(59.,64.2));
#1981 = CARTESIAN_POINT('',(68.006664199358,64.2));
#1982 = CARTESIAN_POINT('',(63.503332099679,56.4));
#1983 = CARTESIAN_POINT('',(59.,48.6));
#1984 = CARTESIAN_POINT('',(54.496667900321,56.4));
#1985 = CARTESIAN_POINT('',(49.993335800642,64.2));
#1986 = CARTESIAN_POINT('',(59.,64.2));
#1987 = ( GEOMETRIC_REPRESENTATION_CONTEXT(2) 
PARAMETRIC_REPRESENTATION_CONTEXT() REPRESENTATION_CONTEXT('2D SPACE',''
  ) );
#1988 = PCURVE('',#1989,#1994);
#1989 = TOROIDAL_SURFACE('',#1990,5.2,0.8);
#1990 = AXIS2_PLACEMENT_3D('',#1991,#1992,#1993);
#1991 = CARTESIAN_POINT('',(59.,59.,0.9));
#1992 = DIRECTION('',(-0.,-0.,-1.));
#1993 = DIRECTION('',(0.,1.,-0.));
#1994 = DEFINITIONAL_REPRESENTATION('',(#1995),#1999);
#1995 = LINE('',#1996,#1997);
#1996 = CARTESIAN_POINT('',(0.,1.570796326795));
#1997 = VECTOR('',#1998,1.);
#1998 = DIRECTION('',(1.,0.));
#1999 = ( GEOMETRIC_REPRESENTATION_CONTEXT(2) 
PARAMETRIC_REPRESENTATION_CONTEXT() REPRESENTATION_CONTEXT('2D SPACE',''
  ) );
#2000 = ORIENTED_EDGE('',*,*,#2001,.F.);
#2001 = EDGE_CURVE('',#2002,#1969,#2004,.T.);
#2002 = VERTEX_POINT('',#2003);
#2003 = CARTESIAN_POINT('',(-59.,64.2,1.E-01));
#2004 = SURFACE_CURVE('',#2005,(#2009,#2016),.PCURVE_S1.);
#2005 = LINE('',#2006,#2007);
#2006 = CARTESIAN_POINT('',(-59.,64.2,1.E-01));
#2007 = VECTOR('',#2008,1.);
#2008 = DIRECTION('',(1.,0.,0.));
#2009 = PCURVE('',#449,#2010);
#2010 = DEFINITIONAL_REPRESENTATION('',(#2011),#2015);
#2011 = LINE('',#2012,#2013);
#2012 = CARTESIAN_POINT('',(-59.,64.2));
#2013 = VECTOR('',#2014,1.);
#2014 = DIRECTION('',(1.,0.));
#2015 = ( GEOMETRIC_REPRESENTATION_CONTEXT(2) 
PARAMETRIC_REPRESENTATION_CONTEXT() REPRESENTATION_CONTEXT('2D SPACE',''
  ) );
#2016 = PCURVE('',#2017,#2022);
#2017 = CYLINDRICAL_SURFACE('',#2018,0.8);
#2018 = AXIS2_PLACEMENT_3D('',#2019,#2020,#2021);
#2019 = CARTESIAN_POINT('',(-59.,64.2,0.9));
#2020 = DIRECTION('',(1.,0.,0.));
#2021 = DIRECTION('',(-0.,1.,0.));
#2022 = DEFINITIONAL_REPRESENTATION('',(#2023),#2027);
#2023 = LINE('',#2024,#2025);
#2024 = CARTESIAN_POINT('',(-1.570796326795,0.));
#2025 = VECTOR('',#2026,1.);
#2026 = DIRECTION('',(-0.,1.));
#2027 = ( GEOMETRIC_REPRESENTATION_CONTEXT(2) 
PARAMETRIC_REPRESENTATION_CONTEXT() REPRESENTATION_CONTEXT('2D SPACE',''
  ) );
#2028 = ORIENTED_EDGE('',*,*,#2029,.F.);
#2029 = EDGE_CURVE('',#2030,#2002,#2032,.T.);
#2030 = VERTEX_POINT('',#2031);
#2031 = CARTESIAN_POINT('',(-62.32264954516,63.,1.E-01));
#2032 = SURFACE_CURVE('',#2033,(#2038,#2049),.PCURVE_S1.);
#2033 = CIRCLE('',#2034,5.2);
#2034 = AXIS2_PLACEMENT_3D('',#2035,#2036,#2037);
#2035 = CARTESIAN_POINT('',(-59.,59.,1.E-01));
#2036 = DIRECTION('',(-0.,0.,-1.));
#2037 = DIRECTION('',(-1.,0.,0.));
#2038 = PCURVE('',#449,#2039);
#2039 = DEFINITIONAL_REPRESENTATION('',(#2040),#2048);
#2040 = ( BOUNDED_CURVE() B_SPLINE_CURVE(2,(#2041,#2042,#2043,#2044,
#2045,#2046,#2047),.UNSPECIFIED.,.T.,.F.) B_SPLINE_CURVE_WITH_KNOTS((1,2
    ,2,2,2,1),(-2.094395102393,0.,2.094395102393,4.188790204786,
6.28318530718,8.377580409573),.UNSPECIFIED.) CURVE() 
GEOMETRIC_REPRESENTATION_ITEM() RATIONAL_B_SPLINE_CURVE((1.,0.5,1.,0.5,
1.,0.5,1.)) REPRESENTATION_ITEM('') );
#2041 = CARTESIAN_POINT('',(-64.2,59.));
#2042 = CARTESIAN_POINT('',(-64.2,68.006664199358));
#2043 = CARTESIAN_POINT('',(-56.4,63.503332099679));
#2044 = CARTESIAN_POINT('',(-48.6,59.));
#2045 = CARTESIAN_POINT('',(-56.4,54.496667900321));
#2046 = CARTESIAN_POINT('',(-64.2,49.993335800642));
#2047 = CARTESIAN_POINT('',(-64.2,59.));
#2048 = ( GEOMETRIC_REPRESENTATION_CONTEXT(2) 
PARAMETRIC_REPRESENTATION_CONTEXT() REPRESENTATION_CONTEXT('2D SPACE',''
  ) );
#2049 = PCURVE('',#2050,#2055);
#2050 = TOROIDAL_SURFACE('',#2051,5.2,0.8);
#2051 = AXIS2_PLACEMENT_3D('',#2052,#2053,#2054);
#2052 = CARTESIAN_POINT('',(-59.,59.,0.9));
#2053 = DIRECTION('',(-0.,-0.,-1.));
#2054 = DIRECTION('',(-1.,0.,0.));
#2055 = DEFINITIONAL_REPRESENTATION('',(#2056),#2060);
#2056 = LINE('',#2057,#2058);
#2057 = CARTESIAN_POINT('',(0.,1.570796326795));
#2058 = VECTOR('',#2059,1.);
#2059 = DIRECTION('',(1.,0.));
#2060 = ( GEOMETRIC_REPRESENTATION_CONTEXT(2) 
PARAMETRIC_REPRESENTATION_CONTEXT() REPRESENTATION_CONTEXT('2D SPACE',''
  ) );
#2061 = ORIENTED_EDGE('',*,*,#2062,.F.);
#2062 = EDGE_CURVE('',#2063,#2030,#2065,.T.);
#2063 = VERTEX_POINT('',#2064);
#2064 = CARTESIAN_POINT('',(-62.3,63.,1.E-01));
#2065 = SURFACE_CURVE('',#2066,(#2070,#2076),.PCURVE_S1.);
#2066 = LINE('',#2067,#2068);
#2067 = CARTESIAN_POINT('',(-31.75,63.,1.E-01));
#2068 = VECTOR('',#2069,1.);
#2069 = DIRECTION('',(-1.,-0.,0.));
#2070 = PCURVE('',#449,#2071);
#2071 = DEFINITIONAL_REPRESENTATION('',(#2072),#2075);
#2072 = B_SPLINE_CURVE_WITH_KNOTS('',1,(#2073,#2074),.UNSPECIFIED.,.F.,
  .F.,(2,2),(30.55,31.75),.PIECEWISE_BEZIER_KNOTS.);
#2073 = CARTESIAN_POINT('',(-62.3,63.));
#2074 = CARTESIAN_POINT('',(-63.5,63.));
#2075 = ( GEOMETRIC_REPRESENTATION_CONTEXT(2) 
PARAMETRIC_REPRESENTATION_CONTEXT() REPRESENTATION_CONTEXT('2D SPACE',''
  ) );
#2076 = PCURVE('',#2077,#2082);
#2077 = PLANE('',#2078);
#2078 = AXIS2_PLACEMENT_3D('',#2079,#2080,#2081);
#2079 = CARTESIAN_POINT('',(-63.5,63.,-0.9));
#2080 = DIRECTION('',(-0.,1.,0.));
#2081 = DIRECTION('',(0.,0.,1.));
#2082 = DEFINITIONAL_REPRESENTATION('',(#2083),#2086);
#2083 = B_SPLINE_CURVE_WITH_KNOTS('',1,(#2084,#2085),.UNSPECIFIED.,.F.,
  .F.,(2,2),(30.55,31.75),.PIECEWISE_BEZIER_KNOTS.);
#2084 = CARTESIAN_POINT('',(1.,1.2));
#2085 = CARTESIAN_POINT('',(1.,0.));
#2086 = ( GEOMETRIC_REPRESENTATION_CONTEXT(2) 
PARAMETRIC_REPRESENTATION_CONTEXT() REPRESENTATION_CONTEXT('2D SPACE',''
  ) );
#2087 = ORIENTED_EDGE('',*,*,#2088,.F.);
#2088 = EDGE_CURVE('',#2089,#2063,#2091,.T.);
#2089 = VERTEX_POINT('',#2090);
#2090 = CARTESIAN_POINT('',(-62.3,41.,1.E-01));
#2091 = SURFACE_CURVE('',#2092,(#2096,#2102),.PCURVE_S1.);
#2092 = LINE('',#2093,#2094);
#2093 = CARTESIAN_POINT('',(-62.3,20.5,1.E-01));
#2094 = VECTOR('',#2095,1.);
#2095 = DIRECTION('',(-0.,1.,0.));
#2096 = PCURVE('',#449,#2097);
#2097 = DEFINITIONAL_REPRESENTATION('',(#2098),#2101);
#2098 = B_SPLINE_CURVE_WITH_KNOTS('',1,(#2099,#2100),.UNSPECIFIED.,.F.,
  .F.,(2,2),(20.5,42.5),.PIECEWISE_BEZIER_KNOTS.);
#2099 = CARTESIAN_POINT('',(-62.3,41.));
#2100 = CARTESIAN_POINT('',(-62.3,63.));
#2101 = ( GEOMETRIC_REPRESENTATION_CONTEXT(2) 
PARAMETRIC_REPRESENTATION_CONTEXT() REPRESENTATION_CONTEXT('2D SPACE',''
  ) );
#2102 = PCURVE('',#2103,#2108);
#2103 = PLANE('',#2104);
#2104 = AXIS2_PLACEMENT_3D('',#2105,#2106,#2107);
#2105 = CARTESIAN_POINT('',(-62.3,41.,-0.9));
#2106 = DIRECTION('',(1.,0.,-0.));
#2107 = DIRECTION('',(0.,0.,1.));
#2108 = DEFINITIONAL_REPRESENTATION('',(#2109),#2112);
#2109 = B_SPLINE_CURVE_WITH_KNOTS('',1,(#2110,#2111),.UNSPECIFIED.,.F.,
  .F.,(2,2),(20.5,42.5),.PIECEWISE_BEZIER_KNOTS.);
#2110 = CARTESIAN_POINT('',(1.,0.));
#2111 = CARTESIAN_POINT('',(1.,-22.));
#2112 = ( GEOMETRIC_REPRESENTATION_CONTEXT(2) 
PARAMETRIC_REPRESENTATION_CONTEXT() REPRESENTATION_CONTEXT('2D SPACE',''
  ) );
#2113 = ORIENTED_EDGE('',*,*,#2114,.T.);
#2114 = EDGE_CURVE('',#2089,#2115,#2117,.T.);
#2115 = VERTEX_POINT('',#2116);
#2116 = CARTESIAN_POINT('',(-63.5,41.,1.E-01));
#2117 = SURFACE_CURVE('',#2118,(#2122,#2128),.PCURVE_S1.);
#2118 = LINE('',#2119,#2120);
#2119 = CARTESIAN_POINT('',(-31.75,41.,1.E-01));
#2120 = VECTOR('',#2121,1.);
#2121 = DIRECTION('',(-1.,-0.,0.));
#2122 = PCURVE('',#449,#2123);
#2123 = DEFINITIONAL_REPRESENTATION('',(#2124),#2127);
#2124 = B_SPLINE_CURVE_WITH_KNOTS('',1,(#2125,#2126),.UNSPECIFIED.,.F.,
  .F.,(2,2),(30.55,31.75),.PIECEWISE_BEZIER_KNOTS.);
#2125 = CARTESIAN_POINT('',(-62.3,41.));
#2126 = CARTESIAN_POINT('',(-63.5,41.));
#2127 = ( GEOMETRIC_REPRESENTATION_CONTEXT(2) 
PARAMETRIC_REPRESENTATION_CONTEXT() REPRESENTATION_CONTEXT('2D SPACE',''
  ) );
#2128 = PCURVE('',#2129,#2134);
#2129 = PLANE('',#2130);
#2130 = AXIS2_PLACEMENT_3D('',#2131,#2132,#2133);
#2131 = CARTESIAN_POINT('',(-63.5,41.,-0.9));
#2132 = DIRECTION('',(-0.,1.,0.));
#2133 = DIRECTION('',(0.,0.,1.));
#2134 = DEFINITIONAL_REPRESENTATION('',(#2135),#2138);
#2135 = B_SPLINE_CURVE_WITH_KNOTS('',1,(#2136,#2137),.UNSPECIFIED.,.F.,
  .F.,(2,2),(30.55,31.75),.PIECEWISE_BEZIER_KNOTS.);
#2136 = CARTESIAN_POINT('',(1.,1.2));
#2137 = CARTESIAN_POINT('',(1.,0.));
#2138 = ( GEOMETRIC_REPRESENTATION_CONTEXT(2) 
PARAMETRIC_REPRESENTATION_CONTEXT() REPRESENTATION_CONTEXT('2D SPACE',''
  ) );
#2139 = ORIENTED_EDGE('',*,*,#2140,.T.);
#2140 = EDGE_CURVE('',#2115,#2141,#2143,.T.);
#2141 = VERTEX_POINT('',#2142);
#2142 = CARTESIAN_POINT('',(-63.5,61.605762844159,1.E-01));
#2143 = SURFACE_CURVE('',#2144,(#2148,#2154),.PCURVE_S1.);
#2144 = LINE('',#2145,#2146);
#2145 = CARTESIAN_POINT('',(-63.5,20.5,1.E-01));
#2146 = VECTOR('',#2147,1.);
#2147 = DIRECTION('',(-0.,1.,0.));
#2148 = PCURVE('',#449,#2149);
#2149 = DEFINITIONAL_REPRESENTATION('',(#2150),#2153);
#2150 = B_SPLINE_CURVE_WITH_KNOTS('',1,(#2151,#2152),.UNSPECIFIED.,.F.,
  .F.,(2,2),(20.5,42.5),.PIECEWISE_BEZIER_KNOTS.);
#2151 = CARTESIAN_POINT('',(-63.5,41.));
#2152 = CARTESIAN_POINT('',(-63.5,63.));
#2153 = ( GEOMETRIC_REPRESENTATION_CONTEXT(2) 
PARAMETRIC_REPRESENTATION_CONTEXT() REPRESENTATION_CONTEXT('2D SPACE',''
  ) );
#2154 = PCURVE('',#2155,#2160);
#2155 = PLANE('',#2156);
#2156 = AXIS2_PLACEMENT_3D('',#2157,#2158,#2159);
#2157 = CARTESIAN_POINT('',(-63.5,41.,-0.9));
#2158 = DIRECTION('',(1.,0.,-0.));
#2159 = DIRECTION('',(0.,0.,1.));
#2160 = DEFINITIONAL_REPRESENTATION('',(#2161),#2164);
#2161 = B_SPLINE_CURVE_WITH_KNOTS('',1,(#2162,#2163),.UNSPECIFIED.,.F.,
  .F.,(2,2),(20.5,42.5),.PIECEWISE_BEZIER_KNOTS.);
#2162 = CARTESIAN_POINT('',(1.,0.));
#2163 = CARTESIAN_POINT('',(1.,-22.));
#2164 = ( GEOMETRIC_REPRESENTATION_CONTEXT(2) 
PARAMETRIC_REPRESENTATION_CONTEXT() REPRESENTATION_CONTEXT('2D SPACE',''
  ) );
#2165 = ORIENTED_EDGE('',*,*,#2166,.F.);
#2166 = EDGE_CURVE('',#2167,#2141,#2169,.T.);
#2167 = VERTEX_POINT('',#2168);
#2168 = CARTESIAN_POINT('',(-64.2,59.,1.E-01));
#2169 = SURFACE_CURVE('',#2170,(#2175,#2186),.PCURVE_S1.);
#2170 = CIRCLE('',#2171,5.2);
#2171 = AXIS2_PLACEMENT_3D('',#2172,#2173,#2174);
#2172 = CARTESIAN_POINT('',(-59.,59.,1.E-01));
#2173 = DIRECTION('',(-0.,0.,-1.));
#2174 = DIRECTION('',(-1.,0.,0.));
#2175 = PCURVE('',#449,#2176);
#2176 = DEFINITIONAL_REPRESENTATION('',(#2177),#2185);
#2177 = ( BOUNDED_CURVE() B_SPLINE_CURVE(2,(#2178,#2179,#2180,#2181,
#2182,#2183,#2184),.UNSPECIFIED.,.T.,.F.) B_SPLINE_CURVE_WITH_KNOTS((1,2
    ,2,2,2,1),(-2.094395102393,0.,2.094395102393,4.188790204786,
6.28318530718,8.377580409573),.UNSPECIFIED.) CURVE() 
GEOMETRIC_REPRESENTATION_ITEM() RATIONAL_B_SPLINE_CURVE((1.,0.5,1.,0.5,
1.,0.5,1.)) REPRESENTATION_ITEM('') );
#2178 = CARTESIAN_POINT('',(-64.2,59.));
#2179 = CARTESIAN_POINT('',(-64.2,68.006664199358));
#2180 = CARTESIAN_POINT('',(-56.4,63.503332099679));
#2181 = CARTESIAN_POINT('',(-48.6,59.));
#2182 = CARTESIAN_POINT('',(-56.4,54.496667900321));
#2183 = CARTESIAN_POINT('',(-64.2,49.993335800642));
#2184 = CARTESIAN_POINT('',(-64.2,59.));
#2185 = ( GEOMETRIC_REPRESENTATION_CONTEXT(2) 
PARAMETRIC_REPRESENTATION_CONTEXT() REPRESENTATION_CONTEXT('2D SPACE',''
  ) );
#2186 = PCURVE('',#2187,#2192);
#2187 = TOROIDAL_SURFACE('',#2188,5.2,0.8);
#2188 = AXIS2_PLACEMENT_3D('',#2189,#2190,#2191);
#2189 = CARTESIAN_POINT('',(-59.,59.,0.9));
#2190 = DIRECTION('',(-0.,-0.,-1.));
#2191 = DIRECTION('',(-1.,0.,0.));
#2192 = DEFINITIONAL_REPRESENTATION('',(#2193),#2197);
#2193 = LINE('',#2194,#2195);
#2194 = CARTESIAN_POINT('',(0.,1.570796326795));
#2195 = VECTOR('',#2196,1.);
#2196 = DIRECTION('',(1.,0.));
#2197 = ( GEOMETRIC_REPRESENTATION_CONTEXT(2) 
PARAMETRIC_REPRESENTATION_CONTEXT() REPRESENTATION_CONTEXT('2D SPACE',''
  ) );
#2198 = ORIENTED_EDGE('',*,*,#2199,.F.);
#2199 = EDGE_CURVE('',#2200,#2167,#2202,.T.);
#2200 = VERTEX_POINT('',#2201);
#2201 = CARTESIAN_POINT('',(-64.2,40.,1.E-01));
#2202 = SURFACE_CURVE('',#2203,(#2207,#2214),.PCURVE_S1.);
#2203 = LINE('',#2204,#2205);
#2204 = CARTESIAN_POINT('',(-64.2,-59.,1.E-01));
#2205 = VECTOR('',#2206,1.);
#2206 = DIRECTION('',(0.,1.,0.));
#2207 = PCURVE('',#449,#2208);
#2208 = DEFINITIONAL_REPRESENTATION('',(#2209),#2213);
#2209 = LINE('',#2210,#2211);
#2210 = CARTESIAN_POINT('',(-64.2,-59.));
#2211 = VECTOR('',#2212,1.);
#2212 = DIRECTION('',(0.,1.));
#2213 = ( GEOMETRIC_REPRESENTATION_CONTEXT(2) 
PARAMETRIC_REPRESENTATION_CONTEXT() REPRESENTATION_CONTEXT('2D SPACE',''
  ) );
#2214 = PCURVE('',#2215,#2220);
#2215 = CYLINDRICAL_SURFACE('',#2216,0.8);
#2216 = AXIS2_PLACEMENT_3D('',#2217,#2218,#2219);
#2217 = CARTESIAN_POINT('',(-64.2,-59.,0.9));
#2218 = DIRECTION('',(0.,1.,0.));
#2219 = DIRECTION('',(-1.,0.,0.));
#2220 = DEFINITIONAL_REPRESENTATION('',(#2221),#2225);
#2221 = LINE('',#2222,#2223);
#2222 = CARTESIAN_POINT('',(-1.570796326795,0.));
#2223 = VECTOR('',#2224,1.);
#2224 = DIRECTION('',(-0.,1.));
#2225 = ( GEOMETRIC_REPRESENTATION_CONTEXT(2) 
PARAMETRIC_REPRESENTATION_CONTEXT() REPRESENTATION_CONTEXT('2D SPACE',''
  ) );
#2226 = ORIENTED_EDGE('',*,*,#2227,.F.);
#2227 = EDGE_CURVE('',#2228,#2200,#2230,.T.);
#2228 = VERTEX_POINT('',#2229);
#2229 = CARTESIAN_POINT('',(-47.,40.,1.E-01));
#2230 = SURFACE_CURVE('',#2231,(#2235,#2242),.PCURVE_S1.);
#2231 = LINE('',#2232,#2233);
#2232 = CARTESIAN_POINT('',(55.,40.,1.E-01));
#2233 = VECTOR('',#2234,1.);
#2234 = DIRECTION('',(-1.,0.,-9.313951548869E-19));
#2235 = PCURVE('',#449,#2236);
#2236 = DEFINITIONAL_REPRESENTATION('',(#2237),#2241);
#2237 = LINE('',#2238,#2239);
#2238 = CARTESIAN_POINT('',(55.,40.));
#2239 = VECTOR('',#2240,1.);
#2240 = DIRECTION('',(-1.,0.));
#2241 = ( GEOMETRIC_REPRESENTATION_CONTEXT(2) 
PARAMETRIC_REPRESENTATION_CONTEXT() REPRESENTATION_CONTEXT('2D SPACE',''
  ) );
#2242 = PCURVE('',#2243,#2248);
#2243 = PLANE('',#2244);
#2244 = AXIS2_PLACEMENT_3D('',#2245,#2246,#2247);
#2245 = CARTESIAN_POINT('',(-66.,40.,-0.9));
#2246 = DIRECTION('',(-0.,1.,0.));
#2247 = DIRECTION('',(0.,0.,1.));
#2248 = DEFINITIONAL_REPRESENTATION('',(#2249),#2253);
#2249 = LINE('',#2250,#2251);
#2250 = CARTESIAN_POINT('',(1.,121.));
#2251 = VECTOR('',#2252,1.);
#2252 = DIRECTION('',(-9.313951548869E-19,-1.));
#2253 = ( GEOMETRIC_REPRESENTATION_CONTEXT(2) 
PARAMETRIC_REPRESENTATION_CONTEXT() REPRESENTATION_CONTEXT('2D SPACE',''
  ) );
#2254 = ORIENTED_EDGE('',*,*,#2255,.T.);
#2255 = EDGE_CURVE('',#2228,#2256,#2258,.T.);
#2256 = VERTEX_POINT('',#2257);
#2257 = CARTESIAN_POINT('',(-47.,59.3,1.E-01));
#2258 = SURFACE_CURVE('',#2259,(#2263,#2270),.PCURVE_S1.);
#2259 = LINE('',#2260,#2261);
#2260 = CARTESIAN_POINT('',(-47.,34.6,1.E-01));
#2261 = VECTOR('',#2262,1.);
#2262 = DIRECTION('',(0.,1.,0.));
#2263 = PCURVE('',#449,#2264);
#2264 = DEFINITIONAL_REPRESENTATION('',(#2265),#2269);
#2265 = LINE('',#2266,#2267);
#2266 = CARTESIAN_POINT('',(-47.,34.6));
#2267 = VECTOR('',#2268,1.);
#2268 = DIRECTION('',(0.,1.));
#2269 = ( GEOMETRIC_REPRESENTATION_CONTEXT(2) 
PARAMETRIC_REPRESENTATION_CONTEXT() REPRESENTATION_CONTEXT('2D SPACE',''
  ) );
#2270 = PCURVE('',#2271,#2276);
#2271 = PLANE('',#2272);
#2272 = AXIS2_PLACEMENT_3D('',#2273,#2274,#2275);
#2273 = CARTESIAN_POINT('',(-47.,34.6,1.E-01));
#2274 = DIRECTION('',(-1.,0.,0.));
#2275 = DIRECTION('',(0.,0.,-1.));
#2276 = DEFINITIONAL_REPRESENTATION('',(#2277),#2281);
#2277 = LINE('',#2278,#2279);
#2278 = CARTESIAN_POINT('',(0.,-0.));
#2279 = VECTOR('',#2280,1.);
#2280 = DIRECTION('',(0.,-1.));
#2281 = ( GEOMETRIC_REPRESENTATION_CONTEXT(2) 
PARAMETRIC_REPRESENTATION_CONTEXT() REPRESENTATION_CONTEXT('2D SPACE',''
  ) );
#2282 = ORIENTED_EDGE('',*,*,#2283,.F.);
#2283 = EDGE_CURVE('',#2284,#2256,#2286,.T.);
#2284 = VERTEX_POINT('',#2285);
#2285 = CARTESIAN_POINT('',(-44.,59.3,1.E-01));
#2286 = SURFACE_CURVE('',#2287,(#2291,#2298),.PCURVE_S1.);
#2287 = LINE('',#2288,#2289);
#2288 = CARTESIAN_POINT('',(-42.7,59.3,1.E-01));
#2289 = VECTOR('',#2290,1.);
#2290 = DIRECTION('',(-1.,0.,0.));
#2291 = PCURVE('',#449,#2292);
#2292 = DEFINITIONAL_REPRESENTATION('',(#2293),#2297);
#2293 = LINE('',#2294,#2295);
#2294 = CARTESIAN_POINT('',(-42.7,59.3));
#2295 = VECTOR('',#2296,1.);
#2296 = DIRECTION('',(-1.,0.));
#2297 = ( GEOMETRIC_REPRESENTATION_CONTEXT(2) 
PARAMETRIC_REPRESENTATION_CONTEXT() REPRESENTATION_CONTEXT('2D SPACE',''
  ) );
#2298 = PCURVE('',#2299,#2304);
#2299 = PLANE('',#2300);
#2300 = AXIS2_PLACEMENT_3D('',#2301,#2302,#2303);
#2301 = CARTESIAN_POINT('',(-44.33195519411,59.3,-1.736671772855));
#2302 = DIRECTION('',(-0.,-1.,-0.));
#2303 = DIRECTION('',(0.,0.,-1.));
#2304 = DEFINITIONAL_REPRESENTATION('',(#2305),#2309);
#2305 = LINE('',#2306,#2307);
#2306 = CARTESIAN_POINT('',(-1.836671772855,1.63195519411));
#2307 = VECTOR('',#2308,1.);
#2308 = DIRECTION('',(0.,-1.));
#2309 = ( GEOMETRIC_REPRESENTATION_CONTEXT(2) 
PARAMETRIC_REPRESENTATION_CONTEXT() REPRESENTATION_CONTEXT('2D SPACE',''
  ) );
#2310 = ORIENTED_EDGE('',*,*,#2311,.T.);
#2311 = EDGE_CURVE('',#2284,#2312,#2314,.T.);
#2312 = VERTEX_POINT('',#2313);
#2313 = CARTESIAN_POINT('',(-44.,64.,1.E-01));
#2314 = SURFACE_CURVE('',#2315,(#2319,#2325),.PCURVE_S1.);
#2315 = LINE('',#2316,#2317);
#2316 = CARTESIAN_POINT('',(-44.,25.5,1.E-01));
#2317 = VECTOR('',#2318,1.);
#2318 = DIRECTION('',(-0.,1.,0.));
#2319 = PCURVE('',#449,#2320);
#2320 = DEFINITIONAL_REPRESENTATION('',(#2321),#2324);
#2321 = B_SPLINE_CURVE_WITH_KNOTS('',1,(#2322,#2323),.UNSPECIFIED.,.F.,
  .F.,(2,2),(25.5,38.5),.PIECEWISE_BEZIER_KNOTS.);
#2322 = CARTESIAN_POINT('',(-44.,51.));
#2323 = CARTESIAN_POINT('',(-44.,64.));
#2324 = ( GEOMETRIC_REPRESENTATION_CONTEXT(2) 
PARAMETRIC_REPRESENTATION_CONTEXT() REPRESENTATION_CONTEXT('2D SPACE',''
  ) );
#2325 = PCURVE('',#2326,#2331);
#2326 = PLANE('',#2327);
#2327 = AXIS2_PLACEMENT_3D('',#2328,#2329,#2330);
#2328 = CARTESIAN_POINT('',(-44.,51.,-0.9));
#2329 = DIRECTION('',(1.,0.,-0.));
#2330 = DIRECTION('',(0.,0.,1.));
#2331 = DEFINITIONAL_REPRESENTATION('',(#2332),#2335);
#2332 = B_SPLINE_CURVE_WITH_KNOTS('',1,(#2333,#2334),.UNSPECIFIED.,.F.,
  .F.,(2,2),(25.5,38.5),.PIECEWISE_BEZIER_KNOTS.);
#2333 = CARTESIAN_POINT('',(1.,0.));
#2334 = CARTESIAN_POINT('',(1.,-13.));
#2335 = ( GEOMETRIC_REPRESENTATION_CONTEXT(2) 
PARAMETRIC_REPRESENTATION_CONTEXT() REPRESENTATION_CONTEXT('2D SPACE',''
  ) );
#2336 = ORIENTED_EDGE('',*,*,#2337,.F.);
#2337 = EDGE_CURVE('',#2338,#2312,#2340,.T.);
#2338 = VERTEX_POINT('',#2339);
#2339 = CARTESIAN_POINT('',(44.,64.,1.E-01));
#2340 = SURFACE_CURVE('',#2341,(#2345,#2351),.PCURVE_S1.);
#2341 = LINE('',#2342,#2343);
#2342 = CARTESIAN_POINT('',(-22.,64.,1.E-01));
#2343 = VECTOR('',#2344,1.);
#2344 = DIRECTION('',(-1.,-0.,0.));
#2345 = PCURVE('',#449,#2346);
#2346 = DEFINITIONAL_REPRESENTATION('',(#2347),#2350);
#2347 = B_SPLINE_CURVE_WITH_KNOTS('',1,(#2348,#2349),.UNSPECIFIED.,.F.,
  .F.,(2,2),(-66.,22.),.PIECEWISE_BEZIER_KNOTS.);
#2348 = CARTESIAN_POINT('',(44.,64.));
#2349 = CARTESIAN_POINT('',(-44.,64.));
#2350 = ( GEOMETRIC_REPRESENTATION_CONTEXT(2) 
PARAMETRIC_REPRESENTATION_CONTEXT() REPRESENTATION_CONTEXT('2D SPACE',''
  ) );
#2351 = PCURVE('',#2352,#2357);
#2352 = PLANE('',#2353);
#2353 = AXIS2_PLACEMENT_3D('',#2354,#2355,#2356);
#2354 = CARTESIAN_POINT('',(-44.,64.,-0.9));
#2355 = DIRECTION('',(-0.,1.,0.));
#2356 = DIRECTION('',(0.,0.,1.));
#2357 = DEFINITIONAL_REPRESENTATION('',(#2358),#2361);
#2358 = B_SPLINE_CURVE_WITH_KNOTS('',1,(#2359,#2360),.UNSPECIFIED.,.F.,
  .F.,(2,2),(-66.,22.),.PIECEWISE_BEZIER_KNOTS.);
#2359 = CARTESIAN_POINT('',(1.,88.));
#2360 = CARTESIAN_POINT('',(1.,0.));
#2361 = ( GEOMETRIC_REPRESENTATION_CONTEXT(2) 
PARAMETRIC_REPRESENTATION_CONTEXT() REPRESENTATION_CONTEXT('2D SPACE',''
  ) );
#2362 = ORIENTED_EDGE('',*,*,#2363,.F.);
#2363 = EDGE_CURVE('',#2364,#2338,#2366,.T.);
#2364 = VERTEX_POINT('',#2365);
#2365 = CARTESIAN_POINT('',(44.,59.3,1.E-01));
#2366 = SURFACE_CURVE('',#2367,(#2371,#2377),.PCURVE_S1.);
#2367 = LINE('',#2368,#2369);
#2368 = CARTESIAN_POINT('',(44.,25.5,1.E-01));
#2369 = VECTOR('',#2370,1.);
#2370 = DIRECTION('',(-0.,1.,0.));
#2371 = PCURVE('',#449,#2372);
#2372 = DEFINITIONAL_REPRESENTATION('',(#2373),#2376);
#2373 = B_SPLINE_CURVE_WITH_KNOTS('',1,(#2374,#2375),.UNSPECIFIED.,.F.,
  .F.,(2,2),(25.5,38.5),.PIECEWISE_BEZIER_KNOTS.);
#2374 = CARTESIAN_POINT('',(44.,51.));
#2375 = CARTESIAN_POINT('',(44.,64.));
#2376 = ( GEOMETRIC_REPRESENTATION_CONTEXT(2) 
PARAMETRIC_REPRESENTATION_CONTEXT() REPRESENTATION_CONTEXT('2D SPACE',''
  ) );
#2377 = PCURVE('',#2378,#2383);
#2378 = PLANE('',#2379);
#2379 = AXIS2_PLACEMENT_3D('',#2380,#2381,#2382);
#2380 = CARTESIAN_POINT('',(44.,51.,-0.9));
#2381 = DIRECTION('',(1.,0.,-0.));
#2382 = DIRECTION('',(0.,0.,1.));
#2383 = DEFINITIONAL_REPRESENTATION('',(#2384),#2387);
#2384 = B_SPLINE_CURVE_WITH_KNOTS('',1,(#2385,#2386),.UNSPECIFIED.,.F.,
  .F.,(2,2),(25.5,38.5),.PIECEWISE_BEZIER_KNOTS.);
#2385 = CARTESIAN_POINT('',(1.,0.));
#2386 = CARTESIAN_POINT('',(1.,-13.));
#2387 = ( GEOMETRIC_REPRESENTATION_CONTEXT(2) 
PARAMETRIC_REPRESENTATION_CONTEXT() REPRESENTATION_CONTEXT('2D SPACE',''
  ) );
#2388 = ORIENTED_EDGE('',*,*,#2389,.T.);
#2389 = EDGE_CURVE('',#2364,#2390,#2392,.T.);
#2390 = VERTEX_POINT('',#2391);
#2391 = CARTESIAN_POINT('',(47.,59.3,1.E-01));
#2392 = SURFACE_CURVE('',#2393,(#2397,#2404),.PCURVE_S1.);
#2393 = LINE('',#2394,#2395);
#2394 = CARTESIAN_POINT('',(42.7,59.3,1.E-01));
#2395 = VECTOR('',#2396,1.);
#2396 = DIRECTION('',(1.,0.,0.));
#2397 = PCURVE('',#449,#2398);
#2398 = DEFINITIONAL_REPRESENTATION('',(#2399),#2403);
#2399 = LINE('',#2400,#2401);
#2400 = CARTESIAN_POINT('',(42.7,59.3));
#2401 = VECTOR('',#2402,1.);
#2402 = DIRECTION('',(1.,0.));
#2403 = ( GEOMETRIC_REPRESENTATION_CONTEXT(2) 
PARAMETRIC_REPRESENTATION_CONTEXT() REPRESENTATION_CONTEXT('2D SPACE',''
  ) );
#2404 = PCURVE('',#2405,#2410);
#2405 = PLANE('',#2406);
#2406 = AXIS2_PLACEMENT_3D('',#2407,#2408,#2409);
#2407 = CARTESIAN_POINT('',(44.33195519411,59.3,-1.736671772855));
#2408 = DIRECTION('',(0.,1.,0.));
#2409 = DIRECTION('',(0.,-0.,1.));
#2410 = DEFINITIONAL_REPRESENTATION('',(#2411),#2415);
#2411 = LINE('',#2412,#2413);
#2412 = CARTESIAN_POINT('',(1.836671772855,-1.63195519411));
#2413 = VECTOR('',#2414,1.);
#2414 = DIRECTION('',(0.,1.));
#2415 = ( GEOMETRIC_REPRESENTATION_CONTEXT(2) 
PARAMETRIC_REPRESENTATION_CONTEXT() REPRESENTATION_CONTEXT('2D SPACE',''
  ) );
#2416 = ORIENTED_EDGE('',*,*,#2417,.F.);
#2417 = EDGE_CURVE('',#2418,#2390,#2420,.T.);
#2418 = VERTEX_POINT('',#2419);
#2419 = CARTESIAN_POINT('',(47.,40.,1.E-01));
#2420 = SURFACE_CURVE('',#2421,(#2425,#2432),.PCURVE_S1.);
#2421 = LINE('',#2422,#2423);
#2422 = CARTESIAN_POINT('',(47.,34.6,1.E-01));
#2423 = VECTOR('',#2424,1.);
#2424 = DIRECTION('',(0.,1.,0.));
#2425 = PCURVE('',#449,#2426);
#2426 = DEFINITIONAL_REPRESENTATION('',(#2427),#2431);
#2427 = LINE('',#2428,#2429);
#2428 = CARTESIAN_POINT('',(47.,34.6));
#2429 = VECTOR('',#2430,1.);
#2430 = DIRECTION('',(0.,1.));
#2431 = ( GEOMETRIC_REPRESENTATION_CONTEXT(2) 
PARAMETRIC_REPRESENTATION_CONTEXT() REPRESENTATION_CONTEXT('2D SPACE',''
  ) );
#2432 = PCURVE('',#2433,#2438);
#2433 = PLANE('',#2434);
#2434 = AXIS2_PLACEMENT_3D('',#2435,#2436,#2437);
#2435 = CARTESIAN_POINT('',(47.,34.6,1.E-01));
#2436 = DIRECTION('',(-1.,0.,0.));
#2437 = DIRECTION('',(0.,0.,-1.));
#2438 = DEFINITIONAL_REPRESENTATION('',(#2439),#2443);
#2439 = LINE('',#2440,#2441);
#2440 = CARTESIAN_POINT('',(0.,-0.));
#2441 = VECTOR('',#2442,1.);
#2442 = DIRECTION('',(0.,-1.));
#2443 = ( GEOMETRIC_REPRESENTATION_CONTEXT(2) 
PARAMETRIC_REPRESENTATION_CONTEXT() REPRESENTATION_CONTEXT('2D SPACE',''
  ) );
#2444 = ORIENTED_EDGE('',*,*,#2445,.F.);
#2445 = EDGE_CURVE('',#2446,#2418,#2448,.T.);
#2446 = VERTEX_POINT('',#2447);
#2447 = CARTESIAN_POINT('',(55.,40.,1.E-01));
#2448 = SURFACE_CURVE('',#2449,(#2453,#2460),.PCURVE_S1.);
#2449 = LINE('',#2450,#2451);
#2450 = CARTESIAN_POINT('',(55.,40.,1.E-01));
#2451 = VECTOR('',#2452,1.);
#2452 = DIRECTION('',(-1.,0.,-9.313951548869E-19));
#2453 = PCURVE('',#449,#2454);
#2454 = DEFINITIONAL_REPRESENTATION('',(#2455),#2459);
#2455 = LINE('',#2456,#2457);
#2456 = CARTESIAN_POINT('',(55.,40.));
#2457 = VECTOR('',#2458,1.);
#2458 = DIRECTION('',(-1.,0.));
#2459 = ( GEOMETRIC_REPRESENTATION_CONTEXT(2) 
PARAMETRIC_REPRESENTATION_CONTEXT() REPRESENTATION_CONTEXT('2D SPACE',''
  ) );
#2460 = PCURVE('',#2243,#2461);
#2461 = DEFINITIONAL_REPRESENTATION('',(#2462),#2466);
#2462 = LINE('',#2463,#2464);
#2463 = CARTESIAN_POINT('',(1.,121.));
#2464 = VECTOR('',#2465,1.);
#2465 = DIRECTION('',(-9.313951548869E-19,-1.));
#2466 = ( GEOMETRIC_REPRESENTATION_CONTEXT(2) 
PARAMETRIC_REPRESENTATION_CONTEXT() REPRESENTATION_CONTEXT('2D SPACE',''
  ) );
#2467 = ORIENTED_EDGE('',*,*,#2468,.F.);
#2468 = EDGE_CURVE('',#2469,#2446,#2471,.T.);
#2469 = VERTEX_POINT('',#2470);
#2470 = CARTESIAN_POINT('',(55.,-39.3,1.E-01));
#2471 = SURFACE_CURVE('',#2472,(#2476,#2482),.PCURVE_S1.);
#2472 = LINE('',#2473,#2474);
#2473 = CARTESIAN_POINT('',(55.,-19.65,1.E-01));
#2474 = VECTOR('',#2475,1.);
#2475 = DIRECTION('',(-0.,1.,0.));
#2476 = PCURVE('',#449,#2477);
#2477 = DEFINITIONAL_REPRESENTATION('',(#2478),#2481);
#2478 = B_SPLINE_CURVE_WITH_KNOTS('',1,(#2479,#2480),.UNSPECIFIED.,.F.,
  .F.,(2,2),(-19.65,59.65),.PIECEWISE_BEZIER_KNOTS.);
#2479 = CARTESIAN_POINT('',(55.,-39.3));
#2480 = CARTESIAN_POINT('',(55.,40.));
#2481 = ( GEOMETRIC_REPRESENTATION_CONTEXT(2) 
PARAMETRIC_REPRESENTATION_CONTEXT() REPRESENTATION_CONTEXT('2D SPACE',''
  ) );
#2482 = PCURVE('',#2483,#2488);
#2483 = PLANE('',#2484);
#2484 = AXIS2_PLACEMENT_3D('',#2485,#2486,#2487);
#2485 = CARTESIAN_POINT('',(55.,-39.3,-0.9));
#2486 = DIRECTION('',(1.,0.,-0.));
#2487 = DIRECTION('',(0.,0.,1.));
#2488 = DEFINITIONAL_REPRESENTATION('',(#2489),#2492);
#2489 = B_SPLINE_CURVE_WITH_KNOTS('',1,(#2490,#2491),.UNSPECIFIED.,.F.,
  .F.,(2,2),(-19.65,59.65),.PIECEWISE_BEZIER_KNOTS.);
#2490 = CARTESIAN_POINT('',(1.,0.));
#2491 = CARTESIAN_POINT('',(1.,-79.3));
#2492 = ( GEOMETRIC_REPRESENTATION_CONTEXT(2) 
PARAMETRIC_REPRESENTATION_CONTEXT() REPRESENTATION_CONTEXT('2D SPACE',''
  ) );
#2493 = ORIENTED_EDGE('',*,*,#2494,.T.);
#2494 = EDGE_CURVE('',#2469,#2495,#2497,.T.);
#2495 = VERTEX_POINT('',#2496);
#2496 = CARTESIAN_POINT('',(47.,-39.3,1.E-01));
#2497 = SURFACE_CURVE('',#2498,(#2502,#2508),.PCURVE_S1.);
#2498 = LINE('',#2499,#2500);
#2499 = CARTESIAN_POINT('',(-33.,-39.3,1.E-01));
#2500 = VECTOR('',#2501,1.);
#2501 = DIRECTION('',(-1.,-0.,0.));
#2502 = PCURVE('',#449,#2503);
#2503 = DEFINITIONAL_REPRESENTATION('',(#2504),#2507);
#2504 = B_SPLINE_CURVE_WITH_KNOTS('',1,(#2505,#2506),.UNSPECIFIED.,.F.,
  .F.,(2,2),(-88.,31.2),.PIECEWISE_BEZIER_KNOTS.);
#2505 = CARTESIAN_POINT('',(55.,-39.3));
#2506 = CARTESIAN_POINT('',(-64.2,-39.3));
#2507 = ( GEOMETRIC_REPRESENTATION_CONTEXT(2) 
PARAMETRIC_REPRESENTATION_CONTEXT() REPRESENTATION_CONTEXT('2D SPACE',''
  ) );
#2508 = PCURVE('',#2509,#2514);
#2509 = PLANE('',#2510);
#2510 = AXIS2_PLACEMENT_3D('',#2511,#2512,#2513);
#2511 = CARTESIAN_POINT('',(-66.,-39.3,-0.9));
#2512 = DIRECTION('',(-0.,1.,0.));
#2513 = DIRECTION('',(0.,0.,1.));
#2514 = DEFINITIONAL_REPRESENTATION('',(#2515),#2519);
#2515 = LINE('',#2516,#2517);
#2516 = CARTESIAN_POINT('',(1.,33.));
#2517 = VECTOR('',#2518,1.);
#2518 = DIRECTION('',(0.,-1.));
#2519 = ( GEOMETRIC_REPRESENTATION_CONTEXT(2) 
PARAMETRIC_REPRESENTATION_CONTEXT() REPRESENTATION_CONTEXT('2D SPACE',''
  ) );
#2520 = ORIENTED_EDGE('',*,*,#2521,.F.);
#2521 = EDGE_CURVE('',#2522,#2495,#2524,.T.);
#2522 = VERTEX_POINT('',#2523);
#2523 = CARTESIAN_POINT('',(47.,-51.,1.E-01));
#2524 = SURFACE_CURVE('',#2525,(#2529,#2535),.PCURVE_S1.);
#2525 = LINE('',#2526,#2527);
#2526 = CARTESIAN_POINT('',(47.,-21.5,1.E-01));
#2527 = VECTOR('',#2528,1.);
#2528 = DIRECTION('',(-0.,1.,0.));
#2529 = PCURVE('',#449,#2530);
#2530 = DEFINITIONAL_REPRESENTATION('',(#2531),#2534);
#2531 = B_SPLINE_CURVE_WITH_KNOTS('',1,(#2532,#2533),.UNSPECIFIED.,.F.,
  .F.,(2,2),(-29.5,-17.8),.PIECEWISE_BEZIER_KNOTS.);
#2532 = CARTESIAN_POINT('',(47.,-51.));
#2533 = CARTESIAN_POINT('',(47.,-39.3));
#2534 = ( GEOMETRIC_REPRESENTATION_CONTEXT(2) 
PARAMETRIC_REPRESENTATION_CONTEXT() REPRESENTATION_CONTEXT('2D SPACE',''
  ) );
#2535 = PCURVE('',#2536,#2541);
#2536 = PLANE('',#2537);
#2537 = AXIS2_PLACEMENT_3D('',#2538,#2539,#2540);
#2538 = CARTESIAN_POINT('',(47.,-43.,-1.8));
#2539 = DIRECTION('',(1.,0.,-0.));
#2540 = DIRECTION('',(0.,0.,1.));
#2541 = DEFINITIONAL_REPRESENTATION('',(#2542),#2545);
#2542 = B_SPLINE_CURVE_WITH_KNOTS('',1,(#2543,#2544),.UNSPECIFIED.,.F.,
  .F.,(2,2),(-29.5,-17.8),.PIECEWISE_BEZIER_KNOTS.);
#2543 = CARTESIAN_POINT('',(1.9,8.));
#2544 = CARTESIAN_POINT('',(1.9,-3.7));
#2545 = ( GEOMETRIC_REPRESENTATION_CONTEXT(2) 
PARAMETRIC_REPRESENTATION_CONTEXT() REPRESENTATION_CONTEXT('2D SPACE',''
  ) );
#2546 = ORIENTED_EDGE('',*,*,#2547,.T.);
#2547 = EDGE_CURVE('',#2522,#2548,#2550,.T.);
#2548 = VERTEX_POINT('',#2549);
#2549 = CARTESIAN_POINT('',(44.,-51.,1.E-01));
#2550 = SURFACE_CURVE('',#2551,(#2555,#2561),.PCURVE_S1.);
#2551 = LINE('',#2552,#2553);
#2552 = CARTESIAN_POINT('',(-28.,-51.,1.E-01));
#2553 = VECTOR('',#2554,1.);
#2554 = DIRECTION('',(-1.,-0.,0.));
#2555 = PCURVE('',#449,#2556);
#2556 = DEFINITIONAL_REPRESENTATION('',(#2557),#2560);
#2557 = B_SPLINE_CURVE_WITH_KNOTS('',1,(#2558,#2559),.UNSPECIFIED.,.F.,
  .F.,(2,2),(-75.,28.),.PIECEWISE_BEZIER_KNOTS.);
#2558 = CARTESIAN_POINT('',(47.,-51.));
#2559 = CARTESIAN_POINT('',(-56.,-51.));
#2560 = ( GEOMETRIC_REPRESENTATION_CONTEXT(2) 
PARAMETRIC_REPRESENTATION_CONTEXT() REPRESENTATION_CONTEXT('2D SPACE',''
  ) );
#2561 = PCURVE('',#2562,#2567);
#2562 = PLANE('',#2563);
#2563 = AXIS2_PLACEMENT_3D('',#2564,#2565,#2566);
#2564 = CARTESIAN_POINT('',(-56.,-51.,-3.6));
#2565 = DIRECTION('',(-0.,1.,0.));
#2566 = DIRECTION('',(0.,0.,1.));
#2567 = DEFINITIONAL_REPRESENTATION('',(#2568),#2572);
#2568 = LINE('',#2569,#2570);
#2569 = CARTESIAN_POINT('',(3.7,28.));
#2570 = VECTOR('',#2571,1.);
#2571 = DIRECTION('',(0.,-1.));
#2572 = ( GEOMETRIC_REPRESENTATION_CONTEXT(2) 
PARAMETRIC_REPRESENTATION_CONTEXT() REPRESENTATION_CONTEXT('2D SPACE',''
  ) );
#2573 = ORIENTED_EDGE('',*,*,#2574,.F.);
#2574 = EDGE_CURVE('',#2575,#2548,#2577,.T.);
#2575 = VERTEX_POINT('',#2576);
#2576 = CARTESIAN_POINT('',(44.,-64.,1.E-01));
#2577 = SURFACE_CURVE('',#2578,(#2582,#2588),.PCURVE_S1.);
#2578 = LINE('',#2579,#2580);
#2579 = CARTESIAN_POINT('',(44.,-32.,1.E-01));
#2580 = VECTOR('',#2581,1.);
#2581 = DIRECTION('',(-0.,1.,0.));
#2582 = PCURVE('',#449,#2583);
#2583 = DEFINITIONAL_REPRESENTATION('',(#2584),#2587);
#2584 = B_SPLINE_CURVE_WITH_KNOTS('',1,(#2585,#2586),.UNSPECIFIED.,.F.,
  .F.,(2,2),(-32.,-19.),.PIECEWISE_BEZIER_KNOTS.);
#2585 = CARTESIAN_POINT('',(44.,-64.));
#2586 = CARTESIAN_POINT('',(44.,-51.));
#2587 = ( GEOMETRIC_REPRESENTATION_CONTEXT(2) 
PARAMETRIC_REPRESENTATION_CONTEXT() REPRESENTATION_CONTEXT('2D SPACE',''
  ) );
#2588 = PCURVE('',#2589,#2594);
#2589 = PLANE('',#2590);
#2590 = AXIS2_PLACEMENT_3D('',#2591,#2592,#2593);
#2591 = CARTESIAN_POINT('',(44.,-64.,-0.9));
#2592 = DIRECTION('',(1.,0.,-0.));
#2593 = DIRECTION('',(0.,0.,1.));
#2594 = DEFINITIONAL_REPRESENTATION('',(#2595),#2598);
#2595 = B_SPLINE_CURVE_WITH_KNOTS('',1,(#2596,#2597),.UNSPECIFIED.,.F.,
  .F.,(2,2),(-32.,-19.),.PIECEWISE_BEZIER_KNOTS.);
#2596 = CARTESIAN_POINT('',(1.,0.));
#2597 = CARTESIAN_POINT('',(1.,-13.));
#2598 = ( GEOMETRIC_REPRESENTATION_CONTEXT(2) 
PARAMETRIC_REPRESENTATION_CONTEXT() REPRESENTATION_CONTEXT('2D SPACE',''
  ) );
#2599 = ORIENTED_EDGE('',*,*,#2600,.T.);
#2600 = EDGE_CURVE('',#2575,#2601,#2603,.T.);
#2601 = VERTEX_POINT('',#2602);
#2602 = CARTESIAN_POINT('',(-44.,-64.,1.E-01));
#2603 = SURFACE_CURVE('',#2604,(#2608,#2614),.PCURVE_S1.);
#2604 = LINE('',#2605,#2606);
#2605 = CARTESIAN_POINT('',(-22.,-64.,1.E-01));
#2606 = VECTOR('',#2607,1.);
#2607 = DIRECTION('',(-1.,-0.,0.));
#2608 = PCURVE('',#449,#2609);
#2609 = DEFINITIONAL_REPRESENTATION('',(#2610),#2613);
#2610 = B_SPLINE_CURVE_WITH_KNOTS('',1,(#2611,#2612),.UNSPECIFIED.,.F.,
  .F.,(2,2),(-66.,22.),.PIECEWISE_BEZIER_KNOTS.);
#2611 = CARTESIAN_POINT('',(44.,-64.));
#2612 = CARTESIAN_POINT('',(-44.,-64.));
#2613 = ( GEOMETRIC_REPRESENTATION_CONTEXT(2) 
PARAMETRIC_REPRESENTATION_CONTEXT() REPRESENTATION_CONTEXT('2D SPACE',''
  ) );
#2614 = PCURVE('',#2615,#2620);
#2615 = PLANE('',#2616);
#2616 = AXIS2_PLACEMENT_3D('',#2617,#2618,#2619);
#2617 = CARTESIAN_POINT('',(-44.,-64.,-0.9));
#2618 = DIRECTION('',(-0.,1.,0.));
#2619 = DIRECTION('',(0.,0.,1.));
#2620 = DEFINITIONAL_REPRESENTATION('',(#2621),#2624);
#2621 = B_SPLINE_CURVE_WITH_KNOTS('',1,(#2622,#2623),.UNSPECIFIED.,.F.,
  .F.,(2,2),(-66.,22.),.PIECEWISE_BEZIER_KNOTS.);
#2622 = CARTESIAN_POINT('',(1.,88.));
#2623 = CARTESIAN_POINT('',(1.,0.));
#2624 = ( GEOMETRIC_REPRESENTATION_CONTEXT(2) 
PARAMETRIC_REPRESENTATION_CONTEXT() REPRESENTATION_CONTEXT('2D SPACE',''
  ) );
#2625 = ORIENTED_EDGE('',*,*,#2626,.T.);
#2626 = EDGE_CURVE('',#2601,#2627,#2629,.T.);
#2627 = VERTEX_POINT('',#2628);
#2628 = CARTESIAN_POINT('',(-44.,-51.,1.E-01));
#2629 = SURFACE_CURVE('',#2630,(#2634,#2640),.PCURVE_S1.);
#2630 = LINE('',#2631,#2632);
#2631 = CARTESIAN_POINT('',(-44.,-32.,1.E-01));
#2632 = VECTOR('',#2633,1.);
#2633 = DIRECTION('',(-0.,1.,0.));
#2634 = PCURVE('',#449,#2635);
#2635 = DEFINITIONAL_REPRESENTATION('',(#2636),#2639);
#2636 = B_SPLINE_CURVE_WITH_KNOTS('',1,(#2637,#2638),.UNSPECIFIED.,.F.,
  .F.,(2,2),(-32.,-19.),.PIECEWISE_BEZIER_KNOTS.);
#2637 = CARTESIAN_POINT('',(-44.,-64.));
#2638 = CARTESIAN_POINT('',(-44.,-51.));
#2639 = ( GEOMETRIC_REPRESENTATION_CONTEXT(2) 
PARAMETRIC_REPRESENTATION_CONTEXT() REPRESENTATION_CONTEXT('2D SPACE',''
  ) );
#2640 = PCURVE('',#2641,#2646);
#2641 = PLANE('',#2642);
#2642 = AXIS2_PLACEMENT_3D('',#2643,#2644,#2645);
#2643 = CARTESIAN_POINT('',(-44.,-64.,-0.9));
#2644 = DIRECTION('',(1.,0.,-0.));
#2645 = DIRECTION('',(0.,0.,1.));
#2646 = DEFINITIONAL_REPRESENTATION('',(#2647),#2650);
#2647 = B_SPLINE_CURVE_WITH_KNOTS('',1,(#2648,#2649),.UNSPECIFIED.,.F.,
  .F.,(2,2),(-32.,-19.),.PIECEWISE_BEZIER_KNOTS.);
#2648 = CARTESIAN_POINT('',(1.,0.));
#2649 = CARTESIAN_POINT('',(1.,-13.));
#2650 = ( GEOMETRIC_REPRESENTATION_CONTEXT(2) 
PARAMETRIC_REPRESENTATION_CONTEXT() REPRESENTATION_CONTEXT('2D SPACE',''
  ) );
#2651 = ORIENTED_EDGE('',*,*,#2652,.T.);
#2652 = EDGE_CURVE('',#2627,#2653,#2655,.T.);
#2653 = VERTEX_POINT('',#2654);
#2654 = CARTESIAN_POINT('',(-56.,-51.,1.E-01));
#2655 = SURFACE_CURVE('',#2656,(#2660,#2666),.PCURVE_S1.);
#2656 = LINE('',#2657,#2658);
#2657 = CARTESIAN_POINT('',(-28.,-51.,1.E-01));
#2658 = VECTOR('',#2659,1.);
#2659 = DIRECTION('',(-1.,-0.,0.));
#2660 = PCURVE('',#449,#2661);
#2661 = DEFINITIONAL_REPRESENTATION('',(#2662),#2665);
#2662 = B_SPLINE_CURVE_WITH_KNOTS('',1,(#2663,#2664),.UNSPECIFIED.,.F.,
  .F.,(2,2),(-75.,28.),.PIECEWISE_BEZIER_KNOTS.);
#2663 = CARTESIAN_POINT('',(47.,-51.));
#2664 = CARTESIAN_POINT('',(-56.,-51.));
#2665 = ( GEOMETRIC_REPRESENTATION_CONTEXT(2) 
PARAMETRIC_REPRESENTATION_CONTEXT() REPRESENTATION_CONTEXT('2D SPACE',''
  ) );
#2666 = PCURVE('',#2562,#2667);
#2667 = DEFINITIONAL_REPRESENTATION('',(#2668),#2672);
#2668 = LINE('',#2669,#2670);
#2669 = CARTESIAN_POINT('',(3.7,28.));
#2670 = VECTOR('',#2671,1.);
#2671 = DIRECTION('',(0.,-1.));
#2672 = ( GEOMETRIC_REPRESENTATION_CONTEXT(2) 
PARAMETRIC_REPRESENTATION_CONTEXT() REPRESENTATION_CONTEXT('2D SPACE',''
  ) );
#2673 = ORIENTED_EDGE('',*,*,#2674,.T.);
#2674 = EDGE_CURVE('',#2653,#489,#2675,.T.);
#2675 = SURFACE_CURVE('',#2676,(#2680,#2686),.PCURVE_S1.);
#2676 = LINE('',#2677,#2678);
#2677 = CARTESIAN_POINT('',(-56.,-21.5,1.E-01));
#2678 = VECTOR('',#2679,1.);
#2679 = DIRECTION('',(-0.,1.,0.));
#2680 = PCURVE('',#449,#2681);
#2681 = DEFINITIONAL_REPRESENTATION('',(#2682),#2685);
#2682 = B_SPLINE_CURVE_WITH_KNOTS('',1,(#2683,#2684),.UNSPECIFIED.,.F.,
  .F.,(2,2),(-29.5,-17.8),.PIECEWISE_BEZIER_KNOTS.);
#2683 = CARTESIAN_POINT('',(-56.,-51.));
#2684 = CARTESIAN_POINT('',(-56.,-39.3));
#2685 = ( GEOMETRIC_REPRESENTATION_CONTEXT(2) 
PARAMETRIC_REPRESENTATION_CONTEXT() REPRESENTATION_CONTEXT('2D SPACE',''
  ) );
#2686 = PCURVE('',#504,#2687);
#2687 = DEFINITIONAL_REPRESENTATION('',(#2688),#2692);
#2688 = LINE('',#2689,#2690);
#2689 = CARTESIAN_POINT('',(1.,-18.5));
#2690 = VECTOR('',#2691,1.);
#2691 = DIRECTION('',(0.,-1.));
#2692 = ( GEOMETRIC_REPRESENTATION_CONTEXT(2) 
PARAMETRIC_REPRESENTATION_CONTEXT() REPRESENTATION_CONTEXT('2D SPACE',''
  ) );
#2693 = ORIENTED_EDGE('',*,*,#516,.T.);
#2694 = FACE_BOUND('',#2695,.F.);
#2695 = EDGE_LOOP('',(#2696,#2724,#2750,#2776));
#2696 = ORIENTED_EDGE('',*,*,#2697,.T.);
#2697 = EDGE_CURVE('',#2698,#2700,#2702,.T.);
#2698 = VERTEX_POINT('',#2699);
#2699 = CARTESIAN_POINT('',(63.5,-11.,1.E-01));
#2700 = VERTEX_POINT('',#2701);
#2701 = CARTESIAN_POINT('',(62.3,-11.,1.E-01));
#2702 = SURFACE_CURVE('',#2703,(#2707,#2713),.PCURVE_S1.);
#2703 = LINE('',#2704,#2705);
#2704 = CARTESIAN_POINT('',(31.15,-11.,1.E-01));
#2705 = VECTOR('',#2706,1.);
#2706 = DIRECTION('',(-1.,-0.,0.));
#2707 = PCURVE('',#449,#2708);
#2708 = DEFINITIONAL_REPRESENTATION('',(#2709),#2712);
#2709 = B_SPLINE_CURVE_WITH_KNOTS('',1,(#2710,#2711),.UNSPECIFIED.,.F.,
  .F.,(2,2),(-32.35,-31.15),.PIECEWISE_BEZIER_KNOTS.);
#2710 = CARTESIAN_POINT('',(63.5,-11.));
#2711 = CARTESIAN_POINT('',(62.3,-11.));
#2712 = ( GEOMETRIC_REPRESENTATION_CONTEXT(2) 
PARAMETRIC_REPRESENTATION_CONTEXT() REPRESENTATION_CONTEXT('2D SPACE',''
  ) );
#2713 = PCURVE('',#2714,#2719);
#2714 = PLANE('',#2715);
#2715 = AXIS2_PLACEMENT_3D('',#2716,#2717,#2718);
#2716 = CARTESIAN_POINT('',(62.3,-11.,-0.9));
#2717 = DIRECTION('',(-0.,1.,0.));
#2718 = DIRECTION('',(0.,0.,1.));
#2719 = DEFINITIONAL_REPRESENTATION('',(#2720),#2723);
#2720 = B_SPLINE_CURVE_WITH_KNOTS('',1,(#2721,#2722),.UNSPECIFIED.,.F.,
  .F.,(2,2),(-32.35,-31.15),.PIECEWISE_BEZIER_KNOTS.);
#2721 = CARTESIAN_POINT('',(1.,1.2));
#2722 = CARTESIAN_POINT('',(1.,0.));
#2723 = ( GEOMETRIC_REPRESENTATION_CONTEXT(2) 
PARAMETRIC_REPRESENTATION_CONTEXT() REPRESENTATION_CONTEXT('2D SPACE',''
  ) );
#2724 = ORIENTED_EDGE('',*,*,#2725,.T.);
#2725 = EDGE_CURVE('',#2700,#2726,#2728,.T.);
#2726 = VERTEX_POINT('',#2727);
#2727 = CARTESIAN_POINT('',(62.3,11.,1.E-01));
#2728 = SURFACE_CURVE('',#2729,(#2733,#2739),.PCURVE_S1.);
#2729 = LINE('',#2730,#2731);
#2730 = CARTESIAN_POINT('',(62.3,-5.5,1.E-01));
#2731 = VECTOR('',#2732,1.);
#2732 = DIRECTION('',(-0.,1.,0.));
#2733 = PCURVE('',#449,#2734);
#2734 = DEFINITIONAL_REPRESENTATION('',(#2735),#2738);
#2735 = B_SPLINE_CURVE_WITH_KNOTS('',1,(#2736,#2737),.UNSPECIFIED.,.F.,
  .F.,(2,2),(-5.5,16.5),.PIECEWISE_BEZIER_KNOTS.);
#2736 = CARTESIAN_POINT('',(62.3,-11.));
#2737 = CARTESIAN_POINT('',(62.3,11.));
#2738 = ( GEOMETRIC_REPRESENTATION_CONTEXT(2) 
PARAMETRIC_REPRESENTATION_CONTEXT() REPRESENTATION_CONTEXT('2D SPACE',''
  ) );
#2739 = PCURVE('',#2740,#2745);
#2740 = PLANE('',#2741);
#2741 = AXIS2_PLACEMENT_3D('',#2742,#2743,#2744);
#2742 = CARTESIAN_POINT('',(62.3,-11.,-0.9));
#2743 = DIRECTION('',(1.,0.,-0.));
#2744 = DIRECTION('',(0.,0.,1.));
#2745 = DEFINITIONAL_REPRESENTATION('',(#2746),#2749);
#2746 = B_SPLINE_CURVE_WITH_KNOTS('',1,(#2747,#2748),.UNSPECIFIED.,.F.,
  .F.,(2,2),(-5.5,16.5),.PIECEWISE_BEZIER_KNOTS.);
#2747 = CARTESIAN_POINT('',(1.,0.));
#2748 = CARTESIAN_POINT('',(1.,-22.));
#2749 = ( GEOMETRIC_REPRESENTATION_CONTEXT(2) 
PARAMETRIC_REPRESENTATION_CONTEXT() REPRESENTATION_CONTEXT('2D SPACE',''
  ) );
#2750 = ORIENTED_EDGE('',*,*,#2751,.F.);
#2751 = EDGE_CURVE('',#2752,#2726,#2754,.T.);
#2752 = VERTEX_POINT('',#2753);
#2753 = CARTESIAN_POINT('',(63.5,11.,1.E-01));
#2754 = SURFACE_CURVE('',#2755,(#2759,#2765),.PCURVE_S1.);
#2755 = LINE('',#2756,#2757);
#2756 = CARTESIAN_POINT('',(31.15,11.,1.E-01));
#2757 = VECTOR('',#2758,1.);
#2758 = DIRECTION('',(-1.,-0.,0.));
#2759 = PCURVE('',#449,#2760);
#2760 = DEFINITIONAL_REPRESENTATION('',(#2761),#2764);
#2761 = B_SPLINE_CURVE_WITH_KNOTS('',1,(#2762,#2763),.UNSPECIFIED.,.F.,
  .F.,(2,2),(-32.35,-31.15),.PIECEWISE_BEZIER_KNOTS.);
#2762 = CARTESIAN_POINT('',(63.5,11.));
#2763 = CARTESIAN_POINT('',(62.3,11.));
#2764 = ( GEOMETRIC_REPRESENTATION_CONTEXT(2) 
PARAMETRIC_REPRESENTATION_CONTEXT() REPRESENTATION_CONTEXT('2D SPACE',''
  ) );
#2765 = PCURVE('',#2766,#2771);
#2766 = PLANE('',#2767);
#2767 = AXIS2_PLACEMENT_3D('',#2768,#2769,#2770);
#2768 = CARTESIAN_POINT('',(62.3,11.,-0.9));
#2769 = DIRECTION('',(-0.,1.,0.));
#2770 = DIRECTION('',(0.,0.,1.));
#2771 = DEFINITIONAL_REPRESENTATION('',(#2772),#2775);
#2772 = B_SPLINE_CURVE_WITH_KNOTS('',1,(#2773,#2774),.UNSPECIFIED.,.F.,
  .F.,(2,2),(-32.35,-31.15),.PIECEWISE_BEZIER_KNOTS.);
#2773 = CARTESIAN_POINT('',(1.,1.2));
#2774 = CARTESIAN_POINT('',(1.,0.));
#2775 = ( GEOMETRIC_REPRESENTATION_CONTEXT(2) 
PARAMETRIC_REPRESENTATION_CONTEXT() REPRESENTATION_CONTEXT('2D SPACE',''
  ) );
#2776 = ORIENTED_EDGE('',*,*,#2777,.F.);
#2777 = EDGE_CURVE('',#2698,#2752,#2778,.T.);
#2778 = SURFACE_CURVE('',#2779,(#2783,#2789),.PCURVE_S1.);
#2779 = LINE('',#2780,#2781);
#2780 = CARTESIAN_POINT('',(63.5,-5.5,1.E-01));
#2781 = VECTOR('',#2782,1.);
#2782 = DIRECTION('',(-0.,1.,0.));
#2783 = PCURVE('',#449,#2784);
#2784 = DEFINITIONAL_REPRESENTATION('',(#2785),#2788);
#2785 = B_SPLINE_CURVE_WITH_KNOTS('',1,(#2786,#2787),.UNSPECIFIED.,.F.,
  .F.,(2,2),(-5.5,16.5),.PIECEWISE_BEZIER_KNOTS.);
#2786 = CARTESIAN_POINT('',(63.5,-11.));
#2787 = CARTESIAN_POINT('',(63.5,11.));
#2788 = ( GEOMETRIC_REPRESENTATION_CONTEXT(2) 
PARAMETRIC_REPRESENTATION_CONTEXT() REPRESENTATION_CONTEXT('2D SPACE',''
  ) );
#2789 = PCURVE('',#2790,#2795);
#2790 = PLANE('',#2791);
#2791 = AXIS2_PLACEMENT_3D('',#2792,#2793,#2794);
#2792 = CARTESIAN_POINT('',(63.5,-11.,-0.9));
#2793 = DIRECTION('',(1.,0.,-0.));
#2794 = DIRECTION('',(0.,0.,1.));
#2795 = DEFINITIONAL_REPRESENTATION('',(#2796),#2799);
#2796 = B_SPLINE_CURVE_WITH_KNOTS('',1,(#2797,#2798),.UNSPECIFIED.,.F.,
  .F.,(2,2),(-5.5,16.5),.PIECEWISE_BEZIER_KNOTS.);
#2797 = CARTESIAN_POINT('',(1.,0.));
#2798 = CARTESIAN_POINT('',(1.,-22.));
#2799 = ( GEOMETRIC_REPRESENTATION_CONTEXT(2) 
PARAMETRIC_REPRESENTATION_CONTEXT() REPRESENTATION_CONTEXT('2D SPACE',''
  ) );
#2800 = ADVANCED_FACE('',(#2801),#504,.F.);
#2801 = FACE_BOUND('',#2802,.F.);
#2802 = EDGE_LOOP('',(#2803,#2828,#2849,#2850,#2851,#2874,#2907,#2935,
    #2968,#2996));
#2803 = ORIENTED_EDGE('',*,*,#2804,.F.);
#2804 = EDGE_CURVE('',#2805,#2807,#2809,.T.);
#2805 = VERTEX_POINT('',#2806);
#2806 = CARTESIAN_POINT('',(-56.,-39.3,4.5));
#2807 = VERTEX_POINT('',#2808);
#2808 = CARTESIAN_POINT('',(-56.,-39.3,-1.8));
#2809 = SURFACE_CURVE('',#2810,(#2814,#2821),.PCURVE_S1.);
#2810 = LINE('',#2811,#2812);
#2811 = CARTESIAN_POINT('',(-56.,-39.3,4.8));
#2812 = VECTOR('',#2813,1.);
#2813 = DIRECTION('',(0.,0.,-1.));
#2814 = PCURVE('',#504,#2815);
#2815 = DEFINITIONAL_REPRESENTATION('',(#2816),#2820);
#2816 = LINE('',#2817,#2818);
#2817 = CARTESIAN_POINT('',(5.7,-0.7));
#2818 = VECTOR('',#2819,1.);
#2819 = DIRECTION('',(-1.,0.));
#2820 = ( GEOMETRIC_REPRESENTATION_CONTEXT(2) 
PARAMETRIC_REPRESENTATION_CONTEXT() REPRESENTATION_CONTEXT('2D SPACE',''
  ) );
#2821 = PCURVE('',#2509,#2822);
#2822 = DEFINITIONAL_REPRESENTATION('',(#2823),#2827);
#2823 = LINE('',#2824,#2825);
#2824 = CARTESIAN_POINT('',(5.7,10.));
#2825 = VECTOR('',#2826,1.);
#2826 = DIRECTION('',(-1.,0.));
#2827 = ( GEOMETRIC_REPRESENTATION_CONTEXT(2) 
PARAMETRIC_REPRESENTATION_CONTEXT() REPRESENTATION_CONTEXT('2D SPACE',''
  ) );
#2828 = ORIENTED_EDGE('',*,*,#2829,.F.);
#2829 = EDGE_CURVE('',#487,#2805,#2830,.T.);
#2830 = SURFACE_CURVE('',#2831,(#2835,#2842),.PCURVE_S1.);
#2831 = LINE('',#2832,#2833);
#2832 = CARTESIAN_POINT('',(-56.,-40.,4.5));
#2833 = VECTOR('',#2834,1.);
#2834 = DIRECTION('',(-0.,1.,0.));
#2835 = PCURVE('',#504,#2836);
#2836 = DEFINITIONAL_REPRESENTATION('',(#2837),#2841);
#2837 = LINE('',#2838,#2839);
#2838 = CARTESIAN_POINT('',(5.4,0.));
#2839 = VECTOR('',#2840,1.);
#2840 = DIRECTION('',(0.,-1.));
#2841 = ( GEOMETRIC_REPRESENTATION_CONTEXT(2) 
PARAMETRIC_REPRESENTATION_CONTEXT() REPRESENTATION_CONTEXT('2D SPACE',''
  ) );
#2842 = PCURVE('',#1592,#2843);
#2843 = DEFINITIONAL_REPRESENTATION('',(#2844),#2848);
#2844 = LINE('',#2845,#2846);
#2845 = CARTESIAN_POINT('',(-0.,0.212132034356));
#2846 = VECTOR('',#2847,1.);
#2847 = DIRECTION('',(-1.,0.));
#2848 = ( GEOMETRIC_REPRESENTATION_CONTEXT(2) 
PARAMETRIC_REPRESENTATION_CONTEXT() REPRESENTATION_CONTEXT('2D SPACE',''
  ) );
#2849 = ORIENTED_EDGE('',*,*,#486,.T.);
#2850 = ORIENTED_EDGE('',*,*,#2674,.F.);
#2851 = ORIENTED_EDGE('',*,*,#2852,.F.);
#2852 = EDGE_CURVE('',#2853,#2653,#2855,.T.);
#2853 = VERTEX_POINT('',#2854);
#2854 = CARTESIAN_POINT('',(-56.,-51.,-2.8));
#2855 = SURFACE_CURVE('',#2856,(#2860,#2867),.PCURVE_S1.);
#2856 = LINE('',#2857,#2858);
#2857 = CARTESIAN_POINT('',(-56.,-51.,-3.6));
#2858 = VECTOR('',#2859,1.);
#2859 = DIRECTION('',(0.,0.,1.));
#2860 = PCURVE('',#504,#2861);
#2861 = DEFINITIONAL_REPRESENTATION('',(#2862),#2866);
#2862 = LINE('',#2863,#2864);
#2863 = CARTESIAN_POINT('',(-2.7,11.));
#2864 = VECTOR('',#2865,1.);
#2865 = DIRECTION('',(1.,0.));
#2866 = ( GEOMETRIC_REPRESENTATION_CONTEXT(2) 
PARAMETRIC_REPRESENTATION_CONTEXT() REPRESENTATION_CONTEXT('2D SPACE',''
  ) );
#2867 = PCURVE('',#2562,#2868);
#2868 = DEFINITIONAL_REPRESENTATION('',(#2869),#2873);
#2869 = LINE('',#2870,#2871);
#2870 = CARTESIAN_POINT('',(0.,0.));
#2871 = VECTOR('',#2872,1.);
#2872 = DIRECTION('',(1.,0.));
#2873 = ( GEOMETRIC_REPRESENTATION_CONTEXT(2) 
PARAMETRIC_REPRESENTATION_CONTEXT() REPRESENTATION_CONTEXT('2D SPACE',''
  ) );
#2874 = ORIENTED_EDGE('',*,*,#2875,.F.);
#2875 = EDGE_CURVE('',#2876,#2853,#2878,.T.);
#2876 = VERTEX_POINT('',#2877);
#2877 = CARTESIAN_POINT('',(-56.,-50.2,-3.6));
#2878 = SURFACE_CURVE('',#2879,(#2884,#2895),.PCURVE_S1.);
#2879 = CIRCLE('',#2880,0.8);
#2880 = AXIS2_PLACEMENT_3D('',#2881,#2882,#2883);
#2881 = CARTESIAN_POINT('',(-56.,-50.2,-2.8));
#2882 = DIRECTION('',(-1.,-0.,0.));
#2883 = DIRECTION('',(0.,0.,1.));
#2884 = PCURVE('',#504,#2885);
#2885 = DEFINITIONAL_REPRESENTATION('',(#2886),#2894);
#2886 = ( BOUNDED_CURVE() B_SPLINE_CURVE(2,(#2887,#2888,#2889,#2890,
#2891,#2892,#2893),.UNSPECIFIED.,.T.,.F.) B_SPLINE_CURVE_WITH_KNOTS((1,2
    ,2,2,2,1),(-2.094395102393,0.,2.094395102393,4.188790204786,
6.28318530718,8.377580409573),.UNSPECIFIED.) CURVE() 
GEOMETRIC_REPRESENTATION_ITEM() RATIONAL_B_SPLINE_CURVE((1.,0.5,1.,0.5,
1.,0.5,1.)) REPRESENTATION_ITEM('') );
#2887 = CARTESIAN_POINT('',(-1.1,10.2));
#2888 = CARTESIAN_POINT('',(-1.1,8.814359353945));
#2889 = CARTESIAN_POINT('',(-2.3,9.507179676972));
#2890 = CARTESIAN_POINT('',(-3.5,10.2));
#2891 = CARTESIAN_POINT('',(-2.3,10.892820323028));
#2892 = CARTESIAN_POINT('',(-1.1,11.585640646055));
#2893 = CARTESIAN_POINT('',(-1.1,10.2));
#2894 = ( GEOMETRIC_REPRESENTATION_CONTEXT(2) 
PARAMETRIC_REPRESENTATION_CONTEXT() REPRESENTATION_CONTEXT('2D SPACE',''
  ) );
#2895 = PCURVE('',#2896,#2901);
#2896 = CYLINDRICAL_SURFACE('',#2897,0.8);
#2897 = AXIS2_PLACEMENT_3D('',#2898,#2899,#2900);
#2898 = CARTESIAN_POINT('',(-56.,-50.2,-2.8));
#2899 = DIRECTION('',(1.,0.,-0.));
#2900 = DIRECTION('',(0.,-0.,-1.));
#2901 = DEFINITIONAL_REPRESENTATION('',(#2902),#2906);
#2902 = LINE('',#2903,#2904);
#2903 = CARTESIAN_POINT('',(3.14159265359,-0.));
#2904 = VECTOR('',#2905,1.);
#2905 = DIRECTION('',(-1.,0.));
#2906 = ( GEOMETRIC_REPRESENTATION_CONTEXT(2) 
PARAMETRIC_REPRESENTATION_CONTEXT() REPRESENTATION_CONTEXT('2D SPACE',''
  ) );
#2907 = ORIENTED_EDGE('',*,*,#2908,.T.);
#2908 = EDGE_CURVE('',#2876,#2909,#2911,.T.);
#2909 = VERTEX_POINT('',#2910);
#2910 = CARTESIAN_POINT('',(-56.,-43.8,-3.6));
#2911 = SURFACE_CURVE('',#2912,(#2916,#2923),.PCURVE_S1.);
#2912 = LINE('',#2913,#2914);
#2913 = CARTESIAN_POINT('',(-56.,-51.,-3.6));
#2914 = VECTOR('',#2915,1.);
#2915 = DIRECTION('',(-0.,1.,0.));
#2916 = PCURVE('',#504,#2917);
#2917 = DEFINITIONAL_REPRESENTATION('',(#2918),#2922);
#2918 = LINE('',#2919,#2920);
#2919 = CARTESIAN_POINT('',(-2.7,11.));
#2920 = VECTOR('',#2921,1.);
#2921 = DIRECTION('',(0.,-1.));
#2922 = ( GEOMETRIC_REPRESENTATION_CONTEXT(2) 
PARAMETRIC_REPRESENTATION_CONTEXT() REPRESENTATION_CONTEXT('2D SPACE',''
  ) );
#2923 = PCURVE('',#2924,#2929);
#2924 = PLANE('',#2925);
#2925 = AXIS2_PLACEMENT_3D('',#2926,#2927,#2928);
#2926 = CARTESIAN_POINT('',(-56.,-51.,-3.6));
#2927 = DIRECTION('',(0.,0.,1.));
#2928 = DIRECTION('',(1.,0.,-0.));
#2929 = DEFINITIONAL_REPRESENTATION('',(#2930),#2934);
#2930 = LINE('',#2931,#2932);
#2931 = CARTESIAN_POINT('',(0.,0.));
#2932 = VECTOR('',#2933,1.);
#2933 = DIRECTION('',(0.,1.));
#2934 = ( GEOMETRIC_REPRESENTATION_CONTEXT(2) 
PARAMETRIC_REPRESENTATION_CONTEXT() REPRESENTATION_CONTEXT('2D SPACE',''
  ) );
#2935 = ORIENTED_EDGE('',*,*,#2936,.F.);
#2936 = EDGE_CURVE('',#2937,#2909,#2939,.T.);
#2937 = VERTEX_POINT('',#2938);
#2938 = CARTESIAN_POINT('',(-56.,-43.,-2.8));
#2939 = SURFACE_CURVE('',#2940,(#2945,#2956),.PCURVE_S1.);
#2940 = CIRCLE('',#2941,0.8);
#2941 = AXIS2_PLACEMENT_3D('',#2942,#2943,#2944);
#2942 = CARTESIAN_POINT('',(-56.,-43.8,-2.8));
#2943 = DIRECTION('',(-1.,-0.,0.));
#2944 = DIRECTION('',(0.,0.,1.));
#2945 = PCURVE('',#504,#2946);
#2946 = DEFINITIONAL_REPRESENTATION('',(#2947),#2955);
#2947 = ( BOUNDED_CURVE() B_SPLINE_CURVE(2,(#2948,#2949,#2950,#2951,
#2952,#2953,#2954),.UNSPECIFIED.,.T.,.F.) B_SPLINE_CURVE_WITH_KNOTS((1,2
    ,2,2,2,1),(-2.094395102393,0.,2.094395102393,4.188790204786,
6.28318530718,8.377580409573),.UNSPECIFIED.) CURVE() 
GEOMETRIC_REPRESENTATION_ITEM() RATIONAL_B_SPLINE_CURVE((1.,0.5,1.,0.5,
1.,0.5,1.)) REPRESENTATION_ITEM('') );
#2948 = CARTESIAN_POINT('',(-1.1,3.8));
#2949 = CARTESIAN_POINT('',(-1.1,2.414359353945));
#2950 = CARTESIAN_POINT('',(-2.3,3.107179676972));
#2951 = CARTESIAN_POINT('',(-3.5,3.8));
#2952 = CARTESIAN_POINT('',(-2.3,4.492820323028));
#2953 = CARTESIAN_POINT('',(-1.1,5.185640646055));
#2954 = CARTESIAN_POINT('',(-1.1,3.8));
#2955 = ( GEOMETRIC_REPRESENTATION_CONTEXT(2) 
PARAMETRIC_REPRESENTATION_CONTEXT() REPRESENTATION_CONTEXT('2D SPACE',''
  ) );
#2956 = PCURVE('',#2957,#2962);
#2957 = CYLINDRICAL_SURFACE('',#2958,0.8);
#2958 = AXIS2_PLACEMENT_3D('',#2959,#2960,#2961);
#2959 = CARTESIAN_POINT('',(-56.,-43.8,-2.8));
#2960 = DIRECTION('',(1.,0.,-0.));
#2961 = DIRECTION('',(0.,1.,0.));
#2962 = DEFINITIONAL_REPRESENTATION('',(#2963),#2967);
#2963 = LINE('',#2964,#2965);
#2964 = CARTESIAN_POINT('',(1.570796326795,-0.));
#2965 = VECTOR('',#2966,1.);
#2966 = DIRECTION('',(-1.,0.));
#2967 = ( GEOMETRIC_REPRESENTATION_CONTEXT(2) 
PARAMETRIC_REPRESENTATION_CONTEXT() REPRESENTATION_CONTEXT('2D SPACE',''
  ) );
#2968 = ORIENTED_EDGE('',*,*,#2969,.T.);
#2969 = EDGE_CURVE('',#2937,#2970,#2972,.T.);
#2970 = VERTEX_POINT('',#2971);
#2971 = CARTESIAN_POINT('',(-56.,-43.,-1.8));
#2972 = SURFACE_CURVE('',#2973,(#2977,#2984),.PCURVE_S1.);
#2973 = LINE('',#2974,#2975);
#2974 = CARTESIAN_POINT('',(-56.,-43.,-3.6));
#2975 = VECTOR('',#2976,1.);
#2976 = DIRECTION('',(0.,0.,1.));
#2977 = PCURVE('',#504,#2978);
#2978 = DEFINITIONAL_REPRESENTATION('',(#2979),#2983);
#2979 = LINE('',#2980,#2981);
#2980 = CARTESIAN_POINT('',(-2.7,3.));
#2981 = VECTOR('',#2982,1.);
#2982 = DIRECTION('',(1.,0.));
#2983 = ( GEOMETRIC_REPRESENTATION_CONTEXT(2) 
PARAMETRIC_REPRESENTATION_CONTEXT() REPRESENTATION_CONTEXT('2D SPACE',''
  ) );
#2984 = PCURVE('',#2985,#2990);
#2985 = PLANE('',#2986);
#2986 = AXIS2_PLACEMENT_3D('',#2987,#2988,#2989);
#2987 = CARTESIAN_POINT('',(-56.,-43.,-3.6));
#2988 = DIRECTION('',(-0.,1.,0.));
#2989 = DIRECTION('',(0.,0.,1.));
#2990 = DEFINITIONAL_REPRESENTATION('',(#2991),#2995);
#2991 = LINE('',#2992,#2993);
#2992 = CARTESIAN_POINT('',(0.,0.));
#2993 = VECTOR('',#2994,1.);
#2994 = DIRECTION('',(1.,0.));
#2995 = ( GEOMETRIC_REPRESENTATION_CONTEXT(2) 
PARAMETRIC_REPRESENTATION_CONTEXT() REPRESENTATION_CONTEXT('2D SPACE',''
  ) );
#2996 = ORIENTED_EDGE('',*,*,#2997,.T.);
#2997 = EDGE_CURVE('',#2970,#2807,#2998,.T.);
#2998 = SURFACE_CURVE('',#2999,(#3003,#3010),.PCURVE_S1.);
#2999 = LINE('',#3000,#3001);
#3000 = CARTESIAN_POINT('',(-56.,-43.,-1.8));
#3001 = VECTOR('',#3002,1.);
#3002 = DIRECTION('',(-0.,1.,0.));
#3003 = PCURVE('',#504,#3004);
#3004 = DEFINITIONAL_REPRESENTATION('',(#3005),#3009);
#3005 = LINE('',#3006,#3007);
#3006 = CARTESIAN_POINT('',(-0.9,3.));
#3007 = VECTOR('',#3008,1.);
#3008 = DIRECTION('',(0.,-1.));
#3009 = ( GEOMETRIC_REPRESENTATION_CONTEXT(2) 
PARAMETRIC_REPRESENTATION_CONTEXT() REPRESENTATION_CONTEXT('2D SPACE',''
  ) );
#3010 = PCURVE('',#3011,#3016);
#3011 = PLANE('',#3012);
#3012 = AXIS2_PLACEMENT_3D('',#3013,#3014,#3015);
#3013 = CARTESIAN_POINT('',(-56.,-43.,-1.8));
#3014 = DIRECTION('',(0.,0.,1.));
#3015 = DIRECTION('',(1.,0.,-0.));
#3016 = DEFINITIONAL_REPRESENTATION('',(#3017),#3021);
#3017 = LINE('',#3018,#3019);
#3018 = CARTESIAN_POINT('',(0.,0.));
#3019 = VECTOR('',#3020,1.);
#3020 = DIRECTION('',(0.,1.));
#3021 = ( GEOMETRIC_REPRESENTATION_CONTEXT(2) 
PARAMETRIC_REPRESENTATION_CONTEXT() REPRESENTATION_CONTEXT('2D SPACE',''
  ) );
#3022 = ADVANCED_FACE('',(#3023),#600,.F.);
#3023 = FACE_BOUND('',#3024,.F.);
#3024 = EDGE_LOOP('',(#3025,#3026,#3027,#3028));
#3025 = ORIENTED_EDGE('',*,*,#736,.F.);
#3026 = ORIENTED_EDGE('',*,*,#687,.T.);
#3027 = ORIENTED_EDGE('',*,*,#660,.T.);
#3028 = ORIENTED_EDGE('',*,*,#584,.F.);
#3029 = ADVANCED_FACE('',(#3030),#780,.F.);
#3030 = FACE_BOUND('',#3031,.F.);
#3031 = EDGE_LOOP('',(#3032,#3055,#3056,#3057));
#3032 = ORIENTED_EDGE('',*,*,#3033,.F.);
#3033 = EDGE_CURVE('',#1774,#3034,#3036,.T.);
#3034 = VERTEX_POINT('',#3035);
#3035 = CARTESIAN_POINT('',(-62.3,-41.,4.5));
#3036 = SURFACE_CURVE('',#3037,(#3041,#3048),.PCURVE_S1.);
#3037 = LINE('',#3038,#3039);
#3038 = CARTESIAN_POINT('',(-62.3,-41.,-0.9));
#3039 = VECTOR('',#3040,1.);
#3040 = DIRECTION('',(0.,0.,1.));
#3041 = PCURVE('',#780,#3042);
#3042 = DEFINITIONAL_REPRESENTATION('',(#3043),#3047);
#3043 = LINE('',#3044,#3045);
#3044 = CARTESIAN_POINT('',(0.,1.2));
#3045 = VECTOR('',#3046,1.);
#3046 = DIRECTION('',(1.,0.));
#3047 = ( GEOMETRIC_REPRESENTATION_CONTEXT(2) 
PARAMETRIC_REPRESENTATION_CONTEXT() REPRESENTATION_CONTEXT('2D SPACE',''
  ) );
#3048 = PCURVE('',#1809,#3049);
#3049 = DEFINITIONAL_REPRESENTATION('',(#3050),#3054);
#3050 = LINE('',#3051,#3052);
#3051 = CARTESIAN_POINT('',(0.,-22.));
#3052 = VECTOR('',#3053,1.);
#3053 = DIRECTION('',(1.,0.));
#3054 = ( GEOMETRIC_REPRESENTATION_CONTEXT(2) 
PARAMETRIC_REPRESENTATION_CONTEXT() REPRESENTATION_CONTEXT('2D SPACE',''
  ) );
#3055 = ORIENTED_EDGE('',*,*,#1773,.T.);
#3056 = ORIENTED_EDGE('',*,*,#762,.T.);
#3057 = ORIENTED_EDGE('',*,*,#3058,.F.);
#3058 = EDGE_CURVE('',#3034,#765,#3059,.T.);
#3059 = SURFACE_CURVE('',#3060,(#3064,#3071),.PCURVE_S1.);
#3060 = LINE('',#3061,#3062);
#3061 = CARTESIAN_POINT('',(-62.3,-41.,4.5));
#3062 = VECTOR('',#3063,1.);
#3063 = DIRECTION('',(-1.,-0.,0.));
#3064 = PCURVE('',#780,#3065);
#3065 = DEFINITIONAL_REPRESENTATION('',(#3066),#3070);
#3066 = LINE('',#3067,#3068);
#3067 = CARTESIAN_POINT('',(5.4,1.2));
#3068 = VECTOR('',#3069,1.);
#3069 = DIRECTION('',(0.,-1.));
#3070 = ( GEOMETRIC_REPRESENTATION_CONTEXT(2) 
PARAMETRIC_REPRESENTATION_CONTEXT() REPRESENTATION_CONTEXT('2D SPACE',''
  ) );
#3071 = PCURVE('',#1051,#3072);
#3072 = DEFINITIONAL_REPRESENTATION('',(#3073),#3077);
#3073 = LINE('',#3074,#3075);
#3074 = CARTESIAN_POINT('',(-0.,0.212132034356));
#3075 = VECTOR('',#3076,1.);
#3076 = DIRECTION('',(-1.,0.));
#3077 = ( GEOMETRIC_REPRESENTATION_CONTEXT(2) 
PARAMETRIC_REPRESENTATION_CONTEXT() REPRESENTATION_CONTEXT('2D SPACE',''
  ) );
#3078 = ADVANCED_FACE('',(#3079),#806,.T.);
#3079 = FACE_BOUND('',#3080,.F.);
#3080 = EDGE_LOOP('',(#3081,#3082,#3083,#3104));
#3081 = ORIENTED_EDGE('',*,*,#921,.T.);
#3082 = ORIENTED_EDGE('',*,*,#1012,.T.);
#3083 = ORIENTED_EDGE('',*,*,#3084,.T.);
#3084 = EDGE_CURVE('',#1013,#765,#3085,.T.);
#3085 = SURFACE_CURVE('',#3086,(#3090,#3097),.PCURVE_S1.);
#3086 = LINE('',#3087,#3088);
#3087 = CARTESIAN_POINT('',(-59.73856217223,-44.76143782776,
    0.738562172234));
#3088 = VECTOR('',#3089,1.);
#3089 = DIRECTION('',(0.57735026919,-0.57735026919,-0.57735026919));
#3090 = PCURVE('',#806,#3091);
#3091 = DEFINITIONAL_REPRESENTATION('',(#3092),#3096);
#3092 = LINE('',#3093,#3094);
#3093 = CARTESIAN_POINT('',(-18.20718913883,5.531608424406));
#3094 = VECTOR('',#3095,1.);
#3095 = DIRECTION('',(0.57735026919,0.816496580928));
#3096 = ( GEOMETRIC_REPRESENTATION_CONTEXT(2) 
PARAMETRIC_REPRESENTATION_CONTEXT() REPRESENTATION_CONTEXT('2D SPACE',''
  ) );
#3097 = PCURVE('',#1051,#3098);
#3098 = DEFINITIONAL_REPRESENTATION('',(#3099),#3103);
#3099 = LINE('',#3100,#3101);
#3100 = CARTESIAN_POINT('',(2.561437827766,5.531608424406));
#3101 = VECTOR('',#3102,1.);
#3102 = DIRECTION('',(0.57735026919,0.816496580928));
#3103 = ( GEOMETRIC_REPRESENTATION_CONTEXT(2) 
PARAMETRIC_REPRESENTATION_CONTEXT() REPRESENTATION_CONTEXT('2D SPACE',''
  ) );
#3104 = ORIENTED_EDGE('',*,*,#792,.F.);
#3105 = ADVANCED_FACE('',(#3106),#1051,.F.);
#3106 = FACE_BOUND('',#3107,.T.);
#3107 = EDGE_LOOP('',(#3108,#3129,#3130,#3131));
#3108 = ORIENTED_EDGE('',*,*,#3109,.F.);
#3109 = EDGE_CURVE('',#1036,#3034,#3110,.T.);
#3110 = SURFACE_CURVE('',#3111,(#3115,#3122),.PCURVE_S1.);
#3111 = LINE('',#3112,#3113);
#3112 = CARTESIAN_POINT('',(-65.86666666666,-44.56666666666,
    0.933333333333));
#3113 = VECTOR('',#3114,1.);
#3114 = DIRECTION('',(-0.57735026919,-0.57735026919,-0.57735026919));
#3115 = PCURVE('',#1051,#3116);
#3116 = DEFINITIONAL_REPRESENTATION('',(#3117),#3121);
#3117 = LINE('',#3118,#3119);
#3118 = CARTESIAN_POINT('',(-3.566666666667,5.25616040682));
#3119 = VECTOR('',#3120,1.);
#3120 = DIRECTION('',(-0.57735026919,0.816496580928));
#3121 = ( GEOMETRIC_REPRESENTATION_CONTEXT(2) 
PARAMETRIC_REPRESENTATION_CONTEXT() REPRESENTATION_CONTEXT('2D SPACE',''
  ) );
#3122 = PCURVE('',#1079,#3123);
#3123 = DEFINITIONAL_REPRESENTATION('',(#3124),#3128);
#3124 = LINE('',#3125,#3126);
#3125 = CARTESIAN_POINT('',(-18.43333333333,5.25616040682));
#3126 = VECTOR('',#3127,1.);
#3127 = DIRECTION('',(0.57735026919,0.816496580928));
#3128 = ( GEOMETRIC_REPRESENTATION_CONTEXT(2) 
PARAMETRIC_REPRESENTATION_CONTEXT() REPRESENTATION_CONTEXT('2D SPACE',''
  ) );
#3129 = ORIENTED_EDGE('',*,*,#1035,.T.);
#3130 = ORIENTED_EDGE('',*,*,#3084,.T.);
#3131 = ORIENTED_EDGE('',*,*,#3058,.F.);
#3132 = ADVANCED_FACE('',(#3133),#1079,.F.);
#3133 = FACE_BOUND('',#3134,.T.);
#3134 = EDGE_LOOP('',(#3135,#3158,#3159,#3160));
#3135 = ORIENTED_EDGE('',*,*,#3136,.F.);
#3136 = EDGE_CURVE('',#1064,#3137,#3139,.T.);
#3137 = VERTEX_POINT('',#3138);
#3138 = CARTESIAN_POINT('',(-62.3,-63.,4.5));
#3139 = SURFACE_CURVE('',#3140,(#3144,#3151),.PCURVE_S1.);
#3140 = LINE('',#3141,#3142);
#3141 = CARTESIAN_POINT('',(-62.2,-63.1,4.6));
#3142 = VECTOR('',#3143,1.);
#3143 = DIRECTION('',(-0.57735026919,0.57735026919,-0.57735026919));
#3144 = PCURVE('',#1079,#3145);
#3145 = DEFINITIONAL_REPRESENTATION('',(#3146),#3150);
#3146 = LINE('',#3147,#3148);
#3147 = CARTESIAN_POINT('',(0.1,7.071067811866E-02));
#3148 = VECTOR('',#3149,1.);
#3149 = DIRECTION('',(-0.57735026919,0.816496580928));
#3150 = ( GEOMETRIC_REPRESENTATION_CONTEXT(2) 
PARAMETRIC_REPRESENTATION_CONTEXT() REPRESENTATION_CONTEXT('2D SPACE',''
  ) );
#3151 = PCURVE('',#1107,#3152);
#3152 = DEFINITIONAL_REPRESENTATION('',(#3153),#3157);
#3153 = LINE('',#3154,#3155);
#3154 = CARTESIAN_POINT('',(9.999999999999E-02,7.071067811865E-02));
#3155 = VECTOR('',#3156,1.);
#3156 = DIRECTION('',(-0.57735026919,0.816496580928));
#3157 = ( GEOMETRIC_REPRESENTATION_CONTEXT(2) 
PARAMETRIC_REPRESENTATION_CONTEXT() REPRESENTATION_CONTEXT('2D SPACE',''
  ) );
#3158 = ORIENTED_EDGE('',*,*,#1063,.T.);
#3159 = ORIENTED_EDGE('',*,*,#3109,.T.);
#3160 = ORIENTED_EDGE('',*,*,#3161,.F.);
#3161 = EDGE_CURVE('',#3137,#3034,#3162,.T.);
#3162 = SURFACE_CURVE('',#3163,(#3167,#3174),.PCURVE_S1.);
#3163 = LINE('',#3164,#3165);
#3164 = CARTESIAN_POINT('',(-62.3,-63.,4.5));
#3165 = VECTOR('',#3166,1.);
#3166 = DIRECTION('',(-0.,1.,0.));
#3167 = PCURVE('',#1079,#3168);
#3168 = DEFINITIONAL_REPRESENTATION('',(#3169),#3173);
#3169 = LINE('',#3170,#3171);
#3170 = CARTESIAN_POINT('',(-0.,0.212132034356));
#3171 = VECTOR('',#3172,1.);
#3172 = DIRECTION('',(-1.,0.));
#3173 = ( GEOMETRIC_REPRESENTATION_CONTEXT(2) 
PARAMETRIC_REPRESENTATION_CONTEXT() REPRESENTATION_CONTEXT('2D SPACE',''
  ) );
#3174 = PCURVE('',#1809,#3175);
#3175 = DEFINITIONAL_REPRESENTATION('',(#3176),#3180);
#3176 = LINE('',#3177,#3178);
#3177 = CARTESIAN_POINT('',(5.4,0.));
#3178 = VECTOR('',#3179,1.);
#3179 = DIRECTION('',(0.,-1.));
#3180 = ( GEOMETRIC_REPRESENTATION_CONTEXT(2) 
PARAMETRIC_REPRESENTATION_CONTEXT() REPRESENTATION_CONTEXT('2D SPACE',''
  ) );
#3181 = ADVANCED_FACE('',(#3182),#1592,.F.);
#3182 = FACE_BOUND('',#3183,.T.);
#3183 = EDGE_LOOP('',(#3184,#3185,#3186,#3207));
#3184 = ORIENTED_EDGE('',*,*,#1743,.T.);
#3185 = ORIENTED_EDGE('',*,*,#1576,.T.);
#3186 = ORIENTED_EDGE('',*,*,#3187,.T.);
#3187 = EDGE_CURVE('',#1549,#2805,#3188,.T.);
#3188 = SURFACE_CURVE('',#3189,(#3193,#3200),.PCURVE_S1.);
#3189 = LINE('',#3190,#3191);
#3190 = CARTESIAN_POINT('',(-37.28333333333,-58.01666666666,
    23.216666666667));
#3191 = VECTOR('',#3192,1.);
#3192 = DIRECTION('',(-0.57735026919,0.57735026919,-0.57735026919));
#3193 = PCURVE('',#1592,#3194);
#3194 = DEFINITIONAL_REPRESENTATION('',(#3195),#3199);
#3195 = LINE('',#3196,#3197);
#3196 = CARTESIAN_POINT('',(18.016666666667,-26.25723180806));
#3197 = VECTOR('',#3198,1.);
#3198 = DIRECTION('',(-0.57735026919,0.816496580928));
#3199 = ( GEOMETRIC_REPRESENTATION_CONTEXT(2) 
PARAMETRIC_REPRESENTATION_CONTEXT() REPRESENTATION_CONTEXT('2D SPACE',''
  ) );
#3200 = PCURVE('',#1564,#3201);
#3201 = DEFINITIONAL_REPRESENTATION('',(#3202),#3206);
#3202 = LINE('',#3203,#3204);
#3203 = CARTESIAN_POINT('',(-92.28333333333,-26.25723180806));
#3204 = VECTOR('',#3205,1.);
#3205 = DIRECTION('',(-0.57735026919,0.816496580928));
#3206 = ( GEOMETRIC_REPRESENTATION_CONTEXT(2) 
PARAMETRIC_REPRESENTATION_CONTEXT() REPRESENTATION_CONTEXT('2D SPACE',''
  ) );
#3207 = ORIENTED_EDGE('',*,*,#2829,.F.);
#3208 = ADVANCED_FACE('',(#3209),#1107,.T.);
#3209 = FACE_BOUND('',#3210,.F.);
#3210 = EDGE_LOOP('',(#3211,#3212,#3213,#3240));
#3211 = ORIENTED_EDGE('',*,*,#3136,.F.);
#3212 = ORIENTED_EDGE('',*,*,#1091,.T.);
#3213 = ORIENTED_EDGE('',*,*,#3214,.T.);
#3214 = EDGE_CURVE('',#1092,#3215,#3217,.T.);
#3215 = VERTEX_POINT('',#3216);
#3216 = CARTESIAN_POINT('',(-63.472135955,-63.,4.5));
#3217 = SURFACE_CURVE('',#3218,(#3223,#3230),.PCURVE_S1.);
#3218 = PARABOLA('',#3219,3.535533905933);
#3219 = AXIS2_PLACEMENT_3D('',#3220,#3221,#3222);
#3220 = CARTESIAN_POINT('',(-59.,-64.,5.5));
#3221 = DIRECTION('',(3.901284499197E-18,0.707106781187,0.707106781187)
  );
#3222 = DIRECTION('',(3.901284499197E-18,0.707106781187,-0.707106781187)
  );
#3223 = PCURVE('',#1107,#3224);
#3224 = DEFINITIONAL_REPRESENTATION('',(#3225),#3229);
#3225 = B_SPLINE_CURVE_WITH_KNOTS('',2,(#3226,#3227,#3228),
  .UNSPECIFIED.,.F.,.F.,(3,3),(3.741657386774,4.472135955),
  .PIECEWISE_BEZIER_KNOTS.);
#3226 = CARTESIAN_POINT('',(-0.441657386774,-0.212132034356));
#3227 = CARTESIAN_POINT('',(-0.806896670887,-1.886557139721E-02));
#3228 = CARTESIAN_POINT('',(-1.172135955,0.212132034356));
#3229 = ( GEOMETRIC_REPRESENTATION_CONTEXT(2) 
PARAMETRIC_REPRESENTATION_CONTEXT() REPRESENTATION_CONTEXT('2D SPACE',''
  ) );
#3230 = PCURVE('',#1136,#3231);
#3231 = DEFINITIONAL_REPRESENTATION('',(#3232),#3239);
#3232 = B_SPLINE_CURVE_WITH_KNOTS('',5,(#3233,#3234,#3235,#3236,#3237,
    #3238),.UNSPECIFIED.,.F.,.F.,(6,6),(3.741657386774,4.472135955),
  .PIECEWISE_BEZIER_KNOTS.);
#3233 = CARTESIAN_POINT('',(-0.124990545467,-0.3));
#3234 = CARTESIAN_POINT('',(-9.935971851175E-02,-0.245335989386));
#3235 = CARTESIAN_POINT('',(-7.403614626073E-02,-0.18800398408));
#3236 = CARTESIAN_POINT('',(-4.903000503503E-02,-0.12800398408));
#3237 = CARTESIAN_POINT('',(-2.434928560752E-02,-6.533598938636E-02));
#3238 = CARTESIAN_POINT('',(0.,6.217248937901E-15));
#3239 = ( GEOMETRIC_REPRESENTATION_CONTEXT(2) 
PARAMETRIC_REPRESENTATION_CONTEXT() REPRESENTATION_CONTEXT('2D SPACE',''
  ) );
#3240 = ORIENTED_EDGE('',*,*,#3241,.F.);
#3241 = EDGE_CURVE('',#3137,#3215,#3242,.T.);
#3242 = SURFACE_CURVE('',#3243,(#3247,#3254),.PCURVE_S1.);
#3243 = LINE('',#3244,#3245);
#3244 = CARTESIAN_POINT('',(-62.3,-63.,4.5));
#3245 = VECTOR('',#3246,1.);
#3246 = DIRECTION('',(-1.,-0.,0.));
#3247 = PCURVE('',#1107,#3248);
#3248 = DEFINITIONAL_REPRESENTATION('',(#3249),#3253);
#3249 = LINE('',#3250,#3251);
#3250 = CARTESIAN_POINT('',(-0.,0.212132034356));
#3251 = VECTOR('',#3252,1.);
#3252 = DIRECTION('',(-1.,0.));
#3253 = ( GEOMETRIC_REPRESENTATION_CONTEXT(2) 
PARAMETRIC_REPRESENTATION_CONTEXT() REPRESENTATION_CONTEXT('2D SPACE',''
  ) );
#3254 = PCURVE('',#1835,#3255);
#3255 = DEFINITIONAL_REPRESENTATION('',(#3256),#3260);
#3256 = LINE('',#3257,#3258);
#3257 = CARTESIAN_POINT('',(5.4,1.2));
#3258 = VECTOR('',#3259,1.);
#3259 = DIRECTION('',(0.,-1.));
#3260 = ( GEOMETRIC_REPRESENTATION_CONTEXT(2) 
PARAMETRIC_REPRESENTATION_CONTEXT() REPRESENTATION_CONTEXT('2D SPACE',''
  ) );
#3261 = ADVANCED_FACE('',(#3262),#1564,.T.);
#3262 = FACE_BOUND('',#3263,.F.);
#3263 = EDGE_LOOP('',(#3264,#3287,#3288,#3289));
#3264 = ORIENTED_EDGE('',*,*,#3265,.F.);
#3265 = EDGE_CURVE('',#1521,#3266,#3268,.T.);
#3266 = VERTEX_POINT('',#3267);
#3267 = CARTESIAN_POINT('',(55.,-39.3,4.5));
#3268 = SURFACE_CURVE('',#3269,(#3273,#3280),.PCURVE_S1.);
#3269 = LINE('',#3270,#3271);
#3270 = CARTESIAN_POINT('',(55.1,-39.4,4.6));
#3271 = VECTOR('',#3272,1.);
#3272 = DIRECTION('',(-0.57735026919,0.57735026919,-0.57735026919));
#3273 = PCURVE('',#1564,#3274);
#3274 = DEFINITIONAL_REPRESENTATION('',(#3275),#3279);
#3275 = LINE('',#3276,#3277);
#3276 = CARTESIAN_POINT('',(0.1,7.071067811865E-02));
#3277 = VECTOR('',#3278,1.);
#3278 = DIRECTION('',(-0.57735026919,0.816496580928));
#3279 = ( GEOMETRIC_REPRESENTATION_CONTEXT(2) 
PARAMETRIC_REPRESENTATION_CONTEXT() REPRESENTATION_CONTEXT('2D SPACE',''
  ) );
#3280 = PCURVE('',#1536,#3281);
#3281 = DEFINITIONAL_REPRESENTATION('',(#3282),#3286);
#3282 = LINE('',#3283,#3284);
#3283 = CARTESIAN_POINT('',(0.1,7.071067811865E-02));
#3284 = VECTOR('',#3285,1.);
#3285 = DIRECTION('',(-0.57735026919,0.816496580928));
#3286 = ( GEOMETRIC_REPRESENTATION_CONTEXT(2) 
PARAMETRIC_REPRESENTATION_CONTEXT() REPRESENTATION_CONTEXT('2D SPACE',''
  ) );
#3287 = ORIENTED_EDGE('',*,*,#1548,.T.);
#3288 = ORIENTED_EDGE('',*,*,#3187,.T.);
#3289 = ORIENTED_EDGE('',*,*,#3290,.F.);
#3290 = EDGE_CURVE('',#3266,#2805,#3291,.T.);
#3291 = SURFACE_CURVE('',#3292,(#3296,#3303),.PCURVE_S1.);
#3292 = LINE('',#3293,#3294);
#3293 = CARTESIAN_POINT('',(55.,-39.3,4.5));
#3294 = VECTOR('',#3295,1.);
#3295 = DIRECTION('',(-1.,-0.,0.));
#3296 = PCURVE('',#1564,#3297);
#3297 = DEFINITIONAL_REPRESENTATION('',(#3298),#3302);
#3298 = LINE('',#3299,#3300);
#3299 = CARTESIAN_POINT('',(-0.,0.212132034356));
#3300 = VECTOR('',#3301,1.);
#3301 = DIRECTION('',(-1.,0.));
#3302 = ( GEOMETRIC_REPRESENTATION_CONTEXT(2) 
PARAMETRIC_REPRESENTATION_CONTEXT() REPRESENTATION_CONTEXT('2D SPACE',''
  ) );
#3303 = PCURVE('',#2509,#3304);
#3304 = DEFINITIONAL_REPRESENTATION('',(#3305),#3309);
#3305 = LINE('',#3306,#3307);
#3306 = CARTESIAN_POINT('',(5.4,121.));
#3307 = VECTOR('',#3308,1.);
#3308 = DIRECTION('',(0.,-1.));
#3309 = ( GEOMETRIC_REPRESENTATION_CONTEXT(2) 
PARAMETRIC_REPRESENTATION_CONTEXT() REPRESENTATION_CONTEXT('2D SPACE',''
  ) );
#3310 = ADVANCED_FACE('',(#3311),#1136,.T.);
#3311 = FACE_BOUND('',#3312,.F.);
#3312 = EDGE_LOOP('',(#3313,#3314,#3315,#3336));
#3313 = ORIENTED_EDGE('',*,*,#3214,.F.);
#3314 = ORIENTED_EDGE('',*,*,#1119,.T.);
#3315 = ORIENTED_EDGE('',*,*,#3316,.T.);
#3316 = EDGE_CURVE('',#1120,#3317,#3319,.T.);
#3317 = VERTEX_POINT('',#3318);
#3318 = CARTESIAN_POINT('',(-59.,-65.,4.5));
#3319 = SURFACE_CURVE('',#3320,(#3324,#3330),.PCURVE_S1.);
#3320 = LINE('',#3321,#3322);
#3321 = CARTESIAN_POINT('',(-59.,-65.,4.5));
#3322 = VECTOR('',#3323,1.);
#3323 = DIRECTION('',(1.073446129413E-16,-0.707106781187,-0.707106781187
    ));
#3324 = PCURVE('',#1136,#3325);
#3325 = DEFINITIONAL_REPRESENTATION('',(#3326),#3329);
#3326 = B_SPLINE_CURVE_WITH_KNOTS('',1,(#3327,#3328),.UNSPECIFIED.,.F.,
  .F.,(2,2),(-0.424264068712,0.),.PIECEWISE_BEZIER_KNOTS.);
#3327 = CARTESIAN_POINT('',(-0.841068670568,-0.3));
#3328 = CARTESIAN_POINT('',(-0.841068670568,0.));
#3329 = ( GEOMETRIC_REPRESENTATION_CONTEXT(2) 
PARAMETRIC_REPRESENTATION_CONTEXT() REPRESENTATION_CONTEXT('2D SPACE',''
  ) );
#3330 = PCURVE('',#1164,#3331);
#3331 = DEFINITIONAL_REPRESENTATION('',(#3332),#3335);
#3332 = B_SPLINE_CURVE_WITH_KNOTS('',1,(#3333,#3334),.UNSPECIFIED.,.F.,
  .F.,(2,2),(-0.424264068712,0.),.PIECEWISE_BEZIER_KNOTS.);
#3333 = CARTESIAN_POINT('',(0.,-0.212132034356));
#3334 = CARTESIAN_POINT('',(0.,0.212132034356));
#3335 = ( GEOMETRIC_REPRESENTATION_CONTEXT(2) 
PARAMETRIC_REPRESENTATION_CONTEXT() REPRESENTATION_CONTEXT('2D SPACE',''
  ) );
#3336 = ORIENTED_EDGE('',*,*,#3337,.F.);
#3337 = EDGE_CURVE('',#3215,#3317,#3338,.T.);
#3338 = SURFACE_CURVE('',#3339,(#3344,#3351),.PCURVE_S1.);
#3339 = CIRCLE('',#3340,6.);
#3340 = AXIS2_PLACEMENT_3D('',#3341,#3342,#3343);
#3341 = CARTESIAN_POINT('',(-59.,-59.,4.5));
#3342 = DIRECTION('',(0.,0.,1.));
#3343 = DIRECTION('',(-0.7453559925,-0.666666666667,0.));
#3344 = PCURVE('',#1136,#3345);
#3345 = DEFINITIONAL_REPRESENTATION('',(#3346),#3350);
#3346 = LINE('',#3347,#3348);
#3347 = CARTESIAN_POINT('',(-0.,0.));
#3348 = VECTOR('',#3349,1.);
#3349 = DIRECTION('',(-1.,0.));
#3350 = ( GEOMETRIC_REPRESENTATION_CONTEXT(2) 
PARAMETRIC_REPRESENTATION_CONTEXT() REPRESENTATION_CONTEXT('2D SPACE',''
  ) );
#3351 = PCURVE('',#3352,#3357);
#3352 = CYLINDRICAL_SURFACE('',#3353,6.);
#3353 = AXIS2_PLACEMENT_3D('',#3354,#3355,#3356);
#3354 = CARTESIAN_POINT('',(-59.,-59.,1.E-01));
#3355 = DIRECTION('',(-0.,-0.,-1.));
#3356 = DIRECTION('',(1.,0.,0.));
#3357 = DEFINITIONAL_REPRESENTATION('',(#3358),#3362);
#3358 = LINE('',#3359,#3360);
#3359 = CARTESIAN_POINT('',(-3.871320309817,-4.4));
#3360 = VECTOR('',#3361,1.);
#3361 = DIRECTION('',(-1.,0.));
#3362 = ( GEOMETRIC_REPRESENTATION_CONTEXT(2) 
PARAMETRIC_REPRESENTATION_CONTEXT() REPRESENTATION_CONTEXT('2D SPACE',''
  ) );
#3363 = ADVANCED_FACE('',(#3364),#1536,.F.);
#3364 = FACE_BOUND('',#3365,.T.);
#3365 = EDGE_LOOP('',(#3366,#3367,#3368,#3391));
#3366 = ORIENTED_EDGE('',*,*,#3265,.F.);
#3367 = ORIENTED_EDGE('',*,*,#1520,.T.);
#3368 = ORIENTED_EDGE('',*,*,#3369,.T.);
#3369 = EDGE_CURVE('',#1493,#3370,#3372,.T.);
#3370 = VERTEX_POINT('',#3371);
#3371 = CARTESIAN_POINT('',(55.,40.,4.5));
#3372 = SURFACE_CURVE('',#3373,(#3377,#3384),.PCURVE_S1.);
#3373 = LINE('',#3374,#3375);
#3374 = CARTESIAN_POINT('',(21.883333333334,6.883333333334,
    -28.61666666666));
#3375 = VECTOR('',#3376,1.);
#3376 = DIRECTION('',(-0.57735026919,-0.57735026919,-0.57735026919));
#3377 = PCURVE('',#1536,#3378);
#3378 = DEFINITIONAL_REPRESENTATION('',(#3379),#3383);
#3379 = LINE('',#3380,#3381);
#3380 = CARTESIAN_POINT('',(-46.18333333333,47.046171174945));
#3381 = VECTOR('',#3382,1.);
#3382 = DIRECTION('',(0.57735026919,0.816496580928));
#3383 = ( GEOMETRIC_REPRESENTATION_CONTEXT(2) 
PARAMETRIC_REPRESENTATION_CONTEXT() REPRESENTATION_CONTEXT('2D SPACE',''
  ) );
#3384 = PCURVE('',#1508,#3385);
#3385 = DEFINITIONAL_REPRESENTATION('',(#3386),#3390);
#3386 = LINE('',#3387,#3388);
#3387 = CARTESIAN_POINT('',(86.883333333334,47.046171174945));
#3388 = VECTOR('',#3389,1.);
#3389 = DIRECTION('',(-0.57735026919,0.816496580928));
#3390 = ( GEOMETRIC_REPRESENTATION_CONTEXT(2) 
PARAMETRIC_REPRESENTATION_CONTEXT() REPRESENTATION_CONTEXT('2D SPACE',''
  ) );
#3391 = ORIENTED_EDGE('',*,*,#3392,.F.);
#3392 = EDGE_CURVE('',#3266,#3370,#3393,.T.);
#3393 = SURFACE_CURVE('',#3394,(#3398,#3405),.PCURVE_S1.);
#3394 = LINE('',#3395,#3396);
#3395 = CARTESIAN_POINT('',(55.,-39.3,4.5));
#3396 = VECTOR('',#3397,1.);
#3397 = DIRECTION('',(-0.,1.,0.));
#3398 = PCURVE('',#1536,#3399);
#3399 = DEFINITIONAL_REPRESENTATION('',(#3400),#3404);
#3400 = LINE('',#3401,#3402);
#3401 = CARTESIAN_POINT('',(-0.,0.212132034356));
#3402 = VECTOR('',#3403,1.);
#3403 = DIRECTION('',(-1.,0.));
#3404 = ( GEOMETRIC_REPRESENTATION_CONTEXT(2) 
PARAMETRIC_REPRESENTATION_CONTEXT() REPRESENTATION_CONTEXT('2D SPACE',''
  ) );
#3405 = PCURVE('',#2483,#3406);
#3406 = DEFINITIONAL_REPRESENTATION('',(#3407),#3411);
#3407 = LINE('',#3408,#3409);
#3408 = CARTESIAN_POINT('',(5.4,0.));
#3409 = VECTOR('',#3410,1.);
#3410 = DIRECTION('',(0.,-1.));
#3411 = ( GEOMETRIC_REPRESENTATION_CONTEXT(2) 
PARAMETRIC_REPRESENTATION_CONTEXT() REPRESENTATION_CONTEXT('2D SPACE',''
  ) );
#3412 = ADVANCED_FACE('',(#3413),#1164,.F.);
#3413 = FACE_BOUND('',#3414,.F.);
#3414 = EDGE_LOOP('',(#3415,#3416,#3417,#3438));
#3415 = ORIENTED_EDGE('',*,*,#3316,.F.);
#3416 = ORIENTED_EDGE('',*,*,#1148,.T.);
#3417 = ORIENTED_EDGE('',*,*,#3418,.T.);
#3418 = EDGE_CURVE('',#1149,#3419,#3421,.T.);
#3419 = VERTEX_POINT('',#3420);
#3420 = CARTESIAN_POINT('',(59.,-65.,4.5));
#3421 = SURFACE_CURVE('',#3422,(#3426,#3432),.PCURVE_S1.);
#3422 = LINE('',#3423,#3424);
#3423 = CARTESIAN_POINT('',(59.,-64.85,4.65));
#3424 = VECTOR('',#3425,1.);
#3425 = DIRECTION('',(1.447455487231E-34,-0.707106781187,-0.707106781187
    ));
#3426 = PCURVE('',#1164,#3427);
#3427 = DEFINITIONAL_REPRESENTATION('',(#3428),#3431);
#3428 = B_SPLINE_CURVE_WITH_KNOTS('',1,(#3429,#3430),.UNSPECIFIED.,.F.,
  .F.,(2,2),(-0.212132034356,0.212132034356),.PIECEWISE_BEZIER_KNOTS.);
#3429 = CARTESIAN_POINT('',(118.,-0.212132034356));
#3430 = CARTESIAN_POINT('',(118.,0.212132034356));
#3431 = ( GEOMETRIC_REPRESENTATION_CONTEXT(2) 
PARAMETRIC_REPRESENTATION_CONTEXT() REPRESENTATION_CONTEXT('2D SPACE',''
  ) );
#3432 = PCURVE('',#1193,#3433);
#3433 = DEFINITIONAL_REPRESENTATION('',(#3434),#3437);
#3434 = B_SPLINE_CURVE_WITH_KNOTS('',1,(#3435,#3436),.UNSPECIFIED.,.F.,
  .F.,(2,2),(-0.212132034356,0.212132034356),.PIECEWISE_BEZIER_KNOTS.);
#3435 = CARTESIAN_POINT('',(0.,-0.3));
#3436 = CARTESIAN_POINT('',(0.,-5.887846720064E-16));
#3437 = ( GEOMETRIC_REPRESENTATION_CONTEXT(2) 
PARAMETRIC_REPRESENTATION_CONTEXT() REPRESENTATION_CONTEXT('2D SPACE',''
  ) );
#3438 = ORIENTED_EDGE('',*,*,#3439,.F.);
#3439 = EDGE_CURVE('',#3317,#3419,#3440,.T.);
#3440 = SURFACE_CURVE('',#3441,(#3445,#3452),.PCURVE_S1.);
#3441 = LINE('',#3442,#3443);
#3442 = CARTESIAN_POINT('',(-59.,-65.,4.5));
#3443 = VECTOR('',#3444,1.);
#3444 = DIRECTION('',(1.,0.,0.));
#3445 = PCURVE('',#1164,#3446);
#3446 = DEFINITIONAL_REPRESENTATION('',(#3447),#3451);
#3447 = LINE('',#3448,#3449);
#3448 = CARTESIAN_POINT('',(0.,0.212132034356));
#3449 = VECTOR('',#3450,1.);
#3450 = DIRECTION('',(1.,0.));
#3451 = ( GEOMETRIC_REPRESENTATION_CONTEXT(2) 
PARAMETRIC_REPRESENTATION_CONTEXT() REPRESENTATION_CONTEXT('2D SPACE',''
  ) );
#3452 = PCURVE('',#3453,#3458);
#3453 = PLANE('',#3454);
#3454 = AXIS2_PLACEMENT_3D('',#3455,#3456,#3457);
#3455 = CARTESIAN_POINT('',(-59.,-65.,1.E-01));
#3456 = DIRECTION('',(0.,1.,0.));
#3457 = DIRECTION('',(1.,0.,0.));
#3458 = DEFINITIONAL_REPRESENTATION('',(#3459),#3463);
#3459 = LINE('',#3460,#3461);
#3460 = CARTESIAN_POINT('',(0.,-4.4));
#3461 = VECTOR('',#3462,1.);
#3462 = DIRECTION('',(1.,0.));
#3463 = ( GEOMETRIC_REPRESENTATION_CONTEXT(2) 
PARAMETRIC_REPRESENTATION_CONTEXT() REPRESENTATION_CONTEXT('2D SPACE',''
  ) );
#3464 = ADVANCED_FACE('',(#3465),#1508,.F.);
#3465 = FACE_BOUND('',#3466,.F.);
#3466 = EDGE_LOOP('',(#3467,#3490,#3491,#3492));
#3467 = ORIENTED_EDGE('',*,*,#3468,.F.);
#3468 = EDGE_CURVE('',#1465,#3469,#3471,.T.);
#3469 = VERTEX_POINT('',#3470);
#3470 = CARTESIAN_POINT('',(-65.,40.,4.5));
#3471 = SURFACE_CURVE('',#3472,(#3476,#3483),.PCURVE_S1.);
#3472 = LINE('',#3473,#3474);
#3473 = CARTESIAN_POINT('',(-64.9,40.1,4.6));
#3474 = VECTOR('',#3475,1.);
#3475 = DIRECTION('',(-0.57735026919,-0.57735026919,-0.57735026919));
#3476 = PCURVE('',#1508,#3477);
#3477 = DEFINITIONAL_REPRESENTATION('',(#3478),#3482);
#3478 = LINE('',#3479,#3480);
#3479 = CARTESIAN_POINT('',(0.1,7.071067811866E-02));
#3480 = VECTOR('',#3481,1.);
#3481 = DIRECTION('',(-0.57735026919,0.816496580928));
#3482 = ( GEOMETRIC_REPRESENTATION_CONTEXT(2) 
PARAMETRIC_REPRESENTATION_CONTEXT() REPRESENTATION_CONTEXT('2D SPACE',''
  ) );
#3483 = PCURVE('',#1480,#3484);
#3484 = DEFINITIONAL_REPRESENTATION('',(#3485),#3489);
#3485 = LINE('',#3486,#3487);
#3486 = CARTESIAN_POINT('',(9.999999999999E-02,7.071067811865E-02));
#3487 = VECTOR('',#3488,1.);
#3488 = DIRECTION('',(-0.57735026919,0.816496580928));
#3489 = ( GEOMETRIC_REPRESENTATION_CONTEXT(2) 
PARAMETRIC_REPRESENTATION_CONTEXT() REPRESENTATION_CONTEXT('2D SPACE',''
  ) );
#3490 = ORIENTED_EDGE('',*,*,#1492,.T.);
#3491 = ORIENTED_EDGE('',*,*,#3369,.T.);
#3492 = ORIENTED_EDGE('',*,*,#3493,.F.);
#3493 = EDGE_CURVE('',#3469,#3370,#3494,.T.);
#3494 = SURFACE_CURVE('',#3495,(#3499,#3506),.PCURVE_S1.);
#3495 = LINE('',#3496,#3497);
#3496 = CARTESIAN_POINT('',(-65.,40.,4.5));
#3497 = VECTOR('',#3498,1.);
#3498 = DIRECTION('',(1.,0.,0.));
#3499 = PCURVE('',#1508,#3500);
#3500 = DEFINITIONAL_REPRESENTATION('',(#3501),#3505);
#3501 = LINE('',#3502,#3503);
#3502 = CARTESIAN_POINT('',(0.,0.212132034356));
#3503 = VECTOR('',#3504,1.);
#3504 = DIRECTION('',(1.,0.));
#3505 = ( GEOMETRIC_REPRESENTATION_CONTEXT(2) 
PARAMETRIC_REPRESENTATION_CONTEXT() REPRESENTATION_CONTEXT('2D SPACE',''
  ) );
#3506 = PCURVE('',#2243,#3507);
#3507 = DEFINITIONAL_REPRESENTATION('',(#3508),#3512);
#3508 = LINE('',#3509,#3510);
#3509 = CARTESIAN_POINT('',(5.4,1.));
#3510 = VECTOR('',#3511,1.);
#3511 = DIRECTION('',(0.,1.));
#3512 = ( GEOMETRIC_REPRESENTATION_CONTEXT(2) 
PARAMETRIC_REPRESENTATION_CONTEXT() REPRESENTATION_CONTEXT('2D SPACE',''
  ) );
#3513 = ADVANCED_FACE('',(#3514),#1193,.T.);
#3514 = FACE_BOUND('',#3515,.F.);
#3515 = EDGE_LOOP('',(#3516,#3517,#3518,#3539));
#3516 = ORIENTED_EDGE('',*,*,#3418,.F.);
#3517 = ORIENTED_EDGE('',*,*,#1176,.T.);
#3518 = ORIENTED_EDGE('',*,*,#3519,.T.);
#3519 = EDGE_CURVE('',#1177,#3520,#3522,.T.);
#3520 = VERTEX_POINT('',#3521);
#3521 = CARTESIAN_POINT('',(65.,-59.,4.5));
#3522 = SURFACE_CURVE('',#3523,(#3527,#3533),.PCURVE_S1.);
#3523 = LINE('',#3524,#3525);
#3524 = CARTESIAN_POINT('',(65.,-59.,4.5));
#3525 = VECTOR('',#3526,1.);
#3526 = DIRECTION('',(0.707106781187,-4.329780281177E-17,-0.707106781187
    ));
#3527 = PCURVE('',#1193,#3528);
#3528 = DEFINITIONAL_REPRESENTATION('',(#3529),#3532);
#3529 = B_SPLINE_CURVE_WITH_KNOTS('',1,(#3530,#3531),.UNSPECIFIED.,.F.,
  .F.,(2,2),(-0.424264068712,0.),.PIECEWISE_BEZIER_KNOTS.);
#3530 = CARTESIAN_POINT('',(-1.570796326795,-0.3));
#3531 = CARTESIAN_POINT('',(-1.570796326795,0.));
#3532 = ( GEOMETRIC_REPRESENTATION_CONTEXT(2) 
PARAMETRIC_REPRESENTATION_CONTEXT() REPRESENTATION_CONTEXT('2D SPACE',''
  ) );
#3533 = PCURVE('',#1221,#3534);
#3534 = DEFINITIONAL_REPRESENTATION('',(#3535),#3538);
#3535 = B_SPLINE_CURVE_WITH_KNOTS('',1,(#3536,#3537),.UNSPECIFIED.,.F.,
  .F.,(2,2),(-0.424264068712,0.),.PIECEWISE_BEZIER_KNOTS.);
#3536 = CARTESIAN_POINT('',(0.,-0.212132034356));
#3537 = CARTESIAN_POINT('',(0.,0.212132034356));
#3538 = ( GEOMETRIC_REPRESENTATION_CONTEXT(2) 
PARAMETRIC_REPRESENTATION_CONTEXT() REPRESENTATION_CONTEXT('2D SPACE',''
  ) );
#3539 = ORIENTED_EDGE('',*,*,#3540,.F.);
#3540 = EDGE_CURVE('',#3419,#3520,#3541,.T.);
#3541 = SURFACE_CURVE('',#3542,(#3547,#3554),.PCURVE_S1.);
#3542 = CIRCLE('',#3543,6.);
#3543 = AXIS2_PLACEMENT_3D('',#3544,#3545,#3546);
#3544 = CARTESIAN_POINT('',(59.,-59.,4.5));
#3545 = DIRECTION('',(0.,0.,1.));
#3546 = DIRECTION('',(0.,-1.,0.));
#3547 = PCURVE('',#1193,#3548);
#3548 = DEFINITIONAL_REPRESENTATION('',(#3549),#3553);
#3549 = LINE('',#3550,#3551);
#3550 = CARTESIAN_POINT('',(-0.,0.));
#3551 = VECTOR('',#3552,1.);
#3552 = DIRECTION('',(-1.,0.));
#3553 = ( GEOMETRIC_REPRESENTATION_CONTEXT(2) 
PARAMETRIC_REPRESENTATION_CONTEXT() REPRESENTATION_CONTEXT('2D SPACE',''
  ) );
#3554 = PCURVE('',#3555,#3560);
#3555 = CYLINDRICAL_SURFACE('',#3556,6.);
#3556 = AXIS2_PLACEMENT_3D('',#3557,#3558,#3559);
#3557 = CARTESIAN_POINT('',(59.,-59.,1.E-01));
#3558 = DIRECTION('',(-0.,-0.,-1.));
#3559 = DIRECTION('',(1.,0.,0.));
#3560 = DEFINITIONAL_REPRESENTATION('',(#3561),#3565);
#3561 = LINE('',#3562,#3563);
#3562 = CARTESIAN_POINT('',(-4.712388980385,-4.4));
#3563 = VECTOR('',#3564,1.);
#3564 = DIRECTION('',(-1.,0.));
#3565 = ( GEOMETRIC_REPRESENTATION_CONTEXT(2) 
PARAMETRIC_REPRESENTATION_CONTEXT() REPRESENTATION_CONTEXT('2D SPACE',''
  ) );
#3566 = ADVANCED_FACE('',(#3567),#1480,.T.);
#3567 = FACE_BOUND('',#3568,.T.);
#3568 = EDGE_LOOP('',(#3569,#3570,#3571,#3592));
#3569 = ORIENTED_EDGE('',*,*,#3468,.F.);
#3570 = ORIENTED_EDGE('',*,*,#1464,.T.);
#3571 = ORIENTED_EDGE('',*,*,#3572,.T.);
#3572 = EDGE_CURVE('',#1432,#3573,#3575,.T.);
#3573 = VERTEX_POINT('',#3574);
#3574 = CARTESIAN_POINT('',(-65.,59.,4.5));
#3575 = SURFACE_CURVE('',#3576,(#3580,#3586),.PCURVE_S1.);
#3576 = LINE('',#3577,#3578);
#3577 = CARTESIAN_POINT('',(-64.85,59.,4.65));
#3578 = VECTOR('',#3579,1.);
#3579 = DIRECTION('',(-0.707106781187,1.670462288196E-35,-0.707106781187
    ));
#3580 = PCURVE('',#1480,#3581);
#3581 = DEFINITIONAL_REPRESENTATION('',(#3582),#3585);
#3582 = B_SPLINE_CURVE_WITH_KNOTS('',1,(#3583,#3584),.UNSPECIFIED.,.F.,
  .F.,(2,2),(-0.212132034356,0.212132034356),.PIECEWISE_BEZIER_KNOTS.);
#3583 = CARTESIAN_POINT('',(19.,-0.212132034356));
#3584 = CARTESIAN_POINT('',(19.,0.212132034356));
#3585 = ( GEOMETRIC_REPRESENTATION_CONTEXT(2) 
PARAMETRIC_REPRESENTATION_CONTEXT() REPRESENTATION_CONTEXT('2D SPACE',''
  ) );
#3586 = PCURVE('',#1452,#3587);
#3587 = DEFINITIONAL_REPRESENTATION('',(#3588),#3591);
#3588 = B_SPLINE_CURVE_WITH_KNOTS('',1,(#3589,#3590),.UNSPECIFIED.,.F.,
  .F.,(2,2),(-0.212132034356,0.212132034356),.PIECEWISE_BEZIER_KNOTS.);
#3589 = CARTESIAN_POINT('',(0.,-0.3));
#3590 = CARTESIAN_POINT('',(0.,-5.887846720064E-16));
#3591 = ( GEOMETRIC_REPRESENTATION_CONTEXT(2) 
PARAMETRIC_REPRESENTATION_CONTEXT() REPRESENTATION_CONTEXT('2D SPACE',''
  ) );
#3592 = ORIENTED_EDGE('',*,*,#3593,.F.);
#3593 = EDGE_CURVE('',#3469,#3573,#3594,.T.);
#3594 = SURFACE_CURVE('',#3595,(#3599,#3606),.PCURVE_S1.);
#3595 = LINE('',#3596,#3597);
#3596 = CARTESIAN_POINT('',(-65.,40.,4.5));
#3597 = VECTOR('',#3598,1.);
#3598 = DIRECTION('',(0.,1.,0.));
#3599 = PCURVE('',#1480,#3600);
#3600 = DEFINITIONAL_REPRESENTATION('',(#3601),#3605);
#3601 = LINE('',#3602,#3603);
#3602 = CARTESIAN_POINT('',(0.,0.212132034356));
#3603 = VECTOR('',#3604,1.);
#3604 = DIRECTION('',(1.,0.));
#3605 = ( GEOMETRIC_REPRESENTATION_CONTEXT(2) 
PARAMETRIC_REPRESENTATION_CONTEXT() REPRESENTATION_CONTEXT('2D SPACE',''
  ) );
#3606 = PCURVE('',#3607,#3612);
#3607 = PLANE('',#3608);
#3608 = AXIS2_PLACEMENT_3D('',#3609,#3610,#3611);
#3609 = CARTESIAN_POINT('',(-65.,-59.,1.E-01));
#3610 = DIRECTION('',(-1.,0.,0.));
#3611 = DIRECTION('',(0.,1.,0.));
#3612 = DEFINITIONAL_REPRESENTATION('',(#3613),#3617);
#3613 = LINE('',#3614,#3615);
#3614 = CARTESIAN_POINT('',(99.,-4.4));
#3615 = VECTOR('',#3616,1.);
#3616 = DIRECTION('',(1.,0.));
#3617 = ( GEOMETRIC_REPRESENTATION_CONTEXT(2) 
PARAMETRIC_REPRESENTATION_CONTEXT() REPRESENTATION_CONTEXT('2D SPACE',''
  ) );
#3618 = ADVANCED_FACE('',(#3619),#1221,.F.);
#3619 = FACE_BOUND('',#3620,.F.);
#3620 = EDGE_LOOP('',(#3621,#3622,#3623,#3644));
#3621 = ORIENTED_EDGE('',*,*,#3519,.F.);
#3622 = ORIENTED_EDGE('',*,*,#1205,.T.);
#3623 = ORIENTED_EDGE('',*,*,#3624,.T.);
#3624 = EDGE_CURVE('',#1206,#3625,#3627,.T.);
#3625 = VERTEX_POINT('',#3626);
#3626 = CARTESIAN_POINT('',(65.,59.,4.5));
#3627 = SURFACE_CURVE('',#3628,(#3632,#3638),.PCURVE_S1.);
#3628 = LINE('',#3629,#3630);
#3629 = CARTESIAN_POINT('',(64.85,59.,4.65));
#3630 = VECTOR('',#3631,1.);
#3631 = DIRECTION('',(0.707106781187,1.670462288196E-35,-0.707106781187)
  );
#3632 = PCURVE('',#1221,#3633);
#3633 = DEFINITIONAL_REPRESENTATION('',(#3634),#3637);
#3634 = B_SPLINE_CURVE_WITH_KNOTS('',1,(#3635,#3636),.UNSPECIFIED.,.F.,
  .F.,(2,2),(-0.212132034356,0.212132034356),.PIECEWISE_BEZIER_KNOTS.);
#3635 = CARTESIAN_POINT('',(118.,-0.212132034356));
#3636 = CARTESIAN_POINT('',(118.,0.212132034356));
#3637 = ( GEOMETRIC_REPRESENTATION_CONTEXT(2) 
PARAMETRIC_REPRESENTATION_CONTEXT() REPRESENTATION_CONTEXT('2D SPACE',''
  ) );
#3638 = PCURVE('',#1250,#3639);
#3639 = DEFINITIONAL_REPRESENTATION('',(#3640),#3643);
#3640 = B_SPLINE_CURVE_WITH_KNOTS('',1,(#3641,#3642),.UNSPECIFIED.,.F.,
  .F.,(2,2),(-0.212132034356,0.212132034356),.PIECEWISE_BEZIER_KNOTS.);
#3641 = CARTESIAN_POINT('',(0.,-0.3));
#3642 = CARTESIAN_POINT('',(0.,-5.887846720064E-16));
#3643 = ( GEOMETRIC_REPRESENTATION_CONTEXT(2) 
PARAMETRIC_REPRESENTATION_CONTEXT() REPRESENTATION_CONTEXT('2D SPACE',''
  ) );
#3644 = ORIENTED_EDGE('',*,*,#3645,.F.);
#3645 = EDGE_CURVE('',#3520,#3625,#3646,.T.);
#3646 = SURFACE_CURVE('',#3647,(#3651,#3658),.PCURVE_S1.);
#3647 = LINE('',#3648,#3649);
#3648 = CARTESIAN_POINT('',(65.,-59.,4.5));
#3649 = VECTOR('',#3650,1.);
#3650 = DIRECTION('',(0.,1.,0.));
#3651 = PCURVE('',#1221,#3652);
#3652 = DEFINITIONAL_REPRESENTATION('',(#3653),#3657);
#3653 = LINE('',#3654,#3655);
#3654 = CARTESIAN_POINT('',(0.,0.212132034356));
#3655 = VECTOR('',#3656,1.);
#3656 = DIRECTION('',(1.,0.));
#3657 = ( GEOMETRIC_REPRESENTATION_CONTEXT(2) 
PARAMETRIC_REPRESENTATION_CONTEXT() REPRESENTATION_CONTEXT('2D SPACE',''
  ) );
#3658 = PCURVE('',#3659,#3664);
#3659 = PLANE('',#3660);
#3660 = AXIS2_PLACEMENT_3D('',#3661,#3662,#3663);
#3661 = CARTESIAN_POINT('',(65.,-59.,1.E-01));
#3662 = DIRECTION('',(-1.,0.,0.));
#3663 = DIRECTION('',(0.,1.,0.));
#3664 = DEFINITIONAL_REPRESENTATION('',(#3665),#3669);
#3665 = LINE('',#3666,#3667);
#3666 = CARTESIAN_POINT('',(0.,-4.4));
#3667 = VECTOR('',#3668,1.);
#3668 = DIRECTION('',(1.,0.));
#3669 = ( GEOMETRIC_REPRESENTATION_CONTEXT(2) 
PARAMETRIC_REPRESENTATION_CONTEXT() REPRESENTATION_CONTEXT('2D SPACE',''
  ) );
#3670 = ADVANCED_FACE('',(#3671),#1452,.T.);
#3671 = FACE_BOUND('',#3672,.T.);
#3672 = EDGE_LOOP('',(#3673,#3674,#3675,#3702));
#3673 = ORIENTED_EDGE('',*,*,#3572,.F.);
#3674 = ORIENTED_EDGE('',*,*,#1431,.T.);
#3675 = ORIENTED_EDGE('',*,*,#3676,.T.);
#3676 = EDGE_CURVE('',#1404,#3677,#3679,.T.);
#3677 = VERTEX_POINT('',#3678);
#3678 = CARTESIAN_POINT('',(-63.5,62.968626966597,4.5));
#3679 = SURFACE_CURVE('',#3680,(#3685,#3695),.PCURVE_S1.);
#3680 = PARABOLA('',#3681,3.712310601229);
#3681 = AXIS2_PLACEMENT_3D('',#3682,#3683,#3684);
#3682 = CARTESIAN_POINT('',(-64.25,59.,5.25));
#3683 = DIRECTION('',(0.707106781187,-2.803213105582E-18,0.707106781187)
  );
#3684 = DIRECTION('',(0.707106781187,-2.803213105582E-18,-0.707106781187
    ));
#3685 = PCURVE('',#1452,#3686);
#3686 = DEFINITIONAL_REPRESENTATION('',(#3687),#3694);
#3687 = B_SPLINE_CURVE_WITH_KNOTS('',5,(#3688,#3689,#3690,#3691,#3692,
    #3693),.UNSPECIFIED.,.F.,.F.,(6,6),(3.074085229788,3.968626966597),
  .PIECEWISE_BEZIER_KNOTS.);
#3688 = CARTESIAN_POINT('',(0.569621319073,-0.3));
#3689 = CARTESIAN_POINT('',(0.601008748435,-0.247620999228));
#3690 = CARTESIAN_POINT('',(0.632035644149,-0.191431498841));
#3691 = CARTESIAN_POINT('',(0.662678065778,-0.131431498841));
#3692 = CARTESIAN_POINT('',(0.69291618992,-6.762099922756E-02));
#3693 = CARTESIAN_POINT('',(0.722734247813,-1.33226762955E-15));
#3694 = ( GEOMETRIC_REPRESENTATION_CONTEXT(2) 
PARAMETRIC_REPRESENTATION_CONTEXT() REPRESENTATION_CONTEXT('2D SPACE',''
  ) );
#3695 = PCURVE('',#1419,#3696);
#3696 = DEFINITIONAL_REPRESENTATION('',(#3697),#3701);
#3697 = B_SPLINE_CURVE_WITH_KNOTS('',2,(#3698,#3699,#3700),
  .UNSPECIFIED.,.F.,.F.,(3,3),(3.074085229788,3.968626966597),
  .PIECEWISE_BEZIER_KNOTS.);
#3698 = CARTESIAN_POINT('',(-21.07408522978,-0.212132034356));
#3699 = CARTESIAN_POINT('',(-21.52135609819,-2.694430116611E-02));
#3700 = CARTESIAN_POINT('',(-21.96862696659,0.212132034356));
#3701 = ( GEOMETRIC_REPRESENTATION_CONTEXT(2) 
PARAMETRIC_REPRESENTATION_CONTEXT() REPRESENTATION_CONTEXT('2D SPACE',''
  ) );
#3702 = ORIENTED_EDGE('',*,*,#3703,.F.);
#3703 = EDGE_CURVE('',#3573,#3677,#3704,.T.);
#3704 = SURFACE_CURVE('',#3705,(#3710,#3717),.PCURVE_S1.);
#3705 = CIRCLE('',#3706,6.);
#3706 = AXIS2_PLACEMENT_3D('',#3707,#3708,#3709);
#3707 = CARTESIAN_POINT('',(-59.,59.,4.5));
#3708 = DIRECTION('',(-0.,0.,-1.));
#3709 = DIRECTION('',(-1.,0.,0.));
#3710 = PCURVE('',#1452,#3711);
#3711 = DEFINITIONAL_REPRESENTATION('',(#3712),#3716);
#3712 = LINE('',#3713,#3714);
#3713 = CARTESIAN_POINT('',(0.,0.));
#3714 = VECTOR('',#3715,1.);
#3715 = DIRECTION('',(1.,0.));
#3716 = ( GEOMETRIC_REPRESENTATION_CONTEXT(2) 
PARAMETRIC_REPRESENTATION_CONTEXT() REPRESENTATION_CONTEXT('2D SPACE',''
  ) );
#3717 = PCURVE('',#3718,#3723);
#3718 = CYLINDRICAL_SURFACE('',#3719,6.);
#3719 = AXIS2_PLACEMENT_3D('',#3720,#3721,#3722);
#3720 = CARTESIAN_POINT('',(-59.,59.,1.E-01));
#3721 = DIRECTION('',(-0.,-0.,-1.));
#3722 = DIRECTION('',(1.,0.,0.));
#3723 = DEFINITIONAL_REPRESENTATION('',(#3724),#3728);
#3724 = LINE('',#3725,#3726);
#3725 = CARTESIAN_POINT('',(-3.14159265359,-4.4));
#3726 = VECTOR('',#3727,1.);
#3727 = DIRECTION('',(1.,-0.));
#3728 = ( GEOMETRIC_REPRESENTATION_CONTEXT(2) 
PARAMETRIC_REPRESENTATION_CONTEXT() REPRESENTATION_CONTEXT('2D SPACE',''
  ) );
#3729 = ADVANCED_FACE('',(#3730),#1250,.T.);
#3730 = FACE_BOUND('',#3731,.F.);
#3731 = EDGE_LOOP('',(#3732,#3733,#3734,#3755));
#3732 = ORIENTED_EDGE('',*,*,#3624,.F.);
#3733 = ORIENTED_EDGE('',*,*,#1233,.T.);
#3734 = ORIENTED_EDGE('',*,*,#3735,.T.);
#3735 = EDGE_CURVE('',#1234,#3736,#3738,.T.);
#3736 = VERTEX_POINT('',#3737);
#3737 = CARTESIAN_POINT('',(59.,65.,4.5));
#3738 = SURFACE_CURVE('',#3739,(#3743,#3749),.PCURVE_S1.);
#3739 = LINE('',#3740,#3741);
#3740 = CARTESIAN_POINT('',(59.,65.,4.5));
#3741 = VECTOR('',#3742,1.);
#3742 = DIRECTION('',(4.329780281177E-17,0.707106781187,-0.707106781187)
  );
#3743 = PCURVE('',#1250,#3744);
#3744 = DEFINITIONAL_REPRESENTATION('',(#3745),#3748);
#3745 = B_SPLINE_CURVE_WITH_KNOTS('',1,(#3746,#3747),.UNSPECIFIED.,.F.,
  .F.,(2,2),(-0.424264068712,0.),.PIECEWISE_BEZIER_KNOTS.);
#3746 = CARTESIAN_POINT('',(-1.570796326795,-0.3));
#3747 = CARTESIAN_POINT('',(-1.570796326795,0.));
#3748 = ( GEOMETRIC_REPRESENTATION_CONTEXT(2) 
PARAMETRIC_REPRESENTATION_CONTEXT() REPRESENTATION_CONTEXT('2D SPACE',''
  ) );
#3749 = PCURVE('',#1278,#3750);
#3750 = DEFINITIONAL_REPRESENTATION('',(#3751),#3754);
#3751 = B_SPLINE_CURVE_WITH_KNOTS('',1,(#3752,#3753),.UNSPECIFIED.,.F.,
  .F.,(2,2),(-0.424264068712,0.),.PIECEWISE_BEZIER_KNOTS.);
#3752 = CARTESIAN_POINT('',(0.,-0.212132034356));
#3753 = CARTESIAN_POINT('',(0.,0.212132034356));
#3754 = ( GEOMETRIC_REPRESENTATION_CONTEXT(2) 
PARAMETRIC_REPRESENTATION_CONTEXT() REPRESENTATION_CONTEXT('2D SPACE',''
  ) );
#3755 = ORIENTED_EDGE('',*,*,#3756,.F.);
#3756 = EDGE_CURVE('',#3625,#3736,#3757,.T.);
#3757 = SURFACE_CURVE('',#3758,(#3763,#3770),.PCURVE_S1.);
#3758 = CIRCLE('',#3759,6.);
#3759 = AXIS2_PLACEMENT_3D('',#3760,#3761,#3762);
#3760 = CARTESIAN_POINT('',(59.,59.,4.5));
#3761 = DIRECTION('',(0.,0.,1.));
#3762 = DIRECTION('',(1.,0.,-0.));
#3763 = PCURVE('',#1250,#3764);
#3764 = DEFINITIONAL_REPRESENTATION('',(#3765),#3769);
#3765 = LINE('',#3766,#3767);
#3766 = CARTESIAN_POINT('',(-0.,0.));
#3767 = VECTOR('',#3768,1.);
#3768 = DIRECTION('',(-1.,0.));
#3769 = ( GEOMETRIC_REPRESENTATION_CONTEXT(2) 
PARAMETRIC_REPRESENTATION_CONTEXT() REPRESENTATION_CONTEXT('2D SPACE',''
  ) );
#3770 = PCURVE('',#3771,#3776);
#3771 = CYLINDRICAL_SURFACE('',#3772,6.);
#3772 = AXIS2_PLACEMENT_3D('',#3773,#3774,#3775);
#3773 = CARTESIAN_POINT('',(59.,59.,1.E-01));
#3774 = DIRECTION('',(-0.,-0.,-1.));
#3775 = DIRECTION('',(1.,0.,0.));
#3776 = DEFINITIONAL_REPRESENTATION('',(#3777),#3781);
#3777 = LINE('',#3778,#3779);
#3778 = CARTESIAN_POINT('',(-0.,-4.4));
#3779 = VECTOR('',#3780,1.);
#3780 = DIRECTION('',(-1.,0.));
#3781 = ( GEOMETRIC_REPRESENTATION_CONTEXT(2) 
PARAMETRIC_REPRESENTATION_CONTEXT() REPRESENTATION_CONTEXT('2D SPACE',''
  ) );
#3782 = ADVANCED_FACE('',(#3783),#1419,.T.);
#3783 = FACE_BOUND('',#3784,.F.);
#3784 = EDGE_LOOP('',(#3785,#3808,#3809,#3810));
#3785 = ORIENTED_EDGE('',*,*,#3786,.F.);
#3786 = EDGE_CURVE('',#1376,#3787,#3789,.T.);
#3787 = VERTEX_POINT('',#3788);
#3788 = CARTESIAN_POINT('',(-63.5,41.,4.5));
#3789 = SURFACE_CURVE('',#3790,(#3794,#3801),.PCURVE_S1.);
#3790 = LINE('',#3791,#3792);
#3791 = CARTESIAN_POINT('',(-63.4,41.1,4.4));
#3792 = VECTOR('',#3793,1.);
#3793 = DIRECTION('',(0.57735026919,0.57735026919,-0.57735026919));
#3794 = PCURVE('',#1419,#3795);
#3795 = DEFINITIONAL_REPRESENTATION('',(#3796),#3800);
#3796 = LINE('',#3797,#3798);
#3797 = CARTESIAN_POINT('',(-9.999999999999E-02,0.353553390593));
#3798 = VECTOR('',#3799,1.);
#3799 = DIRECTION('',(-0.57735026919,0.816496580928));
#3800 = ( GEOMETRIC_REPRESENTATION_CONTEXT(2) 
PARAMETRIC_REPRESENTATION_CONTEXT() REPRESENTATION_CONTEXT('2D SPACE',''
  ) );
#3801 = PCURVE('',#1391,#3802);
#3802 = DEFINITIONAL_REPRESENTATION('',(#3803),#3807);
#3803 = LINE('',#3804,#3805);
#3804 = CARTESIAN_POINT('',(-1.1,0.353553390593));
#3805 = VECTOR('',#3806,1.);
#3806 = DIRECTION('',(0.57735026919,0.816496580928));
#3807 = ( GEOMETRIC_REPRESENTATION_CONTEXT(2) 
PARAMETRIC_REPRESENTATION_CONTEXT() REPRESENTATION_CONTEXT('2D SPACE',''
  ) );
#3808 = ORIENTED_EDGE('',*,*,#1403,.T.);
#3809 = ORIENTED_EDGE('',*,*,#3676,.T.);
#3810 = ORIENTED_EDGE('',*,*,#3811,.F.);
#3811 = EDGE_CURVE('',#3787,#3677,#3812,.T.);
#3812 = SURFACE_CURVE('',#3813,(#3817,#3824),.PCURVE_S1.);
#3813 = LINE('',#3814,#3815);
#3814 = CARTESIAN_POINT('',(-63.5,41.,4.5));
#3815 = VECTOR('',#3816,1.);
#3816 = DIRECTION('',(-0.,1.,0.));
#3817 = PCURVE('',#1419,#3818);
#3818 = DEFINITIONAL_REPRESENTATION('',(#3819),#3823);
#3819 = LINE('',#3820,#3821);
#3820 = CARTESIAN_POINT('',(-0.,0.212132034356));
#3821 = VECTOR('',#3822,1.);
#3822 = DIRECTION('',(-1.,0.));
#3823 = ( GEOMETRIC_REPRESENTATION_CONTEXT(2) 
PARAMETRIC_REPRESENTATION_CONTEXT() REPRESENTATION_CONTEXT('2D SPACE',''
  ) );
#3824 = PCURVE('',#2155,#3825);
#3825 = DEFINITIONAL_REPRESENTATION('',(#3826),#3830);
#3826 = LINE('',#3827,#3828);
#3827 = CARTESIAN_POINT('',(5.4,0.));
#3828 = VECTOR('',#3829,1.);
#3829 = DIRECTION('',(0.,-1.));
#3830 = ( GEOMETRIC_REPRESENTATION_CONTEXT(2) 
PARAMETRIC_REPRESENTATION_CONTEXT() REPRESENTATION_CONTEXT('2D SPACE',''
  ) );
#3831 = ADVANCED_FACE('',(#3832),#1278,.T.);
#3832 = FACE_BOUND('',#3833,.F.);
#3833 = EDGE_LOOP('',(#3834,#3835,#3836,#3857));
#3834 = ORIENTED_EDGE('',*,*,#3735,.F.);
#3835 = ORIENTED_EDGE('',*,*,#1262,.T.);
#3836 = ORIENTED_EDGE('',*,*,#3837,.T.);
#3837 = EDGE_CURVE('',#1263,#3838,#3840,.T.);
#3838 = VERTEX_POINT('',#3839);
#3839 = CARTESIAN_POINT('',(-59.,65.,4.5));
#3840 = SURFACE_CURVE('',#3841,(#3845,#3851),.PCURVE_S1.);
#3841 = LINE('',#3842,#3843);
#3842 = CARTESIAN_POINT('',(-59.,64.85,4.65));
#3843 = VECTOR('',#3844,1.);
#3844 = DIRECTION('',(1.447455487231E-34,0.707106781187,-0.707106781187)
  );
#3845 = PCURVE('',#1278,#3846);
#3846 = DEFINITIONAL_REPRESENTATION('',(#3847),#3850);
#3847 = B_SPLINE_CURVE_WITH_KNOTS('',1,(#3848,#3849),.UNSPECIFIED.,.F.,
  .F.,(2,2),(-0.212132034356,0.212132034356),.PIECEWISE_BEZIER_KNOTS.);
#3848 = CARTESIAN_POINT('',(-118.,-0.212132034356));
#3849 = CARTESIAN_POINT('',(-118.,0.212132034356));
#3850 = ( GEOMETRIC_REPRESENTATION_CONTEXT(2) 
PARAMETRIC_REPRESENTATION_CONTEXT() REPRESENTATION_CONTEXT('2D SPACE',''
  ) );
#3851 = PCURVE('',#1307,#3852);
#3852 = DEFINITIONAL_REPRESENTATION('',(#3853),#3856);
#3853 = B_SPLINE_CURVE_WITH_KNOTS('',1,(#3854,#3855),.UNSPECIFIED.,.F.,
  .F.,(2,2),(-0.212132034356,0.212132034356),.PIECEWISE_BEZIER_KNOTS.);
#3854 = CARTESIAN_POINT('',(0.,-0.3));
#3855 = CARTESIAN_POINT('',(0.,-5.887846720064E-16));
#3856 = ( GEOMETRIC_REPRESENTATION_CONTEXT(2) 
PARAMETRIC_REPRESENTATION_CONTEXT() REPRESENTATION_CONTEXT('2D SPACE',''
  ) );
#3857 = ORIENTED_EDGE('',*,*,#3858,.F.);
#3858 = EDGE_CURVE('',#3736,#3838,#3859,.T.);
#3859 = SURFACE_CURVE('',#3860,(#3864,#3871),.PCURVE_S1.);
#3860 = LINE('',#3861,#3862);
#3861 = CARTESIAN_POINT('',(59.,65.,4.5));
#3862 = VECTOR('',#3863,1.);
#3863 = DIRECTION('',(-1.,-0.,-0.));
#3864 = PCURVE('',#1278,#3865);
#3865 = DEFINITIONAL_REPRESENTATION('',(#3866),#3870);
#3866 = LINE('',#3867,#3868);
#3867 = CARTESIAN_POINT('',(-0.,0.212132034356));
#3868 = VECTOR('',#3869,1.);
#3869 = DIRECTION('',(-1.,0.));
#3870 = ( GEOMETRIC_REPRESENTATION_CONTEXT(2) 
PARAMETRIC_REPRESENTATION_CONTEXT() REPRESENTATION_CONTEXT('2D SPACE',''
  ) );
#3871 = PCURVE('',#3872,#3877);
#3872 = PLANE('',#3873);
#3873 = AXIS2_PLACEMENT_3D('',#3874,#3875,#3876);
#3874 = CARTESIAN_POINT('',(-59.,65.,1.E-01));
#3875 = DIRECTION('',(0.,1.,0.));
#3876 = DIRECTION('',(1.,0.,0.));
#3877 = DEFINITIONAL_REPRESENTATION('',(#3878),#3882);
#3878 = LINE('',#3879,#3880);
#3879 = CARTESIAN_POINT('',(118.,-4.4));
#3880 = VECTOR('',#3881,1.);
#3881 = DIRECTION('',(-1.,0.));
#3882 = ( GEOMETRIC_REPRESENTATION_CONTEXT(2) 
PARAMETRIC_REPRESENTATION_CONTEXT() REPRESENTATION_CONTEXT('2D SPACE',''
  ) );
#3883 = ADVANCED_FACE('',(#3884),#1391,.T.);
#3884 = FACE_BOUND('',#3885,.F.);
#3885 = EDGE_LOOP('',(#3886,#3909,#3910,#3911));
#3886 = ORIENTED_EDGE('',*,*,#3887,.F.);
#3887 = EDGE_CURVE('',#1348,#3888,#3890,.T.);
#3888 = VERTEX_POINT('',#3889);
#3889 = CARTESIAN_POINT('',(-62.3,41.,4.5));
#3890 = SURFACE_CURVE('',#3891,(#3895,#3902),.PCURVE_S1.);
#3891 = LINE('',#3892,#3893);
#3892 = CARTESIAN_POINT('',(-62.2,40.9,4.6));
#3893 = VECTOR('',#3894,1.);
#3894 = DIRECTION('',(-0.57735026919,0.57735026919,-0.57735026919));
#3895 = PCURVE('',#1391,#3896);
#3896 = DEFINITIONAL_REPRESENTATION('',(#3897),#3901);
#3897 = LINE('',#3898,#3899);
#3898 = CARTESIAN_POINT('',(0.1,7.071067811865E-02));
#3899 = VECTOR('',#3900,1.);
#3900 = DIRECTION('',(-0.57735026919,0.816496580928));
#3901 = ( GEOMETRIC_REPRESENTATION_CONTEXT(2) 
PARAMETRIC_REPRESENTATION_CONTEXT() REPRESENTATION_CONTEXT('2D SPACE',''
  ) );
#3902 = PCURVE('',#1363,#3903);
#3903 = DEFINITIONAL_REPRESENTATION('',(#3904),#3908);
#3904 = LINE('',#3905,#3906);
#3905 = CARTESIAN_POINT('',(0.1,7.071067811865E-02));
#3906 = VECTOR('',#3907,1.);
#3907 = DIRECTION('',(-0.57735026919,0.816496580928));
#3908 = ( GEOMETRIC_REPRESENTATION_CONTEXT(2) 
PARAMETRIC_REPRESENTATION_CONTEXT() REPRESENTATION_CONTEXT('2D SPACE',''
  ) );
#3909 = ORIENTED_EDGE('',*,*,#1375,.T.);
#3910 = ORIENTED_EDGE('',*,*,#3786,.T.);
#3911 = ORIENTED_EDGE('',*,*,#3912,.F.);
#3912 = EDGE_CURVE('',#3888,#3787,#3913,.T.);
#3913 = SURFACE_CURVE('',#3914,(#3918,#3925),.PCURVE_S1.);
#3914 = LINE('',#3915,#3916);
#3915 = CARTESIAN_POINT('',(-62.3,41.,4.5));
#3916 = VECTOR('',#3917,1.);
#3917 = DIRECTION('',(-1.,-0.,0.));
#3918 = PCURVE('',#1391,#3919);
#3919 = DEFINITIONAL_REPRESENTATION('',(#3920),#3924);
#3920 = LINE('',#3921,#3922);
#3921 = CARTESIAN_POINT('',(-0.,0.212132034356));
#3922 = VECTOR('',#3923,1.);
#3923 = DIRECTION('',(-1.,0.));
#3924 = ( GEOMETRIC_REPRESENTATION_CONTEXT(2) 
PARAMETRIC_REPRESENTATION_CONTEXT() REPRESENTATION_CONTEXT('2D SPACE',''
  ) );
#3925 = PCURVE('',#2129,#3926);
#3926 = DEFINITIONAL_REPRESENTATION('',(#3927),#3931);
#3927 = LINE('',#3928,#3929);
#3928 = CARTESIAN_POINT('',(5.4,1.2));
#3929 = VECTOR('',#3930,1.);
#3930 = DIRECTION('',(0.,-1.));
#3931 = ( GEOMETRIC_REPRESENTATION_CONTEXT(2) 
PARAMETRIC_REPRESENTATION_CONTEXT() REPRESENTATION_CONTEXT('2D SPACE',''
  ) );
#3932 = ADVANCED_FACE('',(#3933),#1307,.T.);
#3933 = FACE_BOUND('',#3934,.F.);
#3934 = EDGE_LOOP('',(#3935,#3936,#3937,#3964));
#3935 = ORIENTED_EDGE('',*,*,#3837,.F.);
#3936 = ORIENTED_EDGE('',*,*,#1290,.T.);
#3937 = ORIENTED_EDGE('',*,*,#3938,.T.);
#3938 = EDGE_CURVE('',#1291,#3939,#3941,.T.);
#3939 = VERTEX_POINT('',#3940);
#3940 = CARTESIAN_POINT('',(-63.472135955,63.,4.5));
#3941 = SURFACE_CURVE('',#3942,(#3947,#3957),.PCURVE_S1.);
#3942 = PARABOLA('',#3943,3.535533905933);
#3943 = AXIS2_PLACEMENT_3D('',#3944,#3945,#3946);
#3944 = CARTESIAN_POINT('',(-59.,64.,5.5));
#3945 = DIRECTION('',(-3.901284499197E-18,0.707106781187,-0.707106781187
    ));
#3946 = DIRECTION('',(3.901284499197E-18,-0.707106781187,-0.707106781187
    ));
#3947 = PCURVE('',#1307,#3948);
#3948 = DEFINITIONAL_REPRESENTATION('',(#3949),#3956);
#3949 = B_SPLINE_CURVE_WITH_KNOTS('',5,(#3950,#3951,#3952,#3953,#3954,
    #3955),.UNSPECIFIED.,.F.,.F.,(6,6),(3.741657386774,4.472135955),
  .PIECEWISE_BEZIER_KNOTS.);
#3950 = CARTESIAN_POINT('',(-0.716078125101,-0.3));
#3951 = CARTESIAN_POINT('',(-0.741708952056,-0.245335989386));
#3952 = CARTESIAN_POINT('',(-0.767032524307,-0.18800398408));
#3953 = CARTESIAN_POINT('',(-0.792038665533,-0.12800398408));
#3954 = CARTESIAN_POINT('',(-0.81671938496,-6.533598938636E-02));
#3955 = CARTESIAN_POINT('',(-0.841068670568,2.797762022055E-14));
#3956 = ( GEOMETRIC_REPRESENTATION_CONTEXT(2) 
PARAMETRIC_REPRESENTATION_CONTEXT() REPRESENTATION_CONTEXT('2D SPACE',''
  ) );
#3957 = PCURVE('',#1335,#3958);
#3958 = DEFINITIONAL_REPRESENTATION('',(#3959),#3963);
#3959 = B_SPLINE_CURVE_WITH_KNOTS('',2,(#3960,#3961,#3962),
  .UNSPECIFIED.,.F.,.F.,(3,3),(3.741657386774,4.472135955),
  .PIECEWISE_BEZIER_KNOTS.);
#3960 = CARTESIAN_POINT('',(-0.441657386774,-0.212132034356));
#3961 = CARTESIAN_POINT('',(-0.806896670887,-1.886557139725E-02));
#3962 = CARTESIAN_POINT('',(-1.172135955,0.212132034356));
#3963 = ( GEOMETRIC_REPRESENTATION_CONTEXT(2) 
PARAMETRIC_REPRESENTATION_CONTEXT() REPRESENTATION_CONTEXT('2D SPACE',''
  ) );
#3964 = ORIENTED_EDGE('',*,*,#3965,.F.);
#3965 = EDGE_CURVE('',#3838,#3939,#3966,.T.);
#3966 = SURFACE_CURVE('',#3967,(#3972,#3979),.PCURVE_S1.);
#3967 = CIRCLE('',#3968,6.);
#3968 = AXIS2_PLACEMENT_3D('',#3969,#3970,#3971);
#3969 = CARTESIAN_POINT('',(-59.,59.,4.5));
#3970 = DIRECTION('',(0.,0.,1.));
#3971 = DIRECTION('',(0.,1.,-0.));
#3972 = PCURVE('',#1307,#3973);
#3973 = DEFINITIONAL_REPRESENTATION('',(#3974),#3978);
#3974 = LINE('',#3975,#3976);
#3975 = CARTESIAN_POINT('',(-0.,0.));
#3976 = VECTOR('',#3977,1.);
#3977 = DIRECTION('',(-1.,0.));
#3978 = ( GEOMETRIC_REPRESENTATION_CONTEXT(2) 
PARAMETRIC_REPRESENTATION_CONTEXT() REPRESENTATION_CONTEXT('2D SPACE',''
  ) );
#3979 = PCURVE('',#3980,#3985);
#3980 = CYLINDRICAL_SURFACE('',#3981,6.);
#3981 = AXIS2_PLACEMENT_3D('',#3982,#3983,#3984);
#3982 = CARTESIAN_POINT('',(-59.,59.,1.E-01));
#3983 = DIRECTION('',(-0.,-0.,-1.));
#3984 = DIRECTION('',(1.,0.,0.));
#3985 = DEFINITIONAL_REPRESENTATION('',(#3986),#3990);
#3986 = LINE('',#3987,#3988);
#3987 = CARTESIAN_POINT('',(-1.570796326795,-4.4));
#3988 = VECTOR('',#3989,1.);
#3989 = DIRECTION('',(-1.,0.));
#3990 = ( GEOMETRIC_REPRESENTATION_CONTEXT(2) 
PARAMETRIC_REPRESENTATION_CONTEXT() REPRESENTATION_CONTEXT('2D SPACE',''
  ) );
#3991 = ADVANCED_FACE('',(#3992),#1363,.F.);
#3992 = FACE_BOUND('',#3993,.T.);
#3993 = EDGE_LOOP('',(#3994,#3995,#3996,#4019));
#3994 = ORIENTED_EDGE('',*,*,#3887,.F.);
#3995 = ORIENTED_EDGE('',*,*,#1347,.T.);
#3996 = ORIENTED_EDGE('',*,*,#3997,.T.);
#3997 = EDGE_CURVE('',#1320,#3998,#4000,.T.);
#3998 = VERTEX_POINT('',#3999);
#3999 = CARTESIAN_POINT('',(-62.3,63.,4.5));
#4000 = SURFACE_CURVE('',#4001,(#4005,#4012),.PCURVE_S1.);
#4001 = LINE('',#4002,#4003);
#4002 = CARTESIAN_POINT('',(-65.86666666666,59.433333333333,
    0.933333333333));
#4003 = VECTOR('',#4004,1.);
#4004 = DIRECTION('',(-0.57735026919,-0.57735026919,-0.57735026919));
#4005 = PCURVE('',#1363,#4006);
#4006 = DEFINITIONAL_REPRESENTATION('',(#4007),#4011);
#4007 = LINE('',#4008,#4009);
#4008 = CARTESIAN_POINT('',(-18.43333333333,5.25616040682));
#4009 = VECTOR('',#4010,1.);
#4010 = DIRECTION('',(0.57735026919,0.816496580928));
#4011 = ( GEOMETRIC_REPRESENTATION_CONTEXT(2) 
PARAMETRIC_REPRESENTATION_CONTEXT() REPRESENTATION_CONTEXT('2D SPACE',''
  ) );
#4012 = PCURVE('',#1335,#4013);
#4013 = DEFINITIONAL_REPRESENTATION('',(#4014),#4018);
#4014 = LINE('',#4015,#4016);
#4015 = CARTESIAN_POINT('',(-3.566666666667,5.25616040682));
#4016 = VECTOR('',#4017,1.);
#4017 = DIRECTION('',(-0.57735026919,0.816496580928));
#4018 = ( GEOMETRIC_REPRESENTATION_CONTEXT(2) 
PARAMETRIC_REPRESENTATION_CONTEXT() REPRESENTATION_CONTEXT('2D SPACE',''
  ) );
#4019 = ORIENTED_EDGE('',*,*,#4020,.F.);
#4020 = EDGE_CURVE('',#3888,#3998,#4021,.T.);
#4021 = SURFACE_CURVE('',#4022,(#4026,#4033),.PCURVE_S1.);
#4022 = LINE('',#4023,#4024);
#4023 = CARTESIAN_POINT('',(-62.3,41.,4.5));
#4024 = VECTOR('',#4025,1.);
#4025 = DIRECTION('',(-0.,1.,0.));
#4026 = PCURVE('',#1363,#4027);
#4027 = DEFINITIONAL_REPRESENTATION('',(#4028),#4032);
#4028 = LINE('',#4029,#4030);
#4029 = CARTESIAN_POINT('',(-0.,0.212132034356));
#4030 = VECTOR('',#4031,1.);
#4031 = DIRECTION('',(-1.,0.));
#4032 = ( GEOMETRIC_REPRESENTATION_CONTEXT(2) 
PARAMETRIC_REPRESENTATION_CONTEXT() REPRESENTATION_CONTEXT('2D SPACE',''
  ) );
#4033 = PCURVE('',#2103,#4034);
#4034 = DEFINITIONAL_REPRESENTATION('',(#4035),#4039);
#4035 = LINE('',#4036,#4037);
#4036 = CARTESIAN_POINT('',(5.4,0.));
#4037 = VECTOR('',#4038,1.);
#4038 = DIRECTION('',(0.,-1.));
#4039 = ( GEOMETRIC_REPRESENTATION_CONTEXT(2) 
PARAMETRIC_REPRESENTATION_CONTEXT() REPRESENTATION_CONTEXT('2D SPACE',''
  ) );
#4040 = ADVANCED_FACE('',(#4041),#1335,.F.);
#4041 = FACE_BOUND('',#4042,.T.);
#4042 = EDGE_LOOP('',(#4043,#4044,#4045,#4046));
#4043 = ORIENTED_EDGE('',*,*,#3997,.F.);
#4044 = ORIENTED_EDGE('',*,*,#1319,.T.);
#4045 = ORIENTED_EDGE('',*,*,#3938,.T.);
#4046 = ORIENTED_EDGE('',*,*,#4047,.F.);
#4047 = EDGE_CURVE('',#3998,#3939,#4048,.T.);
#4048 = SURFACE_CURVE('',#4049,(#4053,#4060),.PCURVE_S1.);
#4049 = LINE('',#4050,#4051);
#4050 = CARTESIAN_POINT('',(-62.3,63.,4.5));
#4051 = VECTOR('',#4052,1.);
#4052 = DIRECTION('',(-1.,-0.,0.));
#4053 = PCURVE('',#1335,#4054);
#4054 = DEFINITIONAL_REPRESENTATION('',(#4055),#4059);
#4055 = LINE('',#4056,#4057);
#4056 = CARTESIAN_POINT('',(-0.,0.212132034356));
#4057 = VECTOR('',#4058,1.);
#4058 = DIRECTION('',(-1.,0.));
#4059 = ( GEOMETRIC_REPRESENTATION_CONTEXT(2) 
PARAMETRIC_REPRESENTATION_CONTEXT() REPRESENTATION_CONTEXT('2D SPACE',''
  ) );
#4060 = PCURVE('',#2077,#4061);
#4061 = DEFINITIONAL_REPRESENTATION('',(#4062),#4066);
#4062 = LINE('',#4063,#4064);
#4063 = CARTESIAN_POINT('',(5.4,1.2));
#4064 = VECTOR('',#4065,1.);
#4065 = DIRECTION('',(0.,-1.));
#4066 = ( GEOMETRIC_REPRESENTATION_CONTEXT(2) 
PARAMETRIC_REPRESENTATION_CONTEXT() REPRESENTATION_CONTEXT('2D SPACE',''
  ) );
#4067 = ADVANCED_FACE('',(#4068),#1646,.T.);
#4068 = FACE_BOUND('',#4069,.F.);
#4069 = EDGE_LOOP('',(#4070,#4093,#4094,#4117));
#4070 = ORIENTED_EDGE('',*,*,#4071,.F.);
#4071 = EDGE_CURVE('',#1629,#4072,#4074,.T.);
#4072 = VERTEX_POINT('',#4073);
#4073 = CARTESIAN_POINT('',(63.5,-11.,4.5));
#4074 = SURFACE_CURVE('',#4075,(#4079,#4086),.PCURVE_S1.);
#4075 = LINE('',#4076,#4077);
#4076 = CARTESIAN_POINT('',(63.6,-11.1,4.6));
#4077 = VECTOR('',#4078,1.);
#4078 = DIRECTION('',(-0.57735026919,0.57735026919,-0.57735026919));
#4079 = PCURVE('',#1646,#4080);
#4080 = DEFINITIONAL_REPRESENTATION('',(#4081),#4085);
#4081 = LINE('',#4082,#4083);
#4082 = CARTESIAN_POINT('',(0.1,7.071067811865E-02));
#4083 = VECTOR('',#4084,1.);
#4084 = DIRECTION('',(-0.57735026919,0.816496580928));
#4085 = ( GEOMETRIC_REPRESENTATION_CONTEXT(2) 
PARAMETRIC_REPRESENTATION_CONTEXT() REPRESENTATION_CONTEXT('2D SPACE',''
  ) );
#4086 = PCURVE('',#1728,#4087);
#4087 = DEFINITIONAL_REPRESENTATION('',(#4088),#4092);
#4088 = LINE('',#4089,#4090);
#4089 = CARTESIAN_POINT('',(0.1,7.071067811865E-02));
#4090 = VECTOR('',#4091,1.);
#4091 = DIRECTION('',(-0.57735026919,0.816496580928));
#4092 = ( GEOMETRIC_REPRESENTATION_CONTEXT(2) 
PARAMETRIC_REPRESENTATION_CONTEXT() REPRESENTATION_CONTEXT('2D SPACE',''
  ) );
#4093 = ORIENTED_EDGE('',*,*,#1628,.T.);
#4094 = ORIENTED_EDGE('',*,*,#4095,.T.);
#4095 = EDGE_CURVE('',#1631,#4096,#4098,.T.);
#4096 = VERTEX_POINT('',#4097);
#4097 = CARTESIAN_POINT('',(62.3,-11.,4.5));
#4098 = SURFACE_CURVE('',#4099,(#4103,#4110),.PCURVE_S1.);
#4099 = LINE('',#4100,#4101);
#4100 = CARTESIAN_POINT('',(62.4,-10.9,4.4));
#4101 = VECTOR('',#4102,1.);
#4102 = DIRECTION('',(0.57735026919,0.57735026919,-0.57735026919));
#4103 = PCURVE('',#1646,#4104);
#4104 = DEFINITIONAL_REPRESENTATION('',(#4105),#4109);
#4105 = LINE('',#4106,#4107);
#4106 = CARTESIAN_POINT('',(-1.1,0.353553390593));
#4107 = VECTOR('',#4108,1.);
#4108 = DIRECTION('',(0.57735026919,0.816496580928));
#4109 = ( GEOMETRIC_REPRESENTATION_CONTEXT(2) 
PARAMETRIC_REPRESENTATION_CONTEXT() REPRESENTATION_CONTEXT('2D SPACE',''
  ) );
#4110 = PCURVE('',#1674,#4111);
#4111 = DEFINITIONAL_REPRESENTATION('',(#4112),#4116);
#4112 = LINE('',#4113,#4114);
#4113 = CARTESIAN_POINT('',(-1.E-01,0.353553390593));
#4114 = VECTOR('',#4115,1.);
#4115 = DIRECTION('',(-0.57735026919,0.816496580928));
#4116 = ( GEOMETRIC_REPRESENTATION_CONTEXT(2) 
PARAMETRIC_REPRESENTATION_CONTEXT() REPRESENTATION_CONTEXT('2D SPACE',''
  ) );
#4117 = ORIENTED_EDGE('',*,*,#4118,.F.);
#4118 = EDGE_CURVE('',#4072,#4096,#4119,.T.);
#4119 = SURFACE_CURVE('',#4120,(#4124,#4131),.PCURVE_S1.);
#4120 = LINE('',#4121,#4122);
#4121 = CARTESIAN_POINT('',(63.5,-11.,4.5));
#4122 = VECTOR('',#4123,1.);
#4123 = DIRECTION('',(-1.,-0.,0.));
#4124 = PCURVE('',#1646,#4125);
#4125 = DEFINITIONAL_REPRESENTATION('',(#4126),#4130);
#4126 = LINE('',#4127,#4128);
#4127 = CARTESIAN_POINT('',(-0.,0.212132034356));
#4128 = VECTOR('',#4129,1.);
#4129 = DIRECTION('',(-1.,0.));
#4130 = ( GEOMETRIC_REPRESENTATION_CONTEXT(2) 
PARAMETRIC_REPRESENTATION_CONTEXT() REPRESENTATION_CONTEXT('2D SPACE',''
  ) );
#4131 = PCURVE('',#2714,#4132);
#4132 = DEFINITIONAL_REPRESENTATION('',(#4133),#4137);
#4133 = LINE('',#4134,#4135);
#4134 = CARTESIAN_POINT('',(5.4,1.2));
#4135 = VECTOR('',#4136,1.);
#4136 = DIRECTION('',(0.,-1.));
#4137 = ( GEOMETRIC_REPRESENTATION_CONTEXT(2) 
PARAMETRIC_REPRESENTATION_CONTEXT() REPRESENTATION_CONTEXT('2D SPACE',''
  ) );
#4138 = ADVANCED_FACE('',(#4139),#1728,.F.);
#4139 = FACE_BOUND('',#4140,.T.);
#4140 = EDGE_LOOP('',(#4141,#4142,#4143,#4166));
#4141 = ORIENTED_EDGE('',*,*,#4071,.F.);
#4142 = ORIENTED_EDGE('',*,*,#1714,.T.);
#4143 = ORIENTED_EDGE('',*,*,#4144,.T.);
#4144 = EDGE_CURVE('',#1687,#4145,#4147,.T.);
#4145 = VERTEX_POINT('',#4146);
#4146 = CARTESIAN_POINT('',(63.5,11.,4.5));
#4147 = SURFACE_CURVE('',#4148,(#4152,#4159),.PCURVE_S1.);
#4148 = LINE('',#4149,#4150);
#4149 = CARTESIAN_POINT('',(59.933333333333,7.433333333333,
    0.933333333333));
#4150 = VECTOR('',#4151,1.);
#4151 = DIRECTION('',(-0.57735026919,-0.57735026919,-0.57735026919));
#4152 = PCURVE('',#1728,#4153);
#4153 = DEFINITIONAL_REPRESENTATION('',(#4154),#4158);
#4154 = LINE('',#4155,#4156);
#4155 = CARTESIAN_POINT('',(-18.43333333333,5.25616040682));
#4156 = VECTOR('',#4157,1.);
#4157 = DIRECTION('',(0.57735026919,0.816496580928));
#4158 = ( GEOMETRIC_REPRESENTATION_CONTEXT(2) 
PARAMETRIC_REPRESENTATION_CONTEXT() REPRESENTATION_CONTEXT('2D SPACE',''
  ) );
#4159 = PCURVE('',#1702,#4160);
#4160 = DEFINITIONAL_REPRESENTATION('',(#4161),#4165);
#4161 = LINE('',#4162,#4163);
#4162 = CARTESIAN_POINT('',(-3.566666666667,5.25616040682));
#4163 = VECTOR('',#4164,1.);
#4164 = DIRECTION('',(-0.57735026919,0.816496580928));
#4165 = ( GEOMETRIC_REPRESENTATION_CONTEXT(2) 
PARAMETRIC_REPRESENTATION_CONTEXT() REPRESENTATION_CONTEXT('2D SPACE',''
  ) );
#4166 = ORIENTED_EDGE('',*,*,#4167,.F.);
#4167 = EDGE_CURVE('',#4072,#4145,#4168,.T.);
#4168 = SURFACE_CURVE('',#4169,(#4173,#4180),.PCURVE_S1.);
#4169 = LINE('',#4170,#4171);
#4170 = CARTESIAN_POINT('',(63.5,-11.,4.5));
#4171 = VECTOR('',#4172,1.);
#4172 = DIRECTION('',(-0.,1.,0.));
#4173 = PCURVE('',#1728,#4174);
#4174 = DEFINITIONAL_REPRESENTATION('',(#4175),#4179);
#4175 = LINE('',#4176,#4177);
#4176 = CARTESIAN_POINT('',(-0.,0.212132034356));
#4177 = VECTOR('',#4178,1.);
#4178 = DIRECTION('',(-1.,0.));
#4179 = ( GEOMETRIC_REPRESENTATION_CONTEXT(2) 
PARAMETRIC_REPRESENTATION_CONTEXT() REPRESENTATION_CONTEXT('2D SPACE',''
  ) );
#4180 = PCURVE('',#2790,#4181);
#4181 = DEFINITIONAL_REPRESENTATION('',(#4182),#4186);
#4182 = LINE('',#4183,#4184);
#4183 = CARTESIAN_POINT('',(5.4,0.));
#4184 = VECTOR('',#4185,1.);
#4185 = DIRECTION('',(0.,-1.));
#4186 = ( GEOMETRIC_REPRESENTATION_CONTEXT(2) 
PARAMETRIC_REPRESENTATION_CONTEXT() REPRESENTATION_CONTEXT('2D SPACE',''
  ) );
#4187 = ADVANCED_FACE('',(#4188),#1674,.T.);
#4188 = FACE_BOUND('',#4189,.F.);
#4189 = EDGE_LOOP('',(#4190,#4191,#4192,#4215));
#4190 = ORIENTED_EDGE('',*,*,#4095,.F.);
#4191 = ORIENTED_EDGE('',*,*,#1658,.T.);
#4192 = ORIENTED_EDGE('',*,*,#4193,.T.);
#4193 = EDGE_CURVE('',#1659,#4194,#4196,.T.);
#4194 = VERTEX_POINT('',#4195);
#4195 = CARTESIAN_POINT('',(62.3,11.,4.5));
#4196 = SURFACE_CURVE('',#4197,(#4201,#4208),.PCURVE_S1.);
#4197 = LINE('',#4198,#4199);
#4198 = CARTESIAN_POINT('',(66.066666666667,7.233333333333,
    0.733333333333));
#4199 = VECTOR('',#4200,1.);
#4200 = DIRECTION('',(0.57735026919,-0.57735026919,-0.57735026919));
#4201 = PCURVE('',#1674,#4202);
#4202 = DEFINITIONAL_REPRESENTATION('',(#4203),#4207);
#4203 = LINE('',#4204,#4205);
#4204 = CARTESIAN_POINT('',(-18.23333333333,5.539003119295));
#4205 = VECTOR('',#4206,1.);
#4206 = DIRECTION('',(0.57735026919,0.816496580928));
#4207 = ( GEOMETRIC_REPRESENTATION_CONTEXT(2) 
PARAMETRIC_REPRESENTATION_CONTEXT() REPRESENTATION_CONTEXT('2D SPACE',''
  ) );
#4208 = PCURVE('',#1702,#4209);
#4209 = DEFINITIONAL_REPRESENTATION('',(#4210),#4214);
#4210 = LINE('',#4211,#4212);
#4211 = CARTESIAN_POINT('',(2.566666666667,5.539003119295));
#4212 = VECTOR('',#4213,1.);
#4213 = DIRECTION('',(0.57735026919,0.816496580928));
#4214 = ( GEOMETRIC_REPRESENTATION_CONTEXT(2) 
PARAMETRIC_REPRESENTATION_CONTEXT() REPRESENTATION_CONTEXT('2D SPACE',''
  ) );
#4215 = ORIENTED_EDGE('',*,*,#4216,.F.);
#4216 = EDGE_CURVE('',#4096,#4194,#4217,.T.);
#4217 = SURFACE_CURVE('',#4218,(#4222,#4229),.PCURVE_S1.);
#4218 = LINE('',#4219,#4220);
#4219 = CARTESIAN_POINT('',(62.3,-11.,4.5));
#4220 = VECTOR('',#4221,1.);
#4221 = DIRECTION('',(-0.,1.,0.));
#4222 = PCURVE('',#1674,#4223);
#4223 = DEFINITIONAL_REPRESENTATION('',(#4224),#4228);
#4224 = LINE('',#4225,#4226);
#4225 = CARTESIAN_POINT('',(-0.,0.212132034356));
#4226 = VECTOR('',#4227,1.);
#4227 = DIRECTION('',(-1.,0.));
#4228 = ( GEOMETRIC_REPRESENTATION_CONTEXT(2) 
PARAMETRIC_REPRESENTATION_CONTEXT() REPRESENTATION_CONTEXT('2D SPACE',''
  ) );
#4229 = PCURVE('',#2740,#4230);
#4230 = DEFINITIONAL_REPRESENTATION('',(#4231),#4235);
#4231 = LINE('',#4232,#4233);
#4232 = CARTESIAN_POINT('',(5.4,0.));
#4233 = VECTOR('',#4234,1.);
#4234 = DIRECTION('',(0.,-1.));
#4235 = ( GEOMETRIC_REPRESENTATION_CONTEXT(2) 
PARAMETRIC_REPRESENTATION_CONTEXT() REPRESENTATION_CONTEXT('2D SPACE',''
  ) );
#4236 = ADVANCED_FACE('',(#4237),#1702,.F.);
#4237 = FACE_BOUND('',#4238,.T.);
#4238 = EDGE_LOOP('',(#4239,#4240,#4241,#4242));
#4239 = ORIENTED_EDGE('',*,*,#4144,.F.);
#4240 = ORIENTED_EDGE('',*,*,#1686,.T.);
#4241 = ORIENTED_EDGE('',*,*,#4193,.T.);
#4242 = ORIENTED_EDGE('',*,*,#4243,.F.);
#4243 = EDGE_CURVE('',#4145,#4194,#4244,.T.);
#4244 = SURFACE_CURVE('',#4245,(#4249,#4256),.PCURVE_S1.);
#4245 = LINE('',#4246,#4247);
#4246 = CARTESIAN_POINT('',(63.5,11.,4.5));
#4247 = VECTOR('',#4248,1.);
#4248 = DIRECTION('',(-1.,-0.,0.));
#4249 = PCURVE('',#1702,#4250);
#4250 = DEFINITIONAL_REPRESENTATION('',(#4251),#4255);
#4251 = LINE('',#4252,#4253);
#4252 = CARTESIAN_POINT('',(-0.,0.212132034356));
#4253 = VECTOR('',#4254,1.);
#4254 = DIRECTION('',(-1.,0.));
#4255 = ( GEOMETRIC_REPRESENTATION_CONTEXT(2) 
PARAMETRIC_REPRESENTATION_CONTEXT() REPRESENTATION_CONTEXT('2D SPACE',''
  ) );
#4256 = PCURVE('',#2766,#4257);
#4257 = DEFINITIONAL_REPRESENTATION('',(#4258),#4262);
#4258 = LINE('',#4259,#4260);
#4259 = CARTESIAN_POINT('',(5.4,1.2));
#4260 = VECTOR('',#4261,1.);
#4261 = DIRECTION('',(0.,-1.));
#4262 = ( GEOMETRIC_REPRESENTATION_CONTEXT(2) 
PARAMETRIC_REPRESENTATION_CONTEXT() REPRESENTATION_CONTEXT('2D SPACE',''
  ) );
#4263 = ADVANCED_FACE('',(#4264),#2562,.F.);
#4264 = FACE_BOUND('',#4265,.F.);
#4265 = EDGE_LOOP('',(#4266,#4289,#4310,#4311,#4312,#4335,#4363,#4384));
#4266 = ORIENTED_EDGE('',*,*,#4267,.F.);
#4267 = EDGE_CURVE('',#4268,#2522,#4270,.T.);
#4268 = VERTEX_POINT('',#4269);
#4269 = CARTESIAN_POINT('',(47.,-51.,-2.8));
#4270 = SURFACE_CURVE('',#4271,(#4275,#4282),.PCURVE_S1.);
#4271 = LINE('',#4272,#4273);
#4272 = CARTESIAN_POINT('',(47.,-51.,-3.6));
#4273 = VECTOR('',#4274,1.);
#4274 = DIRECTION('',(0.,0.,1.));
#4275 = PCURVE('',#2562,#4276);
#4276 = DEFINITIONAL_REPRESENTATION('',(#4277),#4281);
#4277 = LINE('',#4278,#4279);
#4278 = CARTESIAN_POINT('',(0.,103.));
#4279 = VECTOR('',#4280,1.);
#4280 = DIRECTION('',(1.,0.));
#4281 = ( GEOMETRIC_REPRESENTATION_CONTEXT(2) 
PARAMETRIC_REPRESENTATION_CONTEXT() REPRESENTATION_CONTEXT('2D SPACE',''
  ) );
#4282 = PCURVE('',#2536,#4283);
#4283 = DEFINITIONAL_REPRESENTATION('',(#4284),#4288);
#4284 = LINE('',#4285,#4286);
#4285 = CARTESIAN_POINT('',(-1.8,8.));
#4286 = VECTOR('',#4287,1.);
#4287 = DIRECTION('',(1.,0.));
#4288 = ( GEOMETRIC_REPRESENTATION_CONTEXT(2) 
PARAMETRIC_REPRESENTATION_CONTEXT() REPRESENTATION_CONTEXT('2D SPACE',''
  ) );
#4289 = ORIENTED_EDGE('',*,*,#4290,.F.);
#4290 = EDGE_CURVE('',#2853,#4268,#4291,.T.);
#4291 = SURFACE_CURVE('',#4292,(#4296,#4303),.PCURVE_S1.);
#4292 = LINE('',#4293,#4294);
#4293 = CARTESIAN_POINT('',(-56.,-51.,-2.8));
#4294 = VECTOR('',#4295,1.);
#4295 = DIRECTION('',(1.,0.,-0.));
#4296 = PCURVE('',#2562,#4297);
#4297 = DEFINITIONAL_REPRESENTATION('',(#4298),#4302);
#4298 = LINE('',#4299,#4300);
#4299 = CARTESIAN_POINT('',(0.8,0.));
#4300 = VECTOR('',#4301,1.);
#4301 = DIRECTION('',(0.,1.));
#4302 = ( GEOMETRIC_REPRESENTATION_CONTEXT(2) 
PARAMETRIC_REPRESENTATION_CONTEXT() REPRESENTATION_CONTEXT('2D SPACE',''
  ) );
#4303 = PCURVE('',#2896,#4304);
#4304 = DEFINITIONAL_REPRESENTATION('',(#4305),#4309);
#4305 = LINE('',#4306,#4307);
#4306 = CARTESIAN_POINT('',(-1.570796326795,0.));
#4307 = VECTOR('',#4308,1.);
#4308 = DIRECTION('',(-0.,1.));
#4309 = ( GEOMETRIC_REPRESENTATION_CONTEXT(2) 
PARAMETRIC_REPRESENTATION_CONTEXT() REPRESENTATION_CONTEXT('2D SPACE',''
  ) );
#4310 = ORIENTED_EDGE('',*,*,#2852,.T.);
#4311 = ORIENTED_EDGE('',*,*,#2652,.F.);
#4312 = ORIENTED_EDGE('',*,*,#4313,.F.);
#4313 = EDGE_CURVE('',#4314,#2627,#4316,.T.);
#4314 = VERTEX_POINT('',#4315);
#4315 = CARTESIAN_POINT('',(-44.,-51.,2.3));
#4316 = SURFACE_CURVE('',#4317,(#4321,#4328),.PCURVE_S1.);
#4317 = LINE('',#4318,#4319);
#4318 = CARTESIAN_POINT('',(-44.,-51.,2.3));
#4319 = VECTOR('',#4320,1.);
#4320 = DIRECTION('',(0.,0.,-1.));
#4321 = PCURVE('',#2562,#4322);
#4322 = DEFINITIONAL_REPRESENTATION('',(#4323),#4327);
#4323 = LINE('',#4324,#4325);
#4324 = CARTESIAN_POINT('',(5.9,12.));
#4325 = VECTOR('',#4326,1.);
#4326 = DIRECTION('',(-1.,0.));
#4327 = ( GEOMETRIC_REPRESENTATION_CONTEXT(2) 
PARAMETRIC_REPRESENTATION_CONTEXT() REPRESENTATION_CONTEXT('2D SPACE',''
  ) );
#4328 = PCURVE('',#2641,#4329);
#4329 = DEFINITIONAL_REPRESENTATION('',(#4330),#4334);
#4330 = LINE('',#4331,#4332);
#4331 = CARTESIAN_POINT('',(3.2,-13.));
#4332 = VECTOR('',#4333,1.);
#4333 = DIRECTION('',(-1.,0.));
#4334 = ( GEOMETRIC_REPRESENTATION_CONTEXT(2) 
PARAMETRIC_REPRESENTATION_CONTEXT() REPRESENTATION_CONTEXT('2D SPACE',''
  ) );
#4335 = ORIENTED_EDGE('',*,*,#4336,.T.);
#4336 = EDGE_CURVE('',#4314,#4337,#4339,.T.);
#4337 = VERTEX_POINT('',#4338);
#4338 = CARTESIAN_POINT('',(44.,-51.,2.3));
#4339 = SURFACE_CURVE('',#4340,(#4344,#4351),.PCURVE_S1.);
#4340 = LINE('',#4341,#4342);
#4341 = CARTESIAN_POINT('',(-44.,-51.,2.3));
#4342 = VECTOR('',#4343,1.);
#4343 = DIRECTION('',(1.,0.,-0.));
#4344 = PCURVE('',#2562,#4345);
#4345 = DEFINITIONAL_REPRESENTATION('',(#4346),#4350);
#4346 = LINE('',#4347,#4348);
#4347 = CARTESIAN_POINT('',(5.9,12.));
#4348 = VECTOR('',#4349,1.);
#4349 = DIRECTION('',(0.,1.));
#4350 = ( GEOMETRIC_REPRESENTATION_CONTEXT(2) 
PARAMETRIC_REPRESENTATION_CONTEXT() REPRESENTATION_CONTEXT('2D SPACE',''
  ) );
#4351 = PCURVE('',#4352,#4357);
#4352 = PLANE('',#4353);
#4353 = AXIS2_PLACEMENT_3D('',#4354,#4355,#4356);
#4354 = CARTESIAN_POINT('',(-44.,-64.,2.3));
#4355 = DIRECTION('',(0.,0.,1.));
#4356 = DIRECTION('',(1.,0.,-0.));
#4357 = DEFINITIONAL_REPRESENTATION('',(#4358),#4362);
#4358 = LINE('',#4359,#4360);
#4359 = CARTESIAN_POINT('',(0.,13.));
#4360 = VECTOR('',#4361,1.);
#4361 = DIRECTION('',(1.,0.));
#4362 = ( GEOMETRIC_REPRESENTATION_CONTEXT(2) 
PARAMETRIC_REPRESENTATION_CONTEXT() REPRESENTATION_CONTEXT('2D SPACE',''
  ) );
#4363 = ORIENTED_EDGE('',*,*,#4364,.F.);
#4364 = EDGE_CURVE('',#2548,#4337,#4365,.T.);
#4365 = SURFACE_CURVE('',#4366,(#4370,#4377),.PCURVE_S1.);
#4366 = LINE('',#4367,#4368);
#4367 = CARTESIAN_POINT('',(44.,-51.,1.E-01));
#4368 = VECTOR('',#4369,1.);
#4369 = DIRECTION('',(0.,0.,1.));
#4370 = PCURVE('',#2562,#4371);
#4371 = DEFINITIONAL_REPRESENTATION('',(#4372),#4376);
#4372 = LINE('',#4373,#4374);
#4373 = CARTESIAN_POINT('',(3.7,100.));
#4374 = VECTOR('',#4375,1.);
#4375 = DIRECTION('',(1.,0.));
#4376 = ( GEOMETRIC_REPRESENTATION_CONTEXT(2) 
PARAMETRIC_REPRESENTATION_CONTEXT() REPRESENTATION_CONTEXT('2D SPACE',''
  ) );
#4377 = PCURVE('',#2589,#4378);
#4378 = DEFINITIONAL_REPRESENTATION('',(#4379),#4383);
#4379 = LINE('',#4380,#4381);
#4380 = CARTESIAN_POINT('',(1.,-13.));
#4381 = VECTOR('',#4382,1.);
#4382 = DIRECTION('',(1.,0.));
#4383 = ( GEOMETRIC_REPRESENTATION_CONTEXT(2) 
PARAMETRIC_REPRESENTATION_CONTEXT() REPRESENTATION_CONTEXT('2D SPACE',''
  ) );
#4384 = ORIENTED_EDGE('',*,*,#2547,.F.);
#4385 = ADVANCED_FACE('',(#4386),#2641,.T.);
#4386 = FACE_BOUND('',#4387,.T.);
#4387 = EDGE_LOOP('',(#4388,#4411,#4412,#4413));
#4388 = ORIENTED_EDGE('',*,*,#4389,.F.);
#4389 = EDGE_CURVE('',#2601,#4390,#4392,.T.);
#4390 = VERTEX_POINT('',#4391);
#4391 = CARTESIAN_POINT('',(-44.,-64.,2.3));
#4392 = SURFACE_CURVE('',#4393,(#4397,#4404),.PCURVE_S1.);
#4393 = LINE('',#4394,#4395);
#4394 = CARTESIAN_POINT('',(-44.,-64.,-0.9));
#4395 = VECTOR('',#4396,1.);
#4396 = DIRECTION('',(0.,0.,1.));
#4397 = PCURVE('',#2641,#4398);
#4398 = DEFINITIONAL_REPRESENTATION('',(#4399),#4403);
#4399 = LINE('',#4400,#4401);
#4400 = CARTESIAN_POINT('',(0.,0.));
#4401 = VECTOR('',#4402,1.);
#4402 = DIRECTION('',(1.,0.));
#4403 = ( GEOMETRIC_REPRESENTATION_CONTEXT(2) 
PARAMETRIC_REPRESENTATION_CONTEXT() REPRESENTATION_CONTEXT('2D SPACE',''
  ) );
#4404 = PCURVE('',#2615,#4405);
#4405 = DEFINITIONAL_REPRESENTATION('',(#4406),#4410);
#4406 = LINE('',#4407,#4408);
#4407 = CARTESIAN_POINT('',(0.,0.));
#4408 = VECTOR('',#4409,1.);
#4409 = DIRECTION('',(1.,0.));
#4410 = ( GEOMETRIC_REPRESENTATION_CONTEXT(2) 
PARAMETRIC_REPRESENTATION_CONTEXT() REPRESENTATION_CONTEXT('2D SPACE',''
  ) );
#4411 = ORIENTED_EDGE('',*,*,#2626,.T.);
#4412 = ORIENTED_EDGE('',*,*,#4313,.F.);
#4413 = ORIENTED_EDGE('',*,*,#4414,.F.);
#4414 = EDGE_CURVE('',#4390,#4314,#4415,.T.);
#4415 = SURFACE_CURVE('',#4416,(#4420,#4427),.PCURVE_S1.);
#4416 = LINE('',#4417,#4418);
#4417 = CARTESIAN_POINT('',(-44.,-64.,2.3));
#4418 = VECTOR('',#4419,1.);
#4419 = DIRECTION('',(-0.,1.,0.));
#4420 = PCURVE('',#2641,#4421);
#4421 = DEFINITIONAL_REPRESENTATION('',(#4422),#4426);
#4422 = LINE('',#4423,#4424);
#4423 = CARTESIAN_POINT('',(3.2,0.));
#4424 = VECTOR('',#4425,1.);
#4425 = DIRECTION('',(0.,-1.));
#4426 = ( GEOMETRIC_REPRESENTATION_CONTEXT(2) 
PARAMETRIC_REPRESENTATION_CONTEXT() REPRESENTATION_CONTEXT('2D SPACE',''
  ) );
#4427 = PCURVE('',#4352,#4428);
#4428 = DEFINITIONAL_REPRESENTATION('',(#4429),#4433);
#4429 = LINE('',#4430,#4431);
#4430 = CARTESIAN_POINT('',(0.,0.));
#4431 = VECTOR('',#4432,1.);
#4432 = DIRECTION('',(0.,1.));
#4433 = ( GEOMETRIC_REPRESENTATION_CONTEXT(2) 
PARAMETRIC_REPRESENTATION_CONTEXT() REPRESENTATION_CONTEXT('2D SPACE',''
  ) );
#4434 = ADVANCED_FACE('',(#4435),#2615,.T.);
#4435 = FACE_BOUND('',#4436,.T.);
#4436 = EDGE_LOOP('',(#4437,#4460,#4461,#4462));
#4437 = ORIENTED_EDGE('',*,*,#4438,.F.);
#4438 = EDGE_CURVE('',#2575,#4439,#4441,.T.);
#4439 = VERTEX_POINT('',#4440);
#4440 = CARTESIAN_POINT('',(44.,-64.,2.3));
#4441 = SURFACE_CURVE('',#4442,(#4446,#4453),.PCURVE_S1.);
#4442 = LINE('',#4443,#4444);
#4443 = CARTESIAN_POINT('',(44.,-64.,-0.9));
#4444 = VECTOR('',#4445,1.);
#4445 = DIRECTION('',(0.,0.,1.));
#4446 = PCURVE('',#2615,#4447);
#4447 = DEFINITIONAL_REPRESENTATION('',(#4448),#4452);
#4448 = LINE('',#4449,#4450);
#4449 = CARTESIAN_POINT('',(0.,88.));
#4450 = VECTOR('',#4451,1.);
#4451 = DIRECTION('',(1.,0.));
#4452 = ( GEOMETRIC_REPRESENTATION_CONTEXT(2) 
PARAMETRIC_REPRESENTATION_CONTEXT() REPRESENTATION_CONTEXT('2D SPACE',''
  ) );
#4453 = PCURVE('',#2589,#4454);
#4454 = DEFINITIONAL_REPRESENTATION('',(#4455),#4459);
#4455 = LINE('',#4456,#4457);
#4456 = CARTESIAN_POINT('',(0.,0.));
#4457 = VECTOR('',#4458,1.);
#4458 = DIRECTION('',(1.,0.));
#4459 = ( GEOMETRIC_REPRESENTATION_CONTEXT(2) 
PARAMETRIC_REPRESENTATION_CONTEXT() REPRESENTATION_CONTEXT('2D SPACE',''
  ) );
#4460 = ORIENTED_EDGE('',*,*,#2600,.T.);
#4461 = ORIENTED_EDGE('',*,*,#4389,.T.);
#4462 = ORIENTED_EDGE('',*,*,#4463,.T.);
#4463 = EDGE_CURVE('',#4390,#4439,#4464,.T.);
#4464 = SURFACE_CURVE('',#4465,(#4469,#4476),.PCURVE_S1.);
#4465 = LINE('',#4466,#4467);
#4466 = CARTESIAN_POINT('',(-44.,-64.,2.3));
#4467 = VECTOR('',#4468,1.);
#4468 = DIRECTION('',(1.,0.,-0.));
#4469 = PCURVE('',#2615,#4470);
#4470 = DEFINITIONAL_REPRESENTATION('',(#4471),#4475);
#4471 = LINE('',#4472,#4473);
#4472 = CARTESIAN_POINT('',(3.2,0.));
#4473 = VECTOR('',#4474,1.);
#4474 = DIRECTION('',(0.,1.));
#4475 = ( GEOMETRIC_REPRESENTATION_CONTEXT(2) 
PARAMETRIC_REPRESENTATION_CONTEXT() REPRESENTATION_CONTEXT('2D SPACE',''
  ) );
#4476 = PCURVE('',#4352,#4477);
#4477 = DEFINITIONAL_REPRESENTATION('',(#4478),#4482);
#4478 = LINE('',#4479,#4480);
#4479 = CARTESIAN_POINT('',(0.,0.));
#4480 = VECTOR('',#4481,1.);
#4481 = DIRECTION('',(1.,0.));
#4482 = ( GEOMETRIC_REPRESENTATION_CONTEXT(2) 
PARAMETRIC_REPRESENTATION_CONTEXT() REPRESENTATION_CONTEXT('2D SPACE',''
  ) );
#4483 = ADVANCED_FACE('',(#4484),#2589,.F.);
#4484 = FACE_BOUND('',#4485,.F.);
#4485 = EDGE_LOOP('',(#4486,#4487,#4488,#4489));
#4486 = ORIENTED_EDGE('',*,*,#4438,.F.);
#4487 = ORIENTED_EDGE('',*,*,#2574,.T.);
#4488 = ORIENTED_EDGE('',*,*,#4364,.T.);
#4489 = ORIENTED_EDGE('',*,*,#4490,.F.);
#4490 = EDGE_CURVE('',#4439,#4337,#4491,.T.);
#4491 = SURFACE_CURVE('',#4492,(#4496,#4503),.PCURVE_S1.);
#4492 = LINE('',#4493,#4494);
#4493 = CARTESIAN_POINT('',(44.,-64.,2.3));
#4494 = VECTOR('',#4495,1.);
#4495 = DIRECTION('',(-0.,1.,0.));
#4496 = PCURVE('',#2589,#4497);
#4497 = DEFINITIONAL_REPRESENTATION('',(#4498),#4502);
#4498 = LINE('',#4499,#4500);
#4499 = CARTESIAN_POINT('',(3.2,0.));
#4500 = VECTOR('',#4501,1.);
#4501 = DIRECTION('',(0.,-1.));
#4502 = ( GEOMETRIC_REPRESENTATION_CONTEXT(2) 
PARAMETRIC_REPRESENTATION_CONTEXT() REPRESENTATION_CONTEXT('2D SPACE',''
  ) );
#4503 = PCURVE('',#4352,#4504);
#4504 = DEFINITIONAL_REPRESENTATION('',(#4505),#4509);
#4505 = LINE('',#4506,#4507);
#4506 = CARTESIAN_POINT('',(88.,0.));
#4507 = VECTOR('',#4508,1.);
#4508 = DIRECTION('',(0.,1.));
#4509 = ( GEOMETRIC_REPRESENTATION_CONTEXT(2) 
PARAMETRIC_REPRESENTATION_CONTEXT() REPRESENTATION_CONTEXT('2D SPACE',''
  ) );
#4510 = ADVANCED_FACE('',(#4511),#2536,.T.);
#4511 = FACE_BOUND('',#4512,.T.);
#4512 = EDGE_LOOP('',(#4513,#4514,#4542,#4565,#4593,#4616,#4639,#4660));
#4513 = ORIENTED_EDGE('',*,*,#4267,.F.);
#4514 = ORIENTED_EDGE('',*,*,#4515,.F.);
#4515 = EDGE_CURVE('',#4516,#4268,#4518,.T.);
#4516 = VERTEX_POINT('',#4517);
#4517 = CARTESIAN_POINT('',(47.,-50.2,-3.6));
#4518 = SURFACE_CURVE('',#4519,(#4524,#4535),.PCURVE_S1.);
#4519 = CIRCLE('',#4520,0.8);
#4520 = AXIS2_PLACEMENT_3D('',#4521,#4522,#4523);
#4521 = CARTESIAN_POINT('',(47.,-50.2,-2.8));
#4522 = DIRECTION('',(-1.,-0.,0.));
#4523 = DIRECTION('',(0.,0.,1.));
#4524 = PCURVE('',#2536,#4525);
#4525 = DEFINITIONAL_REPRESENTATION('',(#4526),#4534);
#4526 = ( BOUNDED_CURVE() B_SPLINE_CURVE(2,(#4527,#4528,#4529,#4530,
#4531,#4532,#4533),.UNSPECIFIED.,.T.,.F.) B_SPLINE_CURVE_WITH_KNOTS((1,2
    ,2,2,2,1),(-2.094395102393,0.,2.094395102393,4.188790204786,
6.28318530718,8.377580409573),.UNSPECIFIED.) CURVE() 
GEOMETRIC_REPRESENTATION_ITEM() RATIONAL_B_SPLINE_CURVE((1.,0.5,1.,0.5,
1.,0.5,1.)) REPRESENTATION_ITEM('') );
#4527 = CARTESIAN_POINT('',(-0.2,7.2));
#4528 = CARTESIAN_POINT('',(-0.2,5.814359353945));
#4529 = CARTESIAN_POINT('',(-1.4,6.507179676972));
#4530 = CARTESIAN_POINT('',(-2.6,7.2));
#4531 = CARTESIAN_POINT('',(-1.4,7.892820323028));
#4532 = CARTESIAN_POINT('',(-0.2,8.585640646055));
#4533 = CARTESIAN_POINT('',(-0.2,7.2));
#4534 = ( GEOMETRIC_REPRESENTATION_CONTEXT(2) 
PARAMETRIC_REPRESENTATION_CONTEXT() REPRESENTATION_CONTEXT('2D SPACE',''
  ) );
#4535 = PCURVE('',#2896,#4536);
#4536 = DEFINITIONAL_REPRESENTATION('',(#4537),#4541);
#4537 = LINE('',#4538,#4539);
#4538 = CARTESIAN_POINT('',(3.14159265359,103.));
#4539 = VECTOR('',#4540,1.);
#4540 = DIRECTION('',(-1.,0.));
#4541 = ( GEOMETRIC_REPRESENTATION_CONTEXT(2) 
PARAMETRIC_REPRESENTATION_CONTEXT() REPRESENTATION_CONTEXT('2D SPACE',''
  ) );
#4542 = ORIENTED_EDGE('',*,*,#4543,.T.);
#4543 = EDGE_CURVE('',#4516,#4544,#4546,.T.);
#4544 = VERTEX_POINT('',#4545);
#4545 = CARTESIAN_POINT('',(47.,-43.8,-3.6));
#4546 = SURFACE_CURVE('',#4547,(#4551,#4558),.PCURVE_S1.);
#4547 = LINE('',#4548,#4549);
#4548 = CARTESIAN_POINT('',(47.,-51.,-3.6));
#4549 = VECTOR('',#4550,1.);
#4550 = DIRECTION('',(-0.,1.,0.));
#4551 = PCURVE('',#2536,#4552);
#4552 = DEFINITIONAL_REPRESENTATION('',(#4553),#4557);
#4553 = LINE('',#4554,#4555);
#4554 = CARTESIAN_POINT('',(-1.8,8.));
#4555 = VECTOR('',#4556,1.);
#4556 = DIRECTION('',(0.,-1.));
#4557 = ( GEOMETRIC_REPRESENTATION_CONTEXT(2) 
PARAMETRIC_REPRESENTATION_CONTEXT() REPRESENTATION_CONTEXT('2D SPACE',''
  ) );
#4558 = PCURVE('',#2924,#4559);
#4559 = DEFINITIONAL_REPRESENTATION('',(#4560),#4564);
#4560 = LINE('',#4561,#4562);
#4561 = CARTESIAN_POINT('',(103.,0.));
#4562 = VECTOR('',#4563,1.);
#4563 = DIRECTION('',(0.,1.));
#4564 = ( GEOMETRIC_REPRESENTATION_CONTEXT(2) 
PARAMETRIC_REPRESENTATION_CONTEXT() REPRESENTATION_CONTEXT('2D SPACE',''
  ) );
#4565 = ORIENTED_EDGE('',*,*,#4566,.F.);
#4566 = EDGE_CURVE('',#4567,#4544,#4569,.T.);
#4567 = VERTEX_POINT('',#4568);
#4568 = CARTESIAN_POINT('',(47.,-43.,-2.8));
#4569 = SURFACE_CURVE('',#4570,(#4575,#4586),.PCURVE_S1.);
#4570 = CIRCLE('',#4571,0.8);
#4571 = AXIS2_PLACEMENT_3D('',#4572,#4573,#4574);
#4572 = CARTESIAN_POINT('',(47.,-43.8,-2.8));
#4573 = DIRECTION('',(-1.,-0.,0.));
#4574 = DIRECTION('',(0.,0.,1.));
#4575 = PCURVE('',#2536,#4576);
#4576 = DEFINITIONAL_REPRESENTATION('',(#4577),#4585);
#4577 = ( BOUNDED_CURVE() B_SPLINE_CURVE(2,(#4578,#4579,#4580,#4581,
#4582,#4583,#4584),.UNSPECIFIED.,.T.,.F.) B_SPLINE_CURVE_WITH_KNOTS((1,2
    ,2,2,2,1),(-2.094395102393,0.,2.094395102393,4.188790204786,
6.28318530718,8.377580409573),.UNSPECIFIED.) CURVE() 
GEOMETRIC_REPRESENTATION_ITEM() RATIONAL_B_SPLINE_CURVE((1.,0.5,1.,0.5,
1.,0.5,1.)) REPRESENTATION_ITEM('') );
#4578 = CARTESIAN_POINT('',(-0.2,0.8));
#4579 = CARTESIAN_POINT('',(-0.2,-0.585640646055));
#4580 = CARTESIAN_POINT('',(-1.4,0.107179676972));
#4581 = CARTESIAN_POINT('',(-2.6,0.8));
#4582 = CARTESIAN_POINT('',(-1.4,1.492820323028));
#4583 = CARTESIAN_POINT('',(-0.2,2.185640646055));
#4584 = CARTESIAN_POINT('',(-0.2,0.8));
#4585 = ( GEOMETRIC_REPRESENTATION_CONTEXT(2) 
PARAMETRIC_REPRESENTATION_CONTEXT() REPRESENTATION_CONTEXT('2D SPACE',''
  ) );
#4586 = PCURVE('',#2957,#4587);
#4587 = DEFINITIONAL_REPRESENTATION('',(#4588),#4592);
#4588 = LINE('',#4589,#4590);
#4589 = CARTESIAN_POINT('',(1.570796326795,103.));
#4590 = VECTOR('',#4591,1.);
#4591 = DIRECTION('',(-1.,0.));
#4592 = ( GEOMETRIC_REPRESENTATION_CONTEXT(2) 
PARAMETRIC_REPRESENTATION_CONTEXT() REPRESENTATION_CONTEXT('2D SPACE',''
  ) );
#4593 = ORIENTED_EDGE('',*,*,#4594,.T.);
#4594 = EDGE_CURVE('',#4567,#4595,#4597,.T.);
#4595 = VERTEX_POINT('',#4596);
#4596 = CARTESIAN_POINT('',(47.,-43.,-1.8));
#4597 = SURFACE_CURVE('',#4598,(#4602,#4609),.PCURVE_S1.);
#4598 = LINE('',#4599,#4600);
#4599 = CARTESIAN_POINT('',(47.,-43.,-3.6));
#4600 = VECTOR('',#4601,1.);
#4601 = DIRECTION('',(0.,0.,1.));
#4602 = PCURVE('',#2536,#4603);
#4603 = DEFINITIONAL_REPRESENTATION('',(#4604),#4608);
#4604 = LINE('',#4605,#4606);
#4605 = CARTESIAN_POINT('',(-1.8,0.));
#4606 = VECTOR('',#4607,1.);
#4607 = DIRECTION('',(1.,0.));
#4608 = ( GEOMETRIC_REPRESENTATION_CONTEXT(2) 
PARAMETRIC_REPRESENTATION_CONTEXT() REPRESENTATION_CONTEXT('2D SPACE',''
  ) );
#4609 = PCURVE('',#2985,#4610);
#4610 = DEFINITIONAL_REPRESENTATION('',(#4611),#4615);
#4611 = LINE('',#4612,#4613);
#4612 = CARTESIAN_POINT('',(0.,103.));
#4613 = VECTOR('',#4614,1.);
#4614 = DIRECTION('',(1.,0.));
#4615 = ( GEOMETRIC_REPRESENTATION_CONTEXT(2) 
PARAMETRIC_REPRESENTATION_CONTEXT() REPRESENTATION_CONTEXT('2D SPACE',''
  ) );
#4616 = ORIENTED_EDGE('',*,*,#4617,.T.);
#4617 = EDGE_CURVE('',#4595,#4618,#4620,.T.);
#4618 = VERTEX_POINT('',#4619);
#4619 = CARTESIAN_POINT('',(47.,-39.3,-1.8));
#4620 = SURFACE_CURVE('',#4621,(#4625,#4632),.PCURVE_S1.);
#4621 = LINE('',#4622,#4623);
#4622 = CARTESIAN_POINT('',(47.,-43.,-1.8));
#4623 = VECTOR('',#4624,1.);
#4624 = DIRECTION('',(-0.,1.,0.));
#4625 = PCURVE('',#2536,#4626);
#4626 = DEFINITIONAL_REPRESENTATION('',(#4627),#4631);
#4627 = LINE('',#4628,#4629);
#4628 = CARTESIAN_POINT('',(0.,0.));
#4629 = VECTOR('',#4630,1.);
#4630 = DIRECTION('',(0.,-1.));
#4631 = ( GEOMETRIC_REPRESENTATION_CONTEXT(2) 
PARAMETRIC_REPRESENTATION_CONTEXT() REPRESENTATION_CONTEXT('2D SPACE',''
  ) );
#4632 = PCURVE('',#3011,#4633);
#4633 = DEFINITIONAL_REPRESENTATION('',(#4634),#4638);
#4634 = LINE('',#4635,#4636);
#4635 = CARTESIAN_POINT('',(103.,0.));
#4636 = VECTOR('',#4637,1.);
#4637 = DIRECTION('',(0.,1.));
#4638 = ( GEOMETRIC_REPRESENTATION_CONTEXT(2) 
PARAMETRIC_REPRESENTATION_CONTEXT() REPRESENTATION_CONTEXT('2D SPACE',''
  ) );
#4639 = ORIENTED_EDGE('',*,*,#4640,.T.);
#4640 = EDGE_CURVE('',#4618,#2495,#4641,.T.);
#4641 = SURFACE_CURVE('',#4642,(#4646,#4653),.PCURVE_S1.);
#4642 = LINE('',#4643,#4644);
#4643 = CARTESIAN_POINT('',(47.,-39.3,-1.8));
#4644 = VECTOR('',#4645,1.);
#4645 = DIRECTION('',(0.,0.,1.));
#4646 = PCURVE('',#2536,#4647);
#4647 = DEFINITIONAL_REPRESENTATION('',(#4648),#4652);
#4648 = LINE('',#4649,#4650);
#4649 = CARTESIAN_POINT('',(0.,-3.7));
#4650 = VECTOR('',#4651,1.);
#4651 = DIRECTION('',(1.,0.));
#4652 = ( GEOMETRIC_REPRESENTATION_CONTEXT(2) 
PARAMETRIC_REPRESENTATION_CONTEXT() REPRESENTATION_CONTEXT('2D SPACE',''
  ) );
#4653 = PCURVE('',#2509,#4654);
#4654 = DEFINITIONAL_REPRESENTATION('',(#4655),#4659);
#4655 = LINE('',#4656,#4657);
#4656 = CARTESIAN_POINT('',(-0.9,113.));
#4657 = VECTOR('',#4658,1.);
#4658 = DIRECTION('',(1.,0.));
#4659 = ( GEOMETRIC_REPRESENTATION_CONTEXT(2) 
PARAMETRIC_REPRESENTATION_CONTEXT() REPRESENTATION_CONTEXT('2D SPACE',''
  ) );
#4660 = ORIENTED_EDGE('',*,*,#2521,.F.);
#4661 = ADVANCED_FACE('',(#4662),#2509,.T.);
#4662 = FACE_BOUND('',#4663,.T.);
#4663 = EDGE_LOOP('',(#4664,#4685,#4686,#4687,#4708,#4709));
#4664 = ORIENTED_EDGE('',*,*,#4665,.F.);
#4665 = EDGE_CURVE('',#2469,#3266,#4666,.T.);
#4666 = SURFACE_CURVE('',#4667,(#4671,#4678),.PCURVE_S1.);
#4667 = LINE('',#4668,#4669);
#4668 = CARTESIAN_POINT('',(55.,-39.3,-0.9));
#4669 = VECTOR('',#4670,1.);
#4670 = DIRECTION('',(0.,0.,1.));
#4671 = PCURVE('',#2509,#4672);
#4672 = DEFINITIONAL_REPRESENTATION('',(#4673),#4677);
#4673 = LINE('',#4674,#4675);
#4674 = CARTESIAN_POINT('',(0.,121.));
#4675 = VECTOR('',#4676,1.);
#4676 = DIRECTION('',(1.,0.));
#4677 = ( GEOMETRIC_REPRESENTATION_CONTEXT(2) 
PARAMETRIC_REPRESENTATION_CONTEXT() REPRESENTATION_CONTEXT('2D SPACE',''
  ) );
#4678 = PCURVE('',#2483,#4679);
#4679 = DEFINITIONAL_REPRESENTATION('',(#4680),#4684);
#4680 = LINE('',#4681,#4682);
#4681 = CARTESIAN_POINT('',(0.,0.));
#4682 = VECTOR('',#4683,1.);
#4683 = DIRECTION('',(1.,0.));
#4684 = ( GEOMETRIC_REPRESENTATION_CONTEXT(2) 
PARAMETRIC_REPRESENTATION_CONTEXT() REPRESENTATION_CONTEXT('2D SPACE',''
  ) );
#4685 = ORIENTED_EDGE('',*,*,#2494,.T.);
#4686 = ORIENTED_EDGE('',*,*,#4640,.F.);
#4687 = ORIENTED_EDGE('',*,*,#4688,.F.);
#4688 = EDGE_CURVE('',#2807,#4618,#4689,.T.);
#4689 = SURFACE_CURVE('',#4690,(#4694,#4701),.PCURVE_S1.);
#4690 = LINE('',#4691,#4692);
#4691 = CARTESIAN_POINT('',(-56.,-39.3,-1.8));
#4692 = VECTOR('',#4693,1.);
#4693 = DIRECTION('',(1.,0.,-0.));
#4694 = PCURVE('',#2509,#4695);
#4695 = DEFINITIONAL_REPRESENTATION('',(#4696),#4700);
#4696 = LINE('',#4697,#4698);
#4697 = CARTESIAN_POINT('',(-0.9,10.));
#4698 = VECTOR('',#4699,1.);
#4699 = DIRECTION('',(0.,1.));
#4700 = ( GEOMETRIC_REPRESENTATION_CONTEXT(2) 
PARAMETRIC_REPRESENTATION_CONTEXT() REPRESENTATION_CONTEXT('2D SPACE',''
  ) );
#4701 = PCURVE('',#3011,#4702);
#4702 = DEFINITIONAL_REPRESENTATION('',(#4703),#4707);
#4703 = LINE('',#4704,#4705);
#4704 = CARTESIAN_POINT('',(0.,3.7));
#4705 = VECTOR('',#4706,1.);
#4706 = DIRECTION('',(1.,0.));
#4707 = ( GEOMETRIC_REPRESENTATION_CONTEXT(2) 
PARAMETRIC_REPRESENTATION_CONTEXT() REPRESENTATION_CONTEXT('2D SPACE',''
  ) );
#4708 = ORIENTED_EDGE('',*,*,#2804,.F.);
#4709 = ORIENTED_EDGE('',*,*,#3290,.F.);
#4710 = ADVANCED_FACE('',(#4711),#2483,.F.);
#4711 = FACE_BOUND('',#4712,.F.);
#4712 = EDGE_LOOP('',(#4713,#4714,#4715,#4736));
#4713 = ORIENTED_EDGE('',*,*,#4665,.F.);
#4714 = ORIENTED_EDGE('',*,*,#2468,.T.);
#4715 = ORIENTED_EDGE('',*,*,#4716,.T.);
#4716 = EDGE_CURVE('',#2446,#3370,#4717,.T.);
#4717 = SURFACE_CURVE('',#4718,(#4722,#4729),.PCURVE_S1.);
#4718 = LINE('',#4719,#4720);
#4719 = CARTESIAN_POINT('',(55.,40.,-0.9));
#4720 = VECTOR('',#4721,1.);
#4721 = DIRECTION('',(0.,0.,1.));
#4722 = PCURVE('',#2483,#4723);
#4723 = DEFINITIONAL_REPRESENTATION('',(#4724),#4728);
#4724 = LINE('',#4725,#4726);
#4725 = CARTESIAN_POINT('',(0.,-79.3));
#4726 = VECTOR('',#4727,1.);
#4727 = DIRECTION('',(1.,0.));
#4728 = ( GEOMETRIC_REPRESENTATION_CONTEXT(2) 
PARAMETRIC_REPRESENTATION_CONTEXT() REPRESENTATION_CONTEXT('2D SPACE',''
  ) );
#4729 = PCURVE('',#2243,#4730);
#4730 = DEFINITIONAL_REPRESENTATION('',(#4731),#4735);
#4731 = LINE('',#4732,#4733);
#4732 = CARTESIAN_POINT('',(0.,121.));
#4733 = VECTOR('',#4734,1.);
#4734 = DIRECTION('',(1.,0.));
#4735 = ( GEOMETRIC_REPRESENTATION_CONTEXT(2) 
PARAMETRIC_REPRESENTATION_CONTEXT() REPRESENTATION_CONTEXT('2D SPACE',''
  ) );
#4736 = ORIENTED_EDGE('',*,*,#3392,.F.);
#4737 = ADVANCED_FACE('',(#4738),#2243,.F.);
#4738 = FACE_BOUND('',#4739,.F.);
#4739 = EDGE_LOOP('',(#4740,#4741,#4742,#4770,#4798,#4824,#4825,#4849,
    #4869));
#4740 = ORIENTED_EDGE('',*,*,#4716,.F.);
#4741 = ORIENTED_EDGE('',*,*,#2445,.T.);
#4742 = ORIENTED_EDGE('',*,*,#4743,.T.);
#4743 = EDGE_CURVE('',#2418,#4744,#4746,.T.);
#4744 = VERTEX_POINT('',#4745);
#4745 = CARTESIAN_POINT('',(42.7,40.,1.E-01));
#4746 = SURFACE_CURVE('',#4747,(#4751,#4758),.PCURVE_S1.);
#4747 = LINE('',#4748,#4749);
#4748 = CARTESIAN_POINT('',(55.,40.,1.E-01));
#4749 = VECTOR('',#4750,1.);
#4750 = DIRECTION('',(-1.,0.,-9.313951548869E-19));
#4751 = PCURVE('',#2243,#4752);
#4752 = DEFINITIONAL_REPRESENTATION('',(#4753),#4757);
#4753 = LINE('',#4754,#4755);
#4754 = CARTESIAN_POINT('',(1.,121.));
#4755 = VECTOR('',#4756,1.);
#4756 = DIRECTION('',(-9.313951548869E-19,-1.));
#4757 = ( GEOMETRIC_REPRESENTATION_CONTEXT(2) 
PARAMETRIC_REPRESENTATION_CONTEXT() REPRESENTATION_CONTEXT('2D SPACE',''
  ) );
#4758 = PCURVE('',#4759,#4764);
#4759 = PLANE('',#4760);
#4760 = AXIS2_PLACEMENT_3D('',#4761,#4762,#4763);
#4761 = CARTESIAN_POINT('',(42.7,34.6,1.E-01));
#4762 = DIRECTION('',(0.,0.,-1.));
#4763 = DIRECTION('',(1.,0.,0.));
#4764 = DEFINITIONAL_REPRESENTATION('',(#4765),#4769);
#4765 = LINE('',#4766,#4767);
#4766 = CARTESIAN_POINT('',(12.3,-5.4));
#4767 = VECTOR('',#4768,1.);
#4768 = DIRECTION('',(-1.,0.));
#4769 = ( GEOMETRIC_REPRESENTATION_CONTEXT(2) 
PARAMETRIC_REPRESENTATION_CONTEXT() REPRESENTATION_CONTEXT('2D SPACE',''
  ) );
#4770 = ORIENTED_EDGE('',*,*,#4771,.T.);
#4771 = EDGE_CURVE('',#4744,#4772,#4774,.T.);
#4772 = VERTEX_POINT('',#4773);
#4773 = CARTESIAN_POINT('',(-42.7,40.,1.E-01));
#4774 = SURFACE_CURVE('',#4775,(#4779,#4786),.PCURVE_S1.);
#4775 = LINE('',#4776,#4777);
#4776 = CARTESIAN_POINT('',(55.,40.,1.E-01));
#4777 = VECTOR('',#4778,1.);
#4778 = DIRECTION('',(-1.,0.,-9.313951548869E-19));
#4779 = PCURVE('',#2243,#4780);
#4780 = DEFINITIONAL_REPRESENTATION('',(#4781),#4785);
#4781 = LINE('',#4782,#4783);
#4782 = CARTESIAN_POINT('',(1.,121.));
#4783 = VECTOR('',#4784,1.);
#4784 = DIRECTION('',(-9.313951548869E-19,-1.));
#4785 = ( GEOMETRIC_REPRESENTATION_CONTEXT(2) 
PARAMETRIC_REPRESENTATION_CONTEXT() REPRESENTATION_CONTEXT('2D SPACE',''
  ) );
#4786 = PCURVE('',#4787,#4792);
#4787 = PLANE('',#4788);
#4788 = AXIS2_PLACEMENT_3D('',#4789,#4790,#4791);
#4789 = CARTESIAN_POINT('',(2.790436569963E-16,1.562644479179E-15,1.E-01
    ));
#4790 = DIRECTION('',(0.,0.,1.));
#4791 = DIRECTION('',(1.,0.,-0.));
#4792 = DEFINITIONAL_REPRESENTATION('',(#4793),#4797);
#4793 = LINE('',#4794,#4795);
#4794 = CARTESIAN_POINT('',(55.,40.));
#4795 = VECTOR('',#4796,1.);
#4796 = DIRECTION('',(-1.,0.));
#4797 = ( GEOMETRIC_REPRESENTATION_CONTEXT(2) 
PARAMETRIC_REPRESENTATION_CONTEXT() REPRESENTATION_CONTEXT('2D SPACE',''
  ) );
#4798 = ORIENTED_EDGE('',*,*,#4799,.T.);
#4799 = EDGE_CURVE('',#4772,#2228,#4800,.T.);
#4800 = SURFACE_CURVE('',#4801,(#4805,#4812),.PCURVE_S1.);
#4801 = LINE('',#4802,#4803);
#4802 = CARTESIAN_POINT('',(55.,40.,1.E-01));
#4803 = VECTOR('',#4804,1.);
#4804 = DIRECTION('',(-1.,0.,-9.313951548869E-19));
#4805 = PCURVE('',#2243,#4806);
#4806 = DEFINITIONAL_REPRESENTATION('',(#4807),#4811);
#4807 = LINE('',#4808,#4809);
#4808 = CARTESIAN_POINT('',(1.,121.));
#4809 = VECTOR('',#4810,1.);
#4810 = DIRECTION('',(-9.313951548869E-19,-1.));
#4811 = ( GEOMETRIC_REPRESENTATION_CONTEXT(2) 
PARAMETRIC_REPRESENTATION_CONTEXT() REPRESENTATION_CONTEXT('2D SPACE',''
  ) );
#4812 = PCURVE('',#4813,#4818);
#4813 = PLANE('',#4814);
#4814 = AXIS2_PLACEMENT_3D('',#4815,#4816,#4817);
#4815 = CARTESIAN_POINT('',(-42.7,34.6,1.E-01));
#4816 = DIRECTION('',(0.,-0.,1.));
#4817 = DIRECTION('',(-1.,0.,0.));
#4818 = DEFINITIONAL_REPRESENTATION('',(#4819),#4823);
#4819 = LINE('',#4820,#4821);
#4820 = CARTESIAN_POINT('',(-97.7,-5.4));
#4821 = VECTOR('',#4822,1.);
#4822 = DIRECTION('',(1.,0.));
#4823 = ( GEOMETRIC_REPRESENTATION_CONTEXT(2) 
PARAMETRIC_REPRESENTATION_CONTEXT() REPRESENTATION_CONTEXT('2D SPACE',''
  ) );
#4824 = ORIENTED_EDGE('',*,*,#2227,.T.);
#4825 = ORIENTED_EDGE('',*,*,#4826,.T.);
#4826 = EDGE_CURVE('',#2200,#4827,#4829,.T.);
#4827 = VERTEX_POINT('',#4828);
#4828 = CARTESIAN_POINT('',(-65.,40.,0.9));
#4829 = SURFACE_CURVE('',#4830,(#4835,#4842),.PCURVE_S1.);
#4830 = CIRCLE('',#4831,0.8);
#4831 = AXIS2_PLACEMENT_3D('',#4832,#4833,#4834);
#4832 = CARTESIAN_POINT('',(-64.2,40.,0.9));
#4833 = DIRECTION('',(0.,1.,0.));
#4834 = DIRECTION('',(-1.,0.,0.));
#4835 = PCURVE('',#2243,#4836);
#4836 = DEFINITIONAL_REPRESENTATION('',(#4837),#4841);
#4837 = CIRCLE('',#4838,0.8);
#4838 = AXIS2_PLACEMENT_2D('',#4839,#4840);
#4839 = CARTESIAN_POINT('',(1.8,1.8));
#4840 = DIRECTION('',(0.,-1.));
#4841 = ( GEOMETRIC_REPRESENTATION_CONTEXT(2) 
PARAMETRIC_REPRESENTATION_CONTEXT() REPRESENTATION_CONTEXT('2D SPACE',''
  ) );
#4842 = PCURVE('',#2215,#4843);
#4843 = DEFINITIONAL_REPRESENTATION('',(#4844),#4848);
#4844 = LINE('',#4845,#4846);
#4845 = CARTESIAN_POINT('',(-6.28318530718,99.));
#4846 = VECTOR('',#4847,1.);
#4847 = DIRECTION('',(1.,-0.));
#4848 = ( GEOMETRIC_REPRESENTATION_CONTEXT(2) 
PARAMETRIC_REPRESENTATION_CONTEXT() REPRESENTATION_CONTEXT('2D SPACE',''
  ) );
#4849 = ORIENTED_EDGE('',*,*,#4850,.F.);
#4850 = EDGE_CURVE('',#3469,#4827,#4851,.T.);
#4851 = SURFACE_CURVE('',#4852,(#4856,#4863),.PCURVE_S1.);
#4852 = LINE('',#4853,#4854);
#4853 = CARTESIAN_POINT('',(-65.,40.,-0.4));
#4854 = VECTOR('',#4855,1.);
#4855 = DIRECTION('',(0.,0.,-1.));
#4856 = PCURVE('',#2243,#4857);
#4857 = DEFINITIONAL_REPRESENTATION('',(#4858),#4862);
#4858 = LINE('',#4859,#4860);
#4859 = CARTESIAN_POINT('',(0.5,1.));
#4860 = VECTOR('',#4861,1.);
#4861 = DIRECTION('',(-1.,0.));
#4862 = ( GEOMETRIC_REPRESENTATION_CONTEXT(2) 
PARAMETRIC_REPRESENTATION_CONTEXT() REPRESENTATION_CONTEXT('2D SPACE',''
  ) );
#4863 = PCURVE('',#3607,#4864);
#4864 = DEFINITIONAL_REPRESENTATION('',(#4865),#4868);
#4865 = B_SPLINE_CURVE_WITH_KNOTS('',1,(#4866,#4867),.UNSPECIFIED.,.F.,
  .F.,(2,2),(-5.2,-1.3),.PIECEWISE_BEZIER_KNOTS.);
#4866 = CARTESIAN_POINT('',(99.,-4.7));
#4867 = CARTESIAN_POINT('',(99.,-0.8));
#4868 = ( GEOMETRIC_REPRESENTATION_CONTEXT(2) 
PARAMETRIC_REPRESENTATION_CONTEXT() REPRESENTATION_CONTEXT('2D SPACE',''
  ) );
#4869 = ORIENTED_EDGE('',*,*,#3493,.T.);
#4870 = ADVANCED_FACE('',(#4871),#2433,.F.);
#4871 = FACE_BOUND('',#4872,.F.);
#4872 = EDGE_LOOP('',(#4873,#4896,#4897,#4920,#4948));
#4873 = ORIENTED_EDGE('',*,*,#4874,.T.);
#4874 = EDGE_CURVE('',#4875,#2418,#4877,.T.);
#4875 = VERTEX_POINT('',#4876);
#4876 = CARTESIAN_POINT('',(47.,34.6,1.E-01));
#4877 = SURFACE_CURVE('',#4878,(#4882,#4889),.PCURVE_S1.);
#4878 = LINE('',#4879,#4880);
#4879 = CARTESIAN_POINT('',(47.,34.6,1.E-01));
#4880 = VECTOR('',#4881,1.);
#4881 = DIRECTION('',(0.,1.,0.));
#4882 = PCURVE('',#2433,#4883);
#4883 = DEFINITIONAL_REPRESENTATION('',(#4884),#4888);
#4884 = LINE('',#4885,#4886);
#4885 = CARTESIAN_POINT('',(0.,-0.));
#4886 = VECTOR('',#4887,1.);
#4887 = DIRECTION('',(0.,-1.));
#4888 = ( GEOMETRIC_REPRESENTATION_CONTEXT(2) 
PARAMETRIC_REPRESENTATION_CONTEXT() REPRESENTATION_CONTEXT('2D SPACE',''
  ) );
#4889 = PCURVE('',#4759,#4890);
#4890 = DEFINITIONAL_REPRESENTATION('',(#4891),#4895);
#4891 = LINE('',#4892,#4893);
#4892 = CARTESIAN_POINT('',(4.3,0.));
#4893 = VECTOR('',#4894,1.);
#4894 = DIRECTION('',(0.,-1.));
#4895 = ( GEOMETRIC_REPRESENTATION_CONTEXT(2) 
PARAMETRIC_REPRESENTATION_CONTEXT() REPRESENTATION_CONTEXT('2D SPACE',''
  ) );
#4896 = ORIENTED_EDGE('',*,*,#2417,.T.);
#4897 = ORIENTED_EDGE('',*,*,#4898,.T.);
#4898 = EDGE_CURVE('',#2390,#4899,#4901,.T.);
#4899 = VERTEX_POINT('',#4900);
#4900 = CARTESIAN_POINT('',(47.,59.3,-3.3));
#4901 = SURFACE_CURVE('',#4902,(#4906,#4913),.PCURVE_S1.);
#4902 = LINE('',#4903,#4904);
#4903 = CARTESIAN_POINT('',(47.,59.3,1.E-01));
#4904 = VECTOR('',#4905,1.);
#4905 = DIRECTION('',(0.,0.,-1.));
#4906 = PCURVE('',#2433,#4907);
#4907 = DEFINITIONAL_REPRESENTATION('',(#4908),#4912);
#4908 = LINE('',#4909,#4910);
#4909 = CARTESIAN_POINT('',(0.,-24.7));
#4910 = VECTOR('',#4911,1.);
#4911 = DIRECTION('',(1.,0.));
#4912 = ( GEOMETRIC_REPRESENTATION_CONTEXT(2) 
PARAMETRIC_REPRESENTATION_CONTEXT() REPRESENTATION_CONTEXT('2D SPACE',''
  ) );
#4913 = PCURVE('',#2405,#4914);
#4914 = DEFINITIONAL_REPRESENTATION('',(#4915),#4919);
#4915 = LINE('',#4916,#4917);
#4916 = CARTESIAN_POINT('',(1.836671772855,2.66804480589));
#4917 = VECTOR('',#4918,1.);
#4918 = DIRECTION('',(-1.,0.));
#4919 = ( GEOMETRIC_REPRESENTATION_CONTEXT(2) 
PARAMETRIC_REPRESENTATION_CONTEXT() REPRESENTATION_CONTEXT('2D SPACE',''
  ) );
#4920 = ORIENTED_EDGE('',*,*,#4921,.F.);
#4921 = EDGE_CURVE('',#4922,#4899,#4924,.T.);
#4922 = VERTEX_POINT('',#4923);
#4923 = CARTESIAN_POINT('',(47.,34.6,-3.3));
#4924 = SURFACE_CURVE('',#4925,(#4929,#4936),.PCURVE_S1.);
#4925 = LINE('',#4926,#4927);
#4926 = CARTESIAN_POINT('',(47.,34.6,-3.3));
#4927 = VECTOR('',#4928,1.);
#4928 = DIRECTION('',(0.,1.,0.));
#4929 = PCURVE('',#2433,#4930);
#4930 = DEFINITIONAL_REPRESENTATION('',(#4931),#4935);
#4931 = LINE('',#4932,#4933);
#4932 = CARTESIAN_POINT('',(3.4,0.));
#4933 = VECTOR('',#4934,1.);
#4934 = DIRECTION('',(0.,-1.));
#4935 = ( GEOMETRIC_REPRESENTATION_CONTEXT(2) 
PARAMETRIC_REPRESENTATION_CONTEXT() REPRESENTATION_CONTEXT('2D SPACE',''
  ) );
#4936 = PCURVE('',#4937,#4942);
#4937 = PLANE('',#4938);
#4938 = AXIS2_PLACEMENT_3D('',#4939,#4940,#4941);
#4939 = CARTESIAN_POINT('',(47.,34.6,-3.3));
#4940 = DIRECTION('',(0.,-0.,1.));
#4941 = DIRECTION('',(-1.,0.,0.));
#4942 = DEFINITIONAL_REPRESENTATION('',(#4943),#4947);
#4943 = LINE('',#4944,#4945);
#4944 = CARTESIAN_POINT('',(0.,0.));
#4945 = VECTOR('',#4946,1.);
#4946 = DIRECTION('',(0.,-1.));
#4947 = ( GEOMETRIC_REPRESENTATION_CONTEXT(2) 
PARAMETRIC_REPRESENTATION_CONTEXT() REPRESENTATION_CONTEXT('2D SPACE',''
  ) );
#4948 = ORIENTED_EDGE('',*,*,#4949,.F.);
#4949 = EDGE_CURVE('',#4875,#4922,#4950,.T.);
#4950 = SURFACE_CURVE('',#4951,(#4955,#4962),.PCURVE_S1.);
#4951 = LINE('',#4952,#4953);
#4952 = CARTESIAN_POINT('',(47.,34.6,1.E-01));
#4953 = VECTOR('',#4954,1.);
#4954 = DIRECTION('',(0.,0.,-1.));
#4955 = PCURVE('',#2433,#4956);
#4956 = DEFINITIONAL_REPRESENTATION('',(#4957),#4961);
#4957 = LINE('',#4958,#4959);
#4958 = CARTESIAN_POINT('',(0.,-0.));
#4959 = VECTOR('',#4960,1.);
#4960 = DIRECTION('',(1.,0.));
#4961 = ( GEOMETRIC_REPRESENTATION_CONTEXT(2) 
PARAMETRIC_REPRESENTATION_CONTEXT() REPRESENTATION_CONTEXT('2D SPACE',''
  ) );
#4962 = PCURVE('',#4963,#4968);
#4963 = PLANE('',#4964);
#4964 = AXIS2_PLACEMENT_3D('',#4965,#4966,#4967);
#4965 = CARTESIAN_POINT('',(44.33195519411,34.6,-1.736671772855));
#4966 = DIRECTION('',(0.,1.,0.));
#4967 = DIRECTION('',(0.,-0.,1.));
#4968 = DEFINITIONAL_REPRESENTATION('',(#4969),#4973);
#4969 = LINE('',#4970,#4971);
#4970 = CARTESIAN_POINT('',(1.836671772855,2.66804480589));
#4971 = VECTOR('',#4972,1.);
#4972 = DIRECTION('',(-1.,0.));
#4973 = ( GEOMETRIC_REPRESENTATION_CONTEXT(2) 
PARAMETRIC_REPRESENTATION_CONTEXT() REPRESENTATION_CONTEXT('2D SPACE',''
  ) );
#4974 = ADVANCED_FACE('',(#4975),#2405,.T.);
#4975 = FACE_BOUND('',#4976,.T.);
#4976 = EDGE_LOOP('',(#4977,#5007,#5033,#5034,#5035,#5058,#5086));
#4977 = ORIENTED_EDGE('',*,*,#4978,.T.);
#4978 = EDGE_CURVE('',#4979,#4981,#4983,.T.);
#4979 = VERTEX_POINT('',#4980);
#4980 = CARTESIAN_POINT('',(42.7,59.3,-0.6));
#4981 = VERTEX_POINT('',#4982);
#4982 = CARTESIAN_POINT('',(42.7,59.3,1.E-01));
#4983 = SURFACE_CURVE('',#4984,(#4988,#4995),.PCURVE_S1.);
#4984 = LINE('',#4985,#4986);
#4985 = CARTESIAN_POINT('',(42.7,59.3,-0.6));
#4986 = VECTOR('',#4987,1.);
#4987 = DIRECTION('',(0.,0.,1.));
#4988 = PCURVE('',#2405,#4989);
#4989 = DEFINITIONAL_REPRESENTATION('',(#4990),#4994);
#4990 = LINE('',#4991,#4992);
#4991 = CARTESIAN_POINT('',(1.136671772855,-1.63195519411));
#4992 = VECTOR('',#4993,1.);
#4993 = DIRECTION('',(1.,0.));
#4994 = ( GEOMETRIC_REPRESENTATION_CONTEXT(2) 
PARAMETRIC_REPRESENTATION_CONTEXT() REPRESENTATION_CONTEXT('2D SPACE',''
  ) );
#4995 = PCURVE('',#4996,#5001);
#4996 = PLANE('',#4997);
#4997 = AXIS2_PLACEMENT_3D('',#4998,#4999,#5000);
#4998 = CARTESIAN_POINT('',(42.7,34.6,-0.6));
#4999 = DIRECTION('',(1.,0.,0.));
#5000 = DIRECTION('',(0.,0.,1.));
#5001 = DEFINITIONAL_REPRESENTATION('',(#5002),#5006);
#5002 = LINE('',#5003,#5004);
#5003 = CARTESIAN_POINT('',(0.,-24.7));
#5004 = VECTOR('',#5005,1.);
#5005 = DIRECTION('',(1.,0.));
#5006 = ( GEOMETRIC_REPRESENTATION_CONTEXT(2) 
PARAMETRIC_REPRESENTATION_CONTEXT() REPRESENTATION_CONTEXT('2D SPACE',''
  ) );
#5007 = ORIENTED_EDGE('',*,*,#5008,.T.);
#5008 = EDGE_CURVE('',#4981,#2364,#5009,.T.);
#5009 = SURFACE_CURVE('',#5010,(#5014,#5021),.PCURVE_S1.);
#5010 = LINE('',#5011,#5012);
#5011 = CARTESIAN_POINT('',(42.7,59.3,1.E-01));
#5012 = VECTOR('',#5013,1.);
#5013 = DIRECTION('',(1.,0.,0.));
#5014 = PCURVE('',#2405,#5015);
#5015 = DEFINITIONAL_REPRESENTATION('',(#5016),#5020);
#5016 = LINE('',#5017,#5018);
#5017 = CARTESIAN_POINT('',(1.836671772855,-1.63195519411));
#5018 = VECTOR('',#5019,1.);
#5019 = DIRECTION('',(0.,1.));
#5020 = ( GEOMETRIC_REPRESENTATION_CONTEXT(2) 
PARAMETRIC_REPRESENTATION_CONTEXT() REPRESENTATION_CONTEXT('2D SPACE',''
  ) );
#5021 = PCURVE('',#5022,#5027);
#5022 = PLANE('',#5023);
#5023 = AXIS2_PLACEMENT_3D('',#5024,#5025,#5026);
#5024 = CARTESIAN_POINT('',(42.7,34.6,1.E-01));
#5025 = DIRECTION('',(0.,0.,-1.));
#5026 = DIRECTION('',(1.,0.,0.));
#5027 = DEFINITIONAL_REPRESENTATION('',(#5028),#5032);
#5028 = LINE('',#5029,#5030);
#5029 = CARTESIAN_POINT('',(0.,-24.7));
#5030 = VECTOR('',#5031,1.);
#5031 = DIRECTION('',(1.,0.));
#5032 = ( GEOMETRIC_REPRESENTATION_CONTEXT(2) 
PARAMETRIC_REPRESENTATION_CONTEXT() REPRESENTATION_CONTEXT('2D SPACE',''
  ) );
#5033 = ORIENTED_EDGE('',*,*,#2389,.T.);
#5034 = ORIENTED_EDGE('',*,*,#4898,.T.);
#5035 = ORIENTED_EDGE('',*,*,#5036,.T.);
#5036 = EDGE_CURVE('',#4899,#5037,#5039,.T.);
#5037 = VERTEX_POINT('',#5038);
#5038 = CARTESIAN_POINT('',(41.2,59.3,-3.3));
#5039 = SURFACE_CURVE('',#5040,(#5044,#5051),.PCURVE_S1.);
#5040 = LINE('',#5041,#5042);
#5041 = CARTESIAN_POINT('',(47.,59.3,-3.3));
#5042 = VECTOR('',#5043,1.);
#5043 = DIRECTION('',(-1.,0.,0.));
#5044 = PCURVE('',#2405,#5045);
#5045 = DEFINITIONAL_REPRESENTATION('',(#5046),#5050);
#5046 = LINE('',#5047,#5048);
#5047 = CARTESIAN_POINT('',(-1.563328227145,2.66804480589));
#5048 = VECTOR('',#5049,1.);
#5049 = DIRECTION('',(0.,-1.));
#5050 = ( GEOMETRIC_REPRESENTATION_CONTEXT(2) 
PARAMETRIC_REPRESENTATION_CONTEXT() REPRESENTATION_CONTEXT('2D SPACE',''
  ) );
#5051 = PCURVE('',#4937,#5052);
#5052 = DEFINITIONAL_REPRESENTATION('',(#5053),#5057);
#5053 = LINE('',#5054,#5055);
#5054 = CARTESIAN_POINT('',(0.,-24.7));
#5055 = VECTOR('',#5056,1.);
#5056 = DIRECTION('',(1.,0.));
#5057 = ( GEOMETRIC_REPRESENTATION_CONTEXT(2) 
PARAMETRIC_REPRESENTATION_CONTEXT() REPRESENTATION_CONTEXT('2D SPACE',''
  ) );
#5058 = ORIENTED_EDGE('',*,*,#5059,.T.);
#5059 = EDGE_CURVE('',#5037,#5060,#5062,.T.);
#5060 = VERTEX_POINT('',#5061);
#5061 = CARTESIAN_POINT('',(41.2,59.3,-2.1));
#5062 = SURFACE_CURVE('',#5063,(#5067,#5074),.PCURVE_S1.);
#5063 = LINE('',#5064,#5065);
#5064 = CARTESIAN_POINT('',(41.2,59.3,-3.3));
#5065 = VECTOR('',#5066,1.);
#5066 = DIRECTION('',(0.,0.,1.));
#5067 = PCURVE('',#2405,#5068);
#5068 = DEFINITIONAL_REPRESENTATION('',(#5069),#5073);
#5069 = LINE('',#5070,#5071);
#5070 = CARTESIAN_POINT('',(-1.563328227145,-3.13195519411));
#5071 = VECTOR('',#5072,1.);
#5072 = DIRECTION('',(1.,0.));
#5073 = ( GEOMETRIC_REPRESENTATION_CONTEXT(2) 
PARAMETRIC_REPRESENTATION_CONTEXT() REPRESENTATION_CONTEXT('2D SPACE',''
  ) );
#5074 = PCURVE('',#5075,#5080);
#5075 = PLANE('',#5076);
#5076 = AXIS2_PLACEMENT_3D('',#5077,#5078,#5079);
#5077 = CARTESIAN_POINT('',(41.2,34.6,-3.3));
#5078 = DIRECTION('',(1.,0.,0.));
#5079 = DIRECTION('',(0.,0.,1.));
#5080 = DEFINITIONAL_REPRESENTATION('',(#5081),#5085);
#5081 = LINE('',#5082,#5083);
#5082 = CARTESIAN_POINT('',(0.,-24.7));
#5083 = VECTOR('',#5084,1.);
#5084 = DIRECTION('',(1.,0.));
#5085 = ( GEOMETRIC_REPRESENTATION_CONTEXT(2) 
PARAMETRIC_REPRESENTATION_CONTEXT() REPRESENTATION_CONTEXT('2D SPACE',''
  ) );
#5086 = ORIENTED_EDGE('',*,*,#5087,.T.);
#5087 = EDGE_CURVE('',#5060,#4979,#5088,.T.);
#5088 = SURFACE_CURVE('',#5089,(#5093,#5100),.PCURVE_S1.);
#5089 = LINE('',#5090,#5091);
#5090 = CARTESIAN_POINT('',(41.2,59.3,-2.1));
#5091 = VECTOR('',#5092,1.);
#5092 = DIRECTION('',(0.707106781187,0.,0.707106781187));
#5093 = PCURVE('',#2405,#5094);
#5094 = DEFINITIONAL_REPRESENTATION('',(#5095),#5099);
#5095 = LINE('',#5096,#5097);
#5096 = CARTESIAN_POINT('',(-0.363328227145,-3.13195519411));
#5097 = VECTOR('',#5098,1.);
#5098 = DIRECTION('',(0.707106781187,0.707106781187));
#5099 = ( GEOMETRIC_REPRESENTATION_CONTEXT(2) 
PARAMETRIC_REPRESENTATION_CONTEXT() REPRESENTATION_CONTEXT('2D SPACE',''
  ) );
#5100 = PCURVE('',#5101,#5106);
#5101 = PLANE('',#5102);
#5102 = AXIS2_PLACEMENT_3D('',#5103,#5104,#5105);
#5103 = CARTESIAN_POINT('',(41.2,34.6,-2.1));
#5104 = DIRECTION('',(0.707106781187,0.,-0.707106781187));
#5105 = DIRECTION('',(0.707106781187,0.,0.707106781187));
#5106 = DEFINITIONAL_REPRESENTATION('',(#5107),#5111);
#5107 = LINE('',#5108,#5109);
#5108 = CARTESIAN_POINT('',(0.,-24.7));
#5109 = VECTOR('',#5110,1.);
#5110 = DIRECTION('',(1.,0.));
#5111 = ( GEOMETRIC_REPRESENTATION_CONTEXT(2) 
PARAMETRIC_REPRESENTATION_CONTEXT() REPRESENTATION_CONTEXT('2D SPACE',''
  ) );
#5112 = ADVANCED_FACE('',(#5113),#2378,.F.);
#5113 = FACE_BOUND('',#5114,.F.);
#5114 = EDGE_LOOP('',(#5115,#5145,#5165,#5166,#5189));
#5115 = ORIENTED_EDGE('',*,*,#5116,.F.);
#5116 = EDGE_CURVE('',#5117,#5119,#5121,.T.);
#5117 = VERTEX_POINT('',#5118);
#5118 = CARTESIAN_POINT('',(44.,51.,1.E-01));
#5119 = VERTEX_POINT('',#5120);
#5120 = CARTESIAN_POINT('',(44.,51.,2.3));
#5121 = SURFACE_CURVE('',#5122,(#5126,#5133),.PCURVE_S1.);
#5122 = LINE('',#5123,#5124);
#5123 = CARTESIAN_POINT('',(44.,51.,-0.9));
#5124 = VECTOR('',#5125,1.);
#5125 = DIRECTION('',(0.,0.,1.));
#5126 = PCURVE('',#2378,#5127);
#5127 = DEFINITIONAL_REPRESENTATION('',(#5128),#5132);
#5128 = LINE('',#5129,#5130);
#5129 = CARTESIAN_POINT('',(0.,0.));
#5130 = VECTOR('',#5131,1.);
#5131 = DIRECTION('',(1.,0.));
#5132 = ( GEOMETRIC_REPRESENTATION_CONTEXT(2) 
PARAMETRIC_REPRESENTATION_CONTEXT() REPRESENTATION_CONTEXT('2D SPACE',''
  ) );
#5133 = PCURVE('',#5134,#5139);
#5134 = PLANE('',#5135);
#5135 = AXIS2_PLACEMENT_3D('',#5136,#5137,#5138);
#5136 = CARTESIAN_POINT('',(-44.,51.,-0.9));
#5137 = DIRECTION('',(-0.,1.,0.));
#5138 = DIRECTION('',(0.,0.,1.));
#5139 = DEFINITIONAL_REPRESENTATION('',(#5140),#5144);
#5140 = LINE('',#5141,#5142);
#5141 = CARTESIAN_POINT('',(0.,88.));
#5142 = VECTOR('',#5143,1.);
#5143 = DIRECTION('',(1.,0.));
#5144 = ( GEOMETRIC_REPRESENTATION_CONTEXT(2) 
PARAMETRIC_REPRESENTATION_CONTEXT() REPRESENTATION_CONTEXT('2D SPACE',''
  ) );
#5145 = ORIENTED_EDGE('',*,*,#5146,.T.);
#5146 = EDGE_CURVE('',#5117,#2364,#5147,.T.);
#5147 = SURFACE_CURVE('',#5148,(#5152,#5158),.PCURVE_S1.);
#5148 = LINE('',#5149,#5150);
#5149 = CARTESIAN_POINT('',(44.,25.5,1.E-01));
#5150 = VECTOR('',#5151,1.);
#5151 = DIRECTION('',(-0.,1.,0.));
#5152 = PCURVE('',#2378,#5153);
#5153 = DEFINITIONAL_REPRESENTATION('',(#5154),#5157);
#5154 = B_SPLINE_CURVE_WITH_KNOTS('',1,(#5155,#5156),.UNSPECIFIED.,.F.,
  .F.,(2,2),(25.5,38.5),.PIECEWISE_BEZIER_KNOTS.);
#5155 = CARTESIAN_POINT('',(1.,0.));
#5156 = CARTESIAN_POINT('',(1.,-13.));
#5157 = ( GEOMETRIC_REPRESENTATION_CONTEXT(2) 
PARAMETRIC_REPRESENTATION_CONTEXT() REPRESENTATION_CONTEXT('2D SPACE',''
  ) );
#5158 = PCURVE('',#5022,#5159);
#5159 = DEFINITIONAL_REPRESENTATION('',(#5160),#5164);
#5160 = LINE('',#5161,#5162);
#5161 = CARTESIAN_POINT('',(1.3,9.1));
#5162 = VECTOR('',#5163,1.);
#5163 = DIRECTION('',(0.,-1.));
#5164 = ( GEOMETRIC_REPRESENTATION_CONTEXT(2) 
PARAMETRIC_REPRESENTATION_CONTEXT() REPRESENTATION_CONTEXT('2D SPACE',''
  ) );
#5165 = ORIENTED_EDGE('',*,*,#2363,.T.);
#5166 = ORIENTED_EDGE('',*,*,#5167,.T.);
#5167 = EDGE_CURVE('',#2338,#5168,#5170,.T.);
#5168 = VERTEX_POINT('',#5169);
#5169 = CARTESIAN_POINT('',(44.,64.,2.3));
#5170 = SURFACE_CURVE('',#5171,(#5175,#5182),.PCURVE_S1.);
#5171 = LINE('',#5172,#5173);
#5172 = CARTESIAN_POINT('',(44.,64.,-0.9));
#5173 = VECTOR('',#5174,1.);
#5174 = DIRECTION('',(0.,0.,1.));
#5175 = PCURVE('',#2378,#5176);
#5176 = DEFINITIONAL_REPRESENTATION('',(#5177),#5181);
#5177 = LINE('',#5178,#5179);
#5178 = CARTESIAN_POINT('',(0.,-13.));
#5179 = VECTOR('',#5180,1.);
#5180 = DIRECTION('',(1.,0.));
#5181 = ( GEOMETRIC_REPRESENTATION_CONTEXT(2) 
PARAMETRIC_REPRESENTATION_CONTEXT() REPRESENTATION_CONTEXT('2D SPACE',''
  ) );
#5182 = PCURVE('',#2352,#5183);
#5183 = DEFINITIONAL_REPRESENTATION('',(#5184),#5188);
#5184 = LINE('',#5185,#5186);
#5185 = CARTESIAN_POINT('',(0.,88.));
#5186 = VECTOR('',#5187,1.);
#5187 = DIRECTION('',(1.,0.));
#5188 = ( GEOMETRIC_REPRESENTATION_CONTEXT(2) 
PARAMETRIC_REPRESENTATION_CONTEXT() REPRESENTATION_CONTEXT('2D SPACE',''
  ) );
#5189 = ORIENTED_EDGE('',*,*,#5190,.F.);
#5190 = EDGE_CURVE('',#5119,#5168,#5191,.T.);
#5191 = SURFACE_CURVE('',#5192,(#5196,#5203),.PCURVE_S1.);
#5192 = LINE('',#5193,#5194);
#5193 = CARTESIAN_POINT('',(44.,51.,2.3));
#5194 = VECTOR('',#5195,1.);
#5195 = DIRECTION('',(-0.,1.,0.));
#5196 = PCURVE('',#2378,#5197);
#5197 = DEFINITIONAL_REPRESENTATION('',(#5198),#5202);
#5198 = LINE('',#5199,#5200);
#5199 = CARTESIAN_POINT('',(3.2,0.));
#5200 = VECTOR('',#5201,1.);
#5201 = DIRECTION('',(0.,-1.));
#5202 = ( GEOMETRIC_REPRESENTATION_CONTEXT(2) 
PARAMETRIC_REPRESENTATION_CONTEXT() REPRESENTATION_CONTEXT('2D SPACE',''
  ) );
#5203 = PCURVE('',#5204,#5209);
#5204 = PLANE('',#5205);
#5205 = AXIS2_PLACEMENT_3D('',#5206,#5207,#5208);
#5206 = CARTESIAN_POINT('',(-44.,51.,2.3));
#5207 = DIRECTION('',(0.,0.,1.));
#5208 = DIRECTION('',(1.,0.,-0.));
#5209 = DEFINITIONAL_REPRESENTATION('',(#5210),#5214);
#5210 = LINE('',#5211,#5212);
#5211 = CARTESIAN_POINT('',(88.,0.));
#5212 = VECTOR('',#5213,1.);
#5213 = DIRECTION('',(0.,1.));
#5214 = ( GEOMETRIC_REPRESENTATION_CONTEXT(2) 
PARAMETRIC_REPRESENTATION_CONTEXT() REPRESENTATION_CONTEXT('2D SPACE',''
  ) );
#5215 = ADVANCED_FACE('',(#5216),#2352,.F.);
#5216 = FACE_BOUND('',#5217,.F.);
#5217 = EDGE_LOOP('',(#5218,#5219,#5220,#5243));
#5218 = ORIENTED_EDGE('',*,*,#5167,.F.);
#5219 = ORIENTED_EDGE('',*,*,#2337,.T.);
#5220 = ORIENTED_EDGE('',*,*,#5221,.T.);
#5221 = EDGE_CURVE('',#2312,#5222,#5224,.T.);
#5222 = VERTEX_POINT('',#5223);
#5223 = CARTESIAN_POINT('',(-44.,64.,2.3));
#5224 = SURFACE_CURVE('',#5225,(#5229,#5236),.PCURVE_S1.);
#5225 = LINE('',#5226,#5227);
#5226 = CARTESIAN_POINT('',(-44.,64.,-0.9));
#5227 = VECTOR('',#5228,1.);
#5228 = DIRECTION('',(0.,0.,1.));
#5229 = PCURVE('',#2352,#5230);
#5230 = DEFINITIONAL_REPRESENTATION('',(#5231),#5235);
#5231 = LINE('',#5232,#5233);
#5232 = CARTESIAN_POINT('',(0.,0.));
#5233 = VECTOR('',#5234,1.);
#5234 = DIRECTION('',(1.,0.));
#5235 = ( GEOMETRIC_REPRESENTATION_CONTEXT(2) 
PARAMETRIC_REPRESENTATION_CONTEXT() REPRESENTATION_CONTEXT('2D SPACE',''
  ) );
#5236 = PCURVE('',#2326,#5237);
#5237 = DEFINITIONAL_REPRESENTATION('',(#5238),#5242);
#5238 = LINE('',#5239,#5240);
#5239 = CARTESIAN_POINT('',(0.,-13.));
#5240 = VECTOR('',#5241,1.);
#5241 = DIRECTION('',(1.,0.));
#5242 = ( GEOMETRIC_REPRESENTATION_CONTEXT(2) 
PARAMETRIC_REPRESENTATION_CONTEXT() REPRESENTATION_CONTEXT('2D SPACE',''
  ) );
#5243 = ORIENTED_EDGE('',*,*,#5244,.T.);
#5244 = EDGE_CURVE('',#5222,#5168,#5245,.T.);
#5245 = SURFACE_CURVE('',#5246,(#5250,#5257),.PCURVE_S1.);
#5246 = LINE('',#5247,#5248);
#5247 = CARTESIAN_POINT('',(-44.,64.,2.3));
#5248 = VECTOR('',#5249,1.);
#5249 = DIRECTION('',(1.,0.,-0.));
#5250 = PCURVE('',#2352,#5251);
#5251 = DEFINITIONAL_REPRESENTATION('',(#5252),#5256);
#5252 = LINE('',#5253,#5254);
#5253 = CARTESIAN_POINT('',(3.2,0.));
#5254 = VECTOR('',#5255,1.);
#5255 = DIRECTION('',(0.,1.));
#5256 = ( GEOMETRIC_REPRESENTATION_CONTEXT(2) 
PARAMETRIC_REPRESENTATION_CONTEXT() REPRESENTATION_CONTEXT('2D SPACE',''
  ) );
#5257 = PCURVE('',#5204,#5258);
#5258 = DEFINITIONAL_REPRESENTATION('',(#5259),#5263);
#5259 = LINE('',#5260,#5261);
#5260 = CARTESIAN_POINT('',(0.,13.));
#5261 = VECTOR('',#5262,1.);
#5262 = DIRECTION('',(1.,0.));
#5263 = ( GEOMETRIC_REPRESENTATION_CONTEXT(2) 
PARAMETRIC_REPRESENTATION_CONTEXT() REPRESENTATION_CONTEXT('2D SPACE',''
  ) );
#5264 = ADVANCED_FACE('',(#5265),#2326,.T.);
#5265 = FACE_BOUND('',#5266,.T.);
#5266 = EDGE_LOOP('',(#5267,#5292,#5317,#5318,#5319));
#5267 = ORIENTED_EDGE('',*,*,#5268,.F.);
#5268 = EDGE_CURVE('',#5269,#5271,#5273,.T.);
#5269 = VERTEX_POINT('',#5270);
#5270 = CARTESIAN_POINT('',(-44.,51.,1.E-01));
#5271 = VERTEX_POINT('',#5272);
#5272 = CARTESIAN_POINT('',(-44.,51.,2.3));
#5273 = SURFACE_CURVE('',#5274,(#5278,#5285),.PCURVE_S1.);
#5274 = LINE('',#5275,#5276);
#5275 = CARTESIAN_POINT('',(-44.,51.,-0.9));
#5276 = VECTOR('',#5277,1.);
#5277 = DIRECTION('',(0.,0.,1.));
#5278 = PCURVE('',#2326,#5279);
#5279 = DEFINITIONAL_REPRESENTATION('',(#5280),#5284);
#5280 = LINE('',#5281,#5282);
#5281 = CARTESIAN_POINT('',(0.,0.));
#5282 = VECTOR('',#5283,1.);
#5283 = DIRECTION('',(1.,0.));
#5284 = ( GEOMETRIC_REPRESENTATION_CONTEXT(2) 
PARAMETRIC_REPRESENTATION_CONTEXT() REPRESENTATION_CONTEXT('2D SPACE',''
  ) );
#5285 = PCURVE('',#5134,#5286);
#5286 = DEFINITIONAL_REPRESENTATION('',(#5287),#5291);
#5287 = LINE('',#5288,#5289);
#5288 = CARTESIAN_POINT('',(0.,0.));
#5289 = VECTOR('',#5290,1.);
#5290 = DIRECTION('',(1.,0.));
#5291 = ( GEOMETRIC_REPRESENTATION_CONTEXT(2) 
PARAMETRIC_REPRESENTATION_CONTEXT() REPRESENTATION_CONTEXT('2D SPACE',''
  ) );
#5292 = ORIENTED_EDGE('',*,*,#5293,.T.);
#5293 = EDGE_CURVE('',#5269,#2284,#5294,.T.);
#5294 = SURFACE_CURVE('',#5295,(#5299,#5305),.PCURVE_S1.);
#5295 = LINE('',#5296,#5297);
#5296 = CARTESIAN_POINT('',(-44.,25.5,1.E-01));
#5297 = VECTOR('',#5298,1.);
#5298 = DIRECTION('',(-0.,1.,0.));
#5299 = PCURVE('',#2326,#5300);
#5300 = DEFINITIONAL_REPRESENTATION('',(#5301),#5304);
#5301 = B_SPLINE_CURVE_WITH_KNOTS('',1,(#5302,#5303),.UNSPECIFIED.,.F.,
  .F.,(2,2),(25.5,38.5),.PIECEWISE_BEZIER_KNOTS.);
#5302 = CARTESIAN_POINT('',(1.,0.));
#5303 = CARTESIAN_POINT('',(1.,-13.));
#5304 = ( GEOMETRIC_REPRESENTATION_CONTEXT(2) 
PARAMETRIC_REPRESENTATION_CONTEXT() REPRESENTATION_CONTEXT('2D SPACE',''
  ) );
#5305 = PCURVE('',#5306,#5311);
#5306 = PLANE('',#5307);
#5307 = AXIS2_PLACEMENT_3D('',#5308,#5309,#5310);
#5308 = CARTESIAN_POINT('',(-42.7,34.6,1.E-01));
#5309 = DIRECTION('',(0.,-0.,1.));
#5310 = DIRECTION('',(-1.,0.,0.));
#5311 = DEFINITIONAL_REPRESENTATION('',(#5312),#5316);
#5312 = LINE('',#5313,#5314);
#5313 = CARTESIAN_POINT('',(1.3,9.1));
#5314 = VECTOR('',#5315,1.);
#5315 = DIRECTION('',(0.,-1.));
#5316 = ( GEOMETRIC_REPRESENTATION_CONTEXT(2) 
PARAMETRIC_REPRESENTATION_CONTEXT() REPRESENTATION_CONTEXT('2D SPACE',''
  ) );
#5317 = ORIENTED_EDGE('',*,*,#2311,.T.);
#5318 = ORIENTED_EDGE('',*,*,#5221,.T.);
#5319 = ORIENTED_EDGE('',*,*,#5320,.F.);
#5320 = EDGE_CURVE('',#5271,#5222,#5321,.T.);
#5321 = SURFACE_CURVE('',#5322,(#5326,#5333),.PCURVE_S1.);
#5322 = LINE('',#5323,#5324);
#5323 = CARTESIAN_POINT('',(-44.,51.,2.3));
#5324 = VECTOR('',#5325,1.);
#5325 = DIRECTION('',(-0.,1.,0.));
#5326 = PCURVE('',#2326,#5327);
#5327 = DEFINITIONAL_REPRESENTATION('',(#5328),#5332);
#5328 = LINE('',#5329,#5330);
#5329 = CARTESIAN_POINT('',(3.2,0.));
#5330 = VECTOR('',#5331,1.);
#5331 = DIRECTION('',(0.,-1.));
#5332 = ( GEOMETRIC_REPRESENTATION_CONTEXT(2) 
PARAMETRIC_REPRESENTATION_CONTEXT() REPRESENTATION_CONTEXT('2D SPACE',''
  ) );
#5333 = PCURVE('',#5204,#5334);
#5334 = DEFINITIONAL_REPRESENTATION('',(#5335),#5339);
#5335 = LINE('',#5336,#5337);
#5336 = CARTESIAN_POINT('',(0.,0.));
#5337 = VECTOR('',#5338,1.);
#5338 = DIRECTION('',(0.,1.));
#5339 = ( GEOMETRIC_REPRESENTATION_CONTEXT(2) 
PARAMETRIC_REPRESENTATION_CONTEXT() REPRESENTATION_CONTEXT('2D SPACE',''
  ) );
#5340 = ADVANCED_FACE('',(#5341),#2299,.F.);
#5341 = FACE_BOUND('',#5342,.F.);
#5342 = EDGE_LOOP('',(#5343,#5373,#5394,#5395,#5418,#5446,#5474));
#5343 = ORIENTED_EDGE('',*,*,#5344,.T.);
#5344 = EDGE_CURVE('',#5345,#5347,#5349,.T.);
#5345 = VERTEX_POINT('',#5346);
#5346 = CARTESIAN_POINT('',(-42.7,59.3,-0.6));
#5347 = VERTEX_POINT('',#5348);
#5348 = CARTESIAN_POINT('',(-42.7,59.3,1.E-01));
#5349 = SURFACE_CURVE('',#5350,(#5354,#5361),.PCURVE_S1.);
#5350 = LINE('',#5351,#5352);
#5351 = CARTESIAN_POINT('',(-42.7,59.3,-0.6));
#5352 = VECTOR('',#5353,1.);
#5353 = DIRECTION('',(0.,0.,1.));
#5354 = PCURVE('',#2299,#5355);
#5355 = DEFINITIONAL_REPRESENTATION('',(#5356),#5360);
#5356 = LINE('',#5357,#5358);
#5357 = CARTESIAN_POINT('',(-1.136671772855,1.63195519411));
#5358 = VECTOR('',#5359,1.);
#5359 = DIRECTION('',(-1.,0.));
#5360 = ( GEOMETRIC_REPRESENTATION_CONTEXT(2) 
PARAMETRIC_REPRESENTATION_CONTEXT() REPRESENTATION_CONTEXT('2D SPACE',''
  ) );
#5361 = PCURVE('',#5362,#5367);
#5362 = PLANE('',#5363);
#5363 = AXIS2_PLACEMENT_3D('',#5364,#5365,#5366);
#5364 = CARTESIAN_POINT('',(-42.7,34.6,-0.6));
#5365 = DIRECTION('',(1.,0.,0.));
#5366 = DIRECTION('',(0.,0.,1.));
#5367 = DEFINITIONAL_REPRESENTATION('',(#5368),#5372);
#5368 = LINE('',#5369,#5370);
#5369 = CARTESIAN_POINT('',(0.,-24.7));
#5370 = VECTOR('',#5371,1.);
#5371 = DIRECTION('',(1.,0.));
#5372 = ( GEOMETRIC_REPRESENTATION_CONTEXT(2) 
PARAMETRIC_REPRESENTATION_CONTEXT() REPRESENTATION_CONTEXT('2D SPACE',''
  ) );
#5373 = ORIENTED_EDGE('',*,*,#5374,.T.);
#5374 = EDGE_CURVE('',#5347,#2284,#5375,.T.);
#5375 = SURFACE_CURVE('',#5376,(#5380,#5387),.PCURVE_S1.);
#5376 = LINE('',#5377,#5378);
#5377 = CARTESIAN_POINT('',(-42.7,59.3,1.E-01));
#5378 = VECTOR('',#5379,1.);
#5379 = DIRECTION('',(-1.,0.,0.));
#5380 = PCURVE('',#2299,#5381);
#5381 = DEFINITIONAL_REPRESENTATION('',(#5382),#5386);
#5382 = LINE('',#5383,#5384);
#5383 = CARTESIAN_POINT('',(-1.836671772855,1.63195519411));
#5384 = VECTOR('',#5385,1.);
#5385 = DIRECTION('',(0.,-1.));
#5386 = ( GEOMETRIC_REPRESENTATION_CONTEXT(2) 
PARAMETRIC_REPRESENTATION_CONTEXT() REPRESENTATION_CONTEXT('2D SPACE',''
  ) );
#5387 = PCURVE('',#5306,#5388);
#5388 = DEFINITIONAL_REPRESENTATION('',(#5389),#5393);
#5389 = LINE('',#5390,#5391);
#5390 = CARTESIAN_POINT('',(0.,-24.7));
#5391 = VECTOR('',#5392,1.);
#5392 = DIRECTION('',(1.,0.));
#5393 = ( GEOMETRIC_REPRESENTATION_CONTEXT(2) 
PARAMETRIC_REPRESENTATION_CONTEXT() REPRESENTATION_CONTEXT('2D SPACE',''
  ) );
#5394 = ORIENTED_EDGE('',*,*,#2283,.T.);
#5395 = ORIENTED_EDGE('',*,*,#5396,.T.);
#5396 = EDGE_CURVE('',#2256,#5397,#5399,.T.);
#5397 = VERTEX_POINT('',#5398);
#5398 = CARTESIAN_POINT('',(-47.,59.3,-3.3));
#5399 = SURFACE_CURVE('',#5400,(#5404,#5411),.PCURVE_S1.);
#5400 = LINE('',#5401,#5402);
#5401 = CARTESIAN_POINT('',(-47.,59.3,1.E-01));
#5402 = VECTOR('',#5403,1.);
#5403 = DIRECTION('',(0.,0.,-1.));
#5404 = PCURVE('',#2299,#5405);
#5405 = DEFINITIONAL_REPRESENTATION('',(#5406),#5410);
#5406 = LINE('',#5407,#5408);
#5407 = CARTESIAN_POINT('',(-1.836671772855,-2.66804480589));
#5408 = VECTOR('',#5409,1.);
#5409 = DIRECTION('',(1.,0.));
#5410 = ( GEOMETRIC_REPRESENTATION_CONTEXT(2) 
PARAMETRIC_REPRESENTATION_CONTEXT() REPRESENTATION_CONTEXT('2D SPACE',''
  ) );
#5411 = PCURVE('',#2271,#5412);
#5412 = DEFINITIONAL_REPRESENTATION('',(#5413),#5417);
#5413 = LINE('',#5414,#5415);
#5414 = CARTESIAN_POINT('',(0.,-24.7));
#5415 = VECTOR('',#5416,1.);
#5416 = DIRECTION('',(1.,0.));
#5417 = ( GEOMETRIC_REPRESENTATION_CONTEXT(2) 
PARAMETRIC_REPRESENTATION_CONTEXT() REPRESENTATION_CONTEXT('2D SPACE',''
  ) );
#5418 = ORIENTED_EDGE('',*,*,#5419,.T.);
#5419 = EDGE_CURVE('',#5397,#5420,#5422,.T.);
#5420 = VERTEX_POINT('',#5421);
#5421 = CARTESIAN_POINT('',(-41.2,59.3,-3.3));
#5422 = SURFACE_CURVE('',#5423,(#5427,#5434),.PCURVE_S1.);
#5423 = LINE('',#5424,#5425);
#5424 = CARTESIAN_POINT('',(-47.,59.3,-3.3));
#5425 = VECTOR('',#5426,1.);
#5426 = DIRECTION('',(1.,0.,0.));
#5427 = PCURVE('',#2299,#5428);
#5428 = DEFINITIONAL_REPRESENTATION('',(#5429),#5433);
#5429 = LINE('',#5430,#5431);
#5430 = CARTESIAN_POINT('',(1.563328227145,-2.66804480589));
#5431 = VECTOR('',#5432,1.);
#5432 = DIRECTION('',(0.,1.));
#5433 = ( GEOMETRIC_REPRESENTATION_CONTEXT(2) 
PARAMETRIC_REPRESENTATION_CONTEXT() REPRESENTATION_CONTEXT('2D SPACE',''
  ) );
#5434 = PCURVE('',#5435,#5440);
#5435 = PLANE('',#5436);
#5436 = AXIS2_PLACEMENT_3D('',#5437,#5438,#5439);
#5437 = CARTESIAN_POINT('',(-47.,34.6,-3.3));
#5438 = DIRECTION('',(0.,0.,-1.));
#5439 = DIRECTION('',(1.,0.,0.));
#5440 = DEFINITIONAL_REPRESENTATION('',(#5441),#5445);
#5441 = LINE('',#5442,#5443);
#5442 = CARTESIAN_POINT('',(0.,-24.7));
#5443 = VECTOR('',#5444,1.);
#5444 = DIRECTION('',(1.,0.));
#5445 = ( GEOMETRIC_REPRESENTATION_CONTEXT(2) 
PARAMETRIC_REPRESENTATION_CONTEXT() REPRESENTATION_CONTEXT('2D SPACE',''
  ) );
#5446 = ORIENTED_EDGE('',*,*,#5447,.T.);
#5447 = EDGE_CURVE('',#5420,#5448,#5450,.T.);
#5448 = VERTEX_POINT('',#5449);
#5449 = CARTESIAN_POINT('',(-41.2,59.3,-2.1));
#5450 = SURFACE_CURVE('',#5451,(#5455,#5462),.PCURVE_S1.);
#5451 = LINE('',#5452,#5453);
#5452 = CARTESIAN_POINT('',(-41.2,59.3,-3.3));
#5453 = VECTOR('',#5454,1.);
#5454 = DIRECTION('',(0.,0.,1.));
#5455 = PCURVE('',#2299,#5456);
#5456 = DEFINITIONAL_REPRESENTATION('',(#5457),#5461);
#5457 = LINE('',#5458,#5459);
#5458 = CARTESIAN_POINT('',(1.563328227145,3.13195519411));
#5459 = VECTOR('',#5460,1.);
#5460 = DIRECTION('',(-1.,0.));
#5461 = ( GEOMETRIC_REPRESENTATION_CONTEXT(2) 
PARAMETRIC_REPRESENTATION_CONTEXT() REPRESENTATION_CONTEXT('2D SPACE',''
  ) );
#5462 = PCURVE('',#5463,#5468);
#5463 = PLANE('',#5464);
#5464 = AXIS2_PLACEMENT_3D('',#5465,#5466,#5467);
#5465 = CARTESIAN_POINT('',(-41.2,34.6,-3.3));
#5466 = DIRECTION('',(1.,0.,0.));
#5467 = DIRECTION('',(0.,0.,1.));
#5468 = DEFINITIONAL_REPRESENTATION('',(#5469),#5473);
#5469 = LINE('',#5470,#5471);
#5470 = CARTESIAN_POINT('',(0.,-24.7));
#5471 = VECTOR('',#5472,1.);
#5472 = DIRECTION('',(1.,0.));
#5473 = ( GEOMETRIC_REPRESENTATION_CONTEXT(2) 
PARAMETRIC_REPRESENTATION_CONTEXT() REPRESENTATION_CONTEXT('2D SPACE',''
  ) );
#5474 = ORIENTED_EDGE('',*,*,#5475,.T.);
#5475 = EDGE_CURVE('',#5448,#5345,#5476,.T.);
#5476 = SURFACE_CURVE('',#5477,(#5481,#5488),.PCURVE_S1.);
#5477 = LINE('',#5478,#5479);
#5478 = CARTESIAN_POINT('',(-41.2,59.3,-2.1));
#5479 = VECTOR('',#5480,1.);
#5480 = DIRECTION('',(-0.707106781187,0.,0.707106781187));
#5481 = PCURVE('',#2299,#5482);
#5482 = DEFINITIONAL_REPRESENTATION('',(#5483),#5487);
#5483 = LINE('',#5484,#5485);
#5484 = CARTESIAN_POINT('',(0.363328227145,3.13195519411));
#5485 = VECTOR('',#5486,1.);
#5486 = DIRECTION('',(-0.707106781187,-0.707106781187));
#5487 = ( GEOMETRIC_REPRESENTATION_CONTEXT(2) 
PARAMETRIC_REPRESENTATION_CONTEXT() REPRESENTATION_CONTEXT('2D SPACE',''
  ) );
#5488 = PCURVE('',#5489,#5494);
#5489 = PLANE('',#5490);
#5490 = AXIS2_PLACEMENT_3D('',#5491,#5492,#5493);
#5491 = CARTESIAN_POINT('',(-41.2,34.6,-2.1));
#5492 = DIRECTION('',(0.707106781187,-0.,0.707106781187));
#5493 = DIRECTION('',(-0.707106781187,0.,0.707106781187));
#5494 = DEFINITIONAL_REPRESENTATION('',(#5495),#5499);
#5495 = LINE('',#5496,#5497);
#5496 = CARTESIAN_POINT('',(0.,-24.7));
#5497 = VECTOR('',#5498,1.);
#5498 = DIRECTION('',(1.,0.));
#5499 = ( GEOMETRIC_REPRESENTATION_CONTEXT(2) 
PARAMETRIC_REPRESENTATION_CONTEXT() REPRESENTATION_CONTEXT('2D SPACE',''
  ) );
#5500 = ADVANCED_FACE('',(#5501),#2271,.T.);
#5501 = FACE_BOUND('',#5502,.T.);
#5502 = EDGE_LOOP('',(#5503,#5526,#5527,#5528,#5551));
#5503 = ORIENTED_EDGE('',*,*,#5504,.T.);
#5504 = EDGE_CURVE('',#5505,#2228,#5507,.T.);
#5505 = VERTEX_POINT('',#5506);
#5506 = CARTESIAN_POINT('',(-47.,34.6,1.E-01));
#5507 = SURFACE_CURVE('',#5508,(#5512,#5519),.PCURVE_S1.);
#5508 = LINE('',#5509,#5510);
#5509 = CARTESIAN_POINT('',(-47.,34.6,1.E-01));
#5510 = VECTOR('',#5511,1.);
#5511 = DIRECTION('',(0.,1.,0.));
#5512 = PCURVE('',#2271,#5513);
#5513 = DEFINITIONAL_REPRESENTATION('',(#5514),#5518);
#5514 = LINE('',#5515,#5516);
#5515 = CARTESIAN_POINT('',(0.,-0.));
#5516 = VECTOR('',#5517,1.);
#5517 = DIRECTION('',(0.,-1.));
#5518 = ( GEOMETRIC_REPRESENTATION_CONTEXT(2) 
PARAMETRIC_REPRESENTATION_CONTEXT() REPRESENTATION_CONTEXT('2D SPACE',''
  ) );
#5519 = PCURVE('',#4813,#5520);
#5520 = DEFINITIONAL_REPRESENTATION('',(#5521),#5525);
#5521 = LINE('',#5522,#5523);
#5522 = CARTESIAN_POINT('',(4.3,0.));
#5523 = VECTOR('',#5524,1.);
#5524 = DIRECTION('',(0.,-1.));
#5525 = ( GEOMETRIC_REPRESENTATION_CONTEXT(2) 
PARAMETRIC_REPRESENTATION_CONTEXT() REPRESENTATION_CONTEXT('2D SPACE',''
  ) );
#5526 = ORIENTED_EDGE('',*,*,#2255,.T.);
#5527 = ORIENTED_EDGE('',*,*,#5396,.T.);
#5528 = ORIENTED_EDGE('',*,*,#5529,.F.);
#5529 = EDGE_CURVE('',#5530,#5397,#5532,.T.);
#5530 = VERTEX_POINT('',#5531);
#5531 = CARTESIAN_POINT('',(-47.,34.6,-3.3));
#5532 = SURFACE_CURVE('',#5533,(#5537,#5544),.PCURVE_S1.);
#5533 = LINE('',#5534,#5535);
#5534 = CARTESIAN_POINT('',(-47.,34.6,-3.3));
#5535 = VECTOR('',#5536,1.);
#5536 = DIRECTION('',(0.,1.,0.));
#5537 = PCURVE('',#2271,#5538);
#5538 = DEFINITIONAL_REPRESENTATION('',(#5539),#5543);
#5539 = LINE('',#5540,#5541);
#5540 = CARTESIAN_POINT('',(3.4,0.));
#5541 = VECTOR('',#5542,1.);
#5542 = DIRECTION('',(0.,-1.));
#5543 = ( GEOMETRIC_REPRESENTATION_CONTEXT(2) 
PARAMETRIC_REPRESENTATION_CONTEXT() REPRESENTATION_CONTEXT('2D SPACE',''
  ) );
#5544 = PCURVE('',#5435,#5545);
#5545 = DEFINITIONAL_REPRESENTATION('',(#5546),#5550);
#5546 = LINE('',#5547,#5548);
#5547 = CARTESIAN_POINT('',(0.,0.));
#5548 = VECTOR('',#5549,1.);
#5549 = DIRECTION('',(0.,-1.));
#5550 = ( GEOMETRIC_REPRESENTATION_CONTEXT(2) 
PARAMETRIC_REPRESENTATION_CONTEXT() REPRESENTATION_CONTEXT('2D SPACE',''
  ) );
#5551 = ORIENTED_EDGE('',*,*,#5552,.F.);
#5552 = EDGE_CURVE('',#5505,#5530,#5553,.T.);
#5553 = SURFACE_CURVE('',#5554,(#5558,#5565),.PCURVE_S1.);
#5554 = LINE('',#5555,#5556);
#5555 = CARTESIAN_POINT('',(-47.,34.6,1.E-01));
#5556 = VECTOR('',#5557,1.);
#5557 = DIRECTION('',(0.,0.,-1.));
#5558 = PCURVE('',#2271,#5559);
#5559 = DEFINITIONAL_REPRESENTATION('',(#5560),#5564);
#5560 = LINE('',#5561,#5562);
#5561 = CARTESIAN_POINT('',(0.,-0.));
#5562 = VECTOR('',#5563,1.);
#5563 = DIRECTION('',(1.,0.));
#5564 = ( GEOMETRIC_REPRESENTATION_CONTEXT(2) 
PARAMETRIC_REPRESENTATION_CONTEXT() REPRESENTATION_CONTEXT('2D SPACE',''
  ) );
#5565 = PCURVE('',#5566,#5571);
#5566 = PLANE('',#5567);
#5567 = AXIS2_PLACEMENT_3D('',#5568,#5569,#5570);
#5568 = CARTESIAN_POINT('',(-44.33195519411,34.6,-1.736671772855));
#5569 = DIRECTION('',(-0.,-1.,-0.));
#5570 = DIRECTION('',(0.,0.,-1.));
#5571 = DEFINITIONAL_REPRESENTATION('',(#5572),#5576);
#5572 = LINE('',#5573,#5574);
#5573 = CARTESIAN_POINT('',(-1.836671772855,-2.66804480589));
#5574 = VECTOR('',#5575,1.);
#5575 = DIRECTION('',(1.,0.));
#5576 = ( GEOMETRIC_REPRESENTATION_CONTEXT(2) 
PARAMETRIC_REPRESENTATION_CONTEXT() REPRESENTATION_CONTEXT('2D SPACE',''
  ) );
#5577 = ADVANCED_FACE('',(#5578),#2215,.T.);
#5578 = FACE_BOUND('',#5579,.F.);
#5579 = EDGE_LOOP('',(#5580,#5603,#5604,#5605));
#5580 = ORIENTED_EDGE('',*,*,#5581,.F.);
#5581 = EDGE_CURVE('',#4827,#5582,#5584,.T.);
#5582 = VERTEX_POINT('',#5583);
#5583 = CARTESIAN_POINT('',(-65.,59.,0.9));
#5584 = SURFACE_CURVE('',#5585,(#5589,#5596),.PCURVE_S1.);
#5585 = LINE('',#5586,#5587);
#5586 = CARTESIAN_POINT('',(-65.,-59.,0.9));
#5587 = VECTOR('',#5588,1.);
#5588 = DIRECTION('',(0.,1.,0.));
#5589 = PCURVE('',#2215,#5590);
#5590 = DEFINITIONAL_REPRESENTATION('',(#5591),#5595);
#5591 = LINE('',#5592,#5593);
#5592 = CARTESIAN_POINT('',(-0.,0.));
#5593 = VECTOR('',#5594,1.);
#5594 = DIRECTION('',(-0.,1.));
#5595 = ( GEOMETRIC_REPRESENTATION_CONTEXT(2) 
PARAMETRIC_REPRESENTATION_CONTEXT() REPRESENTATION_CONTEXT('2D SPACE',''
  ) );
#5596 = PCURVE('',#3607,#5597);
#5597 = DEFINITIONAL_REPRESENTATION('',(#5598),#5602);
#5598 = LINE('',#5599,#5600);
#5599 = CARTESIAN_POINT('',(0.,-0.8));
#5600 = VECTOR('',#5601,1.);
#5601 = DIRECTION('',(1.,0.));
#5602 = ( GEOMETRIC_REPRESENTATION_CONTEXT(2) 
PARAMETRIC_REPRESENTATION_CONTEXT() REPRESENTATION_CONTEXT('2D SPACE',''
  ) );
#5603 = ORIENTED_EDGE('',*,*,#4826,.F.);
#5604 = ORIENTED_EDGE('',*,*,#2199,.T.);
#5605 = ORIENTED_EDGE('',*,*,#5606,.F.);
#5606 = EDGE_CURVE('',#5582,#2167,#5607,.T.);
#5607 = SURFACE_CURVE('',#5608,(#5613,#5619),.PCURVE_S1.);
#5608 = CIRCLE('',#5609,0.8);
#5609 = AXIS2_PLACEMENT_3D('',#5610,#5611,#5612);
#5610 = CARTESIAN_POINT('',(-64.2,59.,0.9));
#5611 = DIRECTION('',(-0.,-1.,-0.));
#5612 = DIRECTION('',(-1.,0.,0.));
#5613 = PCURVE('',#2215,#5614);
#5614 = DEFINITIONAL_REPRESENTATION('',(#5615),#5618);
#5615 = B_SPLINE_CURVE_WITH_KNOTS('',1,(#5616,#5617),.UNSPECIFIED.,.F.,
  .F.,(2,2),(0.,1.570796326795),.PIECEWISE_BEZIER_KNOTS.);
#5616 = CARTESIAN_POINT('',(0.,118.));
#5617 = CARTESIAN_POINT('',(-1.570796326795,118.));
#5618 = ( GEOMETRIC_REPRESENTATION_CONTEXT(2) 
PARAMETRIC_REPRESENTATION_CONTEXT() REPRESENTATION_CONTEXT('2D SPACE',''
  ) );
#5619 = PCURVE('',#2187,#5620);
#5620 = DEFINITIONAL_REPRESENTATION('',(#5621),#5624);
#5621 = B_SPLINE_CURVE_WITH_KNOTS('',1,(#5622,#5623),.UNSPECIFIED.,.F.,
  .F.,(2,2),(0.,1.570796326795),.PIECEWISE_BEZIER_KNOTS.);
#5622 = CARTESIAN_POINT('',(0.,0.));
#5623 = CARTESIAN_POINT('',(0.,1.570796326795));
#5624 = ( GEOMETRIC_REPRESENTATION_CONTEXT(2) 
PARAMETRIC_REPRESENTATION_CONTEXT() REPRESENTATION_CONTEXT('2D SPACE',''
  ) );
#5625 = ADVANCED_FACE('',(#5626),#2187,.T.);
#5626 = FACE_BOUND('',#5627,.T.);
#5627 = EDGE_LOOP('',(#5628,#5629,#5653,#5731));
#5628 = ORIENTED_EDGE('',*,*,#5606,.F.);
#5629 = ORIENTED_EDGE('',*,*,#5630,.T.);
#5630 = EDGE_CURVE('',#5582,#5631,#5633,.T.);
#5631 = VERTEX_POINT('',#5632);
#5632 = CARTESIAN_POINT('',(-63.5,62.968626966597,0.9));
#5633 = SURFACE_CURVE('',#5634,(#5639,#5646),.PCURVE_S1.);
#5634 = CIRCLE('',#5635,6.);
#5635 = AXIS2_PLACEMENT_3D('',#5636,#5637,#5638);
#5636 = CARTESIAN_POINT('',(-59.,59.,0.9));
#5637 = DIRECTION('',(-0.,0.,-1.));
#5638 = DIRECTION('',(-1.,0.,0.));
#5639 = PCURVE('',#2187,#5640);
#5640 = DEFINITIONAL_REPRESENTATION('',(#5641),#5645);
#5641 = LINE('',#5642,#5643);
#5642 = CARTESIAN_POINT('',(0.,0.));
#5643 = VECTOR('',#5644,1.);
#5644 = DIRECTION('',(1.,0.));
#5645 = ( GEOMETRIC_REPRESENTATION_CONTEXT(2) 
PARAMETRIC_REPRESENTATION_CONTEXT() REPRESENTATION_CONTEXT('2D SPACE',''
  ) );
#5646 = PCURVE('',#3718,#5647);
#5647 = DEFINITIONAL_REPRESENTATION('',(#5648),#5652);
#5648 = LINE('',#5649,#5650);
#5649 = CARTESIAN_POINT('',(-3.14159265359,-0.8));
#5650 = VECTOR('',#5651,1.);
#5651 = DIRECTION('',(1.,-0.));
#5652 = ( GEOMETRIC_REPRESENTATION_CONTEXT(2) 
PARAMETRIC_REPRESENTATION_CONTEXT() REPRESENTATION_CONTEXT('2D SPACE',''
  ) );
#5653 = ORIENTED_EDGE('',*,*,#5654,.T.);
#5654 = EDGE_CURVE('',#5631,#2141,#5655,.T.);
#5655 = SURFACE_CURVE('',#5656,(#5679,#5705),.PCURVE_S1.);
#5656 = B_SPLINE_CURVE_WITH_KNOTS('',6,(#5657,#5658,#5659,#5660,#5661,
    #5662,#5663,#5664,#5665,#5666,#5667,#5668,#5669,#5670,#5671,#5672,
    #5673,#5674,#5675,#5676,#5677,#5678),.UNSPECIFIED.,.F.,.F.,(7,5,5,5,
    7),(0.,0.296917492763,0.478701842913,0.723171122619,1.),
  .UNSPECIFIED.);
#5657 = CARTESIAN_POINT('',(-63.5,62.968626966597,0.9));
#5658 = CARTESIAN_POINT('',(-63.5,62.968626966597,0.826728527789));
#5659 = CARTESIAN_POINT('',(-63.5,62.956451358475,0.753413322354));
#5660 = CARTESIAN_POINT('',(-63.5,62.932076655559,0.681870068222));
#5661 = CARTESIAN_POINT('',(-63.5,62.896395775976,0.613625483633));
#5662 = CARTESIAN_POINT('',(-63.5,62.85068928789,0.549772245588));
#5663 = CARTESIAN_POINT('',(-63.5,62.763280842043,0.455021744027));
#5664 = CARTESIAN_POINT('',(-63.5,62.72687688532,0.420923336454));
#5665 = CARTESIAN_POINT('',(-63.5,62.6875778813,0.3888438396));
#5666 = CARTESIAN_POINT('',(-63.5,62.645699151615,0.358857400571));
#5667 = CARTESIAN_POINT('',(-63.5,62.601537615303,0.330990260315));
#5668 = CARTESIAN_POINT('',(-63.5,62.493245076024,0.270598626111));
#5669 = CARTESIAN_POINT('',(-63.5,62.427486897234,0.239786094043));
#5670 = CARTESIAN_POINT('',(-63.5,62.35870635407,0.212770014198));
#5671 = CARTESIAN_POINT('',(-63.5,62.287445796899,0.18943808011));
#5672 = CARTESIAN_POINT('',(-63.5,62.214151995782,0.169626705453));
#5673 = CARTESIAN_POINT('',(-63.5,62.054252211014,0.134502169975));
#5674 = CARTESIAN_POINT('',(-63.5,61.967183894351,0.120134715527));
#5675 = CARTESIAN_POINT('',(-63.5,61.878456979195,0.109785511958));
#5676 = CARTESIAN_POINT('',(-63.5,61.78846400375,0.103169860674));
#5677 = CARTESIAN_POINT('',(-63.5,61.697498910151,1.E-01));
#5678 = CARTESIAN_POINT('',(-63.5,61.605762844159,1.E-01));
#5679 = PCURVE('',#2187,#5680);
#5680 = DEFINITIONAL_REPRESENTATION('',(#5681),#5704);
#5681 = B_SPLINE_CURVE_WITH_KNOTS('',6,(#5682,#5683,#5684,#5685,#5686,
    #5687,#5688,#5689,#5690,#5691,#5692,#5693,#5694,#5695,#5696,#5697,
    #5698,#5699,#5700,#5701,#5702,#5703),.UNSPECIFIED.,.F.,.F.,(7,5,5,5,
    7),(0.,0.296917492763,0.478701842913,0.723171122619,1.),
  .UNSPECIFIED.);
#5682 = CARTESIAN_POINT('',(0.722734247813,0.));
#5683 = CARTESIAN_POINT('',(0.722734247813,9.158934026381E-02));
#5684 = CARTESIAN_POINT('',(0.721212232239,0.183232817286));
#5685 = CARTESIAN_POINT('',(0.718165723149,0.274047525727));
#5686 = CARTESIAN_POINT('',(0.7136740112,0.363502553089));
#5687 = CARTESIAN_POINT('',(0.707840614772,0.451157583422));
#5688 = CARTESIAN_POINT('',(0.696493195523,0.588967023227));
#5689 = CARTESIAN_POINT('',(0.691729633423,0.640516143531));
#5690 = CARTESIAN_POINT('',(0.686538597225,0.691232608067));
#5691 = CARTESIAN_POINT('',(0.680947109889,0.741091092078));
#5692 = CARTESIAN_POINT('',(0.674980727359,0.790085397597));
#5693 = CARTESIAN_POINT('',(0.660164418928,0.902961110934));
#5694 = CARTESIAN_POINT('',(0.651030689282,0.966142483382));
#5695 = CARTESIAN_POINT('',(0.641314204254,1.027802502558));
#5696 = CARTESIAN_POINT('',(0.631062898546,1.087989287253));
#5697 = CARTESIAN_POINT('',(0.620317235527,1.146765733791));
#5698 = CARTESIAN_POINT('',(0.596415411793,1.269260249254));
#5699 = CARTESIAN_POINT('',(0.58313073888,1.332591243976));
#5700 = CARTESIAN_POINT('',(0.569299235097,1.394318455778));
#5701 = CARTESIAN_POINT('',(0.554960196127,1.454537318689));
#5702 = CARTESIAN_POINT('',(0.54014566046,1.513334203663));
#5703 = CARTESIAN_POINT('',(0.524878933502,1.570796326795));
#5704 = ( GEOMETRIC_REPRESENTATION_CONTEXT(2) 
PARAMETRIC_REPRESENTATION_CONTEXT() REPRESENTATION_CONTEXT('2D SPACE',''
  ) );
#5705 = PCURVE('',#2155,#5706);
#5706 = DEFINITIONAL_REPRESENTATION('',(#5707),#5730);
#5707 = B_SPLINE_CURVE_WITH_KNOTS('',6,(#5708,#5709,#5710,#5711,#5712,
    #5713,#5714,#5715,#5716,#5717,#5718,#5719,#5720,#5721,#5722,#5723,
    #5724,#5725,#5726,#5727,#5728,#5729),.UNSPECIFIED.,.F.,.F.,(7,5,5,5,
    7),(0.,0.296917492763,0.478701842913,0.723171122619,1.),
  .UNSPECIFIED.);
#5708 = CARTESIAN_POINT('',(1.8,-21.96862696659));
#5709 = CARTESIAN_POINT('',(1.726728527789,-21.96862696659));
#5710 = CARTESIAN_POINT('',(1.653413322354,-21.95645135847));
#5711 = CARTESIAN_POINT('',(1.581870068222,-21.93207665555));
#5712 = CARTESIAN_POINT('',(1.513625483633,-21.89639577597));
#5713 = CARTESIAN_POINT('',(1.449772245588,-21.85068928789));
#5714 = CARTESIAN_POINT('',(1.355021744027,-21.76328084204));
#5715 = CARTESIAN_POINT('',(1.320923336454,-21.72687688532));
#5716 = CARTESIAN_POINT('',(1.2888438396,-21.6875778813));
#5717 = CARTESIAN_POINT('',(1.258857400571,-21.64569915161));
#5718 = CARTESIAN_POINT('',(1.230990260315,-21.6015376153));
#5719 = CARTESIAN_POINT('',(1.170598626111,-21.49324507602));
#5720 = CARTESIAN_POINT('',(1.139786094043,-21.42748689723));
#5721 = CARTESIAN_POINT('',(1.112770014198,-21.35870635407));
#5722 = CARTESIAN_POINT('',(1.08943808011,-21.28744579689));
#5723 = CARTESIAN_POINT('',(1.069626705453,-21.21415199578));
#5724 = CARTESIAN_POINT('',(1.034502169975,-21.05425221101));
#5725 = CARTESIAN_POINT('',(1.020134715527,-20.96718389435));
#5726 = CARTESIAN_POINT('',(1.009785511958,-20.87845697919));
#5727 = CARTESIAN_POINT('',(1.003169860674,-20.78846400375));
#5728 = CARTESIAN_POINT('',(1.,-20.69749891015));
#5729 = CARTESIAN_POINT('',(1.,-20.60576284415));
#5730 = ( GEOMETRIC_REPRESENTATION_CONTEXT(2) 
PARAMETRIC_REPRESENTATION_CONTEXT() REPRESENTATION_CONTEXT('2D SPACE',''
  ) );
#5731 = ORIENTED_EDGE('',*,*,#2166,.F.);
#5732 = ADVANCED_FACE('',(#5733),#2155,.T.);
#5733 = FACE_BOUND('',#5734,.T.);
#5734 = EDGE_LOOP('',(#5735,#5756,#5757,#5758,#5777));
#5735 = ORIENTED_EDGE('',*,*,#5736,.F.);
#5736 = EDGE_CURVE('',#2115,#3787,#5737,.T.);
#5737 = SURFACE_CURVE('',#5738,(#5742,#5749),.PCURVE_S1.);
#5738 = LINE('',#5739,#5740);
#5739 = CARTESIAN_POINT('',(-63.5,41.,-0.9));
#5740 = VECTOR('',#5741,1.);
#5741 = DIRECTION('',(0.,0.,1.));
#5742 = PCURVE('',#2155,#5743);
#5743 = DEFINITIONAL_REPRESENTATION('',(#5744),#5748);
#5744 = LINE('',#5745,#5746);
#5745 = CARTESIAN_POINT('',(0.,0.));
#5746 = VECTOR('',#5747,1.);
#5747 = DIRECTION('',(1.,0.));
#5748 = ( GEOMETRIC_REPRESENTATION_CONTEXT(2) 
PARAMETRIC_REPRESENTATION_CONTEXT() REPRESENTATION_CONTEXT('2D SPACE',''
  ) );
#5749 = PCURVE('',#2129,#5750);
#5750 = DEFINITIONAL_REPRESENTATION('',(#5751),#5755);
#5751 = LINE('',#5752,#5753);
#5752 = CARTESIAN_POINT('',(0.,0.));
#5753 = VECTOR('',#5754,1.);
#5754 = DIRECTION('',(1.,0.));
#5755 = ( GEOMETRIC_REPRESENTATION_CONTEXT(2) 
PARAMETRIC_REPRESENTATION_CONTEXT() REPRESENTATION_CONTEXT('2D SPACE',''
  ) );
#5756 = ORIENTED_EDGE('',*,*,#2140,.T.);
#5757 = ORIENTED_EDGE('',*,*,#5654,.F.);
#5758 = ORIENTED_EDGE('',*,*,#5759,.F.);
#5759 = EDGE_CURVE('',#3677,#5631,#5760,.T.);
#5760 = SURFACE_CURVE('',#5761,(#5765,#5771),.PCURVE_S1.);
#5761 = LINE('',#5762,#5763);
#5762 = CARTESIAN_POINT('',(-63.5,62.968626966597,1.E-01));
#5763 = VECTOR('',#5764,1.);
#5764 = DIRECTION('',(-0.,-0.,-1.));
#5765 = PCURVE('',#2155,#5766);
#5766 = DEFINITIONAL_REPRESENTATION('',(#5767),#5770);
#5767 = B_SPLINE_CURVE_WITH_KNOTS('',1,(#5768,#5769),.UNSPECIFIED.,.F.,
  .F.,(2,2),(-4.7000006,-0.7999994),.PIECEWISE_BEZIER_KNOTS.);
#5768 = CARTESIAN_POINT('',(5.7000006,-21.96862696659));
#5769 = CARTESIAN_POINT('',(1.7999994,-21.96862696659));
#5770 = ( GEOMETRIC_REPRESENTATION_CONTEXT(2) 
PARAMETRIC_REPRESENTATION_CONTEXT() REPRESENTATION_CONTEXT('2D SPACE',''
  ) );
#5771 = PCURVE('',#3718,#5772);
#5772 = DEFINITIONAL_REPRESENTATION('',(#5773),#5776);
#5773 = B_SPLINE_CURVE_WITH_KNOTS('',1,(#5774,#5775),.UNSPECIFIED.,.F.,
  .F.,(2,2),(-4.7000006,-0.7999994),.PIECEWISE_BEZIER_KNOTS.);
#5774 = CARTESIAN_POINT('',(-2.418858405776,-4.7000006));
#5775 = CARTESIAN_POINT('',(-2.418858405776,-0.7999994));
#5776 = ( GEOMETRIC_REPRESENTATION_CONTEXT(2) 
PARAMETRIC_REPRESENTATION_CONTEXT() REPRESENTATION_CONTEXT('2D SPACE',''
  ) );
#5777 = ORIENTED_EDGE('',*,*,#3811,.F.);
#5778 = ADVANCED_FACE('',(#5779),#2129,.T.);
#5779 = FACE_BOUND('',#5780,.T.);
#5780 = EDGE_LOOP('',(#5781,#5802,#5803,#5804));
#5781 = ORIENTED_EDGE('',*,*,#5782,.F.);
#5782 = EDGE_CURVE('',#2089,#3888,#5783,.T.);
#5783 = SURFACE_CURVE('',#5784,(#5788,#5795),.PCURVE_S1.);
#5784 = LINE('',#5785,#5786);
#5785 = CARTESIAN_POINT('',(-62.3,41.,-0.9));
#5786 = VECTOR('',#5787,1.);
#5787 = DIRECTION('',(0.,0.,1.));
#5788 = PCURVE('',#2129,#5789);
#5789 = DEFINITIONAL_REPRESENTATION('',(#5790),#5794);
#5790 = LINE('',#5791,#5792);
#5791 = CARTESIAN_POINT('',(0.,1.2));
#5792 = VECTOR('',#5793,1.);
#5793 = DIRECTION('',(1.,0.));
#5794 = ( GEOMETRIC_REPRESENTATION_CONTEXT(2) 
PARAMETRIC_REPRESENTATION_CONTEXT() REPRESENTATION_CONTEXT('2D SPACE',''
  ) );
#5795 = PCURVE('',#2103,#5796);
#5796 = DEFINITIONAL_REPRESENTATION('',(#5797),#5801);
#5797 = LINE('',#5798,#5799);
#5798 = CARTESIAN_POINT('',(0.,0.));
#5799 = VECTOR('',#5800,1.);
#5800 = DIRECTION('',(1.,0.));
#5801 = ( GEOMETRIC_REPRESENTATION_CONTEXT(2) 
PARAMETRIC_REPRESENTATION_CONTEXT() REPRESENTATION_CONTEXT('2D SPACE',''
  ) );
#5802 = ORIENTED_EDGE('',*,*,#2114,.T.);
#5803 = ORIENTED_EDGE('',*,*,#5736,.T.);
#5804 = ORIENTED_EDGE('',*,*,#3912,.F.);
#5805 = ADVANCED_FACE('',(#5806),#2103,.F.);
#5806 = FACE_BOUND('',#5807,.F.);
#5807 = EDGE_LOOP('',(#5808,#5809,#5810,#5831));
#5808 = ORIENTED_EDGE('',*,*,#5782,.F.);
#5809 = ORIENTED_EDGE('',*,*,#2088,.T.);
#5810 = ORIENTED_EDGE('',*,*,#5811,.T.);
#5811 = EDGE_CURVE('',#2063,#3998,#5812,.T.);
#5812 = SURFACE_CURVE('',#5813,(#5817,#5824),.PCURVE_S1.);
#5813 = LINE('',#5814,#5815);
#5814 = CARTESIAN_POINT('',(-62.3,63.,-0.9));
#5815 = VECTOR('',#5816,1.);
#5816 = DIRECTION('',(0.,0.,1.));
#5817 = PCURVE('',#2103,#5818);
#5818 = DEFINITIONAL_REPRESENTATION('',(#5819),#5823);
#5819 = LINE('',#5820,#5821);
#5820 = CARTESIAN_POINT('',(0.,-22.));
#5821 = VECTOR('',#5822,1.);
#5822 = DIRECTION('',(1.,0.));
#5823 = ( GEOMETRIC_REPRESENTATION_CONTEXT(2) 
PARAMETRIC_REPRESENTATION_CONTEXT() REPRESENTATION_CONTEXT('2D SPACE',''
  ) );
#5824 = PCURVE('',#2077,#5825);
#5825 = DEFINITIONAL_REPRESENTATION('',(#5826),#5830);
#5826 = LINE('',#5827,#5828);
#5827 = CARTESIAN_POINT('',(0.,1.2));
#5828 = VECTOR('',#5829,1.);
#5829 = DIRECTION('',(1.,0.));
#5830 = ( GEOMETRIC_REPRESENTATION_CONTEXT(2) 
PARAMETRIC_REPRESENTATION_CONTEXT() REPRESENTATION_CONTEXT('2D SPACE',''
  ) );
#5831 = ORIENTED_EDGE('',*,*,#4020,.F.);
#5832 = ADVANCED_FACE('',(#5833),#2077,.F.);
#5833 = FACE_BOUND('',#5834,.F.);
#5834 = EDGE_LOOP('',(#5835,#5836,#5837,#5902,#5921));
#5835 = ORIENTED_EDGE('',*,*,#5811,.F.);
#5836 = ORIENTED_EDGE('',*,*,#2062,.T.);
#5837 = ORIENTED_EDGE('',*,*,#5838,.F.);
#5838 = EDGE_CURVE('',#5839,#2030,#5841,.T.);
#5839 = VERTEX_POINT('',#5840);
#5840 = CARTESIAN_POINT('',(-63.472135955,63.,0.9));
#5841 = SURFACE_CURVE('',#5842,(#5860,#5881),.PCURVE_S1.);
#5842 = B_SPLINE_CURVE_WITH_KNOTS('',6,(#5843,#5844,#5845,#5846,#5847,
    #5848,#5849,#5850,#5851,#5852,#5853,#5854,#5855,#5856,#5857,#5858,
    #5859),.UNSPECIFIED.,.F.,.F.,(7,5,5,7),(0.,0.335939372522,
    0.525434601001,1.),.UNSPECIFIED.);
#5843 = CARTESIAN_POINT('',(-63.472135955,63.,0.9));
#5844 = CARTESIAN_POINT('',(-63.472135955,63.,0.822342208301));
#5845 = CARTESIAN_POINT('',(-63.45999897797,63.,0.744644878686));
#5846 = CARTESIAN_POINT('',(-63.43570450105,63.,0.668762644237));
#5847 = CARTESIAN_POINT('',(-63.40001216088,63.,0.596325040725));
#5848 = CARTESIAN_POINT('',(-63.35407371235,63.,0.528590543681));
#5849 = CARTESIAN_POINT('',(-63.26844372211,63.,0.431373862285));
#5850 = CARTESIAN_POINT('',(-63.23474418519,63.,0.398071898408));
#5851 = CARTESIAN_POINT('',(-63.19846575937,63.,0.366672122888));
#5852 = CARTESIAN_POINT('',(-63.15985431874,63.,0.337272513066));
#5853 = CARTESIAN_POINT('',(-63.11915147795,63.,0.309933730902));
#5854 = CARTESIAN_POINT('',(-62.96997630479,63.,0.22146098769));
#5855 = CARTESIAN_POINT('',(-62.85175273204,63.,0.171407386623));
#5856 = CARTESIAN_POINT('',(-62.72534097674,63.,0.134882908858));
#5857 = CARTESIAN_POINT('',(-62.59365437713,63.,0.111368033341));
#5858 = CARTESIAN_POINT('',(-62.45889567233,63.,1.E-01));
#5859 = CARTESIAN_POINT('',(-62.32264954516,63.,1.E-01));
#5860 = PCURVE('',#2077,#5861);
#5861 = DEFINITIONAL_REPRESENTATION('',(#5862),#5880);
#5862 = B_SPLINE_CURVE_WITH_KNOTS('',6,(#5863,#5864,#5865,#5866,#5867,
    #5868,#5869,#5870,#5871,#5872,#5873,#5874,#5875,#5876,#5877,#5878,
    #5879),.UNSPECIFIED.,.F.,.F.,(7,5,5,7),(0.,0.335939372522,
    0.525434601001,1.),.UNSPECIFIED.);
#5863 = CARTESIAN_POINT('',(1.8,2.786404500042E-02));
#5864 = CARTESIAN_POINT('',(1.722342208301,2.786404500042E-02));
#5865 = CARTESIAN_POINT('',(1.644644878686,4.000102202098E-02));
#5866 = CARTESIAN_POINT('',(1.568762644237,6.429549894921E-02));
#5867 = CARTESIAN_POINT('',(1.496325040725,9.998783911432E-02));
#5868 = CARTESIAN_POINT('',(1.428590543681,0.145926287642));
#5869 = CARTESIAN_POINT('',(1.331373862285,0.231556277888));
#5870 = CARTESIAN_POINT('',(1.298071898408,0.265255814803));
#5871 = CARTESIAN_POINT('',(1.266672122888,0.30153424063));
#5872 = CARTESIAN_POINT('',(1.237272513066,0.340145681253));
#5873 = CARTESIAN_POINT('',(1.209933730902,0.380848522046));
#5874 = CARTESIAN_POINT('',(1.12146098769,0.530023695209));
#5875 = CARTESIAN_POINT('',(1.071407386623,0.648247267952));
#5876 = CARTESIAN_POINT('',(1.034882908858,0.774659023255));
#5877 = CARTESIAN_POINT('',(1.011368033341,0.906345622867));
#5878 = CARTESIAN_POINT('',(1.,1.041104327663));
#5879 = CARTESIAN_POINT('',(1.,1.177350454833));
#5880 = ( GEOMETRIC_REPRESENTATION_CONTEXT(2) 
PARAMETRIC_REPRESENTATION_CONTEXT() REPRESENTATION_CONTEXT('2D SPACE',''
  ) );
#5881 = PCURVE('',#2050,#5882);
#5882 = DEFINITIONAL_REPRESENTATION('',(#5883),#5901);
#5883 = B_SPLINE_CURVE_WITH_KNOTS('',6,(#5884,#5885,#5886,#5887,#5888,
    #5889,#5890,#5891,#5892,#5893,#5894,#5895,#5896,#5897,#5898,#5899,
    #5900),.UNSPECIFIED.,.F.,.F.,(7,5,5,7),(0.,0.335939372522,
    0.525434601001,1.),.UNSPECIFIED.);
#5884 = CARTESIAN_POINT('',(0.729727656227,0.));
#5885 = CARTESIAN_POINT('',(0.729727656227,9.70722396235E-02));
#5886 = CARTESIAN_POINT('',(0.73107625187,0.194193376958));
#5887 = CARTESIAN_POINT('',(0.733775420034,0.290695328417));
#5888 = CARTESIAN_POINT('',(0.737772378062,0.386182301503));
#5889 = CARTESIAN_POINT('',(0.742997018171,0.480314461019));
#5890 = CARTESIAN_POINT('',(0.752929681359,0.624912194855));
#5891 = CARTESIAN_POINT('',(0.756871756054,0.676549080027));
#5892 = CARTESIAN_POINT('',(0.761157837095,0.727639407786));
#5893 = CARTESIAN_POINT('',(0.765771449785,0.778163813643));
#5894 = CARTESIAN_POINT('',(0.770696184557,0.828115268821));
#5895 = CARTESIAN_POINT('',(0.788989488908,1.001162549221));
#5896 = CARTESIAN_POINT('',(0.803905182538,1.121152118616));
#5897 = CARTESIAN_POINT('',(0.820431190429,1.237704287109));
#5898 = CARTESIAN_POINT('',(0.838356839106,1.351172696425));
#5899 = CARTESIAN_POINT('',(0.857481666678,1.461974660336));
#5900 = CARTESIAN_POINT('',(0.877636419218,1.570796326795));
#5901 = ( GEOMETRIC_REPRESENTATION_CONTEXT(2) 
PARAMETRIC_REPRESENTATION_CONTEXT() REPRESENTATION_CONTEXT('2D SPACE',''
  ) );
#5902 = ORIENTED_EDGE('',*,*,#5903,.F.);
#5903 = EDGE_CURVE('',#3939,#5839,#5904,.T.);
#5904 = SURFACE_CURVE('',#5905,(#5909,#5915),.PCURVE_S1.);
#5905 = LINE('',#5906,#5907);
#5906 = CARTESIAN_POINT('',(-63.472135955,63.,1.E-01));
#5907 = VECTOR('',#5908,1.);
#5908 = DIRECTION('',(-0.,-0.,-1.));
#5909 = PCURVE('',#2077,#5910);
#5910 = DEFINITIONAL_REPRESENTATION('',(#5911),#5914);
#5911 = B_SPLINE_CURVE_WITH_KNOTS('',1,(#5912,#5913),.UNSPECIFIED.,.F.,
  .F.,(2,2),(-4.7000006,-0.7999994),.PIECEWISE_BEZIER_KNOTS.);
#5912 = CARTESIAN_POINT('',(5.7000006,2.786404500042E-02));
#5913 = CARTESIAN_POINT('',(1.7999994,2.786404500042E-02));
#5914 = ( GEOMETRIC_REPRESENTATION_CONTEXT(2) 
PARAMETRIC_REPRESENTATION_CONTEXT() REPRESENTATION_CONTEXT('2D SPACE',''
  ) );
#5915 = PCURVE('',#3980,#5916);
#5916 = DEFINITIONAL_REPRESENTATION('',(#5917),#5920);
#5917 = B_SPLINE_CURVE_WITH_KNOTS('',1,(#5918,#5919),.UNSPECIFIED.,.F.,
  .F.,(2,2),(-4.7000006,-0.7999994),.PIECEWISE_BEZIER_KNOTS.);
#5918 = CARTESIAN_POINT('',(-2.411864997363,-4.7000006));
#5919 = CARTESIAN_POINT('',(-2.411864997363,-0.7999994));
#5920 = ( GEOMETRIC_REPRESENTATION_CONTEXT(2) 
PARAMETRIC_REPRESENTATION_CONTEXT() REPRESENTATION_CONTEXT('2D SPACE',''
  ) );
#5921 = ORIENTED_EDGE('',*,*,#4047,.F.);
#5922 = ADVANCED_FACE('',(#5923),#2050,.T.);
#5923 = FACE_BOUND('',#5924,.T.);
#5924 = EDGE_LOOP('',(#5925,#5926,#5950,#5970));
#5925 = ORIENTED_EDGE('',*,*,#5838,.F.);
#5926 = ORIENTED_EDGE('',*,*,#5927,.T.);
#5927 = EDGE_CURVE('',#5839,#5928,#5930,.T.);
#5928 = VERTEX_POINT('',#5929);
#5929 = CARTESIAN_POINT('',(-59.,65.,0.9));
#5930 = SURFACE_CURVE('',#5931,(#5936,#5943),.PCURVE_S1.);
#5931 = CIRCLE('',#5932,6.);
#5932 = AXIS2_PLACEMENT_3D('',#5933,#5934,#5935);
#5933 = CARTESIAN_POINT('',(-59.,59.,0.9));
#5934 = DIRECTION('',(-0.,0.,-1.));
#5935 = DIRECTION('',(-1.,0.,0.));
#5936 = PCURVE('',#2050,#5937);
#5937 = DEFINITIONAL_REPRESENTATION('',(#5938),#5942);
#5938 = LINE('',#5939,#5940);
#5939 = CARTESIAN_POINT('',(0.,0.));
#5940 = VECTOR('',#5941,1.);
#5941 = DIRECTION('',(1.,0.));
#5942 = ( GEOMETRIC_REPRESENTATION_CONTEXT(2) 
PARAMETRIC_REPRESENTATION_CONTEXT() REPRESENTATION_CONTEXT('2D SPACE',''
  ) );
#5943 = PCURVE('',#3980,#5944);
#5944 = DEFINITIONAL_REPRESENTATION('',(#5945),#5949);
#5945 = LINE('',#5946,#5947);
#5946 = CARTESIAN_POINT('',(-3.14159265359,-0.8));
#5947 = VECTOR('',#5948,1.);
#5948 = DIRECTION('',(1.,-0.));
#5949 = ( GEOMETRIC_REPRESENTATION_CONTEXT(2) 
PARAMETRIC_REPRESENTATION_CONTEXT() REPRESENTATION_CONTEXT('2D SPACE',''
  ) );
#5950 = ORIENTED_EDGE('',*,*,#5951,.T.);
#5951 = EDGE_CURVE('',#5928,#2002,#5952,.T.);
#5952 = SURFACE_CURVE('',#5953,(#5958,#5964),.PCURVE_S1.);
#5953 = CIRCLE('',#5954,0.8);
#5954 = AXIS2_PLACEMENT_3D('',#5955,#5956,#5957);
#5955 = CARTESIAN_POINT('',(-59.,64.2,0.9));
#5956 = DIRECTION('',(-1.,-6.123233995737E-17,0.));
#5957 = DIRECTION('',(-6.123233995737E-17,1.,0.));
#5958 = PCURVE('',#2050,#5959);
#5959 = DEFINITIONAL_REPRESENTATION('',(#5960),#5963);
#5960 = B_SPLINE_CURVE_WITH_KNOTS('',1,(#5961,#5962),.UNSPECIFIED.,.F.,
  .F.,(2,2),(0.,1.570796326795),.PIECEWISE_BEZIER_KNOTS.);
#5961 = CARTESIAN_POINT('',(1.570796326795,0.));
#5962 = CARTESIAN_POINT('',(1.570796326795,1.570796326795));
#5963 = ( GEOMETRIC_REPRESENTATION_CONTEXT(2) 
PARAMETRIC_REPRESENTATION_CONTEXT() REPRESENTATION_CONTEXT('2D SPACE',''
  ) );
#5964 = PCURVE('',#2017,#5965);
#5965 = DEFINITIONAL_REPRESENTATION('',(#5966),#5969);
#5966 = B_SPLINE_CURVE_WITH_KNOTS('',1,(#5967,#5968),.UNSPECIFIED.,.F.,
  .F.,(2,2),(0.,1.570796326795),.PIECEWISE_BEZIER_KNOTS.);
#5967 = CARTESIAN_POINT('',(0.,0.));
#5968 = CARTESIAN_POINT('',(-1.570796326795,0.));
#5969 = ( GEOMETRIC_REPRESENTATION_CONTEXT(2) 
PARAMETRIC_REPRESENTATION_CONTEXT() REPRESENTATION_CONTEXT('2D SPACE',''
  ) );
#5970 = ORIENTED_EDGE('',*,*,#2029,.F.);
#5971 = ADVANCED_FACE('',(#5972),#2017,.T.);
#5972 = FACE_BOUND('',#5973,.F.);
#5973 = EDGE_LOOP('',(#5974,#5975,#5976,#5998));
#5974 = ORIENTED_EDGE('',*,*,#5951,.T.);
#5975 = ORIENTED_EDGE('',*,*,#2001,.T.);
#5976 = ORIENTED_EDGE('',*,*,#5977,.F.);
#5977 = EDGE_CURVE('',#5978,#1969,#5980,.T.);
#5978 = VERTEX_POINT('',#5979);
#5979 = CARTESIAN_POINT('',(59.,65.,0.9));
#5980 = SURFACE_CURVE('',#5981,(#5986,#5992),.PCURVE_S1.);
#5981 = CIRCLE('',#5982,0.8);
#5982 = AXIS2_PLACEMENT_3D('',#5983,#5984,#5985);
#5983 = CARTESIAN_POINT('',(59.,64.2,0.9));
#5984 = DIRECTION('',(-1.,0.,-0.));
#5985 = DIRECTION('',(-0.,1.,0.));
#5986 = PCURVE('',#2017,#5987);
#5987 = DEFINITIONAL_REPRESENTATION('',(#5988),#5991);
#5988 = B_SPLINE_CURVE_WITH_KNOTS('',1,(#5989,#5990),.UNSPECIFIED.,.F.,
  .F.,(2,2),(0.,1.570796326795),.PIECEWISE_BEZIER_KNOTS.);
#5989 = CARTESIAN_POINT('',(0.,118.));
#5990 = CARTESIAN_POINT('',(-1.570796326795,118.));
#5991 = ( GEOMETRIC_REPRESENTATION_CONTEXT(2) 
PARAMETRIC_REPRESENTATION_CONTEXT() REPRESENTATION_CONTEXT('2D SPACE',''
  ) );
#5992 = PCURVE('',#1989,#5993);
#5993 = DEFINITIONAL_REPRESENTATION('',(#5994),#5997);
#5994 = B_SPLINE_CURVE_WITH_KNOTS('',1,(#5995,#5996),.UNSPECIFIED.,.F.,
  .F.,(2,2),(0.,1.570796326795),.PIECEWISE_BEZIER_KNOTS.);
#5995 = CARTESIAN_POINT('',(0.,0.));
#5996 = CARTESIAN_POINT('',(0.,1.570796326795));
#5997 = ( GEOMETRIC_REPRESENTATION_CONTEXT(2) 
PARAMETRIC_REPRESENTATION_CONTEXT() REPRESENTATION_CONTEXT('2D SPACE',''
  ) );
#5998 = ORIENTED_EDGE('',*,*,#5999,.F.);
#5999 = EDGE_CURVE('',#5928,#5978,#6000,.T.);
#6000 = SURFACE_CURVE('',#6001,(#6005,#6012),.PCURVE_S1.);
#6001 = LINE('',#6002,#6003);
#6002 = CARTESIAN_POINT('',(-59.,65.,0.9));
#6003 = VECTOR('',#6004,1.);
#6004 = DIRECTION('',(1.,0.,0.));
#6005 = PCURVE('',#2017,#6006);
#6006 = DEFINITIONAL_REPRESENTATION('',(#6007),#6011);
#6007 = LINE('',#6008,#6009);
#6008 = CARTESIAN_POINT('',(-0.,0.));
#6009 = VECTOR('',#6010,1.);
#6010 = DIRECTION('',(-0.,1.));
#6011 = ( GEOMETRIC_REPRESENTATION_CONTEXT(2) 
PARAMETRIC_REPRESENTATION_CONTEXT() REPRESENTATION_CONTEXT('2D SPACE',''
  ) );
#6012 = PCURVE('',#3872,#6013);
#6013 = DEFINITIONAL_REPRESENTATION('',(#6014),#6018);
#6014 = LINE('',#6015,#6016);
#6015 = CARTESIAN_POINT('',(0.,-0.8));
#6016 = VECTOR('',#6017,1.);
#6017 = DIRECTION('',(1.,0.));
#6018 = ( GEOMETRIC_REPRESENTATION_CONTEXT(2) 
PARAMETRIC_REPRESENTATION_CONTEXT() REPRESENTATION_CONTEXT('2D SPACE',''
  ) );
#6019 = ADVANCED_FACE('',(#6020),#1989,.T.);
#6020 = FACE_BOUND('',#6021,.T.);
#6021 = EDGE_LOOP('',(#6022,#6023,#6047,#6067));
#6022 = ORIENTED_EDGE('',*,*,#5977,.F.);
#6023 = ORIENTED_EDGE('',*,*,#6024,.T.);
#6024 = EDGE_CURVE('',#5978,#6025,#6027,.T.);
#6025 = VERTEX_POINT('',#6026);
#6026 = CARTESIAN_POINT('',(65.,59.,0.9));
#6027 = SURFACE_CURVE('',#6028,(#6033,#6040),.PCURVE_S1.);
#6028 = CIRCLE('',#6029,6.);
#6029 = AXIS2_PLACEMENT_3D('',#6030,#6031,#6032);
#6030 = CARTESIAN_POINT('',(59.,59.,0.9));
#6031 = DIRECTION('',(0.,-0.,-1.));
#6032 = DIRECTION('',(0.,1.,-0.));
#6033 = PCURVE('',#1989,#6034);
#6034 = DEFINITIONAL_REPRESENTATION('',(#6035),#6039);
#6035 = LINE('',#6036,#6037);
#6036 = CARTESIAN_POINT('',(0.,0.));
#6037 = VECTOR('',#6038,1.);
#6038 = DIRECTION('',(1.,0.));
#6039 = ( GEOMETRIC_REPRESENTATION_CONTEXT(2) 
PARAMETRIC_REPRESENTATION_CONTEXT() REPRESENTATION_CONTEXT('2D SPACE',''
  ) );
#6040 = PCURVE('',#3771,#6041);
#6041 = DEFINITIONAL_REPRESENTATION('',(#6042),#6046);
#6042 = LINE('',#6043,#6044);
#6043 = CARTESIAN_POINT('',(-1.570796326795,-0.8));
#6044 = VECTOR('',#6045,1.);
#6045 = DIRECTION('',(1.,-0.));
#6046 = ( GEOMETRIC_REPRESENTATION_CONTEXT(2) 
PARAMETRIC_REPRESENTATION_CONTEXT() REPRESENTATION_CONTEXT('2D SPACE',''
  ) );
#6047 = ORIENTED_EDGE('',*,*,#6048,.T.);
#6048 = EDGE_CURVE('',#6025,#1941,#6049,.T.);
#6049 = SURFACE_CURVE('',#6050,(#6055,#6061),.PCURVE_S1.);
#6050 = CIRCLE('',#6051,0.8);
#6051 = AXIS2_PLACEMENT_3D('',#6052,#6053,#6054);
#6052 = CARTESIAN_POINT('',(64.2,59.,0.9));
#6053 = DIRECTION('',(-6.123233995737E-17,1.,0.));
#6054 = DIRECTION('',(1.,6.123233995737E-17,0.));
#6055 = PCURVE('',#1989,#6056);
#6056 = DEFINITIONAL_REPRESENTATION('',(#6057),#6060);
#6057 = B_SPLINE_CURVE_WITH_KNOTS('',1,(#6058,#6059),.UNSPECIFIED.,.F.,
  .F.,(2,2),(0.,1.570796326795),.PIECEWISE_BEZIER_KNOTS.);
#6058 = CARTESIAN_POINT('',(1.570796326795,0.));
#6059 = CARTESIAN_POINT('',(1.570796326795,1.570796326795));
#6060 = ( GEOMETRIC_REPRESENTATION_CONTEXT(2) 
PARAMETRIC_REPRESENTATION_CONTEXT() REPRESENTATION_CONTEXT('2D SPACE',''
  ) );
#6061 = PCURVE('',#1956,#6062);
#6062 = DEFINITIONAL_REPRESENTATION('',(#6063),#6066);
#6063 = B_SPLINE_CURVE_WITH_KNOTS('',1,(#6064,#6065),.UNSPECIFIED.,.F.,
  .F.,(2,2),(0.,1.570796326795),.PIECEWISE_BEZIER_KNOTS.);
#6064 = CARTESIAN_POINT('',(0.,0.));
#6065 = CARTESIAN_POINT('',(-1.570796326795,0.));
#6066 = ( GEOMETRIC_REPRESENTATION_CONTEXT(2) 
PARAMETRIC_REPRESENTATION_CONTEXT() REPRESENTATION_CONTEXT('2D SPACE',''
  ) );
#6067 = ORIENTED_EDGE('',*,*,#1968,.F.);
#6068 = ADVANCED_FACE('',(#6069),#1956,.T.);
#6069 = FACE_BOUND('',#6070,.F.);
#6070 = EDGE_LOOP('',(#6071,#6072,#6073,#6095));
#6071 = ORIENTED_EDGE('',*,*,#6048,.T.);
#6072 = ORIENTED_EDGE('',*,*,#1940,.T.);
#6073 = ORIENTED_EDGE('',*,*,#6074,.F.);
#6074 = EDGE_CURVE('',#6075,#1908,#6077,.T.);
#6075 = VERTEX_POINT('',#6076);
#6076 = CARTESIAN_POINT('',(65.,-59.,0.9));
#6077 = SURFACE_CURVE('',#6078,(#6083,#6089),.PCURVE_S1.);
#6078 = CIRCLE('',#6079,0.8);
#6079 = AXIS2_PLACEMENT_3D('',#6080,#6081,#6082);
#6080 = CARTESIAN_POINT('',(64.2,-59.,0.9));
#6081 = DIRECTION('',(0.,1.,0.));
#6082 = DIRECTION('',(1.,-0.,0.));
#6083 = PCURVE('',#1956,#6084);
#6084 = DEFINITIONAL_REPRESENTATION('',(#6085),#6088);
#6085 = B_SPLINE_CURVE_WITH_KNOTS('',1,(#6086,#6087),.UNSPECIFIED.,.F.,
  .F.,(2,2),(0.,1.570796326795),.PIECEWISE_BEZIER_KNOTS.);
#6086 = CARTESIAN_POINT('',(0.,118.));
#6087 = CARTESIAN_POINT('',(-1.570796326795,118.));
#6088 = ( GEOMETRIC_REPRESENTATION_CONTEXT(2) 
PARAMETRIC_REPRESENTATION_CONTEXT() REPRESENTATION_CONTEXT('2D SPACE',''
  ) );
#6089 = PCURVE('',#1928,#6090);
#6090 = DEFINITIONAL_REPRESENTATION('',(#6091),#6094);
#6091 = B_SPLINE_CURVE_WITH_KNOTS('',1,(#6092,#6093),.UNSPECIFIED.,.F.,
  .F.,(2,2),(0.,1.570796326795),.PIECEWISE_BEZIER_KNOTS.);
#6092 = CARTESIAN_POINT('',(0.,0.));
#6093 = CARTESIAN_POINT('',(0.,1.570796326795));
#6094 = ( GEOMETRIC_REPRESENTATION_CONTEXT(2) 
PARAMETRIC_REPRESENTATION_CONTEXT() REPRESENTATION_CONTEXT('2D SPACE',''
  ) );
#6095 = ORIENTED_EDGE('',*,*,#6096,.F.);
#6096 = EDGE_CURVE('',#6025,#6075,#6097,.T.);
#6097 = SURFACE_CURVE('',#6098,(#6102,#6109),.PCURVE_S1.);
#6098 = LINE('',#6099,#6100);
#6099 = CARTESIAN_POINT('',(65.,59.,0.9));
#6100 = VECTOR('',#6101,1.);
#6101 = DIRECTION('',(-0.,-1.,-0.));
#6102 = PCURVE('',#1956,#6103);
#6103 = DEFINITIONAL_REPRESENTATION('',(#6104),#6108);
#6104 = LINE('',#6105,#6106);
#6105 = CARTESIAN_POINT('',(-0.,0.));
#6106 = VECTOR('',#6107,1.);
#6107 = DIRECTION('',(-0.,1.));
#6108 = ( GEOMETRIC_REPRESENTATION_CONTEXT(2) 
PARAMETRIC_REPRESENTATION_CONTEXT() REPRESENTATION_CONTEXT('2D SPACE',''
  ) );
#6109 = PCURVE('',#3659,#6110);
#6110 = DEFINITIONAL_REPRESENTATION('',(#6111),#6115);
#6111 = LINE('',#6112,#6113);
#6112 = CARTESIAN_POINT('',(118.,-0.8));
#6113 = VECTOR('',#6114,1.);
#6114 = DIRECTION('',(-1.,0.));
#6115 = ( GEOMETRIC_REPRESENTATION_CONTEXT(2) 
PARAMETRIC_REPRESENTATION_CONTEXT() REPRESENTATION_CONTEXT('2D SPACE',''
  ) );
#6116 = ADVANCED_FACE('',(#6117),#1928,.T.);
#6117 = FACE_BOUND('',#6118,.T.);
#6118 = EDGE_LOOP('',(#6119,#6120,#6144,#6164));
#6119 = ORIENTED_EDGE('',*,*,#6074,.F.);
#6120 = ORIENTED_EDGE('',*,*,#6121,.T.);
#6121 = EDGE_CURVE('',#6075,#6122,#6124,.T.);
#6122 = VERTEX_POINT('',#6123);
#6123 = CARTESIAN_POINT('',(59.,-65.,0.9));
#6124 = SURFACE_CURVE('',#6125,(#6130,#6137),.PCURVE_S1.);
#6125 = CIRCLE('',#6126,6.);
#6126 = AXIS2_PLACEMENT_3D('',#6127,#6128,#6129);
#6127 = CARTESIAN_POINT('',(59.,-59.,0.9));
#6128 = DIRECTION('',(0.,-0.,-1.));
#6129 = DIRECTION('',(1.,0.,-0.));
#6130 = PCURVE('',#1928,#6131);
#6131 = DEFINITIONAL_REPRESENTATION('',(#6132),#6136);
#6132 = LINE('',#6133,#6134);
#6133 = CARTESIAN_POINT('',(0.,0.));
#6134 = VECTOR('',#6135,1.);
#6135 = DIRECTION('',(1.,0.));
#6136 = ( GEOMETRIC_REPRESENTATION_CONTEXT(2) 
PARAMETRIC_REPRESENTATION_CONTEXT() REPRESENTATION_CONTEXT('2D SPACE',''
  ) );
#6137 = PCURVE('',#3555,#6138);
#6138 = DEFINITIONAL_REPRESENTATION('',(#6139),#6143);
#6139 = LINE('',#6140,#6141);
#6140 = CARTESIAN_POINT('',(-6.28318530718,-0.8));
#6141 = VECTOR('',#6142,1.);
#6142 = DIRECTION('',(1.,-0.));
#6143 = ( GEOMETRIC_REPRESENTATION_CONTEXT(2) 
PARAMETRIC_REPRESENTATION_CONTEXT() REPRESENTATION_CONTEXT('2D SPACE',''
  ) );
#6144 = ORIENTED_EDGE('',*,*,#6145,.T.);
#6145 = EDGE_CURVE('',#6122,#1880,#6146,.T.);
#6146 = SURFACE_CURVE('',#6147,(#6152,#6158),.PCURVE_S1.);
#6147 = CIRCLE('',#6148,0.8);
#6148 = AXIS2_PLACEMENT_3D('',#6149,#6150,#6151);
#6149 = CARTESIAN_POINT('',(59.,-64.2,0.9));
#6150 = DIRECTION('',(1.,6.123233995737E-17,0.));
#6151 = DIRECTION('',(6.123233995737E-17,-1.,0.));
#6152 = PCURVE('',#1928,#6153);
#6153 = DEFINITIONAL_REPRESENTATION('',(#6154),#6157);
#6154 = B_SPLINE_CURVE_WITH_KNOTS('',1,(#6155,#6156),.UNSPECIFIED.,.F.,
  .F.,(2,2),(0.,1.570796326795),.PIECEWISE_BEZIER_KNOTS.);
#6155 = CARTESIAN_POINT('',(1.570796326795,0.));
#6156 = CARTESIAN_POINT('',(1.570796326795,1.570796326795));
#6157 = ( GEOMETRIC_REPRESENTATION_CONTEXT(2) 
PARAMETRIC_REPRESENTATION_CONTEXT() REPRESENTATION_CONTEXT('2D SPACE',''
  ) );
#6158 = PCURVE('',#1895,#6159);
#6159 = DEFINITIONAL_REPRESENTATION('',(#6160),#6163);
#6160 = B_SPLINE_CURVE_WITH_KNOTS('',1,(#6161,#6162),.UNSPECIFIED.,.F.,
  .F.,(2,2),(0.,1.570796326795),.PIECEWISE_BEZIER_KNOTS.);
#6161 = CARTESIAN_POINT('',(0.,0.));
#6162 = CARTESIAN_POINT('',(-1.570796326795,0.));
#6163 = ( GEOMETRIC_REPRESENTATION_CONTEXT(2) 
PARAMETRIC_REPRESENTATION_CONTEXT() REPRESENTATION_CONTEXT('2D SPACE',''
  ) );
#6164 = ORIENTED_EDGE('',*,*,#1907,.F.);
#6165 = ADVANCED_FACE('',(#6166),#1895,.T.);
#6166 = FACE_BOUND('',#6167,.F.);
#6167 = EDGE_LOOP('',(#6168,#6169,#6170,#6192));
#6168 = ORIENTED_EDGE('',*,*,#6145,.T.);
#6169 = ORIENTED_EDGE('',*,*,#1879,.T.);
#6170 = ORIENTED_EDGE('',*,*,#6171,.F.);
#6171 = EDGE_CURVE('',#6172,#1847,#6174,.T.);
#6172 = VERTEX_POINT('',#6173);
#6173 = CARTESIAN_POINT('',(-59.,-65.,0.9));
#6174 = SURFACE_CURVE('',#6175,(#6180,#6186),.PCURVE_S1.);
#6175 = CIRCLE('',#6176,0.8);
#6176 = AXIS2_PLACEMENT_3D('',#6177,#6178,#6179);
#6177 = CARTESIAN_POINT('',(-59.,-64.2,0.9));
#6178 = DIRECTION('',(1.,0.,0.));
#6179 = DIRECTION('',(0.,-1.,0.));
#6180 = PCURVE('',#1895,#6181);
#6181 = DEFINITIONAL_REPRESENTATION('',(#6182),#6185);
#6182 = B_SPLINE_CURVE_WITH_KNOTS('',1,(#6183,#6184),.UNSPECIFIED.,.F.,
  .F.,(2,2),(0.,1.570796326795),.PIECEWISE_BEZIER_KNOTS.);
#6183 = CARTESIAN_POINT('',(0.,118.));
#6184 = CARTESIAN_POINT('',(-1.570796326795,118.));
#6185 = ( GEOMETRIC_REPRESENTATION_CONTEXT(2) 
PARAMETRIC_REPRESENTATION_CONTEXT() REPRESENTATION_CONTEXT('2D SPACE',''
  ) );
#6186 = PCURVE('',#1867,#6187);
#6187 = DEFINITIONAL_REPRESENTATION('',(#6188),#6191);
#6188 = B_SPLINE_CURVE_WITH_KNOTS('',1,(#6189,#6190),.UNSPECIFIED.,.F.,
  .F.,(2,2),(0.,1.570796326795),.PIECEWISE_BEZIER_KNOTS.);
#6189 = CARTESIAN_POINT('',(0.,0.));
#6190 = CARTESIAN_POINT('',(0.,1.570796326795));
#6191 = ( GEOMETRIC_REPRESENTATION_CONTEXT(2) 
PARAMETRIC_REPRESENTATION_CONTEXT() REPRESENTATION_CONTEXT('2D SPACE',''
  ) );
#6192 = ORIENTED_EDGE('',*,*,#6193,.F.);
#6193 = EDGE_CURVE('',#6122,#6172,#6194,.T.);
#6194 = SURFACE_CURVE('',#6195,(#6199,#6206),.PCURVE_S1.);
#6195 = LINE('',#6196,#6197);
#6196 = CARTESIAN_POINT('',(59.,-65.,0.9));
#6197 = VECTOR('',#6198,1.);
#6198 = DIRECTION('',(-1.,-0.,-0.));
#6199 = PCURVE('',#1895,#6200);
#6200 = DEFINITIONAL_REPRESENTATION('',(#6201),#6205);
#6201 = LINE('',#6202,#6203);
#6202 = CARTESIAN_POINT('',(-0.,0.));
#6203 = VECTOR('',#6204,1.);
#6204 = DIRECTION('',(-0.,1.));
#6205 = ( GEOMETRIC_REPRESENTATION_CONTEXT(2) 
PARAMETRIC_REPRESENTATION_CONTEXT() REPRESENTATION_CONTEXT('2D SPACE',''
  ) );
#6206 = PCURVE('',#3453,#6207);
#6207 = DEFINITIONAL_REPRESENTATION('',(#6208),#6212);
#6208 = LINE('',#6209,#6210);
#6209 = CARTESIAN_POINT('',(118.,-0.8));
#6210 = VECTOR('',#6211,1.);
#6211 = DIRECTION('',(-1.,0.));
#6212 = ( GEOMETRIC_REPRESENTATION_CONTEXT(2) 
PARAMETRIC_REPRESENTATION_CONTEXT() REPRESENTATION_CONTEXT('2D SPACE',''
  ) );
#6213 = ADVANCED_FACE('',(#6214),#1867,.T.);
#6214 = FACE_BOUND('',#6215,.T.);
#6215 = EDGE_LOOP('',(#6216,#6217,#6241,#6304));
#6216 = ORIENTED_EDGE('',*,*,#6171,.F.);
#6217 = ORIENTED_EDGE('',*,*,#6218,.T.);
#6218 = EDGE_CURVE('',#6172,#6219,#6221,.T.);
#6219 = VERTEX_POINT('',#6220);
#6220 = CARTESIAN_POINT('',(-63.472135955,-63.,0.9));
#6221 = SURFACE_CURVE('',#6222,(#6227,#6234),.PCURVE_S1.);
#6222 = CIRCLE('',#6223,6.);
#6223 = AXIS2_PLACEMENT_3D('',#6224,#6225,#6226);
#6224 = CARTESIAN_POINT('',(-59.,-59.,0.9));
#6225 = DIRECTION('',(-0.,-0.,-1.));
#6226 = DIRECTION('',(0.,-1.,0.));
#6227 = PCURVE('',#1867,#6228);
#6228 = DEFINITIONAL_REPRESENTATION('',(#6229),#6233);
#6229 = LINE('',#6230,#6231);
#6230 = CARTESIAN_POINT('',(0.,0.));
#6231 = VECTOR('',#6232,1.);
#6232 = DIRECTION('',(1.,0.));
#6233 = ( GEOMETRIC_REPRESENTATION_CONTEXT(2) 
PARAMETRIC_REPRESENTATION_CONTEXT() REPRESENTATION_CONTEXT('2D SPACE',''
  ) );
#6234 = PCURVE('',#3352,#6235);
#6235 = DEFINITIONAL_REPRESENTATION('',(#6236),#6240);
#6236 = LINE('',#6237,#6238);
#6237 = CARTESIAN_POINT('',(-4.712388980385,-0.8));
#6238 = VECTOR('',#6239,1.);
#6239 = DIRECTION('',(1.,-0.));
#6240 = ( GEOMETRIC_REPRESENTATION_CONTEXT(2) 
PARAMETRIC_REPRESENTATION_CONTEXT() REPRESENTATION_CONTEXT('2D SPACE',''
  ) );
#6241 = ORIENTED_EDGE('',*,*,#6242,.T.);
#6242 = EDGE_CURVE('',#6219,#1821,#6243,.T.);
#6243 = SURFACE_CURVE('',#6244,(#6262,#6283),.PCURVE_S1.);
#6244 = B_SPLINE_CURVE_WITH_KNOTS('',6,(#6245,#6246,#6247,#6248,#6249,
    #6250,#6251,#6252,#6253,#6254,#6255,#6256,#6257,#6258,#6259,#6260,
    #6261),.UNSPECIFIED.,.F.,.F.,(7,5,5,7),(0.,0.335939372523,
    0.525434601001,1.),.UNSPECIFIED.);
#6245 = CARTESIAN_POINT('',(-63.472135955,-63.,0.9));
#6246 = CARTESIAN_POINT('',(-63.472135955,-63.,0.822342208301));
#6247 = CARTESIAN_POINT('',(-63.45999897797,-63.,0.744644878686));
#6248 = CARTESIAN_POINT('',(-63.43570450105,-63.,0.668762644237));
#6249 = CARTESIAN_POINT('',(-63.40001216088,-63.,0.596325040725));
#6250 = CARTESIAN_POINT('',(-63.35407371235,-63.,0.528590543681));
#6251 = CARTESIAN_POINT('',(-63.26844372211,-63.,0.431373862285));
#6252 = CARTESIAN_POINT('',(-63.23474418519,-63.,0.398071898408));
#6253 = CARTESIAN_POINT('',(-63.19846575937,-63.,0.366672122888));
#6254 = CARTESIAN_POINT('',(-63.15985431874,-63.,0.337272513066));
#6255 = CARTESIAN_POINT('',(-63.11915147795,-63.,0.309933730902));
#6256 = CARTESIAN_POINT('',(-62.96997630479,-63.,0.22146098769));
#6257 = CARTESIAN_POINT('',(-62.85175273204,-63.,0.171407386622));
#6258 = CARTESIAN_POINT('',(-62.72534097674,-63.,0.134882908858));
#6259 = CARTESIAN_POINT('',(-62.59365437713,-63.,0.111368033341));
#6260 = CARTESIAN_POINT('',(-62.45889567233,-63.,1.E-01));
#6261 = CARTESIAN_POINT('',(-62.32264954516,-63.,1.E-01));
#6262 = PCURVE('',#1867,#6263);
#6263 = DEFINITIONAL_REPRESENTATION('',(#6264),#6282);
#6264 = B_SPLINE_CURVE_WITH_KNOTS('',6,(#6265,#6266,#6267,#6268,#6269,
    #6270,#6271,#6272,#6273,#6274,#6275,#6276,#6277,#6278,#6279,#6280,
    #6281),.UNSPECIFIED.,.F.,.F.,(7,5,5,7),(0.,0.335939372523,
    0.525434601001,1.),.UNSPECIFIED.);
#6265 = CARTESIAN_POINT('',(0.841068670568,0.));
#6266 = CARTESIAN_POINT('',(0.841068670568,9.707223962353E-02));
#6267 = CARTESIAN_POINT('',(0.839720074925,0.194193376958));
#6268 = CARTESIAN_POINT('',(0.837020906761,0.290695328417));
#6269 = CARTESIAN_POINT('',(0.833023948733,0.386182301503));
#6270 = CARTESIAN_POINT('',(0.827799308624,0.480314461019));
#6271 = CARTESIAN_POINT('',(0.817866645436,0.624912194855));
#6272 = CARTESIAN_POINT('',(0.813924570741,0.676549080027));
#6273 = CARTESIAN_POINT('',(0.8096384897,0.727639407786));
#6274 = CARTESIAN_POINT('',(0.80502487701,0.778163813643));
#6275 = CARTESIAN_POINT('',(0.800100142238,0.828115268821));
#6276 = CARTESIAN_POINT('',(0.781806837887,1.001162549221));
#6277 = CARTESIAN_POINT('',(0.766891144257,1.121152118616));
#6278 = CARTESIAN_POINT('',(0.750365136366,1.237704287109));
#6279 = CARTESIAN_POINT('',(0.732439487689,1.351172696425));
#6280 = CARTESIAN_POINT('',(0.713314660117,1.461974660336));
#6281 = CARTESIAN_POINT('',(0.693159907577,1.570796326795));
#6282 = ( GEOMETRIC_REPRESENTATION_CONTEXT(2) 
PARAMETRIC_REPRESENTATION_CONTEXT() REPRESENTATION_CONTEXT('2D SPACE',''
  ) );
#6283 = PCURVE('',#1835,#6284);
#6284 = DEFINITIONAL_REPRESENTATION('',(#6285),#6303);
#6285 = B_SPLINE_CURVE_WITH_KNOTS('',6,(#6286,#6287,#6288,#6289,#6290,
    #6291,#6292,#6293,#6294,#6295,#6296,#6297,#6298,#6299,#6300,#6301,
    #6302),.UNSPECIFIED.,.F.,.F.,(7,5,5,7),(0.,0.335939372523,
    0.525434601001,1.),.UNSPECIFIED.);
#6286 = CARTESIAN_POINT('',(1.8,2.786404500042E-02));
#6287 = CARTESIAN_POINT('',(1.722342208301,2.786404500042E-02));
#6288 = CARTESIAN_POINT('',(1.644644878686,4.000102202096E-02));
#6289 = CARTESIAN_POINT('',(1.568762644237,6.429549894924E-02));
#6290 = CARTESIAN_POINT('',(1.496325040725,9.998783911428E-02));
#6291 = CARTESIAN_POINT('',(1.428590543681,0.145926287642));
#6292 = CARTESIAN_POINT('',(1.331373862285,0.231556277888));
#6293 = CARTESIAN_POINT('',(1.298071898408,0.265255814803));
#6294 = CARTESIAN_POINT('',(1.266672122888,0.30153424063));
#6295 = CARTESIAN_POINT('',(1.237272513066,0.340145681253));
#6296 = CARTESIAN_POINT('',(1.209933730902,0.380848522046));
#6297 = CARTESIAN_POINT('',(1.12146098769,0.530023695209));
#6298 = CARTESIAN_POINT('',(1.071407386622,0.648247267953));
#6299 = CARTESIAN_POINT('',(1.034882908858,0.774659023255));
#6300 = CARTESIAN_POINT('',(1.011368033341,0.906345622867));
#6301 = CARTESIAN_POINT('',(1.,1.041104327663));
#6302 = CARTESIAN_POINT('',(1.,1.177350454833));
#6303 = ( GEOMETRIC_REPRESENTATION_CONTEXT(2) 
PARAMETRIC_REPRESENTATION_CONTEXT() REPRESENTATION_CONTEXT('2D SPACE',''
  ) );
#6304 = ORIENTED_EDGE('',*,*,#1846,.F.);
#6305 = ADVANCED_FACE('',(#6306),#1835,.T.);
#6306 = FACE_BOUND('',#6307,.T.);
#6307 = EDGE_LOOP('',(#6308,#6329,#6330,#6331,#6350));
#6308 = ORIENTED_EDGE('',*,*,#6309,.F.);
#6309 = EDGE_CURVE('',#1795,#3137,#6310,.T.);
#6310 = SURFACE_CURVE('',#6311,(#6315,#6322),.PCURVE_S1.);
#6311 = LINE('',#6312,#6313);
#6312 = CARTESIAN_POINT('',(-62.3,-63.,-0.9));
#6313 = VECTOR('',#6314,1.);
#6314 = DIRECTION('',(0.,0.,1.));
#6315 = PCURVE('',#1835,#6316);
#6316 = DEFINITIONAL_REPRESENTATION('',(#6317),#6321);
#6317 = LINE('',#6318,#6319);
#6318 = CARTESIAN_POINT('',(0.,1.2));
#6319 = VECTOR('',#6320,1.);
#6320 = DIRECTION('',(1.,0.));
#6321 = ( GEOMETRIC_REPRESENTATION_CONTEXT(2) 
PARAMETRIC_REPRESENTATION_CONTEXT() REPRESENTATION_CONTEXT('2D SPACE',''
  ) );
#6322 = PCURVE('',#1809,#6323);
#6323 = DEFINITIONAL_REPRESENTATION('',(#6324),#6328);
#6324 = LINE('',#6325,#6326);
#6325 = CARTESIAN_POINT('',(0.,0.));
#6326 = VECTOR('',#6327,1.);
#6327 = DIRECTION('',(1.,0.));
#6328 = ( GEOMETRIC_REPRESENTATION_CONTEXT(2) 
PARAMETRIC_REPRESENTATION_CONTEXT() REPRESENTATION_CONTEXT('2D SPACE',''
  ) );
#6329 = ORIENTED_EDGE('',*,*,#1820,.T.);
#6330 = ORIENTED_EDGE('',*,*,#6242,.F.);
#6331 = ORIENTED_EDGE('',*,*,#6332,.F.);
#6332 = EDGE_CURVE('',#3215,#6219,#6333,.T.);
#6333 = SURFACE_CURVE('',#6334,(#6338,#6344),.PCURVE_S1.);
#6334 = LINE('',#6335,#6336);
#6335 = CARTESIAN_POINT('',(-63.472135955,-63.,1.E-01));
#6336 = VECTOR('',#6337,1.);
#6337 = DIRECTION('',(-0.,-0.,-1.));
#6338 = PCURVE('',#1835,#6339);
#6339 = DEFINITIONAL_REPRESENTATION('',(#6340),#6343);
#6340 = B_SPLINE_CURVE_WITH_KNOTS('',1,(#6341,#6342),.UNSPECIFIED.,.F.,
  .F.,(2,2),(-4.7000006,-0.7999994),.PIECEWISE_BEZIER_KNOTS.);
#6341 = CARTESIAN_POINT('',(5.7000006,2.786404500042E-02));
#6342 = CARTESIAN_POINT('',(1.7999994,2.786404500042E-02));
#6343 = ( GEOMETRIC_REPRESENTATION_CONTEXT(2) 
PARAMETRIC_REPRESENTATION_CONTEXT() REPRESENTATION_CONTEXT('2D SPACE',''
  ) );
#6344 = PCURVE('',#3352,#6345);
#6345 = DEFINITIONAL_REPRESENTATION('',(#6346),#6349);
#6346 = B_SPLINE_CURVE_WITH_KNOTS('',1,(#6347,#6348),.UNSPECIFIED.,.F.,
  .F.,(2,2),(-4.7000006,-0.7999994),.PIECEWISE_BEZIER_KNOTS.);
#6347 = CARTESIAN_POINT('',(-3.871320309817,-4.7000006));
#6348 = CARTESIAN_POINT('',(-3.871320309817,-0.7999994));
#6349 = ( GEOMETRIC_REPRESENTATION_CONTEXT(2) 
PARAMETRIC_REPRESENTATION_CONTEXT() REPRESENTATION_CONTEXT('2D SPACE',''
  ) );
#6350 = ORIENTED_EDGE('',*,*,#3241,.F.);
#6351 = ADVANCED_FACE('',(#6352),#1809,.F.);
#6352 = FACE_BOUND('',#6353,.F.);
#6353 = EDGE_LOOP('',(#6354,#6355,#6356,#6357));
#6354 = ORIENTED_EDGE('',*,*,#6309,.F.);
#6355 = ORIENTED_EDGE('',*,*,#1794,.T.);
#6356 = ORIENTED_EDGE('',*,*,#3033,.T.);
#6357 = ORIENTED_EDGE('',*,*,#3161,.F.);
#6358 = ADVANCED_FACE('',(#6359),#2714,.T.);
#6359 = FACE_BOUND('',#6360,.T.);
#6360 = EDGE_LOOP('',(#6361,#6382,#6383,#6404));
#6361 = ORIENTED_EDGE('',*,*,#6362,.F.);
#6362 = EDGE_CURVE('',#2698,#4072,#6363,.T.);
#6363 = SURFACE_CURVE('',#6364,(#6368,#6375),.PCURVE_S1.);
#6364 = LINE('',#6365,#6366);
#6365 = CARTESIAN_POINT('',(63.5,-11.,-0.9));
#6366 = VECTOR('',#6367,1.);
#6367 = DIRECTION('',(0.,0.,1.));
#6368 = PCURVE('',#2714,#6369);
#6369 = DEFINITIONAL_REPRESENTATION('',(#6370),#6374);
#6370 = LINE('',#6371,#6372);
#6371 = CARTESIAN_POINT('',(0.,1.2));
#6372 = VECTOR('',#6373,1.);
#6373 = DIRECTION('',(1.,0.));
#6374 = ( GEOMETRIC_REPRESENTATION_CONTEXT(2) 
PARAMETRIC_REPRESENTATION_CONTEXT() REPRESENTATION_CONTEXT('2D SPACE',''
  ) );
#6375 = PCURVE('',#2790,#6376);
#6376 = DEFINITIONAL_REPRESENTATION('',(#6377),#6381);
#6377 = LINE('',#6378,#6379);
#6378 = CARTESIAN_POINT('',(0.,0.));
#6379 = VECTOR('',#6380,1.);
#6380 = DIRECTION('',(1.,0.));
#6381 = ( GEOMETRIC_REPRESENTATION_CONTEXT(2) 
PARAMETRIC_REPRESENTATION_CONTEXT() REPRESENTATION_CONTEXT('2D SPACE',''
  ) );
#6382 = ORIENTED_EDGE('',*,*,#2697,.T.);
#6383 = ORIENTED_EDGE('',*,*,#6384,.T.);
#6384 = EDGE_CURVE('',#2700,#4096,#6385,.T.);
#6385 = SURFACE_CURVE('',#6386,(#6390,#6397),.PCURVE_S1.);
#6386 = LINE('',#6387,#6388);
#6387 = CARTESIAN_POINT('',(62.3,-11.,-0.9));
#6388 = VECTOR('',#6389,1.);
#6389 = DIRECTION('',(0.,0.,1.));
#6390 = PCURVE('',#2714,#6391);
#6391 = DEFINITIONAL_REPRESENTATION('',(#6392),#6396);
#6392 = LINE('',#6393,#6394);
#6393 = CARTESIAN_POINT('',(0.,0.));
#6394 = VECTOR('',#6395,1.);
#6395 = DIRECTION('',(1.,0.));
#6396 = ( GEOMETRIC_REPRESENTATION_CONTEXT(2) 
PARAMETRIC_REPRESENTATION_CONTEXT() REPRESENTATION_CONTEXT('2D SPACE',''
  ) );
#6397 = PCURVE('',#2740,#6398);
#6398 = DEFINITIONAL_REPRESENTATION('',(#6399),#6403);
#6399 = LINE('',#6400,#6401);
#6400 = CARTESIAN_POINT('',(0.,0.));
#6401 = VECTOR('',#6402,1.);
#6402 = DIRECTION('',(1.,0.));
#6403 = ( GEOMETRIC_REPRESENTATION_CONTEXT(2) 
PARAMETRIC_REPRESENTATION_CONTEXT() REPRESENTATION_CONTEXT('2D SPACE',''
  ) );
#6404 = ORIENTED_EDGE('',*,*,#4118,.F.);
#6405 = ADVANCED_FACE('',(#6406),#2790,.F.);
#6406 = FACE_BOUND('',#6407,.F.);
#6407 = EDGE_LOOP('',(#6408,#6409,#6410,#6431));
#6408 = ORIENTED_EDGE('',*,*,#6362,.F.);
#6409 = ORIENTED_EDGE('',*,*,#2777,.T.);
#6410 = ORIENTED_EDGE('',*,*,#6411,.T.);
#6411 = EDGE_CURVE('',#2752,#4145,#6412,.T.);
#6412 = SURFACE_CURVE('',#6413,(#6417,#6424),.PCURVE_S1.);
#6413 = LINE('',#6414,#6415);
#6414 = CARTESIAN_POINT('',(63.5,11.,-0.9));
#6415 = VECTOR('',#6416,1.);
#6416 = DIRECTION('',(0.,0.,1.));
#6417 = PCURVE('',#2790,#6418);
#6418 = DEFINITIONAL_REPRESENTATION('',(#6419),#6423);
#6419 = LINE('',#6420,#6421);
#6420 = CARTESIAN_POINT('',(0.,-22.));
#6421 = VECTOR('',#6422,1.);
#6422 = DIRECTION('',(1.,0.));
#6423 = ( GEOMETRIC_REPRESENTATION_CONTEXT(2) 
PARAMETRIC_REPRESENTATION_CONTEXT() REPRESENTATION_CONTEXT('2D SPACE',''
  ) );
#6424 = PCURVE('',#2766,#6425);
#6425 = DEFINITIONAL_REPRESENTATION('',(#6426),#6430);
#6426 = LINE('',#6427,#6428);
#6427 = CARTESIAN_POINT('',(0.,1.2));
#6428 = VECTOR('',#6429,1.);
#6429 = DIRECTION('',(1.,0.));
#6430 = ( GEOMETRIC_REPRESENTATION_CONTEXT(2) 
PARAMETRIC_REPRESENTATION_CONTEXT() REPRESENTATION_CONTEXT('2D SPACE',''
  ) );
#6431 = ORIENTED_EDGE('',*,*,#4167,.F.);
#6432 = ADVANCED_FACE('',(#6433),#2740,.T.);
#6433 = FACE_BOUND('',#6434,.T.);
#6434 = EDGE_LOOP('',(#6435,#6436,#6437,#6458));
#6435 = ORIENTED_EDGE('',*,*,#6384,.F.);
#6436 = ORIENTED_EDGE('',*,*,#2725,.T.);
#6437 = ORIENTED_EDGE('',*,*,#6438,.T.);
#6438 = EDGE_CURVE('',#2726,#4194,#6439,.T.);
#6439 = SURFACE_CURVE('',#6440,(#6444,#6451),.PCURVE_S1.);
#6440 = LINE('',#6441,#6442);
#6441 = CARTESIAN_POINT('',(62.3,11.,-0.9));
#6442 = VECTOR('',#6443,1.);
#6443 = DIRECTION('',(0.,0.,1.));
#6444 = PCURVE('',#2740,#6445);
#6445 = DEFINITIONAL_REPRESENTATION('',(#6446),#6450);
#6446 = LINE('',#6447,#6448);
#6447 = CARTESIAN_POINT('',(0.,-22.));
#6448 = VECTOR('',#6449,1.);
#6449 = DIRECTION('',(1.,0.));
#6450 = ( GEOMETRIC_REPRESENTATION_CONTEXT(2) 
PARAMETRIC_REPRESENTATION_CONTEXT() REPRESENTATION_CONTEXT('2D SPACE',''
  ) );
#6451 = PCURVE('',#2766,#6452);
#6452 = DEFINITIONAL_REPRESENTATION('',(#6453),#6457);
#6453 = LINE('',#6454,#6455);
#6454 = CARTESIAN_POINT('',(0.,0.));
#6455 = VECTOR('',#6456,1.);
#6456 = DIRECTION('',(1.,0.));
#6457 = ( GEOMETRIC_REPRESENTATION_CONTEXT(2) 
PARAMETRIC_REPRESENTATION_CONTEXT() REPRESENTATION_CONTEXT('2D SPACE',''
  ) );
#6458 = ORIENTED_EDGE('',*,*,#4216,.F.);
#6459 = ADVANCED_FACE('',(#6460),#2766,.F.);
#6460 = FACE_BOUND('',#6461,.F.);
#6461 = EDGE_LOOP('',(#6462,#6463,#6464,#6465));
#6462 = ORIENTED_EDGE('',*,*,#6411,.F.);
#6463 = ORIENTED_EDGE('',*,*,#2751,.T.);
#6464 = ORIENTED_EDGE('',*,*,#6438,.T.);
#6465 = ORIENTED_EDGE('',*,*,#4243,.F.);
#6466 = ADVANCED_FACE('',(#6467),#3011,.F.);
#6467 = FACE_BOUND('',#6468,.F.);
#6468 = EDGE_LOOP('',(#6469,#6470,#6491,#6492));
#6469 = ORIENTED_EDGE('',*,*,#2997,.F.);
#6470 = ORIENTED_EDGE('',*,*,#6471,.T.);
#6471 = EDGE_CURVE('',#2970,#4595,#6472,.T.);
#6472 = SURFACE_CURVE('',#6473,(#6477,#6484),.PCURVE_S1.);
#6473 = LINE('',#6474,#6475);
#6474 = CARTESIAN_POINT('',(-56.,-43.,-1.8));
#6475 = VECTOR('',#6476,1.);
#6476 = DIRECTION('',(1.,0.,-0.));
#6477 = PCURVE('',#3011,#6478);
#6478 = DEFINITIONAL_REPRESENTATION('',(#6479),#6483);
#6479 = LINE('',#6480,#6481);
#6480 = CARTESIAN_POINT('',(0.,0.));
#6481 = VECTOR('',#6482,1.);
#6482 = DIRECTION('',(1.,0.));
#6483 = ( GEOMETRIC_REPRESENTATION_CONTEXT(2) 
PARAMETRIC_REPRESENTATION_CONTEXT() REPRESENTATION_CONTEXT('2D SPACE',''
  ) );
#6484 = PCURVE('',#2985,#6485);
#6485 = DEFINITIONAL_REPRESENTATION('',(#6486),#6490);
#6486 = LINE('',#6487,#6488);
#6487 = CARTESIAN_POINT('',(1.8,0.));
#6488 = VECTOR('',#6489,1.);
#6489 = DIRECTION('',(0.,1.));
#6490 = ( GEOMETRIC_REPRESENTATION_CONTEXT(2) 
PARAMETRIC_REPRESENTATION_CONTEXT() REPRESENTATION_CONTEXT('2D SPACE',''
  ) );
#6491 = ORIENTED_EDGE('',*,*,#4617,.T.);
#6492 = ORIENTED_EDGE('',*,*,#4688,.F.);
#6493 = ADVANCED_FACE('',(#6494),#2985,.T.);
#6494 = FACE_BOUND('',#6495,.T.);
#6495 = EDGE_LOOP('',(#6496,#6497,#6518,#6519));
#6496 = ORIENTED_EDGE('',*,*,#4594,.F.);
#6497 = ORIENTED_EDGE('',*,*,#6498,.F.);
#6498 = EDGE_CURVE('',#2937,#4567,#6499,.T.);
#6499 = SURFACE_CURVE('',#6500,(#6504,#6511),.PCURVE_S1.);
#6500 = LINE('',#6501,#6502);
#6501 = CARTESIAN_POINT('',(-56.,-43.,-2.8));
#6502 = VECTOR('',#6503,1.);
#6503 = DIRECTION('',(1.,0.,-0.));
#6504 = PCURVE('',#2985,#6505);
#6505 = DEFINITIONAL_REPRESENTATION('',(#6506),#6510);
#6506 = LINE('',#6507,#6508);
#6507 = CARTESIAN_POINT('',(0.8,0.));
#6508 = VECTOR('',#6509,1.);
#6509 = DIRECTION('',(0.,1.));
#6510 = ( GEOMETRIC_REPRESENTATION_CONTEXT(2) 
PARAMETRIC_REPRESENTATION_CONTEXT() REPRESENTATION_CONTEXT('2D SPACE',''
  ) );
#6511 = PCURVE('',#2957,#6512);
#6512 = DEFINITIONAL_REPRESENTATION('',(#6513),#6517);
#6513 = LINE('',#6514,#6515);
#6514 = CARTESIAN_POINT('',(-0.,0.));
#6515 = VECTOR('',#6516,1.);
#6516 = DIRECTION('',(-0.,1.));
#6517 = ( GEOMETRIC_REPRESENTATION_CONTEXT(2) 
PARAMETRIC_REPRESENTATION_CONTEXT() REPRESENTATION_CONTEXT('2D SPACE',''
  ) );
#6518 = ORIENTED_EDGE('',*,*,#2969,.T.);
#6519 = ORIENTED_EDGE('',*,*,#6471,.T.);
#6520 = ADVANCED_FACE('',(#6521),#2957,.T.);
#6521 = FACE_BOUND('',#6522,.F.);
#6522 = EDGE_LOOP('',(#6523,#6524,#6545,#6546));
#6523 = ORIENTED_EDGE('',*,*,#2936,.T.);
#6524 = ORIENTED_EDGE('',*,*,#6525,.T.);
#6525 = EDGE_CURVE('',#2909,#4544,#6526,.T.);
#6526 = SURFACE_CURVE('',#6527,(#6531,#6538),.PCURVE_S1.);
#6527 = LINE('',#6528,#6529);
#6528 = CARTESIAN_POINT('',(-56.,-43.8,-3.6));
#6529 = VECTOR('',#6530,1.);
#6530 = DIRECTION('',(1.,0.,-0.));
#6531 = PCURVE('',#2957,#6532);
#6532 = DEFINITIONAL_REPRESENTATION('',(#6533),#6537);
#6533 = LINE('',#6534,#6535);
#6534 = CARTESIAN_POINT('',(-1.570796326795,0.));
#6535 = VECTOR('',#6536,1.);
#6536 = DIRECTION('',(-0.,1.));
#6537 = ( GEOMETRIC_REPRESENTATION_CONTEXT(2) 
PARAMETRIC_REPRESENTATION_CONTEXT() REPRESENTATION_CONTEXT('2D SPACE',''
  ) );
#6538 = PCURVE('',#2924,#6539);
#6539 = DEFINITIONAL_REPRESENTATION('',(#6540),#6544);
#6540 = LINE('',#6541,#6542);
#6541 = CARTESIAN_POINT('',(0.,7.2));
#6542 = VECTOR('',#6543,1.);
#6543 = DIRECTION('',(1.,0.));
#6544 = ( GEOMETRIC_REPRESENTATION_CONTEXT(2) 
PARAMETRIC_REPRESENTATION_CONTEXT() REPRESENTATION_CONTEXT('2D SPACE',''
  ) );
#6545 = ORIENTED_EDGE('',*,*,#4566,.F.);
#6546 = ORIENTED_EDGE('',*,*,#6498,.F.);
#6547 = ADVANCED_FACE('',(#6548),#2924,.F.);
#6548 = FACE_BOUND('',#6549,.F.);
#6549 = EDGE_LOOP('',(#6550,#6551,#6572,#6573));
#6550 = ORIENTED_EDGE('',*,*,#2908,.F.);
#6551 = ORIENTED_EDGE('',*,*,#6552,.T.);
#6552 = EDGE_CURVE('',#2876,#4516,#6553,.T.);
#6553 = SURFACE_CURVE('',#6554,(#6558,#6565),.PCURVE_S1.);
#6554 = LINE('',#6555,#6556);
#6555 = CARTESIAN_POINT('',(-56.,-50.2,-3.6));
#6556 = VECTOR('',#6557,1.);
#6557 = DIRECTION('',(1.,0.,-0.));
#6558 = PCURVE('',#2924,#6559);
#6559 = DEFINITIONAL_REPRESENTATION('',(#6560),#6564);
#6560 = LINE('',#6561,#6562);
#6561 = CARTESIAN_POINT('',(0.,0.8));
#6562 = VECTOR('',#6563,1.);
#6563 = DIRECTION('',(1.,0.));
#6564 = ( GEOMETRIC_REPRESENTATION_CONTEXT(2) 
PARAMETRIC_REPRESENTATION_CONTEXT() REPRESENTATION_CONTEXT('2D SPACE',''
  ) );
#6565 = PCURVE('',#2896,#6566);
#6566 = DEFINITIONAL_REPRESENTATION('',(#6567),#6571);
#6567 = LINE('',#6568,#6569);
#6568 = CARTESIAN_POINT('',(-0.,0.));
#6569 = VECTOR('',#6570,1.);
#6570 = DIRECTION('',(-0.,1.));
#6571 = ( GEOMETRIC_REPRESENTATION_CONTEXT(2) 
PARAMETRIC_REPRESENTATION_CONTEXT() REPRESENTATION_CONTEXT('2D SPACE',''
  ) );
#6572 = ORIENTED_EDGE('',*,*,#4543,.T.);
#6573 = ORIENTED_EDGE('',*,*,#6525,.F.);
#6574 = ADVANCED_FACE('',(#6575),#2896,.T.);
#6575 = FACE_BOUND('',#6576,.F.);
#6576 = EDGE_LOOP('',(#6577,#6578,#6579,#6580));
#6577 = ORIENTED_EDGE('',*,*,#2875,.T.);
#6578 = ORIENTED_EDGE('',*,*,#4290,.T.);
#6579 = ORIENTED_EDGE('',*,*,#4515,.F.);
#6580 = ORIENTED_EDGE('',*,*,#6552,.F.);
#6581 = ADVANCED_FACE('',(#6582),#3352,.T.);
#6582 = FACE_BOUND('',#6583,.F.);
#6583 = EDGE_LOOP('',(#6584,#6605,#6606,#6607));
#6584 = ORIENTED_EDGE('',*,*,#6585,.F.);
#6585 = EDGE_CURVE('',#6172,#3317,#6586,.T.);
#6586 = SURFACE_CURVE('',#6587,(#6591,#6598),.PCURVE_S1.);
#6587 = LINE('',#6588,#6589);
#6588 = CARTESIAN_POINT('',(-59.,-65.,1.E-01));
#6589 = VECTOR('',#6590,1.);
#6590 = DIRECTION('',(0.,0.,1.));
#6591 = PCURVE('',#3352,#6592);
#6592 = DEFINITIONAL_REPRESENTATION('',(#6593),#6597);
#6593 = LINE('',#6594,#6595);
#6594 = CARTESIAN_POINT('',(-4.712388980385,0.));
#6595 = VECTOR('',#6596,1.);
#6596 = DIRECTION('',(-0.,-1.));
#6597 = ( GEOMETRIC_REPRESENTATION_CONTEXT(2) 
PARAMETRIC_REPRESENTATION_CONTEXT() REPRESENTATION_CONTEXT('2D SPACE',''
  ) );
#6598 = PCURVE('',#3453,#6599);
#6599 = DEFINITIONAL_REPRESENTATION('',(#6600),#6604);
#6600 = LINE('',#6601,#6602);
#6601 = CARTESIAN_POINT('',(0.,0.));
#6602 = VECTOR('',#6603,1.);
#6603 = DIRECTION('',(0.,-1.));
#6604 = ( GEOMETRIC_REPRESENTATION_CONTEXT(2) 
PARAMETRIC_REPRESENTATION_CONTEXT() REPRESENTATION_CONTEXT('2D SPACE',''
  ) );
#6605 = ORIENTED_EDGE('',*,*,#6218,.T.);
#6606 = ORIENTED_EDGE('',*,*,#6332,.F.);
#6607 = ORIENTED_EDGE('',*,*,#3337,.T.);
#6608 = ADVANCED_FACE('',(#6609),#3453,.F.);
#6609 = FACE_BOUND('',#6610,.F.);
#6610 = EDGE_LOOP('',(#6611,#6612,#6613,#6634));
#6611 = ORIENTED_EDGE('',*,*,#6585,.T.);
#6612 = ORIENTED_EDGE('',*,*,#3439,.T.);
#6613 = ORIENTED_EDGE('',*,*,#6614,.F.);
#6614 = EDGE_CURVE('',#6122,#3419,#6615,.T.);
#6615 = SURFACE_CURVE('',#6616,(#6620,#6627),.PCURVE_S1.);
#6616 = LINE('',#6617,#6618);
#6617 = CARTESIAN_POINT('',(59.,-65.,1.E-01));
#6618 = VECTOR('',#6619,1.);
#6619 = DIRECTION('',(0.,0.,1.));
#6620 = PCURVE('',#3453,#6621);
#6621 = DEFINITIONAL_REPRESENTATION('',(#6622),#6626);
#6622 = LINE('',#6623,#6624);
#6623 = CARTESIAN_POINT('',(118.,0.));
#6624 = VECTOR('',#6625,1.);
#6625 = DIRECTION('',(0.,-1.));
#6626 = ( GEOMETRIC_REPRESENTATION_CONTEXT(2) 
PARAMETRIC_REPRESENTATION_CONTEXT() REPRESENTATION_CONTEXT('2D SPACE',''
  ) );
#6627 = PCURVE('',#3555,#6628);
#6628 = DEFINITIONAL_REPRESENTATION('',(#6629),#6633);
#6629 = LINE('',#6630,#6631);
#6630 = CARTESIAN_POINT('',(-4.712388980385,0.));
#6631 = VECTOR('',#6632,1.);
#6632 = DIRECTION('',(-0.,-1.));
#6633 = ( GEOMETRIC_REPRESENTATION_CONTEXT(2) 
PARAMETRIC_REPRESENTATION_CONTEXT() REPRESENTATION_CONTEXT('2D SPACE',''
  ) );
#6634 = ORIENTED_EDGE('',*,*,#6193,.T.);
#6635 = ADVANCED_FACE('',(#6636),#3555,.T.);
#6636 = FACE_BOUND('',#6637,.F.);
#6637 = EDGE_LOOP('',(#6638,#6639,#6640,#6661));
#6638 = ORIENTED_EDGE('',*,*,#6614,.T.);
#6639 = ORIENTED_EDGE('',*,*,#3540,.T.);
#6640 = ORIENTED_EDGE('',*,*,#6641,.F.);
#6641 = EDGE_CURVE('',#6075,#3520,#6642,.T.);
#6642 = SURFACE_CURVE('',#6643,(#6647,#6654),.PCURVE_S1.);
#6643 = LINE('',#6644,#6645);
#6644 = CARTESIAN_POINT('',(65.,-59.,1.E-01));
#6645 = VECTOR('',#6646,1.);
#6646 = DIRECTION('',(0.,0.,1.));
#6647 = PCURVE('',#3555,#6648);
#6648 = DEFINITIONAL_REPRESENTATION('',(#6649),#6653);
#6649 = LINE('',#6650,#6651);
#6650 = CARTESIAN_POINT('',(-6.28318530718,0.));
#6651 = VECTOR('',#6652,1.);
#6652 = DIRECTION('',(-0.,-1.));
#6653 = ( GEOMETRIC_REPRESENTATION_CONTEXT(2) 
PARAMETRIC_REPRESENTATION_CONTEXT() REPRESENTATION_CONTEXT('2D SPACE',''
  ) );
#6654 = PCURVE('',#3659,#6655);
#6655 = DEFINITIONAL_REPRESENTATION('',(#6656),#6660);
#6656 = LINE('',#6657,#6658);
#6657 = CARTESIAN_POINT('',(0.,0.));
#6658 = VECTOR('',#6659,1.);
#6659 = DIRECTION('',(0.,-1.));
#6660 = ( GEOMETRIC_REPRESENTATION_CONTEXT(2) 
PARAMETRIC_REPRESENTATION_CONTEXT() REPRESENTATION_CONTEXT('2D SPACE',''
  ) );
#6661 = ORIENTED_EDGE('',*,*,#6121,.T.);
#6662 = ADVANCED_FACE('',(#6663,#6689),#3607,.T.);
#6663 = FACE_BOUND('',#6664,.T.);
#6664 = EDGE_LOOP('',(#6665,#6666,#6667,#6688));
#6665 = ORIENTED_EDGE('',*,*,#4850,.F.);
#6666 = ORIENTED_EDGE('',*,*,#3593,.T.);
#6667 = ORIENTED_EDGE('',*,*,#6668,.F.);
#6668 = EDGE_CURVE('',#5582,#3573,#6669,.T.);
#6669 = SURFACE_CURVE('',#6670,(#6674,#6681),.PCURVE_S1.);
#6670 = LINE('',#6671,#6672);
#6671 = CARTESIAN_POINT('',(-65.,59.,1.E-01));
#6672 = VECTOR('',#6673,1.);
#6673 = DIRECTION('',(0.,0.,1.));
#6674 = PCURVE('',#3607,#6675);
#6675 = DEFINITIONAL_REPRESENTATION('',(#6676),#6680);
#6676 = LINE('',#6677,#6678);
#6677 = CARTESIAN_POINT('',(118.,0.));
#6678 = VECTOR('',#6679,1.);
#6679 = DIRECTION('',(0.,-1.));
#6680 = ( GEOMETRIC_REPRESENTATION_CONTEXT(2) 
PARAMETRIC_REPRESENTATION_CONTEXT() REPRESENTATION_CONTEXT('2D SPACE',''
  ) );
#6681 = PCURVE('',#3718,#6682);
#6682 = DEFINITIONAL_REPRESENTATION('',(#6683),#6687);
#6683 = LINE('',#6684,#6685);
#6684 = CARTESIAN_POINT('',(-3.14159265359,0.));
#6685 = VECTOR('',#6686,1.);
#6686 = DIRECTION('',(-0.,-1.));
#6687 = ( GEOMETRIC_REPRESENTATION_CONTEXT(2) 
PARAMETRIC_REPRESENTATION_CONTEXT() REPRESENTATION_CONTEXT('2D SPACE',''
  ) );
#6688 = ORIENTED_EDGE('',*,*,#5581,.F.);
#6689 = FACE_BOUND('',#6690,.T.);
#6690 = EDGE_LOOP('',(#6691,#6719,#6745,#6771));
#6691 = ORIENTED_EDGE('',*,*,#6692,.F.);
#6692 = EDGE_CURVE('',#6693,#6695,#6697,.T.);
#6693 = VERTEX_POINT('',#6694);
#6694 = CARTESIAN_POINT('',(-65.,46.,2.9));
#6695 = VERTEX_POINT('',#6696);
#6696 = CARTESIAN_POINT('',(-65.,58.,2.9));
#6697 = SURFACE_CURVE('',#6698,(#6702,#6708),.PCURVE_S1.);
#6698 = LINE('',#6699,#6700);
#6699 = CARTESIAN_POINT('',(-65.,-6.5,2.9));
#6700 = VECTOR('',#6701,1.);
#6701 = DIRECTION('',(0.,1.,-0.));
#6702 = PCURVE('',#3607,#6703);
#6703 = DEFINITIONAL_REPRESENTATION('',(#6704),#6707);
#6704 = B_SPLINE_CURVE_WITH_KNOTS('',1,(#6705,#6706),.UNSPECIFIED.,.F.,
  .F.,(2,2),(52.5,64.5),.PIECEWISE_BEZIER_KNOTS.);
#6705 = CARTESIAN_POINT('',(105.,-2.8));
#6706 = CARTESIAN_POINT('',(117.,-2.8));
#6707 = ( GEOMETRIC_REPRESENTATION_CONTEXT(2) 
PARAMETRIC_REPRESENTATION_CONTEXT() REPRESENTATION_CONTEXT('2D SPACE',''
  ) );
#6708 = PCURVE('',#6709,#6714);
#6709 = PLANE('',#6710);
#6710 = AXIS2_PLACEMENT_3D('',#6711,#6712,#6713);
#6711 = CARTESIAN_POINT('',(-65.75,46.,2.9));
#6712 = DIRECTION('',(0.,0.,1.));
#6713 = DIRECTION('',(1.,0.,-0.));
#6714 = DEFINITIONAL_REPRESENTATION('',(#6715),#6718);
#6715 = B_SPLINE_CURVE_WITH_KNOTS('',1,(#6716,#6717),.UNSPECIFIED.,.F.,
  .F.,(2,2),(52.5,64.5),.PIECEWISE_BEZIER_KNOTS.);
#6716 = CARTESIAN_POINT('',(0.75,0.));
#6717 = CARTESIAN_POINT('',(0.75,12.));
#6718 = ( GEOMETRIC_REPRESENTATION_CONTEXT(2) 
PARAMETRIC_REPRESENTATION_CONTEXT() REPRESENTATION_CONTEXT('2D SPACE',''
  ) );
#6719 = ORIENTED_EDGE('',*,*,#6720,.T.);
#6720 = EDGE_CURVE('',#6693,#6721,#6723,.T.);
#6721 = VERTEX_POINT('',#6722);
#6722 = CARTESIAN_POINT('',(-65.,46.,1.3));
#6723 = SURFACE_CURVE('',#6724,(#6728,#6734),.PCURVE_S1.);
#6724 = LINE('',#6725,#6726);
#6725 = CARTESIAN_POINT('',(-65.,46.,0.7));
#6726 = VECTOR('',#6727,1.);
#6727 = DIRECTION('',(0.,0.,-1.));
#6728 = PCURVE('',#3607,#6729);
#6729 = DEFINITIONAL_REPRESENTATION('',(#6730),#6733);
#6730 = B_SPLINE_CURVE_WITH_KNOTS('',1,(#6731,#6732),.UNSPECIFIED.,.F.,
  .F.,(2,2),(-2.2,-0.6),.PIECEWISE_BEZIER_KNOTS.);
#6731 = CARTESIAN_POINT('',(105.,-2.8));
#6732 = CARTESIAN_POINT('',(105.,-1.2));
#6733 = ( GEOMETRIC_REPRESENTATION_CONTEXT(2) 
PARAMETRIC_REPRESENTATION_CONTEXT() REPRESENTATION_CONTEXT('2D SPACE',''
  ) );
#6734 = PCURVE('',#6735,#6740);
#6735 = PLANE('',#6736);
#6736 = AXIS2_PLACEMENT_3D('',#6737,#6738,#6739);
#6737 = CARTESIAN_POINT('',(-65.75,46.,1.3));
#6738 = DIRECTION('',(-0.,1.,0.));
#6739 = DIRECTION('',(0.,0.,1.));
#6740 = DEFINITIONAL_REPRESENTATION('',(#6741),#6744);
#6741 = B_SPLINE_CURVE_WITH_KNOTS('',1,(#6742,#6743),.UNSPECIFIED.,.F.,
  .F.,(2,2),(-2.2,-0.6),.PIECEWISE_BEZIER_KNOTS.);
#6742 = CARTESIAN_POINT('',(1.6,0.75));
#6743 = CARTESIAN_POINT('',(0.,0.75));
#6744 = ( GEOMETRIC_REPRESENTATION_CONTEXT(2) 
PARAMETRIC_REPRESENTATION_CONTEXT() REPRESENTATION_CONTEXT('2D SPACE',''
  ) );
#6745 = ORIENTED_EDGE('',*,*,#6746,.T.);
#6746 = EDGE_CURVE('',#6721,#6747,#6749,.T.);
#6747 = VERTEX_POINT('',#6748);
#6748 = CARTESIAN_POINT('',(-65.,58.,1.3));
#6749 = SURFACE_CURVE('',#6750,(#6754,#6760),.PCURVE_S1.);
#6750 = LINE('',#6751,#6752);
#6751 = CARTESIAN_POINT('',(-65.,-6.5,1.3));
#6752 = VECTOR('',#6753,1.);
#6753 = DIRECTION('',(0.,1.,-0.));
#6754 = PCURVE('',#3607,#6755);
#6755 = DEFINITIONAL_REPRESENTATION('',(#6756),#6759);
#6756 = B_SPLINE_CURVE_WITH_KNOTS('',1,(#6757,#6758),.UNSPECIFIED.,.F.,
  .F.,(2,2),(52.5,64.5),.PIECEWISE_BEZIER_KNOTS.);
#6757 = CARTESIAN_POINT('',(105.,-1.2));
#6758 = CARTESIAN_POINT('',(117.,-1.2));
#6759 = ( GEOMETRIC_REPRESENTATION_CONTEXT(2) 
PARAMETRIC_REPRESENTATION_CONTEXT() REPRESENTATION_CONTEXT('2D SPACE',''
  ) );
#6760 = PCURVE('',#6761,#6766);
#6761 = PLANE('',#6762);
#6762 = AXIS2_PLACEMENT_3D('',#6763,#6764,#6765);
#6763 = CARTESIAN_POINT('',(-65.75,46.,1.3));
#6764 = DIRECTION('',(0.,0.,1.));
#6765 = DIRECTION('',(1.,0.,-0.));
#6766 = DEFINITIONAL_REPRESENTATION('',(#6767),#6770);
#6767 = B_SPLINE_CURVE_WITH_KNOTS('',1,(#6768,#6769),.UNSPECIFIED.,.F.,
  .F.,(2,2),(52.5,64.5),.PIECEWISE_BEZIER_KNOTS.);
#6768 = CARTESIAN_POINT('',(0.75,0.));
#6769 = CARTESIAN_POINT('',(0.75,12.));
#6770 = ( GEOMETRIC_REPRESENTATION_CONTEXT(2) 
PARAMETRIC_REPRESENTATION_CONTEXT() REPRESENTATION_CONTEXT('2D SPACE',''
  ) );
#6771 = ORIENTED_EDGE('',*,*,#6772,.F.);
#6772 = EDGE_CURVE('',#6695,#6747,#6773,.T.);
#6773 = SURFACE_CURVE('',#6774,(#6778,#6784),.PCURVE_S1.);
#6774 = LINE('',#6775,#6776);
#6775 = CARTESIAN_POINT('',(-65.,58.,0.7));
#6776 = VECTOR('',#6777,1.);
#6777 = DIRECTION('',(0.,0.,-1.));
#6778 = PCURVE('',#3607,#6779);
#6779 = DEFINITIONAL_REPRESENTATION('',(#6780),#6783);
#6780 = B_SPLINE_CURVE_WITH_KNOTS('',1,(#6781,#6782),.UNSPECIFIED.,.F.,
  .F.,(2,2),(-2.2,-0.6),.PIECEWISE_BEZIER_KNOTS.);
#6781 = CARTESIAN_POINT('',(117.,-2.8));
#6782 = CARTESIAN_POINT('',(117.,-1.2));
#6783 = ( GEOMETRIC_REPRESENTATION_CONTEXT(2) 
PARAMETRIC_REPRESENTATION_CONTEXT() REPRESENTATION_CONTEXT('2D SPACE',''
  ) );
#6784 = PCURVE('',#6785,#6790);
#6785 = PLANE('',#6786);
#6786 = AXIS2_PLACEMENT_3D('',#6787,#6788,#6789);
#6787 = CARTESIAN_POINT('',(-65.75,58.,1.3));
#6788 = DIRECTION('',(-0.,1.,0.));
#6789 = DIRECTION('',(0.,0.,1.));
#6790 = DEFINITIONAL_REPRESENTATION('',(#6791),#6794);
#6791 = B_SPLINE_CURVE_WITH_KNOTS('',1,(#6792,#6793),.UNSPECIFIED.,.F.,
  .F.,(2,2),(-2.2,-0.6),.PIECEWISE_BEZIER_KNOTS.);
#6792 = CARTESIAN_POINT('',(1.6,0.75));
#6793 = CARTESIAN_POINT('',(0.,0.75));
#6794 = ( GEOMETRIC_REPRESENTATION_CONTEXT(2) 
PARAMETRIC_REPRESENTATION_CONTEXT() REPRESENTATION_CONTEXT('2D SPACE',''
  ) );
#6795 = ADVANCED_FACE('',(#6796,#6822),#3659,.F.);
#6796 = FACE_BOUND('',#6797,.F.);
#6797 = EDGE_LOOP('',(#6798,#6799,#6800,#6821));
#6798 = ORIENTED_EDGE('',*,*,#6641,.T.);
#6799 = ORIENTED_EDGE('',*,*,#3645,.T.);
#6800 = ORIENTED_EDGE('',*,*,#6801,.F.);
#6801 = EDGE_CURVE('',#6025,#3625,#6802,.T.);
#6802 = SURFACE_CURVE('',#6803,(#6807,#6814),.PCURVE_S1.);
#6803 = LINE('',#6804,#6805);
#6804 = CARTESIAN_POINT('',(65.,59.,1.E-01));
#6805 = VECTOR('',#6806,1.);
#6806 = DIRECTION('',(0.,0.,1.));
#6807 = PCURVE('',#3659,#6808);
#6808 = DEFINITIONAL_REPRESENTATION('',(#6809),#6813);
#6809 = LINE('',#6810,#6811);
#6810 = CARTESIAN_POINT('',(118.,0.));
#6811 = VECTOR('',#6812,1.);
#6812 = DIRECTION('',(0.,-1.));
#6813 = ( GEOMETRIC_REPRESENTATION_CONTEXT(2) 
PARAMETRIC_REPRESENTATION_CONTEXT() REPRESENTATION_CONTEXT('2D SPACE',''
  ) );
#6814 = PCURVE('',#3771,#6815);
#6815 = DEFINITIONAL_REPRESENTATION('',(#6816),#6820);
#6816 = LINE('',#6817,#6818);
#6817 = CARTESIAN_POINT('',(-0.,0.));
#6818 = VECTOR('',#6819,1.);
#6819 = DIRECTION('',(-0.,-1.));
#6820 = ( GEOMETRIC_REPRESENTATION_CONTEXT(2) 
PARAMETRIC_REPRESENTATION_CONTEXT() REPRESENTATION_CONTEXT('2D SPACE',''
  ) );
#6821 = ORIENTED_EDGE('',*,*,#6096,.T.);
#6822 = FACE_BOUND('',#6823,.F.);
#6823 = EDGE_LOOP('',(#6824,#6852,#6878,#6904));
#6824 = ORIENTED_EDGE('',*,*,#6825,.F.);
#6825 = EDGE_CURVE('',#6826,#6828,#6830,.T.);
#6826 = VERTEX_POINT('',#6827);
#6827 = CARTESIAN_POINT('',(65.,-6.,2.9));
#6828 = VERTEX_POINT('',#6829);
#6829 = CARTESIAN_POINT('',(65.,6.,2.9));
#6830 = SURFACE_CURVE('',#6831,(#6835,#6841),.PCURVE_S1.);
#6831 = LINE('',#6832,#6833);
#6832 = CARTESIAN_POINT('',(65.,-32.5,2.9));
#6833 = VECTOR('',#6834,1.);
#6834 = DIRECTION('',(0.,1.,-0.));
#6835 = PCURVE('',#3659,#6836);
#6836 = DEFINITIONAL_REPRESENTATION('',(#6837),#6840);
#6837 = B_SPLINE_CURVE_WITH_KNOTS('',1,(#6838,#6839),.UNSPECIFIED.,.F.,
  .F.,(2,2),(26.5,38.5),.PIECEWISE_BEZIER_KNOTS.);
#6838 = CARTESIAN_POINT('',(53.,-2.8));
#6839 = CARTESIAN_POINT('',(65.,-2.8));
#6840 = ( GEOMETRIC_REPRESENTATION_CONTEXT(2) 
PARAMETRIC_REPRESENTATION_CONTEXT() REPRESENTATION_CONTEXT('2D SPACE',''
  ) );
#6841 = PCURVE('',#6842,#6847);
#6842 = PLANE('',#6843);
#6843 = AXIS2_PLACEMENT_3D('',#6844,#6845,#6846);
#6844 = CARTESIAN_POINT('',(64.99,-6.,2.9));
#6845 = DIRECTION('',(0.,0.,1.));
#6846 = DIRECTION('',(1.,0.,-0.));
#6847 = DEFINITIONAL_REPRESENTATION('',(#6848),#6851);
#6848 = B_SPLINE_CURVE_WITH_KNOTS('',1,(#6849,#6850),.UNSPECIFIED.,.F.,
  .F.,(2,2),(26.5,38.5),.PIECEWISE_BEZIER_KNOTS.);
#6849 = CARTESIAN_POINT('',(9.999999999991E-03,0.));
#6850 = CARTESIAN_POINT('',(9.999999999991E-03,12.));
#6851 = ( GEOMETRIC_REPRESENTATION_CONTEXT(2) 
PARAMETRIC_REPRESENTATION_CONTEXT() REPRESENTATION_CONTEXT('2D SPACE',''
  ) );
#6852 = ORIENTED_EDGE('',*,*,#6853,.T.);
#6853 = EDGE_CURVE('',#6826,#6854,#6856,.T.);
#6854 = VERTEX_POINT('',#6855);
#6855 = CARTESIAN_POINT('',(65.,-6.,1.3));
#6856 = SURFACE_CURVE('',#6857,(#6861,#6867),.PCURVE_S1.);
#6857 = LINE('',#6858,#6859);
#6858 = CARTESIAN_POINT('',(65.,-6.,0.7));
#6859 = VECTOR('',#6860,1.);
#6860 = DIRECTION('',(0.,0.,-1.));
#6861 = PCURVE('',#3659,#6862);
#6862 = DEFINITIONAL_REPRESENTATION('',(#6863),#6866);
#6863 = B_SPLINE_CURVE_WITH_KNOTS('',1,(#6864,#6865),.UNSPECIFIED.,.F.,
  .F.,(2,2),(-2.2,-0.6),.PIECEWISE_BEZIER_KNOTS.);
#6864 = CARTESIAN_POINT('',(53.,-2.8));
#6865 = CARTESIAN_POINT('',(53.,-1.2));
#6866 = ( GEOMETRIC_REPRESENTATION_CONTEXT(2) 
PARAMETRIC_REPRESENTATION_CONTEXT() REPRESENTATION_CONTEXT('2D SPACE',''
  ) );
#6867 = PCURVE('',#6868,#6873);
#6868 = PLANE('',#6869);
#6869 = AXIS2_PLACEMENT_3D('',#6870,#6871,#6872);
#6870 = CARTESIAN_POINT('',(64.99,-6.,1.3));
#6871 = DIRECTION('',(-0.,1.,0.));
#6872 = DIRECTION('',(0.,0.,1.));
#6873 = DEFINITIONAL_REPRESENTATION('',(#6874),#6877);
#6874 = B_SPLINE_CURVE_WITH_KNOTS('',1,(#6875,#6876),.UNSPECIFIED.,.F.,
  .F.,(2,2),(-2.2,-0.6),.PIECEWISE_BEZIER_KNOTS.);
#6875 = CARTESIAN_POINT('',(1.6,9.999999999991E-03));
#6876 = CARTESIAN_POINT('',(0.,9.999999999991E-03));
#6877 = ( GEOMETRIC_REPRESENTATION_CONTEXT(2) 
PARAMETRIC_REPRESENTATION_CONTEXT() REPRESENTATION_CONTEXT('2D SPACE',''
  ) );
#6878 = ORIENTED_EDGE('',*,*,#6879,.T.);
#6879 = EDGE_CURVE('',#6854,#6880,#6882,.T.);
#6880 = VERTEX_POINT('',#6881);
#6881 = CARTESIAN_POINT('',(65.,6.,1.3));
#6882 = SURFACE_CURVE('',#6883,(#6887,#6893),.PCURVE_S1.);
#6883 = LINE('',#6884,#6885);
#6884 = CARTESIAN_POINT('',(65.,-32.5,1.3));
#6885 = VECTOR('',#6886,1.);
#6886 = DIRECTION('',(0.,1.,-0.));
#6887 = PCURVE('',#3659,#6888);
#6888 = DEFINITIONAL_REPRESENTATION('',(#6889),#6892);
#6889 = B_SPLINE_CURVE_WITH_KNOTS('',1,(#6890,#6891),.UNSPECIFIED.,.F.,
  .F.,(2,2),(26.5,38.5),.PIECEWISE_BEZIER_KNOTS.);
#6890 = CARTESIAN_POINT('',(53.,-1.2));
#6891 = CARTESIAN_POINT('',(65.,-1.2));
#6892 = ( GEOMETRIC_REPRESENTATION_CONTEXT(2) 
PARAMETRIC_REPRESENTATION_CONTEXT() REPRESENTATION_CONTEXT('2D SPACE',''
  ) );
#6893 = PCURVE('',#6894,#6899);
#6894 = PLANE('',#6895);
#6895 = AXIS2_PLACEMENT_3D('',#6896,#6897,#6898);
#6896 = CARTESIAN_POINT('',(64.99,-6.,1.3));
#6897 = DIRECTION('',(0.,0.,1.));
#6898 = DIRECTION('',(1.,0.,-0.));
#6899 = DEFINITIONAL_REPRESENTATION('',(#6900),#6903);
#6900 = B_SPLINE_CURVE_WITH_KNOTS('',1,(#6901,#6902),.UNSPECIFIED.,.F.,
  .F.,(2,2),(26.5,38.5),.PIECEWISE_BEZIER_KNOTS.);
#6901 = CARTESIAN_POINT('',(9.999999999991E-03,0.));
#6902 = CARTESIAN_POINT('',(9.999999999991E-03,12.));
#6903 = ( GEOMETRIC_REPRESENTATION_CONTEXT(2) 
PARAMETRIC_REPRESENTATION_CONTEXT() REPRESENTATION_CONTEXT('2D SPACE',''
  ) );
#6904 = ORIENTED_EDGE('',*,*,#6905,.F.);
#6905 = EDGE_CURVE('',#6828,#6880,#6906,.T.);
#6906 = SURFACE_CURVE('',#6907,(#6911,#6917),.PCURVE_S1.);
#6907 = LINE('',#6908,#6909);
#6908 = CARTESIAN_POINT('',(65.,6.,0.7));
#6909 = VECTOR('',#6910,1.);
#6910 = DIRECTION('',(0.,0.,-1.));
#6911 = PCURVE('',#3659,#6912);
#6912 = DEFINITIONAL_REPRESENTATION('',(#6913),#6916);
#6913 = B_SPLINE_CURVE_WITH_KNOTS('',1,(#6914,#6915),.UNSPECIFIED.,.F.,
  .F.,(2,2),(-2.2,-0.6),.PIECEWISE_BEZIER_KNOTS.);
#6914 = CARTESIAN_POINT('',(65.,-2.8));
#6915 = CARTESIAN_POINT('',(65.,-1.2));
#6916 = ( GEOMETRIC_REPRESENTATION_CONTEXT(2) 
PARAMETRIC_REPRESENTATION_CONTEXT() REPRESENTATION_CONTEXT('2D SPACE',''
  ) );
#6917 = PCURVE('',#6918,#6923);
#6918 = PLANE('',#6919);
#6919 = AXIS2_PLACEMENT_3D('',#6920,#6921,#6922);
#6920 = CARTESIAN_POINT('',(64.99,6.,1.3));
#6921 = DIRECTION('',(-0.,1.,0.));
#6922 = DIRECTION('',(0.,0.,1.));
#6923 = DEFINITIONAL_REPRESENTATION('',(#6924),#6927);
#6924 = B_SPLINE_CURVE_WITH_KNOTS('',1,(#6925,#6926),.UNSPECIFIED.,.F.,
  .F.,(2,2),(-2.2,-0.6),.PIECEWISE_BEZIER_KNOTS.);
#6925 = CARTESIAN_POINT('',(1.6,9.999999999991E-03));
#6926 = CARTESIAN_POINT('',(0.,9.999999999991E-03));
#6927 = ( GEOMETRIC_REPRESENTATION_CONTEXT(2) 
PARAMETRIC_REPRESENTATION_CONTEXT() REPRESENTATION_CONTEXT('2D SPACE',''
  ) );
#6928 = ADVANCED_FACE('',(#6929),#3718,.T.);
#6929 = FACE_BOUND('',#6930,.F.);
#6930 = EDGE_LOOP('',(#6931,#6932,#6933,#6934));
#6931 = ORIENTED_EDGE('',*,*,#6668,.F.);
#6932 = ORIENTED_EDGE('',*,*,#5630,.T.);
#6933 = ORIENTED_EDGE('',*,*,#5759,.F.);
#6934 = ORIENTED_EDGE('',*,*,#3703,.F.);
#6935 = ADVANCED_FACE('',(#6936),#3771,.T.);
#6936 = FACE_BOUND('',#6937,.F.);
#6937 = EDGE_LOOP('',(#6938,#6939,#6940,#6961));
#6938 = ORIENTED_EDGE('',*,*,#6801,.T.);
#6939 = ORIENTED_EDGE('',*,*,#3756,.T.);
#6940 = ORIENTED_EDGE('',*,*,#6941,.F.);
#6941 = EDGE_CURVE('',#5978,#3736,#6942,.T.);
#6942 = SURFACE_CURVE('',#6943,(#6947,#6954),.PCURVE_S1.);
#6943 = LINE('',#6944,#6945);
#6944 = CARTESIAN_POINT('',(59.,65.,1.E-01));
#6945 = VECTOR('',#6946,1.);
#6946 = DIRECTION('',(0.,0.,1.));
#6947 = PCURVE('',#3771,#6948);
#6948 = DEFINITIONAL_REPRESENTATION('',(#6949),#6953);
#6949 = LINE('',#6950,#6951);
#6950 = CARTESIAN_POINT('',(-1.570796326795,0.));
#6951 = VECTOR('',#6952,1.);
#6952 = DIRECTION('',(-0.,-1.));
#6953 = ( GEOMETRIC_REPRESENTATION_CONTEXT(2) 
PARAMETRIC_REPRESENTATION_CONTEXT() REPRESENTATION_CONTEXT('2D SPACE',''
  ) );
#6954 = PCURVE('',#3872,#6955);
#6955 = DEFINITIONAL_REPRESENTATION('',(#6956),#6960);
#6956 = LINE('',#6957,#6958);
#6957 = CARTESIAN_POINT('',(118.,0.));
#6958 = VECTOR('',#6959,1.);
#6959 = DIRECTION('',(0.,-1.));
#6960 = ( GEOMETRIC_REPRESENTATION_CONTEXT(2) 
PARAMETRIC_REPRESENTATION_CONTEXT() REPRESENTATION_CONTEXT('2D SPACE',''
  ) );
#6961 = ORIENTED_EDGE('',*,*,#6024,.T.);
#6962 = ADVANCED_FACE('',(#6963),#3872,.T.);
#6963 = FACE_BOUND('',#6964,.T.);
#6964 = EDGE_LOOP('',(#6965,#6986,#6987,#6988));
#6965 = ORIENTED_EDGE('',*,*,#6966,.T.);
#6966 = EDGE_CURVE('',#5928,#3838,#6967,.T.);
#6967 = SURFACE_CURVE('',#6968,(#6972,#6979),.PCURVE_S1.);
#6968 = LINE('',#6969,#6970);
#6969 = CARTESIAN_POINT('',(-59.,65.,1.E-01));
#6970 = VECTOR('',#6971,1.);
#6971 = DIRECTION('',(0.,0.,1.));
#6972 = PCURVE('',#3872,#6973);
#6973 = DEFINITIONAL_REPRESENTATION('',(#6974),#6978);
#6974 = LINE('',#6975,#6976);
#6975 = CARTESIAN_POINT('',(0.,0.));
#6976 = VECTOR('',#6977,1.);
#6977 = DIRECTION('',(0.,-1.));
#6978 = ( GEOMETRIC_REPRESENTATION_CONTEXT(2) 
PARAMETRIC_REPRESENTATION_CONTEXT() REPRESENTATION_CONTEXT('2D SPACE',''
  ) );
#6979 = PCURVE('',#3980,#6980);
#6980 = DEFINITIONAL_REPRESENTATION('',(#6981),#6985);
#6981 = LINE('',#6982,#6983);
#6982 = CARTESIAN_POINT('',(-1.570796326795,0.));
#6983 = VECTOR('',#6984,1.);
#6984 = DIRECTION('',(-0.,-1.));
#6985 = ( GEOMETRIC_REPRESENTATION_CONTEXT(2) 
PARAMETRIC_REPRESENTATION_CONTEXT() REPRESENTATION_CONTEXT('2D SPACE',''
  ) );
#6986 = ORIENTED_EDGE('',*,*,#3858,.F.);
#6987 = ORIENTED_EDGE('',*,*,#6941,.F.);
#6988 = ORIENTED_EDGE('',*,*,#5999,.F.);
#6989 = ADVANCED_FACE('',(#6990),#3980,.T.);
#6990 = FACE_BOUND('',#6991,.F.);
#6991 = EDGE_LOOP('',(#6992,#6993,#6994,#6995));
#6992 = ORIENTED_EDGE('',*,*,#5903,.T.);
#6993 = ORIENTED_EDGE('',*,*,#5927,.T.);
#6994 = ORIENTED_EDGE('',*,*,#6966,.T.);
#6995 = ORIENTED_EDGE('',*,*,#3965,.T.);
#6996 = ADVANCED_FACE('',(#6997),#4352,.F.);
#6997 = FACE_BOUND('',#6998,.F.);
#6998 = EDGE_LOOP('',(#6999,#7000,#7001,#7002));
#6999 = ORIENTED_EDGE('',*,*,#4414,.F.);
#7000 = ORIENTED_EDGE('',*,*,#4463,.T.);
#7001 = ORIENTED_EDGE('',*,*,#4490,.T.);
#7002 = ORIENTED_EDGE('',*,*,#4336,.F.);
#7003 = ADVANCED_FACE('',(#7004),#4759,.F.);
#7004 = FACE_BOUND('',#7005,.F.);
#7005 = EDGE_LOOP('',(#7006,#7029,#7050,#7051));
#7006 = ORIENTED_EDGE('',*,*,#7007,.F.);
#7007 = EDGE_CURVE('',#7008,#4875,#7010,.T.);
#7008 = VERTEX_POINT('',#7009);
#7009 = CARTESIAN_POINT('',(42.7,34.6,1.E-01));
#7010 = SURFACE_CURVE('',#7011,(#7015,#7022),.PCURVE_S1.);
#7011 = LINE('',#7012,#7013);
#7012 = CARTESIAN_POINT('',(42.7,34.6,1.E-01));
#7013 = VECTOR('',#7014,1.);
#7014 = DIRECTION('',(1.,0.,0.));
#7015 = PCURVE('',#4759,#7016);
#7016 = DEFINITIONAL_REPRESENTATION('',(#7017),#7021);
#7017 = LINE('',#7018,#7019);
#7018 = CARTESIAN_POINT('',(0.,0.));
#7019 = VECTOR('',#7020,1.);
#7020 = DIRECTION('',(1.,0.));
#7021 = ( GEOMETRIC_REPRESENTATION_CONTEXT(2) 
PARAMETRIC_REPRESENTATION_CONTEXT() REPRESENTATION_CONTEXT('2D SPACE',''
  ) );
#7022 = PCURVE('',#4963,#7023);
#7023 = DEFINITIONAL_REPRESENTATION('',(#7024),#7028);
#7024 = LINE('',#7025,#7026);
#7025 = CARTESIAN_POINT('',(1.836671772855,-1.63195519411));
#7026 = VECTOR('',#7027,1.);
#7027 = DIRECTION('',(0.,1.));
#7028 = ( GEOMETRIC_REPRESENTATION_CONTEXT(2) 
PARAMETRIC_REPRESENTATION_CONTEXT() REPRESENTATION_CONTEXT('2D SPACE',''
  ) );
#7029 = ORIENTED_EDGE('',*,*,#7030,.T.);
#7030 = EDGE_CURVE('',#7008,#4744,#7031,.T.);
#7031 = SURFACE_CURVE('',#7032,(#7036,#7043),.PCURVE_S1.);
#7032 = LINE('',#7033,#7034);
#7033 = CARTESIAN_POINT('',(42.7,34.6,1.E-01));
#7034 = VECTOR('',#7035,1.);
#7035 = DIRECTION('',(0.,1.,0.));
#7036 = PCURVE('',#4759,#7037);
#7037 = DEFINITIONAL_REPRESENTATION('',(#7038),#7042);
#7038 = LINE('',#7039,#7040);
#7039 = CARTESIAN_POINT('',(0.,0.));
#7040 = VECTOR('',#7041,1.);
#7041 = DIRECTION('',(0.,-1.));
#7042 = ( GEOMETRIC_REPRESENTATION_CONTEXT(2) 
PARAMETRIC_REPRESENTATION_CONTEXT() REPRESENTATION_CONTEXT('2D SPACE',''
  ) );
#7043 = PCURVE('',#4996,#7044);
#7044 = DEFINITIONAL_REPRESENTATION('',(#7045),#7049);
#7045 = LINE('',#7046,#7047);
#7046 = CARTESIAN_POINT('',(0.7,0.));
#7047 = VECTOR('',#7048,1.);
#7048 = DIRECTION('',(0.,-1.));
#7049 = ( GEOMETRIC_REPRESENTATION_CONTEXT(2) 
PARAMETRIC_REPRESENTATION_CONTEXT() REPRESENTATION_CONTEXT('2D SPACE',''
  ) );
#7050 = ORIENTED_EDGE('',*,*,#4743,.F.);
#7051 = ORIENTED_EDGE('',*,*,#4874,.F.);
#7052 = ADVANCED_FACE('',(#7053),#4787,.F.);
#7053 = FACE_BOUND('',#7054,.F.);
#7054 = EDGE_LOOP('',(#7055,#7056,#7079,#7100,#7173,#7240,#7328,#7357,
    #7378));
#7055 = ORIENTED_EDGE('',*,*,#4771,.F.);
#7056 = ORIENTED_EDGE('',*,*,#7057,.T.);
#7057 = EDGE_CURVE('',#4744,#7058,#7060,.T.);
#7058 = VERTEX_POINT('',#7059);
#7059 = CARTESIAN_POINT('',(42.7,51.,1.E-01));
#7060 = SURFACE_CURVE('',#7061,(#7065,#7072),.PCURVE_S1.);
#7061 = LINE('',#7062,#7063);
#7062 = CARTESIAN_POINT('',(42.7,34.6,1.E-01));
#7063 = VECTOR('',#7064,1.);
#7064 = DIRECTION('',(0.,1.,0.));
#7065 = PCURVE('',#4787,#7066);
#7066 = DEFINITIONAL_REPRESENTATION('',(#7067),#7071);
#7067 = LINE('',#7068,#7069);
#7068 = CARTESIAN_POINT('',(42.7,34.6));
#7069 = VECTOR('',#7070,1.);
#7070 = DIRECTION('',(0.,1.));
#7071 = ( GEOMETRIC_REPRESENTATION_CONTEXT(2) 
PARAMETRIC_REPRESENTATION_CONTEXT() REPRESENTATION_CONTEXT('2D SPACE',''
  ) );
#7072 = PCURVE('',#4996,#7073);
#7073 = DEFINITIONAL_REPRESENTATION('',(#7074),#7078);
#7074 = LINE('',#7075,#7076);
#7075 = CARTESIAN_POINT('',(0.7,0.));
#7076 = VECTOR('',#7077,1.);
#7077 = DIRECTION('',(0.,-1.));
#7078 = ( GEOMETRIC_REPRESENTATION_CONTEXT(2) 
PARAMETRIC_REPRESENTATION_CONTEXT() REPRESENTATION_CONTEXT('2D SPACE',''
  ) );
#7079 = ORIENTED_EDGE('',*,*,#7080,.T.);
#7080 = EDGE_CURVE('',#7058,#7081,#7083,.T.);
#7081 = VERTEX_POINT('',#7082);
#7082 = CARTESIAN_POINT('',(2.491986891483,51.,1.E-01));
#7083 = SURFACE_CURVE('',#7084,(#7088,#7094),.PCURVE_S1.);
#7084 = LINE('',#7085,#7086);
#7085 = CARTESIAN_POINT('',(-22.,51.,1.E-01));
#7086 = VECTOR('',#7087,1.);
#7087 = DIRECTION('',(-1.,-0.,0.));
#7088 = PCURVE('',#4787,#7089);
#7089 = DEFINITIONAL_REPRESENTATION('',(#7090),#7093);
#7090 = B_SPLINE_CURVE_WITH_KNOTS('',1,(#7091,#7092),.UNSPECIFIED.,.F.,
  .F.,(2,2),(-66.,22.),.PIECEWISE_BEZIER_KNOTS.);
#7091 = CARTESIAN_POINT('',(44.,51.));
#7092 = CARTESIAN_POINT('',(-44.,51.));
#7093 = ( GEOMETRIC_REPRESENTATION_CONTEXT(2) 
PARAMETRIC_REPRESENTATION_CONTEXT() REPRESENTATION_CONTEXT('2D SPACE',''
  ) );
#7094 = PCURVE('',#5134,#7095);
#7095 = DEFINITIONAL_REPRESENTATION('',(#7096),#7099);
#7096 = B_SPLINE_CURVE_WITH_KNOTS('',1,(#7097,#7098),.UNSPECIFIED.,.F.,
  .F.,(2,2),(-66.,22.),.PIECEWISE_BEZIER_KNOTS.);
#7097 = CARTESIAN_POINT('',(1.,88.));
#7098 = CARTESIAN_POINT('',(1.,0.));
#7099 = ( GEOMETRIC_REPRESENTATION_CONTEXT(2) 
PARAMETRIC_REPRESENTATION_CONTEXT() REPRESENTATION_CONTEXT('2D SPACE',''
  ) );
#7100 = ORIENTED_EDGE('',*,*,#7101,.T.);
#7101 = EDGE_CURVE('',#7081,#7102,#7104,.T.);
#7102 = VERTEX_POINT('',#7103);
#7103 = CARTESIAN_POINT('',(2.884561252174,50.624748784921,1.E-01));
#7104 = SURFACE_CURVE('',#7105,(#7120,#7138),.PCURVE_S1.);
#7105 = B_SPLINE_CURVE_WITH_KNOTS('',7,(#7106,#7107,#7108,#7109,#7110,
    #7111,#7112,#7113,#7114,#7115,#7116,#7117,#7118,#7119),
  .UNSPECIFIED.,.F.,.F.,(8,6,8),(0.,6.787592229554E-02,1.),
  .UNSPECIFIED.);
#7106 = CARTESIAN_POINT('',(2.491986891483,51.,1.E-01));
#7107 = CARTESIAN_POINT('',(2.493628198876,50.99863662811,1.E-01));
#7108 = CARTESIAN_POINT('',(2.497531666131,50.995392752205,1.E-01));
#7109 = CARTESIAN_POINT('',(2.501953747392,50.991705248071,1.E-01));
#7110 = CARTESIAN_POINT('',(2.505938194406,50.988362456927,1.E-01));
#7111 = CARTESIAN_POINT('',(2.509279229662,50.985555479554,1.E-01));
#7112 = CARTESIAN_POINT('',(2.512439681697,50.982896886234,1.E-01));
#7113 = CARTESIAN_POINT('',(2.572332198906,50.932310660922,1.E-01));
#7114 = CARTESIAN_POINT('',(2.627128724664,50.883937601014,1.E-01));
#7115 = CARTESIAN_POINT('',(2.68086244747,50.834371210484,1.E-01));
#7116 = CARTESIAN_POINT('',(2.733502249405,50.783639569415,1.E-01));
#7117 = CARTESIAN_POINT('',(2.785017965976,50.731771747296,1.E-01));
#7118 = CARTESIAN_POINT('',(2.835380386113,50.678797803028,1.E-01));
#7119 = CARTESIAN_POINT('',(2.884561252174,50.624748784921,1.E-01));
#7120 = PCURVE('',#4787,#7121);
#7121 = DEFINITIONAL_REPRESENTATION('',(#7122),#7137);
#7122 = B_SPLINE_CURVE_WITH_KNOTS('',7,(#7123,#7124,#7125,#7126,#7127,
    #7128,#7129,#7130,#7131,#7132,#7133,#7134,#7135,#7136),
  .UNSPECIFIED.,.F.,.F.,(8,6,8),(0.,6.787592229554E-02,1.),
  .UNSPECIFIED.);
#7123 = CARTESIAN_POINT('',(2.491986891483,51.));
#7124 = CARTESIAN_POINT('',(2.493628198876,50.99863662811));
#7125 = CARTESIAN_POINT('',(2.497531666131,50.995392752205));
#7126 = CARTESIAN_POINT('',(2.501953747392,50.991705248071));
#7127 = CARTESIAN_POINT('',(2.505938194406,50.988362456927));
#7128 = CARTESIAN_POINT('',(2.509279229662,50.985555479554));
#7129 = CARTESIAN_POINT('',(2.512439681697,50.982896886234));
#7130 = CARTESIAN_POINT('',(2.572332198906,50.932310660922));
#7131 = CARTESIAN_POINT('',(2.627128724664,50.883937601014));
#7132 = CARTESIAN_POINT('',(2.68086244747,50.834371210484));
#7133 = CARTESIAN_POINT('',(2.733502249405,50.783639569415));
#7134 = CARTESIAN_POINT('',(2.785017965976,50.731771747296));
#7135 = CARTESIAN_POINT('',(2.835380386113,50.678797803028));
#7136 = CARTESIAN_POINT('',(2.884561252174,50.624748784921));
#7137 = ( GEOMETRIC_REPRESENTATION_CONTEXT(2) 
PARAMETRIC_REPRESENTATION_CONTEXT() REPRESENTATION_CONTEXT('2D SPACE',''
  ) );
#7138 = PCURVE('',#7139,#7156);
#7139 = ( BOUNDED_SURFACE() B_SPLINE_SURFACE(1,7,(
    (#7140,#7141,#7142,#7143,#7144,#7145,#7146,#7147)
    ,(#7148,#7149,#7150,#7151,#7152,#7153,#7154,#7155
)),.UNSPECIFIED.,.F.,.F.,.F.) B_SPLINE_SURFACE_WITH_KNOTS((2,2),(8,8),(
    3.,4.),(0.,1.),.PIECEWISE_BEZIER_KNOTS.) 
GEOMETRIC_REPRESENTATION_ITEM() RATIONAL_B_SPLINE_SURFACE((
    (1.,1.,1.,1.,1.,1.,1.,1.)
,(1.,1.,1.,1.,1.,1.,1.,1.))) REPRESENTATION_ITEM('') SURFACE() );
#7140 = CARTESIAN_POINT('',(3.900000002409,48.00000000001,
    -4.687500015057E-02));
#7141 = CARTESIAN_POINT('',(3.90000374526,48.980180762628,
    3.124999839723E-03));
#7142 = CARTESIAN_POINT('',(3.612578237996,49.960335054508,
    5.312499994393E-02));
#7143 = CARTESIAN_POINT('',(3.037847477419,50.839457520544,
    0.103124999993));
#7144 = CARTESIAN_POINT('',(2.219927070436,51.516100127261,
    0.153125000273));
#7145 = CARTESIAN_POINT('',(1.248682474773,51.915919702597,0.20312500041
    ));
#7146 = CARTESIAN_POINT('',(0.232031240718,52.014591514185,
    0.253125000676));
#7147 = CARTESIAN_POINT('',(-0.730787124455,51.830920277781,
    0.303125000881));
#7148 = CARTESIAN_POINT('',(3.900000002375,48.00000000001,
    -0.203125000151));
#7149 = CARTESIAN_POINT('',(3.900003745226,48.980180762628,
    -0.15312500016));
#7150 = CARTESIAN_POINT('',(3.612578237961,49.960335054508,
    -0.103125000056));
#7151 = CARTESIAN_POINT('',(3.037847477385,50.839457520544,
    -5.312500000753E-02));
#7152 = CARTESIAN_POINT('',(2.219927070401,51.516100127261,
    -3.124999727006E-03));
#7153 = CARTESIAN_POINT('',(1.248682474738,51.915919702597,
    4.687500040966E-02));
#7154 = CARTESIAN_POINT('',(0.232031240683,52.014591514185,
    9.687500067612E-02));
#7155 = CARTESIAN_POINT('',(-0.73078712449,51.830920277781,
    0.146875000881));
#7156 = DEFINITIONAL_REPRESENTATION('',(#7157),#7172);
#7157 = B_SPLINE_CURVE_WITH_KNOTS('',7,(#7158,#7159,#7160,#7161,#7162,
    #7163,#7164,#7165,#7166,#7167,#7168,#7169,#7170,#7171),
  .UNSPECIFIED.,.F.,.F.,(8,6,8),(0.,6.787592229554E-02,1.),
  .UNSPECIFIED.);
#7158 = CARTESIAN_POINT('',(3.177441580293,0.498857847879));
#7159 = CARTESIAN_POINT('',(3.176744987874,0.498546869121));
#7160 = CARTESIAN_POINT('',(3.17508724945,0.497806807328));
#7161 = CARTESIAN_POINT('',(3.173209086916,0.496968341913));
#7162 = CARTESIAN_POINT('',(3.171509486807,0.496209591867));
#7163 = CARTESIAN_POINT('',(3.170085767382,0.49557400284));
#7164 = CARTESIAN_POINT('',(3.168737242169,0.494971982658));
#7165 = CARTESIAN_POINT('',(3.14314286187,0.483545920063));
#7166 = CARTESIAN_POINT('',(3.119285719367,0.472895410052));
#7167 = CARTESIAN_POINT('',(3.095428574141,0.462244898825));
#7168 = CARTESIAN_POINT('',(3.071571427869,0.45159438713));
#7169 = CARTESIAN_POINT('',(3.047714282258,0.440943875729));
#7170 = CARTESIAN_POINT('',(3.023857139047,0.430293365399));
#7171 = CARTESIAN_POINT('',(3.,0.419642856927));
#7172 = ( GEOMETRIC_REPRESENTATION_CONTEXT(2) 
PARAMETRIC_REPRESENTATION_CONTEXT() REPRESENTATION_CONTEXT('2D SPACE',''
  ) );
#7173 = ORIENTED_EDGE('',*,*,#7174,.F.);
#7174 = EDGE_CURVE('',#7175,#7102,#7177,.T.);
#7175 = VERTEX_POINT('',#7176);
#7176 = CARTESIAN_POINT('',(3.64560503978,48.000000000013,1.E-01));
#7177 = SURFACE_CURVE('',#7178,(#7191,#7207),.PCURVE_S1.);
#7178 = B_SPLINE_CURVE_WITH_KNOTS('',6,(#7179,#7180,#7181,#7182,#7183,
    #7184,#7185,#7186,#7187,#7188,#7189,#7190),.UNSPECIFIED.,.F.,.F.,(7,
    5,7),(0.,0.475719648138,1.),.UNSPECIFIED.);
#7179 = CARTESIAN_POINT('',(3.645605039918,48.000000000006,1.E-01));
#7180 = CARTESIAN_POINT('',(3.666445031892,48.220475610412,1.E-01));
#7181 = CARTESIAN_POINT('',(3.67114816319,48.44254586581,1.E-01));
#7182 = CARTESIAN_POINT('',(3.659695173034,48.664704013149,1.E-01));
#7183 = CARTESIAN_POINT('',(3.632256645459,48.885500688225,1.E-01));
#7184 = CARTESIAN_POINT('',(3.589154416188,49.103543273908,1.E-01));
#7185 = CARTESIAN_POINT('',(3.466638226159,49.553293166431,1.E-01));
#7186 = CARTESIAN_POINT('',(3.383961316227,49.784143072647,1.E-01));
#7187 = CARTESIAN_POINT('',(3.283480214365,50.008262864246,1.E-01));
#7188 = CARTESIAN_POINT('',(3.166048298876,50.224031402542,1.E-01));
#7189 = CARTESIAN_POINT('',(3.032679336268,50.429969441632,1.E-01));
#7190 = CARTESIAN_POINT('',(2.884561252174,50.624748784921,1.E-01));
#7191 = PCURVE('',#4787,#7192);
#7192 = DEFINITIONAL_REPRESENTATION('',(#7193),#7206);
#7193 = B_SPLINE_CURVE_WITH_KNOTS('',6,(#7194,#7195,#7196,#7197,#7198,
    #7199,#7200,#7201,#7202,#7203,#7204,#7205),.UNSPECIFIED.,.F.,.F.,(7,
    5,7),(0.,0.475719648138,1.),.UNSPECIFIED.);
#7194 = CARTESIAN_POINT('',(3.645605039918,48.000000000006));
#7195 = CARTESIAN_POINT('',(3.666445031892,48.220475610412));
#7196 = CARTESIAN_POINT('',(3.67114816319,48.44254586581));
#7197 = CARTESIAN_POINT('',(3.659695173034,48.664704013149));
#7198 = CARTESIAN_POINT('',(3.632256645459,48.885500688225));
#7199 = CARTESIAN_POINT('',(3.589154416188,49.103543273908));
#7200 = CARTESIAN_POINT('',(3.466638226159,49.553293166431));
#7201 = CARTESIAN_POINT('',(3.383961316227,49.784143072647));
#7202 = CARTESIAN_POINT('',(3.283480214365,50.008262864246));
#7203 = CARTESIAN_POINT('',(3.166048298876,50.224031402542));
#7204 = CARTESIAN_POINT('',(3.032679336268,50.429969441632));
#7205 = CARTESIAN_POINT('',(2.884561252174,50.624748784921));
#7206 = ( GEOMETRIC_REPRESENTATION_CONTEXT(2) 
PARAMETRIC_REPRESENTATION_CONTEXT() REPRESENTATION_CONTEXT('2D SPACE',''
  ) );
#7207 = PCURVE('',#7208,#7225);
#7208 = ( BOUNDED_SURFACE() B_SPLINE_SURFACE(1,7,(
    (#7209,#7210,#7211,#7212,#7213,#7214,#7215,#7216)
    ,(#7217,#7218,#7219,#7220,#7221,#7222,#7223,#7224
)),.UNSPECIFIED.,.F.,.F.,.F.) B_SPLINE_SURFACE_WITH_KNOTS((2,2),(8,8),(
    2.,3.),(0.,1.),.PIECEWISE_BEZIER_KNOTS.) 
GEOMETRIC_REPRESENTATION_ITEM() RATIONAL_B_SPLINE_SURFACE((
    (1.,1.,1.,1.,1.,1.,1.,1.)
,(1.,1.,1.,1.,1.,1.,1.,1.))) REPRESENTATION_ITEM('') SURFACE() );
#7209 = CARTESIAN_POINT('',(3.22341765579,48.,0.34375));
#7210 = CARTESIAN_POINT('',(3.223420749623,48.810136402938,0.39374999999
    ));
#7211 = CARTESIAN_POINT('',(2.985858580494,49.620250929957,
    0.443750000083));
#7212 = CARTESIAN_POINT('',(2.510833640224,50.346860894747,0.49375000011
    ));
#7213 = CARTESIAN_POINT('',(1.834808230908,50.906117750631,
    0.543750000359));
#7214 = CARTESIAN_POINT('',(1.032057728472,51.23657556283,0.593750000458
    ));
#7215 = CARTESIAN_POINT('',(0.191777845411,51.318129527767,
    0.643750000685));
#7216 = CARTESIAN_POINT('',(-0.604008234807,51.166322064545,
    0.693750000852));
#7217 = CARTESIAN_POINT('',(3.900000002409,48.00000000001,
    -4.687500015057E-02));
#7218 = CARTESIAN_POINT('',(3.90000374526,48.980180762628,
    3.124999839723E-03));
#7219 = CARTESIAN_POINT('',(3.612578237996,49.960335054508,
    5.312499994393E-02));
#7220 = CARTESIAN_POINT('',(3.037847477419,50.839457520544,
    0.103124999993));
#7221 = CARTESIAN_POINT('',(2.219927070436,51.516100127261,
    0.153125000273));
#7222 = CARTESIAN_POINT('',(1.248682474773,51.915919702597,0.20312500041
    ));
#7223 = CARTESIAN_POINT('',(0.232031240718,52.014591514185,
    0.253125000676));
#7224 = CARTESIAN_POINT('',(-0.730787124455,51.830920277781,
    0.303125000881));
#7225 = DEFINITIONAL_REPRESENTATION('',(#7226),#7239);
#7226 = B_SPLINE_CURVE_WITH_KNOTS('',6,(#7227,#7228,#7229,#7230,#7231,
    #7232,#7233,#7234,#7235,#7236,#7237,#7238),.UNSPECIFIED.,.F.,.F.,(7,
    5,7),(0.,0.475719648138,1.),.UNSPECIFIED.);
#7227 = CARTESIAN_POINT('',(2.623999999759,0.));
#7228 = CARTESIAN_POINT('',(2.654800611331,3.437568257737E-02));
#7229 = CARTESIAN_POINT('',(2.685401639189,6.852861545607E-02));
#7230 = CARTESIAN_POINT('',(2.715805458496,0.102461449494));
#7231 = CARTESIAN_POINT('',(2.746018197853,0.13618102465));
#7232 = CARTESIAN_POINT('',(2.77604513266,0.169693228646));
#7233 = CARTESIAN_POINT('',(2.838777179324,0.239706673505));
#7234 = CARTESIAN_POINT('',(2.87144552246,0.276166877846));
#7235 = CARTESIAN_POINT('',(2.903895528733,0.312383402641));
#7236 = CARTESIAN_POINT('',(2.93613460395,0.348364513301));
#7237 = CARTESIAN_POINT('',(2.968168985436,0.384117171124));
#7238 = CARTESIAN_POINT('',(3.,0.419642856927));
#7239 = ( GEOMETRIC_REPRESENTATION_CONTEXT(2) 
PARAMETRIC_REPRESENTATION_CONTEXT() REPRESENTATION_CONTEXT('2D SPACE',''
  ) );
#7240 = ORIENTED_EDGE('',*,*,#7241,.T.);
#7241 = EDGE_CURVE('',#7175,#7242,#7244,.T.);
#7242 = VERTEX_POINT('',#7243);
#7243 = CARTESIAN_POINT('',(1.773007047929,45.216756207589,1.E-01));
#7244 = SURFACE_CURVE('',#7245,(#7263,#7284),.PCURVE_S1.);
#7245 = B_SPLINE_CURVE_WITH_KNOTS('',6,(#7246,#7247,#7248,#7249,#7250,
    #7251,#7252,#7253,#7254,#7255,#7256,#7257,#7258,#7259,#7260,#7261,
    #7262),.UNSPECIFIED.,.F.,.F.,(7,5,5,7),(0.,0.326936660125,
    0.646694806322,1.),.UNSPECIFIED.);
#7246 = CARTESIAN_POINT('',(3.645605039643,48.00000000002,1.E-01));
#7247 = CARTESIAN_POINT('',(3.622356335704,47.770466668063,1.E-01));
#7248 = CARTESIAN_POINT('',(3.582537317168,47.542611049367,1.E-01));
#7249 = CARTESIAN_POINT('',(3.525765188224,47.318056780691,1.E-01));
#7250 = CARTESIAN_POINT('',(3.451983643205,47.098483611288,1.E-01));
#7251 = CARTESIAN_POINT('',(3.361437028771,46.885633594587,1.E-01));
#7252 = CARTESIAN_POINT('',(3.150429734565,46.481408537732,1.E-01));
#7253 = CARTESIAN_POINT('',(3.03064822709,46.289623576608,1.E-01));
#7254 = CARTESIAN_POINT('',(2.895997474684,46.107575703386,1.E-01));
#7255 = CARTESIAN_POINT('',(2.747333988591,45.936793206056,1.E-01));
#7256 = CARTESIAN_POINT('',(2.585739249205,45.778716509824,1.E-01));
#7257 = CARTESIAN_POINT('',(2.221220119417,45.475484101007,1.E-01));
#7258 = CARTESIAN_POINT('',(2.015702690572,45.333394244265,1.E-01));
#7259 = CARTESIAN_POINT('',(1.797818623408,45.210163962058,1.E-01));
#7260 = CARTESIAN_POINT('',(1.569644118265,45.107273271003,1.E-01));
#7261 = CARTESIAN_POINT('',(1.333486652056,45.025967510417,1.E-01));
#7262 = CARTESIAN_POINT('',(1.091936247482,44.967139390101,1.E-01));
#7263 = PCURVE('',#4787,#7264);
#7264 = DEFINITIONAL_REPRESENTATION('',(#7265),#7283);
#7265 = B_SPLINE_CURVE_WITH_KNOTS('',6,(#7266,#7267,#7268,#7269,#7270,
    #7271,#7272,#7273,#7274,#7275,#7276,#7277,#7278,#7279,#7280,#7281,
    #7282),.UNSPECIFIED.,.F.,.F.,(7,5,5,7),(0.,0.326936660125,
    0.646694806322,1.),.UNSPECIFIED.);
#7266 = CARTESIAN_POINT('',(3.645605039643,48.00000000002));
#7267 = CARTESIAN_POINT('',(3.622356335704,47.770466668063));
#7268 = CARTESIAN_POINT('',(3.582537317168,47.542611049367));
#7269 = CARTESIAN_POINT('',(3.525765188224,47.318056780691));
#7270 = CARTESIAN_POINT('',(3.451983643205,47.098483611288));
#7271 = CARTESIAN_POINT('',(3.361437028771,46.885633594587));
#7272 = CARTESIAN_POINT('',(3.150429734565,46.481408537732));
#7273 = CARTESIAN_POINT('',(3.03064822709,46.289623576608));
#7274 = CARTESIAN_POINT('',(2.895997474684,46.107575703386));
#7275 = CARTESIAN_POINT('',(2.747333988591,45.936793206056));
#7276 = CARTESIAN_POINT('',(2.585739249205,45.778716509824));
#7277 = CARTESIAN_POINT('',(2.221220119417,45.475484101007));
#7278 = CARTESIAN_POINT('',(2.015702690572,45.333394244265));
#7279 = CARTESIAN_POINT('',(1.797818623408,45.210163962058));
#7280 = CARTESIAN_POINT('',(1.569644118265,45.107273271003));
#7281 = CARTESIAN_POINT('',(1.333486652056,45.025967510417));
#7282 = CARTESIAN_POINT('',(1.091936247482,44.967139390101));
#7283 = ( GEOMETRIC_REPRESENTATION_CONTEXT(2) 
PARAMETRIC_REPRESENTATION_CONTEXT() REPRESENTATION_CONTEXT('2D SPACE',''
  ) );
#7284 = PCURVE('',#7285,#7308);
#7285 = ( BOUNDED_SURFACE() B_SPLINE_SURFACE(1,6,(
    (#7286,#7287,#7288,#7289,#7290,#7291,#7292,#7293,#7294,#7295,#7296)
    ,(#7297,#7298,#7299,#7300,#7301,#7302,#7303,#7304,#7305,#7306,#7307
)),.UNSPECIFIED.,.F.,.F.,.F.) B_SPLINE_SURFACE_WITH_KNOTS((2,2),(7,4,7),
(2.,3.),(0.,0.5,1.),.UNSPECIFIED.) GEOMETRIC_REPRESENTATION_ITEM() 
RATIONAL_B_SPLINE_SURFACE((
    (1.,1.,1.,1.,1.,1.,1.,1.,1.,1.,1.)
,(1.,1.,1.,1.,1.,1.,1.,1.,1.,1.,1.
  ))) REPRESENTATION_ITEM('') SURFACE() );
#7286 = CARTESIAN_POINT('',(3.223417655087,48.,-0.90625));
#7287 = CARTESIAN_POINT('',(3.212035024127,49.687390369637,
    -0.802083333324));
#7288 = CARTESIAN_POINT('',(2.196410276095,51.374780739225,
    -0.697916665894));
#7289 = CARTESIAN_POINT('',(-1.913704647042E-02,52.240159774251,
    -0.593749997512));
#7290 = CARTESIAN_POINT('',(-2.167194852897,51.374780739013,
    -0.489583329201));
#7291 = CARTESIAN_POINT('',(-4.279640449468,47.999999999636,
    -0.281249994257));
#7292 = CARTESIAN_POINT('',(-2.167194852251,44.625219260463,
    -7.291666254599E-02));
#7293 = CARTESIAN_POINT('',(-1.913704558059E-02,43.759840225434,
    3.125000247646E-02));
#7294 = CARTESIAN_POINT('',(2.19641027706,44.625219260675,0.135416667466
    ));
#7295 = CARTESIAN_POINT('',(3.212035025088,46.312609630362,
    0.239583333341));
#7296 = CARTESIAN_POINT('',(3.223417656044,48.,0.34375));
#7297 = CARTESIAN_POINT('',(3.900000001495,48.000000000032,
    -1.296875000518));
#7298 = CARTESIAN_POINT('',(3.886228202421,50.041566793284,
    -1.19270833384));
#7299 = CARTESIAN_POINT('',(2.65742792108,52.083133586476,
    -1.088541666246));
#7300 = CARTESIAN_POINT('',(-2.315383567444E-02,53.130152185595,
    -0.984374997509));
#7301 = CARTESIAN_POINT('',(-2.622080300435,52.083133586221,
    -0.880208328853));
#7302 = CARTESIAN_POINT('',(-5.177919695976,47.999999999592,
    -0.671874993569));
#7303 = CARTESIAN_POINT('',(-2.62208029972,43.916866413212,
    -0.463541662198));
#7304 = CARTESIAN_POINT('',(-2.315383469825E-02,42.86984781409,
    -0.359374997521));
#7305 = CARTESIAN_POINT('',(2.657427922114,43.916866413467,
    -0.255208332887));
#7306 = CARTESIAN_POINT('',(3.886228203417,45.95843320678,
    -0.151041667175));
#7307 = CARTESIAN_POINT('',(3.900000002452,48.000000000033,
    -4.687500051789E-02));
#7308 = DEFINITIONAL_REPRESENTATION('',(#7309),#7327);
#7309 = B_SPLINE_CURVE_WITH_KNOTS('',6,(#7310,#7311,#7312,#7313,#7314,
    #7315,#7316,#7317,#7318,#7319,#7320,#7321,#7322,#7323,#7324,#7325,
    #7326),.UNSPECIFIED.,.F.,.F.,(7,5,5,7),(0.,0.326936660125,
    0.646694806322,1.),.UNSPECIFIED.);
#7310 = CARTESIAN_POINT('',(2.623999999173,1.));
#7311 = CARTESIAN_POINT('',(2.591926533416,0.989977041937));
#7312 = CARTESIAN_POINT('',(2.559629328211,0.979884165286));
#7313 = CARTESIAN_POINT('',(2.527097063259,0.969717832453));
#7314 = CARTESIAN_POINT('',(2.494317965701,0.959474364421));
#7315 = CARTESIAN_POINT('',(2.461283413621,0.94915106684));
#7316 = CARTESIAN_POINT('',(2.395447385162,0.928577307817));
#7317 = CARTESIAN_POINT('',(2.362650092017,0.918328153636));
#7318 = CARTESIAN_POINT('',(2.32961254661,0.908003920613));
#7319 = CARTESIAN_POINT('',(2.296329139303,0.897602855738));
#7320 = CARTESIAN_POINT('',(2.262792061868,0.887122518941));
#7321 = CARTESIAN_POINT('',(2.191662682213,0.864894587576));
#7322 = CARTESIAN_POINT('',(2.154007191462,0.85312724659));
#7323 = CARTESIAN_POINT('',(2.116030386313,0.841259494848));
#7324 = CARTESIAN_POINT('',(2.077715433201,0.829286071861));
#7325 = CARTESIAN_POINT('',(2.039042173559,0.817200678078));
#7326 = CARTESIAN_POINT('',(2.,0.804999998693));
#7327 = ( GEOMETRIC_REPRESENTATION_CONTEXT(2) 
PARAMETRIC_REPRESENTATION_CONTEXT() REPRESENTATION_CONTEXT('2D SPACE',''
  ) );
#7328 = ORIENTED_EDGE('',*,*,#7329,.F.);
#7329 = EDGE_CURVE('',#7330,#7242,#7332,.T.);
#7330 = VERTEX_POINT('',#7331);
#7331 = CARTESIAN_POINT('',(-1.374772708487,51.,1.E-01));
#7332 = SURFACE_CURVE('',#7333,(#7338,#7345),.PCURVE_S1.);
#7333 = CIRCLE('',#7334,3.3);
#7334 = AXIS2_PLACEMENT_3D('',#7335,#7336,#7337);
#7335 = CARTESIAN_POINT('',(0.,48.,1.E-01));
#7336 = DIRECTION('',(0.,0.,1.));
#7337 = DIRECTION('',(1.,0.,-0.));
#7338 = PCURVE('',#4787,#7339);
#7339 = DEFINITIONAL_REPRESENTATION('',(#7340),#7344);
#7340 = CIRCLE('',#7341,3.3);
#7341 = AXIS2_PLACEMENT_2D('',#7342,#7343);
#7342 = CARTESIAN_POINT('',(-2.790436569963E-16,48.));
#7343 = DIRECTION('',(1.,0.));
#7344 = ( GEOMETRIC_REPRESENTATION_CONTEXT(2) 
PARAMETRIC_REPRESENTATION_CONTEXT() REPRESENTATION_CONTEXT('2D SPACE',''
  ) );
#7345 = PCURVE('',#7346,#7351);
#7346 = CYLINDRICAL_SURFACE('',#7347,3.3);
#7347 = AXIS2_PLACEMENT_3D('',#7348,#7349,#7350);
#7348 = CARTESIAN_POINT('',(0.,48.,-7.4));
#7349 = DIRECTION('',(0.,0.,1.));
#7350 = DIRECTION('',(1.,0.,-0.));
#7351 = DEFINITIONAL_REPRESENTATION('',(#7352),#7356);
#7352 = LINE('',#7353,#7354);
#7353 = CARTESIAN_POINT('',(0.,7.5));
#7354 = VECTOR('',#7355,1.);
#7355 = DIRECTION('',(1.,0.));
#7356 = ( GEOMETRIC_REPRESENTATION_CONTEXT(2) 
PARAMETRIC_REPRESENTATION_CONTEXT() REPRESENTATION_CONTEXT('2D SPACE',''
  ) );
#7357 = ORIENTED_EDGE('',*,*,#7358,.T.);
#7358 = EDGE_CURVE('',#7330,#7359,#7361,.T.);
#7359 = VERTEX_POINT('',#7360);
#7360 = CARTESIAN_POINT('',(-42.7,51.,1.E-01));
#7361 = SURFACE_CURVE('',#7362,(#7366,#7372),.PCURVE_S1.);
#7362 = LINE('',#7363,#7364);
#7363 = CARTESIAN_POINT('',(-22.,51.,1.E-01));
#7364 = VECTOR('',#7365,1.);
#7365 = DIRECTION('',(-1.,-0.,0.));
#7366 = PCURVE('',#4787,#7367);
#7367 = DEFINITIONAL_REPRESENTATION('',(#7368),#7371);
#7368 = B_SPLINE_CURVE_WITH_KNOTS('',1,(#7369,#7370),.UNSPECIFIED.,.F.,
  .F.,(2,2),(-66.,22.),.PIECEWISE_BEZIER_KNOTS.);
#7369 = CARTESIAN_POINT('',(44.,51.));
#7370 = CARTESIAN_POINT('',(-44.,51.));
#7371 = ( GEOMETRIC_REPRESENTATION_CONTEXT(2) 
PARAMETRIC_REPRESENTATION_CONTEXT() REPRESENTATION_CONTEXT('2D SPACE',''
  ) );
#7372 = PCURVE('',#5134,#7373);
#7373 = DEFINITIONAL_REPRESENTATION('',(#7374),#7377);
#7374 = B_SPLINE_CURVE_WITH_KNOTS('',1,(#7375,#7376),.UNSPECIFIED.,.F.,
  .F.,(2,2),(-66.,22.),.PIECEWISE_BEZIER_KNOTS.);
#7375 = CARTESIAN_POINT('',(1.,88.));
#7376 = CARTESIAN_POINT('',(1.,0.));
#7377 = ( GEOMETRIC_REPRESENTATION_CONTEXT(2) 
PARAMETRIC_REPRESENTATION_CONTEXT() REPRESENTATION_CONTEXT('2D SPACE',''
  ) );
#7378 = ORIENTED_EDGE('',*,*,#7379,.F.);
#7379 = EDGE_CURVE('',#4772,#7359,#7380,.T.);
#7380 = SURFACE_CURVE('',#7381,(#7385,#7392),.PCURVE_S1.);
#7381 = LINE('',#7382,#7383);
#7382 = CARTESIAN_POINT('',(-42.7,34.6,1.E-01));
#7383 = VECTOR('',#7384,1.);
#7384 = DIRECTION('',(0.,1.,0.));
#7385 = PCURVE('',#4787,#7386);
#7386 = DEFINITIONAL_REPRESENTATION('',(#7387),#7391);
#7387 = LINE('',#7388,#7389);
#7388 = CARTESIAN_POINT('',(-42.7,34.6));
#7389 = VECTOR('',#7390,1.);
#7390 = DIRECTION('',(0.,1.));
#7391 = ( GEOMETRIC_REPRESENTATION_CONTEXT(2) 
PARAMETRIC_REPRESENTATION_CONTEXT() REPRESENTATION_CONTEXT('2D SPACE',''
  ) );
#7392 = PCURVE('',#5362,#7393);
#7393 = DEFINITIONAL_REPRESENTATION('',(#7394),#7398);
#7394 = LINE('',#7395,#7396);
#7395 = CARTESIAN_POINT('',(0.7,0.));
#7396 = VECTOR('',#7397,1.);
#7397 = DIRECTION('',(0.,-1.));
#7398 = ( GEOMETRIC_REPRESENTATION_CONTEXT(2) 
PARAMETRIC_REPRESENTATION_CONTEXT() REPRESENTATION_CONTEXT('2D SPACE',''
  ) );
#7399 = ADVANCED_FACE('',(#7400),#4813,.T.);
#7400 = FACE_BOUND('',#7401,.T.);
#7401 = EDGE_LOOP('',(#7402,#7425,#7446,#7447));
#7402 = ORIENTED_EDGE('',*,*,#7403,.F.);
#7403 = EDGE_CURVE('',#7404,#5505,#7406,.T.);
#7404 = VERTEX_POINT('',#7405);
#7405 = CARTESIAN_POINT('',(-42.7,34.6,1.E-01));
#7406 = SURFACE_CURVE('',#7407,(#7411,#7418),.PCURVE_S1.);
#7407 = LINE('',#7408,#7409);
#7408 = CARTESIAN_POINT('',(-42.7,34.6,1.E-01));
#7409 = VECTOR('',#7410,1.);
#7410 = DIRECTION('',(-1.,0.,0.));
#7411 = PCURVE('',#4813,#7412);
#7412 = DEFINITIONAL_REPRESENTATION('',(#7413),#7417);
#7413 = LINE('',#7414,#7415);
#7414 = CARTESIAN_POINT('',(0.,0.));
#7415 = VECTOR('',#7416,1.);
#7416 = DIRECTION('',(1.,0.));
#7417 = ( GEOMETRIC_REPRESENTATION_CONTEXT(2) 
PARAMETRIC_REPRESENTATION_CONTEXT() REPRESENTATION_CONTEXT('2D SPACE',''
  ) );
#7418 = PCURVE('',#5566,#7419);
#7419 = DEFINITIONAL_REPRESENTATION('',(#7420),#7424);
#7420 = LINE('',#7421,#7422);
#7421 = CARTESIAN_POINT('',(-1.836671772855,1.63195519411));
#7422 = VECTOR('',#7423,1.);
#7423 = DIRECTION('',(0.,-1.));
#7424 = ( GEOMETRIC_REPRESENTATION_CONTEXT(2) 
PARAMETRIC_REPRESENTATION_CONTEXT() REPRESENTATION_CONTEXT('2D SPACE',''
  ) );
#7425 = ORIENTED_EDGE('',*,*,#7426,.T.);
#7426 = EDGE_CURVE('',#7404,#4772,#7427,.T.);
#7427 = SURFACE_CURVE('',#7428,(#7432,#7439),.PCURVE_S1.);
#7428 = LINE('',#7429,#7430);
#7429 = CARTESIAN_POINT('',(-42.7,34.6,1.E-01));
#7430 = VECTOR('',#7431,1.);
#7431 = DIRECTION('',(0.,1.,0.));
#7432 = PCURVE('',#4813,#7433);
#7433 = DEFINITIONAL_REPRESENTATION('',(#7434),#7438);
#7434 = LINE('',#7435,#7436);
#7435 = CARTESIAN_POINT('',(0.,0.));
#7436 = VECTOR('',#7437,1.);
#7437 = DIRECTION('',(0.,-1.));
#7438 = ( GEOMETRIC_REPRESENTATION_CONTEXT(2) 
PARAMETRIC_REPRESENTATION_CONTEXT() REPRESENTATION_CONTEXT('2D SPACE',''
  ) );
#7439 = PCURVE('',#5362,#7440);
#7440 = DEFINITIONAL_REPRESENTATION('',(#7441),#7445);
#7441 = LINE('',#7442,#7443);
#7442 = CARTESIAN_POINT('',(0.7,0.));
#7443 = VECTOR('',#7444,1.);
#7444 = DIRECTION('',(0.,-1.));
#7445 = ( GEOMETRIC_REPRESENTATION_CONTEXT(2) 
PARAMETRIC_REPRESENTATION_CONTEXT() REPRESENTATION_CONTEXT('2D SPACE',''
  ) );
#7446 = ORIENTED_EDGE('',*,*,#4799,.T.);
#7447 = ORIENTED_EDGE('',*,*,#5504,.F.);
#7448 = ADVANCED_FACE('',(#7449),#4937,.F.);
#7449 = FACE_BOUND('',#7450,.F.);
#7450 = EDGE_LOOP('',(#7451,#7452,#7453,#7476));
#7451 = ORIENTED_EDGE('',*,*,#4921,.T.);
#7452 = ORIENTED_EDGE('',*,*,#5036,.T.);
#7453 = ORIENTED_EDGE('',*,*,#7454,.F.);
#7454 = EDGE_CURVE('',#7455,#5037,#7457,.T.);
#7455 = VERTEX_POINT('',#7456);
#7456 = CARTESIAN_POINT('',(41.2,34.6,-3.3));
#7457 = SURFACE_CURVE('',#7458,(#7462,#7469),.PCURVE_S1.);
#7458 = LINE('',#7459,#7460);
#7459 = CARTESIAN_POINT('',(41.2,34.6,-3.3));
#7460 = VECTOR('',#7461,1.);
#7461 = DIRECTION('',(0.,1.,0.));
#7462 = PCURVE('',#4937,#7463);
#7463 = DEFINITIONAL_REPRESENTATION('',(#7464),#7468);
#7464 = LINE('',#7465,#7466);
#7465 = CARTESIAN_POINT('',(5.8,0.));
#7466 = VECTOR('',#7467,1.);
#7467 = DIRECTION('',(0.,-1.));
#7468 = ( GEOMETRIC_REPRESENTATION_CONTEXT(2) 
PARAMETRIC_REPRESENTATION_CONTEXT() REPRESENTATION_CONTEXT('2D SPACE',''
  ) );
#7469 = PCURVE('',#5075,#7470);
#7470 = DEFINITIONAL_REPRESENTATION('',(#7471),#7475);
#7471 = LINE('',#7472,#7473);
#7472 = CARTESIAN_POINT('',(0.,0.));
#7473 = VECTOR('',#7474,1.);
#7474 = DIRECTION('',(0.,-1.));
#7475 = ( GEOMETRIC_REPRESENTATION_CONTEXT(2) 
PARAMETRIC_REPRESENTATION_CONTEXT() REPRESENTATION_CONTEXT('2D SPACE',''
  ) );
#7476 = ORIENTED_EDGE('',*,*,#7477,.F.);
#7477 = EDGE_CURVE('',#4922,#7455,#7478,.T.);
#7478 = SURFACE_CURVE('',#7479,(#7483,#7490),.PCURVE_S1.);
#7479 = LINE('',#7480,#7481);
#7480 = CARTESIAN_POINT('',(47.,34.6,-3.3));
#7481 = VECTOR('',#7482,1.);
#7482 = DIRECTION('',(-1.,0.,0.));
#7483 = PCURVE('',#4937,#7484);
#7484 = DEFINITIONAL_REPRESENTATION('',(#7485),#7489);
#7485 = LINE('',#7486,#7487);
#7486 = CARTESIAN_POINT('',(0.,0.));
#7487 = VECTOR('',#7488,1.);
#7488 = DIRECTION('',(1.,0.));
#7489 = ( GEOMETRIC_REPRESENTATION_CONTEXT(2) 
PARAMETRIC_REPRESENTATION_CONTEXT() REPRESENTATION_CONTEXT('2D SPACE',''
  ) );
#7490 = PCURVE('',#4963,#7491);
#7491 = DEFINITIONAL_REPRESENTATION('',(#7492),#7496);
#7492 = LINE('',#7493,#7494);
#7493 = CARTESIAN_POINT('',(-1.563328227145,2.66804480589));
#7494 = VECTOR('',#7495,1.);
#7495 = DIRECTION('',(0.,-1.));
#7496 = ( GEOMETRIC_REPRESENTATION_CONTEXT(2) 
PARAMETRIC_REPRESENTATION_CONTEXT() REPRESENTATION_CONTEXT('2D SPACE',''
  ) );
#7497 = ADVANCED_FACE('',(#7498),#4963,.F.);
#7498 = FACE_BOUND('',#7499,.F.);
#7499 = EDGE_LOOP('',(#7500,#7523,#7524,#7525,#7526,#7549));
#7500 = ORIENTED_EDGE('',*,*,#7501,.T.);
#7501 = EDGE_CURVE('',#7502,#7008,#7504,.T.);
#7502 = VERTEX_POINT('',#7503);
#7503 = CARTESIAN_POINT('',(42.7,34.6,-0.6));
#7504 = SURFACE_CURVE('',#7505,(#7509,#7516),.PCURVE_S1.);
#7505 = LINE('',#7506,#7507);
#7506 = CARTESIAN_POINT('',(42.7,34.6,-0.6));
#7507 = VECTOR('',#7508,1.);
#7508 = DIRECTION('',(0.,0.,1.));
#7509 = PCURVE('',#4963,#7510);
#7510 = DEFINITIONAL_REPRESENTATION('',(#7511),#7515);
#7511 = LINE('',#7512,#7513);
#7512 = CARTESIAN_POINT('',(1.136671772855,-1.63195519411));
#7513 = VECTOR('',#7514,1.);
#7514 = DIRECTION('',(1.,0.));
#7515 = ( GEOMETRIC_REPRESENTATION_CONTEXT(2) 
PARAMETRIC_REPRESENTATION_CONTEXT() REPRESENTATION_CONTEXT('2D SPACE',''
  ) );
#7516 = PCURVE('',#4996,#7517);
#7517 = DEFINITIONAL_REPRESENTATION('',(#7518),#7522);
#7518 = LINE('',#7519,#7520);
#7519 = CARTESIAN_POINT('',(0.,0.));
#7520 = VECTOR('',#7521,1.);
#7521 = DIRECTION('',(1.,0.));
#7522 = ( GEOMETRIC_REPRESENTATION_CONTEXT(2) 
PARAMETRIC_REPRESENTATION_CONTEXT() REPRESENTATION_CONTEXT('2D SPACE',''
  ) );
#7523 = ORIENTED_EDGE('',*,*,#7007,.T.);
#7524 = ORIENTED_EDGE('',*,*,#4949,.T.);
#7525 = ORIENTED_EDGE('',*,*,#7477,.T.);
#7526 = ORIENTED_EDGE('',*,*,#7527,.T.);
#7527 = EDGE_CURVE('',#7455,#7528,#7530,.T.);
#7528 = VERTEX_POINT('',#7529);
#7529 = CARTESIAN_POINT('',(41.2,34.6,-2.1));
#7530 = SURFACE_CURVE('',#7531,(#7535,#7542),.PCURVE_S1.);
#7531 = LINE('',#7532,#7533);
#7532 = CARTESIAN_POINT('',(41.2,34.6,-3.3));
#7533 = VECTOR('',#7534,1.);
#7534 = DIRECTION('',(0.,0.,1.));
#7535 = PCURVE('',#4963,#7536);
#7536 = DEFINITIONAL_REPRESENTATION('',(#7537),#7541);
#7537 = LINE('',#7538,#7539);
#7538 = CARTESIAN_POINT('',(-1.563328227145,-3.13195519411));
#7539 = VECTOR('',#7540,1.);
#7540 = DIRECTION('',(1.,0.));
#7541 = ( GEOMETRIC_REPRESENTATION_CONTEXT(2) 
PARAMETRIC_REPRESENTATION_CONTEXT() REPRESENTATION_CONTEXT('2D SPACE',''
  ) );
#7542 = PCURVE('',#5075,#7543);
#7543 = DEFINITIONAL_REPRESENTATION('',(#7544),#7548);
#7544 = LINE('',#7545,#7546);
#7545 = CARTESIAN_POINT('',(0.,0.));
#7546 = VECTOR('',#7547,1.);
#7547 = DIRECTION('',(1.,0.));
#7548 = ( GEOMETRIC_REPRESENTATION_CONTEXT(2) 
PARAMETRIC_REPRESENTATION_CONTEXT() REPRESENTATION_CONTEXT('2D SPACE',''
  ) );
#7549 = ORIENTED_EDGE('',*,*,#7550,.T.);
#7550 = EDGE_CURVE('',#7528,#7502,#7551,.T.);
#7551 = SURFACE_CURVE('',#7552,(#7556,#7563),.PCURVE_S1.);
#7552 = LINE('',#7553,#7554);
#7553 = CARTESIAN_POINT('',(41.2,34.6,-2.1));
#7554 = VECTOR('',#7555,1.);
#7555 = DIRECTION('',(0.707106781187,0.,0.707106781187));
#7556 = PCURVE('',#4963,#7557);
#7557 = DEFINITIONAL_REPRESENTATION('',(#7558),#7562);
#7558 = LINE('',#7559,#7560);
#7559 = CARTESIAN_POINT('',(-0.363328227145,-3.13195519411));
#7560 = VECTOR('',#7561,1.);
#7561 = DIRECTION('',(0.707106781187,0.707106781187));
#7562 = ( GEOMETRIC_REPRESENTATION_CONTEXT(2) 
PARAMETRIC_REPRESENTATION_CONTEXT() REPRESENTATION_CONTEXT('2D SPACE',''
  ) );
#7563 = PCURVE('',#5101,#7564);
#7564 = DEFINITIONAL_REPRESENTATION('',(#7565),#7569);
#7565 = LINE('',#7566,#7567);
#7566 = CARTESIAN_POINT('',(0.,0.));
#7567 = VECTOR('',#7568,1.);
#7568 = DIRECTION('',(1.,0.));
#7569 = ( GEOMETRIC_REPRESENTATION_CONTEXT(2) 
PARAMETRIC_REPRESENTATION_CONTEXT() REPRESENTATION_CONTEXT('2D SPACE',''
  ) );
#7570 = ADVANCED_FACE('',(#7571),#4996,.F.);
#7571 = FACE_BOUND('',#7572,.F.);
#7572 = EDGE_LOOP('',(#7573,#7594,#7595,#7616,#7617,#7618));
#7573 = ORIENTED_EDGE('',*,*,#7574,.T.);
#7574 = EDGE_CURVE('',#7502,#4979,#7575,.T.);
#7575 = SURFACE_CURVE('',#7576,(#7580,#7587),.PCURVE_S1.);
#7576 = LINE('',#7577,#7578);
#7577 = CARTESIAN_POINT('',(42.7,34.6,-0.6));
#7578 = VECTOR('',#7579,1.);
#7579 = DIRECTION('',(0.,1.,0.));
#7580 = PCURVE('',#4996,#7581);
#7581 = DEFINITIONAL_REPRESENTATION('',(#7582),#7586);
#7582 = LINE('',#7583,#7584);
#7583 = CARTESIAN_POINT('',(-1.110223024625E-16,0.));
#7584 = VECTOR('',#7585,1.);
#7585 = DIRECTION('',(0.,-1.));
#7586 = ( GEOMETRIC_REPRESENTATION_CONTEXT(2) 
PARAMETRIC_REPRESENTATION_CONTEXT() REPRESENTATION_CONTEXT('2D SPACE',''
  ) );
#7587 = PCURVE('',#5101,#7588);
#7588 = DEFINITIONAL_REPRESENTATION('',(#7589),#7593);
#7589 = LINE('',#7590,#7591);
#7590 = CARTESIAN_POINT('',(2.12132034356,0.));
#7591 = VECTOR('',#7592,1.);
#7592 = DIRECTION('',(0.,-1.));
#7593 = ( GEOMETRIC_REPRESENTATION_CONTEXT(2) 
PARAMETRIC_REPRESENTATION_CONTEXT() REPRESENTATION_CONTEXT('2D SPACE',''
  ) );
#7594 = ORIENTED_EDGE('',*,*,#4978,.T.);
#7595 = ORIENTED_EDGE('',*,*,#7596,.F.);
#7596 = EDGE_CURVE('',#7058,#4981,#7597,.T.);
#7597 = SURFACE_CURVE('',#7598,(#7602,#7609),.PCURVE_S1.);
#7598 = LINE('',#7599,#7600);
#7599 = CARTESIAN_POINT('',(42.7,34.6,1.E-01));
#7600 = VECTOR('',#7601,1.);
#7601 = DIRECTION('',(0.,1.,0.));
#7602 = PCURVE('',#4996,#7603);
#7603 = DEFINITIONAL_REPRESENTATION('',(#7604),#7608);
#7604 = LINE('',#7605,#7606);
#7605 = CARTESIAN_POINT('',(0.7,0.));
#7606 = VECTOR('',#7607,1.);
#7607 = DIRECTION('',(0.,-1.));
#7608 = ( GEOMETRIC_REPRESENTATION_CONTEXT(2) 
PARAMETRIC_REPRESENTATION_CONTEXT() REPRESENTATION_CONTEXT('2D SPACE',''
  ) );
#7609 = PCURVE('',#5022,#7610);
#7610 = DEFINITIONAL_REPRESENTATION('',(#7611),#7615);
#7611 = LINE('',#7612,#7613);
#7612 = CARTESIAN_POINT('',(0.,0.));
#7613 = VECTOR('',#7614,1.);
#7614 = DIRECTION('',(0.,-1.));
#7615 = ( GEOMETRIC_REPRESENTATION_CONTEXT(2) 
PARAMETRIC_REPRESENTATION_CONTEXT() REPRESENTATION_CONTEXT('2D SPACE',''
  ) );
#7616 = ORIENTED_EDGE('',*,*,#7057,.F.);
#7617 = ORIENTED_EDGE('',*,*,#7030,.F.);
#7618 = ORIENTED_EDGE('',*,*,#7501,.F.);
#7619 = ADVANCED_FACE('',(#7620),#5022,.F.);
#7620 = FACE_BOUND('',#7621,.F.);
#7621 = EDGE_LOOP('',(#7622,#7642,#7643,#7644));
#7622 = ORIENTED_EDGE('',*,*,#7623,.T.);
#7623 = EDGE_CURVE('',#5117,#7058,#7624,.T.);
#7624 = SURFACE_CURVE('',#7625,(#7629,#7636),.PCURVE_S1.);
#7625 = LINE('',#7626,#7627);
#7626 = CARTESIAN_POINT('',(-22.,51.,1.E-01));
#7627 = VECTOR('',#7628,1.);
#7628 = DIRECTION('',(-1.,-0.,0.));
#7629 = PCURVE('',#5022,#7630);
#7630 = DEFINITIONAL_REPRESENTATION('',(#7631),#7635);
#7631 = LINE('',#7632,#7633);
#7632 = CARTESIAN_POINT('',(-64.7,-16.4));
#7633 = VECTOR('',#7634,1.);
#7634 = DIRECTION('',(-1.,0.));
#7635 = ( GEOMETRIC_REPRESENTATION_CONTEXT(2) 
PARAMETRIC_REPRESENTATION_CONTEXT() REPRESENTATION_CONTEXT('2D SPACE',''
  ) );
#7636 = PCURVE('',#5134,#7637);
#7637 = DEFINITIONAL_REPRESENTATION('',(#7638),#7641);
#7638 = B_SPLINE_CURVE_WITH_KNOTS('',1,(#7639,#7640),.UNSPECIFIED.,.F.,
  .F.,(2,2),(-66.,22.),.PIECEWISE_BEZIER_KNOTS.);
#7639 = CARTESIAN_POINT('',(1.,88.));
#7640 = CARTESIAN_POINT('',(1.,0.));
#7641 = ( GEOMETRIC_REPRESENTATION_CONTEXT(2) 
PARAMETRIC_REPRESENTATION_CONTEXT() REPRESENTATION_CONTEXT('2D SPACE',''
  ) );
#7642 = ORIENTED_EDGE('',*,*,#7596,.T.);
#7643 = ORIENTED_EDGE('',*,*,#5008,.T.);
#7644 = ORIENTED_EDGE('',*,*,#5146,.F.);
#7645 = ADVANCED_FACE('',(#7646),#5075,.F.);
#7646 = FACE_BOUND('',#7647,.F.);
#7647 = EDGE_LOOP('',(#7648,#7649,#7650,#7671));
#7648 = ORIENTED_EDGE('',*,*,#7454,.T.);
#7649 = ORIENTED_EDGE('',*,*,#5059,.T.);
#7650 = ORIENTED_EDGE('',*,*,#7651,.F.);
#7651 = EDGE_CURVE('',#7528,#5060,#7652,.T.);
#7652 = SURFACE_CURVE('',#7653,(#7657,#7664),.PCURVE_S1.);
#7653 = LINE('',#7654,#7655);
#7654 = CARTESIAN_POINT('',(41.2,34.6,-2.1));
#7655 = VECTOR('',#7656,1.);
#7656 = DIRECTION('',(0.,1.,0.));
#7657 = PCURVE('',#5075,#7658);
#7658 = DEFINITIONAL_REPRESENTATION('',(#7659),#7663);
#7659 = LINE('',#7660,#7661);
#7660 = CARTESIAN_POINT('',(1.2,0.));
#7661 = VECTOR('',#7662,1.);
#7662 = DIRECTION('',(0.,-1.));
#7663 = ( GEOMETRIC_REPRESENTATION_CONTEXT(2) 
PARAMETRIC_REPRESENTATION_CONTEXT() REPRESENTATION_CONTEXT('2D SPACE',''
  ) );
#7664 = PCURVE('',#5101,#7665);
#7665 = DEFINITIONAL_REPRESENTATION('',(#7666),#7670);
#7666 = LINE('',#7667,#7668);
#7667 = CARTESIAN_POINT('',(0.,0.));
#7668 = VECTOR('',#7669,1.);
#7669 = DIRECTION('',(0.,-1.));
#7670 = ( GEOMETRIC_REPRESENTATION_CONTEXT(2) 
PARAMETRIC_REPRESENTATION_CONTEXT() REPRESENTATION_CONTEXT('2D SPACE',''
  ) );
#7671 = ORIENTED_EDGE('',*,*,#7527,.F.);
#7672 = ADVANCED_FACE('',(#7673),#5101,.F.);
#7673 = FACE_BOUND('',#7674,.F.);
#7674 = EDGE_LOOP('',(#7675,#7676,#7677,#7678));
#7675 = ORIENTED_EDGE('',*,*,#7651,.T.);
#7676 = ORIENTED_EDGE('',*,*,#5087,.T.);
#7677 = ORIENTED_EDGE('',*,*,#7574,.F.);
#7678 = ORIENTED_EDGE('',*,*,#7550,.F.);
#7679 = ADVANCED_FACE('',(#7680),#5134,.T.);
#7680 = FACE_BOUND('',#7681,.T.);
#7681 = EDGE_LOOP('',(#7682,#7683,#7684,#7685,#7714,#7796,#7878,#7924,
    #7950,#7979,#8011,#8037,#8063,#8082,#8083,#8103,#8104));
#7682 = ORIENTED_EDGE('',*,*,#5116,.F.);
#7683 = ORIENTED_EDGE('',*,*,#7623,.T.);
#7684 = ORIENTED_EDGE('',*,*,#7080,.T.);
#7685 = ORIENTED_EDGE('',*,*,#7686,.T.);
#7686 = EDGE_CURVE('',#7081,#7687,#7689,.T.);
#7687 = VERTEX_POINT('',#7688);
#7688 = CARTESIAN_POINT('',(2.491986891489,51.,0.127725228705));
#7689 = SURFACE_CURVE('',#7690,(#7696,#7705),.PCURVE_S1.);
#7690 = B_SPLINE_CURVE_WITH_KNOTS('',4,(#7691,#7692,#7693,#7694,#7695),
  .UNSPECIFIED.,.F.,.F.,(5,5),(0.,1.),.PIECEWISE_BEZIER_KNOTS.);
#7691 = CARTESIAN_POINT('',(2.491986891483,51.,1.E-01));
#7692 = CARTESIAN_POINT('',(2.491986891484,51.,0.106931307176));
#7693 = CARTESIAN_POINT('',(2.491986891486,51.,0.113862614353));
#7694 = CARTESIAN_POINT('',(2.491986891487,51.,0.120793921529));
#7695 = CARTESIAN_POINT('',(2.491986891489,51.,0.127725228705));
#7696 = PCURVE('',#5134,#7697);
#7697 = DEFINITIONAL_REPRESENTATION('',(#7698),#7704);
#7698 = B_SPLINE_CURVE_WITH_KNOTS('',4,(#7699,#7700,#7701,#7702,#7703),
  .UNSPECIFIED.,.F.,.F.,(5,5),(0.,1.),.PIECEWISE_BEZIER_KNOTS.);
#7699 = CARTESIAN_POINT('',(1.,46.491986891483));
#7700 = CARTESIAN_POINT('',(1.006931307176,46.491986891484));
#7701 = CARTESIAN_POINT('',(1.013862614353,46.491986891486));
#7702 = CARTESIAN_POINT('',(1.020793921529,46.491986891487));
#7703 = CARTESIAN_POINT('',(1.027725228705,46.491986891489));
#7704 = ( GEOMETRIC_REPRESENTATION_CONTEXT(2) 
PARAMETRIC_REPRESENTATION_CONTEXT() REPRESENTATION_CONTEXT('2D SPACE',''
  ) );
#7705 = PCURVE('',#7139,#7706);
#7706 = DEFINITIONAL_REPRESENTATION('',(#7707),#7713);
#7707 = B_SPLINE_CURVE_WITH_KNOTS('',4,(#7708,#7709,#7710,#7711,#7712),
  .UNSPECIFIED.,.F.,.F.,(5,5),(0.,1.),.PIECEWISE_BEZIER_KNOTS.);
#7708 = CARTESIAN_POINT('',(3.177441463715,0.498857795835));
#7709 = CARTESIAN_POINT('',(3.133081097786,0.498857795835));
#7710 = CARTESIAN_POINT('',(3.088720731857,0.498857795835));
#7711 = CARTESIAN_POINT('',(3.044360365929,0.498857795835));
#7712 = CARTESIAN_POINT('',(3.,0.498857795835));
#7713 = ( GEOMETRIC_REPRESENTATION_CONTEXT(2) 
PARAMETRIC_REPRESENTATION_CONTEXT() REPRESENTATION_CONTEXT('2D SPACE',''
  ) );
#7714 = ORIENTED_EDGE('',*,*,#7715,.T.);
#7715 = EDGE_CURVE('',#7687,#7716,#7718,.T.);
#7716 = VERTEX_POINT('',#7717);
#7717 = CARTESIAN_POINT('',(1.179161698577,51.,0.581744788957));
#7718 = SURFACE_CURVE('',#7719,(#7737,#7758),.PCURVE_S1.);
#7719 = B_SPLINE_CURVE_WITH_KNOTS('',4,(#7720,#7721,#7722,#7723,#7724,
    #7725,#7726,#7727,#7728,#7729,#7730,#7731,#7732,#7733,#7734,#7735,
    #7736),.UNSPECIFIED.,.F.,.F.,(5,3,3,3,3,5),(0.,0.217430286143,
    0.44378239307,0.686752739366,0.957717233981,1.),.UNSPECIFIED.);
#7720 = CARTESIAN_POINT('',(2.491986891489,51.,0.127725228705));
#7721 = CARTESIAN_POINT('',(2.426791975993,51.,0.154334500414));
#7722 = CARTESIAN_POINT('',(2.36094536386,51.,0.180786107499));
#7723 = CARTESIAN_POINT('',(2.294386027147,51.,0.207057086949));
#7724 = CARTESIAN_POINT('',(2.156925886113,51.,0.26023891229));
#7725 = CARTESIAN_POINT('',(2.085959109874,51.,0.287131462526));
#7726 = CARTESIAN_POINT('',(2.014051027799,51.,0.313753085656));
#7727 = CARTESIAN_POINT('',(1.862783106803,51.,0.36826732944));
#7728 = CARTESIAN_POINT('',(1.783264433717,51.,0.396109037101));
#7729 = CARTESIAN_POINT('',(1.702405985662,51.,0.423498572761));
#7730 = CARTESIAN_POINT('',(1.528212038811,51.,0.480229488791));
#7731 = CARTESIAN_POINT('',(1.434515798672,51.,0.509430352507));
#7732 = CARTESIAN_POINT('',(1.338742115154,51.,0.537761494716));
#7733 = CARTESIAN_POINT('',(1.225395365946,51.,0.569189829029));
#7734 = CARTESIAN_POINT('',(1.210040312678,51.,0.573404178738));
#7735 = CARTESIAN_POINT('',(1.194629296343,51.,0.577589549458));
#7736 = CARTESIAN_POINT('',(1.179161698577,51.,0.581744788957));
#7737 = PCURVE('',#5134,#7738);
#7738 = DEFINITIONAL_REPRESENTATION('',(#7739),#7757);
#7739 = B_SPLINE_CURVE_WITH_KNOTS('',4,(#7740,#7741,#7742,#7743,#7744,
    #7745,#7746,#7747,#7748,#7749,#7750,#7751,#7752,#7753,#7754,#7755,
    #7756),.UNSPECIFIED.,.F.,.F.,(5,3,3,3,3,5),(0.,0.217430286143,
    0.44378239307,0.686752739366,0.957717233981,1.),.UNSPECIFIED.);
#7740 = CARTESIAN_POINT('',(1.027725228705,46.491986891489));
#7741 = CARTESIAN_POINT('',(1.054334500414,46.426791975993));
#7742 = CARTESIAN_POINT('',(1.080786107499,46.36094536386));
#7743 = CARTESIAN_POINT('',(1.107057086949,46.294386027147));
#7744 = CARTESIAN_POINT('',(1.16023891229,46.156925886113));
#7745 = CARTESIAN_POINT('',(1.187131462526,46.085959109874));
#7746 = CARTESIAN_POINT('',(1.213753085656,46.014051027799));
#7747 = CARTESIAN_POINT('',(1.26826732944,45.862783106803));
#7748 = CARTESIAN_POINT('',(1.296109037101,45.783264433717));
#7749 = CARTESIAN_POINT('',(1.323498572761,45.702405985662));
#7750 = CARTESIAN_POINT('',(1.380229488791,45.528212038811));
#7751 = CARTESIAN_POINT('',(1.409430352507,45.434515798672));
#7752 = CARTESIAN_POINT('',(1.437761494716,45.338742115154));
#7753 = CARTESIAN_POINT('',(1.469189829029,45.225395365946));
#7754 = CARTESIAN_POINT('',(1.473404178738,45.210040312678));
#7755 = CARTESIAN_POINT('',(1.477589549458,45.194629296343));
#7756 = CARTESIAN_POINT('',(1.481744788957,45.179161698577));
#7757 = ( GEOMETRIC_REPRESENTATION_CONTEXT(2) 
PARAMETRIC_REPRESENTATION_CONTEXT() REPRESENTATION_CONTEXT('2D SPACE',''
  ) );
#7758 = PCURVE('',#7759,#7776);
#7759 = ( BOUNDED_SURFACE() B_SPLINE_SURFACE(1,7,(
    (#7760,#7761,#7762,#7763,#7764,#7765,#7766,#7767)
    ,(#7768,#7769,#7770,#7771,#7772,#7773,#7774,#7775
)),.UNSPECIFIED.,.F.,.F.,.F.) B_SPLINE_SURFACE_WITH_KNOTS((2,2),(8,8),(
    2.,3.),(0.,1.),.PIECEWISE_BEZIER_KNOTS.) 
GEOMETRIC_REPRESENTATION_ITEM() RATIONAL_B_SPLINE_SURFACE((
    (1.,1.,1.,1.,1.,1.,1.,1.)
,(1.,1.,1.,1.,1.,1.,1.,1.))) REPRESENTATION_ITEM('') SURFACE() );
#7760 = CARTESIAN_POINT('',(3.22341765579,48.,0.34375));
#7761 = CARTESIAN_POINT('',(3.223420749623,48.810136402938,0.39374999999
    ));
#7762 = CARTESIAN_POINT('',(2.985858580494,49.620250929957,
    0.443750000083));
#7763 = CARTESIAN_POINT('',(2.510833640224,50.346860894747,0.49375000011
    ));
#7764 = CARTESIAN_POINT('',(1.834808230908,50.906117750631,
    0.543750000359));
#7765 = CARTESIAN_POINT('',(1.032057728472,51.23657556283,0.593750000458
    ));
#7766 = CARTESIAN_POINT('',(0.191777845411,51.318129527767,
    0.643750000685));
#7767 = CARTESIAN_POINT('',(-0.604008234807,51.166322064545,
    0.693750000852));
#7768 = CARTESIAN_POINT('',(3.900000002409,48.00000000001,
    -4.687500015057E-02));
#7769 = CARTESIAN_POINT('',(3.90000374526,48.980180762628,
    3.124999839723E-03));
#7770 = CARTESIAN_POINT('',(3.612578237996,49.960335054508,
    5.312499994393E-02));
#7771 = CARTESIAN_POINT('',(3.037847477419,50.839457520544,
    0.103124999993));
#7772 = CARTESIAN_POINT('',(2.219927070436,51.516100127261,
    0.153125000273));
#7773 = CARTESIAN_POINT('',(1.248682474773,51.915919702597,0.20312500041
    ));
#7774 = CARTESIAN_POINT('',(0.232031240718,52.014591514185,
    0.253125000676));
#7775 = CARTESIAN_POINT('',(-0.730787124455,51.830920277781,
    0.303125000881));
#7776 = DEFINITIONAL_REPRESENTATION('',(#7777),#7795);
#7777 = B_SPLINE_CURVE_WITH_KNOTS('',4,(#7778,#7779,#7780,#7781,#7782,
    #7783,#7784,#7785,#7786,#7787,#7788,#7789,#7790,#7791,#7792,#7793,
    #7794),.UNSPECIFIED.,.F.,.F.,(5,3,3,3,3,5),(0.,0.217430286143,
    0.44378239307,0.686752739366,0.957717233981,1.),.UNSPECIFIED.);
#7778 = CARTESIAN_POINT('',(3.,0.498857795835));
#7779 = CARTESIAN_POINT('',(2.938429278247,0.506166963003));
#7780 = CARTESIAN_POINT('',(2.8775141863,0.513757389514));
#7781 = CARTESIAN_POINT('',(2.817334194773,0.521652161644));
#7782 = CARTESIAN_POINT('',(2.696233720677,0.538443454831));
#7783 = CARTESIAN_POINT('',(2.635384972978,0.547367763834));
#7784 = CARTESIAN_POINT('',(2.575580389818,0.556683357597));
#7785 = CARTESIAN_POINT('',(2.454125670203,0.576886197311));
#7786 = CARTESIAN_POINT('',(2.39266410025,0.587838431256));
#7787 = CARTESIAN_POINT('',(2.332843241612,0.599329896218));
#7788 = CARTESIAN_POINT('',(2.210507456691,0.624882753379));
#7789 = CARTESIAN_POINT('',(2.148479961842,0.639086677723));
#7790 = CARTESIAN_POINT('',(2.089398677844,0.654093865225));
#7791 = CARTESIAN_POINT('',(2.025374038161,0.672433034972));
#7792 = CARTESIAN_POINT('',(2.016821980286,0.674929326682));
#7793 = CARTESIAN_POINT('',(2.008362938755,0.677446634164));
#7794 = CARTESIAN_POINT('',(2.,0.679985110005));
#7795 = ( GEOMETRIC_REPRESENTATION_CONTEXT(2) 
PARAMETRIC_REPRESENTATION_CONTEXT() REPRESENTATION_CONTEXT('2D SPACE',''
  ) );
#7796 = ORIENTED_EDGE('',*,*,#7797,.T.);
#7797 = EDGE_CURVE('',#7716,#7798,#7800,.T.);
#7798 = VERTEX_POINT('',#7799);
#7799 = CARTESIAN_POINT('',(0.375570720538,51.,0.631473090727));
#7800 = SURFACE_CURVE('',#7801,(#7819,#7840),.PCURVE_S1.);
#7801 = B_SPLINE_CURVE_WITH_KNOTS('',6,(#7802,#7803,#7804,#7805,#7806,
    #7807,#7808,#7809,#7810,#7811,#7812,#7813,#7814,#7815,#7816,#7817,
    #7818),.UNSPECIFIED.,.F.,.F.,(7,5,5,7),(0.,0.402201618876,
    0.674001825254,1.),.UNSPECIFIED.);
#7802 = CARTESIAN_POINT('',(1.179161698577,51.,0.581744788957));
#7803 = CARTESIAN_POINT('',(1.137347298175,51.,0.584146629018));
#7804 = CARTESIAN_POINT('',(1.094361559786,51.,0.586643106165));
#7805 = CARTESIAN_POINT('',(1.050062474837,51.,0.589244568782));
#7806 = CARTESIAN_POINT('',(1.00428149085,51.,0.591963359383));
#7807 = CARTESIAN_POINT('',(0.956817239263,51.,0.594814193091));
#7808 = CARTESIAN_POINT('',(0.873956770007,51.,0.599848507237));
#7809 = CARTESIAN_POINT('',(0.839642140006,51.,0.601948382424));
#7810 = CARTESIAN_POINT('',(0.804332013417,51.,0.604124749274));
#7811 = CARTESIAN_POINT('',(0.76792472363,51.,0.606384896044));
#7812 = CARTESIAN_POINT('',(0.730298439968,51.,0.608737488254));
#7813 = CARTESIAN_POINT('',(0.644519004818,51.,0.614139091971));
#7814 = CARTESIAN_POINT('',(0.595805467119,51.,0.61723075711));
#7815 = CARTESIAN_POINT('',(0.54482893175,51.,0.620490790059));
#7816 = CARTESIAN_POINT('',(0.491302601876,51.,0.623939536214));
#7817 = CARTESIAN_POINT('',(0.434966051365,51.,0.627595094319));
#7818 = CARTESIAN_POINT('',(0.375570720538,51.,0.631473090727));
#7819 = PCURVE('',#5134,#7820);
#7820 = DEFINITIONAL_REPRESENTATION('',(#7821),#7839);
#7821 = B_SPLINE_CURVE_WITH_KNOTS('',6,(#7822,#7823,#7824,#7825,#7826,
    #7827,#7828,#7829,#7830,#7831,#7832,#7833,#7834,#7835,#7836,#7837,
    #7838),.UNSPECIFIED.,.F.,.F.,(7,5,5,7),(0.,0.402201618876,
    0.674001825254,1.),.UNSPECIFIED.);
#7822 = CARTESIAN_POINT('',(1.481744788957,45.179161698577));
#7823 = CARTESIAN_POINT('',(1.484146629018,45.137347298175));
#7824 = CARTESIAN_POINT('',(1.486643106165,45.094361559786));
#7825 = CARTESIAN_POINT('',(1.489244568782,45.050062474837));
#7826 = CARTESIAN_POINT('',(1.491963359383,45.00428149085));
#7827 = CARTESIAN_POINT('',(1.494814193091,44.956817239263));
#7828 = CARTESIAN_POINT('',(1.499848507237,44.873956770007));
#7829 = CARTESIAN_POINT('',(1.501948382424,44.839642140006));
#7830 = CARTESIAN_POINT('',(1.504124749274,44.804332013417));
#7831 = CARTESIAN_POINT('',(1.506384896044,44.76792472363));
#7832 = CARTESIAN_POINT('',(1.508737488254,44.730298439968));
#7833 = CARTESIAN_POINT('',(1.514139091971,44.644519004818));
#7834 = CARTESIAN_POINT('',(1.51723075711,44.595805467119));
#7835 = CARTESIAN_POINT('',(1.520490790059,44.54482893175));
#7836 = CARTESIAN_POINT('',(1.523939536214,44.491302601876));
#7837 = CARTESIAN_POINT('',(1.527595094319,44.434966051365));
#7838 = CARTESIAN_POINT('',(1.531473090727,44.375570720538));
#7839 = ( GEOMETRIC_REPRESENTATION_CONTEXT(2) 
PARAMETRIC_REPRESENTATION_CONTEXT() REPRESENTATION_CONTEXT('2D SPACE',''
  ) );
#7840 = PCURVE('',#7841,#7858);
#7841 = ( BOUNDED_SURFACE() B_SPLINE_SURFACE(1,7,(
    (#7842,#7843,#7844,#7845,#7846,#7847,#7848,#7849)
    ,(#7850,#7851,#7852,#7853,#7854,#7855,#7856,#7857
)),.UNSPECIFIED.,.F.,.F.,.F.) B_SPLINE_SURFACE_WITH_KNOTS((2,2),(8,8),(
    1.,2.),(0.,1.),.PIECEWISE_BEZIER_KNOTS.) 
GEOMETRIC_REPRESENTATION_ITEM() RATIONAL_B_SPLINE_SURFACE((
    (1.,1.,1.,1.,1.,1.,1.,1.)
,(1.,1.,1.,1.,1.,1.,1.,1.))) REPRESENTATION_ITEM('') SURFACE() );
#7842 = CARTESIAN_POINT('',(3.02341765579,47.999999999997,0.343750000045
    ));
#7843 = CARTESIAN_POINT('',(3.023420557771,48.759870722636,
    0.393750000035));
#7844 = CARTESIAN_POINT('',(2.80059815783,49.519720927598,0.443750000125
    ));
#7845 = CARTESIAN_POINT('',(2.355046590843,50.201247687962,
    0.493750000144));
#7846 = CARTESIAN_POINT('',(1.720965816458,50.725804924083,
    0.543750000384));
#7847 = CARTESIAN_POINT('',(0.968022730385,51.035759167584,
    0.593750000472));
#7848 = CARTESIAN_POINT('',(0.179878807374,51.112253039914,
    0.643750000688));
#7849 = CARTESIAN_POINT('',(-0.566531971887,50.9698646144,0.693750000844
    ));
#7850 = CARTESIAN_POINT('',(3.22341765579,48.,0.34375));
#7851 = CARTESIAN_POINT('',(3.223420749623,48.810136402938,0.39374999999
    ));
#7852 = CARTESIAN_POINT('',(2.985858580494,49.620250929957,
    0.443750000083));
#7853 = CARTESIAN_POINT('',(2.510833640224,50.346860894747,0.49375000011
    ));
#7854 = CARTESIAN_POINT('',(1.834808230908,50.906117750631,
    0.543750000359));
#7855 = CARTESIAN_POINT('',(1.032057728472,51.23657556283,0.593750000458
    ));
#7856 = CARTESIAN_POINT('',(0.191777845411,51.318129527767,
    0.643750000685));
#7857 = CARTESIAN_POINT('',(-0.604008234807,51.166322064545,
    0.693750000852));
#7858 = DEFINITIONAL_REPRESENTATION('',(#7859),#7877);
#7859 = B_SPLINE_CURVE_WITH_KNOTS('',6,(#7860,#7861,#7862,#7863,#7864,
    #7865,#7866,#7867,#7868,#7869,#7870,#7871,#7872,#7873,#7874,#7875,
    #7876),.UNSPECIFIED.,.F.,.F.,(7,5,5,7),(0.,0.402201618876,
    0.674001825254,1.),.UNSPECIFIED.);
#7860 = CARTESIAN_POINT('',(2.,0.679985110005));
#7861 = CARTESIAN_POINT('',(1.923519171046,0.686847510154));
#7862 = CARTESIAN_POINT('',(1.847715168379,0.693980301974));
#7863 = CARTESIAN_POINT('',(1.772682921546,0.701413052279));
#7864 = CARTESIAN_POINT('',(1.698569049159,0.709181025398));
#7865 = CARTESIAN_POINT('',(1.625575579917,0.717326264533));
#7866 = CARTESIAN_POINT('',(1.505633206861,0.731710019182));
#7867 = CARTESIAN_POINT('',(1.457919705294,0.737709662554));
#7868 = CARTESIAN_POINT('',(1.410950788466,0.74392785353));
#7869 = CARTESIAN_POINT('',(1.364851209761,0.750385415707));
#7870 = CARTESIAN_POINT('',(1.319792435801,0.75710710771));
#7871 = CARTESIAN_POINT('',(1.223484723182,0.772540261135));
#7872 = CARTESIAN_POINT('',(1.172841454443,0.781373590073));
#7873 = CARTESIAN_POINT('',(1.124399091367,0.790687969895));
#7874 = CARTESIAN_POINT('',(1.078773830002,0.800541530303));
#7875 = CARTESIAN_POINT('',(1.036890572428,0.810985981994));
#7876 = CARTESIAN_POINT('',(1.,0.822065971695));
#7877 = ( GEOMETRIC_REPRESENTATION_CONTEXT(2) 
PARAMETRIC_REPRESENTATION_CONTEXT() REPRESENTATION_CONTEXT('2D SPACE',''
  ) );
#7878 = ORIENTED_EDGE('',*,*,#7879,.T.);
#7879 = EDGE_CURVE('',#7798,#7880,#7882,.T.);
#7880 = VERTEX_POINT('',#7881);
#7881 = CARTESIAN_POINT('',(0.375570720422,51.,0.11));
#7882 = SURFACE_CURVE('',#7883,(#7889,#7898),.PCURVE_S1.);
#7883 = B_SPLINE_CURVE_WITH_KNOTS('',4,(#7884,#7885,#7886,#7887,#7888),
  .UNSPECIFIED.,.F.,.F.,(5,5),(0.,1.),.PIECEWISE_BEZIER_KNOTS.);
#7884 = CARTESIAN_POINT('',(0.375570720538,51.,0.631473090727));
#7885 = CARTESIAN_POINT('',(0.375570720508,51.,0.498604818045));
#7886 = CARTESIAN_POINT('',(0.375570720479,51.,0.365736545364));
#7887 = CARTESIAN_POINT('',(0.375570720449,51.,0.232868272682));
#7888 = CARTESIAN_POINT('',(0.37557072042,51.,1.E-01));
#7889 = PCURVE('',#5134,#7890);
#7890 = DEFINITIONAL_REPRESENTATION('',(#7891),#7897);
#7891 = B_SPLINE_CURVE_WITH_KNOTS('',4,(#7892,#7893,#7894,#7895,#7896),
  .UNSPECIFIED.,.F.,.F.,(5,5),(0.,1.),.PIECEWISE_BEZIER_KNOTS.);
#7892 = CARTESIAN_POINT('',(1.531473090727,44.375570720538));
#7893 = CARTESIAN_POINT('',(1.398604818045,44.375570720508));
#7894 = CARTESIAN_POINT('',(1.265736545364,44.375570720479));
#7895 = CARTESIAN_POINT('',(1.132868272682,44.375570720449));
#7896 = CARTESIAN_POINT('',(1.,44.37557072042));
#7897 = ( GEOMETRIC_REPRESENTATION_CONTEXT(2) 
PARAMETRIC_REPRESENTATION_CONTEXT() REPRESENTATION_CONTEXT('2D SPACE',''
  ) );
#7898 = PCURVE('',#7899,#7916);
#7899 = ( BOUNDED_SURFACE() B_SPLINE_SURFACE(1,7,(
    (#7900,#7901,#7902,#7903,#7904,#7905,#7906,#7907)
    ,(#7908,#7909,#7910,#7911,#7912,#7913,#7914,#7915
)),.UNSPECIFIED.,.F.,.F.,.F.) B_SPLINE_SURFACE_WITH_KNOTS((2,2),(8,8),(
    0.,1.),(0.,1.),.PIECEWISE_BEZIER_KNOTS.) 
GEOMETRIC_REPRESENTATION_ITEM() RATIONAL_B_SPLINE_SURFACE((
    (1.,1.,1.,1.,1.,1.,1.,1.)
,(1.,1.,1.,1.,1.,1.,1.,1.))) REPRESENTATION_ITEM('') SURFACE() );
#7900 = CARTESIAN_POINT('',(3.023417655581,47.999999999997,
    -0.593749999955));
#7901 = CARTESIAN_POINT('',(3.023420557562,48.759870722636,
    -0.543749999965));
#7902 = CARTESIAN_POINT('',(2.800598157621,49.519720927598,
    -0.493749999875));
#7903 = CARTESIAN_POINT('',(2.355046590635,50.201247687962,
    -0.443749999856));
#7904 = CARTESIAN_POINT('',(1.720965816249,50.725804924083,
    -0.393749999616));
#7905 = CARTESIAN_POINT('',(0.968022730176,51.035759167584,
    -0.343749999528));
#7906 = CARTESIAN_POINT('',(0.179878807165,51.112253039914,
    -0.293749999312));
#7907 = CARTESIAN_POINT('',(-0.566531972095,50.9698646144,
    -0.243749999156));
#7908 = CARTESIAN_POINT('',(3.02341765579,47.999999999997,0.343750000045
    ));
#7909 = CARTESIAN_POINT('',(3.023420557771,48.759870722636,
    0.393750000035));
#7910 = CARTESIAN_POINT('',(2.80059815783,49.519720927598,0.443750000125
    ));
#7911 = CARTESIAN_POINT('',(2.355046590843,50.201247687962,
    0.493750000144));
#7912 = CARTESIAN_POINT('',(1.720965816458,50.725804924083,
    0.543750000384));
#7913 = CARTESIAN_POINT('',(0.968022730385,51.035759167584,
    0.593750000472));
#7914 = CARTESIAN_POINT('',(0.179878807374,51.112253039914,
    0.643750000688));
#7915 = CARTESIAN_POINT('',(-0.566531971887,50.9698646144,0.693750000844
    ));
#7916 = DEFINITIONAL_REPRESENTATION('',(#7917),#7923);
#7917 = B_SPLINE_CURVE_WITH_KNOTS('',4,(#7918,#7919,#7920,#7921,#7922),
  .UNSPECIFIED.,.F.,.F.,(5,5),(0.,1.),.PIECEWISE_BEZIER_KNOTS.);
#7918 = CARTESIAN_POINT('',(1.,0.822065971695));
#7919 = CARTESIAN_POINT('',(0.858273842473,0.822065971695));
#7920 = CARTESIAN_POINT('',(0.716547684946,0.822065971695));
#7921 = CARTESIAN_POINT('',(0.574821527418,0.822065971695));
#7922 = CARTESIAN_POINT('',(0.433095369891,0.822065971695));
#7923 = ( GEOMETRIC_REPRESENTATION_CONTEXT(2) 
PARAMETRIC_REPRESENTATION_CONTEXT() REPRESENTATION_CONTEXT('2D SPACE',''
  ) );
#7924 = ORIENTED_EDGE('',*,*,#7925,.F.);
#7925 = EDGE_CURVE('',#7926,#7880,#7928,.T.);
#7926 = VERTEX_POINT('',#7927);
#7927 = CARTESIAN_POINT('',(-0.375574639779,51.,0.11));
#7928 = SURFACE_CURVE('',#7929,(#7933,#7939),.PCURVE_S1.);
#7929 = LINE('',#7930,#7931);
#7930 = CARTESIAN_POINT('',(-22.,51.,0.11));
#7931 = VECTOR('',#7932,1.);
#7932 = DIRECTION('',(1.,0.,-0.));
#7933 = PCURVE('',#5134,#7934);
#7934 = DEFINITIONAL_REPRESENTATION('',(#7935),#7938);
#7935 = B_SPLINE_CURVE_WITH_KNOTS('',1,(#7936,#7937),.UNSPECIFIED.,.F.,
  .F.,(2,2),(18.7,25.3),.PIECEWISE_BEZIER_KNOTS.);
#7936 = CARTESIAN_POINT('',(1.01,40.7));
#7937 = CARTESIAN_POINT('',(1.01,47.3));
#7938 = ( GEOMETRIC_REPRESENTATION_CONTEXT(2) 
PARAMETRIC_REPRESENTATION_CONTEXT() REPRESENTATION_CONTEXT('2D SPACE',''
  ) );
#7939 = PCURVE('',#7940,#7945);
#7940 = PLANE('',#7941);
#7941 = AXIS2_PLACEMENT_3D('',#7942,#7943,#7944);
#7942 = CARTESIAN_POINT('',(0.,48.,0.11));
#7943 = DIRECTION('',(0.,0.,1.));
#7944 = DIRECTION('',(1.,0.,-0.));
#7945 = DEFINITIONAL_REPRESENTATION('',(#7946),#7949);
#7946 = B_SPLINE_CURVE_WITH_KNOTS('',1,(#7947,#7948),.UNSPECIFIED.,.F.,
  .F.,(2,2),(18.7,25.3),.PIECEWISE_BEZIER_KNOTS.);
#7947 = CARTESIAN_POINT('',(-3.3,3.));
#7948 = CARTESIAN_POINT('',(3.3,3.));
#7949 = ( GEOMETRIC_REPRESENTATION_CONTEXT(2) 
PARAMETRIC_REPRESENTATION_CONTEXT() REPRESENTATION_CONTEXT('2D SPACE',''
  ) );
#7950 = ORIENTED_EDGE('',*,*,#7951,.F.);
#7951 = EDGE_CURVE('',#7952,#7926,#7954,.T.);
#7952 = VERTEX_POINT('',#7953);
#7953 = CARTESIAN_POINT('',(-0.375574639652,51.,0.681027181087));
#7954 = SURFACE_CURVE('',#7955,(#7961,#7970),.PCURVE_S1.);
#7955 = B_SPLINE_CURVE_WITH_KNOTS('',4,(#7956,#7957,#7958,#7959,#7960),
  .UNSPECIFIED.,.F.,.F.,(5,5),(0.,1.),.PIECEWISE_BEZIER_KNOTS.);
#7956 = CARTESIAN_POINT('',(-0.375574639652,51.,0.681027181087));
#7957 = CARTESIAN_POINT('',(-0.375574639684,51.,0.535770385815));
#7958 = CARTESIAN_POINT('',(-0.375574639717,51.,0.390513590543));
#7959 = CARTESIAN_POINT('',(-0.375574639749,51.,0.245256795272));
#7960 = CARTESIAN_POINT('',(-0.375574639781,51.,1.E-01));
#7961 = PCURVE('',#5134,#7962);
#7962 = DEFINITIONAL_REPRESENTATION('',(#7963),#7969);
#7963 = B_SPLINE_CURVE_WITH_KNOTS('',4,(#7964,#7965,#7966,#7967,#7968),
  .UNSPECIFIED.,.F.,.F.,(5,5),(0.,1.),.PIECEWISE_BEZIER_KNOTS.);
#7964 = CARTESIAN_POINT('',(1.581027181087,43.624425360348));
#7965 = CARTESIAN_POINT('',(1.435770385815,43.624425360316));
#7966 = CARTESIAN_POINT('',(1.290513590543,43.624425360283));
#7967 = CARTESIAN_POINT('',(1.145256795272,43.624425360251));
#7968 = CARTESIAN_POINT('',(1.,43.624425360219));
#7969 = ( GEOMETRIC_REPRESENTATION_CONTEXT(2) 
PARAMETRIC_REPRESENTATION_CONTEXT() REPRESENTATION_CONTEXT('2D SPACE',''
  ) );
#7970 = PCURVE('',#7899,#7971);
#7971 = DEFINITIONAL_REPRESENTATION('',(#7972),#7978);
#7972 = B_SPLINE_CURVE_WITH_KNOTS('',4,(#7973,#7974,#7975,#7976,#7977),
  .UNSPECIFIED.,.F.,.F.,(5,5),(0.,1.),.PIECEWISE_BEZIER_KNOTS.);
#7973 = CARTESIAN_POINT('',(1.,0.963649086526));
#7974 = CARTESIAN_POINT('',(0.845059418377,0.963649086526));
#7975 = CARTESIAN_POINT('',(0.690118836754,0.963649086526));
#7976 = CARTESIAN_POINT('',(0.535178255131,0.963649086526));
#7977 = CARTESIAN_POINT('',(0.380237673507,0.963649086526));
#7978 = ( GEOMETRIC_REPRESENTATION_CONTEXT(2) 
PARAMETRIC_REPRESENTATION_CONTEXT() REPRESENTATION_CONTEXT('2D SPACE',''
  ) );
#7979 = ORIENTED_EDGE('',*,*,#7980,.F.);
#7980 = EDGE_CURVE('',#7981,#7952,#7983,.T.);
#7981 = VERTEX_POINT('',#7982);
#7982 = CARTESIAN_POINT('',(-0.572280604138,51.,0.693750000845));
#7983 = SURFACE_CURVE('',#7984,(#7991,#8001),.PCURVE_S1.);
#7984 = B_SPLINE_CURVE_WITH_KNOTS('',5,(#7985,#7986,#7987,#7988,#7989,
    #7990),.UNSPECIFIED.,.F.,.F.,(6,6),(0.,1.),
  .PIECEWISE_BEZIER_KNOTS.);
#7985 = CARTESIAN_POINT('',(-0.572280604138,51.,0.693750000845));
#7986 = CARTESIAN_POINT('',(-0.535745605662,51.,0.691412276541));
#7987 = CARTESIAN_POINT('',(-0.497931440376,51.,0.688979598635));
#7988 = CARTESIAN_POINT('',(-0.458697922847,51.,0.686442368381));
#7989 = CARTESIAN_POINT('',(-0.41793455245,51.,0.683792913077));
#7990 = CARTESIAN_POINT('',(-0.375574639652,51.,0.681027181087));
#7991 = PCURVE('',#5134,#7992);
#7992 = DEFINITIONAL_REPRESENTATION('',(#7993),#8000);
#7993 = B_SPLINE_CURVE_WITH_KNOTS('',5,(#7994,#7995,#7996,#7997,#7998,
    #7999),.UNSPECIFIED.,.F.,.F.,(6,6),(0.,1.),
  .PIECEWISE_BEZIER_KNOTS.);
#7994 = CARTESIAN_POINT('',(1.593750000845,43.427719395862));
#7995 = CARTESIAN_POINT('',(1.591412276541,43.464254394338));
#7996 = CARTESIAN_POINT('',(1.588979598635,43.502068559624));
#7997 = CARTESIAN_POINT('',(1.586442368381,43.541302077153));
#7998 = CARTESIAN_POINT('',(1.583792913077,43.58206544755));
#7999 = CARTESIAN_POINT('',(1.581027181087,43.624425360348));
#8000 = ( GEOMETRIC_REPRESENTATION_CONTEXT(2) 
PARAMETRIC_REPRESENTATION_CONTEXT() REPRESENTATION_CONTEXT('2D SPACE',''
  ) );
#8001 = PCURVE('',#7841,#8002);
#8002 = DEFINITIONAL_REPRESENTATION('',(#8003),#8010);
#8003 = B_SPLINE_CURVE_WITH_KNOTS('',5,(#8004,#8005,#8006,#8007,#8008,
    #8009),.UNSPECIFIED.,.F.,.F.,(6,6),(0.,1.),
  .PIECEWISE_BEZIER_KNOTS.);
#8004 = CARTESIAN_POINT('',(1.153393956694,1.));
#8005 = CARTESIAN_POINT('',(1.119163391194,0.993320787725));
#8006 = CARTESIAN_POINT('',(1.086370451875,0.986370279444));
#8007 = CARTESIAN_POINT('',(1.055281118699,0.979121050172));
#8008 = CARTESIAN_POINT('',(1.026310163345,0.9715511779));
#8009 = CARTESIAN_POINT('',(1.,0.963649086526));
#8010 = ( GEOMETRIC_REPRESENTATION_CONTEXT(2) 
PARAMETRIC_REPRESENTATION_CONTEXT() REPRESENTATION_CONTEXT('2D SPACE',''
  ) );
#8011 = ORIENTED_EDGE('',*,*,#8012,.T.);
#8012 = EDGE_CURVE('',#7981,#8013,#8015,.T.);
#8013 = VERTEX_POINT('',#8014);
#8014 = CARTESIAN_POINT('',(-0.572280604268,51.,0.11));
#8015 = SURFACE_CURVE('',#8016,(#8020,#8026),.PCURVE_S1.);
#8016 = LINE('',#8017,#8018);
#8017 = CARTESIAN_POINT('',(-0.57228060442,51.,-0.571875004409));
#8018 = VECTOR('',#8019,1.);
#8019 = DIRECTION('',(-2.225261137887E-10,0.,-1.));
#8020 = PCURVE('',#5134,#8021);
#8021 = DEFINITIONAL_REPRESENTATION('',(#8022),#8025);
#8022 = B_SPLINE_CURVE_WITH_KNOTS('',1,(#8023,#8024),.UNSPECIFIED.,.F.,
  .F.,(2,2),(-1.284764637802,-0.671875004409),.PIECEWISE_BEZIER_KNOTS.);
#8023 = CARTESIAN_POINT('',(1.612889633392,43.427719395866));
#8024 = CARTESIAN_POINT('',(1.,43.42771939573));
#8025 = ( GEOMETRIC_REPRESENTATION_CONTEXT(2) 
PARAMETRIC_REPRESENTATION_CONTEXT() REPRESENTATION_CONTEXT('2D SPACE',''
  ) );
#8026 = PCURVE('',#8027,#8032);
#8027 = PLANE('',#8028);
#8028 = AXIS2_PLACEMENT_3D('',#8029,#8030,#8031);
#8029 = CARTESIAN_POINT('',(-0.566531972095,50.9698646144,
    -0.243749999156));
#8030 = DIRECTION('',(0.982287250726,0.187381314601,-2.185845645282E-10)
  );
#8031 = DIRECTION('',(-0.158979596635,0.83340023176,0.529310439681));
#8032 = DEFINITIONAL_REPRESENTATION('',(#8033),#8036);
#8033 = B_SPLINE_CURVE_WITH_KNOTS('',1,(#8034,#8035),.UNSPECIFIED.,.F.,
  .F.,(2,2),(-1.284764637802,-0.671875004409),.PIECEWISE_BEZIER_KNOTS.);
#8034 = CARTESIAN_POINT('',(0.532388097067,0.795401463979));
#8035 = CARTESIAN_POINT('',(0.207979215761,0.275408598211));
#8036 = ( GEOMETRIC_REPRESENTATION_CONTEXT(2) 
PARAMETRIC_REPRESENTATION_CONTEXT() REPRESENTATION_CONTEXT('2D SPACE',''
  ) );
#8037 = ORIENTED_EDGE('',*,*,#8038,.F.);
#8038 = EDGE_CURVE('',#8039,#8013,#8041,.T.);
#8039 = VERTEX_POINT('',#8040);
#8040 = CARTESIAN_POINT('',(-1.374772708487,51.,0.11));
#8041 = SURFACE_CURVE('',#8042,(#8046,#8052),.PCURVE_S1.);
#8042 = LINE('',#8043,#8044);
#8043 = CARTESIAN_POINT('',(-22.,51.,0.11));
#8044 = VECTOR('',#8045,1.);
#8045 = DIRECTION('',(1.,0.,-0.));
#8046 = PCURVE('',#5134,#8047);
#8047 = DEFINITIONAL_REPRESENTATION('',(#8048),#8051);
#8048 = B_SPLINE_CURVE_WITH_KNOTS('',1,(#8049,#8050),.UNSPECIFIED.,.F.,
  .F.,(2,2),(18.7,25.3),.PIECEWISE_BEZIER_KNOTS.);
#8049 = CARTESIAN_POINT('',(1.01,40.7));
#8050 = CARTESIAN_POINT('',(1.01,47.3));
#8051 = ( GEOMETRIC_REPRESENTATION_CONTEXT(2) 
PARAMETRIC_REPRESENTATION_CONTEXT() REPRESENTATION_CONTEXT('2D SPACE',''
  ) );
#8052 = PCURVE('',#8053,#8058);
#8053 = PLANE('',#8054);
#8054 = AXIS2_PLACEMENT_3D('',#8055,#8056,#8057);
#8055 = CARTESIAN_POINT('',(0.,48.,0.11));
#8056 = DIRECTION('',(0.,0.,1.));
#8057 = DIRECTION('',(1.,0.,-0.));
#8058 = DEFINITIONAL_REPRESENTATION('',(#8059),#8062);
#8059 = B_SPLINE_CURVE_WITH_KNOTS('',1,(#8060,#8061),.UNSPECIFIED.,.F.,
  .F.,(2,2),(18.7,25.3),.PIECEWISE_BEZIER_KNOTS.);
#8060 = CARTESIAN_POINT('',(-3.3,3.));
#8061 = CARTESIAN_POINT('',(3.3,3.));
#8062 = ( GEOMETRIC_REPRESENTATION_CONTEXT(2) 
PARAMETRIC_REPRESENTATION_CONTEXT() REPRESENTATION_CONTEXT('2D SPACE',''
  ) );
#8063 = ORIENTED_EDGE('',*,*,#8064,.F.);
#8064 = EDGE_CURVE('',#7330,#8039,#8065,.T.);
#8065 = SURFACE_CURVE('',#8066,(#8070,#8076),.PCURVE_S1.);
#8066 = LINE('',#8067,#8068);
#8067 = CARTESIAN_POINT('',(-1.374772708487,51.,-7.4));
#8068 = VECTOR('',#8069,1.);
#8069 = DIRECTION('',(0.,0.,1.));
#8070 = PCURVE('',#5134,#8071);
#8071 = DEFINITIONAL_REPRESENTATION('',(#8072),#8075);
#8072 = B_SPLINE_CURVE_WITH_KNOTS('',1,(#8073,#8074),.UNSPECIFIED.,.F.,
  .F.,(2,2),(7.28,7.5100024),.PIECEWISE_BEZIER_KNOTS.);
#8073 = CARTESIAN_POINT('',(0.78,42.625227291513));
#8074 = CARTESIAN_POINT('',(1.0100024,42.625227291513));
#8075 = ( GEOMETRIC_REPRESENTATION_CONTEXT(2) 
PARAMETRIC_REPRESENTATION_CONTEXT() REPRESENTATION_CONTEXT('2D SPACE',''
  ) );
#8076 = PCURVE('',#7346,#8077);
#8077 = DEFINITIONAL_REPRESENTATION('',(#8078),#8081);
#8078 = B_SPLINE_CURVE_WITH_KNOTS('',1,(#8079,#8080),.UNSPECIFIED.,.F.,
  .F.,(2,2),(7.28,7.5100024),.PIECEWISE_BEZIER_KNOTS.);
#8079 = CARTESIAN_POINT('',(2.000495992946,7.28));
#8080 = CARTESIAN_POINT('',(2.000495992946,7.5100024));
#8081 = ( GEOMETRIC_REPRESENTATION_CONTEXT(2) 
PARAMETRIC_REPRESENTATION_CONTEXT() REPRESENTATION_CONTEXT('2D SPACE',''
  ) );
#8082 = ORIENTED_EDGE('',*,*,#7358,.T.);
#8083 = ORIENTED_EDGE('',*,*,#8084,.T.);
#8084 = EDGE_CURVE('',#7359,#5269,#8085,.T.);
#8085 = SURFACE_CURVE('',#8086,(#8090,#8096),.PCURVE_S1.);
#8086 = LINE('',#8087,#8088);
#8087 = CARTESIAN_POINT('',(-22.,51.,1.E-01));
#8088 = VECTOR('',#8089,1.);
#8089 = DIRECTION('',(-1.,-0.,0.));
#8090 = PCURVE('',#5134,#8091);
#8091 = DEFINITIONAL_REPRESENTATION('',(#8092),#8095);
#8092 = B_SPLINE_CURVE_WITH_KNOTS('',1,(#8093,#8094),.UNSPECIFIED.,.F.,
  .F.,(2,2),(-66.,22.),.PIECEWISE_BEZIER_KNOTS.);
#8093 = CARTESIAN_POINT('',(1.,88.));
#8094 = CARTESIAN_POINT('',(1.,0.));
#8095 = ( GEOMETRIC_REPRESENTATION_CONTEXT(2) 
PARAMETRIC_REPRESENTATION_CONTEXT() REPRESENTATION_CONTEXT('2D SPACE',''
  ) );
#8096 = PCURVE('',#5306,#8097);
#8097 = DEFINITIONAL_REPRESENTATION('',(#8098),#8102);
#8098 = LINE('',#8099,#8100);
#8099 = CARTESIAN_POINT('',(-20.7,-16.4));
#8100 = VECTOR('',#8101,1.);
#8101 = DIRECTION('',(1.,0.));
#8102 = ( GEOMETRIC_REPRESENTATION_CONTEXT(2) 
PARAMETRIC_REPRESENTATION_CONTEXT() REPRESENTATION_CONTEXT('2D SPACE',''
  ) );
#8103 = ORIENTED_EDGE('',*,*,#5268,.T.);
#8104 = ORIENTED_EDGE('',*,*,#8105,.T.);
#8105 = EDGE_CURVE('',#5271,#5119,#8106,.T.);
#8106 = SURFACE_CURVE('',#8107,(#8111,#8118),.PCURVE_S1.);
#8107 = LINE('',#8108,#8109);
#8108 = CARTESIAN_POINT('',(-44.,51.,2.3));
#8109 = VECTOR('',#8110,1.);
#8110 = DIRECTION('',(1.,0.,-0.));
#8111 = PCURVE('',#5134,#8112);
#8112 = DEFINITIONAL_REPRESENTATION('',(#8113),#8117);
#8113 = LINE('',#8114,#8115);
#8114 = CARTESIAN_POINT('',(3.2,0.));
#8115 = VECTOR('',#8116,1.);
#8116 = DIRECTION('',(0.,1.));
#8117 = ( GEOMETRIC_REPRESENTATION_CONTEXT(2) 
PARAMETRIC_REPRESENTATION_CONTEXT() REPRESENTATION_CONTEXT('2D SPACE',''
  ) );
#8118 = PCURVE('',#5204,#8119);
#8119 = DEFINITIONAL_REPRESENTATION('',(#8120),#8124);
#8120 = LINE('',#8121,#8122);
#8121 = CARTESIAN_POINT('',(0.,0.));
#8122 = VECTOR('',#8123,1.);
#8123 = DIRECTION('',(1.,0.));
#8124 = ( GEOMETRIC_REPRESENTATION_CONTEXT(2) 
PARAMETRIC_REPRESENTATION_CONTEXT() REPRESENTATION_CONTEXT('2D SPACE',''
  ) );
#8125 = ADVANCED_FACE('',(#8126),#5204,.F.);
#8126 = FACE_BOUND('',#8127,.F.);
#8127 = EDGE_LOOP('',(#8128,#8129,#8130,#8131));
#8128 = ORIENTED_EDGE('',*,*,#5320,.F.);
#8129 = ORIENTED_EDGE('',*,*,#8105,.T.);
#8130 = ORIENTED_EDGE('',*,*,#5190,.T.);
#8131 = ORIENTED_EDGE('',*,*,#5244,.F.);
#8132 = ADVANCED_FACE('',(#8133),#5306,.T.);
#8133 = FACE_BOUND('',#8134,.T.);
#8134 = EDGE_LOOP('',(#8135,#8136,#8157,#8158));
#8135 = ORIENTED_EDGE('',*,*,#8084,.F.);
#8136 = ORIENTED_EDGE('',*,*,#8137,.T.);
#8137 = EDGE_CURVE('',#7359,#5347,#8138,.T.);
#8138 = SURFACE_CURVE('',#8139,(#8143,#8150),.PCURVE_S1.);
#8139 = LINE('',#8140,#8141);
#8140 = CARTESIAN_POINT('',(-42.7,34.6,1.E-01));
#8141 = VECTOR('',#8142,1.);
#8142 = DIRECTION('',(0.,1.,0.));
#8143 = PCURVE('',#5306,#8144);
#8144 = DEFINITIONAL_REPRESENTATION('',(#8145),#8149);
#8145 = LINE('',#8146,#8147);
#8146 = CARTESIAN_POINT('',(0.,0.));
#8147 = VECTOR('',#8148,1.);
#8148 = DIRECTION('',(0.,-1.));
#8149 = ( GEOMETRIC_REPRESENTATION_CONTEXT(2) 
PARAMETRIC_REPRESENTATION_CONTEXT() REPRESENTATION_CONTEXT('2D SPACE',''
  ) );
#8150 = PCURVE('',#5362,#8151);
#8151 = DEFINITIONAL_REPRESENTATION('',(#8152),#8156);
#8152 = LINE('',#8153,#8154);
#8153 = CARTESIAN_POINT('',(0.7,0.));
#8154 = VECTOR('',#8155,1.);
#8155 = DIRECTION('',(0.,-1.));
#8156 = ( GEOMETRIC_REPRESENTATION_CONTEXT(2) 
PARAMETRIC_REPRESENTATION_CONTEXT() REPRESENTATION_CONTEXT('2D SPACE',''
  ) );
#8157 = ORIENTED_EDGE('',*,*,#5374,.T.);
#8158 = ORIENTED_EDGE('',*,*,#5293,.F.);
#8159 = ADVANCED_FACE('',(#8160),#5362,.T.);
#8160 = FACE_BOUND('',#8161,.T.);
#8161 = EDGE_LOOP('',(#8162,#8185,#8186,#8187,#8188,#8189));
#8162 = ORIENTED_EDGE('',*,*,#8163,.T.);
#8163 = EDGE_CURVE('',#8164,#5345,#8166,.T.);
#8164 = VERTEX_POINT('',#8165);
#8165 = CARTESIAN_POINT('',(-42.7,34.6,-0.6));
#8166 = SURFACE_CURVE('',#8167,(#8171,#8178),.PCURVE_S1.);
#8167 = LINE('',#8168,#8169);
#8168 = CARTESIAN_POINT('',(-42.7,34.6,-0.6));
#8169 = VECTOR('',#8170,1.);
#8170 = DIRECTION('',(0.,1.,0.));
#8171 = PCURVE('',#5362,#8172);
#8172 = DEFINITIONAL_REPRESENTATION('',(#8173),#8177);
#8173 = LINE('',#8174,#8175);
#8174 = CARTESIAN_POINT('',(-1.110223024625E-16,0.));
#8175 = VECTOR('',#8176,1.);
#8176 = DIRECTION('',(0.,-1.));
#8177 = ( GEOMETRIC_REPRESENTATION_CONTEXT(2) 
PARAMETRIC_REPRESENTATION_CONTEXT() REPRESENTATION_CONTEXT('2D SPACE',''
  ) );
#8178 = PCURVE('',#5489,#8179);
#8179 = DEFINITIONAL_REPRESENTATION('',(#8180),#8184);
#8180 = LINE('',#8181,#8182);
#8181 = CARTESIAN_POINT('',(2.12132034356,0.));
#8182 = VECTOR('',#8183,1.);
#8183 = DIRECTION('',(0.,-1.));
#8184 = ( GEOMETRIC_REPRESENTATION_CONTEXT(2) 
PARAMETRIC_REPRESENTATION_CONTEXT() REPRESENTATION_CONTEXT('2D SPACE',''
  ) );
#8185 = ORIENTED_EDGE('',*,*,#5344,.T.);
#8186 = ORIENTED_EDGE('',*,*,#8137,.F.);
#8187 = ORIENTED_EDGE('',*,*,#7379,.F.);
#8188 = ORIENTED_EDGE('',*,*,#7426,.F.);
#8189 = ORIENTED_EDGE('',*,*,#8190,.F.);
#8190 = EDGE_CURVE('',#8164,#7404,#8191,.T.);
#8191 = SURFACE_CURVE('',#8192,(#8196,#8203),.PCURVE_S1.);
#8192 = LINE('',#8193,#8194);
#8193 = CARTESIAN_POINT('',(-42.7,34.6,-0.6));
#8194 = VECTOR('',#8195,1.);
#8195 = DIRECTION('',(0.,0.,1.));
#8196 = PCURVE('',#5362,#8197);
#8197 = DEFINITIONAL_REPRESENTATION('',(#8198),#8202);
#8198 = LINE('',#8199,#8200);
#8199 = CARTESIAN_POINT('',(0.,0.));
#8200 = VECTOR('',#8201,1.);
#8201 = DIRECTION('',(1.,0.));
#8202 = ( GEOMETRIC_REPRESENTATION_CONTEXT(2) 
PARAMETRIC_REPRESENTATION_CONTEXT() REPRESENTATION_CONTEXT('2D SPACE',''
  ) );
#8203 = PCURVE('',#5566,#8204);
#8204 = DEFINITIONAL_REPRESENTATION('',(#8205),#8209);
#8205 = LINE('',#8206,#8207);
#8206 = CARTESIAN_POINT('',(-1.136671772855,1.63195519411));
#8207 = VECTOR('',#8208,1.);
#8208 = DIRECTION('',(-1.,0.));
#8209 = ( GEOMETRIC_REPRESENTATION_CONTEXT(2) 
PARAMETRIC_REPRESENTATION_CONTEXT() REPRESENTATION_CONTEXT('2D SPACE',''
  ) );
#8210 = ADVANCED_FACE('',(#8211),#5435,.T.);
#8211 = FACE_BOUND('',#8212,.T.);
#8212 = EDGE_LOOP('',(#8213,#8214,#8215,#8238));
#8213 = ORIENTED_EDGE('',*,*,#5529,.T.);
#8214 = ORIENTED_EDGE('',*,*,#5419,.T.);
#8215 = ORIENTED_EDGE('',*,*,#8216,.F.);
#8216 = EDGE_CURVE('',#8217,#5420,#8219,.T.);
#8217 = VERTEX_POINT('',#8218);
#8218 = CARTESIAN_POINT('',(-41.2,34.6,-3.3));
#8219 = SURFACE_CURVE('',#8220,(#8224,#8231),.PCURVE_S1.);
#8220 = LINE('',#8221,#8222);
#8221 = CARTESIAN_POINT('',(-41.2,34.6,-3.3));
#8222 = VECTOR('',#8223,1.);
#8223 = DIRECTION('',(0.,1.,0.));
#8224 = PCURVE('',#5435,#8225);
#8225 = DEFINITIONAL_REPRESENTATION('',(#8226),#8230);
#8226 = LINE('',#8227,#8228);
#8227 = CARTESIAN_POINT('',(5.8,0.));
#8228 = VECTOR('',#8229,1.);
#8229 = DIRECTION('',(0.,-1.));
#8230 = ( GEOMETRIC_REPRESENTATION_CONTEXT(2) 
PARAMETRIC_REPRESENTATION_CONTEXT() REPRESENTATION_CONTEXT('2D SPACE',''
  ) );
#8231 = PCURVE('',#5463,#8232);
#8232 = DEFINITIONAL_REPRESENTATION('',(#8233),#8237);
#8233 = LINE('',#8234,#8235);
#8234 = CARTESIAN_POINT('',(0.,0.));
#8235 = VECTOR('',#8236,1.);
#8236 = DIRECTION('',(0.,-1.));
#8237 = ( GEOMETRIC_REPRESENTATION_CONTEXT(2) 
PARAMETRIC_REPRESENTATION_CONTEXT() REPRESENTATION_CONTEXT('2D SPACE',''
  ) );
#8238 = ORIENTED_EDGE('',*,*,#8239,.F.);
#8239 = EDGE_CURVE('',#5530,#8217,#8240,.T.);
#8240 = SURFACE_CURVE('',#8241,(#8245,#8252),.PCURVE_S1.);
#8241 = LINE('',#8242,#8243);
#8242 = CARTESIAN_POINT('',(-47.,34.6,-3.3));
#8243 = VECTOR('',#8244,1.);
#8244 = DIRECTION('',(1.,0.,0.));
#8245 = PCURVE('',#5435,#8246);
#8246 = DEFINITIONAL_REPRESENTATION('',(#8247),#8251);
#8247 = LINE('',#8248,#8249);
#8248 = CARTESIAN_POINT('',(0.,0.));
#8249 = VECTOR('',#8250,1.);
#8250 = DIRECTION('',(1.,0.));
#8251 = ( GEOMETRIC_REPRESENTATION_CONTEXT(2) 
PARAMETRIC_REPRESENTATION_CONTEXT() REPRESENTATION_CONTEXT('2D SPACE',''
  ) );
#8252 = PCURVE('',#5566,#8253);
#8253 = DEFINITIONAL_REPRESENTATION('',(#8254),#8258);
#8254 = LINE('',#8255,#8256);
#8255 = CARTESIAN_POINT('',(1.563328227145,-2.66804480589));
#8256 = VECTOR('',#8257,1.);
#8257 = DIRECTION('',(0.,1.));
#8258 = ( GEOMETRIC_REPRESENTATION_CONTEXT(2) 
PARAMETRIC_REPRESENTATION_CONTEXT() REPRESENTATION_CONTEXT('2D SPACE',''
  ) );
#8259 = ADVANCED_FACE('',(#8260),#5463,.T.);
#8260 = FACE_BOUND('',#8261,.T.);
#8261 = EDGE_LOOP('',(#8262,#8263,#8264,#8287));
#8262 = ORIENTED_EDGE('',*,*,#8216,.T.);
#8263 = ORIENTED_EDGE('',*,*,#5447,.T.);
#8264 = ORIENTED_EDGE('',*,*,#8265,.F.);
#8265 = EDGE_CURVE('',#8266,#5448,#8268,.T.);
#8266 = VERTEX_POINT('',#8267);
#8267 = CARTESIAN_POINT('',(-41.2,34.6,-2.1));
#8268 = SURFACE_CURVE('',#8269,(#8273,#8280),.PCURVE_S1.);
#8269 = LINE('',#8270,#8271);
#8270 = CARTESIAN_POINT('',(-41.2,34.6,-2.1));
#8271 = VECTOR('',#8272,1.);
#8272 = DIRECTION('',(0.,1.,0.));
#8273 = PCURVE('',#5463,#8274);
#8274 = DEFINITIONAL_REPRESENTATION('',(#8275),#8279);
#8275 = LINE('',#8276,#8277);
#8276 = CARTESIAN_POINT('',(1.2,0.));
#8277 = VECTOR('',#8278,1.);
#8278 = DIRECTION('',(0.,-1.));
#8279 = ( GEOMETRIC_REPRESENTATION_CONTEXT(2) 
PARAMETRIC_REPRESENTATION_CONTEXT() REPRESENTATION_CONTEXT('2D SPACE',''
  ) );
#8280 = PCURVE('',#5489,#8281);
#8281 = DEFINITIONAL_REPRESENTATION('',(#8282),#8286);
#8282 = LINE('',#8283,#8284);
#8283 = CARTESIAN_POINT('',(0.,0.));
#8284 = VECTOR('',#8285,1.);
#8285 = DIRECTION('',(0.,-1.));
#8286 = ( GEOMETRIC_REPRESENTATION_CONTEXT(2) 
PARAMETRIC_REPRESENTATION_CONTEXT() REPRESENTATION_CONTEXT('2D SPACE',''
  ) );
#8287 = ORIENTED_EDGE('',*,*,#8288,.F.);
#8288 = EDGE_CURVE('',#8217,#8266,#8289,.T.);
#8289 = SURFACE_CURVE('',#8290,(#8294,#8301),.PCURVE_S1.);
#8290 = LINE('',#8291,#8292);
#8291 = CARTESIAN_POINT('',(-41.2,34.6,-3.3));
#8292 = VECTOR('',#8293,1.);
#8293 = DIRECTION('',(0.,0.,1.));
#8294 = PCURVE('',#5463,#8295);
#8295 = DEFINITIONAL_REPRESENTATION('',(#8296),#8300);
#8296 = LINE('',#8297,#8298);
#8297 = CARTESIAN_POINT('',(0.,0.));
#8298 = VECTOR('',#8299,1.);
#8299 = DIRECTION('',(1.,0.));
#8300 = ( GEOMETRIC_REPRESENTATION_CONTEXT(2) 
PARAMETRIC_REPRESENTATION_CONTEXT() REPRESENTATION_CONTEXT('2D SPACE',''
  ) );
#8301 = PCURVE('',#5566,#8302);
#8302 = DEFINITIONAL_REPRESENTATION('',(#8303),#8307);
#8303 = LINE('',#8304,#8305);
#8304 = CARTESIAN_POINT('',(1.563328227145,3.13195519411));
#8305 = VECTOR('',#8306,1.);
#8306 = DIRECTION('',(-1.,0.));
#8307 = ( GEOMETRIC_REPRESENTATION_CONTEXT(2) 
PARAMETRIC_REPRESENTATION_CONTEXT() REPRESENTATION_CONTEXT('2D SPACE',''
  ) );
#8308 = ADVANCED_FACE('',(#8309),#5489,.T.);
#8309 = FACE_BOUND('',#8310,.T.);
#8310 = EDGE_LOOP('',(#8311,#8312,#8313,#8314));
#8311 = ORIENTED_EDGE('',*,*,#8265,.T.);
#8312 = ORIENTED_EDGE('',*,*,#5475,.T.);
#8313 = ORIENTED_EDGE('',*,*,#8163,.F.);
#8314 = ORIENTED_EDGE('',*,*,#8315,.F.);
#8315 = EDGE_CURVE('',#8266,#8164,#8316,.T.);
#8316 = SURFACE_CURVE('',#8317,(#8321,#8328),.PCURVE_S1.);
#8317 = LINE('',#8318,#8319);
#8318 = CARTESIAN_POINT('',(-41.2,34.6,-2.1));
#8319 = VECTOR('',#8320,1.);
#8320 = DIRECTION('',(-0.707106781187,0.,0.707106781187));
#8321 = PCURVE('',#5489,#8322);
#8322 = DEFINITIONAL_REPRESENTATION('',(#8323),#8327);
#8323 = LINE('',#8324,#8325);
#8324 = CARTESIAN_POINT('',(0.,0.));
#8325 = VECTOR('',#8326,1.);
#8326 = DIRECTION('',(1.,0.));
#8327 = ( GEOMETRIC_REPRESENTATION_CONTEXT(2) 
PARAMETRIC_REPRESENTATION_CONTEXT() REPRESENTATION_CONTEXT('2D SPACE',''
  ) );
#8328 = PCURVE('',#5566,#8329);
#8329 = DEFINITIONAL_REPRESENTATION('',(#8330),#8334);
#8330 = LINE('',#8331,#8332);
#8331 = CARTESIAN_POINT('',(0.363328227145,3.13195519411));
#8332 = VECTOR('',#8333,1.);
#8333 = DIRECTION('',(-0.707106781187,-0.707106781187));
#8334 = ( GEOMETRIC_REPRESENTATION_CONTEXT(2) 
PARAMETRIC_REPRESENTATION_CONTEXT() REPRESENTATION_CONTEXT('2D SPACE',''
  ) );
#8335 = ADVANCED_FACE('',(#8336),#5566,.T.);
#8336 = FACE_BOUND('',#8337,.T.);
#8337 = EDGE_LOOP('',(#8338,#8339,#8340,#8341,#8342,#8343));
#8338 = ORIENTED_EDGE('',*,*,#8190,.T.);
#8339 = ORIENTED_EDGE('',*,*,#7403,.T.);
#8340 = ORIENTED_EDGE('',*,*,#5552,.T.);
#8341 = ORIENTED_EDGE('',*,*,#8239,.T.);
#8342 = ORIENTED_EDGE('',*,*,#8288,.T.);
#8343 = ORIENTED_EDGE('',*,*,#8315,.T.);
#8344 = ADVANCED_FACE('',(#8345),#6709,.T.);
#8345 = FACE_BOUND('',#8346,.T.);
#8346 = EDGE_LOOP('',(#8347,#8370,#8398,#8419));
#8347 = ORIENTED_EDGE('',*,*,#8348,.F.);
#8348 = EDGE_CURVE('',#8349,#6695,#8351,.T.);
#8349 = VERTEX_POINT('',#8350);
#8350 = CARTESIAN_POINT('',(-65.75,58.,2.9));
#8351 = SURFACE_CURVE('',#8352,(#8356,#8363),.PCURVE_S1.);
#8352 = LINE('',#8353,#8354);
#8353 = CARTESIAN_POINT('',(-65.75,58.,2.9));
#8354 = VECTOR('',#8355,1.);
#8355 = DIRECTION('',(1.,0.,-0.));
#8356 = PCURVE('',#6709,#8357);
#8357 = DEFINITIONAL_REPRESENTATION('',(#8358),#8362);
#8358 = LINE('',#8359,#8360);
#8359 = CARTESIAN_POINT('',(0.,12.));
#8360 = VECTOR('',#8361,1.);
#8361 = DIRECTION('',(1.,0.));
#8362 = ( GEOMETRIC_REPRESENTATION_CONTEXT(2) 
PARAMETRIC_REPRESENTATION_CONTEXT() REPRESENTATION_CONTEXT('2D SPACE',''
  ) );
#8363 = PCURVE('',#6785,#8364);
#8364 = DEFINITIONAL_REPRESENTATION('',(#8365),#8369);
#8365 = LINE('',#8366,#8367);
#8366 = CARTESIAN_POINT('',(1.6,0.));
#8367 = VECTOR('',#8368,1.);
#8368 = DIRECTION('',(0.,1.));
#8369 = ( GEOMETRIC_REPRESENTATION_CONTEXT(2) 
PARAMETRIC_REPRESENTATION_CONTEXT() REPRESENTATION_CONTEXT('2D SPACE',''
  ) );
#8370 = ORIENTED_EDGE('',*,*,#8371,.F.);
#8371 = EDGE_CURVE('',#8372,#8349,#8374,.T.);
#8372 = VERTEX_POINT('',#8373);
#8373 = CARTESIAN_POINT('',(-65.75,46.,2.9));
#8374 = SURFACE_CURVE('',#8375,(#8379,#8386),.PCURVE_S1.);
#8375 = LINE('',#8376,#8377);
#8376 = CARTESIAN_POINT('',(-65.75,46.,2.9));
#8377 = VECTOR('',#8378,1.);
#8378 = DIRECTION('',(-0.,1.,0.));
#8379 = PCURVE('',#6709,#8380);
#8380 = DEFINITIONAL_REPRESENTATION('',(#8381),#8385);
#8381 = LINE('',#8382,#8383);
#8382 = CARTESIAN_POINT('',(0.,0.));
#8383 = VECTOR('',#8384,1.);
#8384 = DIRECTION('',(0.,1.));
#8385 = ( GEOMETRIC_REPRESENTATION_CONTEXT(2) 
PARAMETRIC_REPRESENTATION_CONTEXT() REPRESENTATION_CONTEXT('2D SPACE',''
  ) );
#8386 = PCURVE('',#8387,#8392);
#8387 = PLANE('',#8388);
#8388 = AXIS2_PLACEMENT_3D('',#8389,#8390,#8391);
#8389 = CARTESIAN_POINT('',(-65.75,46.,1.3));
#8390 = DIRECTION('',(1.,0.,-0.));
#8391 = DIRECTION('',(0.,0.,1.));
#8392 = DEFINITIONAL_REPRESENTATION('',(#8393),#8397);
#8393 = LINE('',#8394,#8395);
#8394 = CARTESIAN_POINT('',(1.6,0.));
#8395 = VECTOR('',#8396,1.);
#8396 = DIRECTION('',(0.,-1.));
#8397 = ( GEOMETRIC_REPRESENTATION_CONTEXT(2) 
PARAMETRIC_REPRESENTATION_CONTEXT() REPRESENTATION_CONTEXT('2D SPACE',''
  ) );
#8398 = ORIENTED_EDGE('',*,*,#8399,.T.);
#8399 = EDGE_CURVE('',#8372,#6693,#8400,.T.);
#8400 = SURFACE_CURVE('',#8401,(#8405,#8412),.PCURVE_S1.);
#8401 = LINE('',#8402,#8403);
#8402 = CARTESIAN_POINT('',(-65.75,46.,2.9));
#8403 = VECTOR('',#8404,1.);
#8404 = DIRECTION('',(1.,0.,-0.));
#8405 = PCURVE('',#6709,#8406);
#8406 = DEFINITIONAL_REPRESENTATION('',(#8407),#8411);
#8407 = LINE('',#8408,#8409);
#8408 = CARTESIAN_POINT('',(0.,0.));
#8409 = VECTOR('',#8410,1.);
#8410 = DIRECTION('',(1.,0.));
#8411 = ( GEOMETRIC_REPRESENTATION_CONTEXT(2) 
PARAMETRIC_REPRESENTATION_CONTEXT() REPRESENTATION_CONTEXT('2D SPACE',''
  ) );
#8412 = PCURVE('',#6735,#8413);
#8413 = DEFINITIONAL_REPRESENTATION('',(#8414),#8418);
#8414 = LINE('',#8415,#8416);
#8415 = CARTESIAN_POINT('',(1.6,0.));
#8416 = VECTOR('',#8417,1.);
#8417 = DIRECTION('',(0.,1.));
#8418 = ( GEOMETRIC_REPRESENTATION_CONTEXT(2) 
PARAMETRIC_REPRESENTATION_CONTEXT() REPRESENTATION_CONTEXT('2D SPACE',''
  ) );
#8419 = ORIENTED_EDGE('',*,*,#6692,.T.);
#8420 = ADVANCED_FACE('',(#8421),#6785,.T.);
#8421 = FACE_BOUND('',#8422,.T.);
#8422 = EDGE_LOOP('',(#8423,#8446,#8467,#8468));
#8423 = ORIENTED_EDGE('',*,*,#8424,.F.);
#8424 = EDGE_CURVE('',#8425,#6747,#8427,.T.);
#8425 = VERTEX_POINT('',#8426);
#8426 = CARTESIAN_POINT('',(-65.75,58.,1.3));
#8427 = SURFACE_CURVE('',#8428,(#8432,#8439),.PCURVE_S1.);
#8428 = LINE('',#8429,#8430);
#8429 = CARTESIAN_POINT('',(-65.75,58.,1.3));
#8430 = VECTOR('',#8431,1.);
#8431 = DIRECTION('',(1.,0.,-0.));
#8432 = PCURVE('',#6785,#8433);
#8433 = DEFINITIONAL_REPRESENTATION('',(#8434),#8438);
#8434 = LINE('',#8435,#8436);
#8435 = CARTESIAN_POINT('',(0.,0.));
#8436 = VECTOR('',#8437,1.);
#8437 = DIRECTION('',(0.,1.));
#8438 = ( GEOMETRIC_REPRESENTATION_CONTEXT(2) 
PARAMETRIC_REPRESENTATION_CONTEXT() REPRESENTATION_CONTEXT('2D SPACE',''
  ) );
#8439 = PCURVE('',#6761,#8440);
#8440 = DEFINITIONAL_REPRESENTATION('',(#8441),#8445);
#8441 = LINE('',#8442,#8443);
#8442 = CARTESIAN_POINT('',(0.,12.));
#8443 = VECTOR('',#8444,1.);
#8444 = DIRECTION('',(1.,0.));
#8445 = ( GEOMETRIC_REPRESENTATION_CONTEXT(2) 
PARAMETRIC_REPRESENTATION_CONTEXT() REPRESENTATION_CONTEXT('2D SPACE',''
  ) );
#8446 = ORIENTED_EDGE('',*,*,#8447,.T.);
#8447 = EDGE_CURVE('',#8425,#8349,#8448,.T.);
#8448 = SURFACE_CURVE('',#8449,(#8453,#8460),.PCURVE_S1.);
#8449 = LINE('',#8450,#8451);
#8450 = CARTESIAN_POINT('',(-65.75,58.,1.3));
#8451 = VECTOR('',#8452,1.);
#8452 = DIRECTION('',(0.,0.,1.));
#8453 = PCURVE('',#6785,#8454);
#8454 = DEFINITIONAL_REPRESENTATION('',(#8455),#8459);
#8455 = LINE('',#8456,#8457);
#8456 = CARTESIAN_POINT('',(0.,0.));
#8457 = VECTOR('',#8458,1.);
#8458 = DIRECTION('',(1.,0.));
#8459 = ( GEOMETRIC_REPRESENTATION_CONTEXT(2) 
PARAMETRIC_REPRESENTATION_CONTEXT() REPRESENTATION_CONTEXT('2D SPACE',''
  ) );
#8460 = PCURVE('',#8387,#8461);
#8461 = DEFINITIONAL_REPRESENTATION('',(#8462),#8466);
#8462 = LINE('',#8463,#8464);
#8463 = CARTESIAN_POINT('',(0.,-12.));
#8464 = VECTOR('',#8465,1.);
#8465 = DIRECTION('',(1.,0.));
#8466 = ( GEOMETRIC_REPRESENTATION_CONTEXT(2) 
PARAMETRIC_REPRESENTATION_CONTEXT() REPRESENTATION_CONTEXT('2D SPACE',''
  ) );
#8467 = ORIENTED_EDGE('',*,*,#8348,.T.);
#8468 = ORIENTED_EDGE('',*,*,#6772,.T.);
#8469 = ADVANCED_FACE('',(#8470),#6761,.F.);
#8470 = FACE_BOUND('',#8471,.F.);
#8471 = EDGE_LOOP('',(#8472,#8473,#8496,#8517));
#8472 = ORIENTED_EDGE('',*,*,#8424,.F.);
#8473 = ORIENTED_EDGE('',*,*,#8474,.F.);
#8474 = EDGE_CURVE('',#8475,#8425,#8477,.T.);
#8475 = VERTEX_POINT('',#8476);
#8476 = CARTESIAN_POINT('',(-65.75,46.,1.3));
#8477 = SURFACE_CURVE('',#8478,(#8482,#8489),.PCURVE_S1.);
#8478 = LINE('',#8479,#8480);
#8479 = CARTESIAN_POINT('',(-65.75,46.,1.3));
#8480 = VECTOR('',#8481,1.);
#8481 = DIRECTION('',(-0.,1.,0.));
#8482 = PCURVE('',#6761,#8483);
#8483 = DEFINITIONAL_REPRESENTATION('',(#8484),#8488);
#8484 = LINE('',#8485,#8486);
#8485 = CARTESIAN_POINT('',(0.,0.));
#8486 = VECTOR('',#8487,1.);
#8487 = DIRECTION('',(0.,1.));
#8488 = ( GEOMETRIC_REPRESENTATION_CONTEXT(2) 
PARAMETRIC_REPRESENTATION_CONTEXT() REPRESENTATION_CONTEXT('2D SPACE',''
  ) );
#8489 = PCURVE('',#8387,#8490);
#8490 = DEFINITIONAL_REPRESENTATION('',(#8491),#8495);
#8491 = LINE('',#8492,#8493);
#8492 = CARTESIAN_POINT('',(0.,0.));
#8493 = VECTOR('',#8494,1.);
#8494 = DIRECTION('',(0.,-1.));
#8495 = ( GEOMETRIC_REPRESENTATION_CONTEXT(2) 
PARAMETRIC_REPRESENTATION_CONTEXT() REPRESENTATION_CONTEXT('2D SPACE',''
  ) );
#8496 = ORIENTED_EDGE('',*,*,#8497,.T.);
#8497 = EDGE_CURVE('',#8475,#6721,#8498,.T.);
#8498 = SURFACE_CURVE('',#8499,(#8503,#8510),.PCURVE_S1.);
#8499 = LINE('',#8500,#8501);
#8500 = CARTESIAN_POINT('',(-65.75,46.,1.3));
#8501 = VECTOR('',#8502,1.);
#8502 = DIRECTION('',(1.,0.,-0.));
#8503 = PCURVE('',#6761,#8504);
#8504 = DEFINITIONAL_REPRESENTATION('',(#8505),#8509);
#8505 = LINE('',#8506,#8507);
#8506 = CARTESIAN_POINT('',(0.,0.));
#8507 = VECTOR('',#8508,1.);
#8508 = DIRECTION('',(1.,0.));
#8509 = ( GEOMETRIC_REPRESENTATION_CONTEXT(2) 
PARAMETRIC_REPRESENTATION_CONTEXT() REPRESENTATION_CONTEXT('2D SPACE',''
  ) );
#8510 = PCURVE('',#6735,#8511);
#8511 = DEFINITIONAL_REPRESENTATION('',(#8512),#8516);
#8512 = LINE('',#8513,#8514);
#8513 = CARTESIAN_POINT('',(0.,0.));
#8514 = VECTOR('',#8515,1.);
#8515 = DIRECTION('',(0.,1.));
#8516 = ( GEOMETRIC_REPRESENTATION_CONTEXT(2) 
PARAMETRIC_REPRESENTATION_CONTEXT() REPRESENTATION_CONTEXT('2D SPACE',''
  ) );
#8517 = ORIENTED_EDGE('',*,*,#6746,.T.);
#8518 = ADVANCED_FACE('',(#8519),#6735,.F.);
#8519 = FACE_BOUND('',#8520,.F.);
#8520 = EDGE_LOOP('',(#8521,#8522,#8543,#8544));
#8521 = ORIENTED_EDGE('',*,*,#8497,.F.);
#8522 = ORIENTED_EDGE('',*,*,#8523,.T.);
#8523 = EDGE_CURVE('',#8475,#8372,#8524,.T.);
#8524 = SURFACE_CURVE('',#8525,(#8529,#8536),.PCURVE_S1.);
#8525 = LINE('',#8526,#8527);
#8526 = CARTESIAN_POINT('',(-65.75,46.,1.3));
#8527 = VECTOR('',#8528,1.);
#8528 = DIRECTION('',(0.,0.,1.));
#8529 = PCURVE('',#6735,#8530);
#8530 = DEFINITIONAL_REPRESENTATION('',(#8531),#8535);
#8531 = LINE('',#8532,#8533);
#8532 = CARTESIAN_POINT('',(0.,0.));
#8533 = VECTOR('',#8534,1.);
#8534 = DIRECTION('',(1.,0.));
#8535 = ( GEOMETRIC_REPRESENTATION_CONTEXT(2) 
PARAMETRIC_REPRESENTATION_CONTEXT() REPRESENTATION_CONTEXT('2D SPACE',''
  ) );
#8536 = PCURVE('',#8387,#8537);
#8537 = DEFINITIONAL_REPRESENTATION('',(#8538),#8542);
#8538 = LINE('',#8539,#8540);
#8539 = CARTESIAN_POINT('',(0.,0.));
#8540 = VECTOR('',#8541,1.);
#8541 = DIRECTION('',(1.,0.));
#8542 = ( GEOMETRIC_REPRESENTATION_CONTEXT(2) 
PARAMETRIC_REPRESENTATION_CONTEXT() REPRESENTATION_CONTEXT('2D SPACE',''
  ) );
#8543 = ORIENTED_EDGE('',*,*,#8399,.T.);
#8544 = ORIENTED_EDGE('',*,*,#6720,.T.);
#8545 = ADVANCED_FACE('',(#8546),#6842,.T.);
#8546 = FACE_BOUND('',#8547,.T.);
#8547 = EDGE_LOOP('',(#8548,#8571,#8572,#8595));
#8548 = ORIENTED_EDGE('',*,*,#8549,.F.);
#8549 = EDGE_CURVE('',#6828,#8550,#8552,.T.);
#8550 = VERTEX_POINT('',#8551);
#8551 = CARTESIAN_POINT('',(65.75,6.,2.9));
#8552 = SURFACE_CURVE('',#8553,(#8557,#8564),.PCURVE_S1.);
#8553 = LINE('',#8554,#8555);
#8554 = CARTESIAN_POINT('',(64.99,6.,2.9));
#8555 = VECTOR('',#8556,1.);
#8556 = DIRECTION('',(1.,0.,-0.));
#8557 = PCURVE('',#6842,#8558);
#8558 = DEFINITIONAL_REPRESENTATION('',(#8559),#8563);
#8559 = LINE('',#8560,#8561);
#8560 = CARTESIAN_POINT('',(0.,12.));
#8561 = VECTOR('',#8562,1.);
#8562 = DIRECTION('',(1.,0.));
#8563 = ( GEOMETRIC_REPRESENTATION_CONTEXT(2) 
PARAMETRIC_REPRESENTATION_CONTEXT() REPRESENTATION_CONTEXT('2D SPACE',''
  ) );
#8564 = PCURVE('',#6918,#8565);
#8565 = DEFINITIONAL_REPRESENTATION('',(#8566),#8570);
#8566 = LINE('',#8567,#8568);
#8567 = CARTESIAN_POINT('',(1.6,0.));
#8568 = VECTOR('',#8569,1.);
#8569 = DIRECTION('',(0.,1.));
#8570 = ( GEOMETRIC_REPRESENTATION_CONTEXT(2) 
PARAMETRIC_REPRESENTATION_CONTEXT() REPRESENTATION_CONTEXT('2D SPACE',''
  ) );
#8571 = ORIENTED_EDGE('',*,*,#6825,.F.);
#8572 = ORIENTED_EDGE('',*,*,#8573,.T.);
#8573 = EDGE_CURVE('',#6826,#8574,#8576,.T.);
#8574 = VERTEX_POINT('',#8575);
#8575 = CARTESIAN_POINT('',(65.75,-6.,2.9));
#8576 = SURFACE_CURVE('',#8577,(#8581,#8588),.PCURVE_S1.);
#8577 = LINE('',#8578,#8579);
#8578 = CARTESIAN_POINT('',(64.99,-6.,2.9));
#8579 = VECTOR('',#8580,1.);
#8580 = DIRECTION('',(1.,0.,-0.));
#8581 = PCURVE('',#6842,#8582);
#8582 = DEFINITIONAL_REPRESENTATION('',(#8583),#8587);
#8583 = LINE('',#8584,#8585);
#8584 = CARTESIAN_POINT('',(0.,0.));
#8585 = VECTOR('',#8586,1.);
#8586 = DIRECTION('',(1.,0.));
#8587 = ( GEOMETRIC_REPRESENTATION_CONTEXT(2) 
PARAMETRIC_REPRESENTATION_CONTEXT() REPRESENTATION_CONTEXT('2D SPACE',''
  ) );
#8588 = PCURVE('',#6868,#8589);
#8589 = DEFINITIONAL_REPRESENTATION('',(#8590),#8594);
#8590 = LINE('',#8591,#8592);
#8591 = CARTESIAN_POINT('',(1.6,0.));
#8592 = VECTOR('',#8593,1.);
#8593 = DIRECTION('',(0.,1.));
#8594 = ( GEOMETRIC_REPRESENTATION_CONTEXT(2) 
PARAMETRIC_REPRESENTATION_CONTEXT() REPRESENTATION_CONTEXT('2D SPACE',''
  ) );
#8595 = ORIENTED_EDGE('',*,*,#8596,.T.);
#8596 = EDGE_CURVE('',#8574,#8550,#8597,.T.);
#8597 = SURFACE_CURVE('',#8598,(#8602,#8609),.PCURVE_S1.);
#8598 = LINE('',#8599,#8600);
#8599 = CARTESIAN_POINT('',(65.75,-6.,2.9));
#8600 = VECTOR('',#8601,1.);
#8601 = DIRECTION('',(-0.,1.,0.));
#8602 = PCURVE('',#6842,#8603);
#8603 = DEFINITIONAL_REPRESENTATION('',(#8604),#8608);
#8604 = LINE('',#8605,#8606);
#8605 = CARTESIAN_POINT('',(0.76,0.));
#8606 = VECTOR('',#8607,1.);
#8607 = DIRECTION('',(0.,1.));
#8608 = ( GEOMETRIC_REPRESENTATION_CONTEXT(2) 
PARAMETRIC_REPRESENTATION_CONTEXT() REPRESENTATION_CONTEXT('2D SPACE',''
  ) );
#8609 = PCURVE('',#8610,#8615);
#8610 = PLANE('',#8611);
#8611 = AXIS2_PLACEMENT_3D('',#8612,#8613,#8614);
#8612 = CARTESIAN_POINT('',(65.75,-6.,1.3));
#8613 = DIRECTION('',(1.,0.,-0.));
#8614 = DIRECTION('',(0.,0.,1.));
#8615 = DEFINITIONAL_REPRESENTATION('',(#8616),#8620);
#8616 = LINE('',#8617,#8618);
#8617 = CARTESIAN_POINT('',(1.6,0.));
#8618 = VECTOR('',#8619,1.);
#8619 = DIRECTION('',(0.,-1.));
#8620 = ( GEOMETRIC_REPRESENTATION_CONTEXT(2) 
PARAMETRIC_REPRESENTATION_CONTEXT() REPRESENTATION_CONTEXT('2D SPACE',''
  ) );
#8621 = ADVANCED_FACE('',(#8622),#6918,.T.);
#8622 = FACE_BOUND('',#8623,.T.);
#8623 = EDGE_LOOP('',(#8624,#8647,#8648,#8649));
#8624 = ORIENTED_EDGE('',*,*,#8625,.F.);
#8625 = EDGE_CURVE('',#6880,#8626,#8628,.T.);
#8626 = VERTEX_POINT('',#8627);
#8627 = CARTESIAN_POINT('',(65.75,6.,1.3));
#8628 = SURFACE_CURVE('',#8629,(#8633,#8640),.PCURVE_S1.);
#8629 = LINE('',#8630,#8631);
#8630 = CARTESIAN_POINT('',(64.99,6.,1.3));
#8631 = VECTOR('',#8632,1.);
#8632 = DIRECTION('',(1.,0.,-0.));
#8633 = PCURVE('',#6918,#8634);
#8634 = DEFINITIONAL_REPRESENTATION('',(#8635),#8639);
#8635 = LINE('',#8636,#8637);
#8636 = CARTESIAN_POINT('',(0.,0.));
#8637 = VECTOR('',#8638,1.);
#8638 = DIRECTION('',(0.,1.));
#8639 = ( GEOMETRIC_REPRESENTATION_CONTEXT(2) 
PARAMETRIC_REPRESENTATION_CONTEXT() REPRESENTATION_CONTEXT('2D SPACE',''
  ) );
#8640 = PCURVE('',#6894,#8641);
#8641 = DEFINITIONAL_REPRESENTATION('',(#8642),#8646);
#8642 = LINE('',#8643,#8644);
#8643 = CARTESIAN_POINT('',(0.,12.));
#8644 = VECTOR('',#8645,1.);
#8645 = DIRECTION('',(1.,0.));
#8646 = ( GEOMETRIC_REPRESENTATION_CONTEXT(2) 
PARAMETRIC_REPRESENTATION_CONTEXT() REPRESENTATION_CONTEXT('2D SPACE',''
  ) );
#8647 = ORIENTED_EDGE('',*,*,#6905,.F.);
#8648 = ORIENTED_EDGE('',*,*,#8549,.T.);
#8649 = ORIENTED_EDGE('',*,*,#8650,.F.);
#8650 = EDGE_CURVE('',#8626,#8550,#8651,.T.);
#8651 = SURFACE_CURVE('',#8652,(#8656,#8663),.PCURVE_S1.);
#8652 = LINE('',#8653,#8654);
#8653 = CARTESIAN_POINT('',(65.75,6.,1.3));
#8654 = VECTOR('',#8655,1.);
#8655 = DIRECTION('',(0.,0.,1.));
#8656 = PCURVE('',#6918,#8657);
#8657 = DEFINITIONAL_REPRESENTATION('',(#8658),#8662);
#8658 = LINE('',#8659,#8660);
#8659 = CARTESIAN_POINT('',(0.,0.76));
#8660 = VECTOR('',#8661,1.);
#8661 = DIRECTION('',(1.,0.));
#8662 = ( GEOMETRIC_REPRESENTATION_CONTEXT(2) 
PARAMETRIC_REPRESENTATION_CONTEXT() REPRESENTATION_CONTEXT('2D SPACE',''
  ) );
#8663 = PCURVE('',#8610,#8664);
#8664 = DEFINITIONAL_REPRESENTATION('',(#8665),#8669);
#8665 = LINE('',#8666,#8667);
#8666 = CARTESIAN_POINT('',(0.,-12.));
#8667 = VECTOR('',#8668,1.);
#8668 = DIRECTION('',(1.,0.));
#8669 = ( GEOMETRIC_REPRESENTATION_CONTEXT(2) 
PARAMETRIC_REPRESENTATION_CONTEXT() REPRESENTATION_CONTEXT('2D SPACE',''
  ) );
#8670 = ADVANCED_FACE('',(#8671),#6894,.F.);
#8671 = FACE_BOUND('',#8672,.F.);
#8672 = EDGE_LOOP('',(#8673,#8674,#8675,#8698));
#8673 = ORIENTED_EDGE('',*,*,#8625,.F.);
#8674 = ORIENTED_EDGE('',*,*,#6879,.F.);
#8675 = ORIENTED_EDGE('',*,*,#8676,.T.);
#8676 = EDGE_CURVE('',#6854,#8677,#8679,.T.);
#8677 = VERTEX_POINT('',#8678);
#8678 = CARTESIAN_POINT('',(65.75,-6.,1.3));
#8679 = SURFACE_CURVE('',#8680,(#8684,#8691),.PCURVE_S1.);
#8680 = LINE('',#8681,#8682);
#8681 = CARTESIAN_POINT('',(64.99,-6.,1.3));
#8682 = VECTOR('',#8683,1.);
#8683 = DIRECTION('',(1.,0.,-0.));
#8684 = PCURVE('',#6894,#8685);
#8685 = DEFINITIONAL_REPRESENTATION('',(#8686),#8690);
#8686 = LINE('',#8687,#8688);
#8687 = CARTESIAN_POINT('',(0.,0.));
#8688 = VECTOR('',#8689,1.);
#8689 = DIRECTION('',(1.,0.));
#8690 = ( GEOMETRIC_REPRESENTATION_CONTEXT(2) 
PARAMETRIC_REPRESENTATION_CONTEXT() REPRESENTATION_CONTEXT('2D SPACE',''
  ) );
#8691 = PCURVE('',#6868,#8692);
#8692 = DEFINITIONAL_REPRESENTATION('',(#8693),#8697);
#8693 = LINE('',#8694,#8695);
#8694 = CARTESIAN_POINT('',(0.,0.));
#8695 = VECTOR('',#8696,1.);
#8696 = DIRECTION('',(0.,1.));
#8697 = ( GEOMETRIC_REPRESENTATION_CONTEXT(2) 
PARAMETRIC_REPRESENTATION_CONTEXT() REPRESENTATION_CONTEXT('2D SPACE',''
  ) );
#8698 = ORIENTED_EDGE('',*,*,#8699,.T.);
#8699 = EDGE_CURVE('',#8677,#8626,#8700,.T.);
#8700 = SURFACE_CURVE('',#8701,(#8705,#8712),.PCURVE_S1.);
#8701 = LINE('',#8702,#8703);
#8702 = CARTESIAN_POINT('',(65.75,-6.,1.3));
#8703 = VECTOR('',#8704,1.);
#8704 = DIRECTION('',(-0.,1.,0.));
#8705 = PCURVE('',#6894,#8706);
#8706 = DEFINITIONAL_REPRESENTATION('',(#8707),#8711);
#8707 = LINE('',#8708,#8709);
#8708 = CARTESIAN_POINT('',(0.76,0.));
#8709 = VECTOR('',#8710,1.);
#8710 = DIRECTION('',(0.,1.));
#8711 = ( GEOMETRIC_REPRESENTATION_CONTEXT(2) 
PARAMETRIC_REPRESENTATION_CONTEXT() REPRESENTATION_CONTEXT('2D SPACE',''
  ) );
#8712 = PCURVE('',#8610,#8713);
#8713 = DEFINITIONAL_REPRESENTATION('',(#8714),#8718);
#8714 = LINE('',#8715,#8716);
#8715 = CARTESIAN_POINT('',(0.,0.));
#8716 = VECTOR('',#8717,1.);
#8717 = DIRECTION('',(0.,-1.));
#8718 = ( GEOMETRIC_REPRESENTATION_CONTEXT(2) 
PARAMETRIC_REPRESENTATION_CONTEXT() REPRESENTATION_CONTEXT('2D SPACE',''
  ) );
#8719 = ADVANCED_FACE('',(#8720),#6868,.F.);
#8720 = FACE_BOUND('',#8721,.F.);
#8721 = EDGE_LOOP('',(#8722,#8723,#8724,#8725));
#8722 = ORIENTED_EDGE('',*,*,#8676,.F.);
#8723 = ORIENTED_EDGE('',*,*,#6853,.F.);
#8724 = ORIENTED_EDGE('',*,*,#8573,.T.);
#8725 = ORIENTED_EDGE('',*,*,#8726,.F.);
#8726 = EDGE_CURVE('',#8677,#8574,#8727,.T.);
#8727 = SURFACE_CURVE('',#8728,(#8732,#8739),.PCURVE_S1.);
#8728 = LINE('',#8729,#8730);
#8729 = CARTESIAN_POINT('',(65.75,-6.,1.3));
#8730 = VECTOR('',#8731,1.);
#8731 = DIRECTION('',(0.,0.,1.));
#8732 = PCURVE('',#6868,#8733);
#8733 = DEFINITIONAL_REPRESENTATION('',(#8734),#8738);
#8734 = LINE('',#8735,#8736);
#8735 = CARTESIAN_POINT('',(0.,0.76));
#8736 = VECTOR('',#8737,1.);
#8737 = DIRECTION('',(1.,0.));
#8738 = ( GEOMETRIC_REPRESENTATION_CONTEXT(2) 
PARAMETRIC_REPRESENTATION_CONTEXT() REPRESENTATION_CONTEXT('2D SPACE',''
  ) );
#8739 = PCURVE('',#8610,#8740);
#8740 = DEFINITIONAL_REPRESENTATION('',(#8741),#8745);
#8741 = LINE('',#8742,#8743);
#8742 = CARTESIAN_POINT('',(0.,0.));
#8743 = VECTOR('',#8744,1.);
#8744 = DIRECTION('',(1.,0.));
#8745 = ( GEOMETRIC_REPRESENTATION_CONTEXT(2) 
PARAMETRIC_REPRESENTATION_CONTEXT() REPRESENTATION_CONTEXT('2D SPACE',''
  ) );
#8746 = ADVANCED_FACE('',(#8747),#7346,.T.);
#8747 = FACE_BOUND('',#8748,.T.);
#8748 = EDGE_LOOP('',(#8749,#8773,#8794,#8927,#8955,#9303,#9304));
#8749 = ORIENTED_EDGE('',*,*,#8750,.F.);
#8750 = EDGE_CURVE('',#8751,#8039,#8753,.T.);
#8751 = VERTEX_POINT('',#8752);
#8752 = CARTESIAN_POINT('',(-0.618358335833,51.241547927843,0.11));
#8753 = SURFACE_CURVE('',#8754,(#8759,#8766),.PCURVE_S1.);
#8754 = CIRCLE('',#8755,3.3);
#8755 = AXIS2_PLACEMENT_3D('',#8756,#8757,#8758);
#8756 = CARTESIAN_POINT('',(0.,48.,0.11));
#8757 = DIRECTION('',(0.,0.,1.));
#8758 = DIRECTION('',(1.,0.,-0.));
#8759 = PCURVE('',#7346,#8760);
#8760 = DEFINITIONAL_REPRESENTATION('',(#8761),#8765);
#8761 = LINE('',#8762,#8763);
#8762 = CARTESIAN_POINT('',(0.,7.51));
#8763 = VECTOR('',#8764,1.);
#8764 = DIRECTION('',(1.,0.));
#8765 = ( GEOMETRIC_REPRESENTATION_CONTEXT(2) 
PARAMETRIC_REPRESENTATION_CONTEXT() REPRESENTATION_CONTEXT('2D SPACE',''
  ) );
#8766 = PCURVE('',#8053,#8767);
#8767 = DEFINITIONAL_REPRESENTATION('',(#8768),#8772);
#8768 = CIRCLE('',#8769,3.3);
#8769 = AXIS2_PLACEMENT_2D('',#8770,#8771);
#8770 = CARTESIAN_POINT('',(0.,0.));
#8771 = DIRECTION('',(1.,0.));
#8772 = ( GEOMETRIC_REPRESENTATION_CONTEXT(2) 
PARAMETRIC_REPRESENTATION_CONTEXT() REPRESENTATION_CONTEXT('2D SPACE',''
  ) );
#8773 = ORIENTED_EDGE('',*,*,#8774,.F.);
#8774 = EDGE_CURVE('',#8775,#8751,#8777,.T.);
#8775 = VERTEX_POINT('',#8776);
#8776 = CARTESIAN_POINT('',(-0.618358335899,51.241547927831,
    -0.199535160373));
#8777 = SURFACE_CURVE('',#8778,(#8782,#8788),.PCURVE_S1.);
#8778 = LINE('',#8779,#8780);
#8779 = CARTESIAN_POINT('',(-0.618358337445,51.241547927536,-7.4));
#8780 = VECTOR('',#8781,1.);
#8781 = DIRECTION('',(0.,0.,1.));
#8782 = PCURVE('',#7346,#8783);
#8783 = DEFINITIONAL_REPRESENTATION('',(#8784),#8787);
#8784 = B_SPLINE_CURVE_WITH_KNOTS('',1,(#8785,#8786),.UNSPECIFIED.,.F.,
  .F.,(2,2),(7.063176925601,7.5100024),.PIECEWISE_BEZIER_KNOTS.);
#8785 = CARTESIAN_POINT('',(1.759291885798,7.063176925601));
#8786 = CARTESIAN_POINT('',(1.759291885798,7.5100024));
#8787 = ( GEOMETRIC_REPRESENTATION_CONTEXT(2) 
PARAMETRIC_REPRESENTATION_CONTEXT() REPRESENTATION_CONTEXT('2D SPACE',''
  ) );
#8788 = PCURVE('',#8027,#8789);
#8789 = DEFINITIONAL_REPRESENTATION('',(#8790),#8793);
#8790 = B_SPLINE_CURVE_WITH_KNOTS('',1,(#8791,#8792),.UNSPECIFIED.,.F.,
  .F.,(2,2),(7.063176925601,7.5100024),.PIECEWISE_BEZIER_KNOTS.);
#8791 = CARTESIAN_POINT('',(0.185395720411,-0.225363748127));
#8792 = CARTESIAN_POINT('',(0.421905108727,0.153735597442));
#8793 = ( GEOMETRIC_REPRESENTATION_CONTEXT(2) 
PARAMETRIC_REPRESENTATION_CONTEXT() REPRESENTATION_CONTEXT('2D SPACE',''
  ) );
#8794 = ORIENTED_EDGE('',*,*,#8795,.F.);
#8795 = EDGE_CURVE('',#8796,#8775,#8798,.T.);
#8796 = VERTEX_POINT('',#8797);
#8797 = CARTESIAN_POINT('',(3.3,48.000000000001,-0.549535162811));
#8798 = SURFACE_CURVE('',#8799,(#8834,#8872),.PCURVE_S1.);
#8799 = B_SPLINE_CURVE_WITH_KNOTS('',5,(#8800,#8801,#8802,#8803,#8804,
    #8805,#8806,#8807,#8808,#8809,#8810,#8811,#8812,#8813,#8814,#8815,
    #8816,#8817,#8818,#8819,#8820,#8821,#8822,#8823,#8824,#8825,#8826,
    #8827,#8828,#8829,#8830,#8831,#8832,#8833),.UNSPECIFIED.,.F.,.F.,(6,
    4,4,4,4,4,4,4,6),(0.,3.92787224427E-02,0.168769990632,0.324733264901
    ,0.501644360136,0.67821233209,0.832143041971,0.960938257246,1.),
  .UNSPECIFIED.);
#8800 = CARTESIAN_POINT('',(3.3,48.000000000001,-0.549535162857));
#8801 = CARTESIAN_POINT('',(3.3,48.045607669411,-0.54678577194));
#8802 = CARTESIAN_POINT('',(3.299212098633,48.091215335009,
    -0.544036338507));
#8803 = CARTESIAN_POINT('',(3.297636296448,48.136804841311,
    -0.541286873767));
#8804 = CARTESIAN_POINT('',(3.295273220582,48.18235805336,
    -0.538537386651));
#8805 = CARTESIAN_POINT('',(3.281742412066,48.377854040541,
    -0.526723520532));
#8806 = CARTESIAN_POINT('',(3.262817748089,48.527261144336,
    -0.517658973926));
#8807 = CARTESIAN_POINT('',(3.235395471849,48.675425873433,
    -0.508594453448));
#8808 = CARTESIAN_POINT('',(3.199593815691,48.82170940784,
    -0.499530039552));
#8809 = CARTESIAN_POINT('',(3.102621101451,49.138655845456,
    -0.479548294145));
#8810 = CARTESIAN_POINT('',(3.037758593416,49.308193439285,
    -0.468630808173));
#8811 = CARTESIAN_POINT('',(2.961351486183,49.473005335203,
    -0.457713650315));
#8812 = CARTESIAN_POINT('',(2.873877838405,49.632060355281,
    -0.44679612718));
#8813 = CARTESIAN_POINT('',(2.66488182059,49.957192081354,
    -0.423494996658));
#8814 = CARTESIAN_POINT('',(2.540359543115,50.121349673336,
    -0.411110905255));
#8815 = CARTESIAN_POINT('',(2.403294318122,50.275462033617,
    -0.398727358639));
#8816 = CARTESIAN_POINT('',(2.25478883688,50.418289325683,
    -0.386343280148));
#8817 = CARTESIAN_POINT('',(1.937787935704,50.678994280781,
    -0.36159983217));
#8818 = CARTESIAN_POINT('',(1.769324098027,50.796926172399,
    -0.349239853176));
#8819 = CARTESIAN_POINT('',(1.59202799962,50.901508336305,
    -0.336880489944));
#8820 = CARTESIAN_POINT('',(1.407320492313,50.991902650798,
    -0.324520513451));
#8821 = CARTESIAN_POINT('',(1.050606579947,51.133396149821,
    -0.301385679329));
#8822 = CARTESIAN_POINT('',(0.880001988181,51.188049884531,
    -0.290610376268));
#8823 = CARTESIAN_POINT('',(0.705955680606,51.231051244029,
    -0.279835320152));
#8824 = CARTESIAN_POINT('',(0.52952846573,51.262138136529,
    -0.269059992417));
#8825 = CARTESIAN_POINT('',(0.203118179702,51.297136266099,
    -0.249269243802));
#8826 = CARTESIAN_POINT('',(5.351831278536E-02,51.304656506471,
    -0.240253620371));
#8827 = CARTESIAN_POINT('',(-9.634616476017E-02,51.303685253091,
    -0.23123806903));
#8828 = CARTESIAN_POINT('',(-0.245835998588,51.294226648863,
    -0.222222548173));
#8829 = CARTESIAN_POINT('',(-0.439343164453,51.270937896762,
    -0.210472601372));
#8830 = CARTESIAN_POINT('',(-0.484280825862,51.264744767991,
    -0.207738275439));
#8831 = CARTESIAN_POINT('',(-0.529107650548,51.257780135692,
    -0.20500393125));
#8832 = CARTESIAN_POINT('',(-0.573806001001,51.250046740214,
    -0.20226956227));
#8833 = CARTESIAN_POINT('',(-0.618358335899,51.241547927831,
    -0.199535160373));
#8834 = PCURVE('',#7346,#8835);
#8835 = DEFINITIONAL_REPRESENTATION('',(#8836),#8871);
#8836 = B_SPLINE_CURVE_WITH_KNOTS('',5,(#8837,#8838,#8839,#8840,#8841,
    #8842,#8843,#8844,#8845,#8846,#8847,#8848,#8849,#8850,#8851,#8852,
    #8853,#8854,#8855,#8856,#8857,#8858,#8859,#8860,#8861,#8862,#8863,
    #8864,#8865,#8866,#8867,#8868,#8869,#8870),.UNSPECIFIED.,.F.,.F.,(6,
    4,4,4,4,4,4,4,6),(0.,3.92787224427E-02,0.168769990632,0.324733264901
    ,0.501644360136,0.67821233209,0.832143041971,0.960938257246,1.),
  .UNSPECIFIED.);
#8837 = CARTESIAN_POINT('',(0.,6.850464837143));
#8838 = CARTESIAN_POINT('',(1.382050588174E-02,6.85321422806));
#8839 = CARTESIAN_POINT('',(2.764100995288E-02,6.855963661493));
#8840 = CARTESIAN_POINT('',(4.146151276803E-02,6.858713126233));
#8841 = CARTESIAN_POINT('',(5.528201453491E-02,6.861462613349));
#8842 = CARTESIAN_POINT('',(0.114664947794,6.873276479468));
#8843 = CARTESIAN_POINT('',(0.160227487997,6.882341026074));
#8844 = CARTESIAN_POINT('',(0.205790067494,6.891405546552));
#8845 = CARTESIAN_POINT('',(0.251352613185,6.900469960448));
#8846 = CARTESIAN_POINT('',(0.351791846729,6.920451705855));
#8847 = CARTESIAN_POINT('',(0.406669477952,6.931369191827));
#8848 = CARTESIAN_POINT('',(0.461545542445,6.942286349685));
#8849 = CARTESIAN_POINT('',(0.516423171841,6.95320387282));
#8850 = CARTESIAN_POINT('',(0.633547412173,6.976505003342));
#8851 = CARTESIAN_POINT('',(0.695796391026,6.988889094745));
#8852 = CARTESIAN_POINT('',(0.758042456234,7.001272641361));
#8853 = CARTESIAN_POINT('',(0.820291435614,7.013656719852));
#8854 = CARTESIAN_POINT('',(0.944665587865,7.03840016783));
#8855 = CARTESIAN_POINT('',(1.006793825012,7.050760146824));
#8856 = CARTESIAN_POINT('',(1.068919178168,7.063119510056));
#8857 = CARTESIAN_POINT('',(1.131047415084,7.075479486549));
#8858 = CARTESIAN_POINT('',(1.247335753072,7.098614320671));
#8859 = CARTESIAN_POINT('',(1.301498156077,7.109389623732));
#8860 = CARTESIAN_POINT('',(1.355659089109,7.120164679848));
#8861 = CARTESIAN_POINT('',(1.409821491763,7.130940007583));
#8862 = CARTESIAN_POINT('',(1.509300642182,7.150730756198));
#8863 = CARTESIAN_POINT('',(1.55461827689,7.159746379629));
#8864 = CARTESIAN_POINT('',(1.599935949793,7.16876193097));
#8865 = CARTESIAN_POINT('',(1.645253585933,7.177777451827));
#8866 = CARTESIAN_POINT('',(1.704315264186,7.189527398628));
#8867 = CARTESIAN_POINT('',(1.718059420242,7.192261724561));
#8868 = CARTESIAN_POINT('',(1.731803576025,7.19499606875));
#8869 = CARTESIAN_POINT('',(1.745547731019,7.19773043773));
#8870 = CARTESIAN_POINT('',(1.759291885321,7.200464839627));
#8871 = ( GEOMETRIC_REPRESENTATION_CONTEXT(2) 
PARAMETRIC_REPRESENTATION_CONTEXT() REPRESENTATION_CONTEXT('2D SPACE',''
  ) );
#8872 = PCURVE('',#8873,#8890);
#8873 = ( BOUNDED_SURFACE() B_SPLINE_SURFACE(1,7,(
    (#8874,#8875,#8876,#8877,#8878,#8879,#8880,#8881)
    ,(#8882,#8883,#8884,#8885,#8886,#8887,#8888,#8889
)),.UNSPECIFIED.,.F.,.F.,.F.) B_SPLINE_SURFACE_WITH_KNOTS((2,2),(8,8),(
    4.,5.),(0.,1.),.PIECEWISE_BEZIER_KNOTS.) 
GEOMETRIC_REPRESENTATION_ITEM() RATIONAL_B_SPLINE_SURFACE((
    (1.,1.,1.,1.,1.,1.,1.,1.)
,(1.,1.,1.,1.,1.,1.,1.,1.))) REPRESENTATION_ITEM('') SURFACE() );
#8874 = CARTESIAN_POINT('',(3.900000002375,48.00000000001,
    -0.203125000151));
#8875 = CARTESIAN_POINT('',(3.900003745226,48.980180762628,
    -0.15312500016));
#8876 = CARTESIAN_POINT('',(3.612578237961,49.960335054508,
    -0.103125000056));
#8877 = CARTESIAN_POINT('',(3.037847477385,50.839457520544,
    -5.312500000753E-02));
#8878 = CARTESIAN_POINT('',(2.219927070401,51.516100127261,
    -3.124999727006E-03));
#8879 = CARTESIAN_POINT('',(1.248682474738,51.915919702597,
    4.687500040966E-02));
#8880 = CARTESIAN_POINT('',(0.232031240683,52.014591514185,
    9.687500067612E-02));
#8881 = CARTESIAN_POINT('',(-0.73078712449,51.830920277781,
    0.146875000881));
#8882 = CARTESIAN_POINT('',(3.223417655581,48.,-0.59375));
#8883 = CARTESIAN_POINT('',(3.223420749414,48.810136402938,
    -0.54375000001));
#8884 = CARTESIAN_POINT('',(2.985858580286,49.620250929957,
    -0.493749999916));
#8885 = CARTESIAN_POINT('',(2.510833640015,50.346860894747,
    -0.443749999891));
#8886 = CARTESIAN_POINT('',(1.834808230699,50.906117750631,
    -0.393749999641));
#8887 = CARTESIAN_POINT('',(1.032057728264,51.23657556283,
    -0.343749999542));
#8888 = CARTESIAN_POINT('',(0.191777845202,51.318129527768,
    -0.293749999315));
#8889 = CARTESIAN_POINT('',(-0.604008235015,51.166322064545,
    -0.243749999148));
#8890 = DEFINITIONAL_REPRESENTATION('',(#8891),#8926);
#8891 = B_SPLINE_CURVE_WITH_KNOTS('',5,(#8892,#8893,#8894,#8895,#8896,
    #8897,#8898,#8899,#8900,#8901,#8902,#8903,#8904,#8905,#8906,#8907,
    #8908,#8909,#8910,#8911,#8912,#8913,#8914,#8915,#8916,#8917,#8918,
    #8919,#8920,#8921,#8922,#8923,#8924,#8925),.UNSPECIFIED.,.F.,.F.,(6,
    4,4,4,4,4,4,4,6),(0.,3.92787224427E-02,0.168769990632,0.324733264901
    ,0.501644360136,0.67821233209,0.832143041971,0.960938257246,1.),
  .UNSPECIFIED.);
#8892 = CARTESIAN_POINT('',(4.886810016871,0.));
#8893 = CARTESIAN_POINT('',(4.886810274296,7.855689927553E-03));
#8894 = CARTESIAN_POINT('',(4.886810434059,1.571139232841E-02));
#8895 = CARTESIAN_POINT('',(4.886810521196,2.356710312284E-02));
#8896 = CARTESIAN_POINT('',(4.886810555822,3.142281924217E-02));
#8897 = CARTESIAN_POINT('',(4.886810544247,6.517670951231E-02));
#8898 = CARTESIAN_POINT('',(4.886810153729,9.107497824021E-02));
#8899 = CARTESIAN_POINT('',(4.886809837957,0.116973255736));
#8900 = CARTESIAN_POINT('',(4.886809753762,0.142871487162));
#8901 = CARTESIAN_POINT('',(4.886809764033,0.199962199724));
#8902 = CARTESIAN_POINT('',(4.88680993601,0.231155208683));
#8903 = CARTESIAN_POINT('',(4.886810153475,0.262347330936));
#8904 = CARTESIAN_POINT('',(4.886810239851,0.293540350525));
#8905 = CARTESIAN_POINT('',(4.886810233631,0.360115002085));
#8906 = CARTESIAN_POINT('',(4.886810109283,0.395497981521));
#8907 = CARTESIAN_POINT('',(4.886809893533,0.4308793024));
#8908 = CARTESIAN_POINT('',(4.8868097964,0.466262275299));
#8909 = CARTESIAN_POINT('',(4.886809803717,0.536957848915));
#8910 = CARTESIAN_POINT('',(4.886809907939,0.572272190825));
#8911 = CARTESIAN_POINT('',(4.886810123835,0.607584898045));
#8912 = CARTESIAN_POINT('',(4.886810240264,0.642899246422));
#8913 = CARTESIAN_POINT('',(4.886810230848,0.708998761748));
#8914 = CARTESIAN_POINT('',(4.886810138516,0.739785238767));
#8915 = CARTESIAN_POINT('',(4.88680992285,0.770570872574));
#8916 = CARTESIAN_POINT('',(4.886809757384,0.801357338462));
#8917 = CARTESIAN_POINT('',(4.886809753679,0.85790233016));
#8918 = CARTESIAN_POINT('',(4.88680984132,0.883661351966));
#8919 = CARTESIAN_POINT('',(4.886810156765,0.909420422044));
#8920 = CARTESIAN_POINT('',(4.886810543358,0.935179484436));
#8921 = CARTESIAN_POINT('',(4.886810551119,0.968750769549));
#8922 = CARTESIAN_POINT('',(4.886810515765,0.976563089872));
#8923 = CARTESIAN_POINT('',(4.88681042826,0.98437540415));
#8924 = CARTESIAN_POINT('',(4.886810268796,0.992187708949));
#8925 = CARTESIAN_POINT('',(4.886810012746,1.));
#8926 = ( GEOMETRIC_REPRESENTATION_CONTEXT(2) 
PARAMETRIC_REPRESENTATION_CONTEXT() REPRESENTATION_CONTEXT('2D SPACE',''
  ) );
#8927 = ORIENTED_EDGE('',*,*,#8928,.F.);
#8928 = EDGE_CURVE('',#8929,#8796,#8931,.T.);
#8929 = VERTEX_POINT('',#8930);
#8930 = CARTESIAN_POINT('',(3.3,48.000000000002,-0.950464837545));
#8931 = SURFACE_CURVE('',#8932,(#8936,#8943),.PCURVE_S1.);
#8932 = LINE('',#8933,#8934);
#8933 = CARTESIAN_POINT('',(3.3,48.,-7.4));
#8934 = VECTOR('',#8935,1.);
#8935 = DIRECTION('',(0.,0.,1.));
#8936 = PCURVE('',#7346,#8937);
#8937 = DEFINITIONAL_REPRESENTATION('',(#8938),#8942);
#8938 = LINE('',#8939,#8940);
#8939 = CARTESIAN_POINT('',(0.,-0.));
#8940 = VECTOR('',#8941,1.);
#8941 = DIRECTION('',(0.,1.));
#8942 = ( GEOMETRIC_REPRESENTATION_CONTEXT(2) 
PARAMETRIC_REPRESENTATION_CONTEXT() REPRESENTATION_CONTEXT('2D SPACE',''
  ) );
#8943 = PCURVE('',#8944,#8949);
#8944 = CYLINDRICAL_SURFACE('',#8945,3.3);
#8945 = AXIS2_PLACEMENT_3D('',#8946,#8947,#8948);
#8946 = CARTESIAN_POINT('',(0.,48.,-7.4));
#8947 = DIRECTION('',(0.,0.,1.));
#8948 = DIRECTION('',(1.,0.,-0.));
#8949 = DEFINITIONAL_REPRESENTATION('',(#8950),#8954);
#8950 = LINE('',#8951,#8952);
#8951 = CARTESIAN_POINT('',(6.28318530718,-0.));
#8952 = VECTOR('',#8953,1.);
#8953 = DIRECTION('',(0.,1.));
#8954 = ( GEOMETRIC_REPRESENTATION_CONTEXT(2) 
PARAMETRIC_REPRESENTATION_CONTEXT() REPRESENTATION_CONTEXT('2D SPACE',''
  ) );
#8955 = ORIENTED_EDGE('',*,*,#8956,.T.);
#8956 = EDGE_CURVE('',#8929,#7242,#8957,.T.);
#8957 = SURFACE_CURVE('',#8958,(#9071,#9187),.PCURVE_S1.);
#8958 = B_SPLINE_CURVE_WITH_KNOTS('',6,(#8959,#8960,#8961,#8962,#8963,
    #8964,#8965,#8966,#8967,#8968,#8969,#8970,#8971,#8972,#8973,#8974,
    #8975,#8976,#8977,#8978,#8979,#8980,#8981,#8982,#8983,#8984,#8985,
    #8986,#8987,#8988,#8989,#8990,#8991,#8992,#8993,#8994,#8995,#8996,
    #8997,#8998,#8999,#9000,#9001,#9002,#9003,#9004,#9005,#9006,#9007,
    #9008,#9009,#9010,#9011,#9012,#9013,#9014,#9015,#9016,#9017,#9018,
    #9019,#9020,#9021,#9022,#9023,#9024,#9025,#9026,#9027,#9028,#9029,
    #9030,#9031,#9032,#9033,#9034,#9035,#9036,#9037,#9038,#9039,#9040,
    #9041,#9042,#9043,#9044,#9045,#9046,#9047,#9048,#9049,#9050,#9051,
    #9052,#9053,#9054,#9055,#9056,#9057,#9058,#9059,#9060,#9061,#9062,
    #9063,#9064,#9065,#9066,#9067,#9068,#9069,#9070),.UNSPECIFIED.,.F.,
  .F.,(7,5,5,5,5,5,5,5,5,5,5,5,5,5,5,5,5,5,5,5,5,5,7),(0.,
    2.948864819767E-02,7.860709458573E-02,0.159920686772,0.206484678996,
    0.275006066939,0.353955304801,0.404307025422,0.430548606614,
    0.49103569989,0.531122815359,0.566215513086,0.588609435968,
    0.610925522365,0.647466989413,0.693435376761,0.75046290015,
    0.793763776786,0.825608318367,0.87920353967,0.910021800645,
    0.978419246723,1.),.UNSPECIFIED.);
#8959 = CARTESIAN_POINT('',(3.3,48.000000000003,-0.950464837529));
#8960 = CARTESIAN_POINT('',(3.3,48.086472971753,-0.945587315422));
#8961 = CARTESIAN_POINT('',(3.297280861248,48.172939753836,
    -0.940629801586));
#8962 = CARTESIAN_POINT('',(3.291843384394,48.259293521015,
    -0.935604725447));
#8963 = CARTESIAN_POINT('',(3.283693811396,48.345428119583,
    -0.930523268476));
#8964 = CARTESIAN_POINT('',(3.272843825516,48.431238067363,
    -0.925395364189));
#8965 = CARTESIAN_POINT('',(3.23676854131,48.658834528253,
    -0.911625387473));
#8966 = CARTESIAN_POINT('',(3.206781518146,48.799860287146,
    -0.902916185486));
#8967 = CARTESIAN_POINT('',(3.169428902101,48.939209871708,
    -0.894142438604));
#8968 = CARTESIAN_POINT('',(3.12483047009,49.076407815441,-0.8853340768)
  );
#8969 = CARTESIAN_POINT('',(3.073146510155,49.210990078482,
    -0.87651220511));
#8970 = CARTESIAN_POINT('',(2.917620147386,49.560222561154,
    -0.853087043816));
#8971 = CARTESIAN_POINT('',(2.801785852904,49.769554631665,
    -0.838483045818));
#8972 = CARTESIAN_POINT('',(2.66799387975,49.968423197015,
    -0.823944276788));
#8973 = CARTESIAN_POINT('',(2.51745129518,50.154943715318,
    -0.809477489225));
#8974 = CARTESIAN_POINT('',(2.351599657645,50.327400602825,
    -0.795065968856));
#8975 = CARTESIAN_POINT('',(2.069404107873,50.574140151784,
    -0.772463950129));
#8976 = CARTESIAN_POINT('',(1.962186976399,50.658886713114,
    -0.76424642902));
#8977 = CARTESIAN_POINT('',(1.850826937102,50.738255995673,
    -0.756038087165));
#8978 = CARTESIAN_POINT('',(1.735662560181,50.811997941636,
    -0.747835114147));
#8979 = CARTESIAN_POINT('',(1.617051942847,50.87989145708,
    -0.739634094458));
#8980 = CARTESIAN_POINT('',(1.316313956523,51.032765095519,
    -0.719364290445));
#8981 = CARTESIAN_POINT('',(1.130600355156,51.110710358465,
    -0.707294602375));
#8982 = CARTESIAN_POINT('',(0.939441056032,51.174963218722,
    -0.695217179782));
#8983 = CARTESIAN_POINT('',(0.744098152373,51.225072402175,
    -0.683127929157));
#8984 = CARTESIAN_POINT('',(0.545875762744,51.260730660448,
    -0.67102755992));
#8985 = CARTESIAN_POINT('',(0.115972237328,51.306071575592,
    -0.64496946021));
#8986 = CARTESIAN_POINT('',(-0.116236775858,51.310978138912,
    -0.631007722246));
#8987 = CARTESIAN_POINT('',(-0.348431246661,51.296294602397,
    -0.617040815641));
#8988 = CARTESIAN_POINT('',(-0.578564201591,51.262108314466,
    -0.603074973928));
#8989 = CARTESIAN_POINT('',(-0.804615444484,51.208761829864,
    -0.589113021204));
#8990 = CARTESIAN_POINT('',(-1.164908315702,51.091079713259,
    -0.566256732769));
#8991 = CARTESIAN_POINT('',(-1.302753898569,51.037721472572,
    -0.557358194655));
#8992 = CARTESIAN_POINT('',(-1.437633039725,50.976998428249,
    -0.548462032816));
#8993 = CARTESIAN_POINT('',(-1.569057017248,50.909120102834,
    -0.539567569282));
#8994 = CARTESIAN_POINT('',(-1.696557785753,50.834338917679,
    -0.53067374528));
#8995 = CARTESIAN_POINT('',(-1.883860387009,50.710532651867,
    -0.517144511344));
#8996 = CARTESIAN_POINT('',(-1.946845558636,50.666320413924,
    -0.512509200628));
#8997 = CARTESIAN_POINT('',(-2.008581384288,50.620354700741,
    -0.507873669477));
#8998 = CARTESIAN_POINT('',(-2.069007097604,50.572679883791,
    -0.503237782993));
#8999 = CARTESIAN_POINT('',(-2.128064061382,50.523343127325,
    -0.498601423109));
#9000 = CARTESIAN_POINT('',(-2.318537396384,50.354957062338,
    -0.483276310602));
#9001 = CARTESIAN_POINT('',(-2.443809844709,50.22895182865,
    -0.472584864641));
#9002 = CARTESIAN_POINT('',(-2.560816380662,50.094995432852,
    -0.461889389486));
#9003 = CARTESIAN_POINT('',(-2.668935789014,49.95376914443,
    -0.451189660483));
#9004 = CARTESIAN_POINT('',(-2.767623724131,49.806016842435,
    -0.440486870149));
#9005 = CARTESIAN_POINT('',(-2.915258824204,49.550830169396,
    -0.42269164363));
#9006 = CARTESIAN_POINT('',(-2.969757623576,49.446602259453,
    -0.415598761141));
#9007 = CARTESIAN_POINT('',(-3.019775604498,49.340092590992,
    -0.408506862518));
#9008 = CARTESIAN_POINT('',(-3.065195353134,49.231542142495,
    -0.40141682085));
#9009 = CARTESIAN_POINT('',(-3.105916898361,49.121199651233,
    -0.394329381121));
#9010 = CARTESIAN_POINT('',(-3.173320691485,48.91138235965,
    -0.381043556006));
#9011 = CARTESIAN_POINT('',(-3.201120236758,48.812265620677,
    -0.374844273287));
#9012 = CARTESIAN_POINT('',(-3.225201090846,48.712143317175,
    -0.368647764264));
#9013 = CARTESIAN_POINT('',(-3.245518959465,48.611189853361,
    -0.362453819221));
#9014 = CARTESIAN_POINT('',(-3.262040510786,48.509582116834,
    -0.3562615665));
#9015 = CARTESIAN_POINT('',(-3.282849533975,48.342356845587,
    -0.346118072803));
#9016 = CARTESIAN_POINT('',(-3.28940068206,48.277020677574,
    -0.342166696076));
#9017 = CARTESIAN_POINT('',(-3.294391028736,48.211537492289,
    -0.338214913215));
#9018 = CARTESIAN_POINT('',(-3.297816651556,48.145953950735,
    -0.334262076708));
#9019 = CARTESIAN_POINT('',(-3.299675496582,48.080316857167,
    -0.330307320646));
#9020 = CARTESIAN_POINT('',(-3.300258245668,47.949257624462,
    -0.322405557117));
#9021 = CARTESIAN_POINT('',(-3.298993026393,47.883835497536,
    -0.318458279858));
#9022 = CARTESIAN_POINT('',(-3.296171545469,47.818452998791,
    -0.314508825655));
#9023 = CARTESIAN_POINT('',(-3.29179544667,47.753156266666,-0.3105581032
    ));
#9024 = CARTESIAN_POINT('',(-3.285868192636,47.687991357566,
    -0.306606833163));
#9025 = CARTESIAN_POINT('',(-3.266158194696,47.5165911249,
    -0.296185518144));
#9026 = CARTESIAN_POINT('',(-3.249776406163,47.410654258009,
    -0.289715503463));
#9027 = CARTESIAN_POINT('',(-3.229272982598,47.305396048781,
    -0.283247556835));
#9028 = CARTESIAN_POINT('',(-3.204684105917,47.201016224451,
    -0.276782888094));
#9029 = CARTESIAN_POINT('',(-3.176058856629,47.09771183588,
    -0.270321864231));
#9030 = CARTESIAN_POINT('',(-3.102449557447,46.867319931007,
    -0.255740165516));
#9031 = CARTESIAN_POINT('',(-3.055149835609,46.740970441574,
    -0.247621394392));
#9032 = CARTESIAN_POINT('',(-3.001683853806,46.617016348684,
    -0.239507306358));
#9033 = CARTESIAN_POINT('',(-2.942205737018,46.495831887029,
    -0.231396293036));
#9034 = CARTESIAN_POINT('',(-2.876899689698,46.377777442771,
    -0.22328647833));
#9035 = CARTESIAN_POINT('',(-2.717997809338,46.121055189,-0.205115791904
    ));
#9036 = CARTESIAN_POINT('',(-2.621373281903,45.984257199044,
    -0.195054652538));
#9037 = CARTESIAN_POINT('',(-2.516516567798,45.853467340952,
    -0.184990870612));
#9038 = CARTESIAN_POINT('',(-2.403898786416,45.729298149845,
    -0.174922623346));
#9039 = CARTESIAN_POINT('',(-2.284050613051,45.612311186256,
    -0.164849311233));
#9040 = CARTESIAN_POINT('',(-2.061517900251,45.420028059983,
    -0.147120712066));
#9041 = CARTESIAN_POINT('',(-1.961643721723,45.341472925147,
    -0.139466838144));
#9042 = CARTESIAN_POINT('',(-1.858195921811,45.267572564345,
    -0.131811070362));
#9043 = CARTESIAN_POINT('',(-1.751446425092,45.198527599266,
    -0.124153987435));
#9044 = CARTESIAN_POINT('',(-1.64168173309,45.134517111941,
    -0.116496278022));
#9045 = CARTESIAN_POINT('',(-1.446483210897,45.032442081126,
    -0.103207197345));
#9046 = CARTESIAN_POINT('',(-1.362295010837,44.991993309174,
    -9.757570653285E-02));
#9047 = CARTESIAN_POINT('',(-1.276757809147,44.954414794973,
    -9.194455553584E-02));
#9048 = CARTESIAN_POINT('',(-1.189994038436,44.919761994235,
    -8.63139684278E-02));
#9049 = CARTESIAN_POINT('',(-1.102129078869,44.8880833523,
    -8.068410610321E-02));
#9050 = CARTESIAN_POINT('',(-0.86377481283,44.811179621935,
    -6.558124061708E-02));
#9051 = CARTESIAN_POINT('',(-0.711499830374,44.771480075578,
    -5.610956065125E-02));
#9052 = CARTESIAN_POINT('',(-0.557081093807,44.740519820842,
    -4.664077312506E-02));
#9053 = CARTESIAN_POINT('',(-0.401144875799,44.718436959426,
    -3.71742830878E-02));
#9054 = CARTESIAN_POINT('',(-0.244327769108,44.705309329324,
    -2.770882891128E-02));
#9055 = CARTESIAN_POINT('',(3.032483861485E-03,44.698765072363,
    -1.280021798086E-02));
#9056 = CARTESIAN_POINT('',(9.341913169739E-02,44.699342538041,
    -7.357172012702E-03));
#9057 = CARTESIAN_POINT('',(0.183762222248,44.702889914929,
    -1.913711329985E-03));
#9058 = CARTESIAN_POINT('',(0.273939912113,44.709403750262,
    3.530460187916E-03));
#9059 = CARTESIAN_POINT('',(0.363830718745,44.71887391581,
    8.975626708641E-03));
#9060 = CARTESIAN_POINT('',(0.65190990163,44.758825435885,
    2.650976903678E-02));
#9061 = CARTESIAN_POINT('',(0.848505460244,44.800847537878,
    3.860418535535E-02));
#9062 = CARTESIAN_POINT('',(1.041762740642,44.857166384163,
    5.070694858586E-02));
#9063 = CARTESIAN_POINT('',(1.230395284124,44.92743369913,
    6.282010804945E-02));
#9064 = CARTESIAN_POINT('',(1.413164026984,45.01115991554,
    7.494111196491E-02));
#9065 = CARTESIAN_POINT('',(1.644332130144,45.138152060173,
    9.088596995388E-02));
#9066 = CARTESIAN_POINT('',(1.699075829979,45.169885816465,
    9.471025877216E-02));
#9067 = CARTESIAN_POINT('',(1.753082202061,45.202874835335,
    9.853432573458E-02));
#9068 = CARTESIAN_POINT('',(1.806315399318,45.237097598777,
    0.102357908392));
#9069 = CARTESIAN_POINT('',(1.858740416053,45.27253122947,0.106180710096
    ));
#9070 = CARTESIAN_POINT('',(1.910323087953,45.309151490768,0.1100024));
#9071 = PCURVE('',#7346,#9072);
#9072 = DEFINITIONAL_REPRESENTATION('',(#9073),#9186);
#9073 = B_SPLINE_CURVE_WITH_KNOTS('',6,(#9074,#9075,#9076,#9077,#9078,
    #9079,#9080,#9081,#9082,#9083,#9084,#9085,#9086,#9087,#9088,#9089,
    #9090,#9091,#9092,#9093,#9094,#9095,#9096,#9097,#9098,#9099,#9100,
    #9101,#9102,#9103,#9104,#9105,#9106,#9107,#9108,#9109,#9110,#9111,
    #9112,#9113,#9114,#9115,#9116,#9117,#9118,#9119,#9120,#9121,#9122,
    #9123,#9124,#9125,#9126,#9127,#9128,#9129,#9130,#9131,#9132,#9133,
    #9134,#9135,#9136,#9137,#9138,#9139,#9140,#9141,#9142,#9143,#9144,
    #9145,#9146,#9147,#9148,#9149,#9150,#9151,#9152,#9153,#9154,#9155,
    #9156,#9157,#9158,#9159,#9160,#9161,#9162,#9163,#9164,#9165,#9166,
    #9167,#9168,#9169,#9170,#9171,#9172,#9173,#9174,#9175,#9176,#9177,
    #9178,#9179,#9180,#9181,#9182,#9183,#9184,#9185),.UNSPECIFIED.,.F.,
  .F.,(7,5,5,5,5,5,5,5,5,5,5,5,5,5,5,5,5,5,5,5,5,5,7),(0.,
    2.948864819767E-02,7.860709458573E-02,0.159920686772,0.206484678996,
    0.275006066939,0.353955304801,0.404307025422,0.430548606614,
    0.49103569989,0.531122815359,0.566215513086,0.588609435968,
    0.610925522365,0.647466989413,0.693435376761,0.75046290015,
    0.793763776786,0.825608318367,0.87920353967,0.910021800645,
    0.978419246723,1.),.UNSPECIFIED.);
#9074 = CARTESIAN_POINT('',(0.,6.449535162471));
#9075 = CARTESIAN_POINT('',(2.620393083323E-02,6.454412684578));
#9076 = CARTESIAN_POINT('',(5.240596102426E-02,6.459370198414));
#9077 = CARTESIAN_POINT('',(7.86061816286E-02,6.464395274553));
#9078 = CARTESIAN_POINT('',(0.104804737217,6.469476731524));
#9079 = CARTESIAN_POINT('',(0.131001825876,6.474604635811));
#9080 = CARTESIAN_POINT('',(0.200831459262,6.488374612527));
#9081 = CARTESIAN_POINT('',(0.244462187477,6.497083814514));
#9082 = CARTESIAN_POINT('',(0.288090194022,6.505857561396));
#9083 = CARTESIAN_POINT('',(0.331716928991,6.5146659232));
#9084 = CARTESIAN_POINT('',(0.375343623397,6.52348779489));
#9085 = CARTESIAN_POINT('',(0.491191508394,6.546912956184));
#9086 = CARTESIAN_POINT('',(0.563418809387,6.561516954182));
#9087 = CARTESIAN_POINT('',(0.635641819033,6.576055723212));
#9088 = CARTESIAN_POINT('',(0.707867202375,6.590522510775));
#9089 = CARTESIAN_POINT('',(0.780101147744,6.604934031144));
#9090 = CARTESIAN_POINT('',(0.893692950454,6.627536049871));
#9091 = CARTESIAN_POINT('',(0.93505585893,6.63575357098));
#9092 = CARTESIAN_POINT('',(0.976418673763,6.643961912835));
#9093 = CARTESIAN_POINT('',(1.017781671332,6.652164885853));
#9094 = CARTESIAN_POINT('',(1.059145146797,6.660365905542));
#9095 = CARTESIAN_POINT('',(1.161376310405,6.680635709555));
#9096 = CARTESIAN_POINT('',(1.222246739511,6.692705397625));
#9097 = CARTESIAN_POINT('',(1.283114077378,6.704782820218));
#9098 = CARTESIAN_POINT('',(1.343981033003,6.716872070843));
#9099 = CARTESIAN_POINT('',(1.404850436483,6.72897244008));
#9100 = CARTESIAN_POINT('',(1.535846773765,6.75503053979));
#9101 = CARTESIAN_POINT('',(1.605980915115,6.768992277754));
#9102 = CARTESIAN_POINT('',(1.676109173433,6.782959184359));
#9103 = CARTESIAN_POINT('',(1.74623743015,6.796925026072));
#9104 = CARTESIAN_POINT('',(1.816371516686,6.810886978796));
#9105 = CARTESIAN_POINT('',(1.931227610469,6.833743267231));
#9106 = CARTESIAN_POINT('',(1.975954873817,6.842641805345));
#9107 = CARTESIAN_POINT('',(2.020681622789,6.851537967184));
#9108 = CARTESIAN_POINT('',(2.065408430742,6.860432430718));
#9109 = CARTESIAN_POINT('',(2.110135861937,6.86932625472));
#9110 = CARTESIAN_POINT('',(2.178172917612,6.882855488656));
#9111 = CARTESIAN_POINT('',(2.201483052438,6.887490799372));
#9112 = CARTESIAN_POINT('',(2.224793186605,6.892126330523));
#9113 = CARTESIAN_POINT('',(2.248103313019,6.896762217007));
#9114 = CARTESIAN_POINT('',(2.271413421696,6.901398576891));
#9115 = CARTESIAN_POINT('',(2.348453450544,6.916723689398));
#9116 = CARTESIAN_POINT('',(2.40218458761,6.927415135359));
#9117 = CARTESIAN_POINT('',(2.455914130525,6.938110610514));
#9118 = CARTESIAN_POINT('',(2.509643525639,6.948810339517));
#9119 = CARTESIAN_POINT('',(2.563374279879,6.959513129851));
#9120 = CARTESIAN_POINT('',(2.652712403631,6.97730835637));
#9121 = CARTESIAN_POINT('',(2.688321066672,6.984401238859));
#9122 = CARTESIAN_POINT('',(2.723929787709,6.991493137482));
#9123 = CARTESIAN_POINT('',(2.759538566973,6.99858317915));
#9124 = CARTESIAN_POINT('',(2.795147400888,7.005670618879));
#9125 = CARTESIAN_POINT('',(2.861928684712,7.018956443994));
#9126 = CARTESIAN_POINT('',(2.893101198678,7.025155726713));
#9127 = CARTESIAN_POINT('',(2.924273816938,7.031352235736));
#9128 = CARTESIAN_POINT('',(2.955446514949,7.037546180779));
#9129 = CARTESIAN_POINT('',(2.986619250668,7.0437384335));
#9130 = CARTESIAN_POINT('',(3.03768440359,7.053881927197));
#9131 = CARTESIAN_POINT('',(3.057576846023,7.057833303924));
#9132 = CARTESIAN_POINT('',(3.077469276222,7.061785086785));
#9133 = CARTESIAN_POINT('',(3.097361671226,7.065737923292));
#9134 = CARTESIAN_POINT('',(3.117254000731,7.069692679354));
#9135 = CARTESIAN_POINT('',(3.156969312332,7.077594442883));
#9136 = CARTESIAN_POINT('',(3.176792292058,7.081541720142));
#9137 = CARTESIAN_POINT('',(3.196615200666,7.085491174345));
#9138 = CARTESIAN_POINT('',(3.216438066721,7.0894418968));
#9139 = CARTESIAN_POINT('',(3.236260912956,7.093393166837));
#9140 = CARTESIAN_POINT('',(3.288542663409,7.103814481856));
#9141 = CARTESIAN_POINT('',(3.321001609339,7.110284496537));
#9142 = CARTESIAN_POINT('',(3.353460644368,7.116752443165));
#9143 = CARTESIAN_POINT('',(3.385919791331,7.123217111906));
#9144 = CARTESIAN_POINT('',(3.418379045598,7.129678135769));
#9145 = CARTESIAN_POINT('',(3.49167152029,7.144259834484));
#9146 = CARTESIAN_POINT('',(3.532505190246,7.152378605608));
#9147 = CARTESIAN_POINT('',(3.573338642027,7.160492693642));
#9148 = CARTESIAN_POINT('',(3.61417219577,7.168603706964));
#9149 = CARTESIAN_POINT('',(3.655006171875,7.17671352167));
#9150 = CARTESIAN_POINT('',(3.74649730015,7.194884208096));
#9151 = CARTESIAN_POINT('',(3.797155703913,7.204945347462));
#9152 = CARTESIAN_POINT('',(3.847812920718,7.215009129388));
#9153 = CARTESIAN_POINT('',(3.898469989964,7.225077376654));
#9154 = CARTESIAN_POINT('',(3.949127986203,7.235150688767));
#9155 = CARTESIAN_POINT('',(4.038248579545,7.252879287934));
#9156 = CARTESIAN_POINT('',(4.076712287005,7.260533161856));
#9157 = CARTESIAN_POINT('',(4.115175969441,7.268188929638));
#9158 = CARTESIAN_POINT('',(4.15363959457,7.275846012565));
#9159 = CARTESIAN_POINT('',(4.192103146873,7.283503721978));
#9160 = CARTESIAN_POINT('',(4.258853627921,7.296792802655));
#9161 = CARTESIAN_POINT('',(4.287140645606,7.302424293467));
#9162 = CARTESIAN_POINT('',(4.315427681882,7.308055444464));
#9163 = CARTESIAN_POINT('',(4.343714735769,7.313686031572));
#9164 = CARTESIAN_POINT('',(4.372001804074,7.319315893897));
#9165 = CARTESIAN_POINT('',(4.447896794528,7.334418759383));
#9166 = CARTESIAN_POINT('',(4.495505514397,7.343890439349));
#9167 = CARTESIAN_POINT('',(4.543113522577,7.353359226875));
#9168 = CARTESIAN_POINT('',(4.590721600375,7.362825716912));
#9169 = CARTESIAN_POINT('',(4.638330525709,7.372291171089));
#9170 = CARTESIAN_POINT('',(4.713314406467,7.387199782019));
#9171 = CARTESIAN_POINT('',(4.740690057547,7.392642827987));
#9172 = CARTESIAN_POINT('',(4.768065707977,7.39808628867));
#9173 = CARTESIAN_POINT('',(4.795441338533,7.403530460188));
#9174 = CARTESIAN_POINT('',(4.822816925998,7.408975626709));
#9175 = CARTESIAN_POINT('',(4.910949130915,7.426509769037));
#9176 = CARTESIAN_POINT('',(4.971708001923,7.438604185355));
#9177 = CARTESIAN_POINT('',(5.03246379632,7.450706948586));
#9178 = CARTESIAN_POINT('',(5.093219259457,7.462820108049));
#9179 = CARTESIAN_POINT('',(5.153977251972,7.474941111965));
#9180 = CARTESIAN_POINT('',(5.233902433191,7.490885969954));
#9181 = CARTESIAN_POINT('',(5.253072025874,7.494710258772));
#9182 = CARTESIAN_POINT('',(5.272241627461,7.498534325735));
#9183 = CARTESIAN_POINT('',(5.291411246322,7.502357908392));
#9184 = CARTESIAN_POINT('',(5.310580888241,7.506180710096));
#9185 = CARTESIAN_POINT('',(5.329750556416,7.5100024));
#9186 = ( GEOMETRIC_REPRESENTATION_CONTEXT(2) 
PARAMETRIC_REPRESENTATION_CONTEXT() REPRESENTATION_CONTEXT('2D SPACE',''
  ) );
#9187 = PCURVE('',#7285,#9188);
#9188 = DEFINITIONAL_REPRESENTATION('',(#9189),#9302);
#9189 = B_SPLINE_CURVE_WITH_KNOTS('',6,(#9190,#9191,#9192,#9193,#9194,
    #9195,#9196,#9197,#9198,#9199,#9200,#9201,#9202,#9203,#9204,#9205,
    #9206,#9207,#9208,#9209,#9210,#9211,#9212,#9213,#9214,#9215,#9216,
    #9217,#9218,#9219,#9220,#9221,#9222,#9223,#9224,#9225,#9226,#9227,
    #9228,#9229,#9230,#9231,#9232,#9233,#9234,#9235,#9236,#9237,#9238,
    #9239,#9240,#9241,#9242,#9243,#9244,#9245,#9246,#9247,#9248,#9249,
    #9250,#9251,#9252,#9253,#9254,#9255,#9256,#9257,#9258,#9259,#9260,
    #9261,#9262,#9263,#9264,#9265,#9266,#9267,#9268,#9269,#9270,#9271,
    #9272,#9273,#9274,#9275,#9276,#9277,#9278,#9279,#9280,#9281,#9282,
    #9283,#9284,#9285,#9286,#9287,#9288,#9289,#9290,#9291,#9292,#9293,
    #9294,#9295,#9296,#9297,#9298,#9299,#9300,#9301),.UNSPECIFIED.,.F.,
  .F.,(7,5,5,5,5,5,5,5,5,5,5,5,5,5,5,5,5,5,5,5,5,5,7),(0.,
    2.948864819767E-02,7.860709458573E-02,0.159920686772,0.206484678996,
    0.275006066939,0.353955304801,0.404307025422,0.430548606614,
    0.49103569989,0.531122815359,0.566215513086,0.588609435968,
    0.610925522365,0.647466989413,0.693435376761,0.75046290015,
    0.793763776786,0.825608318367,0.87920353967,0.910021800645,
    0.978419246723,1.),.UNSPECIFIED.);
#9190 = CARTESIAN_POINT('',(2.113189983923,0.));
#9191 = CARTESIAN_POINT('',(2.114052141822,4.171442028579E-03));
#9192 = CARTESIAN_POINT('',(2.114702923199,8.340822275809E-03));
#9193 = CARTESIAN_POINT('',(2.115176496097,1.250887471424E-02));
#9194 = CARTESIAN_POINT('',(2.115503321454,1.667617321043E-02));
#9195 = CARTESIAN_POINT('',(2.115710153107,2.084313152493E-02));
#9196 = CARTESIAN_POINT('',(2.11600306974,3.195064932364E-02));
#9197 = CARTESIAN_POINT('',(2.115917086157,3.88911410257E-02));
#9198 = CARTESIAN_POINT('',(2.115669056903,4.58326293667E-02));
#9199 = CARTESIAN_POINT('',(2.115337075675,5.277557464888E-02));
#9200 = CARTESIAN_POINT('',(2.11497500064,5.971992352088E-02));
#9201 = CARTESIAN_POINT('',(2.114024596914,7.816305129673E-02));
#9202 = CARTESIAN_POINT('',(2.113443528911,8.966466587404E-02));
#9203 = CARTESIAN_POINT('',(2.113031411767,0.101166894409));
#9204 = CARTESIAN_POINT('',(2.112800483528,0.112668159292));
#9205 = CARTESIAN_POINT('',(2.112708222738,0.124168543989));
#9206 = CARTESIAN_POINT('',(2.112707341142,0.142249883299));
#9207 = CARTESIAN_POINT('',(2.112737098627,0.148833199335));
#9208 = CARTESIAN_POINT('',(2.112787850493,0.155415732708));
#9209 = CARTESIAN_POINT('',(2.112850294805,0.1619976249));
#9210 = CARTESIAN_POINT('',(2.112916355286,0.168579084479));
#9211 = CARTESIAN_POINT('',(2.113075200763,0.184844566716));
#9212 = CARTESIAN_POINT('',(2.113165848778,0.194528644563));
#9213 = CARTESIAN_POINT('',(2.113234698807,0.204212098154));
#9214 = CARTESIAN_POINT('',(2.113274796546,0.213896029077));
#9215 = CARTESIAN_POINT('',(2.113290703442,0.223581295251));
#9216 = CARTESIAN_POINT('',(2.113288668618,0.244427138872));
#9217 = CARTESIAN_POINT('',(2.113265253099,0.255589211751));
#9218 = CARTESIAN_POINT('',(2.113230756184,0.266751956607));
#9219 = CARTESIAN_POINT('',(2.113203063266,0.277915975799));
#9220 = CARTESIAN_POINT('',(2.113189934097,0.289081434974));
#9221 = CARTESIAN_POINT('',(2.113190019373,0.307366492149));
#9222 = CARTESIAN_POINT('',(2.1131954056,0.314487005752));
#9223 = CARTESIAN_POINT('',(2.113205891449,0.321607211969));
#9224 = CARTESIAN_POINT('',(2.113219550491,0.328727051166));
#9225 = CARTESIAN_POINT('',(2.113233637058,0.335846512341));
#9226 = CARTESIAN_POINT('',(2.11325159133,0.346675510085));
#9227 = CARTESIAN_POINT('',(2.113257134525,0.350385490868));
#9228 = CARTESIAN_POINT('',(2.113261668288,0.354095332552));
#9229 = CARTESIAN_POINT('',(2.113264849336,0.35780503578));
#9230 = CARTESIAN_POINT('',(2.113266392424,0.361514605866));
#9231 = CARTESIAN_POINT('',(2.113265327968,0.373774363112));
#9232 = CARTESIAN_POINT('',(2.113254815766,0.382324234742));
#9233 = CARTESIAN_POINT('',(2.113231608304,0.390873362462));
#9234 = CARTESIAN_POINT('',(2.113196794979,0.399422266434));
#9235 = CARTESIAN_POINT('',(2.113155248918,0.407971515497));
#9236 = CARTESIAN_POINT('',(2.113088983734,0.422186988752));
#9237 = CARTESIAN_POINT('',(2.113063084762,0.427853201281));
#9238 = CARTESIAN_POINT('',(2.113040519399,0.433519668473));
#9239 = CARTESIAN_POINT('',(2.113023684836,0.439186440979));
#9240 = CARTESIAN_POINT('',(2.113014555016,0.444853539669));
#9241 = CARTESIAN_POINT('',(2.113014790595,0.455482273337));
#9242 = CARTESIAN_POINT('',(2.113021660936,0.460443846478));
#9243 = CARTESIAN_POINT('',(2.113036405689,0.465405661417));
#9244 = CARTESIAN_POINT('',(2.113058388709,0.470367687133));
#9245 = CARTESIAN_POINT('',(2.113085223676,0.475329875226));
#9246 = CARTESIAN_POINT('',(2.113130355013,0.483458773715));
#9247 = CARTESIAN_POINT('',(2.113148131659,0.486625430294));
#9248 = CARTESIAN_POINT('',(2.113164951244,0.4897921127));
#9249 = CARTESIAN_POINT('',(2.113179106475,0.492958805413));
#9250 = CARTESIAN_POINT('',(2.113188335553,0.496125494349));
#9251 = CARTESIAN_POINT('',(2.113191303629,0.502447832696));
#9252 = CARTESIAN_POINT('',(2.113184354631,0.505603482942));
#9253 = CARTESIAN_POINT('',(2.113171783495,0.508759117826));
#9254 = CARTESIAN_POINT('',(2.113155904505,0.511914733608));
#9255 = CARTESIAN_POINT('',(2.113138537912,0.515070322581));
#9256 = CARTESIAN_POINT('',(2.113092308762,0.523392928));
#9257 = CARTESIAN_POINT('',(2.113063354882,0.528559891667));
#9258 = CARTESIAN_POINT('',(2.113039221759,0.533726707381));
#9259 = CARTESIAN_POINT('',(2.113022863667,0.538893330485));
#9260 = CARTESIAN_POINT('',(2.113015115699,0.544059728354));
#9261 = CARTESIAN_POINT('',(2.113014162975,0.555724789644));
#9262 = CARTESIAN_POINT('',(2.113025592765,0.562223378383));
#9263 = CARTESIAN_POINT('',(2.113047535115,0.568721505826));
#9264 = CARTESIAN_POINT('',(2.113076184786,0.575219269543));
#9265 = CARTESIAN_POINT('',(2.11310720434,0.581716814959));
#9266 = CARTESIAN_POINT('',(2.113175194351,0.596274611075));
#9267 = CARTESIAN_POINT('',(2.113211827771,0.604334970571));
#9268 = CARTESIAN_POINT('',(2.11324101314,0.612395116604));
#9269 = CARTESIAN_POINT('',(2.113259474431,0.620455483639));
#9270 = CARTESIAN_POINT('',(2.113266949937,0.628516469499));
#9271 = CARTESIAN_POINT('',(2.11326536027,0.642698852198));
#9272 = CARTESIAN_POINT('',(2.113259701099,0.648820182905));
#9273 = CARTESIAN_POINT('',(2.113250398521,0.654941890139));
#9274 = CARTESIAN_POINT('',(2.11323895072,0.661063979107));
#9275 = CARTESIAN_POINT('',(2.113227024382,0.667186419725));
#9276 = CARTESIAN_POINT('',(2.113208681491,0.677811952232));
#9277 = CARTESIAN_POINT('',(2.113201570294,0.682314922684));
#9278 = CARTESIAN_POINT('',(2.113195770387,0.686818031063));
#9279 = CARTESIAN_POINT('',(2.11319174882,0.691321244063));
#9280 = CARTESIAN_POINT('',(2.113189790415,0.695824521975));
#9281 = CARTESIAN_POINT('',(2.113190346741,0.707906988361));
#9282 = CARTESIAN_POINT('',(2.113196764984,0.715486338128));
#9283 = CARTESIAN_POINT('',(2.113209731437,0.72306542026));
#9284 = CARTESIAN_POINT('',(2.113227419757,0.730644139985));
#9285 = CARTESIAN_POINT('',(2.113246431572,0.738222444614));
#9286 = CARTESIAN_POINT('',(2.113271786475,0.750157256917));
#9287 = CARTESIAN_POINT('',(2.113280113127,0.754514295825));
#9288 = CARTESIAN_POINT('',(2.113286662085,0.758871110976));
#9289 = CARTESIAN_POINT('',(2.113290650248,0.763227694547));
#9290 = CARTESIAN_POINT('',(2.11329135902,0.767584049309));
#9291 = CARTESIAN_POINT('',(2.113280977428,0.7816081191));
#9292 = CARTESIAN_POINT('',(2.113254543476,0.791275391665));
#9293 = CARTESIAN_POINT('',(2.113202579638,0.800941363668));
#9294 = CARTESIAN_POINT('',(2.113122763995,0.810606948966));
#9295 = CARTESIAN_POINT('',(2.113025307371,0.820273297015));
#9296 = CARTESIAN_POINT('',(2.112900729184,0.832990252864));
#9297 = CARTESIAN_POINT('',(2.112871103436,0.836040425906));
#9298 = CARTESIAN_POINT('',(2.112842407772,0.839090712114));
#9299 = CARTESIAN_POINT('',(2.112815375132,0.842141130572));
#9300 = CARTESIAN_POINT('',(2.112790794923,0.845191690653));
#9301 = CARTESIAN_POINT('',(2.112769513024,0.848242392014));
#9302 = ( GEOMETRIC_REPRESENTATION_CONTEXT(2) 
PARAMETRIC_REPRESENTATION_CONTEXT() REPRESENTATION_CONTEXT('2D SPACE',''
  ) );
#9303 = ORIENTED_EDGE('',*,*,#7329,.F.);
#9304 = ORIENTED_EDGE('',*,*,#8064,.T.);
#9305 = ADVANCED_FACE('',(#9306),#7285,.T.);
#9306 = FACE_BOUND('',#9307,.T.);
#9307 = EDGE_LOOP('',(#9308,#9309,#9353,#9407,#9426));
#9308 = ORIENTED_EDGE('',*,*,#8956,.F.);
#9309 = ORIENTED_EDGE('',*,*,#9310,.T.);
#9310 = EDGE_CURVE('',#8929,#9311,#9313,.T.);
#9311 = VERTEX_POINT('',#9312);
#9312 = CARTESIAN_POINT('',(3.900000001488,48.000000000028,
    -1.296875000453));
#9313 = SURFACE_CURVE('',#9314,(#9317,#9323),.PCURVE_S1.);
#9314 = B_SPLINE_CURVE_WITH_KNOTS('',1,(#9315,#9316),.UNSPECIFIED.,.F.,
  .F.,(2,2),(2.,3.),.PIECEWISE_BEZIER_KNOTS.);
#9315 = CARTESIAN_POINT('',(3.223417654998,48.,-0.90625));
#9316 = CARTESIAN_POINT('',(3.90000000148,48.000000000024,
    -1.296875000388));
#9317 = PCURVE('',#7285,#9318);
#9318 = DEFINITIONAL_REPRESENTATION('',(#9319),#9322);
#9319 = B_SPLINE_CURVE_WITH_KNOTS('',1,(#9320,#9321),.UNSPECIFIED.,.F.,
  .F.,(2,2),(2.113189983933,3.),.PIECEWISE_BEZIER_KNOTS.);
#9320 = CARTESIAN_POINT('',(2.113189983933,0.));
#9321 = CARTESIAN_POINT('',(3.,0.));
#9322 = ( GEOMETRIC_REPRESENTATION_CONTEXT(2) 
PARAMETRIC_REPRESENTATION_CONTEXT() REPRESENTATION_CONTEXT('2D SPACE',''
  ) );
#9323 = PCURVE('',#9324,#9347);
#9324 = ( BOUNDED_SURFACE() B_SPLINE_SURFACE(1,6,(
    (#9325,#9326,#9327,#9328,#9329,#9330,#9331,#9332,#9333,#9334,#9335)
    ,(#9336,#9337,#9338,#9339,#9340,#9341,#9342,#9343,#9344,#9345,#9346
)),.UNSPECIFIED.,.F.,.F.,.F.) B_SPLINE_SURFACE_WITH_KNOTS((2,2),(7,4,7),
(2.,3.),(0.,0.5,1.),.UNSPECIFIED.) GEOMETRIC_REPRESENTATION_ITEM() 
RATIONAL_B_SPLINE_SURFACE((
    (1.,1.,1.,1.,1.,1.,1.,1.,1.,1.,1.)
,(1.,1.,1.,1.,1.,1.,1.,1.,1.,1.,1.
  ))) REPRESENTATION_ITEM('') SURFACE() );
#9325 = CARTESIAN_POINT('',(3.22341765428,48.,-2.15625));
#9326 = CARTESIAN_POINT('',(3.212035023321,49.687390369637,
    -2.052083333326));
#9327 = CARTESIAN_POINT('',(2.196410275289,51.374780739237,
    -1.94791666609));
#9328 = CARTESIAN_POINT('',(-1.913704728611E-02,52.240159774291,
    -1.843749998133));
#9329 = CARTESIAN_POINT('',(-2.167194853743,51.374780739079,
    -1.739583330233));
#9330 = CARTESIAN_POINT('',(-4.279640450395,47.999999999727,
    -1.531249995693));
#9331 = CARTESIAN_POINT('',(-2.167194853259,44.625219260529,
    -1.322916663577));
#9332 = CARTESIAN_POINT('',(-1.913704661875E-02,43.759840225473,
    -1.218749998144));
#9333 = CARTESIAN_POINT('',(2.196410276013,44.625219260687,
    -1.114583332731));
#9334 = CARTESIAN_POINT('',(3.212035024041,46.312609630362,
    -1.010416666661));
#9335 = CARTESIAN_POINT('',(3.223417654998,48.,-0.90625));
#9336 = CARTESIAN_POINT('',(3.900000000762,48.000000000024,
    -2.546875000388));
#9337 = CARTESIAN_POINT('',(3.886228201694,50.041566793276,
    -2.442708333713));
#9338 = CARTESIAN_POINT('',(2.657427920357,52.083133586483,
    -2.338541666355));
#9339 = CARTESIAN_POINT('',(-2.315383640458E-02,53.130152185634,
    -2.234374998131));
#9340 = CARTESIAN_POINT('',(-2.622080301198,52.083133586292,
    -2.130208329972));
#9341 = CARTESIAN_POINT('',(-5.177919696828,47.999999999694,
    -1.921874995177));
#9342 = CARTESIAN_POINT('',(-2.622080300661,43.916866413283,
    -1.713541663316));
#9343 = CARTESIAN_POINT('',(-2.315383567246E-02,42.86984781413,
    -1.609374998142));
#9344 = CARTESIAN_POINT('',(2.657427921132,43.916866413474,
    -1.505208332995));
#9345 = CARTESIAN_POINT('',(3.88622820244,45.958433206772,
    -1.401041667048));
#9346 = CARTESIAN_POINT('',(3.90000000148,48.000000000024,
    -1.296875000388));
#9347 = DEFINITIONAL_REPRESENTATION('',(#9348),#9352);
#9348 = LINE('',#9349,#9350);
#9349 = CARTESIAN_POINT('',(0.,1.));
#9350 = VECTOR('',#9351,1.);
#9351 = DIRECTION('',(1.,0.));
#9352 = ( GEOMETRIC_REPRESENTATION_CONTEXT(2) 
PARAMETRIC_REPRESENTATION_CONTEXT() REPRESENTATION_CONTEXT('2D SPACE',''
  ) );
#9353 = ORIENTED_EDGE('',*,*,#9354,.T.);
#9354 = EDGE_CURVE('',#9311,#9355,#9357,.T.);
#9355 = VERTEX_POINT('',#9356);
#9356 = CARTESIAN_POINT('',(3.900000002431,48.000000000021,
    -4.687500033423E-02));
#9357 = SURFACE_CURVE('',#9358,(#9370,#9377),.PCURVE_S1.);
#9358 = ( BOUNDED_CURVE() B_SPLINE_CURVE(6,(#9359,#9360,#9361,#9362,
    #9363,#9364,#9365,#9366,#9367,#9368,#9369),.UNSPECIFIED.,.F.,.F.) 
B_SPLINE_CURVE_WITH_KNOTS((7,4,7),(0.,0.5,1.),.UNSPECIFIED.) CURVE() 
GEOMETRIC_REPRESENTATION_ITEM() RATIONAL_B_SPLINE_CURVE((1.,1.,1.,1.,1.,
1.,1.,1.,1.,1.,1.)) REPRESENTATION_ITEM('') );
#9359 = CARTESIAN_POINT('',(3.900000001495,48.000000000032,
    -1.296875000518));
#9360 = CARTESIAN_POINT('',(3.886228202421,50.041566793284,
    -1.19270833384));
#9361 = CARTESIAN_POINT('',(2.65742792108,52.083133586476,
    -1.088541666246));
#9362 = CARTESIAN_POINT('',(-2.315383567444E-02,53.130152185595,
    -0.984374997509));
#9363 = CARTESIAN_POINT('',(-2.622080300435,52.083133586221,
    -0.880208328853));
#9364 = CARTESIAN_POINT('',(-5.177919695976,47.999999999592,
    -0.671874993569));
#9365 = CARTESIAN_POINT('',(-2.62208029972,43.916866413212,
    -0.463541662198));
#9366 = CARTESIAN_POINT('',(-2.315383469825E-02,42.86984781409,
    -0.359374997521));
#9367 = CARTESIAN_POINT('',(2.657427922114,43.916866413467,
    -0.255208332887));
#9368 = CARTESIAN_POINT('',(3.886228203417,45.95843320678,
    -0.151041667175));
#9369 = CARTESIAN_POINT('',(3.900000002452,48.000000000033,
    -4.687500051789E-02));
#9370 = PCURVE('',#7285,#9371);
#9371 = DEFINITIONAL_REPRESENTATION('',(#9372),#9376);
#9372 = LINE('',#9373,#9374);
#9373 = CARTESIAN_POINT('',(3.,0.));
#9374 = VECTOR('',#9375,1.);
#9375 = DIRECTION('',(0.,1.));
#9376 = ( GEOMETRIC_REPRESENTATION_CONTEXT(2) 
PARAMETRIC_REPRESENTATION_CONTEXT() REPRESENTATION_CONTEXT('2D SPACE',''
  ) );
#9377 = PCURVE('',#9378,#9401);
#9378 = ( BOUNDED_SURFACE() B_SPLINE_SURFACE(1,6,(
    (#9379,#9380,#9381,#9382,#9383,#9384,#9385,#9386,#9387,#9388,#9389)
    ,(#9390,#9391,#9392,#9393,#9394,#9395,#9396,#9397,#9398,#9399,#9400
)),.UNSPECIFIED.,.F.,.F.,.F.) B_SPLINE_SURFACE_WITH_KNOTS((2,2),(7,4,7),
(3.,4.),(0.,0.5,1.),.UNSPECIFIED.) GEOMETRIC_REPRESENTATION_ITEM() 
RATIONAL_B_SPLINE_SURFACE((
    (1.,1.,1.,1.,1.,1.,1.,1.,1.,1.,1.)
,(1.,1.,1.,1.,1.,1.,1.,1.,1.,1.,1.
  ))) REPRESENTATION_ITEM('') SURFACE() );
#9379 = CARTESIAN_POINT('',(3.900000001495,48.000000000032,
    -1.296875000518));
#9380 = CARTESIAN_POINT('',(3.886228202421,50.041566793284,
    -1.19270833384));
#9381 = CARTESIAN_POINT('',(2.65742792108,52.083133586476,
    -1.088541666246));
#9382 = CARTESIAN_POINT('',(-2.315383567444E-02,53.130152185595,
    -0.984374997509));
#9383 = CARTESIAN_POINT('',(-2.622080300435,52.083133586221,
    -0.880208328853));
#9384 = CARTESIAN_POINT('',(-5.177919695976,47.999999999592,
    -0.671874993569));
#9385 = CARTESIAN_POINT('',(-2.62208029972,43.916866413212,
    -0.463541662198));
#9386 = CARTESIAN_POINT('',(-2.315383469825E-02,42.86984781409,
    -0.359374997521));
#9387 = CARTESIAN_POINT('',(2.657427922114,43.916866413467,
    -0.255208332887));
#9388 = CARTESIAN_POINT('',(3.886228203417,45.95843320678,
    -0.151041667175));
#9389 = CARTESIAN_POINT('',(3.900000002452,48.000000000033,
    -4.687500051789E-02));
#9390 = CARTESIAN_POINT('',(3.900000001375,48.000000000032,
    -1.453125000518));
#9391 = CARTESIAN_POINT('',(3.886228202302,50.041566793284,
    -1.34895833384));
#9392 = CARTESIAN_POINT('',(2.65742792096,52.083133586476,
    -1.244791666246));
#9393 = CARTESIAN_POINT('',(-2.315383579404E-02,53.130152185595,
    -1.140624997509));
#9394 = CARTESIAN_POINT('',(-2.622080300554,52.083133586221,
    -1.036458328853));
#9395 = CARTESIAN_POINT('',(-5.177919696095,47.999999999592,
    -0.828124993569));
#9396 = CARTESIAN_POINT('',(-2.622080299839,43.916866413212,
    -0.619791662198));
#9397 = CARTESIAN_POINT('',(-2.315383481786E-02,42.86984781409,
    -0.515624997521));
#9398 = CARTESIAN_POINT('',(2.657427921994,43.916866413467,
    -0.411458332887));
#9399 = CARTESIAN_POINT('',(3.886228203297,45.95843320678,
    -0.307291667175));
#9400 = CARTESIAN_POINT('',(3.900000002332,48.000000000033,
    -0.203125000518));
#9401 = DEFINITIONAL_REPRESENTATION('',(#9402),#9406);
#9402 = LINE('',#9403,#9404);
#9403 = CARTESIAN_POINT('',(3.,0.));
#9404 = VECTOR('',#9405,1.);
#9405 = DIRECTION('',(0.,1.));
#9406 = ( GEOMETRIC_REPRESENTATION_CONTEXT(2) 
PARAMETRIC_REPRESENTATION_CONTEXT() REPRESENTATION_CONTEXT('2D SPACE',''
  ) );
#9407 = ORIENTED_EDGE('',*,*,#9408,.F.);
#9408 = EDGE_CURVE('',#7175,#9355,#9409,.T.);
#9409 = SURFACE_CURVE('',#9410,(#9413,#9420),.PCURVE_S1.);
#9410 = B_SPLINE_CURVE_WITH_KNOTS('',1,(#9411,#9412),.UNSPECIFIED.,.F.,
  .F.,(2,2),(2.,3.),.PIECEWISE_BEZIER_KNOTS.);
#9411 = CARTESIAN_POINT('',(3.223417656044,48.,0.34375));
#9412 = CARTESIAN_POINT('',(3.900000002452,48.000000000033,
    -4.687500051789E-02));
#9413 = PCURVE('',#7285,#9414);
#9414 = DEFINITIONAL_REPRESENTATION('',(#9415),#9419);
#9415 = LINE('',#9416,#9417);
#9416 = CARTESIAN_POINT('',(0.,1.));
#9417 = VECTOR('',#9418,1.);
#9418 = DIRECTION('',(1.,0.));
#9419 = ( GEOMETRIC_REPRESENTATION_CONTEXT(2) 
PARAMETRIC_REPRESENTATION_CONTEXT() REPRESENTATION_CONTEXT('2D SPACE',''
  ) );
#9420 = PCURVE('',#7208,#9421);
#9421 = DEFINITIONAL_REPRESENTATION('',(#9422),#9425);
#9422 = B_SPLINE_CURVE_WITH_KNOTS('',1,(#9423,#9424),.UNSPECIFIED.,.F.,
  .F.,(2,2),(2.623999999607,3.),.PIECEWISE_BEZIER_KNOTS.);
#9423 = CARTESIAN_POINT('',(2.623999999607,0.));
#9424 = CARTESIAN_POINT('',(3.,0.));
#9425 = ( GEOMETRIC_REPRESENTATION_CONTEXT(2) 
PARAMETRIC_REPRESENTATION_CONTEXT() REPRESENTATION_CONTEXT('2D SPACE',''
  ) );
#9426 = ORIENTED_EDGE('',*,*,#7241,.T.);
#9427 = ADVANCED_FACE('',(#9428),#7208,.T.);
#9428 = FACE_BOUND('',#9429,.T.);
#9429 = EDGE_LOOP('',(#9430,#9431,#9432));
#9430 = ORIENTED_EDGE('',*,*,#7174,.F.);
#9431 = ORIENTED_EDGE('',*,*,#9408,.T.);
#9432 = ORIENTED_EDGE('',*,*,#9433,.T.);
#9433 = EDGE_CURVE('',#9355,#7102,#9434,.T.);
#9434 = SURFACE_CURVE('',#9435,(#9444,#9451),.PCURVE_S1.);
#9435 = ( BOUNDED_CURVE() B_SPLINE_CURVE(7,(#9436,#9437,#9438,#9439,
    #9440,#9441,#9442,#9443),.UNSPECIFIED.,.F.,.F.) 
B_SPLINE_CURVE_WITH_KNOTS((8,8),(0.,1.),.PIECEWISE_BEZIER_KNOTS.) CURVE(
) GEOMETRIC_REPRESENTATION_ITEM() RATIONAL_B_SPLINE_CURVE((1.,1.,1.,1.,
1.,1.,1.,1.)) REPRESENTATION_ITEM('') );
#9436 = CARTESIAN_POINT('',(3.900000002409,48.00000000001,
    -4.687500015057E-02));
#9437 = CARTESIAN_POINT('',(3.90000374526,48.980180762628,
    3.124999839723E-03));
#9438 = CARTESIAN_POINT('',(3.612578237996,49.960335054508,
    5.312499994393E-02));
#9439 = CARTESIAN_POINT('',(3.037847477419,50.839457520544,
    0.103124999993));
#9440 = CARTESIAN_POINT('',(2.219927070436,51.516100127261,
    0.153125000273));
#9441 = CARTESIAN_POINT('',(1.248682474773,51.915919702597,0.20312500041
    ));
#9442 = CARTESIAN_POINT('',(0.232031240718,52.014591514185,
    0.253125000676));
#9443 = CARTESIAN_POINT('',(-0.730787124455,51.830920277781,
    0.303125000881));
#9444 = PCURVE('',#7208,#9445);
#9445 = DEFINITIONAL_REPRESENTATION('',(#9446),#9450);
#9446 = LINE('',#9447,#9448);
#9447 = CARTESIAN_POINT('',(3.,0.));
#9448 = VECTOR('',#9449,1.);
#9449 = DIRECTION('',(0.,1.));
#9450 = ( GEOMETRIC_REPRESENTATION_CONTEXT(2) 
PARAMETRIC_REPRESENTATION_CONTEXT() REPRESENTATION_CONTEXT('2D SPACE',''
  ) );
#9451 = PCURVE('',#7139,#9452);
#9452 = DEFINITIONAL_REPRESENTATION('',(#9453),#9457);
#9453 = LINE('',#9454,#9455);
#9454 = CARTESIAN_POINT('',(3.,0.));
#9455 = VECTOR('',#9456,1.);
#9456 = DIRECTION('',(0.,1.));
#9457 = ( GEOMETRIC_REPRESENTATION_CONTEXT(2) 
PARAMETRIC_REPRESENTATION_CONTEXT() REPRESENTATION_CONTEXT('2D SPACE',''
  ) );
#9458 = ADVANCED_FACE('',(#9459),#7139,.T.);
#9459 = FACE_BOUND('',#9460,.T.);
#9460 = EDGE_LOOP('',(#9461,#9462,#9483,#9511,#9532,#9558,#9559));
#9461 = ORIENTED_EDGE('',*,*,#9433,.F.);
#9462 = ORIENTED_EDGE('',*,*,#9463,.T.);
#9463 = EDGE_CURVE('',#9355,#9464,#9466,.T.);
#9464 = VERTEX_POINT('',#9465);
#9465 = CARTESIAN_POINT('',(3.900000002353,48.000000000021,
    -0.203125000334));
#9466 = SURFACE_CURVE('',#9467,(#9470,#9476),.PCURVE_S1.);
#9467 = B_SPLINE_CURVE_WITH_KNOTS('',1,(#9468,#9469),.UNSPECIFIED.,.F.,
  .F.,(2,2),(3.,4.),.PIECEWISE_BEZIER_KNOTS.);
#9468 = CARTESIAN_POINT('',(3.900000002452,48.000000000033,
    -4.687500051789E-02));
#9469 = CARTESIAN_POINT('',(3.900000002332,48.000000000033,
    -0.203125000518));
#9470 = PCURVE('',#7139,#9471);
#9471 = DEFINITIONAL_REPRESENTATION('',(#9472),#9475);
#9472 = B_SPLINE_CURVE_WITH_KNOTS('',1,(#9473,#9474),.UNSPECIFIED.,.F.,
  .F.,(2,2),(3.,4.),.PIECEWISE_BEZIER_KNOTS.);
#9473 = CARTESIAN_POINT('',(3.,0.));
#9474 = CARTESIAN_POINT('',(4.,0.));
#9475 = ( GEOMETRIC_REPRESENTATION_CONTEXT(2) 
PARAMETRIC_REPRESENTATION_CONTEXT() REPRESENTATION_CONTEXT('2D SPACE',''
  ) );
#9476 = PCURVE('',#9378,#9477);
#9477 = DEFINITIONAL_REPRESENTATION('',(#9478),#9482);
#9478 = LINE('',#9479,#9480);
#9479 = CARTESIAN_POINT('',(0.,1.));
#9480 = VECTOR('',#9481,1.);
#9481 = DIRECTION('',(1.,0.));
#9482 = ( GEOMETRIC_REPRESENTATION_CONTEXT(2) 
PARAMETRIC_REPRESENTATION_CONTEXT() REPRESENTATION_CONTEXT('2D SPACE',''
  ) );
#9483 = ORIENTED_EDGE('',*,*,#9484,.T.);
#9484 = EDGE_CURVE('',#9464,#9485,#9487,.T.);
#9485 = VERTEX_POINT('',#9486);
#9486 = CARTESIAN_POINT('',(-0.73078712449,51.830920277781,
    0.146875000881));
#9487 = SURFACE_CURVE('',#9488,(#9497,#9504),.PCURVE_S1.);
#9488 = ( BOUNDED_CURVE() B_SPLINE_CURVE(7,(#9489,#9490,#9491,#9492,
    #9493,#9494,#9495,#9496),.UNSPECIFIED.,.F.,.F.) 
B_SPLINE_CURVE_WITH_KNOTS((8,8),(0.,1.),.PIECEWISE_BEZIER_KNOTS.) CURVE(
) GEOMETRIC_REPRESENTATION_ITEM() RATIONAL_B_SPLINE_CURVE((1.,1.,1.,1.,
1.,1.,1.,1.)) REPRESENTATION_ITEM('') );
#9489 = CARTESIAN_POINT('',(3.900000002375,48.00000000001,
    -0.203125000151));
#9490 = CARTESIAN_POINT('',(3.900003745226,48.980180762628,
    -0.15312500016));
#9491 = CARTESIAN_POINT('',(3.612578237961,49.960335054508,
    -0.103125000056));
#9492 = CARTESIAN_POINT('',(3.037847477385,50.839457520544,
    -5.312500000753E-02));
#9493 = CARTESIAN_POINT('',(2.219927070401,51.516100127261,
    -3.124999727006E-03));
#9494 = CARTESIAN_POINT('',(1.248682474738,51.915919702597,
    4.687500040966E-02));
#9495 = CARTESIAN_POINT('',(0.232031240683,52.014591514185,
    9.687500067612E-02));
#9496 = CARTESIAN_POINT('',(-0.73078712449,51.830920277781,
    0.146875000881));
#9497 = PCURVE('',#7139,#9498);
#9498 = DEFINITIONAL_REPRESENTATION('',(#9499),#9503);
#9499 = LINE('',#9500,#9501);
#9500 = CARTESIAN_POINT('',(4.,0.));
#9501 = VECTOR('',#9502,1.);
#9502 = DIRECTION('',(0.,1.));
#9503 = ( GEOMETRIC_REPRESENTATION_CONTEXT(2) 
PARAMETRIC_REPRESENTATION_CONTEXT() REPRESENTATION_CONTEXT('2D SPACE',''
  ) );
#9504 = PCURVE('',#8873,#9505);
#9505 = DEFINITIONAL_REPRESENTATION('',(#9506),#9510);
#9506 = LINE('',#9507,#9508);
#9507 = CARTESIAN_POINT('',(4.,0.));
#9508 = VECTOR('',#9509,1.);
#9509 = DIRECTION('',(0.,1.));
#9510 = ( GEOMETRIC_REPRESENTATION_CONTEXT(2) 
PARAMETRIC_REPRESENTATION_CONTEXT() REPRESENTATION_CONTEXT('2D SPACE',''
  ) );
#9511 = ORIENTED_EDGE('',*,*,#9512,.F.);
#9512 = EDGE_CURVE('',#9513,#9485,#9515,.T.);
#9513 = VERTEX_POINT('',#9514);
#9514 = CARTESIAN_POINT('',(-0.730787124455,51.830920277781,
    0.303125000881));
#9515 = SURFACE_CURVE('',#9516,(#9519,#9526),.PCURVE_S1.);
#9516 = B_SPLINE_CURVE_WITH_KNOTS('',1,(#9517,#9518),.UNSPECIFIED.,.F.,
  .F.,(2,2),(3.,4.),.PIECEWISE_BEZIER_KNOTS.);
#9517 = CARTESIAN_POINT('',(-0.730787124455,51.830920277781,
    0.303125000881));
#9518 = CARTESIAN_POINT('',(-0.73078712449,51.830920277781,
    0.146875000881));
#9519 = PCURVE('',#7139,#9520);
#9520 = DEFINITIONAL_REPRESENTATION('',(#9521),#9525);
#9521 = LINE('',#9522,#9523);
#9522 = CARTESIAN_POINT('',(0.,1.));
#9523 = VECTOR('',#9524,1.);
#9524 = DIRECTION('',(1.,0.));
#9525 = ( GEOMETRIC_REPRESENTATION_CONTEXT(2) 
PARAMETRIC_REPRESENTATION_CONTEXT() REPRESENTATION_CONTEXT('2D SPACE',''
  ) );
#9526 = PCURVE('',#8027,#9527);
#9527 = DEFINITIONAL_REPRESENTATION('',(#9528),#9531);
#9528 = B_SPLINE_CURVE_WITH_KNOTS('',1,(#9529,#9530),.UNSPECIFIED.,.F.,
  .F.,(2,2),(3.,4.),.PIECEWISE_BEZIER_KNOTS.);
#9529 = CARTESIAN_POINT('',(1.033183854008,-1.682681771698E-16));
#9530 = CARTESIAN_POINT('',(0.950479097813,-0.132566910663));
#9531 = ( GEOMETRIC_REPRESENTATION_CONTEXT(2) 
PARAMETRIC_REPRESENTATION_CONTEXT() REPRESENTATION_CONTEXT('2D SPACE',''
  ) );
#9532 = ORIENTED_EDGE('',*,*,#9533,.F.);
#9533 = EDGE_CURVE('',#7687,#9513,#9534,.T.);
#9534 = SURFACE_CURVE('',#9535,(#9544,#9551),.PCURVE_S1.);
#9535 = ( BOUNDED_CURVE() B_SPLINE_CURVE(7,(#9536,#9537,#9538,#9539,
    #9540,#9541,#9542,#9543),.UNSPECIFIED.,.F.,.F.) 
B_SPLINE_CURVE_WITH_KNOTS((8,8),(0.,1.),.PIECEWISE_BEZIER_KNOTS.) CURVE(
) GEOMETRIC_REPRESENTATION_ITEM() RATIONAL_B_SPLINE_CURVE((1.,1.,1.,1.,
1.,1.,1.,1.)) REPRESENTATION_ITEM('') );
#9536 = CARTESIAN_POINT('',(3.900000002409,48.00000000001,
    -4.687500015057E-02));
#9537 = CARTESIAN_POINT('',(3.90000374526,48.980180762628,
    3.124999839723E-03));
#9538 = CARTESIAN_POINT('',(3.612578237996,49.960335054508,
    5.312499994393E-02));
#9539 = CARTESIAN_POINT('',(3.037847477419,50.839457520544,
    0.103124999993));
#9540 = CARTESIAN_POINT('',(2.219927070436,51.516100127261,
    0.153125000273));
#9541 = CARTESIAN_POINT('',(1.248682474773,51.915919702597,0.20312500041
    ));
#9542 = CARTESIAN_POINT('',(0.232031240718,52.014591514185,
    0.253125000676));
#9543 = CARTESIAN_POINT('',(-0.730787124455,51.830920277781,
    0.303125000881));
#9544 = PCURVE('',#7139,#9545);
#9545 = DEFINITIONAL_REPRESENTATION('',(#9546),#9550);
#9546 = LINE('',#9547,#9548);
#9547 = CARTESIAN_POINT('',(3.,0.));
#9548 = VECTOR('',#9549,1.);
#9549 = DIRECTION('',(0.,1.));
#9550 = ( GEOMETRIC_REPRESENTATION_CONTEXT(2) 
PARAMETRIC_REPRESENTATION_CONTEXT() REPRESENTATION_CONTEXT('2D SPACE',''
  ) );
#9551 = PCURVE('',#7759,#9552);
#9552 = DEFINITIONAL_REPRESENTATION('',(#9553),#9557);
#9553 = LINE('',#9554,#9555);
#9554 = CARTESIAN_POINT('',(3.,0.));
#9555 = VECTOR('',#9556,1.);
#9556 = DIRECTION('',(0.,1.));
#9557 = ( GEOMETRIC_REPRESENTATION_CONTEXT(2) 
PARAMETRIC_REPRESENTATION_CONTEXT() REPRESENTATION_CONTEXT('2D SPACE',''
  ) );
#9558 = ORIENTED_EDGE('',*,*,#7686,.F.);
#9559 = ORIENTED_EDGE('',*,*,#7101,.T.);
#9560 = ADVANCED_FACE('',(#9561),#8053,.T.);
#9561 = FACE_BOUND('',#9562,.T.);
#9562 = EDGE_LOOP('',(#9563,#9564,#9565));
#9563 = ORIENTED_EDGE('',*,*,#8750,.T.);
#9564 = ORIENTED_EDGE('',*,*,#8038,.T.);
#9565 = ORIENTED_EDGE('',*,*,#9566,.T.);
#9566 = EDGE_CURVE('',#8013,#8751,#9567,.T.);
#9567 = SURFACE_CURVE('',#9568,(#9572,#9578),.PCURVE_S1.);
#9568 = LINE('',#9569,#9570);
#9569 = CARTESIAN_POINT('',(-0.283265984835,49.484932307431,0.11));
#9570 = VECTOR('',#9571,1.);
#9571 = DIRECTION('',(-0.187381314601,0.982287250726,0.));
#9572 = PCURVE('',#8053,#9573);
#9573 = DEFINITIONAL_REPRESENTATION('',(#9574),#9577);
#9574 = B_SPLINE_CURVE_WITH_KNOTS('',1,(#9575,#9576),.UNSPECIFIED.,.F.,
  .F.,(2,2),(1.542387617725,1.847797262183),.PIECEWISE_BEZIER_KNOTS.);
#9575 = CARTESIAN_POINT('',(-0.572280604268,3.));
#9576 = CARTESIAN_POINT('',(-0.629508664938,3.3));
#9577 = ( GEOMETRIC_REPRESENTATION_CONTEXT(2) 
PARAMETRIC_REPRESENTATION_CONTEXT() REPRESENTATION_CONTEXT('2D SPACE',''
  ) );
#9578 = PCURVE('',#8027,#9579);
#9579 = DEFINITIONAL_REPRESENTATION('',(#9580),#9583);
#9580 = B_SPLINE_CURVE_WITH_KNOTS('',1,(#9581,#9582),.UNSPECIFIED.,.F.,
  .F.,(2,2),(1.542387617725,1.847797262183),.PIECEWISE_BEZIER_KNOTS.);
#9581 = CARTESIAN_POINT('',(0.213272320158,0.283892880493));
#9582 = CARTESIAN_POINT('',(0.472390483687,0.122236367302));
#9583 = ( GEOMETRIC_REPRESENTATION_CONTEXT(2) 
PARAMETRIC_REPRESENTATION_CONTEXT() REPRESENTATION_CONTEXT('2D SPACE',''
  ) );
#9584 = ADVANCED_FACE('',(#9585),#8027,.F.);
#9585 = FACE_BOUND('',#9586,.F.);
#9586 = EDGE_LOOP('',(#9587,#9608,#9609,#9610,#9611,#9630,#9631));
#9587 = ORIENTED_EDGE('',*,*,#9588,.F.);
#9588 = EDGE_CURVE('',#7981,#9589,#9591,.T.);
#9589 = VERTEX_POINT('',#9590);
#9590 = CARTESIAN_POINT('',(-0.604008234807,51.166322064545,
    0.693750000852));
#9591 = SURFACE_CURVE('',#9592,(#9595,#9601),.PCURVE_S1.);
#9592 = B_SPLINE_CURVE_WITH_KNOTS('',1,(#9593,#9594),.UNSPECIFIED.,.F.,
  .F.,(2,2),(1.,2.),.PIECEWISE_BEZIER_KNOTS.);
#9593 = CARTESIAN_POINT('',(-0.566531971887,50.9698646144,0.693750000844
    ));
#9594 = CARTESIAN_POINT('',(-0.604008234807,51.166322064545,
    0.693750000852));
#9595 = PCURVE('',#8027,#9596);
#9596 = DEFINITIONAL_REPRESENTATION('',(#9597),#9600);
#9597 = B_SPLINE_CURVE_WITH_KNOTS('',1,(#9598,#9599),.UNSPECIFIED.,.F.,
  .F.,(2,2),(1.,2.),.PIECEWISE_BEZIER_KNOTS.);
#9598 = CARTESIAN_POINT('',(0.496228537168,0.795401463979));
#9599 = CARTESIAN_POINT('',(0.665914182817,0.68953937605));
#9600 = ( GEOMETRIC_REPRESENTATION_CONTEXT(2) 
PARAMETRIC_REPRESENTATION_CONTEXT() REPRESENTATION_CONTEXT('2D SPACE',''
  ) );
#9601 = PCURVE('',#7841,#9602);
#9602 = DEFINITIONAL_REPRESENTATION('',(#9603),#9607);
#9603 = LINE('',#9604,#9605);
#9604 = CARTESIAN_POINT('',(0.,1.));
#9605 = VECTOR('',#9606,1.);
#9606 = DIRECTION('',(1.,0.));
#9607 = ( GEOMETRIC_REPRESENTATION_CONTEXT(2) 
PARAMETRIC_REPRESENTATION_CONTEXT() REPRESENTATION_CONTEXT('2D SPACE',''
  ) );
#9608 = ORIENTED_EDGE('',*,*,#8012,.T.);
#9609 = ORIENTED_EDGE('',*,*,#9566,.T.);
#9610 = ORIENTED_EDGE('',*,*,#8774,.F.);
#9611 = ORIENTED_EDGE('',*,*,#9612,.F.);
#9612 = EDGE_CURVE('',#9485,#8775,#9613,.T.);
#9613 = SURFACE_CURVE('',#9614,(#9617,#9623),.PCURVE_S1.);
#9614 = B_SPLINE_CURVE_WITH_KNOTS('',1,(#9615,#9616),.UNSPECIFIED.,.F.,
  .F.,(2,2),(4.,5.),.PIECEWISE_BEZIER_KNOTS.);
#9615 = CARTESIAN_POINT('',(-0.73078712449,51.830920277781,
    0.146875000881));
#9616 = CARTESIAN_POINT('',(-0.604008235015,51.166322064545,
    -0.243749999148));
#9617 = PCURVE('',#8027,#9618);
#9618 = DEFINITIONAL_REPRESENTATION('',(#9619),#9622);
#9619 = B_SPLINE_CURVE_WITH_KNOTS('',1,(#9620,#9621),.UNSPECIFIED.,.F.,
  .F.,(2,2),(4.,5.),.PIECEWISE_BEZIER_KNOTS.);
#9620 = CARTESIAN_POINT('',(0.950479097813,-0.132566910663));
#9621 = CARTESIAN_POINT('',(0.169685645649,-0.105862087929));
#9622 = ( GEOMETRIC_REPRESENTATION_CONTEXT(2) 
PARAMETRIC_REPRESENTATION_CONTEXT() REPRESENTATION_CONTEXT('2D SPACE',''
  ) );
#9623 = PCURVE('',#8873,#9624);
#9624 = DEFINITIONAL_REPRESENTATION('',(#9625),#9629);
#9625 = LINE('',#9626,#9627);
#9626 = CARTESIAN_POINT('',(0.,1.));
#9627 = VECTOR('',#9628,1.);
#9628 = DIRECTION('',(1.,0.));
#9629 = ( GEOMETRIC_REPRESENTATION_CONTEXT(2) 
PARAMETRIC_REPRESENTATION_CONTEXT() REPRESENTATION_CONTEXT('2D SPACE',''
  ) );
#9630 = ORIENTED_EDGE('',*,*,#9512,.F.);
#9631 = ORIENTED_EDGE('',*,*,#9632,.F.);
#9632 = EDGE_CURVE('',#9589,#9513,#9633,.T.);
#9633 = SURFACE_CURVE('',#9634,(#9637,#9643),.PCURVE_S1.);
#9634 = B_SPLINE_CURVE_WITH_KNOTS('',1,(#9635,#9636),.UNSPECIFIED.,.F.,
  .F.,(2,2),(2.,3.),.PIECEWISE_BEZIER_KNOTS.);
#9635 = CARTESIAN_POINT('',(-0.604008234807,51.166322064545,
    0.693750000852));
#9636 = CARTESIAN_POINT('',(-0.730787124455,51.830920277781,
    0.303125000881));
#9637 = PCURVE('',#8027,#9638);
#9638 = DEFINITIONAL_REPRESENTATION('',(#9639),#9642);
#9639 = B_SPLINE_CURVE_WITH_KNOTS('',1,(#9640,#9641),.UNSPECIFIED.,.F.,
  .F.,(2,2),(2.,3.),.PIECEWISE_BEZIER_KNOTS.);
#9640 = CARTESIAN_POINT('',(0.665914182817,0.68953937605));
#9641 = CARTESIAN_POINT('',(1.033183854008,-1.682681771698E-16));
#9642 = ( GEOMETRIC_REPRESENTATION_CONTEXT(2) 
PARAMETRIC_REPRESENTATION_CONTEXT() REPRESENTATION_CONTEXT('2D SPACE',''
  ) );
#9643 = PCURVE('',#7759,#9644);
#9644 = DEFINITIONAL_REPRESENTATION('',(#9645),#9649);
#9645 = LINE('',#9646,#9647);
#9646 = CARTESIAN_POINT('',(0.,1.));
#9647 = VECTOR('',#9648,1.);
#9648 = DIRECTION('',(1.,0.));
#9649 = ( GEOMETRIC_REPRESENTATION_CONTEXT(2) 
PARAMETRIC_REPRESENTATION_CONTEXT() REPRESENTATION_CONTEXT('2D SPACE',''
  ) );
#9650 = ADVANCED_FACE('',(#9651),#7841,.T.);
#9651 = FACE_BOUND('',#9652,.T.);
#9652 = EDGE_LOOP('',(#9653,#9679,#9680,#9706,#9707));
#9653 = ORIENTED_EDGE('',*,*,#9654,.F.);
#9654 = EDGE_CURVE('',#7798,#7952,#9655,.T.);
#9655 = SURFACE_CURVE('',#9656,(#9665,#9672),.PCURVE_S1.);
#9656 = ( BOUNDED_CURVE() B_SPLINE_CURVE(7,(#9657,#9658,#9659,#9660,
    #9661,#9662,#9663,#9664),.UNSPECIFIED.,.F.,.F.) 
B_SPLINE_CURVE_WITH_KNOTS((8,8),(0.,1.),.PIECEWISE_BEZIER_KNOTS.) CURVE(
) GEOMETRIC_REPRESENTATION_ITEM() RATIONAL_B_SPLINE_CURVE((1.,1.,1.,1.,
1.,1.,1.,1.)) REPRESENTATION_ITEM('') );
#9657 = CARTESIAN_POINT('',(3.02341765579,47.999999999997,0.343750000045
    ));
#9658 = CARTESIAN_POINT('',(3.023420557771,48.759870722636,
    0.393750000035));
#9659 = CARTESIAN_POINT('',(2.80059815783,49.519720927598,0.443750000125
    ));
#9660 = CARTESIAN_POINT('',(2.355046590843,50.201247687962,
    0.493750000144));
#9661 = CARTESIAN_POINT('',(1.720965816458,50.725804924083,
    0.543750000384));
#9662 = CARTESIAN_POINT('',(0.968022730385,51.035759167584,
    0.593750000472));
#9663 = CARTESIAN_POINT('',(0.179878807374,51.112253039914,
    0.643750000688));
#9664 = CARTESIAN_POINT('',(-0.566531971887,50.9698646144,0.693750000844
    ));
#9665 = PCURVE('',#7841,#9666);
#9666 = DEFINITIONAL_REPRESENTATION('',(#9667),#9671);
#9667 = LINE('',#9668,#9669);
#9668 = CARTESIAN_POINT('',(1.,0.));
#9669 = VECTOR('',#9670,1.);
#9670 = DIRECTION('',(0.,1.));
#9671 = ( GEOMETRIC_REPRESENTATION_CONTEXT(2) 
PARAMETRIC_REPRESENTATION_CONTEXT() REPRESENTATION_CONTEXT('2D SPACE',''
  ) );
#9672 = PCURVE('',#7899,#9673);
#9673 = DEFINITIONAL_REPRESENTATION('',(#9674),#9678);
#9674 = LINE('',#9675,#9676);
#9675 = CARTESIAN_POINT('',(1.,0.));
#9676 = VECTOR('',#9677,1.);
#9677 = DIRECTION('',(0.,1.));
#9678 = ( GEOMETRIC_REPRESENTATION_CONTEXT(2) 
PARAMETRIC_REPRESENTATION_CONTEXT() REPRESENTATION_CONTEXT('2D SPACE',''
  ) );
#9679 = ORIENTED_EDGE('',*,*,#7797,.F.);
#9680 = ORIENTED_EDGE('',*,*,#9681,.T.);
#9681 = EDGE_CURVE('',#7716,#9589,#9682,.T.);
#9682 = SURFACE_CURVE('',#9683,(#9692,#9699),.PCURVE_S1.);
#9683 = ( BOUNDED_CURVE() B_SPLINE_CURVE(7,(#9684,#9685,#9686,#9687,
    #9688,#9689,#9690,#9691),.UNSPECIFIED.,.F.,.F.) 
B_SPLINE_CURVE_WITH_KNOTS((8,8),(0.,1.),.PIECEWISE_BEZIER_KNOTS.) CURVE(
) GEOMETRIC_REPRESENTATION_ITEM() RATIONAL_B_SPLINE_CURVE((1.,1.,1.,1.,
1.,1.,1.,1.)) REPRESENTATION_ITEM('') );
#9684 = CARTESIAN_POINT('',(3.22341765579,48.,0.34375));
#9685 = CARTESIAN_POINT('',(3.223420749623,48.810136402938,0.39374999999
    ));
#9686 = CARTESIAN_POINT('',(2.985858580494,49.620250929957,
    0.443750000083));
#9687 = CARTESIAN_POINT('',(2.510833640224,50.346860894747,0.49375000011
    ));
#9688 = CARTESIAN_POINT('',(1.834808230908,50.906117750631,
    0.543750000359));
#9689 = CARTESIAN_POINT('',(1.032057728472,51.23657556283,0.593750000458
    ));
#9690 = CARTESIAN_POINT('',(0.191777845411,51.318129527767,
    0.643750000685));
#9691 = CARTESIAN_POINT('',(-0.604008234807,51.166322064545,
    0.693750000852));
#9692 = PCURVE('',#7841,#9693);
#9693 = DEFINITIONAL_REPRESENTATION('',(#9694),#9698);
#9694 = LINE('',#9695,#9696);
#9695 = CARTESIAN_POINT('',(2.,0.));
#9696 = VECTOR('',#9697,1.);
#9697 = DIRECTION('',(0.,1.));
#9698 = ( GEOMETRIC_REPRESENTATION_CONTEXT(2) 
PARAMETRIC_REPRESENTATION_CONTEXT() REPRESENTATION_CONTEXT('2D SPACE',''
  ) );
#9699 = PCURVE('',#7759,#9700);
#9700 = DEFINITIONAL_REPRESENTATION('',(#9701),#9705);
#9701 = LINE('',#9702,#9703);
#9702 = CARTESIAN_POINT('',(2.,0.));
#9703 = VECTOR('',#9704,1.);
#9704 = DIRECTION('',(0.,1.));
#9705 = ( GEOMETRIC_REPRESENTATION_CONTEXT(2) 
PARAMETRIC_REPRESENTATION_CONTEXT() REPRESENTATION_CONTEXT('2D SPACE',''
  ) );
#9706 = ORIENTED_EDGE('',*,*,#9588,.F.);
#9707 = ORIENTED_EDGE('',*,*,#7980,.T.);
#9708 = ADVANCED_FACE('',(#9709),#7899,.T.);
#9709 = FACE_BOUND('',#9710,.T.);
#9710 = EDGE_LOOP('',(#9711,#9712,#9713,#9714));
#9711 = ORIENTED_EDGE('',*,*,#7879,.F.);
#9712 = ORIENTED_EDGE('',*,*,#9654,.T.);
#9713 = ORIENTED_EDGE('',*,*,#7951,.T.);
#9714 = ORIENTED_EDGE('',*,*,#9715,.F.);
#9715 = EDGE_CURVE('',#7880,#7926,#9716,.T.);
#9716 = SURFACE_CURVE('',#9717,(#9723,#9732),.PCURVE_S1.);
#9717 = B_SPLINE_CURVE_WITH_KNOTS('',4,(#9718,#9719,#9720,#9721,#9722),
  .UNSPECIFIED.,.F.,.F.,(5,5),(0.,1.),.PIECEWISE_BEZIER_KNOTS.);
#9718 = CARTESIAN_POINT('',(0.375570720422,51.,0.11));
#9719 = CARTESIAN_POINT('',(0.188756749656,51.023387256152,0.11));
#9720 = CARTESIAN_POINT('',(-1.942656364384E-06,51.031263905613,0.11));
#9721 = CARTESIAN_POINT('',(-0.188760720197,51.023387548843,0.11));
#9722 = CARTESIAN_POINT('',(-0.375574639779,51.,0.11));
#9723 = PCURVE('',#7899,#9724);
#9724 = DEFINITIONAL_REPRESENTATION('',(#9725),#9731);
#9725 = B_SPLINE_CURVE_WITH_KNOTS('',4,(#9726,#9727,#9728,#9729,#9730),
  .UNSPECIFIED.,.F.,.F.,(5,5),(0.,1.),.PIECEWISE_BEZIER_KNOTS.);
#9726 = CARTESIAN_POINT('',(0.443762036558,0.822065971695));
#9727 = CARTESIAN_POINT('',(0.430547653304,0.857461641003));
#9728 = CARTESIAN_POINT('',(0.417333203612,0.892857488274));
#9729 = CARTESIAN_POINT('',(0.404118722683,0.928253419209));
#9730 = CARTESIAN_POINT('',(0.390904340174,0.963649086526));
#9731 = ( GEOMETRIC_REPRESENTATION_CONTEXT(2) 
PARAMETRIC_REPRESENTATION_CONTEXT() REPRESENTATION_CONTEXT('2D SPACE',''
  ) );
#9732 = PCURVE('',#7940,#9733);
#9733 = DEFINITIONAL_REPRESENTATION('',(#9734),#9740);
#9734 = B_SPLINE_CURVE_WITH_KNOTS('',4,(#9735,#9736,#9737,#9738,#9739),
  .UNSPECIFIED.,.F.,.F.,(5,5),(0.,1.),.PIECEWISE_BEZIER_KNOTS.);
#9735 = CARTESIAN_POINT('',(0.375570720422,3.));
#9736 = CARTESIAN_POINT('',(0.188756749656,3.023387256152));
#9737 = CARTESIAN_POINT('',(-1.942656364384E-06,3.031263905613));
#9738 = CARTESIAN_POINT('',(-0.188760720197,3.023387548843));
#9739 = CARTESIAN_POINT('',(-0.375574639779,3.));
#9740 = ( GEOMETRIC_REPRESENTATION_CONTEXT(2) 
PARAMETRIC_REPRESENTATION_CONTEXT() REPRESENTATION_CONTEXT('2D SPACE',''
  ) );
#9741 = ADVANCED_FACE('',(#9742),#7940,.T.);
#9742 = FACE_BOUND('',#9743,.T.);
#9743 = EDGE_LOOP('',(#9744,#9745));
#9744 = ORIENTED_EDGE('',*,*,#9715,.T.);
#9745 = ORIENTED_EDGE('',*,*,#7925,.T.);
#9746 = ADVANCED_FACE('',(#9747),#7759,.T.);
#9747 = FACE_BOUND('',#9748,.T.);
#9748 = EDGE_LOOP('',(#9749,#9750,#9751,#9752));
#9749 = ORIENTED_EDGE('',*,*,#9681,.F.);
#9750 = ORIENTED_EDGE('',*,*,#7715,.F.);
#9751 = ORIENTED_EDGE('',*,*,#9533,.T.);
#9752 = ORIENTED_EDGE('',*,*,#9632,.F.);
#9753 = ADVANCED_FACE('',(#9754),#8387,.F.);
#9754 = FACE_BOUND('',#9755,.F.);
#9755 = EDGE_LOOP('',(#9756,#9757,#9758,#9759));
#9756 = ORIENTED_EDGE('',*,*,#8523,.F.);
#9757 = ORIENTED_EDGE('',*,*,#8474,.T.);
#9758 = ORIENTED_EDGE('',*,*,#8447,.T.);
#9759 = ORIENTED_EDGE('',*,*,#8371,.F.);
#9760 = ADVANCED_FACE('',(#9761),#8610,.T.);
#9761 = FACE_BOUND('',#9762,.T.);
#9762 = EDGE_LOOP('',(#9763,#9764,#9765,#9766));
#9763 = ORIENTED_EDGE('',*,*,#8726,.F.);
#9764 = ORIENTED_EDGE('',*,*,#8699,.T.);
#9765 = ORIENTED_EDGE('',*,*,#8650,.T.);
#9766 = ORIENTED_EDGE('',*,*,#8596,.F.);
#9767 = ADVANCED_FACE('',(#9768),#8873,.T.);
#9768 = FACE_BOUND('',#9769,.T.);
#9769 = EDGE_LOOP('',(#9770,#9771,#9813,#9814));
#9770 = ORIENTED_EDGE('',*,*,#9484,.F.);
#9771 = ORIENTED_EDGE('',*,*,#9772,.T.);
#9772 = EDGE_CURVE('',#9464,#8796,#9773,.T.);
#9773 = SURFACE_CURVE('',#9774,(#9777,#9783),.PCURVE_S1.);
#9774 = B_SPLINE_CURVE_WITH_KNOTS('',1,(#9775,#9776),.UNSPECIFIED.,.F.,
  .F.,(2,2),(4.,5.),.PIECEWISE_BEZIER_KNOTS.);
#9775 = CARTESIAN_POINT('',(3.900000002332,48.000000000033,
    -0.203125000518));
#9776 = CARTESIAN_POINT('',(3.223417655327,48.,-0.59375));
#9777 = PCURVE('',#8873,#9778);
#9778 = DEFINITIONAL_REPRESENTATION('',(#9779),#9782);
#9779 = B_SPLINE_CURVE_WITH_KNOTS('',1,(#9780,#9781),.UNSPECIFIED.,.F.,
  .F.,(2,2),(4.,4.886810016841),.PIECEWISE_BEZIER_KNOTS.);
#9780 = CARTESIAN_POINT('',(4.,0.));
#9781 = CARTESIAN_POINT('',(4.886810016841,0.));
#9782 = ( GEOMETRIC_REPRESENTATION_CONTEXT(2) 
PARAMETRIC_REPRESENTATION_CONTEXT() REPRESENTATION_CONTEXT('2D SPACE',''
  ) );
#9783 = PCURVE('',#9784,#9807);
#9784 = ( BOUNDED_SURFACE() B_SPLINE_SURFACE(1,6,(
    (#9785,#9786,#9787,#9788,#9789,#9790,#9791,#9792,#9793,#9794,#9795)
    ,(#9796,#9797,#9798,#9799,#9800,#9801,#9802,#9803,#9804,#9805,#9806
)),.UNSPECIFIED.,.F.,.F.,.F.) B_SPLINE_SURFACE_WITH_KNOTS((2,2),(7,4,7),
(4.,5.),(0.,0.5,1.),.UNSPECIFIED.) GEOMETRIC_REPRESENTATION_ITEM() 
RATIONAL_B_SPLINE_SURFACE((
    (1.,1.,1.,1.,1.,1.,1.,1.,1.,1.,1.)
,(1.,1.,1.,1.,1.,1.,1.,1.,1.,1.,1.
  ))) REPRESENTATION_ITEM('') SURFACE() );
#9785 = CARTESIAN_POINT('',(3.900000001375,48.000000000032,
    -1.453125000518));
#9786 = CARTESIAN_POINT('',(3.886228202302,50.041566793284,
    -1.34895833384));
#9787 = CARTESIAN_POINT('',(2.65742792096,52.083133586476,
    -1.244791666246));
#9788 = CARTESIAN_POINT('',(-2.315383579404E-02,53.130152185595,
    -1.140624997509));
#9789 = CARTESIAN_POINT('',(-2.622080300554,52.083133586221,
    -1.036458328853));
#9790 = CARTESIAN_POINT('',(-5.177919696095,47.999999999592,
    -0.828124993569));
#9791 = CARTESIAN_POINT('',(-2.622080299839,43.916866413212,
    -0.619791662198));
#9792 = CARTESIAN_POINT('',(-2.315383481786E-02,42.86984781409,
    -0.515624997521));
#9793 = CARTESIAN_POINT('',(2.657427921994,43.916866413467,
    -0.411458332887));
#9794 = CARTESIAN_POINT('',(3.886228203297,45.95843320678,
    -0.307291667175));
#9795 = CARTESIAN_POINT('',(3.900000002332,48.000000000033,
    -0.203125000518));
#9796 = CARTESIAN_POINT('',(3.22341765437,48.,-1.84375));
#9797 = CARTESIAN_POINT('',(3.21203502341,49.687390369637,
    -1.739583333324));
#9798 = CARTESIAN_POINT('',(2.196410275377,51.374780739225,
    -1.635416665894));
#9799 = CARTESIAN_POINT('',(-1.913704718804E-02,52.240159774251,
    -1.531249997512));
#9800 = CARTESIAN_POINT('',(-2.167194853615,51.374780739013,
    -1.427083329201));
#9801 = CARTESIAN_POINT('',(-4.279640450185,47.999999999636,
    -1.218749994257));
#9802 = CARTESIAN_POINT('',(-2.167194852969,44.625219260463,
    -1.010416662546));
#9803 = CARTESIAN_POINT('',(-1.913704629821E-02,43.759840225434,
    -0.906249997524));
#9804 = CARTESIAN_POINT('',(2.196410276343,44.625219260675,
    -0.802083332534));
#9805 = CARTESIAN_POINT('',(3.212035024371,46.312609630362,
    -0.697916666659));
#9806 = CARTESIAN_POINT('',(3.223417655327,48.,-0.59375));
#9807 = DEFINITIONAL_REPRESENTATION('',(#9808),#9812);
#9808 = LINE('',#9809,#9810);
#9809 = CARTESIAN_POINT('',(0.,1.));
#9810 = VECTOR('',#9811,1.);
#9811 = DIRECTION('',(1.,0.));
#9812 = ( GEOMETRIC_REPRESENTATION_CONTEXT(2) 
PARAMETRIC_REPRESENTATION_CONTEXT() REPRESENTATION_CONTEXT('2D SPACE',''
  ) );
#9813 = ORIENTED_EDGE('',*,*,#8795,.T.);
#9814 = ORIENTED_EDGE('',*,*,#9612,.F.);
#9815 = ADVANCED_FACE('',(#9816),#8944,.T.);
#9816 = FACE_BOUND('',#9817,.T.);
#9817 = EDGE_LOOP('',(#9818,#10243,#10271,#10664));
#9818 = ORIENTED_EDGE('',*,*,#9819,.F.);
#9819 = EDGE_CURVE('',#9820,#8796,#9822,.T.);
#9820 = VERTEX_POINT('',#9821);
#9821 = CARTESIAN_POINT('',(3.3,48.000000000002,-1.799535162229));
#9822 = SURFACE_CURVE('',#9823,(#9961,#10102),.PCURVE_S1.);
#9823 = B_SPLINE_CURVE_WITH_KNOTS('',6,(#9824,#9825,#9826,#9827,#9828,
    #9829,#9830,#9831,#9832,#9833,#9834,#9835,#9836,#9837,#9838,#9839,
    #9840,#9841,#9842,#9843,#9844,#9845,#9846,#9847,#9848,#9849,#9850,
    #9851,#9852,#9853,#9854,#9855,#9856,#9857,#9858,#9859,#9860,#9861,
    #9862,#9863,#9864,#9865,#9866,#9867,#9868,#9869,#9870,#9871,#9872,
    #9873,#9874,#9875,#9876,#9877,#9878,#9879,#9880,#9881,#9882,#9883,
    #9884,#9885,#9886,#9887,#9888,#9889,#9890,#9891,#9892,#9893,#9894,
    #9895,#9896,#9897,#9898,#9899,#9900,#9901,#9902,#9903,#9904,#9905,
    #9906,#9907,#9908,#9909,#9910,#9911,#9912,#9913,#9914,#9915,#9916,
    #9917,#9918,#9919,#9920,#9921,#9922,#9923,#9924,#9925,#9926,#9927,
    #9928,#9929,#9930,#9931,#9932,#9933,#9934,#9935,#9936,#9937,#9938,
    #9939,#9940,#9941,#9942,#9943,#9944,#9945,#9946,#9947,#9948,#9949,
    #9950,#9951,#9952,#9953,#9954,#9955,#9956,#9957,#9958,#9959,#9960),
  .UNSPECIFIED.,.F.,.F.,(7,5,5,5,5,5,5,5,5,5,5,5,5,5,5,5,5,5,5,5,5,5,5,5
    ,5,5,5,7),(0.,2.602570957572E-02,3.868755248645E-02,
    9.167248511857E-02,0.11466037593,0.131655049775,0.232163898247,
    0.254253822657,0.302034507176,0.326962209479,0.363961728992,
    0.411226235479,0.451793218013,0.481293767238,0.501289828956,
    0.520219316123,0.550565099198,0.635207962353,0.657169463652,
    0.700757187847,0.731036244612,0.767035782523,0.825194275416,
    0.865895517228,0.933688907098,0.965695036435,0.985512909109,1.),
  .UNSPECIFIED.);
#9824 = CARTESIAN_POINT('',(3.3,48.000000000004,-1.799535162213));
#9825 = CARTESIAN_POINT('',(3.3,48.089893036151,-1.793764530172));
#9826 = CARTESIAN_POINT('',(3.297061491816,48.179798971538,
    -1.788084660384));
#9827 = CARTESIAN_POINT('',(3.291183059781,48.269594424095,
    -1.782479801955));
#9828 = CARTESIAN_POINT('',(3.282370229315,48.359157039413,
    -1.776936073353));
#9829 = CARTESIAN_POINT('',(3.270635466931,48.448365490744,-1.7714414624
    ));
#9830 = CARTESIAN_POINT('',(3.248876951726,48.58026970715,
    -1.763331589045));
#9831 = CARTESIAN_POINT('',(3.241068692702,48.623327676967,
    -1.760686571687));
#9832 = CARTESIAN_POINT('',(3.23257563355,48.666259521671,
    -1.758049605996));
#9833 = CARTESIAN_POINT('',(3.223400365265,48.709051501278,
    -1.755419617704));
#9834 = CARTESIAN_POINT('',(3.213545839451,48.751690002591,
    -1.752795626483));
#9835 = CARTESIAN_POINT('',(3.158949405103,48.971888551171,
    -1.739217740252));
#9836 = CARTESIAN_POINT('',(3.103045709623,49.146694987991,
    -1.728348051261));
#9837 = CARTESIAN_POINT('',(3.035551267258,49.317578617845,
    -1.717503243835));
#9838 = CARTESIAN_POINT('',(2.956819374873,49.483583303258,
    -1.706646721171));
#9839 = CARTESIAN_POINT('',(2.867307277881,49.643800202656,
    -1.695761983754));
#9840 = CARTESIAN_POINT('',(2.724303729974,49.863995877404,
    -1.680108428601));
#9841 = CARTESIAN_POINT('',(2.679109174894,49.929372279249,
    -1.675365793959));
#9842 = CARTESIAN_POINT('',(2.632035471721,49.993428531549,
    -1.670616661841));
#9843 = CARTESIAN_POINT('',(2.58313110964,50.056097425467,
    -1.665860988144));
#9844 = CARTESIAN_POINT('',(2.532447737359,50.11731418922,
    -1.661099007202));
#9845 = CARTESIAN_POINT('',(2.441295867752,50.221153686443,
    -1.652806472211));
#9846 = CARTESIAN_POINT('',(2.401609173307,50.264463206159,
    -1.649278528062));
#9847 = CARTESIAN_POINT('',(2.361002204182,50.3069198869,-1.645747590909
    ));
#9848 = CARTESIAN_POINT('',(2.319497931224,50.348499402568,
    -1.642213882344));
#9849 = CARTESIAN_POINT('',(2.277120171723,50.389178261294,
    -1.638677653977));
#9850 = CARTESIAN_POINT('',(1.978245611082,50.6640535846,-1.614212207562
    ));
#9851 = CARTESIAN_POINT('',(1.692818086933,50.866960871287,
    -1.593199342735));
#9852 = CARTESIAN_POINT('',(1.382874269986,51.032748576368,
    -1.572173970007));
#9853 = CARTESIAN_POINT('',(1.054460422931,51.158040521388,
    -1.551192419754));
#9854 = CARTESIAN_POINT('',(0.714095424095,51.240479065846,
    -1.530232310763));
#9855 = CARTESIAN_POINT('',(0.293087306783,51.287845347595,
    -1.504694522424));
#9856 = CARTESIAN_POINT('',(0.216992691168,51.294274156772,
    -1.500093892753));
#9857 = CARTESIAN_POINT('',(0.140734236979,51.298589038906,
    -1.495493875313));
#9858 = CARTESIAN_POINT('',(6.438534523727E-02,51.300785150784,
    -1.490894294344));
#9859 = CARTESIAN_POINT('',(-1.198045029445E-02,51.300861055607,
    -1.486294971272));
#9860 = CARTESIAN_POINT('',(-0.253346536059,51.294401141091,
    -1.471747517333));
#9861 = CARTESIAN_POINT('',(-0.41814122915,51.280072875256,
    -1.461799520698));
#9862 = CARTESIAN_POINT('',(-0.581923333454,51.255854368745,
    -1.451850307092));
#9863 = CARTESIAN_POINT('',(-0.743954269844,51.221839816422,
    -1.441898435007));
#9864 = CARTESIAN_POINT('',(-0.90350866732,51.178196826218,
    -1.431943282196));
#9865 = CARTESIAN_POINT('',(-1.141454416844,51.097499364388,
    -1.416790993133));
#9866 = CARTESIAN_POINT('',(-1.222166323638,51.067277218926,
    -1.411595435292));
#9867 = CARTESIAN_POINT('',(-1.30191132902,51.034533685236,
    -1.406399298774));
#9868 = CARTESIAN_POINT('',(-1.380591303757,50.999307868369,
    -1.401202720614));
#9869 = CARTESIAN_POINT('',(-1.458110302068,50.961643937416,
    -1.396005881303));
#9870 = CARTESIAN_POINT('',(-1.647571555292,50.862141811734,
    -1.383095420465));
#9871 = CARTESIAN_POINT('',(-1.758005287985,50.797429052449,
    -1.375381679002));
#9872 = CARTESIAN_POINT('',(-1.865368241933,50.72761446509,
    -1.367668604024));
#9873 = CARTESIAN_POINT('',(-1.969367998729,50.652881778445,
    -1.359956898502));
#9874 = CARTESIAN_POINT('',(-2.069727239336,50.573436832651,
    -1.352247144762));
#9875 = CARTESIAN_POINT('',(-2.289400725129,50.382293355962,
    -1.334694172981));
#9876 = CARTESIAN_POINT('',(-2.406252191528,50.267758583613,
    -1.324852191449));
#9877 = CARTESIAN_POINT('',(-2.516190533645,50.146380068997,
    -1.315015009292));
#9878 = CARTESIAN_POINT('',(-2.618721397049,50.01868211664,
    -1.305182064114));
#9879 = CARTESIAN_POINT('',(-2.713404684616,49.885235507477,
    -1.295351677659));
#9880 = CARTESIAN_POINT('',(-2.874056081567,49.627714516641,
    -1.277084570337));
#9881 = CARTESIAN_POINT('',(-2.942193827451,49.504988841217,
    -1.268647557388));
#9882 = CARTESIAN_POINT('',(-3.004026306896,49.378868404499,
    -1.260209305734));
#9883 = CARTESIAN_POINT('',(-3.059346008163,49.249758979396,
    -1.251767670535));
#9884 = CARTESIAN_POINT('',(-3.107980686383,49.118082492167,
    -1.243320831863));
#9885 = CARTESIAN_POINT('',(-3.180200288785,48.886971743796,
    -1.228721840576));
#9886 = CARTESIAN_POINT('',(-3.206999738277,48.788539921661,
    -1.222572315724));
#9887 = CARTESIAN_POINT('',(-3.230139643834,48.689148758845,
    -1.216419533103));
#9888 = CARTESIAN_POINT('',(-3.249578240165,48.588968277916,
    -1.210263838563));
#9889 = CARTESIAN_POINT('',(-3.265284354093,48.488170654805,
    -1.204106273418));
#9890 = CARTESIAN_POINT('',(-3.285339420984,48.318307428379,
    -1.19377476306));
#9891 = CARTESIAN_POINT('',(-3.291717150818,48.249481020779,
    -1.189600968872));
#9892 = CARTESIAN_POINT('',(-3.296364200877,48.180505189574,
    -1.185427597171));
#9893 = CARTESIAN_POINT('',(-3.299276449543,48.111434200447,
    -1.181255681447));
#9894 = CARTESIAN_POINT('',(-3.300452039733,48.042322425886,
    -1.177086432641));
#9895 = CARTESIAN_POINT('',(-3.299360609607,47.907811970491,
    -1.168977336377));
#9896 = CARTESIAN_POINT('',(-3.297273869368,47.842411832085,
    -1.165036732513));
#9897 = CARTESIAN_POINT('',(-3.293631506347,47.777070425305,
    -1.161097928161));
#9898 = CARTESIAN_POINT('',(-3.288435717267,47.711834058531,
    -1.157160087118));
#9899 = CARTESIAN_POINT('',(-3.28169054038,47.64674888788,
    -1.153222585603));
#9900 = CARTESIAN_POINT('',(-3.260114298774,47.4778392781,
    -1.142972704606));
#9901 = CARTESIAN_POINT('',(-3.242859982683,47.374324048472,
    -1.136660103033));
#9902 = CARTESIAN_POINT('',(-3.221663228185,47.271505188705,
    -1.130345647198));
#9903 = CARTESIAN_POINT('',(-3.196560180837,47.169569921135,
    -1.124028471236));
#9904 = CARTESIAN_POINT('',(-3.167598810769,47.068702730048,
    -1.117708403758));
#9905 = CARTESIAN_POINT('',(-3.043462408629,46.691224702824,
    -1.093750928521));
#9906 = CARTESIAN_POINT('',(-2.922515915508,46.423035820288,
    -1.076093670769));
#9907 = CARTESIAN_POINT('',(-2.773310076439,46.168563801623,
    -1.058427738175));
#9908 = CARTESIAN_POINT('',(-2.597862893243,45.931419407931,
    -1.040775318431));
#9909 = CARTESIAN_POINT('',(-2.398703440164,45.714878917521,
    -1.023132257442));
#9910 = CARTESIAN_POINT('',(-2.122044425117,45.471623620734,
    -1.000925793646));
#9911 = CARTESIAN_POINT('',(-2.063666951018,45.423083512541,
    -0.996351603189));
#9912 = CARTESIAN_POINT('',(-2.003960772694,45.376164020232,
    -0.991777865462));
#9913 = CARTESIAN_POINT('',(-1.94298230619,45.330910331634,
    -0.987204467054));
#9914 = CARTESIAN_POINT('',(-1.880789971785,45.287364976377,
    -0.982631278268));
#9915 = CARTESIAN_POINT('',(-1.691719715787,45.16261162712,
    -0.968981719098));
#9916 = CARTESIAN_POINT('',(-1.561449853174,45.086540866808,
    -0.959905441783));
#9917 = CARTESIAN_POINT('',(-1.427109621105,45.017668717781,
    -0.950828469782));
#9918 = CARTESIAN_POINT('',(-1.289197181643,44.956262142807,
    -0.941749680001));
#9919 = CARTESIAN_POINT('',(-1.148232959042,44.902541495919,
    -0.932668370267));
#9920 = CARTESIAN_POINT('',(-0.905091620248,44.824821633344,
    -0.917274979498));
#9921 = CARTESIAN_POINT('',(-0.804212032785,44.796755327199,
    -0.910963916169));
#9922 = CARTESIAN_POINT('',(-0.702301119328,44.77253904605,
    -0.904651825134));
#9923 = CARTESIAN_POINT('',(-0.599542514518,44.752218885464,
    -0.898338898438));
#9924 = CARTESIAN_POINT('',(-0.496122360751,44.735829195815,
    -0.892025457003));
#9925 = CARTESIAN_POINT('',(-0.268708225146,44.7086063773,
    -0.878205662893));
#9926 = CARTESIAN_POINT('',(-0.14451746857,44.699407901554,
    -0.870699210406));
#9927 = CARTESIAN_POINT('',(-1.997465869857E-02,44.695835086703,
    -0.863193436697));
#9928 = CARTESIAN_POINT('',(0.104602430931,44.697901877996,
    -0.855689166069));
#9929 = CARTESIAN_POINT('',(0.228895873491,44.705598234279,
    -0.848187203593));
#9930 = CARTESIAN_POINT('',(0.552415813507,44.740363639903,
    -0.828573654895));
#9931 = CARTESIAN_POINT('',(0.750683657025,44.776442199874,
    -0.816466419139));
#9932 = CARTESIAN_POINT('',(0.946039337085,44.82698297399,
    -0.804370348618));
#9933 = CARTESIAN_POINT('',(1.137177024391,44.891675481061,
    -0.792286099999));
#9934 = CARTESIAN_POINT('',(1.32283336095,44.970065000722,
    -0.780209484254));
#9935 = CARTESIAN_POINT('',(1.627043064078,45.125540991432,
    -0.759682861894));
#9936 = CARTESIAN_POINT('',(1.74901550218,45.19595815009,-0.751232045744
    ));
#9937 = CARTESIAN_POINT('',(1.867302834135,45.272571052906,
    -0.742778979488));
#9938 = CARTESIAN_POINT('',(1.981514374432,45.355135932715,
    -0.734319860594));
#9939 = CARTESIAN_POINT('',(2.091281657974,45.443376502493,
    -0.725850476916));
#9940 = CARTESIAN_POINT('',(2.371113027138,45.692900769913,
    -0.703237194319));
#9941 = CARTESIAN_POINT('',(2.532693912731,45.863721522835,
    -0.68906742951));
#9942 = CARTESIAN_POINT('',(2.679383014947,46.048008328179,
    -0.674843187695));
#9943 = CARTESIAN_POINT('',(2.809822971487,46.244123008236,
    -0.66054959795));
#9944 = CARTESIAN_POINT('',(2.922877071835,46.450270541278,
    -0.64619460523));
#9945 = CARTESIAN_POINT('',(3.062434476932,46.765607245347,
    -0.625064762242));
#9946 = CARTESIAN_POINT('',(3.103124335117,46.868537307088,
    -0.618288422197));
#9947 = CARTESIAN_POINT('',(3.139656945534,46.97306315128,
    -0.611518552102));
#9948 = CARTESIAN_POINT('',(3.171955929841,47.07897573395,
    -0.604764021391));
#9949 = CARTESIAN_POINT('',(3.199958927836,47.186061663763,
    -0.598036674204));
#9950 = CARTESIAN_POINT('',(3.238266714271,47.361001816497,
    -0.587212616479));
#9951 = CARTESIAN_POINT('',(3.251250306854,47.428266805822,
    -0.583089699385));
#9952 = CARTESIAN_POINT('',(3.262556861679,47.49584689188,
    -0.578986673262));
#9953 = CARTESIAN_POINT('',(3.272177035065,47.563690191865,-0.5749076466
    ));
#9954 = CARTESIAN_POINT('',(3.280103595778,47.631744454822,
    -0.570857226173));
#9955 = CARTESIAN_POINT('',(3.290884039226,47.749821255015,
    -0.563904256853));
#9956 = CARTESIAN_POINT('',(3.294528893676,47.799770072209,
    -0.560986010812));
#9957 = CARTESIAN_POINT('',(3.297263990216,47.849782996206,
    -0.558087774462));
#9958 = CARTESIAN_POINT('',(3.299087947301,47.899839427394,
    -0.555211682267));
#9959 = CARTESIAN_POINT('',(3.3,47.949918683584,-0.552360007605));
#9960 = CARTESIAN_POINT('',(3.3,48.000000000003,-0.549535162766));
#9961 = PCURVE('',#8944,#9962);
#9962 = DEFINITIONAL_REPRESENTATION('',(#9963),#10101);
#9963 = B_SPLINE_CURVE_WITH_KNOTS('',6,(#9964,#9965,#9966,#9967,#9968,
    #9969,#9970,#9971,#9972,#9973,#9974,#9975,#9976,#9977,#9978,#9979,
    #9980,#9981,#9982,#9983,#9984,#9985,#9986,#9987,#9988,#9989,#9990,
    #9991,#9992,#9993,#9994,#9995,#9996,#9997,#9998,#9999,#10000,#10001,
    #10002,#10003,#10004,#10005,#10006,#10007,#10008,#10009,#10010,
    #10011,#10012,#10013,#10014,#10015,#10016,#10017,#10018,#10019,
    #10020,#10021,#10022,#10023,#10024,#10025,#10026,#10027,#10028,
    #10029,#10030,#10031,#10032,#10033,#10034,#10035,#10036,#10037,
    #10038,#10039,#10040,#10041,#10042,#10043,#10044,#10045,#10046,
    #10047,#10048,#10049,#10050,#10051,#10052,#10053,#10054,#10055,
    #10056,#10057,#10058,#10059,#10060,#10061,#10062,#10063,#10064,
    #10065,#10066,#10067,#10068,#10069,#10070,#10071,#10072,#10073,
    #10074,#10075,#10076,#10077,#10078,#10079,#10080,#10081,#10082,
    #10083,#10084,#10085,#10086,#10087,#10088,#10089,#10090,#10091,
    #10092,#10093,#10094,#10095,#10096,#10097,#10098,#10099,#10100),
  .UNSPECIFIED.,.F.,.F.,(7,5,5,5,5,5,5,5,5,5,5,5,5,5,5,5,5,5,5,5,5,5,5,5
    ,5,5,5,7),(0.,2.602570957572E-02,3.868755248645E-02,
    9.167248511857E-02,0.11466037593,0.131655049775,0.232163898247,
    0.254253822657,0.302034507176,0.326962209479,0.363961728992,
    0.411226235479,0.451793218013,0.481293767238,0.501289828956,
    0.520219316123,0.550565099198,0.635207962353,0.657169463652,
    0.700757187847,0.731036244612,0.767035782523,0.825194275416,
    0.865895517228,0.933688907098,0.965695036435,0.985512909109,1.),
  .UNSPECIFIED.);
#9964 = CARTESIAN_POINT('',(0.,5.600464837787));
#9965 = CARTESIAN_POINT('',(2.724031398396E-02,5.606235469828));
#9966 = CARTESIAN_POINT('',(5.448449938791E-02,5.611915339616));
#9967 = CARTESIAN_POINT('',(8.173166481824E-02,5.617520198045));
#9968 = CARTESIAN_POINT('',(0.108981090029,5.623063926647));
#9969 = CARTESIAN_POINT('',(0.136232225923,5.6285585376));
#9970 = CARTESIAN_POINT('',(0.17674337154,5.636668410955));
#9971 = CARTESIAN_POINT('',(0.19000236812,5.639313428313));
#9972 = CARTESIAN_POINT('',(0.203261626533,5.641950394004));
#9973 = CARTESIAN_POINT('',(0.216521105326,5.644580382296));
#9974 = CARTESIAN_POINT('',(0.229780779343,5.647204373517));
#9975 = CARTESIAN_POINT('',(0.298528045048,5.660782259748));
#9976 = CARTESIAN_POINT('',(0.354019716502,5.671651948739));
#9977 = CARTESIAN_POINT('',(0.409510376497,5.682496756165));
#9978 = CARTESIAN_POINT('',(0.465000654438,5.693353278829));
#9979 = CARTESIAN_POINT('',(0.520491798792,5.704238016246));
#9980 = CARTESIAN_POINT('',(0.6000545097,5.719891571399));
#9981 = CARTESIAN_POINT('',(0.624128441626,5.724634206041));
#9982 = CARTESIAN_POINT('',(0.648202170382,5.729383338159));
#9983 = CARTESIAN_POINT('',(0.672275690004,5.734139011856));
#9984 = CARTESIAN_POINT('',(0.696349003099,5.738900992798));
#9985 = CARTESIAN_POINT('',(0.738219090031,5.747193527789));
#9986 = CARTESIAN_POINT('',(0.756015958244,5.750721471938));
#9987 = CARTESIAN_POINT('',(0.773812730549,5.754252409091));
#9988 = CARTESIAN_POINT('',(0.791609413059,5.757786117656));
#9989 = CARTESIAN_POINT('',(0.809406012938,5.761322346023));
#9990 = CARTESIAN_POINT('',(0.932453648066,5.785787792438));
#9991 = CARTESIAN_POINT('',(1.037738183701,5.806800657265));
#9992 = CARTESIAN_POINT('',(1.142980197466,5.827826029993));
#9993 = CARTESIAN_POINT('',(1.248223306325,5.848807580246));
#9994 = CARTESIAN_POINT('',(1.353509678351,5.869767689237));
#9995 = CARTESIAN_POINT('',(1.481892785399,5.895305477576));
#9996 = CARTESIAN_POINT('',(1.50502498187,5.899906107247));
#9997 = CARTESIAN_POINT('',(1.528157205888,5.904506124687));
#9998 = CARTESIAN_POINT('',(1.551289441958,5.909105705656));
#9999 = CARTESIAN_POINT('',(1.574421678617,5.913705028728));
#10000 = CARTESIAN_POINT('',(1.64758910794,5.928252482667));
#10001 = CARTESIAN_POINT('',(1.697625187316,5.938200479302));
#10002 = CARTESIAN_POINT('',(1.747660183529,5.948149692908));
#10003 = CARTESIAN_POINT('',(1.797695089347,5.958101564993));
#10004 = CARTESIAN_POINT('',(1.84773092046,5.968056717804));
#10005 = CARTESIAN_POINT('',(1.923869513862,5.983209006867));
#10006 = CARTESIAN_POINT('',(1.949973237757,5.988404564708));
#10007 = CARTESIAN_POINT('',(1.976076949277,5.993600701226));
#10008 = CARTESIAN_POINT('',(2.002180646285,5.998797279386));
#10009 = CARTESIAN_POINT('',(2.028284329516,6.003994118697));
#10010 = CARTESIAN_POINT('',(2.093132983926,6.016904579535));
#10011 = CARTESIAN_POINT('',(2.13187805059,6.024618320998));
#10012 = CARTESIAN_POINT('',(2.170623187509,6.032331395976));
#10013 = CARTESIAN_POINT('',(2.209368375322,6.040043101498));
#10014 = CARTESIAN_POINT('',(2.248113590374,6.047752855238));
#10015 = CARTESIAN_POINT('',(2.336353324058,6.065305827019));
#10016 = CARTESIAN_POINT('',(2.385848827004,6.075147808551));
#10017 = CARTESIAN_POINT('',(2.435343513677,6.084984990708));
#10018 = CARTESIAN_POINT('',(2.484838349118,6.094817935886));
#10019 = CARTESIAN_POINT('',(2.53433425852,6.104648322341));
#10020 = CARTESIAN_POINT('',(2.62631078568,6.122915429663));
#10021 = CARTESIAN_POINT('',(2.668792642053,6.131352442612));
#10022 = CARTESIAN_POINT('',(2.711273990776,6.139790694266));
#10023 = CARTESIAN_POINT('',(2.753755225142,6.148232329465));
#10024 = CARTESIAN_POINT('',(2.796236744404,6.156679168137));
#10025 = CARTESIAN_POINT('',(2.86961004242,6.171278159424));
#10026 = CARTESIAN_POINT('',(2.900502359753,6.177427684276));
#10027 = CARTESIAN_POINT('',(2.931394579957,6.183580466897));
#10028 = CARTESIAN_POINT('',(2.962286695625,6.189736161437));
#10029 = CARTESIAN_POINT('',(2.993178729636,6.195893726582));
#10030 = CARTESIAN_POINT('',(3.045009953761,6.20622523694));
#10031 = CARTESIAN_POINT('',(3.065949183689,6.210399031128));
#10032 = CARTESIAN_POINT('',(3.086888414234,6.214572402829));
#10033 = CARTESIAN_POINT('',(3.107827693644,6.218744318553));
#10034 = CARTESIAN_POINT('',(3.128767075801,6.222913567359));
#10035 = CARTESIAN_POINT('',(3.169529161651,6.231022663623));
#10036 = CARTESIAN_POINT('',(3.189351857072,6.234963267487));
#10037 = CARTESIAN_POINT('',(3.20917461412,6.238902071839));
#10038 = CARTESIAN_POINT('',(3.228997402386,6.242839912882));
#10039 = CARTESIAN_POINT('',(3.248820200092,6.246777414397));
#10040 = CARTESIAN_POINT('',(3.300420833695,6.257027295394));
#10041 = CARTESIAN_POINT('',(3.332198692761,6.263339896967));
#10042 = CARTESIAN_POINT('',(3.363976510603,6.269654352802));
#10043 = CARTESIAN_POINT('',(3.39575424432,6.275971528764));
#10044 = CARTESIAN_POINT('',(3.427531868798,6.282291596242));
#10045 = CARTESIAN_POINT('',(3.547945720272,6.306249071479));
#10046 = CARTESIAN_POINT('',(3.636596923309,6.323906329231));
#10047 = CARTESIAN_POINT('',(3.725229740941,6.341572261825));
#10048 = CARTESIAN_POINT('',(3.813862931571,6.359224681569));
#10049 = CARTESIAN_POINT('',(3.90251461718,6.376867742558));
#10050 = CARTESIAN_POINT('',(4.014148838042,6.399074206354));
#10051 = CARTESIAN_POINT('',(4.037146578198,6.403648396811));
#10052 = CARTESIAN_POINT('',(4.060144338902,6.408222134538));
#10053 = CARTESIAN_POINT('',(4.08314210596,6.412795532946));
#10054 = CARTESIAN_POINT('',(4.106139871581,6.417368721732));
#10055 = CARTESIAN_POINT('',(4.174782061349,6.431018280902));
#10056 = CARTESIAN_POINT('',(4.220427046626,6.440094558217));
#10057 = CARTESIAN_POINT('',(4.266071344418,6.449171530218));
#10058 = CARTESIAN_POINT('',(4.311715580113,6.458250319999));
#10059 = CARTESIAN_POINT('',(4.357360388367,6.467331629733));
#10060 = CARTESIAN_POINT('',(4.434712152859,6.482725020502));
#10061 = CARTESIAN_POINT('',(4.466419767844,6.489036083831));
#10062 = CARTESIAN_POINT('',(4.49812736613,6.495348174866));
#10063 = CARTESIAN_POINT('',(4.529834931593,6.501661101562));
#10064 = CARTESIAN_POINT('',(4.561542461994,6.507974542997));
#10065 = CARTESIAN_POINT('',(4.630947827549,6.521794337107));
#10066 = CARTESIAN_POINT('',(4.668645759673,6.529300789594));
#10067 = CARTESIAN_POINT('',(4.706343757096,6.536806563303));
#10068 = CARTESIAN_POINT('',(4.744041810455,6.544310833931));
#10069 = CARTESIAN_POINT('',(4.781739909278,6.551812796407));
#10070 = CARTESIAN_POINT('',(4.880340673238,6.571426345105));
#10071 = CARTESIAN_POINT('',(4.941246019253,6.583533580861));
#10072 = CARTESIAN_POINT('',(5.002148916824,6.595629651382));
#10073 = CARTESIAN_POINT('',(5.06305219395,6.607713900001));
#10074 = CARTESIAN_POINT('',(5.123958574898,6.619790515746));
#10075 = CARTESIAN_POINT('',(5.227485154693,6.640317138106));
#10076 = CARTESIAN_POINT('',(5.270108171168,6.648767954256));
#10077 = CARTESIAN_POINT('',(5.312730633839,6.657221020512));
#10078 = CARTESIAN_POINT('',(5.355352890058,6.665680139406));
#10079 = CARTESIAN_POINT('',(5.39797526885,6.674149523084));
#10080 = CARTESIAN_POINT('',(5.511588581744,6.696762805681));
#10081 = CARTESIAN_POINT('',(5.582584201506,6.71093257049));
#10082 = CARTESIAN_POINT('',(5.653571833447,6.725156812305));
#10083 = CARTESIAN_POINT('',(5.724557170296,6.73945040205));
#10084 = CARTESIAN_POINT('',(5.795546385916,6.75380539477));
#10085 = CARTESIAN_POINT('',(5.900042863794,6.774935237758));
#10086 = CARTESIAN_POINT('',(5.933555443046,6.781711577803));
#10087 = CARTESIAN_POINT('',(5.967068135815,6.788481447898));
#10088 = CARTESIAN_POINT('',(6.000581392786,6.795235978609));
#10089 = CARTESIAN_POINT('',(6.034095746199,6.801963325796));
#10090 = CARTESIAN_POINT('',(6.088364017965,6.812787383521));
#10091 = CARTESIAN_POINT('',(6.109117148223,6.816910300615));
#10092 = CARTESIAN_POINT('',(6.12987094862,6.821013326738));
#10093 = CARTESIAN_POINT('',(6.15062553166,6.8250923534));
#10094 = CARTESIAN_POINT('',(6.171381003393,6.829142773827));
#10095 = CARTESIAN_POINT('',(6.207310672353,6.836095743147));
#10096 = CARTESIAN_POINT('',(6.222484406245,6.839013989188));
#10097 = CARTESIAN_POINT('',(6.237658711422,6.841912225538));
#10098 = CARTESIAN_POINT('',(6.252833620161,6.844788317733));
#10099 = CARTESIAN_POINT('',(6.268009150689,6.847639992395));
#10100 = CARTESIAN_POINT('',(6.28318530718,6.850464837234));
#10101 = ( GEOMETRIC_REPRESENTATION_CONTEXT(2) 
PARAMETRIC_REPRESENTATION_CONTEXT() REPRESENTATION_CONTEXT('2D SPACE',''
  ) );
#10102 = PCURVE('',#9784,#10103);
#10103 = DEFINITIONAL_REPRESENTATION('',(#10104),#10242);
#10104 = B_SPLINE_CURVE_WITH_KNOTS('',6,(#10105,#10106,#10107,#10108,
    #10109,#10110,#10111,#10112,#10113,#10114,#10115,#10116,#10117,
    #10118,#10119,#10120,#10121,#10122,#10123,#10124,#10125,#10126,
    #10127,#10128,#10129,#10130,#10131,#10132,#10133,#10134,#10135,
    #10136,#10137,#10138,#10139,#10140,#10141,#10142,#10143,#10144,
    #10145,#10146,#10147,#10148,#10149,#10150,#10151,#10152,#10153,
    #10154,#10155,#10156,#10157,#10158,#10159,#10160,#10161,#10162,
    #10163,#10164,#10165,#10166,#10167,#10168,#10169,#10170,#10171,
    #10172,#10173,#10174,#10175,#10176,#10177,#10178,#10179,#10180,
    #10181,#10182,#10183,#10184,#10185,#10186,#10187,#10188,#10189,
    #10190,#10191,#10192,#10193,#10194,#10195,#10196,#10197,#10198,
    #10199,#10200,#10201,#10202,#10203,#10204,#10205,#10206,#10207,
    #10208,#10209,#10210,#10211,#10212,#10213,#10214,#10215,#10216,
    #10217,#10218,#10219,#10220,#10221,#10222,#10223,#10224,#10225,
    #10226,#10227,#10228,#10229,#10230,#10231,#10232,#10233,#10234,
    #10235,#10236,#10237,#10238,#10239,#10240,#10241),.UNSPECIFIED.,.F.,
  .F.,(7,5,5,5,5,5,5,5,5,5,5,5,5,5,5,5,5,5,5,5,5,5,5,5,5,5,5,7),(0.,
    2.602570957572E-02,3.868755248645E-02,9.167248511857E-02,
    0.11466037593,0.131655049775,0.232163898247,0.254253822657,
    0.302034507176,0.326962209479,0.363961728992,0.411226235479,
    0.451793218013,0.481293767238,0.501289828956,0.520219316123,
    0.550565099198,0.635207962353,0.657169463652,0.700757187847,
    0.731036244612,0.767035782523,0.825194275416,0.865895517228,
    0.933688907098,0.965695036435,0.985512909109,1.),.UNSPECIFIED.);
#10105 = CARTESIAN_POINT('',(4.886810015116,0.));
#10106 = CARTESIAN_POINT('',(4.885913758292,4.336425375458E-03));
#10107 = CARTESIAN_POINT('',(4.885245744764,8.671566976956E-03));
#10108 = CARTESIAN_POINT('',(4.8847677738,1.300608778982E-02));
#10109 = CARTESIAN_POINT('',(4.88444589647,1.734048400108E-02));
#10110 = CARTESIAN_POINT('',(4.88425041565,2.167508499944E-02));
#10111 = CARTESIAN_POINT('',(4.884109896138,2.811907132304E-02));
#10112 = CARTESIAN_POINT('',(4.884087799229,3.022817992088E-02));
#10113 = CARTESIAN_POINT('',(4.884086667604,3.233739883536E-02));
#10114 = CARTESIAN_POINT('',(4.884103801806,3.444674390204E-02));
#10115 = CARTESIAN_POINT('',(4.884136730615,3.655622712552E-02));
#10116 = CARTESIAN_POINT('',(4.884377713726,4.749384329899E-02));
#10117 = CARTESIAN_POINT('',(4.884809645682,5.632457319415E-02));
#10118 = CARTESIAN_POINT('',(4.88531351977,6.515787974645E-02));
#10119 = CARTESIAN_POINT('',(4.885793787674,7.399318154942E-02));
#10120 = CARTESIAN_POINT('',(4.886205149014,8.282952184726E-02));
#10121 = CARTESIAN_POINT('',(4.886675040404,9.549920694167E-02));
#10122 = CARTESIAN_POINT('',(4.886801400588,9.933280218496E-02));
#10123 = CARTESIAN_POINT('',(4.886910884842,0.10316632168));
#10124 = CARTESIAN_POINT('',(4.88700318815,0.106999705391));
#10125 = CARTESIAN_POINT('',(4.887078756653,0.110832905271));
#10126 = CARTESIAN_POINT('',(4.887183167842,0.117499561705));
#10127 = CARTESIAN_POINT('',(4.887219014839,0.120333119187));
#10128 = CARTESIAN_POINT('',(4.887246774731,0.12316654385));
#10129 = CARTESIAN_POINT('',(4.887266983306,0.125999825856));
#10130 = CARTESIAN_POINT('',(4.887280266038,0.128832959378));
#10131 = CARTESIAN_POINT('',(4.887329163206,0.148420596692));
#10132 = CARTESIAN_POINT('',(4.887152738091,0.16517575553));
#10133 = CARTESIAN_POINT('',(4.886904452495,0.181918464274));
#10134 = CARTESIAN_POINT('',(4.886765365965,0.198660239734));
#10135 = CARTESIAN_POINT('',(4.886711410421,0.215411465611));
#10136 = CARTESIAN_POINT('',(4.88670996631,0.235841244739));
#10137 = CARTESIAN_POINT('',(4.886712228669,0.239522455416));
#10138 = CARTESIAN_POINT('',(4.886716584562,0.243203830537));
#10139 = CARTESIAN_POINT('',(4.886722581672,0.246885369363));
#10140 = CARTESIAN_POINT('',(4.886729744395,0.250567066124));
#10141 = CARTESIAN_POINT('',(4.886754508977,0.26221276806));
#10142 = CARTESIAN_POINT('',(4.886774650627,0.270177459532));
#10143 = CARTESIAN_POINT('',(4.886793053372,0.278142581174));
#10144 = CARTESIAN_POINT('',(4.886805856634,0.286108079762));
#10145 = CARTESIAN_POINT('',(4.886811154316,0.294073857438));
#10146 = CARTESIAN_POINT('',(4.886809191506,0.306195075165));
#10147 = CARTESIAN_POINT('',(4.886806705342,0.310350744462));
#10148 = CARTESIAN_POINT('',(4.886802531738,0.314506349376));
#10149 = CARTESIAN_POINT('',(4.88679692409,0.318661859466));
#10150 = CARTESIAN_POINT('',(4.886790263397,0.3228172494));
#10151 = CARTESIAN_POINT('',(4.886772363894,0.33314002436));
#10152 = CARTESIAN_POINT('',(4.88676033787,0.33930725933));
#10153 = CARTESIAN_POINT('',(4.886748869183,0.345474135282));
#10154 = CARTESIAN_POINT('',(4.886739660951,0.351640622063));
#10155 = CARTESIAN_POINT('',(4.886734230415,0.357806727951));
#10156 = CARTESIAN_POINT('',(4.8867334983,0.371848876455));
#10157 = CARTESIAN_POINT('',(4.886741190965,0.379724865568));
#10158 = CARTESIAN_POINT('',(4.886759334319,0.387600281024));
#10159 = CARTESIAN_POINT('',(4.886787655631,0.395475487514));
#10160 = CARTESIAN_POINT('',(4.886823128791,0.403350881982));
#10161 = CARTESIAN_POINT('',(4.886891351031,0.417985887192));
#10162 = CARTESIAN_POINT('',(4.886923782693,0.424745632404));
#10163 = CARTESIAN_POINT('',(4.886953770689,0.431505604938));
#10164 = CARTESIAN_POINT('',(4.886976366718,0.438265974322));
#10165 = CARTESIAN_POINT('',(4.886987277522,0.445026854856));
#10166 = CARTESIAN_POINT('',(4.886983521481,0.456704874079));
#10167 = CARTESIAN_POINT('',(4.886975207303,0.461621895764));
#10168 = CARTESIAN_POINT('',(4.886959197995,0.466539118938));
#10169 = CARTESIAN_POINT('',(4.886936284303,0.47145651403));
#10170 = CARTESIAN_POINT('',(4.886909010073,0.476374042939));
#10171 = CARTESIAN_POINT('',(4.88686314214,0.484624917485));
#10172 = CARTESIAN_POINT('',(4.886844799961,0.4879582209));
#10173 = CARTESIAN_POINT('',(4.886827630547,0.491291552816));
#10174 = CARTESIAN_POINT('',(4.886814256334,0.494624905952));
#10175 = CARTESIAN_POINT('',(4.886807769015,0.497958277709));
#10176 = CARTESIAN_POINT('',(4.886813204403,0.50444725328));
#10177 = CARTESIAN_POINT('',(4.886823188172,0.507602856301));
#10178 = CARTESIAN_POINT('',(4.886837785445,0.510758461432));
#10179 = CARTESIAN_POINT('',(4.886854809723,0.513914054357));
#10180 = CARTESIAN_POINT('',(4.886872615046,0.517069619736));
#10181 = CARTESIAN_POINT('',(4.88691811963,0.52528374473));
#10182 = CARTESIAN_POINT('',(4.886945056667,0.530342243823));
#10183 = CARTESIAN_POINT('',(4.886966691141,0.535400569278));
#10184 = CARTESIAN_POINT('',(4.886980646083,0.540458670982));
#10185 = CARTESIAN_POINT('',(4.886986383517,0.54551651793));
#10186 = CARTESIAN_POINT('',(4.886981915734,0.564681102014));
#10187 = CARTESIAN_POINT('',(4.886923213206,0.57878856375));
#10188 = CARTESIAN_POINT('',(4.886826165117,0.592890982389));
#10189 = CARTESIAN_POINT('',(4.886761792899,0.606992801974));
#10190 = CARTESIAN_POINT('',(4.88673445226,0.621098706937));
#10191 = CARTESIAN_POINT('',(4.886733761105,0.638863662158));
#10192 = CARTESIAN_POINT('',(4.886735418547,0.642523532509));
#10193 = CARTESIAN_POINT('',(4.886738652794,0.64618353343));
#10194 = CARTESIAN_POINT('',(4.886743186821,0.649843669077));
#10195 = CARTESIAN_POINT('',(4.886748689589,0.653503939759));
#10196 = CARTESIAN_POINT('',(4.886766856065,0.664429264234));
#10197 = CARTESIAN_POINT('',(4.886781282186,0.671694794329));
#10198 = CARTESIAN_POINT('',(4.886795165879,0.678960710666));
#10199 = CARTESIAN_POINT('',(4.886805599626,0.68622700312));
#10200 = CARTESIAN_POINT('',(4.886810587267,0.693493609632));
#10201 = CARTESIAN_POINT('',(4.886809548566,0.705807997802));
#10202 = CARTESIAN_POINT('',(4.886806403764,0.710855865776));
#10203 = CARTESIAN_POINT('',(4.886800477368,0.715903686667));
#10204 = CARTESIAN_POINT('',(4.886792059468,0.720951397493));
#10205 = CARTESIAN_POINT('',(4.88678179281,0.725998942374));
#10206 = CARTESIAN_POINT('',(4.886757451934,0.737047171277));
#10207 = CARTESIAN_POINT('',(4.886742905716,0.743047787649));
#10208 = CARTESIAN_POINT('',(4.886728921155,0.749048036517));
#10209 = CARTESIAN_POINT('',(4.886717452709,0.755047869206));
#10210 = CARTESIAN_POINT('',(4.886710522285,0.761047273506));
#10211 = CARTESIAN_POINT('',(4.886709729653,0.776737864964));
#10212 = CARTESIAN_POINT('',(4.886726272935,0.786428823466));
#10213 = CARTESIAN_POINT('',(4.886767145888,0.7961184528));
#10214 = CARTESIAN_POINT('',(4.886836791356,0.805807616021));
#10215 = CARTESIAN_POINT('',(4.886928029788,0.81549742074));
#10216 = CARTESIAN_POINT('',(4.887089078236,0.831969046454));
#10217 = CARTESIAN_POINT('',(4.887157070723,0.838750947101));
#10218 = CARTESIAN_POINT('',(4.887220788535,0.845533311994));
#10219 = CARTESIAN_POINT('',(4.887271232233,0.852316370835));
#10220 = CARTESIAN_POINT('',(4.887298105847,0.859100275849));
#10221 = CARTESIAN_POINT('',(4.887280650045,0.877185447159));
#10222 = CARTESIAN_POINT('',(4.887177058252,0.888488886671));
#10223 = CARTESIAN_POINT('',(4.886936660926,0.899793156048));
#10224 = CARTESIAN_POINT('',(4.886521326344,0.911098235868));
#10225 = CARTESIAN_POINT('',(4.885946513918,0.92240260123));
#10226 = CARTESIAN_POINT('',(4.885088853289,0.939038456759));
#10227 = CARTESIAN_POINT('',(4.884812039436,0.944373024492));
#10228 = CARTESIAN_POINT('',(4.884549300718,0.949706814741));
#10229 = CARTESIAN_POINT('',(4.884323204909,0.955039784389));
#10230 = CARTESIAN_POINT('',(4.884164415544,0.960372040479));
#10231 = CARTESIAN_POINT('',(4.884081250642,0.969005297651));
#10232 = CARTESIAN_POINT('',(4.884090641348,0.97230656593));
#10233 = CARTESIAN_POINT('',(4.884150701362,0.97560775559));
#10234 = CARTESIAN_POINT('',(4.884272334954,0.978908987423));
#10235 = CARTESIAN_POINT('',(4.884467874916,0.982210430007));
#10236 = CARTESIAN_POINT('',(4.884958110592,0.987926004119));
#10237 = CARTESIAN_POINT('',(4.885211990525,0.990339938433));
#10238 = CARTESIAN_POINT('',(4.885518108971,0.992754189529));
#10239 = CARTESIAN_POINT('',(4.88588226954,0.995168863464));
#10240 = CARTESIAN_POINT('',(4.886310692851,0.997584085478));
#10241 = CARTESIAN_POINT('',(4.88681001653,1.));
#10242 = ( GEOMETRIC_REPRESENTATION_CONTEXT(2) 
PARAMETRIC_REPRESENTATION_CONTEXT() REPRESENTATION_CONTEXT('2D SPACE',''
  ) );
#10243 = ORIENTED_EDGE('',*,*,#10244,.F.);
#10244 = EDGE_CURVE('',#10245,#9820,#10247,.T.);
#10245 = VERTEX_POINT('',#10246);
#10246 = CARTESIAN_POINT('',(3.3,48.000000000001,-2.200464837991));
#10247 = SURFACE_CURVE('',#10248,(#10252,#10259),.PCURVE_S1.);
#10248 = LINE('',#10249,#10250);
#10249 = CARTESIAN_POINT('',(3.3,48.,-7.4));
#10250 = VECTOR('',#10251,1.);
#10251 = DIRECTION('',(0.,0.,1.));
#10252 = PCURVE('',#8944,#10253);
#10253 = DEFINITIONAL_REPRESENTATION('',(#10254),#10258);
#10254 = LINE('',#10255,#10256);
#10255 = CARTESIAN_POINT('',(0.,-0.));
#10256 = VECTOR('',#10257,1.);
#10257 = DIRECTION('',(0.,1.));
#10258 = ( GEOMETRIC_REPRESENTATION_CONTEXT(2) 
PARAMETRIC_REPRESENTATION_CONTEXT() REPRESENTATION_CONTEXT('2D SPACE',''
  ) );
#10259 = PCURVE('',#10260,#10265);
#10260 = CYLINDRICAL_SURFACE('',#10261,3.3);
#10261 = AXIS2_PLACEMENT_3D('',#10262,#10263,#10264);
#10262 = CARTESIAN_POINT('',(0.,48.,-7.4));
#10263 = DIRECTION('',(0.,0.,1.));
#10264 = DIRECTION('',(1.,0.,-0.));
#10265 = DEFINITIONAL_REPRESENTATION('',(#10266),#10270);
#10266 = LINE('',#10267,#10268);
#10267 = CARTESIAN_POINT('',(6.28318530718,-0.));
#10268 = VECTOR('',#10269,1.);
#10269 = DIRECTION('',(0.,1.));
#10270 = ( GEOMETRIC_REPRESENTATION_CONTEXT(2) 
PARAMETRIC_REPRESENTATION_CONTEXT() REPRESENTATION_CONTEXT('2D SPACE',''
  ) );
#10271 = ORIENTED_EDGE('',*,*,#10272,.T.);
#10272 = EDGE_CURVE('',#10245,#8929,#10273,.T.);
#10273 = SURFACE_CURVE('',#10274,(#10402,#10533),.PCURVE_S1.);
#10274 = B_SPLINE_CURVE_WITH_KNOTS('',6,(#10275,#10276,#10277,#10278,
    #10279,#10280,#10281,#10282,#10283,#10284,#10285,#10286,#10287,
    #10288,#10289,#10290,#10291,#10292,#10293,#10294,#10295,#10296,
    #10297,#10298,#10299,#10300,#10301,#10302,#10303,#10304,#10305,
    #10306,#10307,#10308,#10309,#10310,#10311,#10312,#10313,#10314,
    #10315,#10316,#10317,#10318,#10319,#10320,#10321,#10322,#10323,
    #10324,#10325,#10326,#10327,#10328,#10329,#10330,#10331,#10332,
    #10333,#10334,#10335,#10336,#10337,#10338,#10339,#10340,#10341,
    #10342,#10343,#10344,#10345,#10346,#10347,#10348,#10349,#10350,
    #10351,#10352,#10353,#10354,#10355,#10356,#10357,#10358,#10359,
    #10360,#10361,#10362,#10363,#10364,#10365,#10366,#10367,#10368,
    #10369,#10370,#10371,#10372,#10373,#10374,#10375,#10376,#10377,
    #10378,#10379,#10380,#10381,#10382,#10383,#10384,#10385,#10386,
    #10387,#10388,#10389,#10390,#10391,#10392,#10393,#10394,#10395,
    #10396,#10397,#10398,#10399,#10400,#10401),.UNSPECIFIED.,.F.,.F.,(7,
    5,5,5,5,5,5,5,5,5,5,5,5,5,5,5,5,5,5,5,5,5,5,5,5,7),(0.,
    2.501394366491E-02,6.667900573581E-02,0.135653805816,0.17515202516,
    0.233423486339,0.300248715504,0.342965347278,0.365049802639,
    0.41641087274,0.450415060174,0.480009864884,0.499005660998,
    0.51867678147,0.54967339473,0.588478665956,0.637182554337,
    0.673002265348,0.700995714548,0.745854810928,0.768042702483,
    0.830542343163,0.864545635535,0.90243973521,0.961420468664,1.),
  .UNSPECIFIED.);
#10275 = CARTESIAN_POINT('',(3.3,48.000000000003,-2.200464837975));
#10276 = CARTESIAN_POINT('',(3.3,48.086472971773,-2.195587315869));
#10277 = CARTESIAN_POINT('',(3.297280861246,48.172939753877,
    -2.190629802033));
#10278 = CARTESIAN_POINT('',(3.29184338439,48.259293521077,
    -2.185604725895));
#10279 = CARTESIAN_POINT('',(3.283693811388,48.345428119665,
    -2.180523268924));
#10280 = CARTESIAN_POINT('',(3.272843825503,48.431238067466,
    -2.175395364637));
#10281 = CARTESIAN_POINT('',(3.236768535652,48.658834563909,
    -2.161625385775));
#10282 = CARTESIAN_POINT('',(3.20678150313,48.799860357741,
    -2.152916181589));
#10283 = CARTESIAN_POINT('',(3.169428874067,48.939209976281,
    -2.144142432487));
#10284 = CARTESIAN_POINT('',(3.124830425477,49.076407952679,
    -2.13533406846));
#10285 = CARTESIAN_POINT('',(3.073146445542,49.21099024673,
    -2.126512194557));
#10286 = CARTESIAN_POINT('',(2.917620045265,49.560222752128,
    -2.10308703107));
#10287 = CARTESIAN_POINT('',(2.801785737055,49.769554815105,
    -2.088483033116));
#10288 = CARTESIAN_POINT('',(2.667993750848,49.96842337174,
    -2.073944264144));
#10289 = CARTESIAN_POINT('',(2.517451154027,50.154943880227,
    -2.059477476638));
#10290 = CARTESIAN_POINT('',(2.351599505155,50.327400756906,
    -2.045065956316));
#10291 = CARTESIAN_POINT('',(2.069403937701,50.574140288693,
    -2.022463937531));
#10292 = CARTESIAN_POINT('',(1.962186799073,50.658886844137,
    -2.014246416323));
#10293 = CARTESIAN_POINT('',(1.850826752861,50.738256120379,
    -2.006038074367));
#10294 = CARTESIAN_POINT('',(1.735662369296,50.811998059609,
    -1.997835101242));
#10295 = CARTESIAN_POINT('',(1.617051745617,50.879891567916,
    -1.989634081445));
#10296 = CARTESIAN_POINT('',(1.315858631279,51.032996534633,
    -1.969333602435));
#10297 = CARTESIAN_POINT('',(1.129655983137,51.111106607521,
    -1.957233230481));
#10298 = CARTESIAN_POINT('',(0.937983028605,51.175452981463,
    -1.945125068803));
#10299 = CARTESIAN_POINT('',(0.742111665077,51.22558137241,
    -1.933005001384));
#10300 = CARTESIAN_POINT('',(0.543356164167,51.26118294632,
    -1.920873763602));
#10301 = CARTESIAN_POINT('',(0.113397914156,51.306126079992,
    -1.894814671097));
#10302 = CARTESIAN_POINT('',(-0.118311771696,51.310848530743,
    -1.88088290577));
#10303 = CARTESIAN_POINT('',(-0.349993356905,51.296065567687,
    -1.866946034858));
#10304 = CARTESIAN_POINT('',(-0.579613101597,51.261865154428,
    -1.853010243278));
#10305 = CARTESIAN_POINT('',(-0.805163933747,51.208588391081,
    -1.839078332271));
#10306 = CARTESIAN_POINT('',(-1.164998915239,51.091046466854,
    -1.816250918528));
#10307 = CARTESIAN_POINT('',(-1.30286050317,51.037677220272,
    -1.807351247185));
#10308 = CARTESIAN_POINT('',(-1.437754654571,50.97694138327,
    -1.798453952665));
#10309 = CARTESIAN_POINT('',(-1.569192467924,50.909048575564,
    -1.789558356469));
#10310 = CARTESIAN_POINT('',(-1.696705730385,50.834251336793,
    -1.7806633992));
#10311 = CARTESIAN_POINT('',(-1.883511984122,50.710757656253,
    -1.767169501997));
#10312 = CARTESIAN_POINT('',(-1.946008309263,50.666903690525,
    -1.762570662573));
#10313 = CARTESIAN_POINT('',(-2.007275257109,50.621323484823,
    -1.757971607391));
#10314 = CARTESIAN_POINT('',(-2.067253469455,50.574060354226,
    -1.753372204723));
#10315 = CARTESIAN_POINT('',(-2.125885655166,50.525160316108,
    -1.748772338608));
#10316 = CARTESIAN_POINT('',(-2.316216638003,50.357253332426,
    -1.733472845099));
#10317 = CARTESIAN_POINT('',(-2.441740978505,50.231241208639,
    -1.722770520522));
#10318 = CARTESIAN_POINT('',(-2.558990077336,50.097253645986,
    -1.712064164183));
#10319 = CARTESIAN_POINT('',(-2.66734017112,49.955973427611,
    -1.701353535536));
#10320 = CARTESIAN_POINT('',(-2.766244627239,49.808146271175,
    -1.690639816583));
#10321 = CARTESIAN_POINT('',(-2.914152604881,49.55290786728,
    -1.672833632195));
#10322 = CARTESIAN_POINT('',(-2.968725730529,49.44871874838,
    -1.665740732573));
#10323 = CARTESIAN_POINT('',(-3.01881965759,49.342244675135,
    -1.658648804028));
#10324 = CARTESIAN_POINT('',(-3.064316800391,49.23372654292,
    -1.651558719755));
#10325 = CARTESIAN_POINT('',(-3.105117010569,49.123413018082,
    -1.644471227282));
#10326 = CARTESIAN_POINT('',(-3.172487293429,48.914212165411,
    -1.63122130055));
#10327 = CARTESIAN_POINT('',(-3.200216818185,48.815697352948,
    -1.625057944266));
#10328 = CARTESIAN_POINT('',(-3.224271730099,48.716185007979,
    -1.618897325557));
#10329 = CARTESIAN_POINT('',(-3.244608316316,48.615846471763,
    -1.612739248027));
#10330 = CARTESIAN_POINT('',(-3.261193572372,48.514855519395,
    -1.606582872956));
#10331 = CARTESIAN_POINT('',(-3.282228507272,48.348260392423,
    -1.596475314953));
#10332 = CARTESIAN_POINT('',(-3.28889715196,48.282936090643,
    -1.592523960903));
#10333 = CARTESIAN_POINT('',(-3.294005261517,48.217461960894,
    -1.588572235789));
#10334 = CARTESIAN_POINT('',(-3.297548829291,48.151884656057,
    -1.584619501247));
#10335 = CARTESIAN_POINT('',(-3.299525716712,48.086250975462,
    -1.580664901904));
#10336 = CARTESIAN_POINT('',(-3.300360163642,47.952631059479,
    -1.572609133468));
#10337 = CARTESIAN_POINT('',(-3.299104331399,47.884644106214,
    -1.568507339197));
#10338 = CARTESIAN_POINT('',(-3.296167866871,47.816698883239,
    -1.564403179944));
#10339 = CARTESIAN_POINT('',(-3.291552601742,47.748847169319,
    -1.560297656964));
#10340 = CARTESIAN_POINT('',(-3.285262489079,47.681140643846,
    -1.55619157539));
#10341 = CARTESIAN_POINT('',(-3.26476245175,47.507252918567,
    -1.545615497951));
#10342 = CARTESIAN_POINT('',(-3.24807773736,47.401363042908,
    -1.53914560027));
#10343 = CARTESIAN_POINT('',(-3.227273321304,47.296163604019,
    -1.532677848999));
#10344 = CARTESIAN_POINT('',(-3.202385956558,47.191854231405,
    -1.526213411072));
#10345 = CARTESIAN_POINT('',(-3.173465287925,47.088631839912,
    -1.519752622538));
#10346 = CARTESIAN_POINT('',(-3.099396415015,46.85906841897,
    -1.505210549295));
#10347 = CARTESIAN_POINT('',(-3.051995058848,46.733452638503,
    -1.497131114754));
#10348 = CARTESIAN_POINT('',(-2.998492890039,46.610224864269,
    -1.48905625809));
#10349 = CARTESIAN_POINT('',(-2.939042720651,46.489753560653,
    -1.480984383303));
#10350 = CARTESIAN_POINT('',(-2.873826840848,46.372393559186,
    -1.472913646537));
#10351 = CARTESIAN_POINT('',(-2.714234410391,46.115521362244,
    -1.454713381388));
#10352 = CARTESIAN_POINT('',(-2.616660248614,45.977990877533,
    -1.444583557795));
#10353 = CARTESIAN_POINT('',(-2.510754343106,45.846569369169,
    -1.434450992868));
#10354 = CARTESIAN_POINT('',(-2.396999002393,45.721880851168,
    -1.4243138582));
#10355 = CARTESIAN_POINT('',(-2.275937590428,45.604496792743,
    -1.414171582363));
#10356 = CARTESIAN_POINT('',(-2.054207926284,45.414356529999,
    -1.396563511977));
#10357 = CARTESIAN_POINT('',(-1.956615101735,45.338007493177,
    -1.38909928289));
#10358 = CARTESIAN_POINT('',(-1.855634176719,45.266092798189,
    -1.381633275275));
#10359 = CARTESIAN_POINT('',(-1.751517678387,45.198798032687,
    -1.374166028771));
#10360 = CARTESIAN_POINT('',(-1.644531321173,45.136289308867,
    -1.366698182671));
#10361 = CARTESIAN_POINT('',(-1.44931828008,45.033717029378,
    -1.353394391163));
#10362 = CARTESIAN_POINT('',(-1.362099508126,44.99173313118,
    -1.34755834838));
#10363 = CARTESIAN_POINT('',(-1.273430568702,44.952831367375,
    -1.341722670132));
#10364 = CARTESIAN_POINT('',(-1.183447729558,44.917073446365,
    -1.335887605678));
#10365 = CARTESIAN_POINT('',(-1.092290648429,44.884512986457,
    -1.330053330978));
#10366 = CARTESIAN_POINT('',(-0.852371998639,44.808214694401,
    -1.314872038171));
#10367 = CARTESIAN_POINT('',(-0.701990938738,44.769561028982,
    -1.305526250147));
#10368 = CARTESIAN_POINT('',(-0.549550405117,44.739422331414,
    -1.296183256411));
#10369 = CARTESIAN_POINT('',(-0.395652405045,44.717929508657,
    -1.286842465465));
#10370 = CARTESIAN_POINT('',(-0.240908642693,44.705156333906,
    -1.27750265938));
#10371 = CARTESIAN_POINT('',(-9.289631018519E-03,44.699122407565,
    -1.263542931157));
#10372 = CARTESIAN_POINT('',(6.741589556763E-02,44.699262755529,
    -1.258923151523));
#10373 = CARTESIAN_POINT('',(0.144102507446,44.701542202115,
    -1.254303107348));
#10374 = CARTESIAN_POINT('',(0.220695696606,44.705959223106,
    -1.249682617033));
#10375 = CARTESIAN_POINT('',(0.297121098802,44.712508829515,
    -1.24506150178));
#10376 = CARTESIAN_POINT('',(0.58790058465,44.745615060935,
    -1.227420407971));
#10377 = CARTESIAN_POINT('',(0.800588597217,44.786902976808,
    -1.214394187335));
#10378 = CARTESIAN_POINT('',(1.009687833356,44.844858098496,
    -1.201358794278));
#10379 = CARTESIAN_POINT('',(1.21358405199,44.919067342757,
    -1.188310853421));
#10380 = CARTESIAN_POINT('',(1.410724143571,45.008929277807,
    -1.175253177573));
#10381 = CARTESIAN_POINT('',(1.702408141483,45.170580663382,
    -1.15509291154));
#10382 = CARTESIAN_POINT('',(1.802751169532,45.231931163224,
    -1.147989363469));
#10383 = CARTESIAN_POINT('',(1.900425400006,45.297542885115,
    -1.140887450876));
#10384 = CARTESIAN_POINT('',(1.995206299752,45.367269654853,
    -1.133789052006));
#10385 = CARTESIAN_POINT('',(2.086880308775,45.440949725531,
    -1.126696310623));
#10386 = CARTESIAN_POINT('',(2.273720432735,45.604724694023,
    -1.111716301568));
#10387 = CARTESIAN_POINT('',(2.368087082253,45.695734267108,
    -1.103830852098));
#10388 = CARTESIAN_POINT('',(2.458064345607,45.791188789251,
    -1.095958419133));
#10389 = CARTESIAN_POINT('',(2.543393291843,45.890822589362,
    -1.088101974241));
#10390 = CARTESIAN_POINT('',(2.623836766916,45.994350208141,
    -1.08026333412));
#10391 = CARTESIAN_POINT('',(2.81644802039,46.268189146173,
    -1.060268812704));
#10392 = CARTESIAN_POINT('',(2.921366367329,46.443614776965,
    -1.048137119204));
#10393 = CARTESIAN_POINT('',(3.013114987897,46.626584457676,
    -1.03604618324));
#10394 = CARTESIAN_POINT('',(3.091039928423,46.815857861595,
    -1.023979433784));
#10395 = CARTESIAN_POINT('',(3.15463096554,47.010125834973,
    -1.011890275437));
#10396 = CARTESIAN_POINT('',(3.235549091477,47.337430599302,
    -0.991709689216));
#10397 = CARTESIAN_POINT('',(3.261271399529,47.468408275678,
    -0.98368158455));
#10398 = CARTESIAN_POINT('',(3.28062343628,47.600548203477,
    -0.975580765355));
#10399 = CARTESIAN_POINT('',(3.293542780185,47.733459155394,
    -0.96737397707));
#10400 = CARTESIAN_POINT('',(3.3,47.866743999466,-0.959019130301));
#10401 = CARTESIAN_POINT('',(3.3,48.000000000003,-0.950464837561));
#10402 = PCURVE('',#8944,#10403);
#10403 = DEFINITIONAL_REPRESENTATION('',(#10404),#10532);
#10404 = B_SPLINE_CURVE_WITH_KNOTS('',6,(#10405,#10406,#10407,#10408,
    #10409,#10410,#10411,#10412,#10413,#10414,#10415,#10416,#10417,
    #10418,#10419,#10420,#10421,#10422,#10423,#10424,#10425,#10426,
    #10427,#10428,#10429,#10430,#10431,#10432,#10433,#10434,#10435,
    #10436,#10437,#10438,#10439,#10440,#10441,#10442,#10443,#10444,
    #10445,#10446,#10447,#10448,#10449,#10450,#10451,#10452,#10453,
    #10454,#10455,#10456,#10457,#10458,#10459,#10460,#10461,#10462,
    #10463,#10464,#10465,#10466,#10467,#10468,#10469,#10470,#10471,
    #10472,#10473,#10474,#10475,#10476,#10477,#10478,#10479,#10480,
    #10481,#10482,#10483,#10484,#10485,#10486,#10487,#10488,#10489,
    #10490,#10491,#10492,#10493,#10494,#10495,#10496,#10497,#10498,
    #10499,#10500,#10501,#10502,#10503,#10504,#10505,#10506,#10507,
    #10508,#10509,#10510,#10511,#10512,#10513,#10514,#10515,#10516,
    #10517,#10518,#10519,#10520,#10521,#10522,#10523,#10524,#10525,
    #10526,#10527,#10528,#10529,#10530,#10531),.UNSPECIFIED.,.F.,.F.,(7,
    5,5,5,5,5,5,5,5,5,5,5,5,5,5,5,5,5,5,5,5,5,5,5,5,7),(0.,
    2.501394366491E-02,6.667900573581E-02,0.135653805816,0.17515202516,
    0.233423486339,0.300248715504,0.342965347278,0.365049802639,
    0.41641087274,0.450415060174,0.480009864884,0.499005660998,
    0.51867678147,0.54967339473,0.588478665956,0.637182554337,
    0.673002265348,0.700995714548,0.745854810928,0.768042702483,
    0.830542343163,0.864545635535,0.90243973521,0.961420468664,1.),
  .UNSPECIFIED.);
#10405 = CARTESIAN_POINT('',(0.,5.199535162025));
#10406 = CARTESIAN_POINT('',(2.620393083958E-02,5.204412684131));
#10407 = CARTESIAN_POINT('',(5.240596103673E-02,5.209370197967));
#10408 = CARTESIAN_POINT('',(7.860618164725E-02,5.214395274105));
#10409 = CARTESIAN_POINT('',(0.104804737242,5.219476731076));
#10410 = CARTESIAN_POINT('',(0.131001825908,5.224604635363));
#10411 = CARTESIAN_POINT('',(0.200831470202,5.238374614225));
#10412 = CARTESIAN_POINT('',(0.244462209318,5.247083818411));
#10413 = CARTESIAN_POINT('',(0.288090226762,5.255857567513));
#10414 = CARTESIAN_POINT('',(0.33171697263,5.26466593154));
#10415 = CARTESIAN_POINT('',(0.375343677937,5.273487805443));
#10416 = CARTESIAN_POINT('',(0.491191573849,5.29691296893));
#10417 = CARTESIAN_POINT('',(0.563418874858,5.311516966884));
#10418 = CARTESIAN_POINT('',(0.635641884521,5.326055735856));
#10419 = CARTESIAN_POINT('',(0.707867267879,5.340522523362));
#10420 = CARTESIAN_POINT('',(0.780101213265,5.354934043684));
#10421 = CARTESIAN_POINT('',(0.893693016583,5.377536062469));
#10422 = CARTESIAN_POINT('',(0.935055925651,5.385753583677));
#10423 = CARTESIAN_POINT('',(0.976418741076,5.393961925633));
#10424 = CARTESIAN_POINT('',(1.017781739238,5.402164898758));
#10425 = CARTESIAN_POINT('',(1.059145215295,5.410365918555));
#10426 = CARTESIAN_POINT('',(1.16153108894,5.430666397565));
#10427 = CARTESIAN_POINT('',(1.222556256573,5.442766769519));
#10428 = CARTESIAN_POINT('',(1.283578295876,5.454874931197));
#10429 = CARTESIAN_POINT('',(1.344599951552,5.466994998616));
#10430 = CARTESIAN_POINT('',(1.405624088972,5.479126236398));
#10431 = CARTESIAN_POINT('',(1.536624331514,5.505185328903));
#10432 = CARTESIAN_POINT('',(1.606607630735,5.51911709423));
#10433 = CARTESIAN_POINT('',(1.676585108253,5.533053965142));
#10434 = CARTESIAN_POINT('',(1.746562585443,5.546989756722));
#10435 = CARTESIAN_POINT('',(1.816545829428,5.560921667729));
#10436 = CARTESIAN_POINT('',(1.931256836077,5.583749081472));
#10437 = CARTESIAN_POINT('',(1.975989801755,5.592648752815));
#10438 = CARTESIAN_POINT('',(2.020722252692,5.601546047335));
#10439 = CARTESIAN_POINT('',(2.065454762645,5.610441643531));
#10440 = CARTESIAN_POINT('',(2.110187896215,5.6193366008));
#10441 = CARTESIAN_POINT('',(2.178047245142,5.632830498003));
#10442 = CARTESIAN_POINT('',(2.201173972857,5.637429337427));
#10443 = CARTESIAN_POINT('',(2.224300698946,5.642028392609));
#10444 = CARTESIAN_POINT('',(2.247427415979,5.646627795277));
#10445 = CARTESIAN_POINT('',(2.270554115901,5.651227661392));
#10446 = CARTESIAN_POINT('',(2.347465713036,5.666527154901));
#10447 = CARTESIAN_POINT('',(2.401251830491,5.677229479478));
#10448 = CARTESIAN_POINT('',(2.455036346308,5.687935835817));
#10449 = CARTESIAN_POINT('',(2.508820713821,5.698646464464));
#10450 = CARTESIAN_POINT('',(2.562606447305,5.709360183417));
#10451 = CARTESIAN_POINT('',(2.651999571428,5.727166367805));
#10452 = CARTESIAN_POINT('',(2.687608262983,5.734259267427));
#10453 = CARTESIAN_POINT('',(2.723217012117,5.741351195972));
#10454 = CARTESIAN_POINT('',(2.758825819064,5.748441280245));
#10455 = CARTESIAN_POINT('',(2.79443468033,5.755528772718));
#10456 = CARTESIAN_POINT('',(2.86103502735,5.76877869945));
#10457 = CARTESIAN_POINT('',(2.892026578944,5.774942055734));
#10458 = CARTESIAN_POINT('',(2.923018233676,5.781102674443));
#10459 = CARTESIAN_POINT('',(2.954009966483,5.787260751973));
#10460 = CARTESIAN_POINT('',(2.985001737036,5.793417127044));
#10461 = CARTESIAN_POINT('',(3.035885934429,5.803524685047));
#10462 = CARTESIAN_POINT('',(3.055778383396,5.807476039097));
#10463 = CARTESIAN_POINT('',(3.075670821279,5.811427764211));
#10464 = CARTESIAN_POINT('',(3.095563225423,5.815380498753));
#10465 = CARTESIAN_POINT('',(3.11545556589,5.819335098096));
#10466 = CARTESIAN_POINT('',(3.155947239069,5.827390866532));
#10467 = CARTESIAN_POINT('',(3.176546560042,5.831492660803));
#10468 = CARTESIAN_POINT('',(3.197145805043,5.835596820056));
#10469 = CARTESIAN_POINT('',(3.217745004729,5.839702343036));
#10470 = CARTESIAN_POINT('',(3.238344183752,5.84380842461));
#10471 = CARTESIAN_POINT('',(3.291402351785,5.854384502049));
#10472 = CARTESIAN_POINT('',(3.323861386133,5.86085439973));
#10473 = CARTESIAN_POINT('',(3.356320512256,5.867322151001));
#10474 = CARTESIAN_POINT('',(3.388779751536,5.873786588928));
#10475 = CARTESIAN_POINT('',(3.421239098276,5.880247377462));
#10476 = CARTESIAN_POINT('',(3.49433510931,5.894789450705));
#10477 = CARTESIAN_POINT('',(3.534972197156,5.902868885246));
#10478 = CARTESIAN_POINT('',(3.575609070173,5.91094374191));
#10479 = CARTESIAN_POINT('',(3.616246045146,5.919015616697));
#10480 = CARTESIAN_POINT('',(3.656883433474,5.927086353463));
#10481 = CARTESIAN_POINT('',(3.748523459366,5.945286618612));
#10482 = CARTESIAN_POINT('',(3.799527373901,5.955416442205));
#10483 = CARTESIAN_POINT('',(3.850530060959,5.965549007132));
#10484 = CARTESIAN_POINT('',(3.901532597173,5.9756861418));
#10485 = CARTESIAN_POINT('',(3.952536094932,5.985828417637));
#10486 = CARTESIAN_POINT('',(4.041048628728,6.003436488023));
#10487 = CARTESIAN_POINT('',(4.078558785321,6.01090071711));
#10488 = CARTESIAN_POINT('',(4.116068914675,6.018366724725));
#10489 = CARTESIAN_POINT('',(4.153578995637,6.025833971229));
#10490 = CARTESIAN_POINT('',(4.191089013944,6.033301817329));
#10491 = CARTESIAN_POINT('',(4.257913348115,6.046605608837));
#10492 = CARTESIAN_POINT('',(4.287227754554,6.05244165162));
#10493 = CARTESIAN_POINT('',(4.316542181913,6.058277329868));
#10494 = CARTESIAN_POINT('',(4.345856628291,6.064112394322));
#10495 = CARTESIAN_POINT('',(4.375171089504,6.069946669022));
#10496 = CARTESIAN_POINT('',(4.451461571472,6.085127961829));
#10497 = CARTESIAN_POINT('',(4.498438310683,6.094473749853));
#10498 = CARTESIAN_POINT('',(4.545414385106,6.103816743589));
#10499 = CARTESIAN_POINT('',(4.592390535435,6.113157534535));
#10500 = CARTESIAN_POINT('',(4.639367484516,6.12249734062));
#10501 = CARTESIAN_POINT('',(4.709578876487,6.136457068843));
#10502 = CARTESIAN_POINT('',(4.732813969814,6.141076848477));
#10503 = CARTESIAN_POINT('',(4.756049060853,6.145696892652));
#10504 = CARTESIAN_POINT('',(4.779284140842,6.150317382967));
#10505 = CARTESIAN_POINT('',(4.802519198586,6.15493849822));
#10506 = CARTESIAN_POINT('',(4.891203454981,6.172579592029));
#10507 = CARTESIAN_POINT('',(4.956655960111,6.185605812665));
#10508 = CARTESIAN_POINT('',(5.022104115801,6.198641205722));
#10509 = CARTESIAN_POINT('',(5.087551866473,6.211689146579));
#10510 = CARTESIAN_POINT('',(5.153003334857,6.224746822427));
#10511 = CARTESIAN_POINT('',(5.254058704808,6.24490708846));
#10512 = CARTESIAN_POINT('',(5.289666123287,6.252010636531));
#10513 = CARTESIAN_POINT('',(5.325273619926,6.259112549124));
#10514 = CARTESIAN_POINT('',(5.360881228977,6.266210947994));
#10515 = CARTESIAN_POINT('',(5.396488992916,6.273303689377));
#10516 = CARTESIAN_POINT('',(5.471779353552,6.288283698432));
#10517 = CARTESIAN_POINT('',(5.511462351759,6.296169147902));
#10518 = CARTESIAN_POINT('',(5.551145444353,6.304041580867));
#10519 = CARTESIAN_POINT('',(5.590829051757,6.311898025759));
#10520 = CARTESIAN_POINT('',(5.63051355843,6.31973666588));
#10521 = CARTESIAN_POINT('',(5.731966211714,6.339731187296));
#10522 = CARTESIAN_POINT('',(5.793738115265,6.351862880796));
#10523 = CARTESIAN_POINT('',(5.85550822824,6.36395381676));
#10524 = CARTESIAN_POINT('',(5.917279024759,6.376020566216));
#10525 = CARTESIAN_POINT('',(5.979052313664,6.388109724563));
#10526 = CARTESIAN_POINT('',(6.081221689887,6.408290310784));
#10527 = CARTESIAN_POINT('',(6.121622583842,6.41631841545));
#10528 = CARTESIAN_POINT('',(6.162020779983,6.424419234645));
#10529 = CARTESIAN_POINT('',(6.202415357505,6.43262602293));
#10530 = CARTESIAN_POINT('',(6.242804700956,6.440980869699));
#10531 = CARTESIAN_POINT('',(6.28318530718,6.449535162439));
#10532 = ( GEOMETRIC_REPRESENTATION_CONTEXT(2) 
PARAMETRIC_REPRESENTATION_CONTEXT() REPRESENTATION_CONTEXT('2D SPACE',''
  ) );
#10533 = PCURVE('',#9324,#10534);
#10534 = DEFINITIONAL_REPRESENTATION('',(#10535),#10663);
#10535 = B_SPLINE_CURVE_WITH_KNOTS('',6,(#10536,#10537,#10538,#10539,
    #10540,#10541,#10542,#10543,#10544,#10545,#10546,#10547,#10548,
    #10549,#10550,#10551,#10552,#10553,#10554,#10555,#10556,#10557,
    #10558,#10559,#10560,#10561,#10562,#10563,#10564,#10565,#10566,
    #10567,#10568,#10569,#10570,#10571,#10572,#10573,#10574,#10575,
    #10576,#10577,#10578,#10579,#10580,#10581,#10582,#10583,#10584,
    #10585,#10586,#10587,#10588,#10589,#10590,#10591,#10592,#10593,
    #10594,#10595,#10596,#10597,#10598,#10599,#10600,#10601,#10602,
    #10603,#10604,#10605,#10606,#10607,#10608,#10609,#10610,#10611,
    #10612,#10613,#10614,#10615,#10616,#10617,#10618,#10619,#10620,
    #10621,#10622,#10623,#10624,#10625,#10626,#10627,#10628,#10629,
    #10630,#10631,#10632,#10633,#10634,#10635,#10636,#10637,#10638,
    #10639,#10640,#10641,#10642,#10643,#10644,#10645,#10646,#10647,
    #10648,#10649,#10650,#10651,#10652,#10653,#10654,#10655,#10656,
    #10657,#10658,#10659,#10660,#10661,#10662),.UNSPECIFIED.,.F.,.F.,(7,
    5,5,5,5,5,5,5,5,5,5,5,5,5,5,5,5,5,5,5,5,5,5,5,5,7),(0.,
    2.501394366491E-02,6.667900573581E-02,0.135653805816,0.17515202516,
    0.233423486339,0.300248715504,0.342965347278,0.365049802639,
    0.41641087274,0.450415060174,0.480009864884,0.499005660998,
    0.51867678147,0.54967339473,0.588478665956,0.637182554337,
    0.673002265348,0.700995714548,0.745854810928,0.768042702483,
    0.830542343163,0.864545635535,0.90243973521,0.961420468664,1.),
  .UNSPECIFIED.);
#10536 = CARTESIAN_POINT('',(2.113189985104,0.));
#10537 = CARTESIAN_POINT('',(2.114052143002,4.171442028579E-03));
#10538 = CARTESIAN_POINT('',(2.114702924379,8.34082227581E-03));
#10539 = CARTESIAN_POINT('',(2.115176497275,1.250887471424E-02));
#10540 = CARTESIAN_POINT('',(2.115503322629,1.667617321043E-02));
#10541 = CARTESIAN_POINT('',(2.115710154278,2.084313152493E-02));
#10542 = CARTESIAN_POINT('',(2.116003070944,3.195065105614E-02));
#10543 = CARTESIAN_POINT('',(2.115917087261,3.889114449066E-02));
#10544 = CARTESIAN_POINT('',(2.115669057851,4.58326345649E-02));
#10545 = CARTESIAN_POINT('',(2.115337076461,5.277558158127E-02));
#10546 = CARTESIAN_POINT('',(2.114975001286,5.971993218816E-02));
#10547 = CARTESIAN_POINT('',(2.114024597428,7.816306170107E-02));
#10548 = CARTESIAN_POINT('',(2.113443529486,8.966467627972E-02));
#10549 = CARTESIAN_POINT('',(2.113031412426,0.101166904815));
#10550 = CARTESIAN_POINT('',(2.112800484254,0.112668169697));
#10551 = CARTESIAN_POINT('',(2.1127082235,0.124168554393));
#10552 = CARTESIAN_POINT('',(2.112707341908,0.142249893794));
#10553 = CARTESIAN_POINT('',(2.112737099384,0.148833209922));
#10554 = CARTESIAN_POINT('',(2.112787851229,0.155415743387));
#10555 = CARTESIAN_POINT('',(2.112850295511,0.161997635672));
#10556 = CARTESIAN_POINT('',(2.112916355952,0.168579095343));
#10557 = CARTESIAN_POINT('',(2.113075441696,0.184869192708));
#10558 = CARTESIAN_POINT('',(2.113166310275,0.194577886616));
#10559 = CARTESIAN_POINT('',(2.113235223182,0.204285951153));
#10560 = CARTESIAN_POINT('',(2.113275203955,0.21399449899));
#10561 = CARTESIAN_POINT('',(2.113290903974,0.22370439538));
#10562 = CARTESIAN_POINT('',(2.113288409449,0.244550889647));
#10563 = CARTESIAN_POINT('',(2.113264946754,0.25568896971));
#10564 = CARTESIAN_POINT('',(2.113230566504,0.266827722504));
#10565 = CARTESIAN_POINT('',(2.113202999195,0.277967740878));
#10566 = CARTESIAN_POINT('',(2.113189930177,0.289109185512));
#10567 = CARTESIAN_POINT('',(2.113190021239,0.307371144797));
#10568 = CARTESIAN_POINT('',(2.113195411014,0.314492566113));
#10569 = CARTESIAN_POINT('',(2.113205901197,0.321613679849));
#10570 = CARTESIAN_POINT('',(2.113219564069,0.328734426393));
#10571 = CARTESIAN_POINT('',(2.113233652514,0.335854794788));
#10572 = CARTESIAN_POINT('',(2.11325155611,0.346655507339));
#10573 = CARTESIAN_POINT('',(2.113257058345,0.350336298298));
#10574 = CARTESIAN_POINT('',(2.113261569679,0.354016952208));
#10575 = CARTESIAN_POINT('',(2.113264754539,0.357697469583));
#10576 = CARTESIAN_POINT('',(2.113266333304,0.361377855812));
#10577 = CARTESIAN_POINT('',(2.113265498553,0.373617189672));
#10578 = CARTESIAN_POINT('',(2.113255157396,0.382175817665));
#10579 = CARTESIAN_POINT('',(2.113232097663,0.390733696515));
#10580 = CARTESIAN_POINT('',(2.113197372342,0.39929134772));
#10581 = CARTESIAN_POINT('',(2.11315583456,0.40784934228));
#10582 = CARTESIAN_POINT('',(2.11308950003,0.422073560182));
#10583 = CARTESIAN_POINT('',(2.113063559614,0.427739773475));
#10584 = CARTESIAN_POINT('',(2.113040917329,0.433406240574));
#10585 = CARTESIAN_POINT('',(2.113023971453,0.439073012386));
#10586 = CARTESIAN_POINT('',(2.113014703522,0.444740110117));
#10587 = CARTESIAN_POINT('',(2.11301465641,0.455340036749));
#10588 = CARTESIAN_POINT('',(2.113021310735,0.460272801241));
#10589 = CARTESIAN_POINT('',(2.113035739618,0.465205805223));
#10590 = CARTESIAN_POINT('',(2.113057343193,0.470139018355));
#10591 = CARTESIAN_POINT('',(2.113083823419,0.475072393475));
#10592 = CARTESIAN_POINT('',(2.113128745862,0.483172478131));
#10593 = CARTESIAN_POINT('',(2.113146576194,0.486339133347));
#10594 = CARTESIAN_POINT('',(2.113163542344,0.489505815358));
#10595 = CARTESIAN_POINT('',(2.113177960366,0.492672508622));
#10596 = CARTESIAN_POINT('',(2.113187595099,0.495839198949));
#10597 = CARTESIAN_POINT('',(2.113191798653,0.502285127309));
#10598 = CARTESIAN_POINT('',(2.113184765259,0.50556436479));
#10599 = CARTESIAN_POINT('',(2.113171625554,0.508843586036));
#10600 = CARTESIAN_POINT('',(2.113154928747,0.51212278667));
#10601 = CARTESIAN_POINT('',(2.113136707686,0.515401957851));
#10602 = CARTESIAN_POINT('',(2.113089754928,0.523848147075));
#10603 = CARTESIAN_POINT('',(2.113061111016,0.529015114005));
#10604 = CARTESIAN_POINT('',(2.113037479724,0.534181930252));
#10605 = CARTESIAN_POINT('',(2.113021706456,0.53934855146));
#10606 = CARTESIAN_POINT('',(2.113014549423,0.544514945728));
#10607 = CARTESIAN_POINT('',(2.113014842661,0.556148695993));
#10608 = CARTESIAN_POINT('',(2.113026788278,0.562615976654));
#10609 = CARTESIAN_POINT('',(2.113048996333,0.569082802026));
#10610 = CARTESIAN_POINT('',(2.113077694781,0.575549270149));
#10611 = CARTESIAN_POINT('',(2.113108623225,0.58201552473));
#10612 = CARTESIAN_POINT('',(2.113176666388,0.596597000411));
#10613 = CARTESIAN_POINT('',(2.113213376069,0.604712331106));
#10614 = CARTESIAN_POINT('',(2.113242387528,0.612827449177));
#10615 = CARTESIAN_POINT('',(2.113260446225,0.620942800307));
#10616 = CARTESIAN_POINT('',(2.113267390214,0.629058791028));
#10617 = CARTESIAN_POINT('',(2.113264906935,0.643144471414));
#10618 = CARTESIAN_POINT('',(2.113259195913,0.649114070034));
#10619 = CARTESIAN_POINT('',(2.113250076274,0.655084026285));
#10620 = CARTESIAN_POINT('',(2.113238946728,0.661054345553));
#10621 = CARTESIAN_POINT('',(2.113227354663,0.667024999962));
#10622 = CARTESIAN_POINT('',(2.113208900864,0.677662266445));
#10623 = CARTESIAN_POINT('',(2.113201484708,0.682328783163));
#10624 = CARTESIAN_POINT('',(2.113195477719,0.686995448618));
#10625 = CARTESIAN_POINT('',(2.113191398989,0.691662225619));
#10626 = CARTESIAN_POINT('',(2.113189556659,0.696329069693));
#10627 = CARTESIAN_POINT('',(2.113190835162,0.708474503581));
#10628 = CARTESIAN_POINT('',(2.113197549663,0.71595323235));
#10629 = CARTESIAN_POINT('',(2.113210566889,0.723431695292));
#10630 = CARTESIAN_POINT('',(2.113228080214,0.730909801033));
#10631 = CARTESIAN_POINT('',(2.113246802325,0.738387496632));
#10632 = CARTESIAN_POINT('',(2.113270513299,0.749562688996));
#10633 = CARTESIAN_POINT('',(2.113277677692,0.753260751611));
#10634 = CARTESIAN_POINT('',(2.113283653602,0.756958654458));
#10635 = CARTESIAN_POINT('',(2.113287959243,0.760656392258));
#10636 = CARTESIAN_POINT('',(2.113290137243,0.76435396512));
#10637 = CARTESIAN_POINT('',(2.113288676895,0.778466383942));
#10638 = CARTESIAN_POINT('',(2.113267334125,0.788880690933));
#10639 = CARTESIAN_POINT('',(2.113216947315,0.799293259595));
#10640 = CARTESIAN_POINT('',(2.113132674503,0.809705277121));
#10641 = CARTESIAN_POINT('',(2.113026657614,0.820118287612));
#10642 = CARTESIAN_POINT('',(2.112869411632,0.836197361203));
#10643 = CARTESIAN_POINT('',(2.112815092859,0.841863225089));
#10644 = CARTESIAN_POINT('',(2.112766391328,0.847529535979));
#10645 = CARTESIAN_POINT('',(2.112728396436,0.853196381715));
#10646 = CARTESIAN_POINT('',(2.112706757372,0.858863812656));
#10647 = CARTESIAN_POINT('',(2.112708714783,0.870848431677));
#10648 = CARTESIAN_POINT('',(2.112737589392,0.877165814612));
#10649 = CARTESIAN_POINT('',(2.112802050139,0.883483905009));
#10650 = CARTESIAN_POINT('',(2.112909583613,0.889802665172));
#10651 = CARTESIAN_POINT('',(2.113064405559,0.896121959163));
#10652 = CARTESIAN_POINT('',(2.113575803051,0.912277388102));
#10653 = CARTESIAN_POINT('',(2.11399672308,0.922114280459));
#10654 = CARTESIAN_POINT('',(2.114518585274,0.931950111209));
#10655 = CARTESIAN_POINT('',(2.115095726161,0.941783867336));
#10656 = CARTESIAN_POINT('',(2.115605307934,0.951614438347));
#10657 = CARTESIAN_POINT('',(2.115959006862,0.967869438277));
#10658 = CARTESIAN_POINT('',(2.115972302275,0.974296076838));
#10659 = CARTESIAN_POINT('',(2.115795593646,0.980721510757));
#10660 = CARTESIAN_POINT('',(2.115345582794,0.987146312999));
#10661 = CARTESIAN_POINT('',(2.114518580841,0.993571752307));
#10662 = CARTESIAN_POINT('',(2.113189984043,1.));
#10663 = ( GEOMETRIC_REPRESENTATION_CONTEXT(2) 
PARAMETRIC_REPRESENTATION_CONTEXT() REPRESENTATION_CONTEXT('2D SPACE',''
  ) );
#10664 = ORIENTED_EDGE('',*,*,#8928,.T.);
#10665 = ADVANCED_FACE('',(#10666),#9378,.T.);
#10666 = FACE_BOUND('',#10667,.T.);
#10667 = EDGE_LOOP('',(#10668,#10712,#10741,#10742));
#10668 = ORIENTED_EDGE('',*,*,#10669,.T.);
#10669 = EDGE_CURVE('',#9311,#10670,#10672,.T.);
#10670 = VERTEX_POINT('',#10671);
#10671 = CARTESIAN_POINT('',(3.900000001383,48.000000000028,
    -1.453125000453));
#10672 = SURFACE_CURVE('',#10673,(#10676,#10682),.PCURVE_S1.);
#10673 = B_SPLINE_CURVE_WITH_KNOTS('',1,(#10674,#10675),.UNSPECIFIED.,
  .F.,.F.,(2,2),(3.,4.),.PIECEWISE_BEZIER_KNOTS.);
#10674 = CARTESIAN_POINT('',(3.90000000148,48.000000000024,
    -1.296875000388));
#10675 = CARTESIAN_POINT('',(3.90000000139,48.000000000024,
    -1.453125000388));
#10676 = PCURVE('',#9378,#10677);
#10677 = DEFINITIONAL_REPRESENTATION('',(#10678),#10681);
#10678 = B_SPLINE_CURVE_WITH_KNOTS('',1,(#10679,#10680),.UNSPECIFIED.,
  .F.,.F.,(2,2),(3.,4.),.PIECEWISE_BEZIER_KNOTS.);
#10679 = CARTESIAN_POINT('',(3.,0.));
#10680 = CARTESIAN_POINT('',(4.,0.));
#10681 = ( GEOMETRIC_REPRESENTATION_CONTEXT(2) 
PARAMETRIC_REPRESENTATION_CONTEXT() REPRESENTATION_CONTEXT('2D SPACE',''
  ) );
#10682 = PCURVE('',#10683,#10706);
#10683 = ( BOUNDED_SURFACE() B_SPLINE_SURFACE(1,6,(
    (#10684,#10685,#10686,#10687,#10688,#10689,#10690,#10691,#10692
      ,#10693,#10694)
    ,(#10695,#10696,#10697,#10698,#10699,#10700,#10701,#10702,#10703
      ,#10704,#10705
)),.UNSPECIFIED.,.F.,.F.,.F.) B_SPLINE_SURFACE_WITH_KNOTS((2,2),(7,4,7),
(3.,4.),(0.,0.5,1.),.UNSPECIFIED.) GEOMETRIC_REPRESENTATION_ITEM() 
RATIONAL_B_SPLINE_SURFACE((
    (1.,1.,1.,1.,1.,1.,1.,1.,1.,1.,1.)
,(1.,1.,1.,1.,1.,1.,1.,1.,1.,1.,1.
  ))) REPRESENTATION_ITEM('') SURFACE() );
#10684 = CARTESIAN_POINT('',(3.900000000762,48.000000000024,
    -2.546875000388));
#10685 = CARTESIAN_POINT('',(3.886228201694,50.041566793276,
    -2.442708333713));
#10686 = CARTESIAN_POINT('',(2.657427920357,52.083133586483,
    -2.338541666355));
#10687 = CARTESIAN_POINT('',(-2.315383640458E-02,53.130152185634,
    -2.234374998131));
#10688 = CARTESIAN_POINT('',(-2.622080301198,52.083133586292,
    -2.130208329972));
#10689 = CARTESIAN_POINT('',(-5.177919696828,47.999999999694,
    -1.921874995177));
#10690 = CARTESIAN_POINT('',(-2.622080300661,43.916866413283,
    -1.713541663316));
#10691 = CARTESIAN_POINT('',(-2.315383567246E-02,42.86984781413,
    -1.609374998142));
#10692 = CARTESIAN_POINT('',(2.657427921132,43.916866413474,
    -1.505208332995));
#10693 = CARTESIAN_POINT('',(3.88622820244,45.958433206772,
    -1.401041667048));
#10694 = CARTESIAN_POINT('',(3.90000000148,48.000000000024,
    -1.296875000388));
#10695 = CARTESIAN_POINT('',(3.900000000673,48.000000000024,
    -2.703125000388));
#10696 = CARTESIAN_POINT('',(3.886228201604,50.041566793276,
    -2.598958333713));
#10697 = CARTESIAN_POINT('',(2.657427920267,52.083133586483,
    -2.494791666355));
#10698 = CARTESIAN_POINT('',(-2.315383649428E-02,53.130152185634,
    -2.390624998131));
#10699 = CARTESIAN_POINT('',(-2.622080301287,52.083133586292,
    -2.286458329972));
#10700 = CARTESIAN_POINT('',(-5.177919696918,47.999999999694,
    -2.078124995177));
#10701 = CARTESIAN_POINT('',(-2.622080300751,43.916866413283,
    -1.869791663316));
#10702 = CARTESIAN_POINT('',(-2.315383576216E-02,42.86984781413,
    -1.765624998142));
#10703 = CARTESIAN_POINT('',(2.657427921043,43.916866413474,
    -1.661458332995));
#10704 = CARTESIAN_POINT('',(3.886228202351,45.958433206772,
    -1.557291667048));
#10705 = CARTESIAN_POINT('',(3.90000000139,48.000000000024,
    -1.453125000388));
#10706 = DEFINITIONAL_REPRESENTATION('',(#10707),#10711);
#10707 = LINE('',#10708,#10709);
#10708 = CARTESIAN_POINT('',(0.,1.));
#10709 = VECTOR('',#10710,1.);
#10710 = DIRECTION('',(1.,0.));
#10711 = ( GEOMETRIC_REPRESENTATION_CONTEXT(2) 
PARAMETRIC_REPRESENTATION_CONTEXT() REPRESENTATION_CONTEXT('2D SPACE',''
  ) );
#10712 = ORIENTED_EDGE('',*,*,#10713,.T.);
#10713 = EDGE_CURVE('',#10670,#9464,#10714,.T.);
#10714 = SURFACE_CURVE('',#10715,(#10727,#10734),.PCURVE_S1.);
#10715 = ( BOUNDED_CURVE() B_SPLINE_CURVE(6,(#10716,#10717,#10718,#10719
    ,#10720,#10721,#10722,#10723,#10724,#10725,#10726),.UNSPECIFIED.,.F.
,.F.) B_SPLINE_CURVE_WITH_KNOTS((7,4,7),(0.,0.5,1.),.UNSPECIFIED.) CURVE
() GEOMETRIC_REPRESENTATION_ITEM() RATIONAL_B_SPLINE_CURVE((1.,1.,1.,1.,
1.,1.,1.,1.,1.,1.,1.)) REPRESENTATION_ITEM('') );
#10716 = CARTESIAN_POINT('',(3.900000001375,48.000000000032,
    -1.453125000518));
#10717 = CARTESIAN_POINT('',(3.886228202302,50.041566793284,
    -1.34895833384));
#10718 = CARTESIAN_POINT('',(2.65742792096,52.083133586476,
    -1.244791666246));
#10719 = CARTESIAN_POINT('',(-2.315383579404E-02,53.130152185595,
    -1.140624997509));
#10720 = CARTESIAN_POINT('',(-2.622080300554,52.083133586221,
    -1.036458328853));
#10721 = CARTESIAN_POINT('',(-5.177919696095,47.999999999592,
    -0.828124993569));
#10722 = CARTESIAN_POINT('',(-2.622080299839,43.916866413212,
    -0.619791662198));
#10723 = CARTESIAN_POINT('',(-2.315383481786E-02,42.86984781409,
    -0.515624997521));
#10724 = CARTESIAN_POINT('',(2.657427921994,43.916866413467,
    -0.411458332887));
#10725 = CARTESIAN_POINT('',(3.886228203297,45.95843320678,
    -0.307291667175));
#10726 = CARTESIAN_POINT('',(3.900000002332,48.000000000033,
    -0.203125000518));
#10727 = PCURVE('',#9378,#10728);
#10728 = DEFINITIONAL_REPRESENTATION('',(#10729),#10733);
#10729 = LINE('',#10730,#10731);
#10730 = CARTESIAN_POINT('',(4.,0.));
#10731 = VECTOR('',#10732,1.);
#10732 = DIRECTION('',(0.,1.));
#10733 = ( GEOMETRIC_REPRESENTATION_CONTEXT(2) 
PARAMETRIC_REPRESENTATION_CONTEXT() REPRESENTATION_CONTEXT('2D SPACE',''
  ) );
#10734 = PCURVE('',#9784,#10735);
#10735 = DEFINITIONAL_REPRESENTATION('',(#10736),#10740);
#10736 = LINE('',#10737,#10738);
#10737 = CARTESIAN_POINT('',(4.,0.));
#10738 = VECTOR('',#10739,1.);
#10739 = DIRECTION('',(0.,1.));
#10740 = ( GEOMETRIC_REPRESENTATION_CONTEXT(2) 
PARAMETRIC_REPRESENTATION_CONTEXT() REPRESENTATION_CONTEXT('2D SPACE',''
  ) );
#10741 = ORIENTED_EDGE('',*,*,#9463,.F.);
#10742 = ORIENTED_EDGE('',*,*,#9354,.F.);
#10743 = ADVANCED_FACE('',(#10744),#9324,.T.);
#10744 = FACE_BOUND('',#10745,.T.);
#10745 = EDGE_LOOP('',(#10746,#10747,#10791,#10820));
#10746 = ORIENTED_EDGE('',*,*,#10272,.F.);
#10747 = ORIENTED_EDGE('',*,*,#10748,.T.);
#10748 = EDGE_CURVE('',#10245,#10749,#10751,.T.);
#10749 = VERTEX_POINT('',#10750);
#10750 = CARTESIAN_POINT('',(3.900000000755,48.00000000002,
    -2.546875000324));
#10751 = SURFACE_CURVE('',#10752,(#10755,#10761),.PCURVE_S1.);
#10752 = B_SPLINE_CURVE_WITH_KNOTS('',1,(#10753,#10754),.UNSPECIFIED.,
  .F.,.F.,(2,2),(2.,3.),.PIECEWISE_BEZIER_KNOTS.);
#10753 = CARTESIAN_POINT('',(3.22341765419,48.,-2.15625));
#10754 = CARTESIAN_POINT('',(3.900000000748,48.000000000016,
    -2.546875000259));
#10755 = PCURVE('',#9324,#10756);
#10756 = DEFINITIONAL_REPRESENTATION('',(#10757),#10760);
#10757 = B_SPLINE_CURVE_WITH_KNOTS('',1,(#10758,#10759),.UNSPECIFIED.,
  .F.,.F.,(2,2),(2.113189985114,3.),.PIECEWISE_BEZIER_KNOTS.);
#10758 = CARTESIAN_POINT('',(2.113189985114,0.));
#10759 = CARTESIAN_POINT('',(3.,0.));
#10760 = ( GEOMETRIC_REPRESENTATION_CONTEXT(2) 
PARAMETRIC_REPRESENTATION_CONTEXT() REPRESENTATION_CONTEXT('2D SPACE',''
  ) );
#10761 = PCURVE('',#10762,#10785);
#10762 = ( BOUNDED_SURFACE() B_SPLINE_SURFACE(1,6,(
    (#10763,#10764,#10765,#10766,#10767,#10768,#10769,#10770,#10771
      ,#10772,#10773)
    ,(#10774,#10775,#10776,#10777,#10778,#10779,#10780,#10781,#10782
      ,#10783,#10784
)),.UNSPECIFIED.,.F.,.F.,.F.) B_SPLINE_SURFACE_WITH_KNOTS((2,2),(7,4,7),
(2.,3.),(0.,0.5,1.),.UNSPECIFIED.) GEOMETRIC_REPRESENTATION_ITEM() 
RATIONAL_B_SPLINE_SURFACE((
    (1.,1.,1.,1.,1.,1.,1.,1.,1.,1.,1.)
,(1.,1.,1.,1.,1.,1.,1.,1.,1.,1.,1.
  ))) REPRESENTATION_ITEM('') SURFACE() );
#10763 = CARTESIAN_POINT('',(3.223417653712,48.,-3.40625));
#10764 = CARTESIAN_POINT('',(3.212035022753,49.687390369637,
    -3.302083333328));
#10765 = CARTESIAN_POINT('',(2.196410274722,51.37478073925,
    -3.197916666287));
#10766 = CARTESIAN_POINT('',(-1.91370478626E-02,52.24015977433,
    -3.093749998754));
#10767 = CARTESIAN_POINT('',(-2.16719485435,51.374780739144,
    -2.989583331265));
#10768 = CARTESIAN_POINT('',(-4.279640451082,47.999999999818,
    -2.781249997128));
#10769 = CARTESIAN_POINT('',(-2.167194854027,44.625219260594,
    -2.572916664609));
#10770 = CARTESIAN_POINT('',(-1.91370474177E-02,43.759840225513,
    -2.468749998764));
#10771 = CARTESIAN_POINT('',(2.196410275204,44.6252192607,
    -2.364583332927));
#10772 = CARTESIAN_POINT('',(3.212035023233,46.312609630362,
    -2.260416666663));
#10773 = CARTESIAN_POINT('',(3.22341765419,48.,-2.15625));
#10774 = CARTESIAN_POINT('',(3.900000000269,48.000000000016,
    -3.796875000259));
#10775 = CARTESIAN_POINT('',(3.886228201205,50.041566793268,
    -3.692708333586));
#10776 = CARTESIAN_POINT('',(2.657427919873,52.08313358649,
    -3.588541666463));
#10777 = CARTESIAN_POINT('',(-2.315383689552E-02,53.130152185674,
    -3.484374998752));
#10778 = CARTESIAN_POINT('',(-2.622080301721,52.083133586363,
    -3.380208331091));
#10779 = CARTESIAN_POINT('',(-5.177919697441,47.999999999796,
    -3.171874996785));
#10780 = CARTESIAN_POINT('',(-2.622080301364,43.916866413353,
    -2.963541664435));
#10781 = CARTESIAN_POINT('',(-2.315383640746E-02,42.869847814169,
    -2.859374998763));
#10782 = CARTESIAN_POINT('',(2.65742792039,43.916866413481,
    -2.755208333104));
#10783 = CARTESIAN_POINT('',(3.886228201703,45.958433206764,
    -2.651041666921));
#10784 = CARTESIAN_POINT('',(3.900000000748,48.000000000016,
    -2.546875000259));
#10785 = DEFINITIONAL_REPRESENTATION('',(#10786),#10790);
#10786 = LINE('',#10787,#10788);
#10787 = CARTESIAN_POINT('',(0.,1.));
#10788 = VECTOR('',#10789,1.);
#10789 = DIRECTION('',(1.,0.));
#10790 = ( GEOMETRIC_REPRESENTATION_CONTEXT(2) 
PARAMETRIC_REPRESENTATION_CONTEXT() REPRESENTATION_CONTEXT('2D SPACE',''
  ) );
#10791 = ORIENTED_EDGE('',*,*,#10792,.T.);
#10792 = EDGE_CURVE('',#10749,#9311,#10793,.T.);
#10793 = SURFACE_CURVE('',#10794,(#10806,#10813),.PCURVE_S1.);
#10794 = ( BOUNDED_CURVE() B_SPLINE_CURVE(6,(#10795,#10796,#10797,#10798
    ,#10799,#10800,#10801,#10802,#10803,#10804,#10805),.UNSPECIFIED.,.F.
,.F.) B_SPLINE_CURVE_WITH_KNOTS((7,4,7),(0.,0.5,1.),.UNSPECIFIED.) CURVE
() GEOMETRIC_REPRESENTATION_ITEM() RATIONAL_B_SPLINE_CURVE((1.,1.,1.,1.,
1.,1.,1.,1.,1.,1.,1.)) REPRESENTATION_ITEM('') );
#10795 = CARTESIAN_POINT('',(3.900000000762,48.000000000024,
    -2.546875000388));
#10796 = CARTESIAN_POINT('',(3.886228201694,50.041566793276,
    -2.442708333713));
#10797 = CARTESIAN_POINT('',(2.657427920357,52.083133586483,
    -2.338541666355));
#10798 = CARTESIAN_POINT('',(-2.315383640458E-02,53.130152185634,
    -2.234374998131));
#10799 = CARTESIAN_POINT('',(-2.622080301198,52.083133586292,
    -2.130208329972));
#10800 = CARTESIAN_POINT('',(-5.177919696828,47.999999999694,
    -1.921874995177));
#10801 = CARTESIAN_POINT('',(-2.622080300661,43.916866413283,
    -1.713541663316));
#10802 = CARTESIAN_POINT('',(-2.315383567246E-02,42.86984781413,
    -1.609374998142));
#10803 = CARTESIAN_POINT('',(2.657427921132,43.916866413474,
    -1.505208332995));
#10804 = CARTESIAN_POINT('',(3.88622820244,45.958433206772,
    -1.401041667048));
#10805 = CARTESIAN_POINT('',(3.90000000148,48.000000000024,
    -1.296875000388));
#10806 = PCURVE('',#9324,#10807);
#10807 = DEFINITIONAL_REPRESENTATION('',(#10808),#10812);
#10808 = LINE('',#10809,#10810);
#10809 = CARTESIAN_POINT('',(3.,0.));
#10810 = VECTOR('',#10811,1.);
#10811 = DIRECTION('',(0.,1.));
#10812 = ( GEOMETRIC_REPRESENTATION_CONTEXT(2) 
PARAMETRIC_REPRESENTATION_CONTEXT() REPRESENTATION_CONTEXT('2D SPACE',''
  ) );
#10813 = PCURVE('',#10683,#10814);
#10814 = DEFINITIONAL_REPRESENTATION('',(#10815),#10819);
#10815 = LINE('',#10816,#10817);
#10816 = CARTESIAN_POINT('',(3.,0.));
#10817 = VECTOR('',#10818,1.);
#10818 = DIRECTION('',(0.,1.));
#10819 = ( GEOMETRIC_REPRESENTATION_CONTEXT(2) 
PARAMETRIC_REPRESENTATION_CONTEXT() REPRESENTATION_CONTEXT('2D SPACE',''
  ) );
#10820 = ORIENTED_EDGE('',*,*,#9310,.F.);
#10821 = ADVANCED_FACE('',(#10822),#9784,.T.);
#10822 = FACE_BOUND('',#10823,.T.);
#10823 = EDGE_LOOP('',(#10824,#10825,#10867,#10868));
#10824 = ORIENTED_EDGE('',*,*,#10713,.F.);
#10825 = ORIENTED_EDGE('',*,*,#10826,.T.);
#10826 = EDGE_CURVE('',#10670,#9820,#10827,.T.);
#10827 = SURFACE_CURVE('',#10828,(#10831,#10837),.PCURVE_S1.);
#10828 = B_SPLINE_CURVE_WITH_KNOTS('',1,(#10829,#10830),.UNSPECIFIED.,
  .F.,.F.,(2,2),(4.,5.),.PIECEWISE_BEZIER_KNOTS.);
#10829 = CARTESIAN_POINT('',(3.90000000139,48.000000000024,
    -1.453125000388));
#10830 = CARTESIAN_POINT('',(3.22341765446,48.,-1.84375));
#10831 = PCURVE('',#9784,#10832);
#10832 = DEFINITIONAL_REPRESENTATION('',(#10833),#10836);
#10833 = B_SPLINE_CURVE_WITH_KNOTS('',1,(#10834,#10835),.UNSPECIFIED.,
  .F.,.F.,(2,2),(4.,4.886810015126),.PIECEWISE_BEZIER_KNOTS.);
#10834 = CARTESIAN_POINT('',(4.,0.));
#10835 = CARTESIAN_POINT('',(4.886810015126,0.));
#10836 = ( GEOMETRIC_REPRESENTATION_CONTEXT(2) 
PARAMETRIC_REPRESENTATION_CONTEXT() REPRESENTATION_CONTEXT('2D SPACE',''
  ) );
#10837 = PCURVE('',#10838,#10861);
#10838 = ( BOUNDED_SURFACE() B_SPLINE_SURFACE(1,6,(
    (#10839,#10840,#10841,#10842,#10843,#10844,#10845,#10846,#10847
      ,#10848,#10849)
    ,(#10850,#10851,#10852,#10853,#10854,#10855,#10856,#10857,#10858
      ,#10859,#10860
)),.UNSPECIFIED.,.F.,.F.,.F.) B_SPLINE_SURFACE_WITH_KNOTS((2,2),(7,4,7),
(4.,5.),(0.,0.5,1.),.UNSPECIFIED.) GEOMETRIC_REPRESENTATION_ITEM() 
RATIONAL_B_SPLINE_SURFACE((
    (1.,1.,1.,1.,1.,1.,1.,1.,1.,1.,1.)
,(1.,1.,1.,1.,1.,1.,1.,1.,1.,1.,1.
  ))) REPRESENTATION_ITEM('') SURFACE() );
#10839 = CARTESIAN_POINT('',(3.900000000673,48.000000000024,
    -2.703125000388));
#10840 = CARTESIAN_POINT('',(3.886228201604,50.041566793276,
    -2.598958333713));
#10841 = CARTESIAN_POINT('',(2.657427920267,52.083133586483,
    -2.494791666355));
#10842 = CARTESIAN_POINT('',(-2.315383649428E-02,53.130152185634,
    -2.390624998131));
#10843 = CARTESIAN_POINT('',(-2.622080301287,52.083133586292,
    -2.286458329972));
#10844 = CARTESIAN_POINT('',(-5.177919696918,47.999999999694,
    -2.078124995177));
#10845 = CARTESIAN_POINT('',(-2.622080300751,43.916866413283,
    -1.869791663316));
#10846 = CARTESIAN_POINT('',(-2.315383576216E-02,42.86984781413,
    -1.765624998142));
#10847 = CARTESIAN_POINT('',(2.657427921043,43.916866413474,
    -1.661458332995));
#10848 = CARTESIAN_POINT('',(3.886228202351,45.958433206772,
    -1.557291667048));
#10849 = CARTESIAN_POINT('',(3.90000000139,48.000000000024,
    -1.453125000388));
#10850 = CARTESIAN_POINT('',(3.223417653742,48.,-3.09375));
#10851 = CARTESIAN_POINT('',(3.212035022782,49.687390369637,
    -2.989583333326));
#10852 = CARTESIAN_POINT('',(2.196410274751,51.374780739237,
    -2.88541666609));
#10853 = CARTESIAN_POINT('',(-1.913704782433E-02,52.240159774291,
    -2.781249998133));
#10854 = CARTESIAN_POINT('',(-2.167194854281,51.374780739079,
    -2.677083330233));
#10855 = CARTESIAN_POINT('',(-4.279640450933,47.999999999727,
    -2.468749995693));
#10856 = CARTESIAN_POINT('',(-2.167194853797,44.625219260529,
    -2.260416663577));
#10857 = CARTESIAN_POINT('',(-1.913704715697E-02,43.759840225473,
    -2.156249998144));
#10858 = CARTESIAN_POINT('',(2.196410275475,44.625219260687,
    -2.052083332731));
#10859 = CARTESIAN_POINT('',(3.212035023503,46.312609630362,
    -1.947916666661));
#10860 = CARTESIAN_POINT('',(3.22341765446,48.,-1.84375));
#10861 = DEFINITIONAL_REPRESENTATION('',(#10862),#10866);
#10862 = LINE('',#10863,#10864);
#10863 = CARTESIAN_POINT('',(0.,1.));
#10864 = VECTOR('',#10865,1.);
#10865 = DIRECTION('',(1.,0.));
#10866 = ( GEOMETRIC_REPRESENTATION_CONTEXT(2) 
PARAMETRIC_REPRESENTATION_CONTEXT() REPRESENTATION_CONTEXT('2D SPACE',''
  ) );
#10867 = ORIENTED_EDGE('',*,*,#9819,.T.);
#10868 = ORIENTED_EDGE('',*,*,#9772,.F.);
#10869 = ADVANCED_FACE('',(#10870),#10260,.T.);
#10870 = FACE_BOUND('',#10871,.T.);
#10871 = EDGE_LOOP('',(#10872,#11375,#11403,#11799));
#10872 = ORIENTED_EDGE('',*,*,#10873,.F.);
#10873 = EDGE_CURVE('',#10874,#9820,#10876,.T.);
#10874 = VERTEX_POINT('',#10875);
#10875 = CARTESIAN_POINT('',(3.3,48.000000000001,-3.049535161847));
#10876 = SURFACE_CURVE('',#10877,(#11041,#11208),.PCURVE_S1.);
#10877 = B_SPLINE_CURVE_WITH_KNOTS('',8,(#10878,#10879,#10880,#10881,
    #10882,#10883,#10884,#10885,#10886,#10887,#10888,#10889,#10890,
    #10891,#10892,#10893,#10894,#10895,#10896,#10897,#10898,#10899,
    #10900,#10901,#10902,#10903,#10904,#10905,#10906,#10907,#10908,
    #10909,#10910,#10911,#10912,#10913,#10914,#10915,#10916,#10917,
    #10918,#10919,#10920,#10921,#10922,#10923,#10924,#10925,#10926,
    #10927,#10928,#10929,#10930,#10931,#10932,#10933,#10934,#10935,
    #10936,#10937,#10938,#10939,#10940,#10941,#10942,#10943,#10944,
    #10945,#10946,#10947,#10948,#10949,#10950,#10951,#10952,#10953,
    #10954,#10955,#10956,#10957,#10958,#10959,#10960,#10961,#10962,
    #10963,#10964,#10965,#10966,#10967,#10968,#10969,#10970,#10971,
    #10972,#10973,#10974,#10975,#10976,#10977,#10978,#10979,#10980,
    #10981,#10982,#10983,#10984,#10985,#10986,#10987,#10988,#10989,
    #10990,#10991,#10992,#10993,#10994,#10995,#10996,#10997,#10998,
    #10999,#11000,#11001,#11002,#11003,#11004,#11005,#11006,#11007,
    #11008,#11009,#11010,#11011,#11012,#11013,#11014,#11015,#11016,
    #11017,#11018,#11019,#11020,#11021,#11022,#11023,#11024,#11025,
    #11026,#11027,#11028,#11029,#11030,#11031,#11032,#11033,#11034,
    #11035,#11036,#11037,#11038,#11039,#11040),.UNSPECIFIED.,.F.,.F.,(9,
    7,7,7,7,7,7,7,7,7,7,7,7,7,7,7,7,7,7,7,7,7,7,9),(0.,
    2.602722585562E-02,3.86898147911E-02,9.167783436196E-02,
    0.114667064468,0.131662728438,0.232177433068,0.254271665436,
    0.302057122979,0.326988673207,0.363990350524,0.411836095432,
    0.451285177746,0.500072163653,0.519807582019,0.551688440614,
    0.583694846798,0.635710146806,0.700894352956,0.728693261612,
    0.875200127836,0.904189914152,0.934180560093,1.),.UNSPECIFIED.);
#10878 = CARTESIAN_POINT('',(3.3,48.000000000003,-3.049535161831));
#10879 = CARTESIAN_POINT('',(3.3,48.067419777126,-3.0452071878));
#10880 = CARTESIAN_POINT('',(3.298425799187,48.134846464556,
    -3.040927836405));
#10881 = CARTESIAN_POINT('',(3.295276891964,48.202235997269,
    -3.036691482327));
#10882 = CARTESIAN_POINT('',(3.290554260113,48.269544530452,
    -3.032492900824));
#10883 = CARTESIAN_POINT('',(3.284260372791,48.336728439506,
    -3.028327267731));
#10884 = CARTESIAN_POINT('',(3.276399186531,48.403744320045,
    -3.02419015946));
#10885 = CARTESIAN_POINT('',(3.266976145243,48.470548987897,
    -3.020077552999));
#10886 = CARTESIAN_POINT('',(3.250657255318,48.569477171533,
    -3.013995146677));
#10887 = CARTESIAN_POINT('',(3.244948277873,48.601794725492,
    -3.012009406667));
#10888 = CARTESIAN_POINT('',(3.238872044449,48.634047188548,
    -3.010028188667));
#10889 = CARTESIAN_POINT('',(3.232429428889,48.666229635441,
    -3.008051095585));
#10890 = CARTESIAN_POINT('',(3.225621382309,48.698337168078,
    -3.006077750466));
#10891 = CARTESIAN_POINT('',(3.218448933095,48.73036491554,
    -3.00410779648));
#10892 = CARTESIAN_POINT('',(3.210913186909,48.762308034073,
    -3.002140896931));
#10893 = CARTESIAN_POINT('',(3.169965847289,48.927456964347,
    -2.991957481045));
#10894 = CARTESIAN_POINT('',(3.130574725687,49.059187627437,
    -2.983786075051));
#10895 = CARTESIAN_POINT('',(3.084930170963,49.188995756433,
    -2.975639504728));
#10896 = CARTESIAN_POINT('',(3.033143173234,49.316533288765,
    -2.967500722886));
#10897 = CARTESIAN_POINT('',(2.975347250476,49.441462167964,
    -2.959357818298));
#10898 = CARTESIAN_POINT('',(2.911698195351,49.563454472394,
    -2.951203186295));
#10899 = CARTESIAN_POINT('',(2.842373822038,49.682192543993,
    -2.943032699373));
#10900 = CARTESIAN_POINT('',(2.73512115244,49.847339294444,
    -2.931292533014));
#10901 = CARTESIAN_POINT('',(2.701637621629,49.896639559152,
    -2.927736880236));
#10902 = CARTESIAN_POINT('',(2.667139309793,49.945245037601,
    -2.924177804262));
#10903 = CARTESIAN_POINT('',(2.631643083139,49.993131378486,
    -2.920615249567));
#10904 = CARTESIAN_POINT('',(2.595166484914,50.040274752728,
    -2.917049220287));
#10905 = CARTESIAN_POINT('',(2.557727735407,50.086651853472,
    -2.913479780225));
#10906 = CARTESIAN_POINT('',(2.519345731948,50.13223989609,
    -2.909907052849));
#10907 = CARTESIAN_POINT('',(2.450981825642,50.210119515438,
    -2.903687651612));
#10908 = CARTESIAN_POINT('',(2.421418745748,50.242779013394,
    -2.901042375912));
#10909 = CARTESIAN_POINT('',(2.391358710799,50.274986126215,
    -2.898395462609));
#10910 = CARTESIAN_POINT('',(2.360809803747,50.306732046836,
    -2.895746986553));
#10911 = CARTESIAN_POINT('',(2.329780288928,50.338008146953,
    -2.893097029029));
#10912 = CARTESIAN_POINT('',(2.298278612058,50.368805977024,
    -2.890445677753));
#10913 = CARTESIAN_POINT('',(2.266313400232,50.399117266273,
    -2.887793026874));
#10914 = CARTESIAN_POINT('',(2.042157468068,50.60527374778,
    -2.869443942035));
#10915 = CARTESIAN_POINT('',(1.834468146854,50.764356879488,
    -2.853702697314));
#10916 = CARTESIAN_POINT('',(1.612705231624,50.904430786051,
    -2.837941648903));
#10917 = CARTESIAN_POINT('',(1.378916243488,51.024070988012,
    -2.822183350028));
#10918 = CARTESIAN_POINT('',(1.13528323483,51.122126161138,
    -2.806440094103));
#10919 = CARTESIAN_POINT('',(0.884106834304,51.197702458145,
    -2.790713202481));
#10920 = CARTESIAN_POINT('',(0.62780759334,51.25018704923,
    -2.774998206935));
#10921 = CARTESIAN_POINT('',(0.312043722066,51.285712618528,
    -2.755844393781));
#10922 = CARTESIAN_POINT('',(0.255015753746,51.290986005627,
    -2.752393281475));
#10923 = CARTESIAN_POINT('',(0.197886907196,51.295128095201,
    -2.748942528123));
#10924 = CARTESIAN_POINT('',(0.140683388866,51.298136670093,
    -2.745492071328));
#10925 = CARTESIAN_POINT('',(8.34314336592E-02,51.30001024349,
    -2.742041848093));
#10926 = CARTESIAN_POINT('',(2.615730492636E-02,51.300748058925,
    -2.738591794816));
#10927 = CARTESIAN_POINT('',(-3.111270552955E-02,51.300350090276,
    -2.735141847294));
#10928 = CARTESIAN_POINT('',(-0.212150157754,51.295501360866,
    -2.724230474692));
#10929 = CARTESIAN_POINT('',(-0.335807375547,51.286875945574,
    -2.716769121327));
#10930 = CARTESIAN_POINT('',(-0.459055958397,51.272948103091,
    -2.709307370693));
#10931 = CARTESIAN_POINT('',(-0.581630431067,51.253740947109,
    -2.701844709924));
#10932 = CARTESIAN_POINT('',(-0.703267982518,51.229293361525,
    -2.694380712483));
#10933 = CARTESIAN_POINT('',(-0.823708632911,51.199659964154,
    -2.686915127423));
#10934 = CARTESIAN_POINT('',(-0.942695400601,51.164911070436,
    -2.679447968657));
#10935 = CARTESIAN_POINT('',(-1.121163565957,51.104378696426,
    -2.668083065124));
#10936 = CARTESIAN_POINT('',(-1.181888286279,51.082255507325,
    -2.664186165874));
#10937 = CARTESIAN_POINT('',(-1.242112794281,51.058775251954,
    -2.6602889399));
#10938 = CARTESIAN_POINT('',(-1.301801722211,51.033951177989,
    -2.656391429958));
#10939 = CARTESIAN_POINT('',(-1.360920170386,51.007797618667,
    -2.652493688116));
#10940 = CARTESIAN_POINT('',(-1.419433707199,50.980329992785,
    -2.648595775762));
#10941 = CARTESIAN_POINT('',(-1.477308369111,50.951564804705,
    -2.644697763597));
#10942 = CARTESIAN_POINT('',(-1.619406333587,50.876928701618,
    -2.635014543017));
#10943 = CARTESIAN_POINT('',(-1.702821556646,50.829518124559,
    -2.62922927051));
#10944 = CARTESIAN_POINT('',(-1.784646504729,50.779345638809,
    -2.623444208288));
#10945 = CARTESIAN_POINT('',(-1.864774588528,50.726473707999,
    -2.617659624649));
#10946 = CARTESIAN_POINT('',(-1.943102454533,50.670969533762,
    -2.611875762021));
#10947 = CARTESIAN_POINT('',(-2.019529985034,50.612905055728,
    -2.606092836959));
#10948 = CARTESIAN_POINT('',(-2.093960298118,50.552356951524,
    -2.600311040147));
#10949 = CARTESIAN_POINT('',(-2.259839692377,50.408007497072,
    -2.5870559426));
#10950 = CARTESIAN_POINT('',(-2.349885410582,50.322590177066,
    -2.579583348482));
#10951 = CARTESIAN_POINT('',(-2.436234029886,50.233331341036,
    -2.572113184524));
#10952 = CARTESIAN_POINT('',(-2.518694674956,50.140418322254,
    -2.564645492683));
#10953 = CARTESIAN_POINT('',(-2.597088582398,50.044049004858,
    -2.55717999533));
#10954 = CARTESIAN_POINT('',(-2.671249215619,49.94443170573,
    -2.549716164194));
#10955 = CARTESIAN_POINT('',(-2.741022379697,49.84178505637,
    -2.542253289302));
#10956 = CARTESIAN_POINT('',(-2.860060340643,49.649396106345,
    -2.52863747623));
#10957 = CARTESIAN_POINT('',(-2.910776264335,49.560549105524,
    -2.52248439771));
#10958 = CARTESIAN_POINT('',(-2.958334975557,49.469924851565,
    -2.516330873108));
#10959 = CARTESIAN_POINT('',(-3.002664045853,49.377654529887,
    -2.510176308533));
#10960 = CARTESIAN_POINT('',(-3.043697776692,49.283872480743,
    -2.504020063849));
#10961 = CARTESIAN_POINT('',(-3.081377226093,49.188716137914,
    -2.497861561062));
#10962 = CARTESIAN_POINT('',(-3.115650235247,49.092325967391,
    -2.491700392708));
#10963 = CARTESIAN_POINT('',(-3.184588296722,48.874290440181,
    -2.477913410072));
#10964 = CARTESIAN_POINT('',(-3.217426555977,48.752065208576,
    -2.470285954706));
#10965 = CARTESIAN_POINT('',(-3.244900401634,48.628441838421,
    -2.462653939064));
#10966 = CARTESIAN_POINT('',(-3.266941173899,48.503695410053,
    -2.455017654698));
#10967 = CARTESIAN_POINT('',(-3.283497358282,48.378103717867,
    -2.447378325457));
#10968 = CARTESIAN_POINT('',(-3.294534559427,48.251947031211,
    -2.439738623158));
#10969 = CARTESIAN_POINT('',(-3.300035474927,48.125507855286,
    -2.432103183251));
#10970 = CARTESIAN_POINT('',(-3.299985465822,47.947924053917,
    -2.421395017926));
#10971 = CARTESIAN_POINT('',(-3.299065093863,47.896777438159,
    -2.418312741657));
#10972 = CARTESIAN_POINT('',(-3.297238748794,47.845649653285,
    -2.415231847588));
#10973 = CARTESIAN_POINT('',(-3.294506892623,47.794559470949,
    -2.412151946378));
#10974 = CARTESIAN_POINT('',(-3.290870453846,47.743525625945,
    -2.409072703441));
#10975 = CARTESIAN_POINT('',(-3.286330827446,47.692566816207,
    -2.405993838945));
#10976 = CARTESIAN_POINT('',(-3.280889874895,47.641701702811,
    -2.402915127811));
#10977 = CARTESIAN_POINT('',(-3.264308282981,47.508962170102,
    -2.394862981193));
#10978 = CARTESIAN_POINT('',(-3.251720601329,47.427268277167,
    -2.389889443807));
#10979 = CARTESIAN_POINT('',(-3.236796738248,47.345945948651,
    -2.384915131772));
#10980 = CARTESIAN_POINT('',(-3.219549637079,47.265073179842,
    -2.379939568449));
#10981 = CARTESIAN_POINT('',(-3.199995325447,47.184727243837,
    -2.374962456341));
#10982 = CARTESIAN_POINT('',(-3.178152915262,47.104984691541,
    -2.369983677094));
#10983 = CARTESIAN_POINT('',(-3.154044602722,47.025921351665,
    -2.365003291494));
#10984 = CARTESIAN_POINT('',(-3.101242971159,46.868994926981,
    -2.35502016919));
#10985 = CARTESIAN_POINT('',(-3.072531815974,46.791137352136,
    -2.350017330645));
#10986 = CARTESIAN_POINT('',(-3.041587804384,46.714115592667,
    -2.345013227461));
#10987 = CARTESIAN_POINT('',(-3.008439461031,46.6380043092,
    -2.340008080326));
#10988 = CARTESIAN_POINT('',(-2.973118233566,46.562876836512,
    -2.33500212699));
#10989 = CARTESIAN_POINT('',(-2.935658492647,46.488805183532,
    -2.329995622268));
#10990 = CARTESIAN_POINT('',(-2.896097531947,46.415860033342,
    -2.324988838039));
#10991 = CARTESIAN_POINT('',(-2.78683351793,46.227507184743,
    -2.311845289266));
#10992 = CARTESIAN_POINT('',(-2.713746491667,46.114059560297,
    -2.303708293615));
#10993 = CARTESIAN_POINT('',(-2.635388305997,46.00406707864,
    -2.295572379956));
#10994 = CARTESIAN_POINT('',(-2.5519504416,45.89781515419,
    -2.287438324178));
#10995 = CARTESIAN_POINT('',(-2.46364188017,45.795575186948,
    -2.279306477982));
#10996 = CARTESIAN_POINT('',(-2.370688941375,45.697604342469,
    -2.271176872469));
#10997 = CARTESIAN_POINT('',(-2.27333511983,45.604145331835,
    -2.263049321735));
#10998 = CARTESIAN_POINT('',(-2.044651062364,45.404245698121,
    -2.244740493491));
#10999 = CARTESIAN_POINT('',(-1.910950673283,45.300501274106,
    -2.234559567131));
#11000 = CARTESIAN_POINT('',(-1.771255159293,45.204645522233,
    -2.224380561884));
#11001 = CARTESIAN_POINT('',(-1.626110580297,45.117079771441,
    -2.214202117171));
#11002 = CARTESIAN_POINT('',(-1.476090535407,45.03815800808,
    -2.204022511438));
#11003 = CARTESIAN_POINT('',(-1.321794678605,44.968187945338,
    -2.193840352338));
#11004 = CARTESIAN_POINT('',(-1.163848866321,44.907429230955,
    -2.183655142982));
#11005 = CARTESIAN_POINT('',(-0.934270525432,44.834193794106,
    -2.169123127002));
#11006 = CARTESIAN_POINT('',(-0.865087724888,44.814011271614,
    -2.164778037861));
#11007 = CARTESIAN_POINT('',(-0.795408574095,44.795557174789,
    -2.160432474337));
#11008 = CARTESIAN_POINT('',(-0.725283502379,44.778845666718,
    -2.156086473702));
#11009 = CARTESIAN_POINT('',(-0.65476332957,44.763889124559,
    -2.151740092985));
#11010 = CARTESIAN_POINT('',(-0.583899265998,44.750698139546,
    -2.147393408977));
#11011 = CARTESIAN_POINT('',(-0.512742912498,44.739281516985,
    -2.143046518226));
#11012 = CARTESIAN_POINT('',(-6.506890770067E-02,44.6788662639,
    -2.115789911397));
#11013 = CARTESIAN_POINT('',(0.318309672059,44.677507376411,
    -2.092851874332));
#11014 = CARTESIAN_POINT('',(0.70055400633,44.726877755148,
    -2.069942596662));
#11015 = CARTESIAN_POINT('',(1.073894165174,44.826308850479,
    -2.047083295339));
#11016 = CARTESIAN_POINT('',(1.430907867198,44.974007955604,
    -2.024289283622));
#11017 = CARTESIAN_POINT('',(1.764601044902,45.166896851206,
    -2.001515889576));
#11018 = CARTESIAN_POINT('',(2.06838597794,45.400780497754,
    -1.978660082738));
#11019 = CARTESIAN_POINT('',(2.389568110138,45.722806823827,
    -1.95117007688));
#11020 = CARTESIAN_POINT('',(2.441238912742,45.777381607217,
    -1.946624463307));
#11021 = CARTESIAN_POINT('',(2.491483319965,45.833294325612,
    -1.94207376107));
#11022 = CARTESIAN_POINT('',(2.540260962067,45.890501362152,
    -1.937517630115));
#11023 = CARTESIAN_POINT('',(2.587533146661,45.94895773066,
    -1.93295586028));
#11024 = CARTESIAN_POINT('',(2.633262858717,46.008617075639,
    -1.928388371295));
#11025 = CARTESIAN_POINT('',(2.677414760561,46.069431672274,
    -1.923815212779));
#11026 = CARTESIAN_POINT('',(2.763964312869,46.195410967399,
    -1.91449983988));
#11027 = CARTESIAN_POINT('',(2.806248946172,46.260653641688,
    -1.909757318203));
#11028 = CARTESIAN_POINT('',(2.846771844397,46.327026069836,
    -1.905009184404));
#11029 = CARTESIAN_POINT('',(2.885497928755,46.394472712627,
    -1.900255949013));
#11030 = CARTESIAN_POINT('',(2.922394289044,46.462936871101,
    -1.8954984479));
#11031 = CARTESIAN_POINT('',(2.957430183656,46.532360686548,
    -1.890737842273));
#11032 = CARTESIAN_POINT('',(2.990577039575,46.602685140515,
    -1.885975618681));
#11033 = CARTESIAN_POINT('',(3.090350960661,46.830033246327,
    -1.870762526159));
#11034 = CARTESIAN_POINT('',(3.149670373242,46.990270838119,
    -1.860312214811));
#11035 = CARTESIAN_POINT('',(3.199483793721,47.153921323513,
    -1.849883408954));
#11036 = CARTESIAN_POINT('',(3.239567056759,47.320328866252,
    -1.839505670511));
#11037 = CARTESIAN_POINT('',(3.269750083787,47.488825288455,
    -1.829220393455));
#11038 = CARTESIAN_POINT('',(3.289915426765,47.658731248731,
    -1.819082431668));
#11039 = CARTESIAN_POINT('',(3.3,47.829356610425,-1.809160330528));
#11040 = CARTESIAN_POINT('',(3.3,48.000000000003,-1.799535162246));
#11041 = PCURVE('',#10260,#11042);
#11042 = DEFINITIONAL_REPRESENTATION('',(#11043),#11207);
#11043 = B_SPLINE_CURVE_WITH_KNOTS('',8,(#11044,#11045,#11046,#11047,
    #11048,#11049,#11050,#11051,#11052,#11053,#11054,#11055,#11056,
    #11057,#11058,#11059,#11060,#11061,#11062,#11063,#11064,#11065,
    #11066,#11067,#11068,#11069,#11070,#11071,#11072,#11073,#11074,
    #11075,#11076,#11077,#11078,#11079,#11080,#11081,#11082,#11083,
    #11084,#11085,#11086,#11087,#11088,#11089,#11090,#11091,#11092,
    #11093,#11094,#11095,#11096,#11097,#11098,#11099,#11100,#11101,
    #11102,#11103,#11104,#11105,#11106,#11107,#11108,#11109,#11110,
    #11111,#11112,#11113,#11114,#11115,#11116,#11117,#11118,#11119,
    #11120,#11121,#11122,#11123,#11124,#11125,#11126,#11127,#11128,
    #11129,#11130,#11131,#11132,#11133,#11134,#11135,#11136,#11137,
    #11138,#11139,#11140,#11141,#11142,#11143,#11144,#11145,#11146,
    #11147,#11148,#11149,#11150,#11151,#11152,#11153,#11154,#11155,
    #11156,#11157,#11158,#11159,#11160,#11161,#11162,#11163,#11164,
    #11165,#11166,#11167,#11168,#11169,#11170,#11171,#11172,#11173,
    #11174,#11175,#11176,#11177,#11178,#11179,#11180,#11181,#11182,
    #11183,#11184,#11185,#11186,#11187,#11188,#11189,#11190,#11191,
    #11192,#11193,#11194,#11195,#11196,#11197,#11198,#11199,#11200,
    #11201,#11202,#11203,#11204,#11205,#11206),.UNSPECIFIED.,.F.,.F.,(9,
    7,7,7,7,7,7,7,7,7,7,7,7,7,7,7,7,7,7,7,7,7,7,9),(0.,
    2.602722585562E-02,3.86898147911E-02,9.167783436196E-02,
    0.114667064468,0.131662728438,0.232177433068,0.254271665436,
    0.302057122979,0.326988673207,0.363990350524,0.411836095432,
    0.451285177746,0.500072163653,0.519807582019,0.551688440614,
    0.583694846798,0.635710146806,0.700894352956,0.728693261612,
    0.875200127836,0.904189914152,0.934180560093,1.),.UNSPECIFIED.);
#11044 = CARTESIAN_POINT('',(0.,4.350464838169));
#11045 = CARTESIAN_POINT('',(2.043023549186E-02,4.3547928122));
#11046 = CARTESIAN_POINT('',(4.086254495862E-02,4.359072163595));
#11047 = CARTESIAN_POINT('',(6.129661004552E-02,4.363308517673));
#11048 = CARTESIAN_POINT('',(8.17321490723E-02,4.367507099176));
#11049 = CARTESIAN_POINT('',(0.102168917033,4.371672732269));
#11050 = CARTESIAN_POINT('',(0.122606705597,4.37580984054));
#11051 = CARTESIAN_POINT('',(0.143045343107,4.379922447001));
#11052 = CARTESIAN_POINT('',(0.173428708871,4.386004853323));
#11053 = CARTESIAN_POINT('',(0.18337289437,4.387990593333));
#11054 = CARTESIAN_POINT('',(0.193317230451,4.389971811333));
#11055 = CARTESIAN_POINT('',(0.20326169998,4.391948904415));
#11056 = CARTESIAN_POINT('',(0.213206289315,4.393922249534));
#11057 = CARTESIAN_POINT('',(0.22315098831,4.39589220352));
#11058 = CARTESIAN_POINT('',(0.233095790309,4.397859103069));
#11059 = CARTESIAN_POINT('',(0.284656246139,4.408042518955));
#11060 = CARTESIAN_POINT('',(0.326274085559,4.416213924949));
#11061 = CARTESIAN_POINT('',(0.367892325554,4.424360495272));
#11062 = CARTESIAN_POINT('',(0.409510347054,4.432499277114));
#11063 = CARTESIAN_POINT('',(0.45112823021,4.440642181702));
#11064 = CARTESIAN_POINT('',(0.492746187829,4.448796813705));
#11065 = CARTESIAN_POINT('',(0.534363998808,4.456967300627));
#11066 = CARTESIAN_POINT('',(0.594036031994,4.468707466986));
#11067 = CARTESIAN_POINT('',(0.612091521364,4.472263119764));
#11068 = CARTESIAN_POINT('',(0.630146904489,4.475822195738));
#11069 = CARTESIAN_POINT('',(0.648202178013,4.479384750433));
#11070 = CARTESIAN_POINT('',(0.66625734042,4.482950779713));
#11071 = CARTESIAN_POINT('',(0.684312392028,4.486520219775));
#11072 = CARTESIAN_POINT('',(0.702367334991,4.490092947151));
#11073 = CARTESIAN_POINT('',(0.733769900197,4.496312348388));
#11074 = CARTESIAN_POINT('',(0.747117572998,4.498957624088));
#11075 = CARTESIAN_POINT('',(0.760465193515,4.501604537391));
#11076 = CARTESIAN_POINT('',(0.773812763781,4.504253013447));
#11077 = CARTESIAN_POINT('',(0.787160286055,4.506902970971));
#11078 = CARTESIAN_POINT('',(0.800507762821,4.509554322247));
#11079 = CARTESIAN_POINT('',(0.813855196786,4.512206973126));
#11080 = CARTESIAN_POINT('',(0.906140923488,4.530556057965));
#11081 = CARTESIAN_POINT('',(0.985097162859,4.546297302686));
#11082 = CARTESIAN_POINT('',(1.064044184772,4.562058351097));
#11083 = CARTESIAN_POINT('',(1.142980486027,4.577816649972));
#11084 = CARTESIAN_POINT('',(1.221917218701,4.593559905897));
#11085 = CARTESIAN_POINT('',(1.300865282144,4.609286797519));
#11086 = CARTESIAN_POINT('',(1.379822472722,4.625001793065));
#11087 = CARTESIAN_POINT('',(1.476112175862,4.644155606219));
#11088 = CARTESIAN_POINT('',(1.493463685638,4.647606718525));
#11089 = CARTESIAN_POINT('',(1.510815213664,4.651057471877));
#11090 = CARTESIAN_POINT('',(1.528166753825,4.654507928672));
#11091 = CARTESIAN_POINT('',(1.545518300874,4.657958151907));
#11092 = CARTESIAN_POINT('',(1.562869850428,4.661408205184));
#11093 = CARTESIAN_POINT('',(1.580221398967,4.664858152706));
#11094 = CARTESIAN_POINT('',(1.635100905752,4.675769525308));
#11095 = CARTESIAN_POINT('',(1.67262933912,4.683230878673));
#11096 = CARTESIAN_POINT('',(1.710157542711,4.690692629307));
#11097 = CARTESIAN_POINT('',(1.747685448812,4.698155290076));
#11098 = CARTESIAN_POINT('',(1.785213308929,4.705619287517));
#11099 = CARTESIAN_POINT('',(1.822741379486,4.713084872577));
#11100 = CARTESIAN_POINT('',(1.860269607522,4.720552031343));
#11101 = CARTESIAN_POINT('',(1.917376996211,4.731916934876));
#11102 = CARTESIAN_POINT('',(1.936956672036,4.735813834126));
#11103 = CARTESIAN_POINT('',(1.95653634211,4.7397110601));
#11104 = CARTESIAN_POINT('',(1.976116005279,4.743608570042));
#11105 = CARTESIAN_POINT('',(1.995695660996,4.747506311884));
#11106 = CARTESIAN_POINT('',(2.015275309317,4.751404224238));
#11107 = CARTESIAN_POINT('',(2.034854950903,4.755302236403));
#11108 = CARTESIAN_POINT('',(2.083493324686,4.764985456983));
#11109 = CARTESIAN_POINT('',(2.112552108066,4.77077072949));
#11110 = CARTESIAN_POINT('',(2.141610931783,4.776555791712));
#11111 = CARTESIAN_POINT('',(2.170669789536,4.782340375351));
#11112 = CARTESIAN_POINT('',(2.199728674103,4.788124237979));
#11113 = CARTESIAN_POINT('',(2.228787577342,4.793907163041));
#11114 = CARTESIAN_POINT('',(2.257846490189,4.799688959853));
#11115 = CARTESIAN_POINT('',(2.324480599622,4.8129440574));
#11116 = CARTESIAN_POINT('',(2.36205635339,4.820416651518));
#11117 = CARTESIAN_POINT('',(2.399631981141,4.827886815476));
#11118 = CARTESIAN_POINT('',(2.437207429066,4.835354507317));
#11119 = CARTESIAN_POINT('',(2.474782953511,4.84282000467));
#11120 = CARTESIAN_POINT('',(2.512358802121,4.850283835806));
#11121 = CARTESIAN_POINT('',(2.549934894981,4.857746710698));
#11122 = CARTESIAN_POINT('',(2.618491805471,4.87136252377));
#11123 = CARTESIAN_POINT('',(2.64947328704,4.87751560229));
#11124 = CARTESIAN_POINT('',(2.680454669321,4.883669126892));
#11125 = CARTESIAN_POINT('',(2.711435912653,4.889823691467));
#11126 = CARTESIAN_POINT('',(2.742417098668,4.895979936151));
#11127 = CARTESIAN_POINT('',(2.773398310101,4.902138438938));
#11128 = CARTESIAN_POINT('',(2.804379510599,4.908299607292));
#11129 = CARTESIAN_POINT('',(2.873674760951,4.922086589928));
#11130 = CARTESIAN_POINT('',(2.911989472623,4.929714045294));
#11131 = CARTESIAN_POINT('',(2.950303797995,4.937346060936));
#11132 = CARTESIAN_POINT('',(2.988617687623,4.944982345302));
#11133 = CARTESIAN_POINT('',(3.026931472716,4.952621674543));
#11134 = CARTESIAN_POINT('',(3.065245533679,4.960261376842));
#11135 = CARTESIAN_POINT('',(3.103559968654,4.967896816749));
#11136 = CARTESIAN_POINT('',(3.15737324393,4.978604982074));
#11137 = CARTESIAN_POINT('',(3.1728722919,4.981687258343));
#11138 = CARTESIAN_POINT('',(3.188371388655,4.984768152412));
#11139 = CARTESIAN_POINT('',(3.203870519306,4.987848053622));
#11140 = CARTESIAN_POINT('',(3.219369671399,4.990927296559));
#11141 = CARTESIAN_POINT('',(3.234868834909,4.994006161055));
#11142 = CARTESIAN_POINT('',(3.250368002243,4.997084872189));
#11143 = CARTESIAN_POINT('',(3.290904728139,5.005137018807));
#11144 = CARTESIAN_POINT('',(3.315942305067,5.010110556193));
#11145 = CARTESIAN_POINT('',(3.340979872034,5.015084868228));
#11146 = CARTESIAN_POINT('',(3.366017407106,5.020060431551));
#11147 = CARTESIAN_POINT('',(3.3910548934,5.025037543659));
#11148 = CARTESIAN_POINT('',(3.416092319084,5.030016322906));
#11149 = CARTESIAN_POINT('',(3.441129677383,5.034996708506));
#11150 = CARTESIAN_POINT('',(3.491302853205,5.04497983081));
#11151 = CARTESIAN_POINT('',(3.516438714959,5.049982669355));
#11152 = CARTESIAN_POINT('',(3.541574551213,5.054986772539));
#11153 = CARTESIAN_POINT('',(3.566710361847,5.059991919674));
#11154 = CARTESIAN_POINT('',(3.591846147247,5.06499787301));
#11155 = CARTESIAN_POINT('',(3.6169819083,5.070004377732));
#11156 = CARTESIAN_POINT('',(3.642117646399,5.075011161961));
#11157 = CARTESIAN_POINT('',(3.708102743872,5.088154710734));
#11158 = CARTESIAN_POINT('',(3.748952840086,5.096291706385));
#11159 = CARTESIAN_POINT('',(3.78980265377,5.104427620044));
#11160 = CARTESIAN_POINT('',(3.830652129006,5.112561675822));
#11161 = CARTESIAN_POINT('',(3.871501676023,5.120693522018));
#11162 = CARTESIAN_POINT('',(3.912351694947,5.128823127531));
#11163 = CARTESIAN_POINT('',(3.953202099557,5.136950678265));
#11164 = CARTESIAN_POINT('',(4.045243662861,5.155259506509));
#11165 = CARTESIAN_POINT('',(4.096437842973,5.165440432869));
#11166 = CARTESIAN_POINT('',(4.147631055786,5.175619438116));
#11167 = CARTESIAN_POINT('',(4.198823002636,5.185797882829));
#11168 = CARTESIAN_POINT('',(4.250014904816,5.195977488562));
#11169 = CARTESIAN_POINT('',(4.301207993553,5.206159647662));
#11170 = CARTESIAN_POINT('',(4.352401996938,5.216344857018));
#11171 = CARTESIAN_POINT('',(4.425425160059,5.230876872998));
#11172 = CARTESIAN_POINT('',(4.447256703775,5.235221962139));
#11173 = CARTESIAN_POINT('',(4.469088244006,5.239567525663));
#11174 = CARTESIAN_POINT('',(4.490919773183,5.243913526298));
#11175 = CARTESIAN_POINT('',(4.512751287125,5.248259907015));
#11176 = CARTESIAN_POINT('',(4.534582785034,5.252606591023));
#11177 = CARTESIAN_POINT('',(4.5564142695,5.256953481774));
#11178 = CARTESIAN_POINT('',(4.693302827318,5.284210088603));
#11179 = CARTESIAN_POINT('',(4.808489279252,5.307148125668));
#11180 = CARTESIAN_POINT('',(4.923601973585,5.330057403337));
#11181 = CARTESIAN_POINT('',(5.038669265261,5.352916704662));
#11182 = CARTESIAN_POINT('',(5.153737921807,5.375710716377));
#11183 = CARTESIAN_POINT('',(5.268854007097,5.398484110425));
#11184 = CARTESIAN_POINT('',(5.384042807268,5.421339917262));
#11185 = CARTESIAN_POINT('',(5.521866278265,5.44882992312));
#11186 = CARTESIAN_POINT('',(5.544632795288,5.453375536693));
#11187 = CARTESIAN_POINT('',(5.567399146444,5.45792623893));
#11188 = CARTESIAN_POINT('',(5.590165315131,5.462482369885));
#11189 = CARTESIAN_POINT('',(5.612931289014,5.46704413972));
#11190 = CARTESIAN_POINT('',(5.635697060031,5.471611628705));
#11191 = CARTESIAN_POINT('',(5.658462624388,5.476184787221));
#11192 = CARTESIAN_POINT('',(5.704779304714,5.48550016012));
#11193 = CARTESIAN_POINT('',(5.72833043896,5.490242681797));
#11194 = CARTESIAN_POINT('',(5.751881386649,5.494990815596));
#11195 = CARTESIAN_POINT('',(5.775432160658,5.499744050987));
#11196 = CARTESIAN_POINT('',(5.798982785388,5.5045015521));
#11197 = CARTESIAN_POINT('',(5.822533296767,5.509262157727));
#11198 = CARTESIAN_POINT('',(5.846083742245,5.514024381319));
#11199 = CARTESIAN_POINT('',(5.921319518898,5.529237473841));
#11200 = CARTESIAN_POINT('',(5.97300670814,5.539687785189));
#11201 = CARTESIAN_POINT('',(6.024693790613,5.550116591046));
#11202 = CARTESIAN_POINT('',(6.076381760659,5.560494329489));
#11203 = CARTESIAN_POINT('',(6.12807314658,5.570779606545));
#11204 = CARTESIAN_POINT('',(6.179770556606,5.580917568332));
#11205 = CARTESIAN_POINT('',(6.231475189126,5.590839669472));
#11206 = CARTESIAN_POINT('',(6.28318530718,5.600464837754));
#11207 = ( GEOMETRIC_REPRESENTATION_CONTEXT(2) 
PARAMETRIC_REPRESENTATION_CONTEXT() REPRESENTATION_CONTEXT('2D SPACE',''
  ) );
#11208 = PCURVE('',#10838,#11209);
#11209 = DEFINITIONAL_REPRESENTATION('',(#11210),#11374);
#11210 = B_SPLINE_CURVE_WITH_KNOTS('',8,(#11211,#11212,#11213,#11214,
    #11215,#11216,#11217,#11218,#11219,#11220,#11221,#11222,#11223,
    #11224,#11225,#11226,#11227,#11228,#11229,#11230,#11231,#11232,
    #11233,#11234,#11235,#11236,#11237,#11238,#11239,#11240,#11241,
    #11242,#11243,#11244,#11245,#11246,#11247,#11248,#11249,#11250,
    #11251,#11252,#11253,#11254,#11255,#11256,#11257,#11258,#11259,
    #11260,#11261,#11262,#11263,#11264,#11265,#11266,#11267,#11268,
    #11269,#11270,#11271,#11272,#11273,#11274,#11275,#11276,#11277,
    #11278,#11279,#11280,#11281,#11282,#11283,#11284,#11285,#11286,
    #11287,#11288,#11289,#11290,#11291,#11292,#11293,#11294,#11295,
    #11296,#11297,#11298,#11299,#11300,#11301,#11302,#11303,#11304,
    #11305,#11306,#11307,#11308,#11309,#11310,#11311,#11312,#11313,
    #11314,#11315,#11316,#11317,#11318,#11319,#11320,#11321,#11322,
    #11323,#11324,#11325,#11326,#11327,#11328,#11329,#11330,#11331,
    #11332,#11333,#11334,#11335,#11336,#11337,#11338,#11339,#11340,
    #11341,#11342,#11343,#11344,#11345,#11346,#11347,#11348,#11349,
    #11350,#11351,#11352,#11353,#11354,#11355,#11356,#11357,#11358,
    #11359,#11360,#11361,#11362,#11363,#11364,#11365,#11366,#11367,
    #11368,#11369,#11370,#11371,#11372,#11373),.UNSPECIFIED.,.F.,.F.,(9,
    7,7,7,7,7,7,7,7,7,7,7,7,7,7,7,7,7,7,7,7,7,7,9),(0.,
    2.602722585562E-02,3.86898147911E-02,9.167783436196E-02,
    0.114667064468,0.131662728438,0.232177433068,0.254271665436,
    0.302057122979,0.326988673207,0.363990350524,0.411836095432,
    0.451285177746,0.500072163653,0.519807582019,0.551688440614,
    0.583694846798,0.635710146806,0.700894352956,0.728693261612,
    0.875200127836,0.904189914152,0.934180560093,1.),.UNSPECIFIED.);
#11211 = CARTESIAN_POINT('',(4.886810014176,0.));
#11212 = CARTESIAN_POINT('',(4.886137821557,3.252319031586E-03));
#11213 = CARTESIAN_POINT('',(4.885587902134,6.503950327125E-03));
#11214 = CARTESIAN_POINT('',(4.885146612787,9.755130667092E-03));
#11215 = CARTESIAN_POINT('',(4.884801221498,1.300606108947E-02));
#11216 = CARTESIAN_POINT('',(4.884539907349,1.625690688973E-02));
#11217 = CARTESIAN_POINT('',(4.884351760526,1.950779762088E-02));
#11218 = CARTESIAN_POINT('',(4.884226782311,2.27588270934E-02));
#11219 = CARTESIAN_POINT('',(4.884121392659,2.75918178773E-02));
#11220 = CARTESIAN_POINT('',(4.88409970005,2.917363094191E-02));
#11221 = CARTESIAN_POINT('',(4.88408976166,3.075549959292E-02));
#11222 = CARTESIAN_POINT('',(4.88409058079,3.233743003317E-02));
#11223 = CARTESIAN_POINT('',(4.88410120965,3.39194276446E-02));
#11224 = CARTESIAN_POINT('',(4.884120749357,3.550149698822E-02));
#11225 = CARTESIAN_POINT('',(4.884148349934,3.70836418041E-02));
#11226 = CARTESIAN_POINT('',(4.884329087476,4.528685497651E-02));
#11227 = CARTESIAN_POINT('',(4.884602158837,5.190931455372E-02));
#11228 = CARTESIAN_POINT('',(4.884943321859,5.85331842362E-02));
#11229 = CARTESIAN_POINT('',(4.885308460894,6.515831563406E-02));
#11230 = CARTESIAN_POINT('',(4.885666337443,7.178447569991E-02));
#11231 = CARTESIAN_POINT('',(4.885996480423,7.841135095443E-02));
#11232 = CARTESIAN_POINT('',(4.886287076426,8.503855171189E-02));
#11233 = CARTESIAN_POINT('',(4.88663949493,9.4540815532E-02));
#11234 = CARTESIAN_POINT('',(4.886737655005,9.741601276276E-02));
#11235 = CARTESIAN_POINT('',(4.886826963004,0.100291182275));
#11236 = CARTESIAN_POINT('',(4.886907202686,0.103166300916));
#11237 = CARTESIAN_POINT('',(4.886978318771,0.1060413481));
#11238 = CARTESIAN_POINT('',(4.887040416941,0.10891630581));
#11239 = CARTESIAN_POINT('',(4.887093763842,0.1117911586));
#11240 = CARTESIAN_POINT('',(4.887172072217,0.116791150926));
#11241 = CARTESIAN_POINT('',(4.887200786001,0.118916344529));
#11242 = CARTESIAN_POINT('',(4.887225087749,0.121041469454));
#11243 = CARTESIAN_POINT('',(4.887245155999,0.123166521613));
#11244 = CARTESIAN_POINT('',(4.887261188511,0.125291497778));
#11245 = CARTESIAN_POINT('',(4.887273402262,0.127416395581));
#11246 = CARTESIAN_POINT('',(4.887282033449,0.129541213516));
#11247 = CARTESIAN_POINT('',(4.887318706313,0.144231941554));
#11248 = CARTESIAN_POINT('',(4.887233155402,0.156798202576));
#11249 = CARTESIAN_POINT('',(4.887082966813,0.169360107269));
#11250 = CARTESIAN_POINT('',(4.886927851834,0.18191827283));
#11251 = CARTESIAN_POINT('',(4.886809258413,0.194475817014));
#11252 = CARTESIAN_POINT('',(4.886740272637,0.207035772141));
#11253 = CARTESIAN_POINT('',(4.886711114289,0.219598656476));
#11254 = CARTESIAN_POINT('',(4.886710031297,0.234921368418));
#11255 = CARTESIAN_POINT('',(4.886711187884,0.23768261967));
#11256 = CARTESIAN_POINT('',(4.886713542925,0.240443958276));
#11257 = CARTESIAN_POINT('',(4.886716938138,0.243205384689));
#11258 = CARTESIAN_POINT('',(4.886721210249,0.245966898286));
#11259 = CARTESIAN_POINT('',(4.886726190993,0.248728497364));
#11260 = CARTESIAN_POINT('',(4.886731707114,0.251490179143));
#11261 = CARTESIAN_POINT('',(4.88675028304,0.260225082118));
#11262 = CARTESIAN_POINT('',(4.88676470299,0.266198670988));
#11263 = CARTESIAN_POINT('',(4.8867790738,0.272172562316));
#11264 = CARTESIAN_POINT('',(4.886791861628,0.278146687071));
#11265 = CARTESIAN_POINT('',(4.886801858381,0.284121008953));
#11266 = CARTESIAN_POINT('',(4.886808274882,0.290095482102));
#11267 = CARTESIAN_POINT('',(4.88681083404,0.296070008797));
#11268 = CARTESIAN_POINT('',(4.886809357927,0.305161470256));
#11269 = CARTESIAN_POINT('',(4.886807880314,0.308278527874));
#11270 = CARTESIAN_POINT('',(4.886805476161,0.311395557327));
#11271 = CARTESIAN_POINT('',(4.886802217794,0.314512547014));
#11272 = CARTESIAN_POINT('',(4.886798204889,0.317629486427));
#11273 = CARTESIAN_POINT('',(4.886793564472,0.320746366154));
#11274 = CARTESIAN_POINT('',(4.886788450918,0.323863177874));
#11275 = CARTESIAN_POINT('',(4.886775024281,0.331605558448));
#11276 = CARTESIAN_POINT('',(4.886766289894,0.336231046919));
#11277 = CARTESIAN_POINT('',(4.886757517509,0.340856355289));
#11278 = CARTESIAN_POINT('',(4.886749341966,0.345481467306));
#11279 = CARTESIAN_POINT('',(4.886742358227,0.350106374954));
#11280 = CARTESIAN_POINT('',(4.886737121379,0.354731078453));
#11281 = CARTESIAN_POINT('',(4.88673414663,0.35935558626));
#11282 = CARTESIAN_POINT('',(4.886733602445,0.369959494163));
#11283 = CARTESIAN_POINT('',(4.886737742573,0.375938863207));
#11284 = CARTESIAN_POINT('',(4.886747202975,0.381917950709));
#11285 = CARTESIAN_POINT('',(4.886762262467,0.387896810235));
#11286 = CARTESIAN_POINT('',(4.886782593149,0.393875561419));
#11287 = CARTESIAN_POINT('',(4.886807248148,0.399854330982));
#11288 = CARTESIAN_POINT('',(4.886834649368,0.405833193744));
#11289 = CARTESIAN_POINT('',(4.886885600263,0.416741766302));
#11290 = CARTESIAN_POINT('',(4.886908989757,0.421671538312));
#11291 = CARTESIAN_POINT('',(4.88693161915,0.426601429657));
#11292 = CARTESIAN_POINT('',(4.886952071814,0.431531472754));
#11293 = CARTESIAN_POINT('',(4.886968847658,0.436461710934));
#11294 = CARTESIAN_POINT('',(4.886980571723,0.441392176917));
#11295 = CARTESIAN_POINT('',(4.886986202777,0.446322871289));
#11296 = CARTESIAN_POINT('',(4.886984053613,0.457351785752));
#11297 = CARTESIAN_POINT('',(4.886972774095,0.463450225181));
#11298 = CARTESIAN_POINT('',(4.886950681881,0.469548933865));
#11299 = CARTESIAN_POINT('',(4.886918324929,0.475647849801));
#11300 = CARTESIAN_POINT('',(4.886878741595,0.481746943394));
#11301 = CARTESIAN_POINT('',(4.886838681588,0.487846186476));
#11302 = CARTESIAN_POINT('',(4.886809826934,0.49394552132));
#11303 = CARTESIAN_POINT('',(4.886810088167,0.502512135215));
#11304 = CARTESIAN_POINT('',(4.886814873679,0.504979451703));
#11305 = CARTESIAN_POINT('',(4.886823215837,0.507446773884));
#11306 = CARTESIAN_POINT('',(4.886834100263,0.509914096237));
#11307 = CARTESIAN_POINT('',(4.886846651824,0.51238141295));
#11308 = CARTESIAN_POINT('',(4.886860134634,0.514848717927));
#11309 = CARTESIAN_POINT('',(4.886873952052,0.517316004781));
#11310 = CARTESIAN_POINT('',(4.886909769176,0.523768914934));
#11311 = CARTESIAN_POINT('',(4.886931398988,0.527754504165));
#11312 = CARTESIAN_POINT('',(4.886950763633,0.531740005252));
#11313 = CARTESIAN_POINT('',(4.886966565504,0.535725394003));
#11314 = CARTESIAN_POINT('',(4.886977981874,0.539710651314));
#11315 = CARTESIAN_POINT('',(4.886984664899,0.543695763167));
#11316 = CARTESIAN_POINT('',(4.886986741614,0.547680720631));
#11317 = CARTESIAN_POINT('',(4.886982878666,0.555666011328));
#11318 = CARTESIAN_POINT('',(4.886976698356,0.55966635083));
#11319 = CARTESIAN_POINT('',(4.886966792916,0.563666537941));
#11320 = CARTESIAN_POINT('',(4.886953741556,0.567666577115));
#11321 = CARTESIAN_POINT('',(4.886938182778,0.571666477682));
#11322 = CARTESIAN_POINT('',(4.886920814384,0.575666253854));
#11323 = CARTESIAN_POINT('',(4.886902393473,0.579665924721));
#11324 = CARTESIAN_POINT('',(4.886853415908,0.5901654583));
#11325 = CARTESIAN_POINT('',(4.886822223667,0.596665307279));
#11326 = CARTESIAN_POINT('',(4.886793293039,0.603164997421));
#11327 = CARTESIAN_POINT('',(4.88676893901,0.609664631448));
#11328 = CARTESIAN_POINT('',(4.886750639502,0.61616438985));
#11329 = CARTESIAN_POINT('',(4.886739016648,0.62266444216));
#11330 = CARTESIAN_POINT('',(4.886733818058,0.629164858233));
#11331 = CARTESIAN_POINT('',(4.886733998396,0.643811977289));
#11332 = CARTESIAN_POINT('',(4.886742458503,0.651959362222));
#11333 = CARTESIAN_POINT('',(4.886757435709,0.66010724686));
#11334 = CARTESIAN_POINT('',(4.886775376255,0.668255609118));
#11335 = CARTESIAN_POINT('',(4.886792287889,0.676404578659));
#11336 = CARTESIAN_POINT('',(4.88680475861,0.68455420311));
#11337 = CARTESIAN_POINT('',(4.886810721602,0.692704234101));
#11338 = CARTESIAN_POINT('',(4.886809644261,0.704329510322));
#11339 = CARTESIAN_POINT('',(4.886808095321,0.707805097623));
#11340 = CARTESIAN_POINT('',(4.886805301646,0.71128067545));
#11341 = CARTESIAN_POINT('',(4.88680129976,0.714756225401));
#11342 = CARTESIAN_POINT('',(4.886796180597,0.718231730268));
#11343 = CARTESIAN_POINT('',(4.886790089499,0.72170717404));
#11344 = CARTESIAN_POINT('',(4.88678322622,0.725182541898));
#11345 = CARTESIAN_POINT('',(4.886736943721,0.746973364285));
#11346 = CARTESIAN_POINT('',(4.886683411593,0.765307065323));
#11347 = CARTESIAN_POINT('',(4.886651738098,0.783624589665));
#11348 = CARTESIAN_POINT('',(4.886708723121,0.801929838717));
#11349 = CARTESIAN_POINT('',(4.886925595772,0.820232820954));
#11350 = CARTESIAN_POINT('',(4.887232628548,0.838547484089));
#11351 = CARTESIAN_POINT('',(4.887388036305,0.856880694622));
#11352 = CARTESIAN_POINT('',(4.887227606144,0.878822565031));
#11353 = CARTESIAN_POINT('',(4.887189855419,0.882447258811));
#11354 = CARTESIAN_POINT('',(4.887139594767,0.88607211417));
#11355 = CARTESIAN_POINT('',(4.88707587784,0.889697107417));
#11356 = CARTESIAN_POINT('',(4.886998072146,0.893322209027));
#11357 = CARTESIAN_POINT('',(4.886905859042,0.896947383642));
#11358 = CARTESIAN_POINT('',(4.88679923374,0.900572590068));
#11359 = CARTESIAN_POINT('',(4.886553608771,0.907948130624));
#11360 = CARTESIAN_POINT('',(4.886413848691,0.91169847296));
#11361 = CARTESIAN_POINT('',(4.886259518833,0.915448751937));
#11362 = CARTESIAN_POINT('',(4.886091753297,0.919198913538));
#11363 = CARTESIAN_POINT('',(4.885912526513,0.922948906076));
#11364 = CARTESIAN_POINT('',(4.88572465324,0.926698680196));
#11365 = CARTESIAN_POINT('',(4.885531788565,0.930448188874));
#11366 = CARTESIAN_POINT('',(4.884914065913,0.942425624609));
#11367 = CARTESIAN_POINT('',(4.884487869266,0.950652687262));
#11368 = CARTESIAN_POINT('',(4.884110394586,0.958877771134));
#11369 = CARTESIAN_POINT('',(4.883856962541,0.967100764393));
#11370 = CARTESIAN_POINT('',(4.883835481705,0.97532227329));
#11371 = CARTESIAN_POINT('',(4.88419123897,0.983543816875));
#11372 = CARTESIAN_POINT('',(4.8851086565,0.991768190769));
#11373 = CARTESIAN_POINT('',(4.886810015236,1.));
#11374 = ( GEOMETRIC_REPRESENTATION_CONTEXT(2) 
PARAMETRIC_REPRESENTATION_CONTEXT() REPRESENTATION_CONTEXT('2D SPACE',''
  ) );
#11375 = ORIENTED_EDGE('',*,*,#11376,.F.);
#11376 = EDGE_CURVE('',#11377,#10874,#11379,.T.);
#11377 = VERTEX_POINT('',#11378);
#11378 = CARTESIAN_POINT('',(3.3,48.000000000001,-3.4504648383));
#11379 = SURFACE_CURVE('',#11380,(#11384,#11391),.PCURVE_S1.);
#11380 = LINE('',#11381,#11382);
#11381 = CARTESIAN_POINT('',(3.3,48.,-7.4));
#11382 = VECTOR('',#11383,1.);
#11383 = DIRECTION('',(0.,0.,1.));
#11384 = PCURVE('',#10260,#11385);
#11385 = DEFINITIONAL_REPRESENTATION('',(#11386),#11390);
#11386 = LINE('',#11387,#11388);
#11387 = CARTESIAN_POINT('',(0.,-0.));
#11388 = VECTOR('',#11389,1.);
#11389 = DIRECTION('',(0.,1.));
#11390 = ( GEOMETRIC_REPRESENTATION_CONTEXT(2) 
PARAMETRIC_REPRESENTATION_CONTEXT() REPRESENTATION_CONTEXT('2D SPACE',''
  ) );
#11391 = PCURVE('',#11392,#11397);
#11392 = CYLINDRICAL_SURFACE('',#11393,3.3);
#11393 = AXIS2_PLACEMENT_3D('',#11394,#11395,#11396);
#11394 = CARTESIAN_POINT('',(0.,48.,-7.4));
#11395 = DIRECTION('',(0.,0.,1.));
#11396 = DIRECTION('',(1.,0.,-0.));
#11397 = DEFINITIONAL_REPRESENTATION('',(#11398),#11402);
#11398 = LINE('',#11399,#11400);
#11399 = CARTESIAN_POINT('',(6.28318530718,-0.));
#11400 = VECTOR('',#11401,1.);
#11401 = DIRECTION('',(0.,1.));
#11402 = ( GEOMETRIC_REPRESENTATION_CONTEXT(2) 
PARAMETRIC_REPRESENTATION_CONTEXT() REPRESENTATION_CONTEXT('2D SPACE',''
  ) );
#11403 = ORIENTED_EDGE('',*,*,#11404,.T.);
#11404 = EDGE_CURVE('',#11377,#10245,#11405,.T.);
#11405 = SURFACE_CURVE('',#11406,(#11535,#11667),.PCURVE_S1.);
#11406 = B_SPLINE_CURVE_WITH_KNOTS('',7,(#11407,#11408,#11409,#11410,
    #11411,#11412,#11413,#11414,#11415,#11416,#11417,#11418,#11419,
    #11420,#11421,#11422,#11423,#11424,#11425,#11426,#11427,#11428,
    #11429,#11430,#11431,#11432,#11433,#11434,#11435,#11436,#11437,
    #11438,#11439,#11440,#11441,#11442,#11443,#11444,#11445,#11446,
    #11447,#11448,#11449,#11450,#11451,#11452,#11453,#11454,#11455,
    #11456,#11457,#11458,#11459,#11460,#11461,#11462,#11463,#11464,
    #11465,#11466,#11467,#11468,#11469,#11470,#11471,#11472,#11473,
    #11474,#11475,#11476,#11477,#11478,#11479,#11480,#11481,#11482,
    #11483,#11484,#11485,#11486,#11487,#11488,#11489,#11490,#11491,
    #11492,#11493,#11494,#11495,#11496,#11497,#11498,#11499,#11500,
    #11501,#11502,#11503,#11504,#11505,#11506,#11507,#11508,#11509,
    #11510,#11511,#11512,#11513,#11514,#11515,#11516,#11517,#11518,
    #11519,#11520,#11521,#11522,#11523,#11524,#11525,#11526,#11527,
    #11528,#11529,#11530,#11531,#11532,#11533,#11534),.UNSPECIFIED.,.F.,
  .F.,(8,6,6,6,6,6,6,6,6,6,6,6,6,6,6,6,6,6,6,6,6,8),(0.,
    2.501429065147E-02,6.667993801356E-02,0.135655694891,0.175154462432,
    0.233426998522,0.300255559363,0.342976658473,0.365078778067,
    0.449896212774,0.480296322593,0.499292383112,0.518221150616,
    0.549218127117,0.588159003935,0.636425998974,0.699406414835,
    0.769215891554,0.830157667681,0.864161610179,0.961510172111,1.),
  .UNSPECIFIED.);
#11407 = CARTESIAN_POINT('',(3.3,48.000000000002,-3.450464838284));
#11408 = CARTESIAN_POINT('',(3.3,48.074119690103,-3.446284105049));
#11409 = CARTESIAN_POINT('',(3.298057758033,48.148234959015,
    -3.442046234866));
#11410 = CARTESIAN_POINT('',(3.294173731612,48.222284763743,
    -3.437758330263));
#11411 = CARTESIAN_POINT('',(3.288350710243,48.296208349093,
    -3.433426958931));
#11412 = CARTESIAN_POINT('',(3.280593815414,48.36994524767,
    -3.429058153723));
#11413 = CARTESIAN_POINT('',(3.270910500607,48.443435279879,
    -3.424657412657));
#11414 = CARTESIAN_POINT('',(3.239988820185,48.638518012578,
    -3.412854572339));
#11415 = CARTESIAN_POINT('',(3.215349218016,48.759567316477,
    -3.405404523339));
#11416 = CARTESIAN_POINT('',(3.185437127851,48.879488774586,
    -3.397902607036));
#11417 = CARTESIAN_POINT('',(3.150315228494,48.998009192533,
    -3.390367414356));
#11418 = CARTESIAN_POINT('',(3.110063538621,49.114860139589,
    -3.382813526745));
#11419 = CARTESIAN_POINT('',(3.064779460919,49.229778215662,
    -3.375251970886));
#11420 = CARTESIAN_POINT('',(2.931471095182,49.529120376867,
    -3.355173258009));
#11421 = CARTESIAN_POINT('',(2.834881174857,49.709745784966,
    -3.342655595025));
#11422 = CARTESIAN_POINT('',(2.725333086662,49.883194116015,
    -3.330175156236));
#11423 = CARTESIAN_POINT('',(2.603475400584,50.048360852616,
    -3.317744203501));
#11424 = CARTESIAN_POINT('',(2.47006486694,50.204217387529,
    -3.305359890588));
#11425 = CARTESIAN_POINT('',(2.325965131754,50.349814350722,
    -3.293012810616));
#11426 = CARTESIAN_POINT('',(2.084083206351,50.561305367398,
    -3.273639651654));
#11427 = CARTESIAN_POINT('',(1.992820144279,50.634673635661,
    -3.266594270707));
#11428 = CARTESIAN_POINT('',(1.898552360019,50.704240805467,
    -3.259555926349));
#11429 = CARTESIAN_POINT('',(1.801470457726,50.769859893732,
    -3.252522505562));
#11430 = CARTESIAN_POINT('',(1.701773485261,50.831396285687,
    -3.245491943794));
#11431 = CARTESIAN_POINT('',(1.599668784215,50.888727824451,
    -3.238462466522));
#11432 = CARTESIAN_POINT('',(1.341502546614,51.019960998902,
    -3.221062008467));
#11433 = CARTESIAN_POINT('',(1.182855139776,51.088790130444,
    -3.210690375711));
#11434 = CARTESIAN_POINT('',(1.020126195851,51.147876824042,
    -3.200314129543));
#11435 = CARTESIAN_POINT('',(0.854034965441,51.196937516429,
    -3.18993055519));
#11436 = CARTESIAN_POINT('',(0.685320364304,51.235754171525,
    -3.179538686757));
#11437 = CARTESIAN_POINT('',(0.514739975907,51.264174468745,
    -3.169139380363));
#11438 = CARTESIAN_POINT('',(0.146196397166,51.302697342292,
    -3.14680253809));
#11439 = CARTESIAN_POINT('',(-5.212898092003E-02,51.309499658982,
    -3.134862208324));
#11440 = CARTESIAN_POINT('',(-0.250728380272,51.302399924863,
    -3.122917347458));
#11441 = CARTESIAN_POINT('',(-0.448435932156,51.28140445287,
    -3.110971490729));
#11442 = CARTESIAN_POINT('',(-0.644096995474,51.246635856563,
    -3.099027205786));
#11443 = CARTESIAN_POINT('',(-0.83657025301,51.198332862277,
    -3.087086025958));
#11444 = CARTESIAN_POINT('',(-1.145016221695,51.097571673831,
    -3.067518551203));
#11445 = CARTESIAN_POINT('',(-1.26354437007,51.052896203354,
    -3.059889278543));
#11446 = CARTESIAN_POINT('',(-1.380025119969,51.002934203564,
    -3.052261656037));
#11447 = CARTESIAN_POINT('',(-1.494176182113,50.947799312086,
    -3.044635440592));
#11448 = CARTESIAN_POINT('',(-1.605724024693,50.887623618295,
    -3.037010135432));
#11449 = CARTESIAN_POINT('',(-1.714404098986,50.822557561193,
    -3.029385170928));
#11450 = CARTESIAN_POINT('',(-1.87457184826,50.716664556754,
    -3.017815183376));
#11451 = CARTESIAN_POINT('',(-1.928347015919,50.679295298533,
    -3.013870232395));
#11452 = CARTESIAN_POINT('',(-1.981251386192,50.640685315905,
    -3.009925147967));
#11453 = CARTESIAN_POINT('',(-2.03325066589,50.60085903403,
    -3.00597985238));
#11454 = CARTESIAN_POINT('',(-2.084311450381,50.559842039954,
    -3.002034274726));
#11455 = CARTESIAN_POINT('',(-2.134401223586,50.517661082604,
    -2.998088350901));
#11456 = CARTESIAN_POINT('',(-2.371861459432,50.308113968217,
    -2.978997894272));
#11457 = CARTESIAN_POINT('',(-2.54549768635,50.125128390738,
    -2.963845568585));
#11458 = CARTESIAN_POINT('',(-2.702555735937,49.926997296972,
    -2.948686237458));
#11459 = CARTESIAN_POINT('',(-2.841487837675,49.715538498066,
    -2.933518472554));
#11460 = CARTESIAN_POINT('',(-2.960991443959,49.492734921396,
    -2.918347571406));
#11461 = CARTESIAN_POINT('',(-3.060013449506,49.260727715569,
    -2.903185108697));
#11462 = CARTESIAN_POINT('',(-3.165689539971,48.936225363913,
    -2.882609943334));
#11463 = CARTESIAN_POINT('',(-3.190846635662,48.849717446104,
    -2.877182900511));
#11464 = CARTESIAN_POINT('',(-3.213244167841,48.762425977625,
    -2.871757859187));
#11465 = CARTESIAN_POINT('',(-3.232853188317,48.67445665186,
    -2.866334807814));
#11466 = CARTESIAN_POINT('',(-3.24964985949,48.585916323232,
    -2.860913429334));
#11467 = CARTESIAN_POINT('',(-3.263615454351,48.496913007198,
    -2.855493101181));
#11468 = CARTESIAN_POINT('',(-3.281685454075,48.351719457243,
    -2.846685981217));
#11469 = CARTESIAN_POINT('',(-3.287523832293,48.295744775784,
    -2.843299083757));
#11470 = CARTESIAN_POINT('',(-3.29224818156,48.239658417382,
    -2.839911957734));
#11471 = CARTESIAN_POINT('',(-3.29585599309,48.183487024955,
    -2.836524264389));
#11472 = CARTESIAN_POINT('',(-3.298345558881,48.127257302826,
    -2.833135571371));
#11473 = CARTESIAN_POINT('',(-3.29971597172,48.070996016727,
    -2.829745352732));
#11474 = CARTESIAN_POINT('',(-3.30021738894,47.958663291677,
    -2.822972642491));
#11475 = CARTESIAN_POINT('',(-3.29935631112,47.902591862259,
    -2.81958995783));
#11476 = CARTESIAN_POINT('',(-3.297383791238,47.846542111965,
    -2.816205561368));
#11477 = CARTESIAN_POINT('',(-3.294300508116,47.790540412074,
    -2.812819999043));
#11478 = CARTESIAN_POINT('',(-3.290107919878,47.73461309872,
    -2.809433736319));
#11479 = CARTESIAN_POINT('',(-3.284808263959,47.67878647289,
    -2.806047158182));
#11480 = CARTESIAN_POINT('',(-3.267918108302,47.531875291905,
    -2.797114829258));
#11481 = CARTESIAN_POINT('',(-3.25447099512,47.441003890384,
    -2.791569099503));
#11482 = CARTESIAN_POINT('',(-3.2380765194,47.350588255358,
    -2.786024553117));
#11483 = CARTESIAN_POINT('',(-3.218753510985,47.26074289945,
    -2.780482002073));
#11484 = CARTESIAN_POINT('',(-3.196526327711,47.171581188415,
    -2.77494189708));
#11485 = CARTESIAN_POINT('',(-3.171424855407,47.083215341136,
    -2.76940432758));
#11486 = CARTESIAN_POINT('',(-3.108383612465,46.885883561882,
    -2.756915128607));
#11487 = CARTESIAN_POINT('',(-3.068801905162,46.77744088186,
    -2.749964849317));
#11488 = CARTESIAN_POINT('',(-3.024809838946,46.670648954971,
    -2.743017962263));
#11489 = CARTESIAN_POINT('',(-2.976490791669,46.565722668733,
    -2.73607372616));
#11490 = CARTESIAN_POINT('',(-2.923940998009,46.462871084237,
    -2.729131150111));
#11491 = CARTESIAN_POINT('',(-2.867269481415,46.362297287618,
    -2.722189263667));
#11492 = CARTESIAN_POINT('',(-2.73139601307,46.142605032583,
    -2.706642970142));
#11493 = CARTESIAN_POINT('',(-2.650046868886,46.024811131482,
    -2.698038376622));
#11494 = CARTESIAN_POINT('',(-2.562783359642,45.911192535827,
    -2.689432253036));
#11495 = CARTESIAN_POINT('',(-2.469864098417,45.802104127332,
    -2.680823481908));
#11496 = CARTESIAN_POINT('',(-2.371573174989,45.697879325279,
    -2.672211370733));
#11497 = CARTESIAN_POINT('',(-2.268219825612,45.598829739984,
    -2.663595841129));
#11498 = CARTESIAN_POINT('',(-2.019109396821,45.383132049607,
    -2.643732267484));
#11499 = CARTESIAN_POINT('',(-1.870021080215,45.270315129893,
    -2.632481569248));
#11500 = CARTESIAN_POINT('',(-1.713619404991,45.167442656189,
    -2.62122731803));
#11501 = CARTESIAN_POINT('',(-1.550703649785,45.075074246439,
    -2.609971574235));
#11502 = CARTESIAN_POINT('',(-1.382119423045,44.993689304285,
    -2.598716280841));
#11503 = CARTESIAN_POINT('',(-1.20875734857,44.923686281989,
    -2.587463112803));
#11504 = CARTESIAN_POINT('',(-0.835142833253,44.800735560674,
    -2.563744199104));
#11505 = CARTESIAN_POINT('',(-0.633989479295,44.75045254512,
    -2.551277810304));
#11506 = CARTESIAN_POINT('',(-0.429379381543,44.714949302055,
    -2.53881676618));
#11507 = CARTESIAN_POINT('',(-0.222614950587,44.694494335401,
    -2.52636001836));
#11508 = CARTESIAN_POINT('',(-1.501388420187E-02,44.689218125905,
    -2.51390385562));
#11509 = CARTESIAN_POINT('',(0.19209371176,44.699112728104,
    -2.501444014594));
#11510 = CARTESIAN_POINT('',(0.576563631807,44.745747623699,
    -2.478097647049));
#11511 = CARTESIAN_POINT('',(0.754380583272,44.778920305333,
    -2.467211220698));
#11512 = CARTESIAN_POINT('',(0.929928272082,44.823423342193,
    -2.456318735154));
#11513 = CARTESIAN_POINT('',(1.102343791707,44.879063721008,
    -2.445418665157));
#11514 = CARTESIAN_POINT('',(1.270788841419,44.94557067545,
    -2.434510947181));
#11515 = CARTESIAN_POINT('',(1.434451020568,45.02259623287,
    -2.42359812462));
#11516 = CARTESIAN_POINT('',(1.680761664067,45.158313099248,
    -2.406596971029));
#11517 = CARTESIAN_POINT('',(1.767245184889,45.210060155548,
    -2.400508131898));
#11518 = CARTESIAN_POINT('',(1.851863557446,45.264874209698,
    -2.394420172722));
#11519 = CARTESIAN_POINT('',(1.934486708279,45.32267427464,
    -2.388334121048));
#11520 = CARTESIAN_POINT('',(2.014989250811,45.383372677785,
    -2.382251120866));
#11521 = CARTESIAN_POINT('',(2.093250485351,45.446875061018,
    -2.376172432607));
#11522 = CARTESIAN_POINT('',(2.386456755963,45.702617010538,
    -2.352713279628));
#11523 = CARTESIAN_POINT('',(2.584498843046,45.914359419723,
    -2.335368669797));
#11524 = CARTESIAN_POINT('',(2.760452148646,46.145878327019,
    -2.3181039514));
#11525 = CARTESIAN_POINT('',(2.912020278397,46.394380148999,
    -2.300943091782));
#11526 = CARTESIAN_POINT('',(3.037334093511,46.656808161896,
    -2.283886669308));
#11527 = CARTESIAN_POINT('',(3.13494878796,46.929836494737,
    -2.266839474267));
#11528 = CARTESIAN_POINT('',(3.231298590501,47.32050859168,
    -2.24275352383));
#11529 = CARTESIAN_POINT('',(3.254136584656,47.432303094502,
    -2.235894593217));
#11530 = CARTESIAN_POINT('',(3.272458588213,47.544976588148,
    -2.228987338689));
#11531 = CARTESIAN_POINT('',(3.286224787922,47.658307930344,
    -2.222014052427));
#11532 = CARTESIAN_POINT('',(3.295409190179,47.772073436599,
    -2.214953339548));
#11533 = CARTESIAN_POINT('',(3.3,47.886046964832,-2.207779987925));
#11534 = CARTESIAN_POINT('',(3.3,48.000000000002,-2.200464838007));
#11535 = PCURVE('',#10260,#11536);
#11536 = DEFINITIONAL_REPRESENTATION('',(#11537),#11666);
#11537 = B_SPLINE_CURVE_WITH_KNOTS('',7,(#11538,#11539,#11540,#11541,
    #11542,#11543,#11544,#11545,#11546,#11547,#11548,#11549,#11550,
    #11551,#11552,#11553,#11554,#11555,#11556,#11557,#11558,#11559,
    #11560,#11561,#11562,#11563,#11564,#11565,#11566,#11567,#11568,
    #11569,#11570,#11571,#11572,#11573,#11574,#11575,#11576,#11577,
    #11578,#11579,#11580,#11581,#11582,#11583,#11584,#11585,#11586,
    #11587,#11588,#11589,#11590,#11591,#11592,#11593,#11594,#11595,
    #11596,#11597,#11598,#11599,#11600,#11601,#11602,#11603,#11604,
    #11605,#11606,#11607,#11608,#11609,#11610,#11611,#11612,#11613,
    #11614,#11615,#11616,#11617,#11618,#11619,#11620,#11621,#11622,
    #11623,#11624,#11625,#11626,#11627,#11628,#11629,#11630,#11631,
    #11632,#11633,#11634,#11635,#11636,#11637,#11638,#11639,#11640,
    #11641,#11642,#11643,#11644,#11645,#11646,#11647,#11648,#11649,
    #11650,#11651,#11652,#11653,#11654,#11655,#11656,#11657,#11658,
    #11659,#11660,#11661,#11662,#11663,#11664,#11665),.UNSPECIFIED.,.F.,
  .F.,(8,6,6,6,6,6,6,6,6,6,6,6,6,6,6,6,6,6,6,6,6,8),(0.,
    2.501429065147E-02,6.667993801356E-02,0.135655694891,0.175154462432,
    0.233426998522,0.300255559363,0.342976658473,0.365078778067,
    0.449896212774,0.480296322593,0.499292383112,0.518221150616,
    0.549218127117,0.588159003935,0.636425998974,0.699406414835,
    0.769215891554,0.830157667681,0.864161610179,0.961510172111,1.),
  .UNSPECIFIED.);
#11538 = CARTESIAN_POINT('',(0.,3.949535161716));
#11539 = CARTESIAN_POINT('',(2.2460512152E-02,3.953715894951));
#11540 = CARTESIAN_POINT('',(4.491966670213E-02,3.957953765134));
#11541 = CARTESIAN_POINT('',(6.737751568242E-02,3.962241669737));
#11542 = CARTESIAN_POINT('',(8.983413405992E-02,3.966573041069));
#11543 = CARTESIAN_POINT('',(0.112289619737,3.970941846277));
#11544 = CARTESIAN_POINT('',(0.13474409355,3.975342587343));
#11545 = CARTESIAN_POINT('',(0.194598080959,3.987145427661));
#11546 = CARTESIAN_POINT('',(0.231996297045,3.994595476661));
#11547 = CARTESIAN_POINT('',(0.269392524769,4.002097392964));
#11548 = CARTESIAN_POINT('',(0.306787429912,4.009632585644));
#11549 = CARTESIAN_POINT('',(0.344181778504,4.017186473255));
#11550 = CARTESIAN_POINT('',(0.381576048543,4.024748029114));
#11551 = CARTESIAN_POINT('',(0.480874251628,4.044826741991));
#11552 = CARTESIAN_POINT('',(0.542782549249,4.057344404975));
#11553 = CARTESIAN_POINT('',(0.604689212212,4.069824843764));
#11554 = CARTESIAN_POINT('',(0.666595666374,4.082255796499));
#11555 = CARTESIAN_POINT('',(0.728505584127,4.094640109412));
#11556 = CARTESIAN_POINT('',(0.79041978571,4.106987189384));
#11557 = CARTESIAN_POINT('',(0.887784188829,4.126360348346));
#11558 = CARTESIAN_POINT('',(0.923237998319,4.133405729293));
#11559 = CARTESIAN_POINT('',(0.958691867132,4.140444073651));
#11560 = CARTESIAN_POINT('',(0.994145787505,4.147477494438));
#11561 = CARTESIAN_POINT('',(1.029599922736,4.154508056206));
#11562 = CARTESIAN_POINT('',(1.065054281159,4.161537533478));
#11563 = CARTESIAN_POINT('',(1.152813840986,4.178937991533));
#11564 = CARTESIAN_POINT('',(1.205121021032,4.189309624289));
#11565 = CARTESIAN_POINT('',(1.25742675926,4.199685870457));
#11566 = CARTESIAN_POINT('',(1.309731439248,4.21006944481));
#11567 = CARTESIAN_POINT('',(1.36203666391,4.220461313243));
#11568 = CARTESIAN_POINT('',(1.414342916098,4.230860619637));
#11569 = CARTESIAN_POINT('',(1.526631235964,4.25319746191));
#11570 = CARTESIAN_POINT('',(1.586618442924,4.265137791676));
#11571 = CARTESIAN_POINT('',(1.646602959827,4.277082652542));
#11572 = CARTESIAN_POINT('',(1.706585812966,4.289028509271));
#11573 = CARTESIAN_POINT('',(1.766570313922,4.300972794214));
#11574 = CARTESIAN_POINT('',(1.826557451452,4.312913974042));
#11575 = CARTESIAN_POINT('',(1.924886807815,4.332481448797));
#11576 = CARTESIAN_POINT('',(1.963232743795,4.340110721457));
#11577 = CARTESIAN_POINT('',(2.001578469594,4.347738343963));
#11578 = CARTESIAN_POINT('',(2.039924073553,4.355364559408));
#11579 = CARTESIAN_POINT('',(2.078269881068,4.362989864568));
#11580 = CARTESIAN_POINT('',(2.116615972596,4.370614829072));
#11581 = CARTESIAN_POINT('',(2.174800186796,4.382184816624));
#11582 = CARTESIAN_POINT('',(2.194638675516,4.386129767605));
#11583 = CARTESIAN_POINT('',(2.214477164073,4.390074852033));
#11584 = CARTESIAN_POINT('',(2.23431564836,4.39402014762));
#11585 = CARTESIAN_POINT('',(2.254154123908,4.397965725274));
#11586 = CARTESIAN_POINT('',(2.273992585887,4.401911649099));
#11587 = CARTESIAN_POINT('',(2.369961549322,4.421002105728));
#11588 = CARTESIAN_POINT('',(2.446103015094,4.436154431415));
#11589 = CARTESIAN_POINT('',(2.522236007687,4.451313762542));
#11590 = CARTESIAN_POINT('',(2.598363497302,4.466481527446));
#11591 = CARTESIAN_POINT('',(2.67449613439,4.481652428594));
#11592 = CARTESIAN_POINT('',(2.750637265175,4.496814891303));
#11593 = CARTESIAN_POINT('',(2.854054192318,4.517390056666));
#11594 = CARTESIAN_POINT('',(2.881340808567,4.522817099489));
#11595 = CARTESIAN_POINT('',(2.908627509496,4.528242140813));
#11596 = CARTESIAN_POINT('',(2.935914278589,4.533665192186));
#11597 = CARTESIAN_POINT('',(2.963201093437,4.539086570666));
#11598 = CARTESIAN_POINT('',(2.990487925736,4.544506898819));
#11599 = CARTESIAN_POINT('',(3.034825403367,4.553314018783));
#11600 = CARTESIAN_POINT('',(3.051876067869,4.556700916243));
#11601 = CARTESIAN_POINT('',(3.068926725872,4.560088042266));
#11602 = CARTESIAN_POINT('',(3.085977365305,4.563475735611));
#11603 = CARTESIAN_POINT('',(3.10302797095,4.566864428629));
#11604 = CARTESIAN_POINT('',(3.120078524447,4.570254647268));
#11605 = CARTESIAN_POINT('',(3.154119083273,4.577027357509));
#11606 = CARTESIAN_POINT('',(3.171109086908,4.58041004217));
#11607 = CARTESIAN_POINT('',(3.188099034831,4.583794438632));
#11608 = CARTESIAN_POINT('',(3.205088944188,4.587180000957));
#11609 = CARTESIAN_POINT('',(3.222078829631,4.590566263681));
#11610 = CARTESIAN_POINT('',(3.239068703318,4.593952841818));
#11611 = CARTESIAN_POINT('',(3.283880494672,4.602885170742));
#11612 = CARTESIAN_POINT('',(3.311702442113,4.608430900497));
#11613 = CARTESIAN_POINT('',(3.339524445992,4.613975446883));
#11614 = CARTESIAN_POINT('',(3.367346523286,4.619517997927));
#11615 = CARTESIAN_POINT('',(3.395168679206,4.62505810292));
#11616 = CARTESIAN_POINT('',(3.422990907186,4.63059567242));
#11617 = CARTESIAN_POINT('',(3.485765760619,4.643084871393));
#11618 = CARTESIAN_POINT('',(3.520718705407,4.650035150683));
#11619 = CARTESIAN_POINT('',(3.555671601391,4.656982037737));
#11620 = CARTESIAN_POINT('',(3.590624479315,4.66392627384));
#11621 = CARTESIAN_POINT('',(3.625577520875,4.670868849889));
#11622 = CARTESIAN_POINT('',(3.660530757078,4.677810736333));
#11623 = CARTESIAN_POINT('',(3.738807822809,4.693357029858));
#11624 = CARTESIAN_POINT('',(3.782132538208,4.701961623378));
#11625 = CARTESIAN_POINT('',(3.825456714324,4.710567746964));
#11626 = CARTESIAN_POINT('',(3.868780491834,4.719176518092));
#11627 = CARTESIAN_POINT('',(3.912104468012,4.727788629267));
#11628 = CARTESIAN_POINT('',(3.955428814183,4.736404158871));
#11629 = CARTESIAN_POINT('',(4.055282471733,4.756267732516));
#11630 = CARTESIAN_POINT('',(4.111814952128,4.767518430752));
#11631 = CARTESIAN_POINT('',(4.168345420279,4.77877268197));
#11632 = CARTESIAN_POINT('',(4.224874622838,4.790028425765));
#11633 = CARTESIAN_POINT('',(4.281405027829,4.801283719159));
#11634 = CARTESIAN_POINT('',(4.337937386618,4.812536887197));
#11635 = CARTESIAN_POINT('',(4.457126830752,4.836255800896));
#11636 = CARTESIAN_POINT('',(4.519790753027,4.848722189696));
#11637 = CARTESIAN_POINT('',(4.582451710416,4.86118323382));
#11638 = CARTESIAN_POINT('',(4.645110810337,4.87363998164));
#11639 = CARTESIAN_POINT('',(4.707771957722,4.88609614438));
#11640 = CARTESIAN_POINT('',(4.770436175271,4.898555985406));
#11641 = CARTESIAN_POINT('',(4.887796151001,4.921902352951));
#11642 = CARTESIAN_POINT('',(4.942498425446,4.932788779302));
#11643 = CARTESIAN_POINT('',(4.997198895629,4.943681264846));
#11644 = CARTESIAN_POINT('',(5.051898100795,4.954581334843));
#11645 = CARTESIAN_POINT('',(5.106598077553,4.965489052819));
#11646 = CARTESIAN_POINT('',(5.161299479385,4.97640187538));
#11647 = CARTESIAN_POINT('',(5.246519445897,4.993403028971));
#11648 = CARTESIAN_POINT('',(5.277040234724,4.999491868102));
#11649 = CARTESIAN_POINT('',(5.307561073747,5.005579827278));
#11650 = CARTESIAN_POINT('',(5.338081981106,5.011665878952));
#11651 = CARTESIAN_POINT('',(5.368602978556,5.017748879134));
#11652 = CARTESIAN_POINT('',(5.399124091468,5.023827567393));
#11653 = CARTESIAN_POINT('',(5.5170234672,5.047286720372));
#11654 = CARTESIAN_POINT('',(5.604426301276,5.064631330203));
#11655 = CARTESIAN_POINT('',(5.691813597551,5.081896048599));
#11656 = CARTESIAN_POINT('',(5.779197026518,5.099056908218));
#11657 = CARTESIAN_POINT('',(5.866589904016,5.116113330692));
#11658 = CARTESIAN_POINT('',(5.954001864175,5.133160525733));
#11659 = CARTESIAN_POINT('',(6.075934560155,5.15724647617));
#11660 = CARTESIAN_POINT('',(6.110483293786,5.164105406783));
#11661 = CARTESIAN_POINT('',(6.145030305647,5.171012661311));
#11662 = CARTESIAN_POINT('',(6.179574999548,5.177985947573));
#11663 = CARTESIAN_POINT('',(6.214116653869,5.185046660452));
#11664 = CARTESIAN_POINT('',(6.248654084401,5.192220012075));
#11665 = CARTESIAN_POINT('',(6.28318530718,5.199535161993));
#11666 = ( GEOMETRIC_REPRESENTATION_CONTEXT(2) 
PARAMETRIC_REPRESENTATION_CONTEXT() REPRESENTATION_CONTEXT('2D SPACE',''
  ) );
#11667 = PCURVE('',#10762,#11668);
#11668 = DEFINITIONAL_REPRESENTATION('',(#11669),#11798);
#11669 = B_SPLINE_CURVE_WITH_KNOTS('',7,(#11670,#11671,#11672,#11673,
    #11674,#11675,#11676,#11677,#11678,#11679,#11680,#11681,#11682,
    #11683,#11684,#11685,#11686,#11687,#11688,#11689,#11690,#11691,
    #11692,#11693,#11694,#11695,#11696,#11697,#11698,#11699,#11700,
    #11701,#11702,#11703,#11704,#11705,#11706,#11707,#11708,#11709,
    #11710,#11711,#11712,#11713,#11714,#11715,#11716,#11717,#11718,
    #11719,#11720,#11721,#11722,#11723,#11724,#11725,#11726,#11727,
    #11728,#11729,#11730,#11731,#11732,#11733,#11734,#11735,#11736,
    #11737,#11738,#11739,#11740,#11741,#11742,#11743,#11744,#11745,
    #11746,#11747,#11748,#11749,#11750,#11751,#11752,#11753,#11754,
    #11755,#11756,#11757,#11758,#11759,#11760,#11761,#11762,#11763,
    #11764,#11765,#11766,#11767,#11768,#11769,#11770,#11771,#11772,
    #11773,#11774,#11775,#11776,#11777,#11778,#11779,#11780,#11781,
    #11782,#11783,#11784,#11785,#11786,#11787,#11788,#11789,#11790,
    #11791,#11792,#11793,#11794,#11795,#11796,#11797),.UNSPECIFIED.,.F.,
  .F.,(8,6,6,6,6,6,6,6,6,6,6,6,6,6,6,6,6,6,6,6,6,8),(0.,
    2.501429065147E-02,6.667993801356E-02,0.135655694891,0.175154462432,
    0.233426998522,0.300255559363,0.342976658473,0.365078778067,
    0.449896212774,0.480296322593,0.499292383112,0.518221150616,
    0.549218127117,0.588159003935,0.636425998974,0.699406414835,
    0.769215891554,0.830157667681,0.864161610179,0.961510172111,1.),
  .UNSPECIFIED.);
#11670 = CARTESIAN_POINT('',(2.113189985931,0.));
#11671 = CARTESIAN_POINT('',(2.113928978416,3.57552173878E-03));
#11672 = CARTESIAN_POINT('',(2.11451698767,7.149570776599E-03));
#11673 = CARTESIAN_POINT('',(2.114973538288,1.072256652634E-02));
#11674 = CARTESIAN_POINT('',(2.115316566108,1.429485978404E-02));
#11675 = CARTESIAN_POINT('',(2.115562418208,1.786673272886E-02));
#11676 = CARTESIAN_POINT('',(2.115725852908,2.143839892313E-02));
#11677 = CARTESIAN_POINT('',(2.115976924356,3.095913099576E-02));
#11678 = CARTESIAN_POINT('',(2.115941654821,3.690814845826E-02));
#11679 = CARTESIAN_POINT('',(2.11577535688,4.28577133853E-02));
#11680 = CARTESIAN_POINT('',(2.115526780726,4.880818747075E-02));
#11681 = CARTESIAN_POINT('',(2.115233626932,5.475968698626E-02));
#11682 = CARTESIAN_POINT('',(2.114923872342,6.071213335057E-02));
#11683 = CARTESIAN_POINT('',(2.114109240384,7.65205311246E-02));
#11684 = CARTESIAN_POINT('',(2.113609549285,8.637850801422E-02));
#11685 = CARTESIAN_POINT('',(2.113208034457,9.623738562834E-02));
#11686 = CARTESIAN_POINT('',(2.112932443689,0.106096025664));
#11687 = CARTESIAN_POINT('',(2.112774124552,0.115954001224));
#11688 = CARTESIAN_POINT('',(2.112708143949,0.125811046219));
#11689 = CARTESIAN_POINT('',(2.1127073883,0.141309337174));
#11690 = CARTESIAN_POINT('',(2.112728597776,0.146952269865));
#11691 = CARTESIAN_POINT('',(2.112766100956,0.152594665066));
#11692 = CARTESIAN_POINT('',(2.112814613565,0.158236561857));
#11693 = CARTESIAN_POINT('',(2.112869170403,0.163878060252));
#11694 = CARTESIAN_POINT('',(2.112925537756,0.169519256836));
#11695 = CARTESIAN_POINT('',(2.113061897265,0.183482235547));
#11696 = CARTESIAN_POINT('',(2.113140348872,0.191804057831));
#11697 = CARTESIAN_POINT('',(2.113205690248,0.200125473895));
#11698 = CARTESIAN_POINT('',(2.113252358865,0.208446917269));
#11699 = CARTESIAN_POINT('',(2.113279690452,0.216768953085));
#11700 = CARTESIAN_POINT('',(2.113290738373,0.225091850623));
#11701 = CARTESIAN_POINT('',(2.113288599332,0.242960655877));
#11702 = CARTESIAN_POINT('',(2.113271648412,0.252507622467));
#11703 = CARTESIAN_POINT('',(2.113245297161,0.262055276332));
#11704 = CARTESIAN_POINT('',(2.113218747261,0.271603664811));
#11705 = CARTESIAN_POINT('',(2.113199260975,0.281153003241));
#11706 = CARTESIAN_POINT('',(2.113189935575,0.290703032856));
#11707 = CARTESIAN_POINT('',(2.113190017247,0.306357038088));
#11708 = CARTESIAN_POINT('',(2.113193874204,0.312461661478));
#11709 = CARTESIAN_POINT('',(2.11320141102,0.318566114703));
#11710 = CARTESIAN_POINT('',(2.113211764823,0.324670322587));
#11711 = CARTESIAN_POINT('',(2.113223599387,0.330774264982));
#11712 = CARTESIAN_POINT('',(2.113235349412,0.336877908435));
#11713 = CARTESIAN_POINT('',(2.113250698064,0.346138694881));
#11714 = CARTESIAN_POINT('',(2.113255502241,0.349296156955));
#11715 = CARTESIAN_POINT('',(2.113259653051,0.352453521609));
#11716 = CARTESIAN_POINT('',(2.113262950302,0.355610788453));
#11717 = CARTESIAN_POINT('',(2.11326521788,0.358767959179));
#11718 = CARTESIAN_POINT('',(2.113266303753,0.361925037559));
#11719 = CARTESIAN_POINT('',(2.113265221162,0.37719706448));
#11720 = CARTESIAN_POINT('',(2.113245036225,0.389312617184));
#11721 = CARTESIAN_POINT('',(2.113199756564,0.401425932143));
#11722 = CARTESIAN_POINT('',(2.113130005215,0.413538346727));
#11723 = CARTESIAN_POINT('',(2.113057760673,0.42565249119));
#11724 = CARTESIAN_POINT('',(2.113016241469,0.437769486576));
#11725 = CARTESIAN_POINT('',(2.113014163114,0.454228969348));
#11726 = CARTESIAN_POINT('',(2.113018602919,0.458571991039));
#11727 = CARTESIAN_POINT('',(2.113028756092,0.462915196958));
#11728 = CARTESIAN_POINT('',(2.113044540687,0.467258570736));
#11729 = CARTESIAN_POINT('',(2.113065067624,0.471602088182));
#11730 = CARTESIAN_POINT('',(2.113088640687,0.475945717283));
#11731 = CARTESIAN_POINT('',(2.113127825748,0.48300365858));
#11732 = CARTESIAN_POINT('',(2.113143035276,0.485717929524));
#11733 = CARTESIAN_POINT('',(2.113157726485,0.488432221344));
#11734 = CARTESIAN_POINT('',(2.11317100312,0.491146524967));
#11735 = CARTESIAN_POINT('',(2.11318173129,0.493860831935));
#11736 = CARTESIAN_POINT('',(2.113188539476,0.496575134403));
#11737 = CARTESIAN_POINT('',(2.113191093041,0.501994100585));
#11738 = CARTESIAN_POINT('',(2.1131863461,0.504698764895));
#11739 = CARTESIAN_POINT('',(2.113177181741,0.507403418203));
#11740 = CARTESIAN_POINT('',(2.113164992542,0.510108058939));
#11741 = CARTESIAN_POINT('',(2.113150959628,0.512812683835));
#11742 = CARTESIAN_POINT('',(2.113136052664,0.51551728792));
#11743 = CARTESIAN_POINT('',(2.113096429123,0.522650768707));
#11744 = CARTESIAN_POINT('',(2.113071645768,0.527079607717));
#11745 = CARTESIAN_POINT('',(2.113049579626,0.531508349162));
#11746 = CARTESIAN_POINT('',(2.113032222187,0.535936965804));
#11747 = CARTESIAN_POINT('',(2.113020656597,0.540365435558));
#11748 = CARTESIAN_POINT('',(2.113015057663,0.544793741498));
#11749 = CARTESIAN_POINT('',(2.113014232274,0.554784842763));
#11750 = CARTESIAN_POINT('',(2.113022293184,0.560347585242));
#11751 = CARTESIAN_POINT('',(2.113038051302,0.56591001931));
#11752 = CARTESIAN_POINT('',(2.113059677831,0.571472166498));
#11753 = CARTESIAN_POINT('',(2.113084856806,0.577034095782));
#11754 = CARTESIAN_POINT('',(2.113111303448,0.582595869531));
#11755 = CARTESIAN_POINT('',(2.113169483443,0.595051085641));
#11756 = CARTESIAN_POINT('',(2.113200984814,0.60194460466));
#11757 = CARTESIAN_POINT('',(2.113228130074,0.60883798645));
#11758 = CARTESIAN_POINT('',(2.113248601243,0.615731400622));
#11759 = CARTESIAN_POINT('',(2.113261380478,0.622625083102));
#11760 = CARTESIAN_POINT('',(2.113266711628,0.629519172801));
#11761 = CARTESIAN_POINT('',(2.113265213858,0.64540956374));
#11762 = CARTESIAN_POINT('',(2.113254124394,0.654406656917));
#11763 = CARTESIAN_POINT('',(2.113235589824,0.663404265886));
#11764 = CARTESIAN_POINT('',(2.113215285909,0.672402515999));
#11765 = CARTESIAN_POINT('',(2.113198940341,0.681401642776));
#11766 = CARTESIAN_POINT('',(2.113190314216,0.690401481595));
#11767 = CARTESIAN_POINT('',(2.113189635621,0.709376400607));
#11768 = CARTESIAN_POINT('',(2.113199483693,0.719352589231));
#11769 = CARTESIAN_POINT('',(2.113220537219,0.729328003819));
#11770 = CARTESIAN_POINT('',(2.113249141774,0.739302341061));
#11771 = CARTESIAN_POINT('',(2.113276672712,0.749275874735));
#11772 = CARTESIAN_POINT('',(2.11329239909,0.759248662112));
#11773 = CARTESIAN_POINT('',(2.113287019136,0.77792407503));
#11774 = CARTESIAN_POINT('',(2.113270302917,0.786627992346));
#11775 = CARTESIAN_POINT('',(2.113234866503,0.795330906956));
#11776 = CARTESIAN_POINT('',(2.113177886192,0.804033156659));
#11777 = CARTESIAN_POINT('',(2.113101464922,0.812735449444));
#11778 = CARTESIAN_POINT('',(2.113013851087,0.821438328219));
#11779 = CARTESIAN_POINT('',(2.112881090265,0.834997763411));
#11780 = CARTESIAN_POINT('',(2.112834186443,0.839854177297));
#11781 = CARTESIAN_POINT('',(2.112790488463,0.844710889045));
#11782 = CARTESIAN_POINT('',(2.112752806269,0.849567954724));
#11783 = CARTESIAN_POINT('',(2.112724197165,0.854425414549));
#11784 = CARTESIAN_POINT('',(2.112707965813,0.859283292882));
#11785 = CARTESIAN_POINT('',(2.112706800849,0.878050251304));
#11786 = CARTESIAN_POINT('',(2.112835407012,0.891966128656));
#11787 = CARTESIAN_POINT('',(2.113170936893,0.905882756515));
#11788 = CARTESIAN_POINT('',(2.113775431075,0.919800348688));
#11789 = CARTESIAN_POINT('',(2.11464420676,0.933716979108));
#11790 = CARTESIAN_POINT('',(2.115521775061,0.947628975265));
#11791 = CARTESIAN_POINT('',(2.115939429725,0.967028252727));
#11792 = CARTESIAN_POINT('',(2.115967361545,0.972524125918));
#11793 = CARTESIAN_POINT('',(2.115868813141,0.97801913317));
#11794 = CARTESIAN_POINT('',(2.115599275816,0.98351353177));
#11795 = CARTESIAN_POINT('',(2.115105655487,0.989007845723));
#11796 = CARTESIAN_POINT('',(2.114326126463,0.994502924203));
#11797 = CARTESIAN_POINT('',(2.113189985224,1.));
#11798 = ( GEOMETRIC_REPRESENTATION_CONTEXT(2) 
PARAMETRIC_REPRESENTATION_CONTEXT() REPRESENTATION_CONTEXT('2D SPACE',''
  ) );
#11799 = ORIENTED_EDGE('',*,*,#10244,.T.);
#11800 = ADVANCED_FACE('',(#11801),#10683,.T.);
#11801 = FACE_BOUND('',#11802,.T.);
#11802 = EDGE_LOOP('',(#11803,#11847,#11876,#11877));
#11803 = ORIENTED_EDGE('',*,*,#11804,.T.);
#11804 = EDGE_CURVE('',#10749,#11805,#11807,.T.);
#11805 = VERTEX_POINT('',#11806);
#11806 = CARTESIAN_POINT('',(3.90000000068,48.00000000002,
    -2.703125000324));
#11807 = SURFACE_CURVE('',#11808,(#11811,#11817),.PCURVE_S1.);
#11808 = B_SPLINE_CURVE_WITH_KNOTS('',1,(#11809,#11810),.UNSPECIFIED.,
  .F.,.F.,(2,2),(3.,4.),.PIECEWISE_BEZIER_KNOTS.);
#11809 = CARTESIAN_POINT('',(3.900000000748,48.000000000016,
    -2.546875000259));
#11810 = CARTESIAN_POINT('',(3.900000000688,48.000000000016,
    -2.703125000259));
#11811 = PCURVE('',#10683,#11812);
#11812 = DEFINITIONAL_REPRESENTATION('',(#11813),#11816);
#11813 = B_SPLINE_CURVE_WITH_KNOTS('',1,(#11814,#11815),.UNSPECIFIED.,
  .F.,.F.,(2,2),(3.,4.),.PIECEWISE_BEZIER_KNOTS.);
#11814 = CARTESIAN_POINT('',(3.,0.));
#11815 = CARTESIAN_POINT('',(4.,0.));
#11816 = ( GEOMETRIC_REPRESENTATION_CONTEXT(2) 
PARAMETRIC_REPRESENTATION_CONTEXT() REPRESENTATION_CONTEXT('2D SPACE',''
  ) );
#11817 = PCURVE('',#11818,#11841);
#11818 = ( BOUNDED_SURFACE() B_SPLINE_SURFACE(1,6,(
    (#11819,#11820,#11821,#11822,#11823,#11824,#11825,#11826,#11827
      ,#11828,#11829)
    ,(#11830,#11831,#11832,#11833,#11834,#11835,#11836,#11837,#11838
      ,#11839,#11840
)),.UNSPECIFIED.,.F.,.F.,.F.) B_SPLINE_SURFACE_WITH_KNOTS((2,2),(7,4,7),
(3.,4.),(0.,0.5,1.),.UNSPECIFIED.) GEOMETRIC_REPRESENTATION_ITEM() 
RATIONAL_B_SPLINE_SURFACE((
    (1.,1.,1.,1.,1.,1.,1.,1.,1.,1.,1.)
,(1.,1.,1.,1.,1.,1.,1.,1.,1.,1.,1.
  ))) REPRESENTATION_ITEM('') SURFACE() );
#11819 = CARTESIAN_POINT('',(3.900000000269,48.000000000016,
    -3.796875000259));
#11820 = CARTESIAN_POINT('',(3.886228201205,50.041566793268,
    -3.692708333586));
#11821 = CARTESIAN_POINT('',(2.657427919873,52.08313358649,
    -3.588541666463));
#11822 = CARTESIAN_POINT('',(-2.315383689552E-02,53.130152185674,
    -3.484374998752));
#11823 = CARTESIAN_POINT('',(-2.622080301721,52.083133586363,
    -3.380208331091));
#11824 = CARTESIAN_POINT('',(-5.177919697441,47.999999999796,
    -3.171874996785));
#11825 = CARTESIAN_POINT('',(-2.622080301364,43.916866413353,
    -2.963541664435));
#11826 = CARTESIAN_POINT('',(-2.315383640746E-02,42.869847814169,
    -2.859374998763));
#11827 = CARTESIAN_POINT('',(2.65742792039,43.916866413481,
    -2.755208333104));
#11828 = CARTESIAN_POINT('',(3.886228201703,45.958433206764,
    -2.651041666921));
#11829 = CARTESIAN_POINT('',(3.900000000748,48.000000000016,
    -2.546875000259));
#11830 = CARTESIAN_POINT('',(3.900000000209,48.000000000016,
    -3.953125000259));
#11831 = CARTESIAN_POINT('',(3.886228201145,50.041566793268,
    -3.848958333586));
#11832 = CARTESIAN_POINT('',(2.657427919813,52.08313358649,
    -3.744791666463));
#11833 = CARTESIAN_POINT('',(-2.315383695532E-02,53.130152185674,
    -3.640624998752));
#11834 = CARTESIAN_POINT('',(-2.622080301781,52.083133586363,
    -3.536458331091));
#11835 = CARTESIAN_POINT('',(-5.177919697501,47.999999999796,
    -3.328124996785));
#11836 = CARTESIAN_POINT('',(-2.622080301424,43.916866413354,
    -3.119791664435));
#11837 = CARTESIAN_POINT('',(-2.315383646726E-02,42.869847814169,
    -3.015624998763));
#11838 = CARTESIAN_POINT('',(2.65742792033,43.916866413481,
    -2.911458333104));
#11839 = CARTESIAN_POINT('',(3.886228201643,45.958433206764,
    -2.807291666921));
#11840 = CARTESIAN_POINT('',(3.900000000688,48.000000000016,
    -2.703125000259));
#11841 = DEFINITIONAL_REPRESENTATION('',(#11842),#11846);
#11842 = LINE('',#11843,#11844);
#11843 = CARTESIAN_POINT('',(0.,1.));
#11844 = VECTOR('',#11845,1.);
#11845 = DIRECTION('',(1.,0.));
#11846 = ( GEOMETRIC_REPRESENTATION_CONTEXT(2) 
PARAMETRIC_REPRESENTATION_CONTEXT() REPRESENTATION_CONTEXT('2D SPACE',''
  ) );
#11847 = ORIENTED_EDGE('',*,*,#11848,.T.);
#11848 = EDGE_CURVE('',#11805,#10670,#11849,.T.);
#11849 = SURFACE_CURVE('',#11850,(#11862,#11869),.PCURVE_S1.);
#11850 = ( BOUNDED_CURVE() B_SPLINE_CURVE(6,(#11851,#11852,#11853,#11854
    ,#11855,#11856,#11857,#11858,#11859,#11860,#11861),.UNSPECIFIED.,.F.
,.F.) B_SPLINE_CURVE_WITH_KNOTS((7,4,7),(0.,0.5,1.),.UNSPECIFIED.) CURVE
() GEOMETRIC_REPRESENTATION_ITEM() RATIONAL_B_SPLINE_CURVE((1.,1.,1.,1.,
1.,1.,1.,1.,1.,1.,1.)) REPRESENTATION_ITEM('') );
#11851 = CARTESIAN_POINT('',(3.900000000673,48.000000000024,
    -2.703125000388));
#11852 = CARTESIAN_POINT('',(3.886228201604,50.041566793276,
    -2.598958333713));
#11853 = CARTESIAN_POINT('',(2.657427920267,52.083133586483,
    -2.494791666355));
#11854 = CARTESIAN_POINT('',(-2.315383649428E-02,53.130152185634,
    -2.390624998131));
#11855 = CARTESIAN_POINT('',(-2.622080301287,52.083133586292,
    -2.286458329972));
#11856 = CARTESIAN_POINT('',(-5.177919696918,47.999999999694,
    -2.078124995177));
#11857 = CARTESIAN_POINT('',(-2.622080300751,43.916866413283,
    -1.869791663316));
#11858 = CARTESIAN_POINT('',(-2.315383576216E-02,42.86984781413,
    -1.765624998142));
#11859 = CARTESIAN_POINT('',(2.657427921043,43.916866413474,
    -1.661458332995));
#11860 = CARTESIAN_POINT('',(3.886228202351,45.958433206772,
    -1.557291667048));
#11861 = CARTESIAN_POINT('',(3.90000000139,48.000000000024,
    -1.453125000388));
#11862 = PCURVE('',#10683,#11863);
#11863 = DEFINITIONAL_REPRESENTATION('',(#11864),#11868);
#11864 = LINE('',#11865,#11866);
#11865 = CARTESIAN_POINT('',(4.,0.));
#11866 = VECTOR('',#11867,1.);
#11867 = DIRECTION('',(0.,1.));
#11868 = ( GEOMETRIC_REPRESENTATION_CONTEXT(2) 
PARAMETRIC_REPRESENTATION_CONTEXT() REPRESENTATION_CONTEXT('2D SPACE',''
  ) );
#11869 = PCURVE('',#10838,#11870);
#11870 = DEFINITIONAL_REPRESENTATION('',(#11871),#11875);
#11871 = LINE('',#11872,#11873);
#11872 = CARTESIAN_POINT('',(4.,0.));
#11873 = VECTOR('',#11874,1.);
#11874 = DIRECTION('',(0.,1.));
#11875 = ( GEOMETRIC_REPRESENTATION_CONTEXT(2) 
PARAMETRIC_REPRESENTATION_CONTEXT() REPRESENTATION_CONTEXT('2D SPACE',''
  ) );
#11876 = ORIENTED_EDGE('',*,*,#10669,.F.);
#11877 = ORIENTED_EDGE('',*,*,#10792,.F.);
#11878 = ADVANCED_FACE('',(#11879),#10762,.T.);
#11879 = FACE_BOUND('',#11880,.T.);
#11880 = EDGE_LOOP('',(#11881,#11882,#11926,#11955));
#11881 = ORIENTED_EDGE('',*,*,#11404,.F.);
#11882 = ORIENTED_EDGE('',*,*,#11883,.T.);
#11883 = EDGE_CURVE('',#11377,#11884,#11886,.T.);
#11884 = VERTEX_POINT('',#11885);
#11885 = CARTESIAN_POINT('',(3.900000000262,48.000000000012,
    -3.796875000194));
#11886 = SURFACE_CURVE('',#11887,(#11890,#11896),.PCURVE_S1.);
#11887 = B_SPLINE_CURVE_WITH_KNOTS('',1,(#11888,#11889),.UNSPECIFIED.,
  .F.,.F.,(2,2),(2.,3.),.PIECEWISE_BEZIER_KNOTS.);
#11888 = CARTESIAN_POINT('',(3.223417653622,48.,-3.40625));
#11889 = CARTESIAN_POINT('',(3.900000000254,48.000000000008,
    -3.796875000129));
#11890 = PCURVE('',#10762,#11891);
#11891 = DEFINITIONAL_REPRESENTATION('',(#11892),#11895);
#11892 = B_SPLINE_CURVE_WITH_KNOTS('',1,(#11893,#11894),.UNSPECIFIED.,
  .F.,.F.,(2,2),(2.113189985941,3.),.PIECEWISE_BEZIER_KNOTS.);
#11893 = CARTESIAN_POINT('',(2.113189985941,0.));
#11894 = CARTESIAN_POINT('',(3.,0.));
#11895 = ( GEOMETRIC_REPRESENTATION_CONTEXT(2) 
PARAMETRIC_REPRESENTATION_CONTEXT() REPRESENTATION_CONTEXT('2D SPACE',''
  ) );
#11896 = PCURVE('',#11897,#11920);
#11897 = ( BOUNDED_SURFACE() B_SPLINE_SURFACE(1,6,(
    (#11898,#11899,#11900,#11901,#11902,#11903,#11904,#11905,#11906
      ,#11907,#11908)
    ,(#11909,#11910,#11911,#11912,#11913,#11914,#11915,#11916,#11917
      ,#11918,#11919
)),.UNSPECIFIED.,.F.,.F.,.F.) B_SPLINE_SURFACE_WITH_KNOTS((2,2),(7,4,7),
(2.,3.),(0.,0.5,1.),.UNSPECIFIED.) GEOMETRIC_REPRESENTATION_ITEM() 
RATIONAL_B_SPLINE_SURFACE((
    (1.,1.,1.,1.,1.,1.,1.,1.,1.,1.,1.)
,(1.,1.,1.,1.,1.,1.,1.,1.,1.,1.,1.
  ))) REPRESENTATION_ITEM('') SURFACE() );
#11898 = CARTESIAN_POINT('',(3.223417653383,48.,-4.65625));
#11899 = CARTESIAN_POINT('',(3.212035022425,49.687390369637,
    -4.552083333331));
#11900 = CARTESIAN_POINT('',(2.196410274394,51.374780739262,
    -4.447916666483));
#11901 = CARTESIAN_POINT('',(-1.913704819988E-02,52.24015977437,
    -4.343749999374));
#11902 = CARTESIAN_POINT('',(-2.167194854718,51.37478073921,
    -4.239583332296));
#11903 = CARTESIAN_POINT('',(-4.279640451531,47.999999999909,
    -4.031249998564));
#11904 = CARTESIAN_POINT('',(-2.167194854556,44.62521926066,
    -3.822916665641));
#11905 = CARTESIAN_POINT('',(-1.913704797745E-02,43.759840225552,
    -3.718749999385));
#11906 = CARTESIAN_POINT('',(2.196410274635,44.625219260712,
    -3.614583333124));
#11907 = CARTESIAN_POINT('',(3.212035022665,46.312609630362,
    -3.510416666665));
#11908 = CARTESIAN_POINT('',(3.223417653622,48.,-3.40625));
#11909 = CARTESIAN_POINT('',(3.900000000015,48.000000000008,
    -5.046875000129));
#11910 = CARTESIAN_POINT('',(3.886228200956,50.04156679326,
    -4.94270833346));
#11911 = CARTESIAN_POINT('',(2.657427919629,52.083133586497,
    -4.838541666572));
#11912 = CARTESIAN_POINT('',(-2.315383714725E-02,53.130152185713,
    -4.734374999373));
#11913 = CARTESIAN_POINT('',(-2.622080302005,52.083133586434,
    -4.630208332209));
#11914 = CARTESIAN_POINT('',(-5.177919697815,47.999999999898,
    -4.421874998392));
#11915 = CARTESIAN_POINT('',(-2.622080301827,43.916866413424,
    -4.213541665553));
#11916 = CARTESIAN_POINT('',(-2.315383690325E-02,42.869847814209,
    -4.109374999384));
#11917 = CARTESIAN_POINT('',(2.657427919887,43.916866413488,
    -4.005208333212));
#11918 = CARTESIAN_POINT('',(3.886228201205,45.958433206756,
    -3.901041666794));
#11919 = CARTESIAN_POINT('',(3.900000000254,48.000000000008,
    -3.796875000129));
#11920 = DEFINITIONAL_REPRESENTATION('',(#11921),#11925);
#11921 = LINE('',#11922,#11923);
#11922 = CARTESIAN_POINT('',(0.,1.));
#11923 = VECTOR('',#11924,1.);
#11924 = DIRECTION('',(1.,0.));
#11925 = ( GEOMETRIC_REPRESENTATION_CONTEXT(2) 
PARAMETRIC_REPRESENTATION_CONTEXT() REPRESENTATION_CONTEXT('2D SPACE',''
  ) );
#11926 = ORIENTED_EDGE('',*,*,#11927,.T.);
#11927 = EDGE_CURVE('',#11884,#10749,#11928,.T.);
#11928 = SURFACE_CURVE('',#11929,(#11941,#11948),.PCURVE_S1.);
#11929 = ( BOUNDED_CURVE() B_SPLINE_CURVE(6,(#11930,#11931,#11932,#11933
    ,#11934,#11935,#11936,#11937,#11938,#11939,#11940),.UNSPECIFIED.,.F.
,.F.) B_SPLINE_CURVE_WITH_KNOTS((7,4,7),(0.,0.5,1.),.UNSPECIFIED.) CURVE
() GEOMETRIC_REPRESENTATION_ITEM() RATIONAL_B_SPLINE_CURVE((1.,1.,1.,1.,
1.,1.,1.,1.,1.,1.,1.)) REPRESENTATION_ITEM('') );
#11930 = CARTESIAN_POINT('',(3.900000000269,48.000000000016,
    -3.796875000259));
#11931 = CARTESIAN_POINT('',(3.886228201205,50.041566793268,
    -3.692708333586));
#11932 = CARTESIAN_POINT('',(2.657427919873,52.08313358649,
    -3.588541666463));
#11933 = CARTESIAN_POINT('',(-2.315383689552E-02,53.130152185674,
    -3.484374998752));
#11934 = CARTESIAN_POINT('',(-2.622080301721,52.083133586363,
    -3.380208331091));
#11935 = CARTESIAN_POINT('',(-5.177919697441,47.999999999796,
    -3.171874996785));
#11936 = CARTESIAN_POINT('',(-2.622080301364,43.916866413353,
    -2.963541664435));
#11937 = CARTESIAN_POINT('',(-2.315383640746E-02,42.869847814169,
    -2.859374998763));
#11938 = CARTESIAN_POINT('',(2.65742792039,43.916866413481,
    -2.755208333104));
#11939 = CARTESIAN_POINT('',(3.886228201703,45.958433206764,
    -2.651041666921));
#11940 = CARTESIAN_POINT('',(3.900000000748,48.000000000016,
    -2.546875000259));
#11941 = PCURVE('',#10762,#11942);
#11942 = DEFINITIONAL_REPRESENTATION('',(#11943),#11947);
#11943 = LINE('',#11944,#11945);
#11944 = CARTESIAN_POINT('',(3.,0.));
#11945 = VECTOR('',#11946,1.);
#11946 = DIRECTION('',(0.,1.));
#11947 = ( GEOMETRIC_REPRESENTATION_CONTEXT(2) 
PARAMETRIC_REPRESENTATION_CONTEXT() REPRESENTATION_CONTEXT('2D SPACE',''
  ) );
#11948 = PCURVE('',#11818,#11949);
#11949 = DEFINITIONAL_REPRESENTATION('',(#11950),#11954);
#11950 = LINE('',#11951,#11952);
#11951 = CARTESIAN_POINT('',(3.,0.));
#11952 = VECTOR('',#11953,1.);
#11953 = DIRECTION('',(0.,1.));
#11954 = ( GEOMETRIC_REPRESENTATION_CONTEXT(2) 
PARAMETRIC_REPRESENTATION_CONTEXT() REPRESENTATION_CONTEXT('2D SPACE',''
  ) );
#11955 = ORIENTED_EDGE('',*,*,#10748,.F.);
#11956 = ADVANCED_FACE('',(#11957),#10838,.T.);
#11957 = FACE_BOUND('',#11958,.T.);
#11958 = EDGE_LOOP('',(#11959,#11960,#12002,#12003));
#11959 = ORIENTED_EDGE('',*,*,#11848,.F.);
#11960 = ORIENTED_EDGE('',*,*,#11961,.T.);
#11961 = EDGE_CURVE('',#11805,#10874,#11962,.T.);
#11962 = SURFACE_CURVE('',#11963,(#11966,#11972),.PCURVE_S1.);
#11963 = B_SPLINE_CURVE_WITH_KNOTS('',1,(#11964,#11965),.UNSPECIFIED.,
  .F.,.F.,(2,2),(4.,5.),.PIECEWISE_BEZIER_KNOTS.);
#11964 = CARTESIAN_POINT('',(3.900000000688,48.000000000016,
    -2.703125000259));
#11965 = CARTESIAN_POINT('',(3.223417653832,48.,-3.09375));
#11966 = PCURVE('',#10838,#11967);
#11967 = DEFINITIONAL_REPRESENTATION('',(#11968),#11971);
#11968 = B_SPLINE_CURVE_WITH_KNOTS('',1,(#11969,#11970),.UNSPECIFIED.,
  .F.,.F.,(2,2),(4.,4.886810014186),.PIECEWISE_BEZIER_KNOTS.);
#11969 = CARTESIAN_POINT('',(4.,0.));
#11970 = CARTESIAN_POINT('',(4.886810014186,0.));
#11971 = ( GEOMETRIC_REPRESENTATION_CONTEXT(2) 
PARAMETRIC_REPRESENTATION_CONTEXT() REPRESENTATION_CONTEXT('2D SPACE',''
  ) );
#11972 = PCURVE('',#11973,#11996);
#11973 = ( BOUNDED_SURFACE() B_SPLINE_SURFACE(1,6,(
    (#11974,#11975,#11976,#11977,#11978,#11979,#11980,#11981,#11982
      ,#11983,#11984)
    ,(#11985,#11986,#11987,#11988,#11989,#11990,#11991,#11992,#11993
      ,#11994,#11995
)),.UNSPECIFIED.,.F.,.F.,.F.) B_SPLINE_SURFACE_WITH_KNOTS((2,2),(7,4,7),
(4.,5.),(0.,0.5,1.),.UNSPECIFIED.) GEOMETRIC_REPRESENTATION_ITEM() 
RATIONAL_B_SPLINE_SURFACE((
    (1.,1.,1.,1.,1.,1.,1.,1.,1.,1.,1.)
,(1.,1.,1.,1.,1.,1.,1.,1.,1.,1.,1.
  ))) REPRESENTATION_ITEM('') SURFACE() );
#11974 = CARTESIAN_POINT('',(3.900000000209,48.000000000016,
    -3.953125000259));
#11975 = CARTESIAN_POINT('',(3.886228201145,50.041566793268,
    -3.848958333586));
#11976 = CARTESIAN_POINT('',(2.657427919813,52.08313358649,
    -3.744791666463));
#11977 = CARTESIAN_POINT('',(-2.315383695532E-02,53.130152185674,
    -3.640624998752));
#11978 = CARTESIAN_POINT('',(-2.622080301781,52.083133586363,
    -3.536458331091));
#11979 = CARTESIAN_POINT('',(-5.177919697501,47.999999999796,
    -3.328124996785));
#11980 = CARTESIAN_POINT('',(-2.622080301424,43.916866413354,
    -3.119791664435));
#11981 = CARTESIAN_POINT('',(-2.315383646726E-02,42.869847814169,
    -3.015624998763));
#11982 = CARTESIAN_POINT('',(2.65742792033,43.916866413481,
    -2.911458333104));
#11983 = CARTESIAN_POINT('',(3.886228201643,45.958433206764,
    -2.807291666921));
#11984 = CARTESIAN_POINT('',(3.900000000688,48.000000000016,
    -2.703125000259));
#11985 = CARTESIAN_POINT('',(3.223417653353,48.,-4.34375));
#11986 = CARTESIAN_POINT('',(3.212035022394,49.687390369637,
    -4.239583333328));
#11987 = CARTESIAN_POINT('',(2.196410274363,51.37478073925,
    -4.135416666287));
#11988 = CARTESIAN_POINT('',(-1.913704822141E-02,52.24015977433,
    -4.031249998754));
#11989 = CARTESIAN_POINT('',(-2.167194854709,51.374780739144,
    -3.927083331265));
#11990 = CARTESIAN_POINT('',(-4.279640451441,47.999999999818,
    -3.718749997128));
#11991 = CARTESIAN_POINT('',(-2.167194854386,44.625219260594,
    -3.510416664609));
#11992 = CARTESIAN_POINT('',(-1.913704777651E-02,43.759840225513,
    -3.406249998764));
#11993 = CARTESIAN_POINT('',(2.196410274846,44.6252192607,
    -3.302083332927));
#11994 = CARTESIAN_POINT('',(3.212035022875,46.312609630362,
    -3.197916666663));
#11995 = CARTESIAN_POINT('',(3.223417653832,48.,-3.09375));
#11996 = DEFINITIONAL_REPRESENTATION('',(#11997),#12001);
#11997 = LINE('',#11998,#11999);
#11998 = CARTESIAN_POINT('',(0.,1.));
#11999 = VECTOR('',#12000,1.);
#12000 = DIRECTION('',(1.,0.));
#12001 = ( GEOMETRIC_REPRESENTATION_CONTEXT(2) 
PARAMETRIC_REPRESENTATION_CONTEXT() REPRESENTATION_CONTEXT('2D SPACE',''
  ) );
#12002 = ORIENTED_EDGE('',*,*,#10873,.T.);
#12003 = ORIENTED_EDGE('',*,*,#10826,.F.);
#12004 = ADVANCED_FACE('',(#12005),#11392,.T.);
#12005 = FACE_BOUND('',#12006,.T.);
#12006 = EDGE_LOOP('',(#12007,#12417,#12445,#12793));
#12007 = ORIENTED_EDGE('',*,*,#12008,.F.);
#12008 = EDGE_CURVE('',#12009,#10874,#12011,.T.);
#12009 = VERTEX_POINT('',#12010);
#12010 = CARTESIAN_POINT('',(3.3,48.000000000001,-4.299535161603));
#12011 = SURFACE_CURVE('',#12012,(#12145,#12281),.PCURVE_S1.);
#12012 = B_SPLINE_CURVE_WITH_KNOTS('',6,(#12013,#12014,#12015,#12016,
    #12017,#12018,#12019,#12020,#12021,#12022,#12023,#12024,#12025,
    #12026,#12027,#12028,#12029,#12030,#12031,#12032,#12033,#12034,
    #12035,#12036,#12037,#12038,#12039,#12040,#12041,#12042,#12043,
    #12044,#12045,#12046,#12047,#12048,#12049,#12050,#12051,#12052,
    #12053,#12054,#12055,#12056,#12057,#12058,#12059,#12060,#12061,
    #12062,#12063,#12064,#12065,#12066,#12067,#12068,#12069,#12070,
    #12071,#12072,#12073,#12074,#12075,#12076,#12077,#12078,#12079,
    #12080,#12081,#12082,#12083,#12084,#12085,#12086,#12087,#12088,
    #12089,#12090,#12091,#12092,#12093,#12094,#12095,#12096,#12097,
    #12098,#12099,#12100,#12101,#12102,#12103,#12104,#12105,#12106,
    #12107,#12108,#12109,#12110,#12111,#12112,#12113,#12114,#12115,
    #12116,#12117,#12118,#12119,#12120,#12121,#12122,#12123,#12124,
    #12125,#12126,#12127,#12128,#12129,#12130,#12131,#12132,#12133,
    #12134,#12135,#12136,#12137,#12138,#12139,#12140,#12141,#12142,
    #12143,#12144),.UNSPECIFIED.,.F.,.F.,(7,5,5,5,5,5,5,5,5,5,5,5,5,5,5,
    5,5,5,5,5,5,5,5,5,5,5,7),(0.,2.602575044119E-02,3.868762682121E-02,
    9.167264263642E-02,0.114660569544,0.131655270075,0.232164276816,
    0.254259198982,0.302043219854,0.326974889748,0.363974470937,
    0.451473121867,0.481261179519,0.501257282977,0.520173170829,
    0.55043832988,0.583538724364,0.635551073066,0.657182475588,
    0.700697757931,0.766764807825,0.824671688694,0.865761334972,
    0.933957906593,0.965964290667,0.985601442169,1.),.UNSPECIFIED.);
#12013 = CARTESIAN_POINT('',(3.3,48.000000000002,-4.299535161587));
#12014 = CARTESIAN_POINT('',(3.3,48.089893036177,-4.293764529546));
#12015 = CARTESIAN_POINT('',(3.297061491815,48.179798971592,
    -4.288084659759));
#12016 = CARTESIAN_POINT('',(3.291183059775,48.269594424177,
    -4.282479801334));
#12017 = CARTESIAN_POINT('',(3.282370229304,48.359157039523,
    -4.276936072736));
#12018 = CARTESIAN_POINT('',(3.270635466912,48.448365490882,
    -4.271441461791));
#12019 = CARTESIAN_POINT('',(3.248876944052,48.580269753656,
    -4.263331585599));
#12020 = CARTESIAN_POINT('',(3.241068675907,48.623327769572,
    -4.260686565417));
#12021 = CARTESIAN_POINT('',(3.232575606165,48.66625966009,
    -4.258049596918));
#12022 = CARTESIAN_POINT('',(3.223400325833,48.70905168518,
    -4.255419605831));
#12023 = CARTESIAN_POINT('',(3.213545786521,48.751690231604,
    -4.252795611826));
#12024 = CARTESIAN_POINT('',(3.158949322046,48.971888821134,
    -4.239217722961));
#12025 = CARTESIAN_POINT('',(3.103045611623,49.146695253193,
    -4.228348034053));
#12026 = CARTESIAN_POINT('',(3.035551154648,49.317578877289,
    -4.217503226671));
#12027 = CARTESIAN_POINT('',(2.95681924807,49.483583555983,
    -4.206646704031));
#12028 = CARTESIAN_POINT('',(2.867307137378,49.643800447739,
    -4.195761966631));
#12029 = CARTESIAN_POINT('',(2.724303570629,49.863996110293,
    -4.180108411502));
#12030 = CARTESIAN_POINT('',(2.679109009947,49.929372508296,
    -4.175365776866));
#12031 = CARTESIAN_POINT('',(2.632035301282,49.993428756592,
    -4.170616644755));
#12032 = CARTESIAN_POINT('',(2.583130933826,50.056097646349,
    -4.165860971067));
#12033 = CARTESIAN_POINT('',(2.532447556293,50.117314405788,
    -4.161098990135));
#12034 = CARTESIAN_POINT('',(2.441295677772,50.221153895253,
    -4.152806455165));
#12035 = CARTESIAN_POINT('',(2.401608979607,50.264463411592,
    -4.149278511026));
#12036 = CARTESIAN_POINT('',(2.361002006833,50.306920088876,
    -4.145747573885));
#12037 = CARTESIAN_POINT('',(2.3194977303,50.348499601011,
    -4.142213865333));
#12038 = CARTESIAN_POINT('',(2.277119967302,50.389178456128,
    -4.138677636979));
#12039 = CARTESIAN_POINT('',(1.97824538189,50.664053755009,
    -4.114212190577));
#12040 = CARTESIAN_POINT('',(1.692817838852,50.866961018101,
    -4.093199325793));
#12041 = CARTESIAN_POINT('',(1.382874005979,51.032748697107,
    -4.072173953159));
#12042 = CARTESIAN_POINT('',(1.054460146337,51.158040614045,
    -4.051192403022));
#12043 = CARTESIAN_POINT('',(0.714095138564,51.240479128949,
    -4.030232294148));
#12044 = CARTESIAN_POINT('',(0.293069972035,51.287847291062,
    -4.004693472142));
#12045 = CARTESIAN_POINT('',(0.216958205889,51.294277064693,
    -4.000091809045));
#12046 = CARTESIAN_POINT('',(0.140682544228,51.298591959408,
    -3.995490758412));
#12047 = CARTESIAN_POINT('',(6.431643760939E-02,51.300787129499,
    -3.990890144365));
#12048 = CARTESIAN_POINT('',(-1.206653061938E-02,51.300861138737,
    -3.986289788209));
#12049 = CARTESIAN_POINT('',(-0.253460825285,51.2943929149,
    -3.971740622319));
#12050 = CARTESIAN_POINT('',(-0.418266301192,51.280057840641,
    -3.961791946214));
#12051 = CARTESIAN_POINT('',(-0.58205868917,51.255831208605,
    -3.951842052264));
#12052 = CARTESIAN_POINT('',(-0.744099262376,51.221807261141,
    -3.941889498966));
#12053 = CARTESIAN_POINT('',(-0.903662508871,51.178153673133,
    -3.931933664359));
#12054 = CARTESIAN_POINT('',(-1.14162760981,51.097435913408,
    -3.916779873867));
#12055 = CARTESIAN_POINT('',(-1.222350534533,51.067204423921,
    -3.911583496203));
#12056 = CARTESIAN_POINT('',(-1.30210610667,51.034450806894,
    -3.906386539868));
#12057 = CARTESIAN_POINT('',(-1.380796153134,50.999214191689,
    -3.901189142004));
#12058 = CARTESIAN_POINT('',(-1.458324685741,50.961538774853,
    -3.895991483241));
#12059 = CARTESIAN_POINT('',(-1.647790360446,50.862015847503,
    -3.883080202552));
#12060 = CARTESIAN_POINT('',(-1.758219155929,50.797294639604,
    -3.875366461176));
#12061 = CARTESIAN_POINT('',(-1.865576782147,50.727471837386,
    -3.867653387278));
#12062 = CARTESIAN_POINT('',(-1.969570834642,50.652731192036,
    -3.859941683783));
#12063 = CARTESIAN_POINT('',(-2.06992401001,50.573278564953,
    -3.852231932826));
#12064 = CARTESIAN_POINT('',(-2.394464613993,50.290843937173,
    -3.826297859811));
#12065 = CARTESIAN_POINT('',(-2.600777022612,50.067225598377,
    -3.808080737394));
#12066 = CARTESIAN_POINT('',(-2.781744858026,49.821558442983,
    -3.789884921682));
#12067 = CARTESIAN_POINT('',(-2.934579854781,49.557467790152,
    -3.771702256438));
#12068 = CARTESIAN_POINT('',(-3.057071731947,49.278960019102,
    -3.753494280451));
#12069 = CARTESIAN_POINT('',(-3.178729227527,48.892343411129,
    -3.729057577696));
#12070 = CARTESIAN_POINT('',(-3.205951840477,48.792995278961,
    -3.722848273737));
#12071 = CARTESIAN_POINT('',(-3.229444673292,48.692663274342,
    -3.716635637538));
#12072 = CARTESIAN_POINT('',(-3.249164480935,48.591522392335,
    -3.710420012819));
#12073 = CARTESIAN_POINT('',(-3.265079031954,48.489749863025,
    -3.704202461433));
#12074 = CARTESIAN_POINT('',(-3.285281582808,48.318903829139,
    -3.693810951998));
#12075 = CARTESIAN_POINT('',(-3.291671807284,48.250078577143,
    -3.689637152306));
#12076 = CARTESIAN_POINT('',(-3.296331378911,48.181103587221,
    -3.685463776483));
#12077 = CARTESIAN_POINT('',(-3.299256166273,48.112033125364,
    -3.681291848335));
#12078 = CARTESIAN_POINT('',(-3.300444302485,48.042921564374,
    -3.677122572752));
#12079 = CARTESIAN_POINT('',(-3.299377664177,47.908458040526,
    -3.669016272416));
#12080 = CARTESIAN_POINT('',(-3.297305411295,47.843104633578,
    -3.665078490167));
#12081 = CARTESIAN_POINT('',(-3.293679765448,47.777809557541,
    -3.661142510958));
#12082 = CARTESIAN_POINT('',(-3.288502908856,47.712619022071,
    -3.65720749923));
#12083 = CARTESIAN_POINT('',(-3.28177886,47.647579084478,-3.653272831352
    ));
#12084 = CARTESIAN_POINT('',(-3.260288969685,47.478987050563,
    -3.643042572842));
#12085 = CARTESIAN_POINT('',(-3.243118637791,47.375741116739,
    -3.636746768269));
#12086 = CARTESIAN_POINT('',(-3.222026554949,47.273186303428,
    -3.630449128422));
#12087 = CARTESIAN_POINT('',(-3.197048498306,47.171508360454,
    -3.624148788865));
#12088 = CARTESIAN_POINT('',(-3.168231945147,47.070890332277,
    -3.617845574208));
#12089 = CARTESIAN_POINT('',(-3.09998662436,46.862825089156,
    -3.604643716606));
#12090 = CARTESIAN_POINT('',(-3.059816257624,46.755620166003,
    -3.597744429086));
#12091 = CARTESIAN_POINT('',(-3.015202537181,46.65013391946,
    -3.590842738419));
#12092 = CARTESIAN_POINT('',(-2.966238647296,46.546595416557,
    -3.583939348794));
#12093 = CARTESIAN_POINT('',(-2.913033392011,46.445226660438,
    -3.57703506571));
#12094 = CARTESIAN_POINT('',(-2.765637885187,46.190703840769,
    -3.559281762604));
#12095 = CARTESIAN_POINT('',(-2.665396220356,46.041048582503,
    -3.548432289188));
#12096 = CARTESIAN_POINT('',(-2.555472262121,45.898114962815,
    -3.537586032694));
#12097 = CARTESIAN_POINT('',(-2.43643455147,45.762676816504,
    -3.526744193023));
#12098 = CARTESIAN_POINT('',(-2.308932589247,45.635441611649,
    -3.515906473653));
#12099 = CARTESIAN_POINT('',(-2.117451521397,45.467809870618,
    -3.500566113374));
#12100 = CARTESIAN_POINT('',(-2.059869196076,45.420100094625,
    -3.496060714062));
#12101 = CARTESIAN_POINT('',(-2.001000416005,45.373964659035,
    -3.491555749207));
#12102 = CARTESIAN_POINT('',(-1.940899146198,45.329446657599,
    -3.487051109098));
#12103 = CARTESIAN_POINT('',(-1.879621241209,45.286586686151,
    -3.482546669458));
#12104 = CARTESIAN_POINT('',(-1.691702570356,45.162614699578,
    -3.468980961234));
#12105 = CARTESIAN_POINT('',(-1.561650981387,45.08666946452,
    -3.459919786467));
#12106 = CARTESIAN_POINT('',(-1.427542339568,45.017898705614,
    -3.450857919403));
#12107 = CARTESIAN_POINT('',(-1.289872304193,44.956568090346,
    -3.441794242943));
#12108 = CARTESIAN_POINT('',(-1.149158655735,44.902896990349,
    -3.432728057826));
#12109 = CARTESIAN_POINT('',(-0.788499421852,44.787463199069,
    -3.409891847302));
#12110 = CARTESIAN_POINT('',(-0.565266703683,44.73591597931,
    -3.396117902849));
#12111 = CARTESIAN_POINT('',(-0.338146188941,44.703030414836,
    -3.382340289833));
#12112 = CARTESIAN_POINT('',(-0.109078741697,44.689128093249,
    -3.368561855647));
#12113 = CARTESIAN_POINT('',(0.11997024091,44.694288037932,
    -3.354788561445));
#12114 = CARTESIAN_POINT('',(0.546011471636,44.739338263702,
    -3.328963894651));
#12115 = CARTESIAN_POINT('',(0.743488308291,44.774862208588,
    -3.316908808328));
#12116 = CARTESIAN_POINT('',(0.938108359304,44.824728894462,
    -3.30486474501));
#12117 = CARTESIAN_POINT('',(1.12858199165,44.888634806223,
    -3.29283240824));
#12118 = CARTESIAN_POINT('',(1.313660994637,44.96613447263,
    -3.280807779116));
#12119 = CARTESIAN_POINT('',(1.618800079332,45.120824889578,
    -3.260252756677));
#12120 = CARTESIAN_POINT('',(1.742137474324,45.191571289623,
    -3.251721433145));
#12121 = CARTESIAN_POINT('',(1.86173584611,45.268642472867,
    -3.243187969097));
#12122 = CARTESIAN_POINT('',(1.977192600117,45.351788630146,
    -3.234648467555));
#12123 = CARTESIAN_POINT('',(2.088128136409,45.440726112094,
    -3.226098595685));
#12124 = CARTESIAN_POINT('',(2.370211799226,45.691833119313,
    -3.203320999987));
#12125 = CARTESIAN_POINT('',(2.532818685372,45.863622001177,
    -3.189067264684));
#12126 = CARTESIAN_POINT('',(2.680357751428,46.049041528506,
    -3.174758438576));
#12127 = CARTESIAN_POINT('',(2.811447490908,46.246423914673,
    -3.160379287267));
#12128 = CARTESIAN_POINT('',(2.9249321346,46.45394110509,-3.145937973515
    ));
#12129 = CARTESIAN_POINT('',(3.0645177397,46.770788238872,
    -3.124722796235));
#12130 = CARTESIAN_POINT('',(3.105033688761,46.873787551324,
    -3.117946643588));
#12131 = CARTESIAN_POINT('',(3.1413896621,46.978375662299,
    -3.111177238793));
#12132 = CARTESIAN_POINT('',(3.173509631017,47.084343404345,
    -3.104423524176));
#12133 = CARTESIAN_POINT('',(3.201331590252,47.191477284889,
    -3.097697423767));
#12134 = CARTESIAN_POINT('',(3.239210877622,47.365872467288,
    -3.086913986461));
#12135 = CARTESIAN_POINT('',(3.251978306553,47.432542386846,
    -3.082829828039));
#12136 = CARTESIAN_POINT('',(3.263098732537,47.499519395126,
    -3.078765378993));
#12137 = CARTESIAN_POINT('',(3.272563132367,47.566753018763,
    -3.074724650804));
#12138 = CARTESIAN_POINT('',(3.280364514655,47.634192396618,
    -3.070712137419));
#12139 = CARTESIAN_POINT('',(3.290995119398,47.751348174524,
    -3.063815054997));
#12140 = CARTESIAN_POINT('',(3.29459557708,47.800993166511,
    -3.060915137439));
#12141 = CARTESIAN_POINT('',(3.297297342128,47.850701109993,
    -3.058035024368));
#12142 = CARTESIAN_POINT('',(3.299099065528,47.90045177976,
    -3.055176813034));
#12143 = CARTESIAN_POINT('',(3.3,47.95022487114,-3.052342736142));
#12144 = CARTESIAN_POINT('',(3.3,48.000000000002,-3.049535161864));
#12145 = PCURVE('',#11392,#12146);
#12146 = DEFINITIONAL_REPRESENTATION('',(#12147),#12280);
#12147 = B_SPLINE_CURVE_WITH_KNOTS('',6,(#12148,#12149,#12150,#12151,
    #12152,#12153,#12154,#12155,#12156,#12157,#12158,#12159,#12160,
    #12161,#12162,#12163,#12164,#12165,#12166,#12167,#12168,#12169,
    #12170,#12171,#12172,#12173,#12174,#12175,#12176,#12177,#12178,
    #12179,#12180,#12181,#12182,#12183,#12184,#12185,#12186,#12187,
    #12188,#12189,#12190,#12191,#12192,#12193,#12194,#12195,#12196,
    #12197,#12198,#12199,#12200,#12201,#12202,#12203,#12204,#12205,
    #12206,#12207,#12208,#12209,#12210,#12211,#12212,#12213,#12214,
    #12215,#12216,#12217,#12218,#12219,#12220,#12221,#12222,#12223,
    #12224,#12225,#12226,#12227,#12228,#12229,#12230,#12231,#12232,
    #12233,#12234,#12235,#12236,#12237,#12238,#12239,#12240,#12241,
    #12242,#12243,#12244,#12245,#12246,#12247,#12248,#12249,#12250,
    #12251,#12252,#12253,#12254,#12255,#12256,#12257,#12258,#12259,
    #12260,#12261,#12262,#12263,#12264,#12265,#12266,#12267,#12268,
    #12269,#12270,#12271,#12272,#12273,#12274,#12275,#12276,#12277,
    #12278,#12279),.UNSPECIFIED.,.F.,.F.,(7,5,5,5,5,5,5,5,5,5,5,5,5,5,5,
    5,5,5,5,5,5,5,5,5,5,5,7),(0.,2.602575044119E-02,3.868762682121E-02,
    9.167264263642E-02,0.114660569544,0.131655270075,0.232164276816,
    0.254259198982,0.302043219854,0.326974889748,0.363974470937,
    0.451473121867,0.481261179519,0.501257282977,0.520173170829,
    0.55043832988,0.583538724364,0.635551073066,0.657182475588,
    0.700697757931,0.766764807825,0.824671688694,0.865761334972,
    0.933957906593,0.965964290667,0.985601442169,1.),.UNSPECIFIED.);
#12148 = CARTESIAN_POINT('',(0.,3.100464838413));
#12149 = CARTESIAN_POINT('',(2.724031399238E-02,3.106235470454));
#12150 = CARTESIAN_POINT('',(5.448449940437E-02,3.111915340241));
#12151 = CARTESIAN_POINT('',(8.173166484292E-02,3.117520198666));
#12152 = CARTESIAN_POINT('',(0.108981090063,3.123063927264));
#12153 = CARTESIAN_POINT('',(0.136232225965,3.128558538209));
#12154 = CARTESIAN_POINT('',(0.176743385823,3.136668414401));
#12155 = CARTESIAN_POINT('',(0.190002396636,3.139313434583));
#12156 = CARTESIAN_POINT('',(0.203261669283,3.141950403082));
#12157 = CARTESIAN_POINT('',(0.216521162309,3.144580394169));
#12158 = CARTESIAN_POINT('',(0.229780850562,3.147204388174));
#12159 = CARTESIAN_POINT('',(0.298528130507,3.160782277039));
#12160 = CARTESIAN_POINT('',(0.354019801966,3.171651965947));
#12161 = CARTESIAN_POINT('',(0.409510461965,3.182496773329));
#12162 = CARTESIAN_POINT('',(0.46500073991,3.193353295969));
#12163 = CARTESIAN_POINT('',(0.520491884266,3.204238033369));
#12164 = CARTESIAN_POINT('',(0.600054595186,3.219891588498));
#12165 = CARTESIAN_POINT('',(0.624128527119,3.224634223134));
#12166 = CARTESIAN_POINT('',(0.648202255883,3.229383355245));
#12167 = CARTESIAN_POINT('',(0.672275775513,3.234139028933));
#12168 = CARTESIAN_POINT('',(0.696349088616,3.238901009865));
#12169 = CARTESIAN_POINT('',(0.738219175563,3.247193544835));
#12170 = CARTESIAN_POINT('',(0.756016043784,3.250721488974));
#12171 = CARTESIAN_POINT('',(0.773812816096,3.254252426115));
#12172 = CARTESIAN_POINT('',(0.791609498613,3.257786134667));
#12173 = CARTESIAN_POINT('',(0.8094060985,3.261322363021));
#12174 = CARTESIAN_POINT('',(0.932453734142,3.285787809423));
#12175 = CARTESIAN_POINT('',(1.037738270287,3.306800674207));
#12176 = CARTESIAN_POINT('',(1.142980284562,3.327826046841));
#12177 = CARTESIAN_POINT('',(1.248223393934,3.348807596978));
#12178 = CARTESIAN_POINT('',(1.353509766471,3.369767705852));
#12179 = CARTESIAN_POINT('',(1.481898071263,3.395306527858));
#12180 = CARTESIAN_POINT('',(1.505035464997,3.399908190955));
#12181 = CARTESIAN_POINT('',(1.528172886287,3.404509241588));
#12182 = CARTESIAN_POINT('',(1.551310319624,3.409109855635));
#12183 = CARTESIAN_POINT('',(1.574447753541,3.413710211791));
#12184 = CARTESIAN_POINT('',(1.647623795359,3.428259377681));
#12185 = CARTESIAN_POINT('',(1.697663290274,3.438208053786));
#12186 = CARTESIAN_POINT('',(1.747701701634,3.448157947736));
#12187 = CARTESIAN_POINT('',(1.797740022549,3.458110501034));
#12188 = CARTESIAN_POINT('',(1.84777926909,3.468066335641));
#12189 = CARTESIAN_POINT('',(1.923925391486,3.483220126133));
#12190 = CARTESIAN_POINT('',(1.950033229027,3.488416503797));
#12191 = CARTESIAN_POINT('',(1.976141054191,3.493613460132));
#12192 = CARTESIAN_POINT('',(2.002248864901,3.498810857996));
#12193 = CARTESIAN_POINT('',(2.028356661873,3.504008516759));
#12194 = CARTESIAN_POINT('',(2.093209433581,3.516919797448));
#12195 = CARTESIAN_POINT('',(2.131954503895,3.524633538824));
#12196 = CARTESIAN_POINT('',(2.170699644496,3.532346612722));
#12197 = CARTESIAN_POINT('',(2.209444836024,3.540058316217));
#12198 = CARTESIAN_POINT('',(2.248190054815,3.547768067174));
#12199 = CARTESIAN_POINT('',(2.378562102289,3.573702140189));
#12200 = CARTESIAN_POINT('',(2.470207607794,3.591919262606));
#12201 = CARTESIAN_POINT('',(2.561832408364,3.610115078318));
#12202 = CARTESIAN_POINT('',(2.653457514533,3.628297743562));
#12203 = CARTESIAN_POINT('',(2.745103458953,3.646505719549));
#12204 = CARTESIAN_POINT('',(2.867923456768,3.670942422304));
#12205 = CARTESIAN_POINT('',(2.899116789921,3.677151726263));
#12206 = CARTESIAN_POINT('',(2.930310024831,3.683364362462));
#12207 = CARTESIAN_POINT('',(2.961503149122,3.689579987181));
#12208 = CARTESIAN_POINT('',(2.992696186826,3.695797538567));
#12209 = CARTESIAN_POINT('',(3.04482841818,3.706189048002));
#12210 = CARTESIAN_POINT('',(3.065767649116,3.710362847694));
#12211 = CARTESIAN_POINT('',(3.086706880707,3.714536223517));
#12212 = CARTESIAN_POINT('',(3.107646160885,3.718708151665));
#12213 = CARTESIAN_POINT('',(3.128585543338,3.722877427248));
#12214 = CARTESIAN_POINT('',(3.169333347689,3.730983727584));
#12215 = CARTESIAN_POINT('',(3.189141761786,3.734921509833));
#12216 = CARTESIAN_POINT('',(3.208950237647,3.738857489042));
#12217 = CARTESIAN_POINT('',(3.22875874468,3.74279250077));
#12218 = CARTESIAN_POINT('',(3.248567261185,3.746727168648));
#12219 = CARTESIAN_POINT('',(3.300069121578,3.756957427158));
#12220 = CARTESIAN_POINT('',(3.331762488848,3.763253231731));
#12221 = CARTESIAN_POINT('',(3.363455814982,3.769550871578));
#12222 = CARTESIAN_POINT('',(3.395149057153,3.775851211135));
#12223 = CARTESIAN_POINT('',(3.426842190896,3.782154425792));
#12224 = CARTESIAN_POINT('',(3.493197226456,3.795356283394));
#12225 = CARTESIAN_POINT('',(3.52785922553,3.802255570914));
#12226 = CARTESIAN_POINT('',(3.562521174899,3.809157261581));
#12227 = CARTESIAN_POINT('',(3.597183060859,3.816060651206));
#12228 = CARTESIAN_POINT('',(3.63184488843,3.82296493429));
#12229 = CARTESIAN_POINT('',(3.720972535547,3.840718237396));
#12230 = CARTESIAN_POINT('',(3.775439724994,3.851567710812));
#12231 = CARTESIAN_POINT('',(3.829905454704,3.862413967306));
#12232 = CARTESIAN_POINT('',(3.88437132764,3.873255806977));
#12233 = CARTESIAN_POINT('',(3.938838899609,3.884093526347));
#12234 = CARTESIAN_POINT('',(4.015957224224,3.899433886626));
#12235 = CARTESIAN_POINT('',(4.038609244718,3.903939285938));
#12236 = CARTESIAN_POINT('',(4.061261282132,3.908444250793));
#12237 = CARTESIAN_POINT('',(4.083913326398,3.912948890902));
#12238 = CARTESIAN_POINT('',(4.106565370881,3.917453330542));
#12239 = CARTESIAN_POINT('',(4.174785885361,3.931019038766));
#12240 = CARTESIAN_POINT('',(4.220354912054,3.940080213533));
#12241 = CARTESIAN_POINT('',(4.265923256742,3.949142080597));
#12242 = CARTESIAN_POINT('',(4.311491539601,3.958205757057));
#12243 = CARTESIAN_POINT('',(4.357060390008,3.967271942174));
#12244 = CARTESIAN_POINT('',(4.471812505631,3.990108152698));
#12245 = CARTESIAN_POINT('',(4.541000786812,4.003882097151));
#12246 = CARTESIAN_POINT('',(4.610183623722,4.017659710167));
#12247 = CARTESIAN_POINT('',(4.679366451178,4.031438144353));
#12248 = CARTESIAN_POINT('',(4.748554794527,4.045211438555));
#12249 = CARTESIAN_POINT('',(4.878377960659,4.071036105349));
#12250 = CARTESIAN_POINT('',(4.939019613781,4.083091191672));
#12251 = CARTESIAN_POINT('',(4.999658875337,4.09513525499));
#12252 = CARTESIAN_POINT('',(5.060298514733,4.10716759176));
#12253 = CARTESIAN_POINT('',(5.120941201507,4.119192220884));
#12254 = CARTESIAN_POINT('',(5.224610780671,4.139747243323));
#12255 = CARTESIAN_POINT('',(5.267640452374,4.148278566855));
#12256 = CARTESIAN_POINT('',(5.310669553407,4.156812030903));
#12257 = CARTESIAN_POINT('',(5.353698452407,4.165351532445));
#12258 = CARTESIAN_POINT('',(5.396727492562,4.173901404315));
#12259 = CARTESIAN_POINT('',(5.511169453947,4.196679000013));
#12260 = CARTESIAN_POINT('',(5.582587250808,4.210932735316));
#12261 = CARTESIAN_POINT('',(5.653996857861,4.225241561424));
#12262 = CARTESIAN_POINT('',(5.725404136514,4.239620712733));
#12263 = CARTESIAN_POINT('',(5.796815445483,4.254062026485));
#12264 = CARTESIAN_POINT('',(5.901734079984,4.275277203765));
#12265 = CARTESIAN_POINT('',(5.935246848162,4.282053356412));
#12266 = CARTESIAN_POINT('',(5.968759740049,4.288822761207));
#12267 = CARTESIAN_POINT('',(6.002273208611,4.295576475824));
#12268 = CARTESIAN_POINT('',(6.035787787989,4.302302576233));
#12269 = CARTESIAN_POINT('',(6.089867041512,4.313086013539));
#12270 = CARTESIAN_POINT('',(6.110430898198,4.317170171961));
#12271 = CARTESIAN_POINT('',(6.130995423252,4.321234621007));
#12272 = CARTESIAN_POINT('',(6.151560730535,4.325275349196));
#12273 = CARTESIAN_POINT('',(6.172126917124,4.329287862581));
#12274 = CARTESIAN_POINT('',(6.207774521585,4.336184945003));
#12275 = CARTESIAN_POINT('',(6.222855499638,4.339084862561));
#12276 = CARTESIAN_POINT('',(6.237937042414,4.341964975632));
#12277 = CARTESIAN_POINT('',(6.253019181434,4.344823186966));
#12278 = CARTESIAN_POINT('',(6.268101934797,4.347657263858));
#12279 = CARTESIAN_POINT('',(6.28318530718,4.350464838136));
#12280 = ( GEOMETRIC_REPRESENTATION_CONTEXT(2) 
PARAMETRIC_REPRESENTATION_CONTEXT() REPRESENTATION_CONTEXT('2D SPACE',''
  ) );
#12281 = PCURVE('',#11973,#12282);
#12282 = DEFINITIONAL_REPRESENTATION('',(#12283),#12416);
#12283 = B_SPLINE_CURVE_WITH_KNOTS('',6,(#12284,#12285,#12286,#12287,
    #12288,#12289,#12290,#12291,#12292,#12293,#12294,#12295,#12296,
    #12297,#12298,#12299,#12300,#12301,#12302,#12303,#12304,#12305,
    #12306,#12307,#12308,#12309,#12310,#12311,#12312,#12313,#12314,
    #12315,#12316,#12317,#12318,#12319,#12320,#12321,#12322,#12323,
    #12324,#12325,#12326,#12327,#12328,#12329,#12330,#12331,#12332,
    #12333,#12334,#12335,#12336,#12337,#12338,#12339,#12340,#12341,
    #12342,#12343,#12344,#12345,#12346,#12347,#12348,#12349,#12350,
    #12351,#12352,#12353,#12354,#12355,#12356,#12357,#12358,#12359,
    #12360,#12361,#12362,#12363,#12364,#12365,#12366,#12367,#12368,
    #12369,#12370,#12371,#12372,#12373,#12374,#12375,#12376,#12377,
    #12378,#12379,#12380,#12381,#12382,#12383,#12384,#12385,#12386,
    #12387,#12388,#12389,#12390,#12391,#12392,#12393,#12394,#12395,
    #12396,#12397,#12398,#12399,#12400,#12401,#12402,#12403,#12404,
    #12405,#12406,#12407,#12408,#12409,#12410,#12411,#12412,#12413,
    #12414,#12415),.UNSPECIFIED.,.F.,.F.,(7,5,5,5,5,5,5,5,5,5,5,5,5,5,5,
    5,5,5,5,5,5,5,5,5,5,5,7),(0.,2.602575044119E-02,3.868762682121E-02,
    9.167264263642E-02,0.114660569544,0.131655270075,0.232164276816,
    0.254259198982,0.302043219854,0.326974889748,0.363974470937,
    0.451473121867,0.481261179519,0.501257282977,0.520173170829,
    0.55043832988,0.583538724364,0.635551073066,0.657182475588,
    0.700697757931,0.766764807825,0.824671688694,0.865761334972,
    0.933957906593,0.965964290667,0.985601442169,1.),.UNSPECIFIED.);
#12284 = CARTESIAN_POINT('',(4.886810013589,0.));
#12285 = CARTESIAN_POINT('',(4.885913756764,4.336425375441E-03));
#12286 = CARTESIAN_POINT('',(4.885245743237,8.671566976932E-03));
#12287 = CARTESIAN_POINT('',(4.884767772276,1.30060877898E-02));
#12288 = CARTESIAN_POINT('',(4.88444589495,1.734048400106E-02));
#12289 = CARTESIAN_POINT('',(4.884250414135,2.167508499943E-02));
#12290 = CARTESIAN_POINT('',(4.884109894584,2.81190735863E-02));
#12291 = CARTESIAN_POINT('',(4.884087797681,3.022818444758E-02));
#12292 = CARTESIAN_POINT('',(4.884086666103,3.233740562575E-02));
#12293 = CARTESIAN_POINT('',(4.884103800387,3.444675295644E-02));
#12294 = CARTESIAN_POINT('',(4.884136729304,3.655623844428E-02));
#12295 = CARTESIAN_POINT('',(4.884377712868,4.749385688343E-02));
#12296 = CARTESIAN_POINT('',(4.884809644986,5.632458678007E-02));
#12297 = CARTESIAN_POINT('',(4.885313519125,6.515789333327E-02));
#12298 = CARTESIAN_POINT('',(4.885793787013,7.399319513618E-02));
#12299 = CARTESIAN_POINT('',(4.886205148304,8.2829535433E-02));
#12300 = CARTESIAN_POINT('',(4.88667503961,9.549922052592E-02));
#12301 = CARTESIAN_POINT('',(4.886801399767,9.933281576934E-02));
#12302 = CARTESIAN_POINT('',(4.886910883992,0.103166335264));
#12303 = CARTESIAN_POINT('',(4.887003187274,0.106999718976));
#12304 = CARTESIAN_POINT('',(4.887078755753,0.110832918855));
#12305 = CARTESIAN_POINT('',(4.887183166907,0.117499575289));
#12306 = CARTESIAN_POINT('',(4.887219013891,0.120333132771));
#12307 = CARTESIAN_POINT('',(4.887246773772,0.123166557434));
#12308 = CARTESIAN_POINT('',(4.887266982338,0.12599983944));
#12309 = CARTESIAN_POINT('',(4.887280265064,0.128832972962));
#12310 = CARTESIAN_POINT('',(4.887329162207,0.148420610349));
#12311 = CARTESIAN_POINT('',(4.887152737161,0.165175769262));
#12312 = CARTESIAN_POINT('',(4.886904451747,0.181918478082));
#12313 = CARTESIAN_POINT('',(4.886765365447,0.198660253622));
#12314 = CARTESIAN_POINT('',(4.886711410133,0.21541147958));
#12315 = CARTESIAN_POINT('',(4.886709966223,0.235842085834));
#12316 = CARTESIAN_POINT('',(4.886712229711,0.239524123628));
#12317 = CARTESIAN_POINT('',(4.886716587568,0.243206325941));
#12318 = CARTESIAN_POINT('',(4.886722587167,0.246888692031));
#12319 = CARTESIAN_POINT('',(4.88672975258,0.250571216123));
#12320 = CARTESIAN_POINT('',(4.886754522613,0.262218289396));
#12321 = CARTESIAN_POINT('',(4.886774665624,0.27018352492));
#12322 = CARTESIAN_POINT('',(4.886793067301,0.278149190554));
#12323 = CARTESIAN_POINT('',(4.886805867013,0.286115233052));
#12324 = CARTESIAN_POINT('',(4.886811159369,0.29408155455));
#12325 = CARTESIAN_POINT('',(4.886809187792,0.306203970754));
#12326 = CARTESIAN_POINT('',(4.886806698136,0.310360294842));
#12327 = CARTESIAN_POINT('',(4.886802520837,0.31451655448));
#12328 = CARTESIAN_POINT('',(4.88679690957,0.318672719226));
#12329 = CARTESIAN_POINT('',(4.886790245662,0.322828763742));
#12330 = CARTESIAN_POINT('',(4.886772341765,0.333152193266));
#12331 = CARTESIAN_POINT('',(4.886760315841,0.339319428232));
#12332 = CARTESIAN_POINT('',(4.886748849665,0.345486304137));
#12333 = CARTESIAN_POINT('',(4.886739646349,0.351652790865));
#12334 = CARTESIAN_POINT('',(4.886734222773,0.357818896733));
#12335 = CARTESIAN_POINT('',(4.886733168935,0.378565825721));
#12336 = CARTESIAN_POINT('',(4.886760607563,0.393148098163));
#12337 = CARTESIAN_POINT('',(4.886828001039,0.407725811138));
#12338 = CARTESIAN_POINT('',(4.886931698499,0.422304348743));
#12339 = CARTESIAN_POINT('',(4.886988789309,0.436888570373));
#12340 = CARTESIAN_POINT('',(4.886983970738,0.456436426737));
#12341 = CARTESIAN_POINT('',(4.886975908117,0.461401350327));
#12342 = CARTESIAN_POINT('',(4.886959975782,0.466366480425));
#12343 = CARTESIAN_POINT('',(4.886936955053,0.471331786216));
#12344 = CARTESIAN_POINT('',(4.886909439467,0.476297228699));
#12345 = CARTESIAN_POINT('',(4.886863304325,0.48459601901));
#12346 = CARTESIAN_POINT('',(4.886844947838,0.487929322359));
#12347 = CARTESIAN_POINT('',(4.886827767961,0.491262654305));
#12348 = CARTESIAN_POINT('',(4.886814362127,0.494596007499));
#12349 = CARTESIAN_POINT('',(4.886807806366,0.49792937929));
#12350 = CARTESIAN_POINT('',(4.886813124222,0.50441608139));
#12351 = CARTESIAN_POINT('',(4.886823056378,0.507569410988));
#12352 = CARTESIAN_POINT('',(4.886837611373,0.510722742793));
#12353 = CARTESIAN_POINT('',(4.886854604394,0.513876062496));
#12354 = CARTESIAN_POINT('',(4.886872390011,0.517029354805));
#12355 = CARTESIAN_POINT('',(4.886917817417,0.525227757685));
#12356 = CARTESIAN_POINT('',(4.886944720128,0.530272808446));
#12357 = CARTESIAN_POINT('',(4.886966373186,0.535317686911));
#12358 = CARTESIAN_POINT('',(4.886980404132,0.540362343235));
#12359 = CARTESIAN_POINT('',(4.886986265179,0.545406746546));
#12360 = CARTESIAN_POINT('',(4.886984104566,0.555967557458));
#12361 = CARTESIAN_POINT('',(4.886974328989,0.561483932618));
#12362 = CARTESIAN_POINT('',(4.886957419221,0.567000000863));
#12363 = CARTESIAN_POINT('',(4.886935239939,0.572515781552));
#12364 = CARTESIAN_POINT('',(4.886910007751,0.578031322977));
#12365 = CARTESIAN_POINT('',(4.88684388147,0.592213301045));
#12366 = CARTESIAN_POINT('',(4.886801769302,0.600879719756));
#12367 = CARTESIAN_POINT('',(4.886766743198,0.609545779327));
#12368 = CARTESIAN_POINT('',(4.886743790311,0.618212078323));
#12369 = CARTESIAN_POINT('',(4.886733905089,0.626879164726));
#12370 = CARTESIAN_POINT('',(4.886733894916,0.639151449829));
#12371 = CARTESIAN_POINT('',(4.886735625505,0.642756310106));
#12372 = CARTESIAN_POINT('',(4.886738873064,0.64636129687));
#12373 = CARTESIAN_POINT('',(4.886743370764,0.649966414506));
#12374 = CARTESIAN_POINT('',(4.886748801557,0.65357166336));
#12375 = CARTESIAN_POINT('',(4.886766861392,0.664429873695));
#12376 = CARTESIAN_POINT('',(4.886781259534,0.671683312968));
#12377 = CARTESIAN_POINT('',(4.88679511866,0.678937137637));
#12378 = CARTESIAN_POINT('',(4.886805546004,0.686191337392));
#12379 = CARTESIAN_POINT('',(4.886810553237,0.693445850289));
#12380 = CARTESIAN_POINT('',(4.88680910903,0.711714367503));
#12381 = CARTESIAN_POINT('',(4.8867953497,0.722729223343));
#12382 = CARTESIAN_POINT('',(4.886767731926,0.733742683271));
#12383 = CARTESIAN_POINT('',(4.886734003605,0.744754890589));
#12384 = CARTESIAN_POINT('',(4.886711241901,0.755766412988));
#12385 = CARTESIAN_POINT('',(4.886709358218,0.776425557902));
#12386 = CARTESIAN_POINT('',(4.886725226472,0.78607458585));
#12387 = CARTESIAN_POINT('',(4.886765093854,0.79572229512));
#12388 = CARTESIAN_POINT('',(4.886833459658,0.805369528908));
#12389 = CARTESIAN_POINT('',(4.88692351147,0.815017373455));
#12390 = CARTESIAN_POINT('',(4.887084488128,0.831511696705));
#12391 = CARTESIAN_POINT('',(4.887153341287,0.83835827218));
#12392 = CARTESIAN_POINT('',(4.88721820125,0.845205312194));
#12393 = CARTESIAN_POINT('',(4.887269860475,0.852053056971));
#12394 = CARTESIAN_POINT('',(4.887297737545,0.858901666085));
#12395 = CARTESIAN_POINT('',(4.887281625491,0.877118707713));
#12396 = CARTESIAN_POINT('',(4.887178135925,0.888489355516));
#12397 = CARTESIAN_POINT('',(4.886936262884,0.899860831122));
#12398 = CARTESIAN_POINT('',(4.886516987942,0.91123312879));
#12399 = CARTESIAN_POINT('',(4.88593622874,0.922604692576));
#12400 = CARTESIAN_POINT('',(4.885074905706,0.939307670995));
#12401 = CARTESIAN_POINT('',(4.884798564358,0.944642236454));
#12402 = CARTESIAN_POINT('',(4.884537001949,0.949976022049));
#12403 = CARTESIAN_POINT('',(4.884312981991,0.955308987515));
#12404 = CARTESIAN_POINT('',(4.884157386703,0.960641244324));
#12405 = CARTESIAN_POINT('',(4.884081850201,0.969244389023));
#12406 = CARTESIAN_POINT('',(4.884094081796,0.972515538139));
#12407 = CARTESIAN_POINT('',(4.884156541703,0.9757866161));
#12408 = CARTESIAN_POINT('',(4.884279882042,0.97905774251));
#12409 = CARTESIAN_POINT('',(4.884476132644,0.982329081533));
#12410 = CARTESIAN_POINT('',(4.884965888825,0.987999796281));
#12411 = CARTESIAN_POINT('',(4.885219487562,0.990398979934));
#12412 = CARTESIAN_POINT('',(4.885524793197,0.992798478402));
#12413 = CARTESIAN_POINT('',(4.885887508561,0.995198396022));
#12414 = CARTESIAN_POINT('',(4.886313743385,0.997598855917));
#12415 = CARTESIAN_POINT('',(4.886810014296,1.));
#12416 = ( GEOMETRIC_REPRESENTATION_CONTEXT(2) 
PARAMETRIC_REPRESENTATION_CONTEXT() REPRESENTATION_CONTEXT('2D SPACE',''
  ) );
#12417 = ORIENTED_EDGE('',*,*,#12418,.F.);
#12418 = EDGE_CURVE('',#12419,#12009,#12421,.T.);
#12419 = VERTEX_POINT('',#12420);
#12420 = CARTESIAN_POINT('',(3.3,48.,-4.70046483847));
#12421 = SURFACE_CURVE('',#12422,(#12426,#12433),.PCURVE_S1.);
#12422 = LINE('',#12423,#12424);
#12423 = CARTESIAN_POINT('',(3.3,48.,-7.4));
#12424 = VECTOR('',#12425,1.);
#12425 = DIRECTION('',(0.,0.,1.));
#12426 = PCURVE('',#11392,#12427);
#12427 = DEFINITIONAL_REPRESENTATION('',(#12428),#12432);
#12428 = LINE('',#12429,#12430);
#12429 = CARTESIAN_POINT('',(0.,-0.));
#12430 = VECTOR('',#12431,1.);
#12431 = DIRECTION('',(0.,1.));
#12432 = ( GEOMETRIC_REPRESENTATION_CONTEXT(2) 
PARAMETRIC_REPRESENTATION_CONTEXT() REPRESENTATION_CONTEXT('2D SPACE',''
  ) );
#12433 = PCURVE('',#12434,#12439);
#12434 = CYLINDRICAL_SURFACE('',#12435,3.3);
#12435 = AXIS2_PLACEMENT_3D('',#12436,#12437,#12438);
#12436 = CARTESIAN_POINT('',(0.,48.,-7.4));
#12437 = DIRECTION('',(0.,0.,1.));
#12438 = DIRECTION('',(1.,0.,-0.));
#12439 = DEFINITIONAL_REPRESENTATION('',(#12440),#12444);
#12440 = LINE('',#12441,#12442);
#12441 = CARTESIAN_POINT('',(6.28318530718,-0.));
#12442 = VECTOR('',#12443,1.);
#12443 = DIRECTION('',(0.,1.));
#12444 = ( GEOMETRIC_REPRESENTATION_CONTEXT(2) 
PARAMETRIC_REPRESENTATION_CONTEXT() REPRESENTATION_CONTEXT('2D SPACE',''
  ) );
#12445 = ORIENTED_EDGE('',*,*,#12446,.T.);
#12446 = EDGE_CURVE('',#12419,#11377,#12447,.T.);
#12447 = SURFACE_CURVE('',#12448,(#12561,#12677),.PCURVE_S1.);
#12448 = B_SPLINE_CURVE_WITH_KNOTS('',6,(#12449,#12450,#12451,#12452,
    #12453,#12454,#12455,#12456,#12457,#12458,#12459,#12460,#12461,
    #12462,#12463,#12464,#12465,#12466,#12467,#12468,#12469,#12470,
    #12471,#12472,#12473,#12474,#12475,#12476,#12477,#12478,#12479,
    #12480,#12481,#12482,#12483,#12484,#12485,#12486,#12487,#12488,
    #12489,#12490,#12491,#12492,#12493,#12494,#12495,#12496,#12497,
    #12498,#12499,#12500,#12501,#12502,#12503,#12504,#12505,#12506,
    #12507,#12508,#12509,#12510,#12511,#12512,#12513,#12514,#12515,
    #12516,#12517,#12518,#12519,#12520,#12521,#12522,#12523,#12524,
    #12525,#12526,#12527,#12528,#12529,#12530,#12531,#12532,#12533,
    #12534,#12535,#12536,#12537,#12538,#12539,#12540,#12541,#12542,
    #12543,#12544,#12545,#12546,#12547,#12548,#12549,#12550,#12551,
    #12552,#12553,#12554,#12555,#12556,#12557,#12558,#12559,#12560),
  .UNSPECIFIED.,.F.,.F.,(7,5,5,5,5,5,5,5,5,5,5,5,5,5,5,5,5,5,5,5,5,5,7),
  (0.,2.50140008089E-02,6.667916965612E-02,0.135654127305,0.175152437115
    ,0.233424457892,0.300253686883,0.34297660444,0.365088650803,
    0.416121527609,0.450125863969,0.500604859737,0.548954738627,
    0.588178239545,0.636490417851,0.672821084184,0.701569120499,
    0.769249328769,0.830208408665,0.865211729085,0.900732417605,
    0.960711863123,1.),.UNSPECIFIED.);
#12449 = CARTESIAN_POINT('',(3.3,48.000000000001,-4.700464838454));
#12450 = CARTESIAN_POINT('',(3.3,48.086472971794,-4.695587316347));
#12451 = CARTESIAN_POINT('',(3.297280861245,48.172939753922,
    -4.690629802513));
#12452 = CARTESIAN_POINT('',(3.291843384386,48.259293521145,
    -4.685604726375));
#12453 = CARTESIAN_POINT('',(3.28369381138,48.345428119756,
    -4.680523269406));
#12454 = CARTESIAN_POINT('',(3.272843825488,48.431238067579,
    -4.675395365122));
#12455 = CARTESIAN_POINT('',(3.236768529347,48.658834603653,
    -4.661625383874));
#12456 = CARTESIAN_POINT('',(3.206781486393,48.79986043643,
    -4.652916177242));
#12457 = CARTESIAN_POINT('',(3.169428842818,48.939210092848,
    -4.644142425671));
#12458 = CARTESIAN_POINT('',(3.124830375746,49.076408105657,
    -4.635334059175));
#12459 = CARTESIAN_POINT('',(3.073146373517,49.210990434275,
    -4.626512182813));
#12460 = CARTESIAN_POINT('',(2.91761993143,49.560222965008,
    -4.603087016907));
#12461 = CARTESIAN_POINT('',(2.801785607918,49.769555019584,
    -4.588483019022));
#12462 = CARTESIAN_POINT('',(2.66799360716,49.968423566509,
    -4.573944250138));
#12463 = CARTESIAN_POINT('',(2.517450996683,50.15494406405,
    -4.55947746272));
#12464 = CARTESIAN_POINT('',(2.351599335172,50.327400928662,
    -4.545065942478));
#12465 = CARTESIAN_POINT('',(2.069403749013,50.574140440428,
    -4.522463923755));
#12466 = CARTESIAN_POINT('',(1.962186603503,50.658886988532,
    -4.514246402536));
#12467 = CARTESIAN_POINT('',(1.850826550753,50.738256257063,
    -4.506038060564));
#12468 = CARTESIAN_POINT('',(1.735662161018,50.811998188231,
    -4.497835087421));
#12469 = CARTESIAN_POINT('',(1.617051531561,50.879891688148,
    -4.489634067602));
#12470 = CARTESIAN_POINT('',(1.31585709118,51.032997300659,
    -4.469333500052));
#12471 = CARTESIAN_POINT('',(1.129653025272,51.111107835242,
    -4.457233039551));
#12472 = CARTESIAN_POINT('',(0.937978582902,51.175454464365,
    -4.445124789163));
#12473 = CARTESIAN_POINT('',(0.742105689872,51.225582895372,
    -4.433004632809));
#12474 = CARTESIAN_POINT('',(0.543348647208,51.261184289739,
    -4.420873305944));
#12475 = CARTESIAN_POINT('',(0.113375584904,51.306127774447,
    -4.394813322644));
#12476 = CARTESIAN_POINT('',(-0.118347573225,51.310848748734,
    -4.380880754266));
#12477 = CARTESIAN_POINT('',(-0.350042453908,51.29606204975,
    -4.366943080298));
#12478 = CARTESIAN_POINT('',(-0.579674967018,51.261855680778,
    -4.353006486798));
#12479 = CARTESIAN_POINT('',(-0.805237699706,51.208570836232,
    -4.339073774859));
#12480 = CARTESIAN_POINT('',(-1.165102481007,51.091008452831,
    -4.31624427269));
#12481 = CARTESIAN_POINT('',(-1.302982247044,51.037626670273,
    -4.307343313503));
#12482 = CARTESIAN_POINT('',(-1.437893444272,50.976876267031,
    -4.298444731762));
#12483 = CARTESIAN_POINT('',(-1.569346967064,50.908966973397,
    -4.289547848363));
#12484 = CARTESIAN_POINT('',(-1.696874412271,50.834151463576,
    -4.280651603199));
#12485 = CARTESIAN_POINT('',(-1.883769765481,50.710581205532,
    -4.267150682065));
#12486 = CARTESIAN_POINT('',(-1.94633967789,50.66666622819,
    -4.262546107216));
#12487 = CARTESIAN_POINT('',(-2.00767695446,50.621020834451,
    -4.257941315579));
#12488 = CARTESIAN_POINT('',(-2.067722020253,50.573688508832,
    -4.253336174948));
#12489 = CARTESIAN_POINT('',(-2.126417377288,50.524715452063,
    -4.248730569063));
#12490 = CARTESIAN_POINT('',(-2.315928976628,50.357450806252,
    -4.233493713479));
#12491 = CARTESIAN_POINT('',(-2.440669106194,50.232269017704,
    -4.222859810242));
#12492 = CARTESIAN_POINT('',(-2.557242004851,50.099211455348,
    -4.212221930732));
#12493 = CARTESIAN_POINT('',(-2.665035500549,49.958947612125,
    -4.20157983416));
#12494 = CARTESIAN_POINT('',(-2.763512550224,49.812208378929,
    -4.190934667009));
#12495 = CARTESIAN_POINT('',(-2.911315328886,49.558220575429,
    -4.173196945839));
#12496 = CARTESIAN_POINT('',(-2.966078510551,49.454130954897,
    -4.166104003343));
#12497 = CARTESIAN_POINT('',(-3.016366648881,49.347748207966,
    -4.159011999245));
#12498 = CARTESIAN_POINT('',(-3.062061718779,49.239313016809,
    -4.151921806909));
#12499 = CARTESIAN_POINT('',(-3.103063118596,49.129073865736,
    -4.144834180257));
#12500 = CARTESIAN_POINT('',(-3.193062546493,48.851340951743,
    -4.127233014652));
#12501 = CARTESIAN_POINT('',(-3.236312046746,48.681979258236,
    -4.116722901001));
#12502 = CARTESIAN_POINT('',(-3.268763548499,48.510044508738,
    -4.106221106392));
#12503 = CARTESIAN_POINT('',(-3.29023558017,48.336395863547,
    -4.095726196681));
#12504 = CARTESIAN_POINT('',(-3.300638671366,48.161907617686,
    -4.085229182864));
#12505 = CARTESIAN_POINT('',(-3.299341676903,47.820385402639,
    -4.064632724174));
#12506 = CARTESIAN_POINT('',(-3.288555403804,47.653340620375,
    -4.054536498986));
#12507 = CARTESIAN_POINT('',(-3.267621125055,47.487109007423,
    -4.044439389635));
#12508 = CARTESIAN_POINT('',(-3.236619474621,47.322456840226,
    -4.034349314151));
#12509 = CARTESIAN_POINT('',(-3.195708135822,47.160138943436,
    -4.02426773623));
#12510 = CARTESIAN_POINT('',(-3.10408434733,46.871712349606,
    -4.006022230387));
#12511 = CARTESIAN_POINT('',(-3.056678689456,46.744549161194,
    -3.997855341556));
#12512 = CARTESIAN_POINT('',(-3.003030391478,46.619801729858,
    -3.989693225734));
#12513 = CARTESIAN_POINT('',(-2.943295878543,46.497851151125,
    -3.981534248719));
#12514 = CARTESIAN_POINT('',(-2.877662386441,46.379064371302,
    -3.973376496158));
#12515 = CARTESIAN_POINT('',(-2.718508356036,46.121812951701,
    -3.9551707436));
#12516 = CARTESIAN_POINT('',(-2.622047381631,45.985162626237,
    -3.945122478187));
#12517 = CARTESIAN_POINT('',(-2.51737346444,45.854502488494,
    -3.93507158583));
#12518 = CARTESIAN_POINT('',(-2.404955710412,45.730442886318,
    -3.925016246373));
#12519 = CARTESIAN_POINT('',(-2.285322496784,45.613543476216,
    -3.91495585661));
#12520 = CARTESIAN_POINT('',(-2.064111386547,45.422170143848,
    -3.897323462421));
#12521 = CARTESIAN_POINT('',(-1.965411810689,45.344362721647,
    -3.889752917185));
#12522 = CARTESIAN_POINT('',(-1.863210471059,45.271104860519,
    -3.882180507302));
#12523 = CARTESIAN_POINT('',(-1.757770239798,45.202591087319,
    -3.874606789983));
#12524 = CARTESIAN_POINT('',(-1.649367973259,45.138995332347,
    -3.867032430409));
#12525 = CARTESIAN_POINT('',(-1.450403366022,45.034161245757,
    -3.853464802118));
#12526 = CARTESIAN_POINT('',(-1.360839042106,44.991026567905,
    -3.847471438294));
#12527 = CARTESIAN_POINT('',(-1.269745380115,44.951142662962,
    -3.841478460689));
#12528 = CARTESIAN_POINT('',(-1.177269992255,44.914576299262,
    -3.83548613854));
#12529 = CARTESIAN_POINT('',(-1.083564263082,44.881385246308,
    -3.829494659883));
#12530 = CARTESIAN_POINT('',(-0.765644909647,44.781539233152,
    -3.809400900281));
#12531 = CARTESIAN_POINT('',(-0.536529423854,44.730432565112,
    -3.795301830412));
#12532 = CARTESIAN_POINT('',(-0.303488892011,44.698948430521,
    -3.781210244641));
#12533 = CARTESIAN_POINT('',(-6.861380858598E-02,44.687413712196,
    -3.767122408937));
#12534 = CARTESIAN_POINT('',(0.165980308438,44.695888515585,
    -3.753030147427));
#12535 = CARTESIAN_POINT('',(0.607276206271,44.749524248727,
    -3.726232279216));
#12536 = CARTESIAN_POINT('',(0.814458185764,44.790961295989,
    -3.713526493976));
#12537 = CARTESIAN_POINT('',(1.0181457395,44.848232143176,
    -3.700811819766));
#12538 = CARTESIAN_POINT('',(1.216842694387,44.920947660456,
    -3.68808535941));
#12539 = CARTESIAN_POINT('',(1.409108843174,45.008547577361,
    -3.675349808366));
#12540 = CARTESIAN_POINT('',(1.699495317977,45.168684585576,
    -3.655302476769));
#12541 = CARTESIAN_POINT('',(1.802848209597,45.231755650285,
    -3.647989953547));
#12542 = CARTESIAN_POINT('',(1.903375124013,45.299344103892,
    -3.640679141566));
#12543 = CARTESIAN_POINT('',(2.000831131105,45.371290496029,
    -3.633372089203));
#12544 = CARTESIAN_POINT('',(2.094983641113,45.447417901036,
    -3.62607113914));
#12545 = CARTESIAN_POINT('',(2.277580710521,45.608830063581,
    -3.611378934775));
#12546 = CARTESIAN_POINT('',(2.365921391399,45.694234476155,
    -3.603987819838));
#12547 = CARTESIAN_POINT('',(2.450404418052,45.783541942245,
    -3.596608154352));
#12548 = CARTESIAN_POINT('',(2.530816360402,45.876533806901,
    -3.589242356141));
#12549 = CARTESIAN_POINT('',(2.60696056393,45.972976101541,
    -3.581891977501));
#12550 = CARTESIAN_POINT('',(2.799722885891,46.240875591005,
    -3.562171300133));
#12551 = CARTESIAN_POINT('',(2.908114327122,46.418268629838,
    -3.549828815486));
#12552 = CARTESIAN_POINT('',(3.002956121633,46.603588841191,
    -3.537529917302));
#12553 = CARTESIAN_POINT('',(3.083549677291,46.795537804173,
    -3.5252590593));
#12554 = CARTESIAN_POINT('',(3.149349018032,46.992742667959,
    -3.512969364171));
#12555 = CARTESIAN_POINT('',(3.23316541821,47.325406334971,
    -3.492446697639));
#12556 = CARTESIAN_POINT('',(3.259836643541,47.458701887034,
    -3.484276518906));
#12557 = CARTESIAN_POINT('',(3.279905035601,47.593225116913,
    -3.476032816255));
#12558 = CARTESIAN_POINT('',(3.29330340106,47.728563100486,
    -3.467680813379));
#12559 = CARTESIAN_POINT('',(3.3,47.8642965216,-3.459176245495));
#12560 = CARTESIAN_POINT('',(3.3,48.000000000001,-3.450464838316));
#12561 = PCURVE('',#11392,#12562);
#12562 = DEFINITIONAL_REPRESENTATION('',(#12563),#12676);
#12563 = B_SPLINE_CURVE_WITH_KNOTS('',6,(#12564,#12565,#12566,#12567,
    #12568,#12569,#12570,#12571,#12572,#12573,#12574,#12575,#12576,
    #12577,#12578,#12579,#12580,#12581,#12582,#12583,#12584,#12585,
    #12586,#12587,#12588,#12589,#12590,#12591,#12592,#12593,#12594,
    #12595,#12596,#12597,#12598,#12599,#12600,#12601,#12602,#12603,
    #12604,#12605,#12606,#12607,#12608,#12609,#12610,#12611,#12612,
    #12613,#12614,#12615,#12616,#12617,#12618,#12619,#12620,#12621,
    #12622,#12623,#12624,#12625,#12626,#12627,#12628,#12629,#12630,
    #12631,#12632,#12633,#12634,#12635,#12636,#12637,#12638,#12639,
    #12640,#12641,#12642,#12643,#12644,#12645,#12646,#12647,#12648,
    #12649,#12650,#12651,#12652,#12653,#12654,#12655,#12656,#12657,
    #12658,#12659,#12660,#12661,#12662,#12663,#12664,#12665,#12666,
    #12667,#12668,#12669,#12670,#12671,#12672,#12673,#12674,#12675),
  .UNSPECIFIED.,.F.,.F.,(7,5,5,5,5,5,5,5,5,5,5,5,5,5,5,5,5,5,5,5,5,5,7),
  (0.,2.50140008089E-02,6.667916965612E-02,0.135654127305,0.175152437115
    ,0.233424457892,0.300253686883,0.34297660444,0.365088650803,
    0.416121527609,0.450125863969,0.500604859737,0.548954738627,
    0.588178239545,0.636490417851,0.672821084184,0.701569120499,
    0.769249328769,0.830208408665,0.865211729085,0.900732417605,
    0.960711863123,1.),.UNSPECIFIED.);
#12564 = CARTESIAN_POINT('',(0.,2.699535161546));
#12565 = CARTESIAN_POINT('',(2.620393084653E-02,2.704412683653));
#12566 = CARTESIAN_POINT('',(5.240596105022E-02,2.709370197487));
#12567 = CARTESIAN_POINT('',(7.860618166742E-02,2.714395273625));
#12568 = CARTESIAN_POINT('',(0.104804737269,2.719476730594));
#12569 = CARTESIAN_POINT('',(0.131001825942,2.724604634878));
#12570 = CARTESIAN_POINT('',(0.200831482396,2.738374616126));
#12571 = CARTESIAN_POINT('',(0.244462233664,2.747083822758));
#12572 = CARTESIAN_POINT('',(0.288090263258,2.755857574329));
#12573 = CARTESIAN_POINT('',(0.331717021275,2.764665940825));
#12574 = CARTESIAN_POINT('',(0.375343738733,2.773487817187));
#12575 = CARTESIAN_POINT('',(0.491191646812,2.796912983093));
#12576 = CARTESIAN_POINT('',(0.563418947839,2.811516980978));
#12577 = CARTESIAN_POINT('',(0.635641957521,2.826055749862));
#12578 = CARTESIAN_POINT('',(0.707867340897,2.84052253728));
#12579 = CARTESIAN_POINT('',(0.780101286301,2.854934057522));
#12580 = CARTESIAN_POINT('',(0.893693089894,2.877536076245));
#12581 = CARTESIAN_POINT('',(0.935055999217,2.885753597464));
#12582 = CARTESIAN_POINT('',(0.976418814898,2.893961939436));
#12583 = CARTESIAN_POINT('',(1.017781813316,2.902164912579));
#12584 = CARTESIAN_POINT('',(1.059145289629,2.910365932398));
#12585 = CARTESIAN_POINT('',(1.161531610159,2.930666499948));
#12586 = CARTESIAN_POINT('',(1.222557224507,2.942766960449));
#12587 = CARTESIAN_POINT('',(1.283579710417,2.954875210837));
#12588 = CARTESIAN_POINT('',(1.344601812697,2.966995367191));
#12589 = CARTESIAN_POINT('',(1.405626396817,2.979126694056));
#12590 = CARTESIAN_POINT('',(1.53663111467,3.005186677356));
#12591 = CARTESIAN_POINT('',(1.606618443931,3.019119245734));
#12592 = CARTESIAN_POINT('',(1.676599949875,3.033056919702));
#12593 = CARTESIAN_POINT('',(1.746581455524,3.046993513202));
#12594 = CARTESIAN_POINT('',(1.816568729609,3.060926225141));
#12595 = CARTESIAN_POINT('',(1.931290245261,3.08375572731));
#12596 = CARTESIAN_POINT('',(1.976029691427,3.092656686497));
#12597 = CARTESIAN_POINT('',(2.020768622438,3.101555268238));
#12598 = CARTESIAN_POINT('',(2.065507612503,3.110452151637));
#12599 = CARTESIAN_POINT('',(2.110247226614,3.119348396801));
#12600 = CARTESIAN_POINT('',(2.178141895835,3.132849317935));
#12601 = CARTESIAN_POINT('',(2.201297463481,3.137453892784));
#12602 = CARTESIAN_POINT('',(2.224453029639,3.142058684421));
#12603 = CARTESIAN_POINT('',(2.247608586926,3.146663825052));
#12604 = CARTESIAN_POINT('',(2.270764126995,3.151269430937));
#12605 = CARTESIAN_POINT('',(2.347360758093,3.166506286521));
#12606 = CARTESIAN_POINT('',(2.400803032026,3.177140189758));
#12607 = CARTESIAN_POINT('',(2.454243751789,3.187778069268));
#12608 = CARTESIAN_POINT('',(2.507684324865,3.19842016584));
#12609 = CARTESIAN_POINT('',(2.561126218691,3.209065332991));
#12610 = CARTESIAN_POINT('',(2.650175614145,3.226803054161));
#12611 = CARTESIAN_POINT('',(2.685784378448,3.233895996657));
#12612 = CARTESIAN_POINT('',(2.721393199264,3.240988000755));
#12613 = CARTESIAN_POINT('',(2.757002076833,3.248078193091));
#12614 = CARTESIAN_POINT('',(2.792611007865,3.255165819743));
#12615 = CARTESIAN_POINT('',(2.881081050491,3.272766985348));
#12616 = CARTESIAN_POINT('',(2.933943524671,3.283277098999));
#12617 = CARTESIAN_POINT('',(2.986804900654,3.293778893608));
#12618 = CARTESIAN_POINT('',(3.039666489374,3.304273803319));
#12619 = CARTESIAN_POINT('',(3.092529367081,3.314770817136));
#12620 = CARTESIAN_POINT('',(3.196021693695,3.335367275826));
#12621 = CARTESIAN_POINT('',(3.246653379518,3.345463501014));
#12622 = CARTESIAN_POINT('',(3.29728394611,3.355560610365));
#12623 = CARTESIAN_POINT('',(3.347914736101,3.365650685849));
#12624 = CARTESIAN_POINT('',(3.398546901214,3.37573226377));
#12625 = CARTESIAN_POINT('',(3.490252912628,3.393977769613));
#12626 = CARTESIAN_POINT('',(3.531327927211,3.402144658444));
#12627 = CARTESIAN_POINT('',(3.572402715377,3.410306774266));
#12628 = CARTESIAN_POINT('',(3.613477607568,3.418465751281));
#12629 = CARTESIAN_POINT('',(3.654552934234,3.426623503842));
#12630 = CARTESIAN_POINT('',(3.746220626831,3.4448292564));
#12631 = CARTESIAN_POINT('',(3.796814248344,3.454877521813));
#12632 = CARTESIAN_POINT('',(3.847406690115,3.46492841417));
#12633 = CARTESIAN_POINT('',(3.897998984614,3.474983753627));
#12634 = CARTESIAN_POINT('',(3.948592199774,3.48504414339));
#12635 = CARTESIAN_POINT('',(4.03722952566,3.502676537579));
#12636 = CARTESIAN_POINT('',(4.075274740933,3.510247082815));
#12637 = CARTESIAN_POINT('',(4.11331993041,3.517819492698));
#12638 = CARTESIAN_POINT('',(4.151365061716,3.525393210017));
#12639 = CARTESIAN_POINT('',(4.189410121113,3.532967569591));
#12640 = CARTESIAN_POINT('',(4.257559676203,3.546535197882));
#12641 = CARTESIAN_POINT('',(4.287664258813,3.552528561706));
#12642 = CARTESIAN_POINT('',(4.317768866214,3.558521539311));
#12643 = CARTESIAN_POINT('',(4.347873496665,3.56451386146));
#12644 = CARTESIAN_POINT('',(4.377978141797,3.570505340117));
#12645 = CARTESIAN_POINT('',(4.47895679724,3.590599099719));
#12646 = CARTESIAN_POINT('',(4.549836120277,3.604698169588));
#12647 = CARTESIAN_POINT('',(4.620709672743,3.618789755359));
#12648 = CARTESIAN_POINT('',(4.691583355082,3.632877591063));
#12649 = CARTESIAN_POINT('',(4.762462950082,3.646969852573));
#12650 = CARTESIAN_POINT('',(4.897173080439,3.673767720784));
#12651 = CARTESIAN_POINT('',(4.961011833863,3.686473506024));
#12652 = CARTESIAN_POINT('',(5.024846713319,3.699188180234));
#12653 = CARTESIAN_POINT('',(5.088681219902,3.71191464059));
#12654 = CARTESIAN_POINT('',(5.152518991986,3.724650191634));
#12655 = CARTESIAN_POINT('',(5.25300822963,3.744697523231));
#12656 = CARTESIAN_POINT('',(5.289662821176,3.752010046453));
#12657 = CARTESIAN_POINT('',(5.32631749755,3.759320858434));
#12658 = CARTESIAN_POINT('',(5.362972294281,3.766627910797));
#12659 = CARTESIAN_POINT('',(5.399627255982,3.77392886086));
#12660 = CARTESIAN_POINT('',(5.473479400215,3.788621065225));
#12661 = CARTESIAN_POINT('',(5.510676871838,3.796012180162));
#12662 = CARTESIAN_POINT('',(5.547874477381,3.803391845648));
#12663 = CARTESIAN_POINT('',(5.585072525738,3.810757643859));
#12664 = CARTESIAN_POINT('',(5.622271304882,3.818108022499));
#12665 = CARTESIAN_POINT('',(5.722283907037,3.837828699867));
#12666 = CARTESIAN_POINT('',(5.785101759225,3.850171184514));
#12667 = CARTESIAN_POINT('',(5.84791764252,3.862470082698));
#12668 = CARTESIAN_POINT('',(5.910734317408,3.8747409407));
#12669 = CARTESIAN_POINT('',(5.973553865878,3.887030635829));
#12670 = CARTESIAN_POINT('',(6.077511503772,3.907553302361));
#12671 = CARTESIAN_POINT('',(6.118654631438,3.915723481094));
#12672 = CARTESIAN_POINT('',(6.159795010874,3.923967183745));
#12673 = CARTESIAN_POINT('',(6.200931704749,3.932319186621));
#12674 = CARTESIAN_POINT('',(6.242063040997,3.940823754505));
#12675 = CARTESIAN_POINT('',(6.28318530718,3.949535161684));
#12676 = ( GEOMETRIC_REPRESENTATION_CONTEXT(2) 
PARAMETRIC_REPRESENTATION_CONTEXT() REPRESENTATION_CONTEXT('2D SPACE',''
  ) );
#12677 = PCURVE('',#11897,#12678);
#12678 = DEFINITIONAL_REPRESENTATION('',(#12679),#12792);
#12679 = B_SPLINE_CURVE_WITH_KNOTS('',6,(#12680,#12681,#12682,#12683,
    #12684,#12685,#12686,#12687,#12688,#12689,#12690,#12691,#12692,
    #12693,#12694,#12695,#12696,#12697,#12698,#12699,#12700,#12701,
    #12702,#12703,#12704,#12705,#12706,#12707,#12708,#12709,#12710,
    #12711,#12712,#12713,#12714,#12715,#12716,#12717,#12718,#12719,
    #12720,#12721,#12722,#12723,#12724,#12725,#12726,#12727,#12728,
    #12729,#12730,#12731,#12732,#12733,#12734,#12735,#12736,#12737,
    #12738,#12739,#12740,#12741,#12742,#12743,#12744,#12745,#12746,
    #12747,#12748,#12749,#12750,#12751,#12752,#12753,#12754,#12755,
    #12756,#12757,#12758,#12759,#12760,#12761,#12762,#12763,#12764,
    #12765,#12766,#12767,#12768,#12769,#12770,#12771,#12772,#12773,
    #12774,#12775,#12776,#12777,#12778,#12779,#12780,#12781,#12782,
    #12783,#12784,#12785,#12786,#12787,#12788,#12789,#12790,#12791),
  .UNSPECIFIED.,.F.,.F.,(7,5,5,5,5,5,5,5,5,5,5,5,5,5,5,5,5,5,5,5,5,5,7),
  (0.,2.50140008089E-02,6.667916965612E-02,0.135654127305,0.175152437115
    ,0.233424457892,0.300253686883,0.34297660444,0.365088650803,
    0.416121527609,0.450125863969,0.500604859737,0.548954738627,
    0.588178239545,0.636490417851,0.672821084184,0.701569120499,
    0.769249328769,0.830208408665,0.865211729085,0.900732417605,
    0.960711863123,1.),.UNSPECIFIED.);
#12680 = CARTESIAN_POINT('',(2.113189986405,0.));
#12681 = CARTESIAN_POINT('',(2.114052144303,4.171442028573E-03));
#12682 = CARTESIAN_POINT('',(2.114702925679,8.340822275805E-03));
#12683 = CARTESIAN_POINT('',(2.115176498572,1.250887471424E-02));
#12684 = CARTESIAN_POINT('',(2.115503323923,1.667617321043E-02));
#12685 = CARTESIAN_POINT('',(2.115710155567,2.084313152493E-02));
#12686 = CARTESIAN_POINT('',(2.11600307227,3.195065298736E-02));
#12687 = CARTESIAN_POINT('',(2.115917088476,3.889114835309E-02));
#12688 = CARTESIAN_POINT('',(2.115669058891,4.583264035939E-02));
#12689 = CARTESIAN_POINT('',(2.115337077321,5.277558930888E-02));
#12690 = CARTESIAN_POINT('',(2.11497500199,5.971994184968E-02));
#12691 = CARTESIAN_POINT('',(2.114024597984,7.816307329895E-02));
#12692 = CARTESIAN_POINT('',(2.11344353011,8.966468787896E-02));
#12693 = CARTESIAN_POINT('',(2.113031413143,0.101166916414));
#12694 = CARTESIAN_POINT('',(2.112800485046,0.112668181295));
#12695 = CARTESIAN_POINT('',(2.112708224331,0.12416856599));
#12696 = CARTESIAN_POINT('',(2.11270734274,0.142249905428));
#12697 = CARTESIAN_POINT('',(2.112737100204,0.148833221594));
#12698 = CARTESIAN_POINT('',(2.112787852025,0.155415755099));
#12699 = CARTESIAN_POINT('',(2.11285029627,0.161997647422));
#12700 = CARTESIAN_POINT('',(2.112916356664,0.168579107132));
#12701 = CARTESIAN_POINT('',(2.113075442966,0.184869275595));
#12702 = CARTESIAN_POINT('',(2.113166312083,0.194578040566));
#12703 = CARTESIAN_POINT('',(2.11323522506,0.204286176152));
#12704 = CARTESIAN_POINT('',(2.11327520538,0.213994795055));
#12705 = CARTESIAN_POINT('',(2.11329090469,0.223704762551));
#12706 = CARTESIAN_POINT('',(2.113288408529,0.244551969074));
#12707 = CARTESIAN_POINT('',(2.113264942681,0.255690690664));
#12708 = CARTESIAN_POINT('',(2.113230559058,0.26683008492));
#12709 = CARTESIAN_POINT('',(2.11320299159,0.27797074485));
#12710 = CARTESIAN_POINT('',(2.113189925502,0.289112831214));
#12711 = CARTESIAN_POINT('',(2.113190023316,0.307376463461));
#12712 = CARTESIAN_POINT('',(2.11319541714,0.314498916359));
#12713 = CARTESIAN_POINT('',(2.113205912262,0.321621061457));
#12714 = CARTESIAN_POINT('',(2.113219579489,0.328742839164));
#12715 = CARTESIAN_POINT('',(2.113233670064,0.33586423858));
#12716 = CARTESIAN_POINT('',(2.113251578659,0.346670571895));
#12717 = CARTESIAN_POINT('',(2.113257084867,0.350355952454));
#12718 = CARTESIAN_POINT('',(2.113261596505,0.354041195642));
#12719 = CARTESIAN_POINT('',(2.113264776865,0.357726302));
#12720 = CARTESIAN_POINT('',(2.113266345557,0.361411276915));
#12721 = CARTESIAN_POINT('',(2.113265462186,0.3736004853));
#12722 = CARTESIAN_POINT('',(2.113255202855,0.382104401829));
#12723 = CARTESIAN_POINT('',(2.113232411081,0.39060758299));
#12724 = CARTESIAN_POINT('',(2.113198095417,0.399110536586));
#12725 = CARTESIAN_POINT('',(2.113156972367,0.407613819339));
#12726 = CARTESIAN_POINT('',(2.113090826023,0.42178332552));
#12727 = CARTESIAN_POINT('',(2.113064782139,0.427449540795));
#12728 = CARTESIAN_POINT('',(2.113041945671,0.433116007669));
#12729 = CARTESIAN_POINT('',(2.113024717418,0.438782777702));
#12730 = CARTESIAN_POINT('',(2.113015098009,0.444449872952));
#12731 = CARTESIAN_POINT('',(2.113014079118,0.45853048702));
#12732 = CARTESIAN_POINT('',(2.113033300219,0.466944584528));
#12733 = CARTESIAN_POINT('',(2.113075415123,0.475359181118));
#12734 = CARTESIAN_POINT('',(2.113136548788,0.483774213154));
#12735 = CARTESIAN_POINT('',(2.113193251674,0.492189543858));
#12736 = CARTESIAN_POINT('',(2.113186619598,0.508664638287));
#12737 = CARTESIAN_POINT('',(2.113132715619,0.516724773446));
#12738 = CARTESIAN_POINT('',(2.113075642149,0.524784625471));
#12739 = CARTESIAN_POINT('',(2.113035501703,0.532844141973));
#12740 = CARTESIAN_POINT('',(2.113015880693,0.540903272751));
#12741 = CARTESIAN_POINT('',(2.113013779656,0.555499020866));
#12742 = CARTESIAN_POINT('',(2.113024976724,0.562036031022));
#12743 = CARTESIAN_POINT('',(2.11304689338,0.568572572643));
#12744 = CARTESIAN_POINT('',(2.113075663735,0.575108745));
#12745 = CARTESIAN_POINT('',(2.113106861861,0.581644696473));
#12746 = CARTESIAN_POINT('',(2.113174990016,0.596230588592));
#12747 = CARTESIAN_POINT('',(2.113211598368,0.604280641048));
#12748 = CARTESIAN_POINT('',(2.113240799189,0.612330480206));
#12749 = CARTESIAN_POINT('',(2.113259316397,0.620380538416));
#12750 = CARTESIAN_POINT('',(2.113266873561,0.628431211859));
#12751 = CARTESIAN_POINT('',(2.113265438814,0.642536678885));
#12752 = CARTESIAN_POINT('',(2.113259950622,0.64859140003));
#12753 = CARTESIAN_POINT('',(2.113250864842,0.654646488645));
#12754 = CARTESIAN_POINT('',(2.113239625717,0.660701950289));
#12755 = CARTESIAN_POINT('',(2.113227846957,0.666757757103));
#12756 = CARTESIAN_POINT('',(2.113208975337,0.677605962384));
#12757 = CARTESIAN_POINT('',(2.113201335198,0.682398265914));
#12758 = CARTESIAN_POINT('',(2.113195187303,0.687190726795));
#12759 = CARTESIAN_POINT('',(2.113191091997,0.691983304745));
#12760 = CARTESIAN_POINT('',(2.113189373987,0.696775950806));
#12761 = CARTESIAN_POINT('',(2.113191884148,0.712851742962));
#12762 = CARTESIAN_POINT('',(2.113207207165,0.724135787335));
#12763 = CARTESIAN_POINT('',(2.113236803185,0.735418304743));
#12764 = CARTESIAN_POINT('',(2.113271649446,0.746699462799));
#12765 = CARTESIAN_POINT('',(2.113292834119,0.757979892252));
#12766 = CARTESIAN_POINT('',(2.113286526719,0.779416215826));
#12767 = CARTESIAN_POINT('',(2.113263613457,0.789573683655));
#12768 = CARTESIAN_POINT('',(2.11321288277,0.799729569714));
#12769 = CARTESIAN_POINT('',(2.113130394326,0.80988496039));
#12770 = CARTESIAN_POINT('',(2.113027514637,0.820041251352));
#12771 = CARTESIAN_POINT('',(2.112870991118,0.836030203074));
#12772 = CARTESIAN_POINT('',(2.112814864516,0.841862682104));
#12773 = CARTESIAN_POINT('',(2.112764636155,0.847695635341));
#12774 = CARTESIAN_POINT('',(2.112725855273,0.853529158221));
#12775 = CARTESIAN_POINT('',(2.112704689145,0.85936330387));
#12776 = CARTESIAN_POINT('',(2.112711204812,0.871119103537));
#12777 = CARTESIAN_POINT('',(2.112739430843,0.877040816134));
#12778 = CARTESIAN_POINT('',(2.112798967292,0.882963153677));
#12779 = CARTESIAN_POINT('',(2.112895890095,0.888886080634));
#12780 = CARTESIAN_POINT('',(2.113033818905,0.89480948631));
#12781 = CARTESIAN_POINT('',(2.113512203164,0.910735523316));
#12782 = CARTESIAN_POINT('',(2.113926750581,0.920739057117));
#12783 = CARTESIAN_POINT('',(2.114449755515,0.930741614722));
#12784 = CARTESIAN_POINT('',(2.115038102468,0.940742159558));
#12785 = CARTESIAN_POINT('',(2.11556791391,0.950739481748));
#12786 = CARTESIAN_POINT('',(2.115957145097,0.967279249733));
#12787 = CARTESIAN_POINT('',(2.11598474192,0.973824016731));
#12788 = CARTESIAN_POINT('',(2.115820013861,0.980367501336));
#12789 = CARTESIAN_POINT('',(2.115375789788,0.986910283616));
#12790 = CARTESIAN_POINT('',(2.114542984836,0.993453686377));
#12791 = CARTESIAN_POINT('',(2.113189986051,1.));
#12792 = ( GEOMETRIC_REPRESENTATION_CONTEXT(2) 
PARAMETRIC_REPRESENTATION_CONTEXT() REPRESENTATION_CONTEXT('2D SPACE',''
  ) );
#12793 = ORIENTED_EDGE('',*,*,#11376,.T.);
#12794 = ADVANCED_FACE('',(#12795),#11818,.T.);
#12795 = FACE_BOUND('',#12796,.T.);
#12796 = EDGE_LOOP('',(#12797,#12841,#12870,#12871));
#12797 = ORIENTED_EDGE('',*,*,#12798,.T.);
#12798 = EDGE_CURVE('',#11884,#12799,#12801,.T.);
#12799 = VERTEX_POINT('',#12800);
#12800 = CARTESIAN_POINT('',(3.900000000217,48.000000000012,
    -3.953125000194));
#12801 = SURFACE_CURVE('',#12802,(#12805,#12811),.PCURVE_S1.);
#12802 = B_SPLINE_CURVE_WITH_KNOTS('',1,(#12803,#12804),.UNSPECIFIED.,
  .F.,.F.,(2,2),(3.,4.),.PIECEWISE_BEZIER_KNOTS.);
#12803 = CARTESIAN_POINT('',(3.900000000254,48.000000000008,
    -3.796875000129));
#12804 = CARTESIAN_POINT('',(3.900000000224,48.000000000008,
    -3.953125000129));
#12805 = PCURVE('',#11818,#12806);
#12806 = DEFINITIONAL_REPRESENTATION('',(#12807),#12810);
#12807 = B_SPLINE_CURVE_WITH_KNOTS('',1,(#12808,#12809),.UNSPECIFIED.,
  .F.,.F.,(2,2),(3.,4.),.PIECEWISE_BEZIER_KNOTS.);
#12808 = CARTESIAN_POINT('',(3.,0.));
#12809 = CARTESIAN_POINT('',(4.,0.));
#12810 = ( GEOMETRIC_REPRESENTATION_CONTEXT(2) 
PARAMETRIC_REPRESENTATION_CONTEXT() REPRESENTATION_CONTEXT('2D SPACE',''
  ) );
#12811 = PCURVE('',#12812,#12835);
#12812 = ( BOUNDED_SURFACE() B_SPLINE_SURFACE(1,6,(
    (#12813,#12814,#12815,#12816,#12817,#12818,#12819,#12820,#12821
      ,#12822,#12823)
    ,(#12824,#12825,#12826,#12827,#12828,#12829,#12830,#12831,#12832
      ,#12833,#12834
)),.UNSPECIFIED.,.F.,.F.,.F.) B_SPLINE_SURFACE_WITH_KNOTS((2,2),(7,4,7),
(3.,4.),(0.,0.5,1.),.UNSPECIFIED.) GEOMETRIC_REPRESENTATION_ITEM() 
RATIONAL_B_SPLINE_SURFACE((
    (1.,1.,1.,1.,1.,1.,1.,1.,1.,1.,1.)
,(1.,1.,1.,1.,1.,1.,1.,1.,1.,1.,1.
  ))) REPRESENTATION_ITEM('') SURFACE() );
#12813 = CARTESIAN_POINT('',(3.900000000015,48.000000000008,
    -5.046875000129));
#12814 = CARTESIAN_POINT('',(3.886228200956,50.04156679326,
    -4.94270833346));
#12815 = CARTESIAN_POINT('',(2.657427919629,52.083133586497,
    -4.838541666572));
#12816 = CARTESIAN_POINT('',(-2.315383714725E-02,53.130152185713,
    -4.734374999373));
#12817 = CARTESIAN_POINT('',(-2.622080302005,52.083133586434,
    -4.630208332209));
#12818 = CARTESIAN_POINT('',(-5.177919697815,47.999999999898,
    -4.421874998392));
#12819 = CARTESIAN_POINT('',(-2.622080301827,43.916866413424,
    -4.213541665553));
#12820 = CARTESIAN_POINT('',(-2.315383690325E-02,42.869847814209,
    -4.109374999384));
#12821 = CARTESIAN_POINT('',(2.657427919887,43.916866413488,
    -4.005208333212));
#12822 = CARTESIAN_POINT('',(3.886228201205,45.958433206756,
    -3.901041666794));
#12823 = CARTESIAN_POINT('',(3.900000000254,48.000000000008,
    -3.796875000129));
#12824 = CARTESIAN_POINT('',(3.899999999985,48.000000000008,
    -5.203125000129));
#12825 = CARTESIAN_POINT('',(3.886228200926,50.04156679326,
    -5.09895833346));
#12826 = CARTESIAN_POINT('',(2.657427919599,52.083133586497,
    -4.994791666572));
#12827 = CARTESIAN_POINT('',(-2.315383717715E-02,53.130152185713,
    -4.890624999373));
#12828 = CARTESIAN_POINT('',(-2.622080302035,52.083133586434,
    -4.786458332209));
#12829 = CARTESIAN_POINT('',(-5.177919697844,47.999999999898,
    -4.578124998392));
#12830 = CARTESIAN_POINT('',(-2.622080301857,43.916866413424,
    -4.369791665553));
#12831 = CARTESIAN_POINT('',(-2.315383693315E-02,42.869847814209,
    -4.265624999384));
#12832 = CARTESIAN_POINT('',(2.657427919857,43.916866413488,
    -4.161458333212));
#12833 = CARTESIAN_POINT('',(3.886228201175,45.958433206756,
    -4.057291666794));
#12834 = CARTESIAN_POINT('',(3.900000000224,48.000000000008,
    -3.953125000129));
#12835 = DEFINITIONAL_REPRESENTATION('',(#12836),#12840);
#12836 = LINE('',#12837,#12838);
#12837 = CARTESIAN_POINT('',(0.,1.));
#12838 = VECTOR('',#12839,1.);
#12839 = DIRECTION('',(1.,0.));
#12840 = ( GEOMETRIC_REPRESENTATION_CONTEXT(2) 
PARAMETRIC_REPRESENTATION_CONTEXT() REPRESENTATION_CONTEXT('2D SPACE',''
  ) );
#12841 = ORIENTED_EDGE('',*,*,#12842,.T.);
#12842 = EDGE_CURVE('',#12799,#11805,#12843,.T.);
#12843 = SURFACE_CURVE('',#12844,(#12856,#12863),.PCURVE_S1.);
#12844 = ( BOUNDED_CURVE() B_SPLINE_CURVE(6,(#12845,#12846,#12847,#12848
    ,#12849,#12850,#12851,#12852,#12853,#12854,#12855),.UNSPECIFIED.,.F.
,.F.) B_SPLINE_CURVE_WITH_KNOTS((7,4,7),(0.,0.5,1.),.UNSPECIFIED.) CURVE
() GEOMETRIC_REPRESENTATION_ITEM() RATIONAL_B_SPLINE_CURVE((1.,1.,1.,1.,
1.,1.,1.,1.,1.,1.,1.)) REPRESENTATION_ITEM('') );
#12845 = CARTESIAN_POINT('',(3.900000000209,48.000000000016,
    -3.953125000259));
#12846 = CARTESIAN_POINT('',(3.886228201145,50.041566793268,
    -3.848958333586));
#12847 = CARTESIAN_POINT('',(2.657427919813,52.08313358649,
    -3.744791666463));
#12848 = CARTESIAN_POINT('',(-2.315383695532E-02,53.130152185674,
    -3.640624998752));
#12849 = CARTESIAN_POINT('',(-2.622080301781,52.083133586363,
    -3.536458331091));
#12850 = CARTESIAN_POINT('',(-5.177919697501,47.999999999796,
    -3.328124996785));
#12851 = CARTESIAN_POINT('',(-2.622080301424,43.916866413354,
    -3.119791664435));
#12852 = CARTESIAN_POINT('',(-2.315383646726E-02,42.869847814169,
    -3.015624998763));
#12853 = CARTESIAN_POINT('',(2.65742792033,43.916866413481,
    -2.911458333104));
#12854 = CARTESIAN_POINT('',(3.886228201643,45.958433206764,
    -2.807291666921));
#12855 = CARTESIAN_POINT('',(3.900000000688,48.000000000016,
    -2.703125000259));
#12856 = PCURVE('',#11818,#12857);
#12857 = DEFINITIONAL_REPRESENTATION('',(#12858),#12862);
#12858 = LINE('',#12859,#12860);
#12859 = CARTESIAN_POINT('',(4.,0.));
#12860 = VECTOR('',#12861,1.);
#12861 = DIRECTION('',(0.,1.));
#12862 = ( GEOMETRIC_REPRESENTATION_CONTEXT(2) 
PARAMETRIC_REPRESENTATION_CONTEXT() REPRESENTATION_CONTEXT('2D SPACE',''
  ) );
#12863 = PCURVE('',#11973,#12864);
#12864 = DEFINITIONAL_REPRESENTATION('',(#12865),#12869);
#12865 = LINE('',#12866,#12867);
#12866 = CARTESIAN_POINT('',(4.,0.));
#12867 = VECTOR('',#12868,1.);
#12868 = DIRECTION('',(0.,1.));
#12869 = ( GEOMETRIC_REPRESENTATION_CONTEXT(2) 
PARAMETRIC_REPRESENTATION_CONTEXT() REPRESENTATION_CONTEXT('2D SPACE',''
  ) );
#12870 = ORIENTED_EDGE('',*,*,#11804,.F.);
#12871 = ORIENTED_EDGE('',*,*,#11927,.F.);
#12872 = ADVANCED_FACE('',(#12873),#11897,.T.);
#12873 = FACE_BOUND('',#12874,.T.);
#12874 = EDGE_LOOP('',(#12875,#12876,#12920,#12949));
#12875 = ORIENTED_EDGE('',*,*,#12446,.F.);
#12876 = ORIENTED_EDGE('',*,*,#12877,.T.);
#12877 = EDGE_CURVE('',#12419,#12878,#12880,.T.);
#12878 = VERTEX_POINT('',#12879);
#12879 = CARTESIAN_POINT('',(3.900000000007,48.000000000004,
    -5.046875000065));
#12880 = SURFACE_CURVE('',#12881,(#12884,#12890),.PCURVE_S1.);
#12881 = B_SPLINE_CURVE_WITH_KNOTS('',1,(#12882,#12883),.UNSPECIFIED.,
  .F.,.F.,(2,2),(2.,3.),.PIECEWISE_BEZIER_KNOTS.);
#12882 = CARTESIAN_POINT('',(3.223417653293,48.,-4.65625));
#12883 = CARTESIAN_POINT('',(3.9,48.,-5.046875));
#12884 = PCURVE('',#11897,#12885);
#12885 = DEFINITIONAL_REPRESENTATION('',(#12886),#12889);
#12886 = B_SPLINE_CURVE_WITH_KNOTS('',1,(#12887,#12888),.UNSPECIFIED.,
  .F.,.F.,(2,2),(2.113189986415,3.),.PIECEWISE_BEZIER_KNOTS.);
#12887 = CARTESIAN_POINT('',(2.113189986415,0.));
#12888 = CARTESIAN_POINT('',(3.,0.));
#12889 = ( GEOMETRIC_REPRESENTATION_CONTEXT(2) 
PARAMETRIC_REPRESENTATION_CONTEXT() REPRESENTATION_CONTEXT('2D SPACE',''
  ) );
#12890 = PCURVE('',#12891,#12914);
#12891 = ( BOUNDED_SURFACE() B_SPLINE_SURFACE(1,6,(
    (#12892,#12893,#12894,#12895,#12896,#12897,#12898,#12899,#12900
      ,#12901,#12902)
    ,(#12903,#12904,#12905,#12906,#12907,#12908,#12909,#12910,#12911
      ,#12912,#12913
)),.UNSPECIFIED.,.F.,.F.,.F.) B_SPLINE_SURFACE_WITH_KNOTS((2,2),(7,4,7),
(2.,3.),(0.,0.5,1.),.UNSPECIFIED.) GEOMETRIC_REPRESENTATION_ITEM() 
RATIONAL_B_SPLINE_SURFACE((
    (1.,1.,1.,1.,1.,1.,1.,1.,1.,1.,1.)
,(1.,1.,1.,1.,1.,1.,1.,1.,1.,1.,1.
  ))) REPRESENTATION_ITEM('') SURFACE() );
#12892 = CARTESIAN_POINT('',(3.223417653293,48.,-5.90625));
#12893 = CARTESIAN_POINT('',(3.212035022335,49.687390369637,
    -5.802083333333));
#12894 = CARTESIAN_POINT('',(2.196410274305,51.374780739275,
    -5.69791666668));
#12895 = CARTESIAN_POINT('',(-1.913704829795E-02,52.240159774409,
    -5.593749999995));
#12896 = CARTESIAN_POINT('',(-2.167194854846,51.374780739275,
    -5.489583333328));
#12897 = CARTESIAN_POINT('',(-4.27964045174,48.,-5.28125));
#12898 = CARTESIAN_POINT('',(-2.167194854847,44.625219260725,
    -5.072916666672));
#12899 = CARTESIAN_POINT('',(-1.913704829799E-02,43.759840225591,
    -4.968750000005));
#12900 = CARTESIAN_POINT('',(2.196410274305,44.625219260725,
    -4.86458333332));
#12901 = CARTESIAN_POINT('',(3.212035022335,46.312609630363,
    -4.760416666667));
#12902 = CARTESIAN_POINT('',(3.223417653293,48.,-4.65625));
#12903 = CARTESIAN_POINT('',(3.9,48.,-6.296875));
#12904 = CARTESIAN_POINT('',(3.886228200946,50.041566793252,
    -6.192708333333));
#12905 = CARTESIAN_POINT('',(2.657427919623,52.083133586504,
    -6.08854166668));
#12906 = CARTESIAN_POINT('',(-2.315383715978E-02,53.130152185752,
    -5.984374999995));
#12907 = CARTESIAN_POINT('',(-2.622080302051,52.083133586504,
    -5.880208333328));
#12908 = CARTESIAN_POINT('',(-5.177919697949,48.,-5.671875));
#12909 = CARTESIAN_POINT('',(-2.622080302051,43.916866413495,
    -5.463541666672));
#12910 = CARTESIAN_POINT('',(-2.315383715983E-02,42.869847814248,
    -5.359375000005));
#12911 = CARTESIAN_POINT('',(2.657427919623,43.916866413495,
    -5.25520833332));
#12912 = CARTESIAN_POINT('',(3.886228200946,45.958433206748,
    -5.151041666667));
#12913 = CARTESIAN_POINT('',(3.9,48.,-5.046875));
#12914 = DEFINITIONAL_REPRESENTATION('',(#12915),#12919);
#12915 = LINE('',#12916,#12917);
#12916 = CARTESIAN_POINT('',(0.,1.));
#12917 = VECTOR('',#12918,1.);
#12918 = DIRECTION('',(1.,0.));
#12919 = ( GEOMETRIC_REPRESENTATION_CONTEXT(2) 
PARAMETRIC_REPRESENTATION_CONTEXT() REPRESENTATION_CONTEXT('2D SPACE',''
  ) );
#12920 = ORIENTED_EDGE('',*,*,#12921,.T.);
#12921 = EDGE_CURVE('',#12878,#11884,#12922,.T.);
#12922 = SURFACE_CURVE('',#12923,(#12935,#12942),.PCURVE_S1.);
#12923 = ( BOUNDED_CURVE() B_SPLINE_CURVE(6,(#12924,#12925,#12926,#12927
    ,#12928,#12929,#12930,#12931,#12932,#12933,#12934),.UNSPECIFIED.,.F.
,.F.) B_SPLINE_CURVE_WITH_KNOTS((7,4,7),(0.,0.5,1.),.UNSPECIFIED.) CURVE
() GEOMETRIC_REPRESENTATION_ITEM() RATIONAL_B_SPLINE_CURVE((1.,1.,1.,1.,
1.,1.,1.,1.,1.,1.,1.)) REPRESENTATION_ITEM('') );
#12924 = CARTESIAN_POINT('',(3.900000000015,48.000000000008,
    -5.046875000129));
#12925 = CARTESIAN_POINT('',(3.886228200956,50.04156679326,
    -4.94270833346));
#12926 = CARTESIAN_POINT('',(2.657427919629,52.083133586497,
    -4.838541666572));
#12927 = CARTESIAN_POINT('',(-2.315383714725E-02,53.130152185713,
    -4.734374999373));
#12928 = CARTESIAN_POINT('',(-2.622080302005,52.083133586434,
    -4.630208332209));
#12929 = CARTESIAN_POINT('',(-5.177919697815,47.999999999898,
    -4.421874998392));
#12930 = CARTESIAN_POINT('',(-2.622080301827,43.916866413424,
    -4.213541665553));
#12931 = CARTESIAN_POINT('',(-2.315383690325E-02,42.869847814209,
    -4.109374999384));
#12932 = CARTESIAN_POINT('',(2.657427919887,43.916866413488,
    -4.005208333212));
#12933 = CARTESIAN_POINT('',(3.886228201205,45.958433206756,
    -3.901041666794));
#12934 = CARTESIAN_POINT('',(3.900000000254,48.000000000008,
    -3.796875000129));
#12935 = PCURVE('',#11897,#12936);
#12936 = DEFINITIONAL_REPRESENTATION('',(#12937),#12941);
#12937 = LINE('',#12938,#12939);
#12938 = CARTESIAN_POINT('',(3.,0.));
#12939 = VECTOR('',#12940,1.);
#12940 = DIRECTION('',(0.,1.));
#12941 = ( GEOMETRIC_REPRESENTATION_CONTEXT(2) 
PARAMETRIC_REPRESENTATION_CONTEXT() REPRESENTATION_CONTEXT('2D SPACE',''
  ) );
#12942 = PCURVE('',#12812,#12943);
#12943 = DEFINITIONAL_REPRESENTATION('',(#12944),#12948);
#12944 = LINE('',#12945,#12946);
#12945 = CARTESIAN_POINT('',(3.,0.));
#12946 = VECTOR('',#12947,1.);
#12947 = DIRECTION('',(0.,1.));
#12948 = ( GEOMETRIC_REPRESENTATION_CONTEXT(2) 
PARAMETRIC_REPRESENTATION_CONTEXT() REPRESENTATION_CONTEXT('2D SPACE',''
  ) );
#12949 = ORIENTED_EDGE('',*,*,#11883,.F.);
#12950 = ADVANCED_FACE('',(#12951),#11973,.T.);
#12951 = FACE_BOUND('',#12952,.T.);
#12952 = EDGE_LOOP('',(#12953,#12954,#12996,#12997));
#12953 = ORIENTED_EDGE('',*,*,#12842,.F.);
#12954 = ORIENTED_EDGE('',*,*,#12955,.T.);
#12955 = EDGE_CURVE('',#12799,#12009,#12956,.T.);
#12956 = SURFACE_CURVE('',#12957,(#12960,#12966),.PCURVE_S1.);
#12957 = B_SPLINE_CURVE_WITH_KNOTS('',1,(#12958,#12959),.UNSPECIFIED.,
  .F.,.F.,(2,2),(4.,5.),.PIECEWISE_BEZIER_KNOTS.);
#12958 = CARTESIAN_POINT('',(3.900000000224,48.000000000008,
    -3.953125000129));
#12959 = CARTESIAN_POINT('',(3.223417653443,48.,-4.34375));
#12960 = PCURVE('',#11973,#12961);
#12961 = DEFINITIONAL_REPRESENTATION('',(#12962),#12965);
#12962 = B_SPLINE_CURVE_WITH_KNOTS('',1,(#12963,#12964),.UNSPECIFIED.,
  .F.,.F.,(2,2),(4.,4.886810013599),.PIECEWISE_BEZIER_KNOTS.);
#12963 = CARTESIAN_POINT('',(4.,0.));
#12964 = CARTESIAN_POINT('',(4.886810013599,0.));
#12965 = ( GEOMETRIC_REPRESENTATION_CONTEXT(2) 
PARAMETRIC_REPRESENTATION_CONTEXT() REPRESENTATION_CONTEXT('2D SPACE',''
  ) );
#12966 = PCURVE('',#12967,#12990);
#12967 = ( BOUNDED_SURFACE() B_SPLINE_SURFACE(1,6,(
    (#12968,#12969,#12970,#12971,#12972,#12973,#12974,#12975,#12976
      ,#12977,#12978)
    ,(#12979,#12980,#12981,#12982,#12983,#12984,#12985,#12986,#12987
      ,#12988,#12989
)),.UNSPECIFIED.,.F.,.F.,.F.) B_SPLINE_SURFACE_WITH_KNOTS((2,2),(7,4,7),
(4.,5.),(0.,0.5,1.),.UNSPECIFIED.) GEOMETRIC_REPRESENTATION_ITEM() 
RATIONAL_B_SPLINE_SURFACE((
    (1.,1.,1.,1.,1.,1.,1.,1.,1.,1.,1.)
,(1.,1.,1.,1.,1.,1.,1.,1.,1.,1.,1.
  ))) REPRESENTATION_ITEM('') SURFACE() );
#12968 = CARTESIAN_POINT('',(3.899999999985,48.000000000008,
    -5.203125000129));
#12969 = CARTESIAN_POINT('',(3.886228200926,50.04156679326,
    -5.09895833346));
#12970 = CARTESIAN_POINT('',(2.657427919599,52.083133586497,
    -4.994791666572));
#12971 = CARTESIAN_POINT('',(-2.315383717715E-02,53.130152185713,
    -4.890624999373));
#12972 = CARTESIAN_POINT('',(-2.622080302035,52.083133586434,
    -4.786458332209));
#12973 = CARTESIAN_POINT('',(-5.177919697844,47.999999999898,
    -4.578124998392));
#12974 = CARTESIAN_POINT('',(-2.622080301857,43.916866413424,
    -4.369791665553));
#12975 = CARTESIAN_POINT('',(-2.315383693315E-02,42.869847814209,
    -4.265624999384));
#12976 = CARTESIAN_POINT('',(2.657427919857,43.916866413488,
    -4.161458333212));
#12977 = CARTESIAN_POINT('',(3.886228201175,45.958433206756,
    -4.057291666794));
#12978 = CARTESIAN_POINT('',(3.900000000224,48.000000000008,
    -3.953125000129));
#12979 = CARTESIAN_POINT('',(3.223417653204,48.,-5.59375));
#12980 = CARTESIAN_POINT('',(3.212035022245,49.687390369637,
    -5.489583333331));
#12981 = CARTESIAN_POINT('',(2.196410274214,51.374780739262,
    -5.385416666483));
#12982 = CARTESIAN_POINT('',(-1.913704837928E-02,52.24015977437,
    -5.281249999374));
#12983 = CARTESIAN_POINT('',(-2.167194854897,51.37478073921,
    -5.177083332296));
#12984 = CARTESIAN_POINT('',(-4.27964045171,47.999999999909,
    -4.968749998564));
#12985 = CARTESIAN_POINT('',(-2.167194854736,44.62521926066,
    -4.760416665641));
#12986 = CARTESIAN_POINT('',(-1.913704815686E-02,43.759840225552,
    -4.656249999385));
#12987 = CARTESIAN_POINT('',(2.196410274456,44.625219260712,
    -4.552083333124));
#12988 = CARTESIAN_POINT('',(3.212035022485,46.312609630362,
    -4.447916666665));
#12989 = CARTESIAN_POINT('',(3.223417653443,48.,-4.34375));
#12990 = DEFINITIONAL_REPRESENTATION('',(#12991),#12995);
#12991 = LINE('',#12992,#12993);
#12992 = CARTESIAN_POINT('',(0.,1.));
#12993 = VECTOR('',#12994,1.);
#12994 = DIRECTION('',(1.,0.));
#12995 = ( GEOMETRIC_REPRESENTATION_CONTEXT(2) 
PARAMETRIC_REPRESENTATION_CONTEXT() REPRESENTATION_CONTEXT('2D SPACE',''
  ) );
#12996 = ORIENTED_EDGE('',*,*,#12008,.T.);
#12997 = ORIENTED_EDGE('',*,*,#11961,.F.);
#12998 = ADVANCED_FACE('',(#12999),#12434,.T.);
#12999 = FACE_BOUND('',#13000,.T.);
#13000 = EDGE_LOOP('',(#13001,#13426,#13454,#13904));
#13001 = ORIENTED_EDGE('',*,*,#13002,.F.);
#13002 = EDGE_CURVE('',#13003,#12009,#13005,.T.);
#13003 = VERTEX_POINT('',#13004);
#13004 = CARTESIAN_POINT('',(3.3,48.,-5.549535161497));
#13005 = SURFACE_CURVE('',#13006,(#13144,#13285),.PCURVE_S1.);
#13006 = B_SPLINE_CURVE_WITH_KNOTS('',6,(#13007,#13008,#13009,#13010,
    #13011,#13012,#13013,#13014,#13015,#13016,#13017,#13018,#13019,
    #13020,#13021,#13022,#13023,#13024,#13025,#13026,#13027,#13028,
    #13029,#13030,#13031,#13032,#13033,#13034,#13035,#13036,#13037,
    #13038,#13039,#13040,#13041,#13042,#13043,#13044,#13045,#13046,
    #13047,#13048,#13049,#13050,#13051,#13052,#13053,#13054,#13055,
    #13056,#13057,#13058,#13059,#13060,#13061,#13062,#13063,#13064,
    #13065,#13066,#13067,#13068,#13069,#13070,#13071,#13072,#13073,
    #13074,#13075,#13076,#13077,#13078,#13079,#13080,#13081,#13082,
    #13083,#13084,#13085,#13086,#13087,#13088,#13089,#13090,#13091,
    #13092,#13093,#13094,#13095,#13096,#13097,#13098,#13099,#13100,
    #13101,#13102,#13103,#13104,#13105,#13106,#13107,#13108,#13109,
    #13110,#13111,#13112,#13113,#13114,#13115,#13116,#13117,#13118,
    #13119,#13120,#13121,#13122,#13123,#13124,#13125,#13126,#13127,
    #13128,#13129,#13130,#13131,#13132,#13133,#13134,#13135,#13136,
    #13137,#13138,#13139,#13140,#13141,#13142,#13143),.UNSPECIFIED.,.F.,
  .F.,(7,5,5,5,5,5,5,5,5,5,5,5,5,5,5,5,5,5,5,5,5,5,5,5,5,5,5,7),(0.,
    2.602569988056E-02,3.868755385538E-02,9.167246673344E-02,
    0.114660348982,0.131655016498,0.232163827664,0.254259590219,
    0.302044093858,0.326976409279,0.363975919222,0.411218336923,
    0.45177615204,0.481254059063,0.501250113612,0.520160778577,
    0.550392922725,0.635186404238,0.656852748627,0.701623477947,
    0.731534513403,0.76753420435,0.825403365251,0.864407515311,
    0.879235810944,0.898228143495,0.934214442406,1.),.UNSPECIFIED.);
#13007 = CARTESIAN_POINT('',(3.3,48.000000000001,-5.549535161482));
#13008 = CARTESIAN_POINT('',(3.3,48.08989303618,-5.54376452944));
#13009 = CARTESIAN_POINT('',(3.297061491814,48.179798971599,
    -5.538084659654));
#13010 = CARTESIAN_POINT('',(3.291183059775,48.269594424189,
    -5.53247980123));
#13011 = CARTESIAN_POINT('',(3.282370229302,48.35915703954,
    -5.526936072634));
#13012 = CARTESIAN_POINT('',(3.27063546691,48.448365490903,
    -5.521441461691));
#13013 = CARTESIAN_POINT('',(3.248876942814,48.580269761161,
    -5.513331585045));
#13014 = CARTESIAN_POINT('',(3.241068673197,48.623327784517,
    -5.510686564408));
#13015 = CARTESIAN_POINT('',(3.232575601746,48.66625968243,
    -5.508049595457));
#13016 = CARTESIAN_POINT('',(3.223400319468,48.709051714862,
    -5.50541960392));
#13017 = CARTESIAN_POINT('',(3.213545777978,48.751690268567,
    -5.502795609467));
#13018 = CARTESIAN_POINT('',(3.158949308641,48.971888864707,
    -5.489217720183));
#13019 = CARTESIAN_POINT('',(3.103045595805,49.146695295997,
    -5.478348031296));
#13020 = CARTESIAN_POINT('',(3.035551136472,49.317578919165,
    -5.46750322393));
#13021 = CARTESIAN_POINT('',(2.956819227603,49.483583596774,
    -5.456646701305));
#13022 = CARTESIAN_POINT('',(2.8673071147,49.643800487296,
    -5.445761963918));
#13023 = CARTESIAN_POINT('',(2.72430354491,49.863996147883,
    -5.430108408812));
#13024 = CARTESIAN_POINT('',(2.679108983323,49.929372545266,
    -5.425365774183));
#13025 = CARTESIAN_POINT('',(2.632035273771,49.993428792916,
    -5.42061664208));
#13026 = CARTESIAN_POINT('',(2.583130905448,50.056097682001,
    -5.415860968399));
#13027 = CARTESIAN_POINT('',(2.532447527068,50.117314440744,
    -5.411098987476));
#13028 = CARTESIAN_POINT('',(2.441295647107,50.221153928957,
    -5.402806452521));
#13029 = CARTESIAN_POINT('',(2.401608948341,50.264463444751,
    -5.399278508389));
#13030 = CARTESIAN_POINT('',(2.361001974979,50.306920121478,
    -5.395747571255));
#13031 = CARTESIAN_POINT('',(2.319497697869,50.348499633042,
    -5.39221386271));
#13032 = CARTESIAN_POINT('',(2.277119934306,50.389178487577,
    -5.388677634364));
#13033 = CARTESIAN_POINT('',(1.978245345878,50.664053781611,
    -5.364212188084));
#13034 = CARTESIAN_POINT('',(1.692817801005,50.866961040238,
    -5.343199323426));
#13035 = CARTESIAN_POINT('',(1.382873966941,51.032748714682,
    -5.32217395093));
#13036 = CARTESIAN_POINT('',(1.054460106743,51.158040627075,
    -5.301192400936));
#13037 = CARTESIAN_POINT('',(0.714095099017,51.240479137549,
    -5.280232292207));
#13038 = CARTESIAN_POINT('',(0.293066899647,51.287847635813,
    -5.254693286364));
#13039 = CARTESIAN_POINT('',(0.216952081113,51.29427758137,
    -5.25009143935));
#13040 = CARTESIAN_POINT('',(0.14067335692,51.298592478576,
    -5.245490204842));
#13041 = CARTESIAN_POINT('',(6.4304186446E-02,51.300787481279,
    -5.240889406939));
#13042 = CARTESIAN_POINT('',(-1.208183813493E-02,51.300861153354,
    -5.236288866927));
#13043 = CARTESIAN_POINT('',(-0.253481136614,51.294391451846,
    -5.221739397387));
#13044 = CARTESIAN_POINT('',(-0.418288514966,51.280055168859,
    -5.211790601381));
#13045 = CARTESIAN_POINT('',(-0.582082716861,51.255827095672,
    -5.201840587374));
#13046 = CARTESIAN_POINT('',(-0.744124989389,51.221801483049,
    -5.191887913867));
#13047 = CARTESIAN_POINT('',(-0.903689795741,51.178146017723,
    -5.181931958946));
#13048 = CARTESIAN_POINT('',(-1.141658310504,51.09742466453,
    -5.166777903361));
#13049 = CARTESIAN_POINT('',(-1.22238318043,51.067191521501,
    -5.161581380885));
#13050 = CARTESIAN_POINT('',(-1.302140617969,51.034436120358,
    -5.156384279738));
#13051 = CARTESIAN_POINT('',(-1.380832442287,50.99919759476,
    -5.151186737082));
#13052 = CARTESIAN_POINT('',(-1.45836265771,50.961520146109,
    -5.145988933572));
#13053 = CARTESIAN_POINT('',(-1.647829109843,50.861993537489,
    -5.13307750808));
#13054 = CARTESIAN_POINT('',(-1.758257030878,50.79727083338,
    -5.125363766734));
#13055 = CARTESIAN_POINT('',(-1.865613713488,50.727446576354,
    -5.117650693042));
#13056 = CARTESIAN_POINT('',(-1.969606755687,50.652704521562,
    -5.109938989919));
#13057 = CARTESIAN_POINT('',(-2.06995885684,50.573250534171,
    -5.102229239468));
#13058 = CARTESIAN_POINT('',(-2.28955761346,50.382137346891,
    -5.084680875064));
#13059 = CARTESIAN_POINT('',(-2.406347185238,50.267648959208,
    -5.074843494187));
#13060 = CARTESIAN_POINT('',(-2.516229726682,50.146323615677,
    -5.065010907524));
#13061 = CARTESIAN_POINT('',(-2.618711595702,50.018684915217,
    -5.055182553591));
#13062 = CARTESIAN_POINT('',(-2.713353313162,49.885302838269,
    -5.045356756522));
#13063 = CARTESIAN_POINT('',(-2.873960134373,49.6278811962,
    -5.027096141894));
#13064 = CARTESIAN_POINT('',(-2.942089848539,49.505187371626,
    -5.018661033112));
#13065 = CARTESIAN_POINT('',(-3.003917360401,49.379099922195,
    -5.010224687815));
#13066 = CARTESIAN_POINT('',(-3.059235271115,49.250024332119,
    -5.001784962873));
#13067 = CARTESIAN_POINT('',(-3.107871415615,49.118382227175,
    -4.993340039219));
#13068 = CARTESIAN_POINT('',(-3.180082784136,48.887383963675,
    -4.978747689666));
#13069 = CARTESIAN_POINT('',(-3.206874881817,48.78903135393,
    -4.972602892965));
#13070 = CARTESIAN_POINT('',(-3.230013189588,48.689720357941,
    -4.966454843641));
#13071 = CARTESIAN_POINT('',(-3.249456011962,48.589620601659,
    -4.960303885281));
#13072 = CARTESIAN_POINT('',(-3.265172212956,48.488903859007,
    -4.954151054147));
#13073 = CARTESIAN_POINT('',(-3.285260274192,48.319123270222,
    -4.943824267824));
#13074 = CARTESIAN_POINT('',(-3.291655095978,48.250298443989,
    -4.93965046612));
#13075 = CARTESIAN_POINT('',(-3.296319274837,48.181323764183,
    -4.935477088777));
#13076 = CARTESIAN_POINT('',(-3.299248675748,48.112253496899,
    -4.931305156067));
#13077 = CARTESIAN_POINT('',(-3.300441428219,48.043142015055,
    -4.927135870669));
#13078 = CARTESIAN_POINT('',(-3.299383911983,47.908696307573,
    -4.919030632038));
#13079 = CARTESIAN_POINT('',(-3.297317015277,47.843360642809,
    -4.915093920911));
#13080 = CARTESIAN_POINT('',(-3.293697571663,47.778083160397,
    -4.911159014097));
#13081 = CARTESIAN_POINT('',(-3.288527757966,47.712910032545,
    -4.907225076296));
#13082 = CARTESIAN_POINT('',(-3.281811585275,47.647887279087,
    -4.903291483945));
#13083 = CARTESIAN_POINT('',(-3.260355081175,47.479423774972,
    -4.893069154882));
#13084 = CARTESIAN_POINT('',(-3.243217970068,47.376287962921,
    -4.886780207304));
#13085 = CARTESIAN_POINT('',(-3.222167545442,47.273841174211,
    -4.880489431982));
#13086 = CARTESIAN_POINT('',(-3.197239436661,47.172268559364,
    -4.874195965205));
#13087 = CARTESIAN_POINT('',(-3.168480922643,47.071752576549,
    -4.867899630046));
#13088 = CARTESIAN_POINT('',(-3.044712574435,46.6940189854,
    -4.843934701255));
#13089 = CARTESIAN_POINT('',(-2.923788309157,46.425238899133,
    -4.826246100195));
#13090 = CARTESIAN_POINT('',(-2.774491431927,46.170201312544,
    -4.808548645561));
#13091 = CARTESIAN_POINT('',(-2.598848259817,45.932537710744,
    -4.790864748562));
#13092 = CARTESIAN_POINT('',(-2.399399636945,45.715543218816,
    -4.773190229345));
#13093 = CARTESIAN_POINT('',(-2.123148040525,45.472580706552,
    -4.751013849338));
#13094 = CARTESIAN_POINT('',(-2.065579854754,45.424664397191,
    -4.746501122688));
#13095 = CARTESIAN_POINT('',(-2.006717514202,45.378324636812,
    -4.741988838483));
#13096 = CARTESIAN_POINT('',(-1.946615158811,45.33360485712,
    -4.737476888149));
#13097 = CARTESIAN_POINT('',(-1.885328829826,45.290545973509,
    -4.732965147443));
#13098 = CARTESIAN_POINT('',(-1.693949311026,45.163722085875,
    -4.719130685447));
#13099 = CARTESIAN_POINT('',(-1.560172106715,45.085512430443,
    -4.709808083341));
#13100 = CARTESIAN_POINT('',(-1.422099136879,45.014897927494,
    -4.700484758505));
#13101 = CARTESIAN_POINT('',(-1.280270396317,44.952167617586,
    -4.691159483812));
#13102 = CARTESIAN_POINT('',(-1.135250565592,44.897558615392,
    -4.681831503781));
#13103 = CARTESIAN_POINT('',(-0.889002286178,44.820320940818,
    -4.666267887281));
#13104 = CARTESIAN_POINT('',(-0.789213655698,44.793093196595,
    -4.660033396892));
#13105 = CARTESIAN_POINT('',(-0.688436933357,44.769627207756,
    -4.653797921438));
#13106 = CARTESIAN_POINT('',(-0.586849325733,44.749966575356,
    -4.647561654727));
#13107 = CARTESIAN_POINT('',(-0.484630403191,44.734143713068,
    -4.641324913497));
#13108 = CARTESIAN_POINT('',(-0.258394756501,44.707780630699,
    -4.627581810468));
#13109 = CARTESIAN_POINT('',(-0.134175238337,44.698971262563,
    -4.620075358315));
#13110 = CARTESIAN_POINT('',(-9.621286262897E-03,44.695788680569,
    -4.612569632397));
#13111 = CARTESIAN_POINT('',(0.11494927996,44.698245835263,
    -4.605065459009));
#13112 = CARTESIAN_POINT('',(0.239218561683,44.706331689943,
    -4.597563639304));
#13113 = CARTESIAN_POINT('',(0.56163481231,44.742000936195,-4.5780108764
    ));
#13114 = CARTESIAN_POINT('',(0.758810719184,44.778445828604,
    -4.565964273385));
#13115 = CARTESIAN_POINT('',(0.953065205993,44.829200995401,
    -4.553928754204));
#13116 = CARTESIAN_POINT('',(1.143112607577,44.893957413585,
    -4.541904888895));
#13117 = CARTESIAN_POINT('',(1.327709196874,44.972264611955,
    -4.52988848296));
#13118 = CARTESIAN_POINT('',(1.625605575817,45.12500872749,
    -4.509774320533));
#13119 = CARTESIAN_POINT('',(1.742534310075,45.192387619501,
    -4.501675831604));
#13120 = CARTESIAN_POINT('',(1.856087170918,45.265460008142,
    -4.493575296356));
#13121 = CARTESIAN_POINT('',(1.965919869137,45.344012141338,
    -4.485469413992));
#13122 = CARTESIAN_POINT('',(2.071706750574,45.427802774685,
    -4.477354515694));
#13123 = CARTESIAN_POINT('',(2.21170387648,45.550307831991,
    -4.466137647325));
#13124 = CARTESIAN_POINT('',(2.249637559496,45.584770625687,
    -4.463046152412));
#13125 = CARTESIAN_POINT('',(2.286925565918,45.619937167365,
    -4.459952692918));
#13126 = CARTESIAN_POINT('',(2.323551616046,45.655792272161,
    -4.456857098186));
#13127 = CARTESIAN_POINT('',(2.359499915649,45.692320260163,
    -4.4537592139));
#13128 = CARTESIAN_POINT('',(2.439910665739,45.777131746061,
    -4.44668797011));
#13129 = CARTESIAN_POINT('',(2.483929246996,45.825835894544,
    -4.442713065788));
#13130 = CARTESIAN_POINT('',(2.526778709751,45.87558338536,
    -4.43873388876));
#13131 = CARTESIAN_POINT('',(2.56842829883,45.926339015699,
    -4.434750246028));
#13132 = CARTESIAN_POINT('',(2.608848693869,45.978066396435,
    -4.430762051948));
#13133 = CARTESIAN_POINT('',(2.722217890679,46.130510034157,
    -4.419203993696));
#13134 = CARTESIAN_POINT('',(2.791911076299,46.233646666202,
    -4.411622380155));
#13135 = CARTESIAN_POINT('',(2.856901303668,46.339881380805,
    -4.404024889584));
#13136 = CARTESIAN_POINT('',(2.917019057842,46.448945589235,
    -4.396413674787));
#13137 = CARTESIAN_POINT('',(2.972115615107,46.560559064463,
    -4.388793858834));
#13138 = CARTESIAN_POINT('',(3.113370677672,46.882595506871,
    -4.367246480634));
#13139 = CARTESIAN_POINT('',(3.187476352143,47.098318455691,
    -4.353319714798));
#13140 = CARTESIAN_POINT('',(3.243589473179,47.319805448429,
    -4.339452546199));
#13141 = CARTESIAN_POINT('',(3.281192947699,47.54519594159,
    -4.325744115075));
#13142 = CARTESIAN_POINT('',(3.3,47.772581168898,-4.312362757957));
#13143 = CARTESIAN_POINT('',(3.3,48.000000000001,-4.29953516162));
#13144 = PCURVE('',#12434,#13145);
#13145 = DEFINITIONAL_REPRESENTATION('',(#13146),#13284);
#13146 = B_SPLINE_CURVE_WITH_KNOTS('',6,(#13147,#13148,#13149,#13150,
    #13151,#13152,#13153,#13154,#13155,#13156,#13157,#13158,#13159,
    #13160,#13161,#13162,#13163,#13164,#13165,#13166,#13167,#13168,
    #13169,#13170,#13171,#13172,#13173,#13174,#13175,#13176,#13177,
    #13178,#13179,#13180,#13181,#13182,#13183,#13184,#13185,#13186,
    #13187,#13188,#13189,#13190,#13191,#13192,#13193,#13194,#13195,
    #13196,#13197,#13198,#13199,#13200,#13201,#13202,#13203,#13204,
    #13205,#13206,#13207,#13208,#13209,#13210,#13211,#13212,#13213,
    #13214,#13215,#13216,#13217,#13218,#13219,#13220,#13221,#13222,
    #13223,#13224,#13225,#13226,#13227,#13228,#13229,#13230,#13231,
    #13232,#13233,#13234,#13235,#13236,#13237,#13238,#13239,#13240,
    #13241,#13242,#13243,#13244,#13245,#13246,#13247,#13248,#13249,
    #13250,#13251,#13252,#13253,#13254,#13255,#13256,#13257,#13258,
    #13259,#13260,#13261,#13262,#13263,#13264,#13265,#13266,#13267,
    #13268,#13269,#13270,#13271,#13272,#13273,#13274,#13275,#13276,
    #13277,#13278,#13279,#13280,#13281,#13282,#13283),.UNSPECIFIED.,.F.,
  .F.,(7,5,5,5,5,5,5,5,5,5,5,5,5,5,5,5,5,5,5,5,5,5,5,5,5,5,5,7),(0.,
    2.602569988056E-02,3.868755385538E-02,9.167246673344E-02,
    0.114660348982,0.131655016498,0.232163827664,0.254259590219,
    0.302044093858,0.326976409279,0.363975919222,0.411218336923,
    0.45177615204,0.481254059063,0.501250113612,0.520160778577,
    0.550392922725,0.635186404238,0.656852748627,0.701623477947,
    0.731534513403,0.76753420435,0.825403365251,0.864407515311,
    0.879235810944,0.898228143495,0.934214442406,1.),.UNSPECIFIED.);
#13147 = CARTESIAN_POINT('',(0.,1.850464838518));
#13148 = CARTESIAN_POINT('',(2.724031399365E-02,1.85623547056));
#13149 = CARTESIAN_POINT('',(5.44844994067E-02,1.861915340346));
#13150 = CARTESIAN_POINT('',(8.173166484641E-02,1.86752019877));
#13151 = CARTESIAN_POINT('',(0.108981090067,1.873063927366));
#13152 = CARTESIAN_POINT('',(0.136232225972,1.878558538309));
#13153 = CARTESIAN_POINT('',(0.176743388128,1.886668414955));
#13154 = CARTESIAN_POINT('',(0.190002401238,1.889313435592));
#13155 = CARTESIAN_POINT('',(0.203261676183,1.891950404543));
#13156 = CARTESIAN_POINT('',(0.216521171507,1.89458039608));
#13157 = CARTESIAN_POINT('',(0.229780862057,1.897204390533));
#13158 = CARTESIAN_POINT('',(0.298528144301,1.910782279817));
#13159 = CARTESIAN_POINT('',(0.354019815761,1.921651968704));
#13160 = CARTESIAN_POINT('',(0.40951047576,1.93249677607));
#13161 = CARTESIAN_POINT('',(0.465000753705,1.943353298695));
#13162 = CARTESIAN_POINT('',(0.520491898062,1.954238036082));
#13163 = CARTESIAN_POINT('',(0.600054608984,1.969891591188));
#13164 = CARTESIAN_POINT('',(0.624128540918,1.974634225817));
#13165 = CARTESIAN_POINT('',(0.648202269683,1.97938335792));
#13166 = CARTESIAN_POINT('',(0.672275789315,1.984139031601));
#13167 = CARTESIAN_POINT('',(0.696349102419,1.988901012524));
#13168 = CARTESIAN_POINT('',(0.738219189369,1.997193547479));
#13169 = CARTESIAN_POINT('',(0.756016057591,2.000721491611));
#13170 = CARTESIAN_POINT('',(0.773812829904,2.004252428745));
#13171 = CARTESIAN_POINT('',(0.791609512423,2.00778613729));
#13172 = CARTESIAN_POINT('',(0.80940611231,2.011322365636));
#13173 = CARTESIAN_POINT('',(0.932453747631,2.035787811916));
#13174 = CARTESIAN_POINT('',(1.037738283453,2.056800676574));
#13175 = CARTESIAN_POINT('',(1.142980297406,2.07782604907));
#13176 = CARTESIAN_POINT('',(1.248223406456,2.098807599064));
#13177 = CARTESIAN_POINT('',(1.353509778671,2.119767707793));
#13178 = CARTESIAN_POINT('',(1.481899008133,2.145306713636));
#13179 = CARTESIAN_POINT('',(1.505037326863,2.14990856065));
#13180 = CARTESIAN_POINT('',(1.528175673151,2.154509795158));
#13181 = CARTESIAN_POINT('',(1.551314031485,2.159110593061));
#13182 = CARTESIAN_POINT('',(1.574452390399,2.163711133073));
#13183 = CARTESIAN_POINT('',(1.647629959975,2.178260602613));
#13184 = CARTESIAN_POINT('',(1.697670057706,2.188209398619));
#13185 = CARTESIAN_POINT('',(1.747709071813,2.198159412626));
#13186 = CARTESIAN_POINT('',(1.797747995465,2.208112086133));
#13187 = CARTESIAN_POINT('',(1.847787844802,2.218068041054));
#13188 = CARTESIAN_POINT('',(1.923935296659,2.233222096639));
#13189 = CARTESIAN_POINT('',(1.950043860878,2.238418619115));
#13190 = CARTESIAN_POINT('',(1.976152412719,2.243615720262));
#13191 = CARTESIAN_POINT('',(2.002260950118,2.248813262918));
#13192 = CARTESIAN_POINT('',(2.028369473785,2.254011066428));
#13193 = CARTESIAN_POINT('',(2.093222972817,2.26692249192));
#13194 = CARTESIAN_POINT('',(2.131968043777,2.274636233266));
#13195 = CARTESIAN_POINT('',(2.170713185031,2.282349306958));
#13196 = CARTESIAN_POINT('',(2.209458377216,2.290061010081));
#13197 = CARTESIAN_POINT('',(2.24820359667,2.297770760532));
#13198 = CARTESIAN_POINT('',(2.336420222239,2.315319124936));
#13199 = CARTESIAN_POINT('',(2.385892613678,2.325156505813));
#13200 = CARTESIAN_POINT('',(2.435364190926,2.334989092476));
#13201 = CARTESIAN_POINT('',(2.484835914505,2.344817446409));
#13202 = CARTESIAN_POINT('',(2.534308707977,2.354643243478));
#13203 = CARTESIAN_POINT('',(2.626252542803,2.372903858106));
#13204 = CARTESIAN_POINT('',(2.668724816715,2.381338966888));
#13205 = CARTESIAN_POINT('',(2.711196583568,2.389775312185));
#13206 = CARTESIAN_POINT('',(2.753668236193,2.398215037127));
#13207 = CARTESIAN_POINT('',(2.796140173361,2.406659960781));
#13208 = CARTESIAN_POINT('',(2.869480192768,2.421252310334));
#13209 = CARTESIAN_POINT('',(2.900348813467,2.427397107035));
#13210 = CARTESIAN_POINT('',(2.931217337183,2.433545156359));
#13211 = CARTESIAN_POINT('',(2.96208575632,2.439696114719));
#13212 = CARTESIAN_POINT('',(2.992954093692,2.445848945853));
#13213 = CARTESIAN_POINT('',(3.044761622752,2.456175732176));
#13214 = CARTESIAN_POINT('',(3.06570085406,2.46034953388));
#13215 = CARTESIAN_POINT('',(3.086640086038,2.464522911223));
#13216 = CARTESIAN_POINT('',(3.107579366501,2.468694843933));
#13217 = CARTESIAN_POINT('',(3.128518749065,2.472864129331));
#13218 = CARTESIAN_POINT('',(3.169261132852,2.480969367962));
#13219 = CARTESIAN_POINT('',(3.189064126444,2.484906079089));
#13220 = CARTESIAN_POINT('',(3.20886718185,2.488840985903));
#13221 = CARTESIAN_POINT('',(3.228670268412,2.492774923704));
#13222 = CARTESIAN_POINT('',(3.248473364457,2.496708516055));
#13223 = CARTESIAN_POINT('',(3.299935310053,2.506930845118));
#13224 = CARTESIAN_POINT('',(3.331594183109,2.513219792696));
#13225 = CARTESIAN_POINT('',(3.363253015039,2.519510568018));
#13226 = CARTESIAN_POINT('',(3.394911763044,2.525804034795));
#13227 = CARTESIAN_POINT('',(3.426570402953,2.532100369954));
#13228 = CARTESIAN_POINT('',(3.547023050128,2.556065298745));
#13229 = CARTESIAN_POINT('',(3.635832161274,2.573753899805));
#13230 = CARTESIAN_POINT('',(3.724622725582,2.591451354439));
#13231 = CARTESIAN_POINT('',(3.813413659847,2.609135251438));
#13232 = CARTESIAN_POINT('',(3.902223257585,2.626809770655));
#13233 = CARTESIAN_POINT('',(4.013706177371,2.648986150662));
#13234 = CARTESIAN_POINT('',(4.036394845159,2.653498877312));
#13235 = CARTESIAN_POINT('',(4.059083533327,2.658011161517));
#13236 = CARTESIAN_POINT('',(4.081772228079,2.662523111851));
#13237 = CARTESIAN_POINT('',(4.104460921727,2.667034852557));
#13238 = CARTESIAN_POINT('',(4.174032890457,2.680869314553));
#13239 = CARTESIAN_POINT('',(4.220916807484,2.690191916659));
#13240 = CARTESIAN_POINT('',(4.267799942281,2.699515241495));
#13241 = CARTESIAN_POINT('',(4.314683009711,2.708840516188));
#13242 = CARTESIAN_POINT('',(4.361566736599,2.718168496219));
#13243 = CARTESIAN_POINT('',(4.4397719677,2.733732112719));
#13244 = CARTESIAN_POINT('',(4.471094195504,2.739966603108));
#13245 = CARTESIAN_POINT('',(4.502416406131,2.746202078562));
#13246 = CARTESIAN_POINT('',(4.533738590653,2.752438345273));
#13247 = CARTESIAN_POINT('',(4.56506074583,2.758675086503));
#13248 = CARTESIAN_POINT('',(4.634080898292,2.772418189532));
#13249 = CARTESIAN_POINT('',(4.671778997424,2.779924641685));
#13250 = CARTESIAN_POINT('',(4.709477163485,2.787430367603));
#13251 = CARTESIAN_POINT('',(4.74717538715,2.794934540991));
#13252 = CARTESIAN_POINT('',(4.784873657794,2.802436360696));
#13253 = CARTESIAN_POINT('',(4.883171631451,2.8219891236));
#13254 = CARTESIAN_POINT('',(4.943773951278,2.834035726615));
#13255 = CARTESIAN_POINT('',(5.00437388298,2.846071245796));
#13256 = CARTESIAN_POINT('',(5.064974190357,2.858095111105));
#13257 = CARTESIAN_POINT('',(5.125577518835,2.87011151704));
#13258 = CARTESIAN_POINT('',(5.227023907766,2.890225679467));
#13259 = CARTESIAN_POINT('',(5.267869645871,2.898324168396));
#13260 = CARTESIAN_POINT('',(5.308714925626,2.906424703644));
#13261 = CARTESIAN_POINT('',(5.349560020129,2.914530586008));
#13262 = CARTESIAN_POINT('',(5.390405190149,2.922645484306));
#13263 = CARTESIAN_POINT('',(5.446777529268,2.933862352675));
#13264 = CARTESIAN_POINT('',(5.46230538897,2.936953847588));
#13265 = CARTESIAN_POINT('',(5.477833182587,2.940047307082));
#13266 = CARTESIAN_POINT('',(5.493360902439,2.943142901814));
#13267 = CARTESIAN_POINT('',(5.50888854268,2.9462407861));
#13268 = CARTESIAN_POINT('',(5.544304057158,2.95331202989));
#13269 = CARTESIAN_POINT('',(5.564191881576,2.957286934212));
#13270 = CARTESIAN_POINT('',(5.584079560333,2.96126611124));
#13271 = CARTESIAN_POINT('',(5.603967084796,2.965249753972));
#13272 = CARTESIAN_POINT('',(5.6238544499,2.969237948052));
#13273 = CARTESIAN_POINT('',(5.681423538403,2.980796006304));
#13274 = CARTESIAN_POINT('',(5.719105070331,2.988377619845));
#13275 = CARTESIAN_POINT('',(5.756785792624,2.995975110416));
#13276 = CARTESIAN_POINT('',(5.794466032923,3.003586325213));
#13277 = CARTESIAN_POINT('',(5.832146225506,3.011206141166));
#13278 = CARTESIAN_POINT('',(5.938708012331,3.032753519366));
#13279 = CARTESIAN_POINT('',(6.007593238745,3.046680285202));
#13280 = CARTESIAN_POINT('',(6.076476453064,3.060547453801));
#13281 = CARTESIAN_POINT('',(6.145365937531,3.074255884925));
#13282 = CARTESIAN_POINT('',(6.214270509876,3.087637242043));
#13283 = CARTESIAN_POINT('',(6.28318530718,3.10046483838));
#13284 = ( GEOMETRIC_REPRESENTATION_CONTEXT(2) 
PARAMETRIC_REPRESENTATION_CONTEXT() REPRESENTATION_CONTEXT('2D SPACE',''
  ) );
#13285 = PCURVE('',#12967,#13286);
#13286 = DEFINITIONAL_REPRESENTATION('',(#13287),#13425);
#13287 = B_SPLINE_CURVE_WITH_KNOTS('',6,(#13288,#13289,#13290,#13291,
    #13292,#13293,#13294,#13295,#13296,#13297,#13298,#13299,#13300,
    #13301,#13302,#13303,#13304,#13305,#13306,#13307,#13308,#13309,
    #13310,#13311,#13312,#13313,#13314,#13315,#13316,#13317,#13318,
    #13319,#13320,#13321,#13322,#13323,#13324,#13325,#13326,#13327,
    #13328,#13329,#13330,#13331,#13332,#13333,#13334,#13335,#13336,
    #13337,#13338,#13339,#13340,#13341,#13342,#13343,#13344,#13345,
    #13346,#13347,#13348,#13349,#13350,#13351,#13352,#13353,#13354,
    #13355,#13356,#13357,#13358,#13359,#13360,#13361,#13362,#13363,
    #13364,#13365,#13366,#13367,#13368,#13369,#13370,#13371,#13372,
    #13373,#13374,#13375,#13376,#13377,#13378,#13379,#13380,#13381,
    #13382,#13383,#13384,#13385,#13386,#13387,#13388,#13389,#13390,
    #13391,#13392,#13393,#13394,#13395,#13396,#13397,#13398,#13399,
    #13400,#13401,#13402,#13403,#13404,#13405,#13406,#13407,#13408,
    #13409,#13410,#13411,#13412,#13413,#13414,#13415,#13416,#13417,
    #13418,#13419,#13420,#13421,#13422,#13423,#13424),.UNSPECIFIED.,.F.,
  .F.,(7,5,5,5,5,5,5,5,5,5,5,5,5,5,5,5,5,5,5,5,5,5,5,5,5,5,5,7),(0.,
    2.602569988056E-02,3.868755385538E-02,9.167246673344E-02,
    0.114660348982,0.131655016498,0.232163827664,0.254259590219,
    0.302044093858,0.326976409279,0.363975919222,0.411218336923,
    0.45177615204,0.481254059063,0.501250113612,0.520160778577,
    0.550392922725,0.635186404238,0.656852748627,0.701623477947,
    0.731534513403,0.76753420435,0.825403365251,0.864407515311,
    0.879235810944,0.898228143495,0.934214442406,1.),.UNSPECIFIED.);
#13288 = CARTESIAN_POINT('',(4.886810013355,0.));
#13289 = CARTESIAN_POINT('',(4.88591375653,4.336425375435E-03));
#13290 = CARTESIAN_POINT('',(4.885245743004,8.671566976926E-03));
#13291 = CARTESIAN_POINT('',(4.884767772043,1.30060877898E-02));
#13292 = CARTESIAN_POINT('',(4.884445894718,1.734048400106E-02));
#13293 = CARTESIAN_POINT('',(4.884250413904,2.167508499943E-02));
#13294 = CARTESIAN_POINT('',(4.884109894346,2.811907395163E-02));
#13295 = CARTESIAN_POINT('',(4.884087797444,3.022818517824E-02));
#13296 = CARTESIAN_POINT('',(4.884086665874,3.23374067218E-02));
#13297 = CARTESIAN_POINT('',(4.884103800171,3.444675441793E-02));
#13298 = CARTESIAN_POINT('',(4.884136729106,3.655624027127E-02));
#13299 = CARTESIAN_POINT('',(4.884377712742,4.749385907611E-02));
#13300 = CARTESIAN_POINT('',(4.884809644886,5.6324588973E-02));
#13301 = CARTESIAN_POINT('',(4.885313519034,6.515789552634E-02));
#13302 = CARTESIAN_POINT('',(4.885793786919,7.399319732923E-02));
#13303 = CARTESIAN_POINT('',(4.886205148203,8.28295376259E-02));
#13304 = CARTESIAN_POINT('',(4.886675039496,9.549922271859E-02));
#13305 = CARTESIAN_POINT('',(4.886801399648,9.933281796203E-02));
#13306 = CARTESIAN_POINT('',(4.886910883869,0.103166337457));
#13307 = CARTESIAN_POINT('',(4.887003187147,0.106999721168));
#13308 = CARTESIAN_POINT('',(4.887078755623,0.110832921048));
#13309 = CARTESIAN_POINT('',(4.887183166771,0.117499577482));
#13310 = CARTESIAN_POINT('',(4.887219013753,0.120333134963));
#13311 = CARTESIAN_POINT('',(4.887246773633,0.123166559627));
#13312 = CARTESIAN_POINT('',(4.887266982197,0.125999841633));
#13313 = CARTESIAN_POINT('',(4.887280264922,0.128832975154));
#13314 = CARTESIAN_POINT('',(4.887329162064,0.148420612489));
#13315 = CARTESIAN_POINT('',(4.887152737032,0.16517577135));
#13316 = CARTESIAN_POINT('',(4.886904451652,0.181918480117));
#13317 = CARTESIAN_POINT('',(4.886765365391,0.198660255606));
#13318 = CARTESIAN_POINT('',(4.886711410117,0.215411481513));
#13319 = CARTESIAN_POINT('',(4.886709966243,0.235842234911));
#13320 = CARTESIAN_POINT('',(4.886712229931,0.239524419913));
#13321 = CARTESIAN_POINT('',(4.886716588139,0.243206769448));
#13322 = CARTESIAN_POINT('',(4.886722588181,0.246889282772));
#13323 = CARTESIAN_POINT('',(4.886729754073,0.250571954111));
#13324 = CARTESIAN_POINT('',(4.886754525075,0.262219270644));
#13325 = CARTESIAN_POINT('',(4.886774668327,0.270184602189));
#13326 = CARTESIAN_POINT('',(4.886793069814,0.278150363834));
#13327 = CARTESIAN_POINT('',(4.886805868896,0.286116502328));
#13328 = CARTESIAN_POINT('',(4.886811160309,0.294082919806));
#13329 = CARTESIAN_POINT('',(4.886809187179,0.306205547635));
#13330 = CARTESIAN_POINT('',(4.886806696906,0.310361987392));
#13331 = CARTESIAN_POINT('',(4.886802518952,0.314518362688));
#13332 = CARTESIAN_POINT('',(4.886796907046,0.318674643079));
#13333 = CARTESIAN_POINT('',(4.88679024257,0.322830803227));
#13334 = CARTESIAN_POINT('',(4.886772337897,0.333154348381));
#13335 = CARTESIAN_POINT('',(4.886760311994,0.339321583346));
#13336 = CARTESIAN_POINT('',(4.886748846264,0.345488459242));
#13337 = CARTESIAN_POINT('',(4.88673964382,0.351654945961));
#13338 = CARTESIAN_POINT('',(4.886734221478,0.357821051825));
#13339 = CARTESIAN_POINT('',(4.886733511736,0.37185952152));
#13340 = CARTESIAN_POINT('',(4.886741212083,0.379731832562));
#13341 = CARTESIAN_POINT('',(4.886759352855,0.387603570867));
#13342 = CARTESIAN_POINT('',(4.88678766043,0.395475100115));
#13343 = CARTESIAN_POINT('',(4.886823112806,0.403346816623));
#13344 = CARTESIAN_POINT('',(4.886891308919,0.417976619587));
#13345 = CARTESIAN_POINT('',(4.886923734927,0.424734839729));
#13346 = CARTESIAN_POINT('',(4.886953722344,0.431493287026));
#13347 = CARTESIAN_POINT('',(4.886976326913,0.438252130898));
#13348 = CARTESIAN_POINT('',(4.886987257431,0.445011485602));
#13349 = CARTESIAN_POINT('',(4.886983550046,0.456684206675));
#13350 = CARTESIAN_POINT('',(4.886975267807,0.461597455832));
#13351 = CARTESIAN_POINT('',(4.886959302873,0.466510906246));
#13352 = CARTESIAN_POINT('',(4.886936440442,0.471424528422));
#13353 = CARTESIAN_POINT('',(4.886909211795,0.476338284375));
#13354 = CARTESIAN_POINT('',(4.886863363736,0.484585385912));
#13355 = CARTESIAN_POINT('',(4.88684500202,0.487918689237));
#13356 = CARTESIAN_POINT('',(4.886827818282,0.491252021193));
#13357 = CARTESIAN_POINT('',(4.886814400838,0.49458537441));
#13358 = CARTESIAN_POINT('',(4.886807819991,0.497918746213));
#13359 = CARTESIAN_POINT('',(4.886813094534,0.504404585413));
#13360 = CARTESIAN_POINT('',(4.886823007537,0.507557052128));
#13361 = CARTESIAN_POINT('',(4.886837546754,0.510709521086));
#13362 = CARTESIAN_POINT('',(4.886854528043,0.51386197798));
#13363 = CARTESIAN_POINT('',(4.886872306203,0.517014407537));
#13364 = CARTESIAN_POINT('',(4.886917702012,0.525206456981));
#13365 = CARTESIAN_POINT('',(4.886944589376,0.530246017348));
#13366 = CARTESIAN_POINT('',(4.886966248075,0.535285405952));
#13367 = CARTESIAN_POINT('',(4.886980307849,0.540324573057));
#13368 = CARTESIAN_POINT('',(4.886986217181,0.545363487855));
#13369 = CARTESIAN_POINT('',(4.886982511796,0.564534272974));
#13370 = CARTESIAN_POINT('',(4.88692403775,0.578666880702));
#13371 = CARTESIAN_POINT('',(4.886826628997,0.592794404196));
#13372 = CARTESIAN_POINT('',(4.886761972675,0.606921316722));
#13373 = CARTESIAN_POINT('',(4.886734489229,0.62105234355));
#13374 = CARTESIAN_POINT('',(4.886733756747,0.638793218697));
#13375 = CARTESIAN_POINT('',(4.886735359886,0.642403901006));
#13376 = CARTESIAN_POINT('',(4.88673850197,0.646014710281));
#13377 = CARTESIAN_POINT('',(4.886742917986,0.649625650562));
#13378 = CARTESIAN_POINT('',(4.886748291166,0.653236722255));
#13379 = CARTESIAN_POINT('',(4.886766572345,0.66431000475));
#13380 = CARTESIAN_POINT('',(4.886781455109,0.671772737318));
#13381 = CARTESIAN_POINT('',(4.886795769482,0.67923587045));
#13382 = CARTESIAN_POINT('',(4.886806354109,0.686699397922));
#13383 = CARTESIAN_POINT('',(4.886811072668,0.694163256519));
#13384 = CARTESIAN_POINT('',(4.886809063936,0.706613522027));
#13385 = CARTESIAN_POINT('',(4.886805598229,0.71160003132));
#13386 = CARTESIAN_POINT('',(4.88679944351,0.716586488349));
#13387 = CARTESIAN_POINT('',(4.886790905535,0.721572833616));
#13388 = CARTESIAN_POINT('',(4.886780623641,0.726559013523));
#13389 = CARTESIAN_POINT('',(4.886756267943,0.737545884825));
#13390 = CARTESIAN_POINT('',(4.886741727963,0.743546502822));
#13391 = CARTESIAN_POINT('',(4.886727861881,0.749546750426));
#13392 = CARTESIAN_POINT('',(4.88671663375,0.755546580364));
#13393 = CARTESIAN_POINT('',(4.886710060603,0.761545982038));
#13394 = CARTESIAN_POINT('',(4.886710456554,0.777188316145));
#13395 = CARTESIAN_POINT('',(4.886727814541,0.786831022958));
#13396 = CARTESIAN_POINT('',(4.886769389418,0.796472430481));
#13397 = CARTESIAN_POINT('',(4.886839367919,0.806113391039));
#13398 = CARTESIAN_POINT('',(4.886930486836,0.815754990477));
#13399 = CARTESIAN_POINT('',(4.887088400956,0.831895668625));
#13400 = CARTESIAN_POINT('',(4.887153421098,0.838394778581));
#13401 = CARTESIAN_POINT('',(4.887214578753,0.844894318564));
#13402 = CARTESIAN_POINT('',(4.887264055065,0.85139448582));
#13403 = CARTESIAN_POINT('',(4.887292885617,0.857895414021));
#13404 = CARTESIAN_POINT('',(4.887292121714,0.866868670019));
#13405 = CARTESIAN_POINT('',(4.887287673528,0.869340475897));
#13406 = CARTESIAN_POINT('',(4.887278502754,0.871812377631));
#13407 = CARTESIAN_POINT('',(4.887264160358,0.874284371423));
#13408 = CARTESIAN_POINT('',(4.887244233089,0.876756451586));
#13409 = CARTESIAN_POINT('',(4.88718518363,0.882394993674));
#13410 = CARTESIAN_POINT('',(4.887142270322,0.88556150673));
#13411 = CARTESIAN_POINT('',(4.887088780628,0.88872813283));
#13412 = CARTESIAN_POINT('',(4.887024149934,0.891894849929));
#13413 = CARTESIAN_POINT('',(4.886948071943,0.895061630828));
#13414 = CARTESIAN_POINT('',(4.886694566568,0.904228857017));
#13415 = CARTESIAN_POINT('',(4.886487433294,0.910229418712));
#13416 = CARTESIAN_POINT('',(4.886239226432,0.916229846535));
#13417 = CARTESIAN_POINT('',(4.885954695369,0.922229902425));
#13418 = CARTESIAN_POINT('',(4.885646225035,0.928229358216));
#13419 = CARTESIAN_POINT('',(4.884771289061,0.945193843307));
#13420 = CARTESIAN_POINT('',(4.884202568882,0.956157530931));
#13421 = CARTESIAN_POINT('',(4.883772213784,0.967116779851));
#13422 = CARTESIAN_POINT('',(4.88373716202,0.97807257108));
#13423 = CARTESIAN_POINT('',(4.884542589132,0.98902935275));
#13424 = CARTESIAN_POINT('',(4.886810013709,1.));
#13425 = ( GEOMETRIC_REPRESENTATION_CONTEXT(2) 
PARAMETRIC_REPRESENTATION_CONTEXT() REPRESENTATION_CONTEXT('2D SPACE',''
  ) );
#13426 = ORIENTED_EDGE('',*,*,#13427,.F.);
#13427 = EDGE_CURVE('',#13428,#13003,#13430,.T.);
#13428 = VERTEX_POINT('',#13429);
#13429 = CARTESIAN_POINT('',(3.3,47.999999999994,-5.950464838878));
#13430 = SURFACE_CURVE('',#13431,(#13435,#13442),.PCURVE_S1.);
#13431 = LINE('',#13432,#13433);
#13432 = CARTESIAN_POINT('',(3.3,48.,-7.4));
#13433 = VECTOR('',#13434,1.);
#13434 = DIRECTION('',(0.,0.,1.));
#13435 = PCURVE('',#12434,#13436);
#13436 = DEFINITIONAL_REPRESENTATION('',(#13437),#13441);
#13437 = LINE('',#13438,#13439);
#13438 = CARTESIAN_POINT('',(0.,-0.));
#13439 = VECTOR('',#13440,1.);
#13440 = DIRECTION('',(0.,1.));
#13441 = ( GEOMETRIC_REPRESENTATION_CONTEXT(2) 
PARAMETRIC_REPRESENTATION_CONTEXT() REPRESENTATION_CONTEXT('2D SPACE',''
  ) );
#13442 = PCURVE('',#13443,#13448);
#13443 = CYLINDRICAL_SURFACE('',#13444,3.3);
#13444 = AXIS2_PLACEMENT_3D('',#13445,#13446,#13447);
#13445 = CARTESIAN_POINT('',(0.,48.,-7.4));
#13446 = DIRECTION('',(0.,0.,1.));
#13447 = DIRECTION('',(1.,0.,-0.));
#13448 = DEFINITIONAL_REPRESENTATION('',(#13449),#13453);
#13449 = LINE('',#13450,#13451);
#13450 = CARTESIAN_POINT('',(6.28318530718,-0.));
#13451 = VECTOR('',#13452,1.);
#13452 = DIRECTION('',(0.,1.));
#13453 = ( GEOMETRIC_REPRESENTATION_CONTEXT(2) 
PARAMETRIC_REPRESENTATION_CONTEXT() REPRESENTATION_CONTEXT('2D SPACE',''
  ) );
#13454 = ORIENTED_EDGE('',*,*,#13455,.T.);
#13455 = EDGE_CURVE('',#13428,#12419,#13456,.T.);
#13456 = SURFACE_CURVE('',#13457,(#13604,#13754),.PCURVE_S1.);
#13457 = B_SPLINE_CURVE_WITH_KNOTS('',7,(#13458,#13459,#13460,#13461,
    #13462,#13463,#13464,#13465,#13466,#13467,#13468,#13469,#13470,
    #13471,#13472,#13473,#13474,#13475,#13476,#13477,#13478,#13479,
    #13480,#13481,#13482,#13483,#13484,#13485,#13486,#13487,#13488,
    #13489,#13490,#13491,#13492,#13493,#13494,#13495,#13496,#13497,
    #13498,#13499,#13500,#13501,#13502,#13503,#13504,#13505,#13506,
    #13507,#13508,#13509,#13510,#13511,#13512,#13513,#13514,#13515,
    #13516,#13517,#13518,#13519,#13520,#13521,#13522,#13523,#13524,
    #13525,#13526,#13527,#13528,#13529,#13530,#13531,#13532,#13533,
    #13534,#13535,#13536,#13537,#13538,#13539,#13540,#13541,#13542,
    #13543,#13544,#13545,#13546,#13547,#13548,#13549,#13550,#13551,
    #13552,#13553,#13554,#13555,#13556,#13557,#13558,#13559,#13560,
    #13561,#13562,#13563,#13564,#13565,#13566,#13567,#13568,#13569,
    #13570,#13571,#13572,#13573,#13574,#13575,#13576,#13577,#13578,
    #13579,#13580,#13581,#13582,#13583,#13584,#13585,#13586,#13587,
    #13588,#13589,#13590,#13591,#13592,#13593,#13594,#13595,#13596,
    #13597,#13598,#13599,#13600,#13601,#13602,#13603),.UNSPECIFIED.,.F.,
  .F.,(8,6,6,6,6,6,6,6,6,6,6,6,6,6,6,6,6,6,6,6,6,6,6,6,8),(0.,
    2.50141424442E-02,6.667954839762E-02,0.135654896598,0.175153429635,
    0.212166162867,0.237266074487,0.300256869453,0.342980837361,
    0.365096400728,0.416200437673,0.450204978767,0.480123831617,
    0.497120222354,0.522954177084,0.548951804889,0.588370979194,
    0.636961565882,0.699512866365,0.745955094826,0.771636076325,
    0.83065543355,0.86365912354,0.962736010945,1.),.UNSPECIFIED.);
#13458 = CARTESIAN_POINT('',(3.3,48.,-5.950464838486));
#13459 = CARTESIAN_POINT('',(3.3,48.07411969011,-5.946284105252));
#13460 = CARTESIAN_POINT('',(3.298057758032,48.148234959031,
    -5.942046235069));
#13461 = CARTESIAN_POINT('',(3.294173731611,48.222284763768,
    -5.937758330467));
#13462 = CARTESIAN_POINT('',(3.28835071024,48.296208349127,
    -5.933426959137));
#13463 = CARTESIAN_POINT('',(3.28059381541,48.369945247713,
    -5.929058153932));
#13464 = CARTESIAN_POINT('',(3.2709105006,48.443435279931,
    -5.924657412868));
#13465 = CARTESIAN_POINT('',(3.239988817641,48.638518028618,
    -5.912854571594));
#13466 = CARTESIAN_POINT('',(3.215349211542,48.759567348272,
    -5.905404521616));
#13467 = CARTESIAN_POINT('',(3.185437116072,48.879488821805,
    -5.897902604326));
#13468 = CARTESIAN_POINT('',(3.15031521006,48.998009254737,
    -5.890367410657));
#13469 = CARTESIAN_POINT('',(3.110063512218,49.114860216234,
    -5.88281352206));
#13470 = CARTESIAN_POINT('',(3.06477942528,49.229778306104,
    -5.875251965219));
#13471 = CARTESIAN_POINT('',(2.931471042676,49.529120477528,
    -5.855173251394));
#13472 = CARTESIAN_POINT('',(2.834881116137,49.709745882333,
    -5.842655588454));
#13473 = CARTESIAN_POINT('',(2.725333021972,49.883194209639,
    -5.830175149719));
#13474 = CARTESIAN_POINT('',(2.603475330204,50.048360942075,
    -5.817744197044));
#13475 = CARTESIAN_POINT('',(2.470064791186,50.204217472424,
    -5.805359884192));
#13476 = CARTESIAN_POINT('',(2.325965050978,50.34981443068,
    -5.793012804281));
#13477 = CARTESIAN_POINT('',(2.084083119335,50.561305438137,
    -5.773639645497));
#13478 = CARTESIAN_POINT('',(1.99282005587,50.634673702429,
    -5.766594264668));
#13479 = CARTESIAN_POINT('',(1.898552270415,50.704240868253,
    -5.759555920428));
#13480 = CARTESIAN_POINT('',(1.801470367127,50.769859952538,
    -5.752522499757));
#13481 = CARTESIAN_POINT('',(1.701773393862,50.831396340524,
    -5.745491938105));
#13482 = CARTESIAN_POINT('',(1.599668692209,50.888727875344,
    -5.738462460949));
#13483 = CARTESIAN_POINT('',(1.39763862444,50.9914254446,-5.724845592682
    ));
#13484 = CARTESIAN_POINT('',(1.297979300465,51.037318054134,
    -5.718258154123));
#13485 = CARTESIAN_POINT('',(1.196571140796,51.07933270319,
    -5.711669396596));
#13486 = CARTESIAN_POINT('',(1.093595472071,51.117390132618,
    -5.705078494873));
#13487 = CARTESIAN_POINT('',(0.989237582359,51.151421897132,
    -5.698484911579));
#13488 = CARTESIAN_POINT('',(0.883686721162,51.181370365307,
    -5.691888397188));
#13489 = CARTESIAN_POINT('',(0.704879582395,51.224697245799,
    -5.680813650811));
#13490 = CARTESIAN_POINT('',(0.632162919715,51.240306530126,
    -5.676336963374));
#13491 = CARTESIAN_POINT('',(0.559046174404,51.254002038641,
    -5.67185893996));
#13492 = CARTESIAN_POINT('',(0.485589795954,51.26577163765,
    -5.667379628443));
#13493 = CARTESIAN_POINT('',(0.41185462032,51.275605593686,
    -5.662899112335));
#13494 = CARTESIAN_POINT('',(0.337901869924,51.283496573505,
    -5.65841751078));
#13495 = CARTESIAN_POINT('',(7.780975168822E-02,51.304354387459,
    -5.642685605547));
#13496 = CARTESIAN_POINT('',(-0.109165273605,51.307001762229,
    -5.631429806795));
#13497 = CARTESIAN_POINT('',(-0.296146203243,51.297300921566,
    -5.620170653404));
#13498 = CARTESIAN_POINT('',(-0.482157209793,51.275274095068,
    -5.608911049955));
#13499 = CARTESIAN_POINT('',(-0.666232525862,51.241035629289,
    -5.597653063143));
#13500 = CARTESIAN_POINT('',(-0.847417962278,51.19479184614,
    -5.58639790946));
#13501 = CARTESIAN_POINT('',(-1.145066655183,51.097553403829,
    -5.567515320161));
#13502 = CARTESIAN_POINT('',(-1.263602631001,51.052872722035,
    -5.559885497364));
#13503 = CARTESIAN_POINT('',(-1.380090820407,51.002904782158,
    -5.55225732494));
#13504 = CARTESIAN_POINT('',(-1.494248875065,50.947763251608,
    -5.54463055967));
#13505 = CARTESIAN_POINT('',(-1.605803207011,50.887580254684,
    -5.537004704589));
#13506 = CARTESIAN_POINT('',(-1.714489214364,50.822506270424,
    -5.529379189895));
#13507 = CARTESIAN_POINT('',(-1.874694595856,50.716580821395,
    -5.517806232357));
#13508 = CARTESIAN_POINT('',(-1.928501001983,50.679186101433,
    -5.513858861799));
#13509 = CARTESIAN_POINT('',(-1.981435479895,50.640549177639,
    -5.509911357476));
#13510 = CARTESIAN_POINT('',(-2.033463674708,50.600694521916,
    -5.50596364153));
#13511 = CARTESIAN_POINT('',(-2.084552122183,50.559647770986,
    -5.502015642942));
#13512 = CARTESIAN_POINT('',(-2.134668248727,50.517435726392,
    -5.498067297538));
#13513 = CARTESIAN_POINT('',(-2.297267316746,50.373915815495,
    -5.484993885886));
#13514 = CARTESIAN_POINT('',(-2.405395503373,50.267670016498,
    -5.475866917233));
#13515 = CARTESIAN_POINT('',(-2.507771305319,50.155696845455,
    -5.466737207999));
#13516 = CARTESIAN_POINT('',(-2.604032913451,50.038371443507,
    -5.457604547044));
#13517 = CARTESIAN_POINT('',(-2.693850713467,49.916095670747,
    -5.448469196052));
#13518 = CARTESIAN_POINT('',(-2.77692766391,49.78929757197,
    -5.439332139474));
#13519 = CARTESIAN_POINT('',(-2.903617863153,49.57135233849,
    -5.424115719638));
#13520 = CARTESIAN_POINT('',(-2.951135489519,49.482471016499,
    -5.41803607088));
#13521 = CARTESIAN_POINT('',(-2.995475217336,49.391919987125,
    -5.411956956418));
#13522 = CARTESIAN_POINT('',(-3.036567179404,49.299835701336,
    -5.405878892593));
#13523 = CARTESIAN_POINT('',(-3.074348977258,49.206357950401,
    -5.399802343862));
#13524 = CARTESIAN_POINT('',(-3.108765681173,49.111629865887,
    -5.393727722808));
#13525 = CARTESIAN_POINT('',(-3.167048791786,48.931480301916,
    -5.382312655833));
#13526 = CARTESIAN_POINT('',(-3.191686169802,48.84630759423,
    -5.37697158643));
#13527 = CARTESIAN_POINT('',(-3.213649694071,48.760379493102,
    -5.371632452495));
#13528 = CARTESIAN_POINT('',(-3.232911889042,48.673796781761,
    -5.366295237311));
#13529 = CARTESIAN_POINT('',(-3.249450073757,48.586661330161,
    -5.360959636864));
#13530 = CARTESIAN_POINT('',(-3.263246361852,48.499076094982,
    -5.355625059849));
#13531 = CARTESIAN_POINT('',(-3.280560035863,48.361193030144,
    -5.347260227598));
#13532 = CARTESIAN_POINT('',(-3.285943339547,48.311129286738,
    -5.344229851975));
#13533 = CARTESIAN_POINT('',(-3.29043518196,48.260972920884,
    -5.341199324833));
#13534 = CARTESIAN_POINT('',(-3.294033685148,48.210743007032,
    -5.338168411793));
#13535 = CARTESIAN_POINT('',(-3.296737483854,48.160458662611,
    -5.335136820068));
#13536 = CARTESIAN_POINT('',(-3.298545725511,48.110139048029,
    -5.332104198459));
#13537 = CARTESIAN_POINT('',(-3.300844804235,47.983294787079,
    -5.324458464307));
#13538 = CARTESIAN_POINT('',(-3.300161750286,47.906748962565,
    -5.319843466755));
#13539 = CARTESIAN_POINT('',(-3.297407722102,47.830233566507,
    -5.31522228435));
#13540 = CARTESIAN_POINT('',(-3.292584292603,47.753815024707,
    -5.310602098422));
#13541 = CARTESIAN_POINT('',(-3.285695679699,47.677560789646,
    -5.305979168366));
#13542 = CARTESIAN_POINT('',(-3.276748820756,47.601537350856,
    -5.301356997265));
#13543 = CARTESIAN_POINT('',(-3.254688290839,47.449605709289,
    -5.292084277109));
#13544 = CARTESIAN_POINT('',(-3.24154854709,47.373701059675,
    -5.28743388742));
#13545 = CARTESIAN_POINT('',(-3.226344010753,47.298165377086,
    -5.282784641237));
#13546 = CARTESIAN_POINT('',(-3.209087264511,47.223065966617,
    -5.278136904899));
#13547 = CARTESIAN_POINT('',(-3.189793618754,47.148469526447,
    -5.273490878604));
#13548 = CARTESIAN_POINT('',(-3.168481111573,47.074442147837,
    -5.268846596403));
#13549 = CARTESIAN_POINT('',(-3.109825564138,46.889766667092,
    -5.2571644291));
#13550 = CARTESIAN_POINT('',(-3.069886539393,46.779941815648,
    -5.250128643497));
#13551 = CARTESIAN_POINT('',(-3.025426142478,46.671803706856,
    -5.243096354337));
#13552 = CARTESIAN_POINT('',(-2.976530656518,46.565575332709,
    -5.236066794822));
#13553 = CARTESIAN_POINT('',(-2.923299867225,46.461473571822,
    -5.229038933549));
#13554 = CARTESIAN_POINT('',(-2.865846990307,46.359709030126,
    -5.222011761647));
#13555 = CARTESIAN_POINT('',(-2.72843012873,46.138177104461,
    -5.206322427816));
#13556 = CARTESIAN_POINT('',(-2.6463367972,46.01972700305,
    -5.197660061451));
#13557 = CARTESIAN_POINT('',(-2.558256663794,45.905518914347,
    -5.188996107347));
#13558 = CARTESIAN_POINT('',(-2.464454249119,45.795914433226,
    -5.180329438488));
#13559 = CARTESIAN_POINT('',(-2.365220192424,45.691253052841,
    -5.171659365831));
#13560 = CARTESIAN_POINT('',(-2.260870909132,45.59185180507,
    -5.162985829829));
#13561 = CARTESIAN_POINT('',(-2.011273213845,45.377194548613,
    -5.143140556957));
#13562 = CARTESIAN_POINT('',(-1.862878923287,45.2655806792,
    -5.131966298881));
#13563 = CARTESIAN_POINT('',(-1.707298479105,45.163796085791,
    -5.120788602622));
#13564 = CARTESIAN_POINT('',(-1.545316335682,45.072386965993,
    -5.109609497627));
#13565 = CARTESIAN_POINT('',(-1.377761899292,44.991821340866,
    -5.098430884453));
#13566 = CARTESIAN_POINT('',(-1.205508260883,44.922488341983,
    -5.087254390971));
#13567 = CARTESIAN_POINT('',(-0.89877809788,44.821773836649,
    -5.06778593294));
#13568 = CARTESIAN_POINT('',(-0.765991086764,44.785215085989,
    -5.059491981303));
#13569 = CARTESIAN_POINT('',(-0.631488979662,44.75513475788,
    -5.051200088572));
#13570 = CARTESIAN_POINT('',(-0.495651184114,44.73162749947,
    -5.042910110691));
#13571 = CARTESIAN_POINT('',(-0.358862188289,44.714759884683,
    -5.034621486567));
#13572 = CARTESIAN_POINT('',(-0.221511185354,44.704570337088,
    -5.026333450348));
#13573 = CARTESIAN_POINT('',(-7.94807263637E-03,44.699132960944,
    -5.013462145753));
#13574 = CARTESIAN_POINT('',(6.814771614239E-02,44.699241897517,
    -5.008878969758));
#13575 = CARTESIAN_POINT('',(0.144229480394,44.701397543098,
    -5.004295548518));
#13576 = CARTESIAN_POINT('',(0.220231170275,44.705598913503,
    -4.999711719777));
#13577 = CARTESIAN_POINT('',(0.2960868742,44.711842359739,
    -4.995127326216));
#13578 = CARTESIAN_POINT('',(0.371730818843,44.720121568001,
    -4.99054221545));
#13579 = CARTESIAN_POINT('',(0.620302795675,44.754112519085,
    -4.975416871767));
#13580 = CARTESIAN_POINT('',(0.792050022646,44.788503059182,
    -4.964872569093));
#13581 = CARTESIAN_POINT('',(0.961533995016,44.833490333205,
    -4.954322356198));
#13582 = CARTESIAN_POINT('',(1.127973163422,44.88888975513,
    -4.943765039438));
#13583 = CARTESIAN_POINT('',(1.290608326144,44.954448411834,
    -4.933200775957));
#13584 = CARTESIAN_POINT('',(1.448703708039,45.029845534442,
    -4.922632022137));
#13585 = CARTESIAN_POINT('',(1.687022246913,45.162128927386,
    -4.906154134908));
#13586 = CARTESIAN_POINT('',(1.770854877562,45.212525953758,
    -4.900244439484));
#13587 = CARTESIAN_POINT('',(1.852925197687,45.265808810488,
    -4.89433561528));
#13588 = CARTESIAN_POINT('',(1.93311439566,45.321903267285,
    -4.888428605639));
#13589 = CARTESIAN_POINT('',(2.011307818909,45.380729161045,
    -4.882524457547));
#13590 = CARTESIAN_POINT('',(2.087394973919,45.442200395854,
    -4.876624321631));
#13591 = CARTESIAN_POINT('',(2.383040507112,45.698426265007,
    -4.853033087955));
#13592 = CARTESIAN_POINT('',(2.584937051293,45.913694774614,
    -4.835378702616));
#13593 = CARTESIAN_POINT('',(2.763964449793,46.149476651807,
    -4.817807112085));
#13594 = CARTESIAN_POINT('',(2.917701912826,46.40282553153,
    -4.80034376317));
#13595 = CARTESIAN_POINT('',(3.044186638428,46.670514929207,
    -4.782989736458));
#13596 = CARTESIAN_POINT('',(3.141909833302,46.949031352668,
    -4.76564135459));
#13597 = CARTESIAN_POINT('',(3.235593322551,47.341881345513,
    -4.741442308691));
#13598 = CARTESIAN_POINT('',(3.257007556757,47.450249262087,
    -4.734794161101));
#13599 = CARTESIAN_POINT('',(3.2741841642,47.559414680291,-4.72809858548
    ));
#13600 = CARTESIAN_POINT('',(3.28708820831,47.669176660069,
    -4.721339194445));
#13601 = CARTESIAN_POINT('',(3.295696914746,47.779332061865,
    -4.71449634806));
#13602 = CARTESIAN_POINT('',(3.3,47.889675617324,-4.70754704913));
#13603 = CARTESIAN_POINT('',(3.3,48.,-4.700464838486));
#13604 = PCURVE('',#12434,#13605);
#13605 = DEFINITIONAL_REPRESENTATION('',(#13606),#13753);
#13606 = B_SPLINE_CURVE_WITH_KNOTS('',7,(#13607,#13608,#13609,#13610,
    #13611,#13612,#13613,#13614,#13615,#13616,#13617,#13618,#13619,
    #13620,#13621,#13622,#13623,#13624,#13625,#13626,#13627,#13628,
    #13629,#13630,#13631,#13632,#13633,#13634,#13635,#13636,#13637,
    #13638,#13639,#13640,#13641,#13642,#13643,#13644,#13645,#13646,
    #13647,#13648,#13649,#13650,#13651,#13652,#13653,#13654,#13655,
    #13656,#13657,#13658,#13659,#13660,#13661,#13662,#13663,#13664,
    #13665,#13666,#13667,#13668,#13669,#13670,#13671,#13672,#13673,
    #13674,#13675,#13676,#13677,#13678,#13679,#13680,#13681,#13682,
    #13683,#13684,#13685,#13686,#13687,#13688,#13689,#13690,#13691,
    #13692,#13693,#13694,#13695,#13696,#13697,#13698,#13699,#13700,
    #13701,#13702,#13703,#13704,#13705,#13706,#13707,#13708,#13709,
    #13710,#13711,#13712,#13713,#13714,#13715,#13716,#13717,#13718,
    #13719,#13720,#13721,#13722,#13723,#13724,#13725,#13726,#13727,
    #13728,#13729,#13730,#13731,#13732,#13733,#13734,#13735,#13736,
    #13737,#13738,#13739,#13740,#13741,#13742,#13743,#13744,#13745,
    #13746,#13747,#13748,#13749,#13750,#13751,#13752),.UNSPECIFIED.,.F.,
  .F.,(8,6,6,6,6,6,6,6,6,6,6,6,6,6,6,6,6,6,6,6,6,6,6,6,8),(0.,
    2.50141424442E-02,6.667954839762E-02,0.135654896598,0.175153429635,
    0.212166162867,0.237266074487,0.300256869453,0.342980837361,
    0.365096400728,0.416200437673,0.450204978767,0.480123831617,
    0.497120222354,0.522954177084,0.548951804889,0.588370979194,
    0.636961565882,0.699512866365,0.745955094826,0.771636076325,
    0.83065543355,0.86365912354,0.962736010945,1.),.UNSPECIFIED.);
#13607 = CARTESIAN_POINT('',(0.,1.449535161514));
#13608 = CARTESIAN_POINT('',(2.24605121547E-02,1.453715894748));
#13609 = CARTESIAN_POINT('',(4.491966670721E-02,1.457953764931));
#13610 = CARTESIAN_POINT('',(6.737751568992E-02,1.462241669533));
#13611 = CARTESIAN_POINT('',(8.983413407005E-02,1.466573040863));
#13612 = CARTESIAN_POINT('',(0.11228961975,1.470941846068));
#13613 = CARTESIAN_POINT('',(0.134744093566,1.475342587132));
#13614 = CARTESIAN_POINT('',(0.19459808588,1.487145428406));
#13615 = CARTESIAN_POINT('',(0.231996306868,1.494595478384));
#13616 = CARTESIAN_POINT('',(0.269392539494,1.502097395674));
#13617 = CARTESIAN_POINT('',(0.306787449538,1.509632589343));
#13618 = CARTESIAN_POINT('',(0.344181803032,1.51718647794));
#13619 = CARTESIAN_POINT('',(0.381576077973,1.524748034781));
#13620 = CARTESIAN_POINT('',(0.480874285966,1.544826748606));
#13621 = CARTESIAN_POINT('',(0.542782583594,1.557344411546));
#13622 = CARTESIAN_POINT('',(0.604689246565,1.569824850281));
#13623 = CARTESIAN_POINT('',(0.666595700735,1.582255802956));
#13624 = CARTESIAN_POINT('',(0.728505618496,1.594640115808));
#13625 = CARTESIAN_POINT('',(0.790419820086,1.606987195719));
#13626 = CARTESIAN_POINT('',(0.887784222789,1.626360354503));
#13627 = CARTESIAN_POINT('',(0.923238031855,1.633405735332));
#13628 = CARTESIAN_POINT('',(0.958691900245,1.640444079572));
#13629 = CARTESIAN_POINT('',(0.994145820195,1.647477500243));
#13630 = CARTESIAN_POINT('',(1.029599955002,1.654508061895));
#13631 = CARTESIAN_POINT('',(1.065054313001,1.661537539051));
#13632 = CARTESIAN_POINT('',(1.133731262012,1.675154407318));
#13633 = CARTESIAN_POINT('',(1.166954159342,1.681741845877));
#13634 = CARTESIAN_POINT('',(1.200177051961,1.688330603404));
#13635 = CARTESIAN_POINT('',(1.233399887185,1.694921505127));
#13636 = CARTESIAN_POINT('',(1.266622621231,1.701515088421));
#13637 = CARTESIAN_POINT('',(1.299845219213,1.708111602812));
#13638 = CARTESIAN_POINT('',(1.355597204644,1.719186349189));
#13639 = CARTESIAN_POINT('',(1.378126716486,1.723663036626));
#13640 = CARTESIAN_POINT('',(1.400656189435,1.72814106004));
#13641 = CARTESIAN_POINT('',(1.423185621151,1.732620371557));
#13642 = CARTESIAN_POINT('',(1.445715008184,1.737100887665));
#13643 = CARTESIAN_POINT('',(1.468244345976,1.74158248922));
#13644 = CARTESIAN_POINT('',(1.54731316814,1.757314394453));
#13645 = CARTESIAN_POINT('',(1.603855055724,1.768570193205));
#13646 = CARTESIAN_POINT('',(1.660394930759,1.779829346596));
#13647 = CARTESIAN_POINT('',(1.716933575276,1.791088950045));
#13648 = CARTESIAN_POINT('',(1.773473465845,1.802346936857));
#13649 = CARTESIAN_POINT('',(1.830015339055,1.81360209054));
#13650 = CARTESIAN_POINT('',(1.924903054367,1.832484679839));
#13651 = CARTESIAN_POINT('',(1.963251758549,1.840114502636));
#13652 = CARTESIAN_POINT('',(2.00160025245,1.84774267506));
#13653 = CARTESIAN_POINT('',(2.03994862446,1.85536944033));
#13654 = CARTESIAN_POINT('',(2.078297200095,1.862995295411));
#13655 = CARTESIAN_POINT('',(2.116646059834,1.870620810105));
#13656 = CARTESIAN_POINT('',(2.174845208934,1.882193767643));
#13657 = CARTESIAN_POINT('',(2.194695864408,1.886141138201));
#13658 = CARTESIAN_POINT('',(2.214546519739,1.890088642524));
#13659 = CARTESIAN_POINT('',(2.234397170859,1.89403635847));
#13660 = CARTESIAN_POINT('',(2.254247813263,1.897984357058));
#13661 = CARTESIAN_POINT('',(2.274098442016,1.901932702462));
#13662 = CARTESIAN_POINT('',(2.339819295988,1.915006114114));
#13663 = CARTESIAN_POINT('',(2.385690371829,1.924133082767));
#13664 = CARTESIAN_POINT('',(2.431560720097,1.933262792001));
#13665 = CARTESIAN_POINT('',(2.477430558405,1.942395452956));
#13666 = CARTESIAN_POINT('',(2.523300713814,1.951530803948));
#13667 = CARTESIAN_POINT('',(2.569171455492,1.960667860526));
#13668 = CARTESIAN_POINT('',(2.645563063754,1.975884280362));
#13669 = CARTESIAN_POINT('',(2.676084837965,1.98196392912));
#13670 = CARTESIAN_POINT('',(2.706606652195,1.988043043582));
#13671 = CARTESIAN_POINT('',(2.737128507092,1.994121107407));
#13672 = CARTESIAN_POINT('',(2.767650401768,2.000197656138));
#13673 = CARTESIAN_POINT('',(2.798172333802,2.006272277192));
#13674 = CARTESIAN_POINT('',(2.855549012258,2.017687344167));
#13675 = CARTESIAN_POINT('',(2.882403813537,2.02302841357));
#13676 = CARTESIAN_POINT('',(2.909258693748,2.028367547505));
#13677 = CARTESIAN_POINT('',(2.936113638127,2.033704762689));
#13678 = CARTESIAN_POINT('',(2.962968626477,2.039040363136));
#13679 = CARTESIAN_POINT('',(2.989823633164,2.044374940151));
#13680 = CARTESIAN_POINT('',(3.031934491797,2.052739772402));
#13681 = CARTESIAN_POINT('',(3.047190358262,2.055770148025));
#13682 = CARTESIAN_POINT('',(3.062446220236,2.058800675167));
#13683 = CARTESIAN_POINT('',(3.077702069488,2.061831588207));
#13684 = CARTESIAN_POINT('',(3.092957895824,2.064863179932));
#13685 = CARTESIAN_POINT('',(3.108213687092,2.067895801541));
#13686 = CARTESIAN_POINT('',(3.146657655237,2.075541535693));
#13687 = CARTESIAN_POINT('',(3.169845799358,2.080156533245));
#13688 = CARTESIAN_POINT('',(3.193033716039,2.08477771565));
#13689 = CARTESIAN_POINT('',(3.21622165178,2.089397901578));
#13690 = CARTESIAN_POINT('',(3.23940951093,2.094020831634));
#13691 = CARTESIAN_POINT('',(3.262597417441,2.098643002735));
#13692 = CARTESIAN_POINT('',(3.309120110235,2.107915722891));
#13693 = CARTESIAN_POINT('',(3.332454943324,2.11256611258));
#13694 = CARTESIAN_POINT('',(3.355789822316,2.117215358763));
#13695 = CARTESIAN_POINT('',(3.379124755305,2.121863095101));
#13696 = CARTESIAN_POINT('',(3.402459744896,2.126509121396));
#13697 = CARTESIAN_POINT('',(3.42579478821,2.131153403597));
#13698 = CARTESIAN_POINT('',(3.48451194845,2.1428355709));
#13699 = CARTESIAN_POINT('',(3.519894410329,2.149871356503));
#13700 = CARTESIAN_POINT('',(3.555276816106,2.156903645663));
#13701 = CARTESIAN_POINT('',(3.590659199647,2.163933205178));
#13702 = CARTESIAN_POINT('',(3.626041754842,2.170961066451));
#13703 = CARTESIAN_POINT('',(3.661424515359,2.177988238353));
#13704 = CARTESIAN_POINT('',(3.740421782538,2.193677572184));
#13705 = CARTESIAN_POINT('',(3.784037209733,2.202339938549));
#13706 = CARTESIAN_POINT('',(3.82765207956,2.211003892653));
#13707 = CARTESIAN_POINT('',(3.871266538804,2.219670561512));
#13708 = CARTESIAN_POINT('',(3.914881205337,2.228340634169));
#13709 = CARTESIAN_POINT('',(3.958496255981,2.237014170171));
#13710 = CARTESIAN_POINT('',(4.058255722089,2.256859443043));
#13711 = CARTESIAN_POINT('',(4.114403241233,2.268033701119));
#13712 = CARTESIAN_POINT('',(4.170548811649,2.279211397378));
#13713 = CARTESIAN_POINT('',(4.226693160882,2.290390502373));
#13714 = CARTESIAN_POINT('',(4.282838676104,2.301569115547));
#13715 = CARTESIAN_POINT('',(4.338986081673,2.312745609029));
#13716 = CARTESIAN_POINT('',(4.436816919201,2.33221406706));
#13717 = CARTESIAN_POINT('',(4.478503333502,2.340508018697));
#13718 = CARTESIAN_POINT('',(4.520189416055,2.348799911428));
#13719 = CARTESIAN_POINT('',(4.561875306116,2.357089889309));
#13720 = CARTESIAN_POINT('',(4.603561500972,2.365378513433));
#13721 = CARTESIAN_POINT('',(4.645248125537,2.373666549652));
#13722 = CARTESIAN_POINT('',(4.709985192221,2.386537854247));
#13723 = CARTESIAN_POINT('',(4.733036189802,2.391121030242));
#13724 = CARTESIAN_POINT('',(4.756087188945,2.395704451482));
#13725 = CARTESIAN_POINT('',(4.779138180947,2.400288280223));
#13726 = CARTESIAN_POINT('',(4.802189154132,2.404872673784));
#13727 = CARTESIAN_POINT('',(4.825240093861,2.40945778455));
#13728 = CARTESIAN_POINT('',(4.901265929461,2.424583128233));
#13729 = CARTESIAN_POINT('',(4.954242582692,2.435127430907));
#13730 = CARTESIAN_POINT('',(5.007217672166,2.445677643802));
#13731 = CARTESIAN_POINT('',(5.060191661584,2.456234960562));
#13732 = CARTESIAN_POINT('',(5.113166294627,2.466799224043));
#13733 = CARTESIAN_POINT('',(5.166142137667,2.477367977863));
#13734 = CARTESIAN_POINT('',(5.248739228056,2.493845865092));
#13735 = CARTESIAN_POINT('',(5.278362369548,2.499755560516));
#13736 = CARTESIAN_POINT('',(5.307985557779,2.50566438472));
#13737 = CARTESIAN_POINT('',(5.337608810301,2.511571394361));
#13738 = CARTESIAN_POINT('',(5.367232147893,2.517475542453));
#13739 = CARTESIAN_POINT('',(5.396855594558,2.523375678369));
#13740 = CARTESIAN_POINT('',(5.515409003119,2.546966912045));
#13741 = CARTESIAN_POINT('',(5.604365659967,2.564621297384));
#13742 = CARTESIAN_POINT('',(5.693305172716,2.582192887915));
#13743 = CARTESIAN_POINT('',(5.78224044123,2.59965623683));
#13744 = CARTESIAN_POINT('',(5.871185726592,2.617010263542));
#13745 = CARTESIAN_POINT('',(5.960151811812,2.63435864541));
#13746 = CARTESIAN_POINT('',(6.082535435826,2.658557691309));
#13747 = CARTESIAN_POINT('',(6.115983752073,2.665205838899));
#13748 = CARTESIAN_POINT('',(6.149430387229,2.67190141452));
#13749 = CARTESIAN_POINT('',(6.182874776843,2.678660805555));
#13750 = CARTESIAN_POINT('',(6.21631623695,2.68550365194));
#13751 = CARTESIAN_POINT('',(6.249753676066,2.69245295087));
#13752 = CARTESIAN_POINT('',(6.28318530718,2.699535161514));
#13753 = ( GEOMETRIC_REPRESENTATION_CONTEXT(2) 
PARAMETRIC_REPRESENTATION_CONTEXT() REPRESENTATION_CONTEXT('2D SPACE',''
  ) );
#13754 = PCURVE('',#12891,#13755);
#13755 = DEFINITIONAL_REPRESENTATION('',(#13756),#13903);
#13756 = B_SPLINE_CURVE_WITH_KNOTS('',7,(#13757,#13758,#13759,#13760,
    #13761,#13762,#13763,#13764,#13765,#13766,#13767,#13768,#13769,
    #13770,#13771,#13772,#13773,#13774,#13775,#13776,#13777,#13778,
    #13779,#13780,#13781,#13782,#13783,#13784,#13785,#13786,#13787,
    #13788,#13789,#13790,#13791,#13792,#13793,#13794,#13795,#13796,
    #13797,#13798,#13799,#13800,#13801,#13802,#13803,#13804,#13805,
    #13806,#13807,#13808,#13809,#13810,#13811,#13812,#13813,#13814,
    #13815,#13816,#13817,#13818,#13819,#13820,#13821,#13822,#13823,
    #13824,#13825,#13826,#13827,#13828,#13829,#13830,#13831,#13832,
    #13833,#13834,#13835,#13836,#13837,#13838,#13839,#13840,#13841,
    #13842,#13843,#13844,#13845,#13846,#13847,#13848,#13849,#13850,
    #13851,#13852,#13853,#13854,#13855,#13856,#13857,#13858,#13859,
    #13860,#13861,#13862,#13863,#13864,#13865,#13866,#13867,#13868,
    #13869,#13870,#13871,#13872,#13873,#13874,#13875,#13876,#13877,
    #13878,#13879,#13880,#13881,#13882,#13883,#13884,#13885,#13886,
    #13887,#13888,#13889,#13890,#13891,#13892,#13893,#13894,#13895,
    #13896,#13897,#13898,#13899,#13900,#13901,#13902),.UNSPECIFIED.,.F.,
  .F.,(8,6,6,6,6,6,6,6,6,6,6,6,6,6,6,6,6,6,6,6,6,6,6,6,8),(0.,
    2.50141424442E-02,6.667954839762E-02,0.135654896598,0.175153429635,
    0.212166162867,0.237266074487,0.300256869453,0.342980837361,
    0.365096400728,0.416200437673,0.450204978767,0.480123831617,
    0.497120222354,0.522954177084,0.548951804889,0.588370979194,
    0.636961565882,0.699512866365,0.745955094826,0.771636076325,
    0.83065543355,0.86365912354,0.962736010945,1.),.UNSPECIFIED.);
#13757 = CARTESIAN_POINT('',(2.113189986525,0.));
#13758 = CARTESIAN_POINT('',(2.113928979009,3.575521738774E-03));
#13759 = CARTESIAN_POINT('',(2.114516988263,7.149570776592E-03));
#13760 = CARTESIAN_POINT('',(2.11497353888,1.072256652634E-02));
#13761 = CARTESIAN_POINT('',(2.115316566699,1.429485978403E-02));
#13762 = CARTESIAN_POINT('',(2.115562418798,1.786673272886E-02));
#13763 = CARTESIAN_POINT('',(2.115725853496,2.143839892313E-02));
#13764 = CARTESIAN_POINT('',(2.115976924959,3.095913177484E-02));
#13765 = CARTESIAN_POINT('',(2.115941655389,3.690815001642E-02));
#13766 = CARTESIAN_POINT('',(2.115775357386,4.285771572276E-02));
#13767 = CARTESIAN_POINT('',(2.115526781161,4.880819058785E-02));
#13768 = CARTESIAN_POINT('',(2.115233627297,5.475969088333E-02));
#13769 = CARTESIAN_POINT('',(2.114923872647,6.071213802784E-02));
#13770 = CARTESIAN_POINT('',(2.114109240628,7.652053658298E-02));
#13771 = CARTESIAN_POINT('',(2.11360954955,8.637851347327E-02));
#13772 = CARTESIAN_POINT('',(2.113208034755,9.623739108753E-02));
#13773 = CARTESIAN_POINT('',(2.11293244402,0.106096031123));
#13774 = CARTESIAN_POINT('',(2.112774124908,0.115954006682));
#13775 = CARTESIAN_POINT('',(2.112708144317,0.125811051677));
#13776 = CARTESIAN_POINT('',(2.112707388666,0.141309342563));
#13777 = CARTESIAN_POINT('',(2.112728598136,0.146952275186));
#13778 = CARTESIAN_POINT('',(2.112766101306,0.152594670318));
#13779 = CARTESIAN_POINT('',(2.112814613901,0.158236567041));
#13780 = CARTESIAN_POINT('',(2.11286917072,0.163878065368));
#13781 = CARTESIAN_POINT('',(2.112925538052,0.169519261884));
#13782 = CARTESIAN_POINT('',(2.113032247235,0.180446103117));
#13783 = CARTESIAN_POINT('',(2.113082701621,0.18573182096));
#13784 = CARTESIAN_POINT('',(2.113129411868,0.191017423934));
#13785 = CARTESIAN_POINT('',(2.113170520793,0.196302991851));
#13786 = CARTESIAN_POINT('',(2.113204891415,0.201588599306));
#13787 = CARTESIAN_POINT('',(2.113232106958,0.206874315676));
#13788 = CARTESIAN_POINT('',(2.113266280472,0.215744792));
#13789 = CARTESIAN_POINT('',(2.1132769064,0.219329462551));
#13790 = CARTESIAN_POINT('',(2.113284440765,0.222914235772));
#13791 = CARTESIAN_POINT('',(2.113289053528,0.226499126474));
#13792 = CARTESIAN_POINT('',(2.113290992482,0.230084145283));
#13793 = CARTESIAN_POINT('',(2.113290583253,0.233669298643));
#13794 = CARTESIAN_POINT('',(2.113282321806,0.246252241127));
#13795 = CARTESIAN_POINT('',(2.113264089937,0.25525118267));
#13796 = CARTESIAN_POINT('',(2.113239332466,0.264250768672));
#13797 = CARTESIAN_POINT('',(2.113215480902,0.273250997817));
#13798 = CARTESIAN_POINT('',(2.113198220502,0.282251993391));
#13799 = CARTESIAN_POINT('',(2.113189936426,0.291253527564));
#13800 = CARTESIAN_POINT('',(2.113190018027,0.306359624503));
#13801 = CARTESIAN_POINT('',(2.113193876616,0.312464688549));
#13802 = CARTESIAN_POINT('',(2.113201415417,0.318569582364));
#13803 = CARTESIAN_POINT('',(2.113211771205,0.324674230764));
#13804 = CARTESIAN_POINT('',(2.113223607313,0.330778613612));
#13805 = CARTESIAN_POINT('',(2.113235358011,0.336882697461));
#13806 = CARTESIAN_POINT('',(2.113250708751,0.346145860597));
#13807 = CARTESIAN_POINT('',(2.113255514741,0.349305258915));
#13808 = CARTESIAN_POINT('',(2.113259666175,0.352464559696));
#13809 = CARTESIAN_POINT('',(2.113262962517,0.35562376256));
#13810 = CARTESIAN_POINT('',(2.113265227385,0.358782869202));
#13811 = CARTESIAN_POINT('',(2.113266308555,0.361941883391));
#13812 = CARTESIAN_POINT('',(2.11326554511,0.372400374135));
#13813 = CARTESIAN_POINT('',(2.113258105036,0.379699624035));
#13814 = CARTESIAN_POINT('',(2.11324209896,0.386998389524));
#13815 = CARTESIAN_POINT('',(2.113217549965,0.394296846727));
#13816 = CARTESIAN_POINT('',(2.113186106782,0.401595301526));
#13817 = CARTESIAN_POINT('',(2.113150987577,0.408893972036));
#13818 = CARTESIAN_POINT('',(2.11309425771,0.421049379822));
#13819 = CARTESIAN_POINT('',(2.113071896227,0.425906110866));
#13820 = CARTESIAN_POINT('',(2.113051441941,0.43076301047));
#13821 = CARTESIAN_POINT('',(2.113034324161,0.435620112225));
#13822 = CARTESIAN_POINT('',(2.113021798855,0.440477437051));
#13823 = CARTESIAN_POINT('',(2.11301494865,0.445334993206));
#13824 = CARTESIAN_POINT('',(2.113014448944,0.454466890627));
#13825 = CARTESIAN_POINT('',(2.113019071801,0.458741190793));
#13826 = CARTESIAN_POINT('',(2.113029217418,0.463015668446));
#13827 = CARTESIAN_POINT('',(2.113044792939,0.467290307944));
#13828 = CARTESIAN_POINT('',(2.113064946625,0.471565086328));
#13829 = CARTESIAN_POINT('',(2.113088067859,0.475839973326));
#13830 = CARTESIAN_POINT('',(2.113125261669,0.482543462193));
#13831 = CARTESIAN_POINT('',(2.113138877523,0.484972017645));
#13832 = CARTESIAN_POINT('',(2.113152162594,0.487400590944));
#13833 = CARTESIAN_POINT('',(2.11316449619,0.489829175625));
#13834 = CARTESIAN_POINT('',(2.113175109036,0.492257765519));
#13835 = CARTESIAN_POINT('',(2.113183083274,0.494686354756));
#13836 = CARTESIAN_POINT('',(2.113193841502,0.500806304024));
#13837 = CARTESIAN_POINT('',(2.113191789961,0.504497660959));
#13838 = CARTESIAN_POINT('',(2.113173782321,0.508188979496));
#13839 = CARTESIAN_POINT('',(2.113158309119,0.511880292862));
#13840 = CARTESIAN_POINT('',(2.113135670739,0.515571562413));
#13841 = CARTESIAN_POINT('',(2.113114847324,0.519262791977));
#13842 = CARTESIAN_POINT('',(2.113074945763,0.526668498864));
#13843 = CARTESIAN_POINT('',(2.113056299579,0.530382983683));
#13844 = CARTESIAN_POINT('',(2.113040326364,0.534097389));
#13845 = CARTESIAN_POINT('',(2.113027915803,0.53781169977));
#13846 = CARTESIAN_POINT('',(2.113019541889,0.541525903959));
#13847 = CARTESIAN_POINT('',(2.113015262928,0.545239992544));
#13848 = CARTESIAN_POINT('',(2.113013900638,0.554585300671));
#13849 = CARTESIAN_POINT('',(2.113021837586,0.560216409449));
#13850 = CARTESIAN_POINT('',(2.113037709312,0.565847200692));
#13851 = CARTESIAN_POINT('',(2.113059624242,0.57147769672));
#13852 = CARTESIAN_POINT('',(2.113085173725,0.577107969952));
#13853 = CARTESIAN_POINT('',(2.113111983465,0.582738085517));
#13854 = CARTESIAN_POINT('',(2.113170661176,0.595307889367));
#13855 = CARTESIAN_POINT('',(2.113202273185,0.602247661211));
#13856 = CARTESIAN_POINT('',(2.113229383336,0.609187296417));
#13857 = CARTESIAN_POINT('',(2.113249662029,0.616126968596));
#13858 = CARTESIAN_POINT('',(2.113262118247,0.623066919289));
#13859 = CARTESIAN_POINT('',(2.113267050099,0.630007289295));
#13860 = CARTESIAN_POINT('',(2.113264637611,0.64588275369));
#13861 = CARTESIAN_POINT('',(2.113253299527,0.654818617));
#13862 = CARTESIAN_POINT('',(2.113234807697,0.66375499531));
#13863 = CARTESIAN_POINT('',(2.113214734406,0.672692006402));
#13864 = CARTESIAN_POINT('',(2.113198659281,0.681629873465));
#13865 = CARTESIAN_POINT('',(2.113190225252,0.690568432616));
#13866 = CARTESIAN_POINT('',(2.11318981333,0.706143070315));
#13867 = CARTESIAN_POINT('',(2.113194139335,0.712779583501));
#13868 = CARTESIAN_POINT('',(2.113203325808,0.719415968458));
#13869 = CARTESIAN_POINT('',(2.113216652214,0.726052115265));
#13870 = CARTESIAN_POINT('',(2.113232546752,0.732687981607));
#13871 = CARTESIAN_POINT('',(2.113248814562,0.739323494272));
#13872 = CARTESIAN_POINT('',(2.113270635867,0.749627357106));
#13873 = CARTESIAN_POINT('',(2.113277750806,0.753296121321));
#13874 = CARTESIAN_POINT('',(2.113283752444,0.756964733824));
#13875 = CARTESIAN_POINT('',(2.11328820794,0.76063318916));
#13876 = CARTESIAN_POINT('',(2.113290709921,0.764301485878));
#13877 = CARTESIAN_POINT('',(2.11329087648,0.76796962654));
#13878 = CARTESIAN_POINT('',(2.113282547582,0.780067298705));
#13879 = CARTESIAN_POINT('',(2.113262593458,0.78849650518));
#13880 = CARTESIAN_POINT('',(2.113224691076,0.796924831001));
#13881 = CARTESIAN_POINT('',(2.113166802628,0.80535259427));
#13882 = CARTESIAN_POINT('',(2.113091352311,0.81378042683));
#13883 = CARTESIAN_POINT('',(2.113006185507,0.82220881526));
#13884 = CARTESIAN_POINT('',(2.11287770665,0.835350975399));
#13885 = CARTESIAN_POINT('',(2.112832403863,0.840064574618));
#13886 = CARTESIAN_POINT('',(2.112790234825,0.844778456156));
#13887 = CARTESIAN_POINT('',(2.112753777951,0.849492671096));
#13888 = CARTESIAN_POINT('',(2.112725831957,0.854207256447));
#13889 = CARTESIAN_POINT('',(2.112709415853,0.858922235147));
#13890 = CARTESIAN_POINT('',(2.112702824954,0.877793162432));
#13891 = CARTESIAN_POINT('',(2.11282992363,0.891956389039));
#13892 = CARTESIAN_POINT('',(2.113171039604,0.906120260206));
#13893 = CARTESIAN_POINT('',(2.113792405775,0.920285116267));
#13894 = CARTESIAN_POINT('',(2.114690229856,0.934448907662));
#13895 = CARTESIAN_POINT('',(2.115586749254,0.948607775469));
#13896 = CARTESIAN_POINT('',(2.115942822116,0.968078284958));
#13897 = CARTESIAN_POINT('',(2.115949916186,0.973399019927));
#13898 = CARTESIAN_POINT('',(2.115833104238,0.97871897669));
#13899 = CARTESIAN_POINT('',(2.115551250193,0.984038410129));
#13900 = CARTESIAN_POINT('',(2.115055654914,0.989357813712));
#13901 = CARTESIAN_POINT('',(2.11428994916,0.994677969808));
#13902 = CARTESIAN_POINT('',(2.113189986525,1.));
#13903 = ( GEOMETRIC_REPRESENTATION_CONTEXT(2) 
PARAMETRIC_REPRESENTATION_CONTEXT() REPRESENTATION_CONTEXT('2D SPACE',''
  ) );
#13904 = ORIENTED_EDGE('',*,*,#12418,.T.);
#13905 = ADVANCED_FACE('',(#13906),#12812,.T.);
#13906 = FACE_BOUND('',#13907,.T.);
#13907 = EDGE_LOOP('',(#13908,#13952,#13981,#13982));
#13908 = ORIENTED_EDGE('',*,*,#13909,.T.);
#13909 = EDGE_CURVE('',#12878,#13910,#13912,.T.);
#13910 = VERTEX_POINT('',#13911);
#13911 = CARTESIAN_POINT('',(3.899999999993,48.000000000004,
    -5.203125000065));
#13912 = SURFACE_CURVE('',#13913,(#13916,#13922),.PCURVE_S1.);
#13913 = B_SPLINE_CURVE_WITH_KNOTS('',1,(#13914,#13915),.UNSPECIFIED.,
  .F.,.F.,(2,2),(3.,4.),.PIECEWISE_BEZIER_KNOTS.);
#13914 = CARTESIAN_POINT('',(3.9,48.,-5.046875));
#13915 = CARTESIAN_POINT('',(3.9,48.,-5.203125));
#13916 = PCURVE('',#12812,#13917);
#13917 = DEFINITIONAL_REPRESENTATION('',(#13918),#13921);
#13918 = B_SPLINE_CURVE_WITH_KNOTS('',1,(#13919,#13920),.UNSPECIFIED.,
  .F.,.F.,(2,2),(3.,4.),.PIECEWISE_BEZIER_KNOTS.);
#13919 = CARTESIAN_POINT('',(3.,0.));
#13920 = CARTESIAN_POINT('',(4.,0.));
#13921 = ( GEOMETRIC_REPRESENTATION_CONTEXT(2) 
PARAMETRIC_REPRESENTATION_CONTEXT() REPRESENTATION_CONTEXT('2D SPACE',''
  ) );
#13922 = PCURVE('',#13923,#13946);
#13923 = ( BOUNDED_SURFACE() B_SPLINE_SURFACE(1,6,(
    (#13924,#13925,#13926,#13927,#13928,#13929,#13930,#13931,#13932
      ,#13933,#13934)
    ,(#13935,#13936,#13937,#13938,#13939,#13940,#13941,#13942,#13943
      ,#13944,#13945
)),.UNSPECIFIED.,.F.,.F.,.F.) B_SPLINE_SURFACE_WITH_KNOTS((2,2),(7,4,7),
(3.,4.),(0.,0.5,1.),.UNSPECIFIED.) GEOMETRIC_REPRESENTATION_ITEM() 
RATIONAL_B_SPLINE_SURFACE((
    (1.,1.,1.,1.,1.,1.,1.,1.,1.,1.,1.)
,(1.,1.,1.,1.,1.,1.,1.,1.,1.,1.,1.
  ))) REPRESENTATION_ITEM('') SURFACE() );
#13924 = CARTESIAN_POINT('',(3.9,48.,-6.296875));
#13925 = CARTESIAN_POINT('',(3.886228200946,50.041566793252,
    -6.192708333333));
#13926 = CARTESIAN_POINT('',(2.657427919623,52.083133586504,
    -6.08854166668));
#13927 = CARTESIAN_POINT('',(-2.315383715978E-02,53.130152185752,
    -5.984374999995));
#13928 = CARTESIAN_POINT('',(-2.622080302051,52.083133586504,
    -5.880208333328));
#13929 = CARTESIAN_POINT('',(-5.177919697949,48.,-5.671875));
#13930 = CARTESIAN_POINT('',(-2.622080302051,43.916866413495,
    -5.463541666672));
#13931 = CARTESIAN_POINT('',(-2.315383715983E-02,42.869847814248,
    -5.359375000005));
#13932 = CARTESIAN_POINT('',(2.657427919623,43.916866413495,
    -5.25520833332));
#13933 = CARTESIAN_POINT('',(3.886228200946,45.958433206748,
    -5.151041666667));
#13934 = CARTESIAN_POINT('',(3.9,48.,-5.046875));
#13935 = CARTESIAN_POINT('',(3.9,48.,-6.453125));
#13936 = CARTESIAN_POINT('',(3.886228200946,50.041566793252,
    -6.348958333333));
#13937 = CARTESIAN_POINT('',(2.657427919623,52.083133586504,
    -6.24479166668));
#13938 = CARTESIAN_POINT('',(-2.315383715978E-02,53.130152185752,
    -6.140624999995));
#13939 = CARTESIAN_POINT('',(-2.622080302051,52.083133586504,
    -6.036458333328));
#13940 = CARTESIAN_POINT('',(-5.177919697949,48.,-5.828125));
#13941 = CARTESIAN_POINT('',(-2.622080302051,43.916866413495,
    -5.619791666672));
#13942 = CARTESIAN_POINT('',(-2.315383715983E-02,42.869847814248,
    -5.515625000005));
#13943 = CARTESIAN_POINT('',(2.657427919623,43.916866413495,
    -5.41145833332));
#13944 = CARTESIAN_POINT('',(3.886228200946,45.958433206748,
    -5.307291666667));
#13945 = CARTESIAN_POINT('',(3.9,48.,-5.203125));
#13946 = DEFINITIONAL_REPRESENTATION('',(#13947),#13951);
#13947 = LINE('',#13948,#13949);
#13948 = CARTESIAN_POINT('',(0.,1.));
#13949 = VECTOR('',#13950,1.);
#13950 = DIRECTION('',(1.,0.));
#13951 = ( GEOMETRIC_REPRESENTATION_CONTEXT(2) 
PARAMETRIC_REPRESENTATION_CONTEXT() REPRESENTATION_CONTEXT('2D SPACE',''
  ) );
#13952 = ORIENTED_EDGE('',*,*,#13953,.T.);
#13953 = EDGE_CURVE('',#13910,#12799,#13954,.T.);
#13954 = SURFACE_CURVE('',#13955,(#13967,#13974),.PCURVE_S1.);
#13955 = ( BOUNDED_CURVE() B_SPLINE_CURVE(6,(#13956,#13957,#13958,#13959
    ,#13960,#13961,#13962,#13963,#13964,#13965,#13966),.UNSPECIFIED.,.F.
,.F.) B_SPLINE_CURVE_WITH_KNOTS((7,4,7),(0.,0.5,1.),.UNSPECIFIED.) CURVE
() GEOMETRIC_REPRESENTATION_ITEM() RATIONAL_B_SPLINE_CURVE((1.,1.,1.,1.,
1.,1.,1.,1.,1.,1.,1.)) REPRESENTATION_ITEM('') );
#13956 = CARTESIAN_POINT('',(3.899999999985,48.000000000008,
    -5.203125000129));
#13957 = CARTESIAN_POINT('',(3.886228200926,50.04156679326,
    -5.09895833346));
#13958 = CARTESIAN_POINT('',(2.657427919599,52.083133586497,
    -4.994791666572));
#13959 = CARTESIAN_POINT('',(-2.315383717715E-02,53.130152185713,
    -4.890624999373));
#13960 = CARTESIAN_POINT('',(-2.622080302035,52.083133586434,
    -4.786458332209));
#13961 = CARTESIAN_POINT('',(-5.177919697844,47.999999999898,
    -4.578124998392));
#13962 = CARTESIAN_POINT('',(-2.622080301857,43.916866413424,
    -4.369791665553));
#13963 = CARTESIAN_POINT('',(-2.315383693315E-02,42.869847814209,
    -4.265624999384));
#13964 = CARTESIAN_POINT('',(2.657427919857,43.916866413488,
    -4.161458333212));
#13965 = CARTESIAN_POINT('',(3.886228201175,45.958433206756,
    -4.057291666794));
#13966 = CARTESIAN_POINT('',(3.900000000224,48.000000000008,
    -3.953125000129));
#13967 = PCURVE('',#12812,#13968);
#13968 = DEFINITIONAL_REPRESENTATION('',(#13969),#13973);
#13969 = LINE('',#13970,#13971);
#13970 = CARTESIAN_POINT('',(4.,0.));
#13971 = VECTOR('',#13972,1.);
#13972 = DIRECTION('',(0.,1.));
#13973 = ( GEOMETRIC_REPRESENTATION_CONTEXT(2) 
PARAMETRIC_REPRESENTATION_CONTEXT() REPRESENTATION_CONTEXT('2D SPACE',''
  ) );
#13974 = PCURVE('',#12967,#13975);
#13975 = DEFINITIONAL_REPRESENTATION('',(#13976),#13980);
#13976 = LINE('',#13977,#13978);
#13977 = CARTESIAN_POINT('',(4.,0.));
#13978 = VECTOR('',#13979,1.);
#13979 = DIRECTION('',(0.,1.));
#13980 = ( GEOMETRIC_REPRESENTATION_CONTEXT(2) 
PARAMETRIC_REPRESENTATION_CONTEXT() REPRESENTATION_CONTEXT('2D SPACE',''
  ) );
#13981 = ORIENTED_EDGE('',*,*,#12798,.F.);
#13982 = ORIENTED_EDGE('',*,*,#12921,.F.);
#13983 = ADVANCED_FACE('',(#13984),#12891,.T.);
#13984 = FACE_BOUND('',#13985,.T.);
#13985 = EDGE_LOOP('',(#13986,#13987,#14025,#14054));
#13986 = ORIENTED_EDGE('',*,*,#13455,.F.);
#13987 = ORIENTED_EDGE('',*,*,#13988,.T.);
#13988 = EDGE_CURVE('',#13428,#13989,#13991,.T.);
#13989 = VERTEX_POINT('',#13990);
#13990 = CARTESIAN_POINT('',(3.899999999821,47.999999999904,
    -6.29687499845));
#13991 = SURFACE_CURVE('',#13992,(#13995,#14002),.PCURVE_S1.);
#13992 = B_SPLINE_CURVE_WITH_KNOTS('',1,(#13993,#13994),.UNSPECIFIED.,
  .F.,.F.,(2,2),(2.,3.),.PIECEWISE_BEZIER_KNOTS.);
#13993 = CARTESIAN_POINT('',(3.223417653293,48.,-5.90625));
#13994 = CARTESIAN_POINT('',(3.9,48.,-6.296875));
#13995 = PCURVE('',#12891,#13996);
#13996 = DEFINITIONAL_REPRESENTATION('',(#13997),#14001);
#13997 = LINE('',#13998,#13999);
#13998 = CARTESIAN_POINT('',(0.,0.));
#13999 = VECTOR('',#14000,1.);
#14000 = DIRECTION('',(1.,0.));
#14001 = ( GEOMETRIC_REPRESENTATION_CONTEXT(2) 
PARAMETRIC_REPRESENTATION_CONTEXT() REPRESENTATION_CONTEXT('2D SPACE',''
  ) );
#14002 = PCURVE('',#14003,#14020);
#14003 = ( BOUNDED_SURFACE() B_SPLINE_SURFACE(1,7,(
    (#14004,#14005,#14006,#14007,#14008,#14009,#14010,#14011)
    ,(#14012,#14013,#14014,#14015,#14016,#14017,#14018,#14019
)),.UNSPECIFIED.,.F.,.F.,.F.) B_SPLINE_SURFACE_WITH_KNOTS((2,2),(8,8),(
    2.,3.),(0.,1.),.PIECEWISE_BEZIER_KNOTS.) 
GEOMETRIC_REPRESENTATION_ITEM() RATIONAL_B_SPLINE_SURFACE((
    (1.,1.,1.,1.000000000001,0.999999999999,1.,1.,1.)
    ,(1.,1.,1.,1.000000000001,0.999999999999,1.,1.,1.
))) REPRESENTATION_ITEM('') SURFACE() );
#14004 = CARTESIAN_POINT('',(3.223417651145,48.,-5.90625));
#14005 = CARTESIAN_POINT('',(3.223419934473,47.289846933239,
    -6.009846736775));
#14006 = CARTESIAN_POINT('',(3.040876624954,46.575093643623,
    -6.114114719409));
#14007 = CARTESIAN_POINT('',(2.671602107743,45.912137289831,
    -6.219038993383));
#14008 = CARTESIAN_POINT('',(2.132960681932,45.360686563395,
    -6.324601510206));
#14009 = CARTESIAN_POINT('',(1.467676949573,44.972523585154,
    -6.430780837018));
#14010 = CARTESIAN_POINT('',(0.73577651387,44.776581815162,
    -6.537551989706));
#14011 = CARTESIAN_POINT('',(3.24347059987E-10,44.776582347619,
    -6.644886378409));
#14012 = CARTESIAN_POINT('',(3.899999999642,47.999999999808,
    -6.296874996899));
#14013 = CARTESIAN_POINT('',(3.813735478098,47.140786611489,
    -6.35066561056));
#14014 = CARTESIAN_POINT('',(3.506054398524,46.320367759248,
    -6.404804756617));
#14015 = CARTESIAN_POINT('',(2.99240687358,45.607947239801,
    -6.45928466907));
#14016 = CARTESIAN_POINT('',(2.315564256901,45.066408162881,
    -6.514095978333));
#14017 = CARTESIAN_POINT('',(1.543288561446,44.73647556893,
    -6.569227553325));
#14018 = CARTESIAN_POINT('',(0.749815745132,44.625693200054,
    -6.624666423206));
#14019 = CARTESIAN_POINT('',(4.696760981645E-10,44.715074861555,
    -6.680397742045));
#14020 = DEFINITIONAL_REPRESENTATION('',(#14021),#14024);
#14021 = B_SPLINE_CURVE_WITH_KNOTS('',1,(#14022,#14023),.UNSPECIFIED.,
  .F.,.F.,(2,2),(2.113189986775,3.),.PIECEWISE_BEZIER_KNOTS.);
#14022 = CARTESIAN_POINT('',(2.113189989157,0.));
#14023 = CARTESIAN_POINT('',(3.,0.));
#14024 = ( GEOMETRIC_REPRESENTATION_CONTEXT(2) 
PARAMETRIC_REPRESENTATION_CONTEXT() REPRESENTATION_CONTEXT('2D SPACE',''
  ) );
#14025 = ORIENTED_EDGE('',*,*,#14026,.T.);
#14026 = EDGE_CURVE('',#13989,#12878,#14027,.T.);
#14027 = SURFACE_CURVE('',#14028,(#14040,#14047),.PCURVE_S1.);
#14028 = ( BOUNDED_CURVE() B_SPLINE_CURVE(6,(#14029,#14030,#14031,#14032
    ,#14033,#14034,#14035,#14036,#14037,#14038,#14039),.UNSPECIFIED.,.F.
,.F.) B_SPLINE_CURVE_WITH_KNOTS((7,4,7),(0.,0.5,1.),.UNSPECIFIED.) CURVE
() GEOMETRIC_REPRESENTATION_ITEM() RATIONAL_B_SPLINE_CURVE((1.,1.,1.,1.,
1.,1.,1.,1.,1.,1.,1.)) REPRESENTATION_ITEM('') );
#14029 = CARTESIAN_POINT('',(3.9,48.,-6.296875));
#14030 = CARTESIAN_POINT('',(3.886228200946,50.041566793252,
    -6.192708333333));
#14031 = CARTESIAN_POINT('',(2.657427919623,52.083133586504,
    -6.08854166668));
#14032 = CARTESIAN_POINT('',(-2.315383715978E-02,53.130152185752,
    -5.984374999995));
#14033 = CARTESIAN_POINT('',(-2.622080302051,52.083133586504,
    -5.880208333328));
#14034 = CARTESIAN_POINT('',(-5.177919697949,48.,-5.671875));
#14035 = CARTESIAN_POINT('',(-2.622080302051,43.916866413495,
    -5.463541666672));
#14036 = CARTESIAN_POINT('',(-2.315383715983E-02,42.869847814248,
    -5.359375000005));
#14037 = CARTESIAN_POINT('',(2.657427919623,43.916866413495,
    -5.25520833332));
#14038 = CARTESIAN_POINT('',(3.886228200946,45.958433206748,
    -5.151041666667));
#14039 = CARTESIAN_POINT('',(3.9,48.,-5.046875));
#14040 = PCURVE('',#12891,#14041);
#14041 = DEFINITIONAL_REPRESENTATION('',(#14042),#14046);
#14042 = LINE('',#14043,#14044);
#14043 = CARTESIAN_POINT('',(3.,0.));
#14044 = VECTOR('',#14045,1.);
#14045 = DIRECTION('',(0.,1.));
#14046 = ( GEOMETRIC_REPRESENTATION_CONTEXT(2) 
PARAMETRIC_REPRESENTATION_CONTEXT() REPRESENTATION_CONTEXT('2D SPACE',''
  ) );
#14047 = PCURVE('',#13923,#14048);
#14048 = DEFINITIONAL_REPRESENTATION('',(#14049),#14053);
#14049 = LINE('',#14050,#14051);
#14050 = CARTESIAN_POINT('',(3.,0.));
#14051 = VECTOR('',#14052,1.);
#14052 = DIRECTION('',(0.,1.));
#14053 = ( GEOMETRIC_REPRESENTATION_CONTEXT(2) 
PARAMETRIC_REPRESENTATION_CONTEXT() REPRESENTATION_CONTEXT('2D SPACE',''
  ) );
#14054 = ORIENTED_EDGE('',*,*,#12877,.F.);
#14055 = ADVANCED_FACE('',(#14056),#12967,.T.);
#14056 = FACE_BOUND('',#14057,.T.);
#14057 = EDGE_LOOP('',(#14058,#14059,#14101,#14102));
#14058 = ORIENTED_EDGE('',*,*,#13953,.F.);
#14059 = ORIENTED_EDGE('',*,*,#14060,.T.);
#14060 = EDGE_CURVE('',#13910,#13003,#14061,.T.);
#14061 = SURFACE_CURVE('',#14062,(#14065,#14071),.PCURVE_S1.);
#14062 = B_SPLINE_CURVE_WITH_KNOTS('',1,(#14063,#14064),.UNSPECIFIED.,
  .F.,.F.,(2,2),(4.,5.),.PIECEWISE_BEZIER_KNOTS.);
#14063 = CARTESIAN_POINT('',(3.9,48.,-5.203125));
#14064 = CARTESIAN_POINT('',(3.223417653293,48.,-5.59375));
#14065 = PCURVE('',#12967,#14066);
#14066 = DEFINITIONAL_REPRESENTATION('',(#14067),#14070);
#14067 = B_SPLINE_CURVE_WITH_KNOTS('',1,(#14068,#14069),.UNSPECIFIED.,
  .F.,.F.,(2,2),(4.,4.886810013365),.PIECEWISE_BEZIER_KNOTS.);
#14068 = CARTESIAN_POINT('',(4.,0.));
#14069 = CARTESIAN_POINT('',(4.886810013365,0.));
#14070 = ( GEOMETRIC_REPRESENTATION_CONTEXT(2) 
PARAMETRIC_REPRESENTATION_CONTEXT() REPRESENTATION_CONTEXT('2D SPACE',''
  ) );
#14071 = PCURVE('',#14072,#14095);
#14072 = ( BOUNDED_SURFACE() B_SPLINE_SURFACE(1,6,(
    (#14073,#14074,#14075,#14076,#14077,#14078,#14079,#14080,#14081
      ,#14082,#14083)
    ,(#14084,#14085,#14086,#14087,#14088,#14089,#14090,#14091,#14092
      ,#14093,#14094
)),.UNSPECIFIED.,.F.,.F.,.F.) B_SPLINE_SURFACE_WITH_KNOTS((2,2),(7,4,7),
(4.,5.),(0.,0.5,1.),.UNSPECIFIED.) GEOMETRIC_REPRESENTATION_ITEM() 
RATIONAL_B_SPLINE_SURFACE((
    (1.,1.,1.,1.,1.,1.,1.,1.,1.,1.,1.)
,(1.,1.,1.,1.,1.,1.,1.,1.,1.,1.,1.
  ))) REPRESENTATION_ITEM('') SURFACE() );
#14073 = CARTESIAN_POINT('',(3.9,48.,-6.453125));
#14074 = CARTESIAN_POINT('',(3.886228200946,50.041566793252,
    -6.348958333333));
#14075 = CARTESIAN_POINT('',(2.657427919623,52.083133586504,
    -6.24479166668));
#14076 = CARTESIAN_POINT('',(-2.315383715978E-02,53.130152185752,
    -6.140624999995));
#14077 = CARTESIAN_POINT('',(-2.622080302051,52.083133586504,
    -6.036458333328));
#14078 = CARTESIAN_POINT('',(-5.177919697949,48.,-5.828125));
#14079 = CARTESIAN_POINT('',(-2.622080302051,43.916866413495,
    -5.619791666672));
#14080 = CARTESIAN_POINT('',(-2.315383715983E-02,42.869847814248,
    -5.515625000005));
#14081 = CARTESIAN_POINT('',(2.657427919623,43.916866413495,
    -5.41145833332));
#14082 = CARTESIAN_POINT('',(3.886228200946,45.958433206748,
    -5.307291666667));
#14083 = CARTESIAN_POINT('',(3.9,48.,-5.203125));
#14084 = CARTESIAN_POINT('',(3.223417653293,48.,-6.84375));
#14085 = CARTESIAN_POINT('',(3.212035022335,49.687390369637,
    -6.739583333333));
#14086 = CARTESIAN_POINT('',(2.196410274305,51.374780739275,
    -6.63541666668));
#14087 = CARTESIAN_POINT('',(-1.913704829795E-02,52.240159774409,
    -6.531249999995));
#14088 = CARTESIAN_POINT('',(-2.167194854846,51.374780739275,
    -6.427083333328));
#14089 = CARTESIAN_POINT('',(-4.27964045174,48.,-6.21875));
#14090 = CARTESIAN_POINT('',(-2.167194854847,44.625219260725,
    -6.010416666672));
#14091 = CARTESIAN_POINT('',(-1.913704829799E-02,43.759840225591,
    -5.906250000005));
#14092 = CARTESIAN_POINT('',(2.196410274305,44.625219260725,
    -5.80208333332));
#14093 = CARTESIAN_POINT('',(3.212035022335,46.312609630363,
    -5.697916666667));
#14094 = CARTESIAN_POINT('',(3.223417653293,48.,-5.59375));
#14095 = DEFINITIONAL_REPRESENTATION('',(#14096),#14100);
#14096 = LINE('',#14097,#14098);
#14097 = CARTESIAN_POINT('',(0.,1.));
#14098 = VECTOR('',#14099,1.);
#14099 = DIRECTION('',(1.,0.));
#14100 = ( GEOMETRIC_REPRESENTATION_CONTEXT(2) 
PARAMETRIC_REPRESENTATION_CONTEXT() REPRESENTATION_CONTEXT('2D SPACE',''
  ) );
#14101 = ORIENTED_EDGE('',*,*,#13002,.T.);
#14102 = ORIENTED_EDGE('',*,*,#12955,.F.);
#14103 = ADVANCED_FACE('',(#14104),#13443,.T.);
#14104 = FACE_BOUND('',#14105,.T.);
#14105 = EDGE_LOOP('',(#14106,#14486,#14509,#14536,#14537,#14790,#14836,
    #15070));
#14106 = ORIENTED_EDGE('',*,*,#14107,.F.);
#14107 = EDGE_CURVE('',#14108,#13003,#14110,.T.);
#14108 = VERTEX_POINT('',#14109);
#14109 = CARTESIAN_POINT('',(3.3,47.999999999994,-6.799535161905));
#14110 = SURFACE_CURVE('',#14111,(#14234,#14360),.PCURVE_S1.);
#14111 = B_SPLINE_CURVE_WITH_KNOTS('',6,(#14112,#14113,#14114,#14115,
    #14116,#14117,#14118,#14119,#14120,#14121,#14122,#14123,#14124,
    #14125,#14126,#14127,#14128,#14129,#14130,#14131,#14132,#14133,
    #14134,#14135,#14136,#14137,#14138,#14139,#14140,#14141,#14142,
    #14143,#14144,#14145,#14146,#14147,#14148,#14149,#14150,#14151,
    #14152,#14153,#14154,#14155,#14156,#14157,#14158,#14159,#14160,
    #14161,#14162,#14163,#14164,#14165,#14166,#14167,#14168,#14169,
    #14170,#14171,#14172,#14173,#14174,#14175,#14176,#14177,#14178,
    #14179,#14180,#14181,#14182,#14183,#14184,#14185,#14186,#14187,
    #14188,#14189,#14190,#14191,#14192,#14193,#14194,#14195,#14196,
    #14197,#14198,#14199,#14200,#14201,#14202,#14203,#14204,#14205,
    #14206,#14207,#14208,#14209,#14210,#14211,#14212,#14213,#14214,
    #14215,#14216,#14217,#14218,#14219,#14220,#14221,#14222,#14223,
    #14224,#14225,#14226,#14227,#14228,#14229,#14230,#14231,#14232,
    #14233),.UNSPECIFIED.,.F.,.F.,(7,5,5,5,5,5,5,5,5,5,5,5,5,5,5,5,5,5,5
    ,5,5,5,5,5,7),(0.,2.602584446329E-02,3.868776791199E-02,
    9.167297514223E-02,0.114660985097,0.131655747024,0.232165116044,
    0.254260824925,0.302045476025,0.326977787691,0.363977503052,
    0.451718707917,0.481121484616,0.501117670892,0.519956779257,
    0.550375765285,0.635110399464,0.656915104042,0.701727173836,
    0.766686698201,0.825285622417,0.866058058065,0.933934416262,
    0.965940905557,1.),.UNSPECIFIED.);
#14112 = CARTESIAN_POINT('',(3.3,48.,-6.799535161514));
#14113 = CARTESIAN_POINT('',(3.3,48.089893036177,-6.793764529472));
#14114 = CARTESIAN_POINT('',(3.297061491815,48.179798971594,
    -6.788084659687));
#14115 = CARTESIAN_POINT('',(3.291183059775,48.269594424181,
    -6.782479801264));
#14116 = CARTESIAN_POINT('',(3.282370229303,48.35915703953,
    -6.776936072669));
#14117 = CARTESIAN_POINT('',(3.270635466911,48.448365490891,
    -6.771441461729));
#14118 = CARTESIAN_POINT('',(3.248876943305,48.580269758189,
    -6.763331585268));
#14119 = CARTESIAN_POINT('',(3.241068674269,48.623327778602,
    -6.760686564813));
#14120 = CARTESIAN_POINT('',(3.232575603495,48.66625967359,
    -6.758049596043));
#14121 = CARTESIAN_POINT('',(3.223400321987,48.709051703117,
    -6.755419604687));
#14122 = CARTESIAN_POINT('',(3.213545781358,48.751690253942,
    -6.752795610413));
#14123 = CARTESIAN_POINT('',(3.158949313945,48.971888847467,
    -6.73921772131));
#14124 = CARTESIAN_POINT('',(3.103045602064,49.146695279061,
    -6.728348032429));
#14125 = CARTESIAN_POINT('',(3.035551143663,49.317578902596,
    -6.717503225075));
#14126 = CARTESIAN_POINT('',(2.956819235701,49.483583580635,
    -6.706646702465));
#14127 = CARTESIAN_POINT('',(2.867307123673,49.643800471645,
    -6.695761965098));
#14128 = CARTESIAN_POINT('',(2.724303555085,49.863996133011,
    -6.680108410021));
#14129 = CARTESIAN_POINT('',(2.679108993856,49.92937253064,
    -6.675365775402));
#14130 = CARTESIAN_POINT('',(2.632035284655,49.993428778545,
    -6.670616643308));
#14131 = CARTESIAN_POINT('',(2.583130916674,50.056097667897,
    -6.665860969637));
#14132 = CARTESIAN_POINT('',(2.532447538629,50.117314426915,
    -6.661098988725));
#14133 = CARTESIAN_POINT('',(2.441295659238,50.221153915624,
    -6.652806453789));
#14134 = CARTESIAN_POINT('',(2.40160896071,50.264463431634,
    -6.649278509664));
#14135 = CARTESIAN_POINT('',(2.36100198758,50.306920108581,
    -6.645747572538));
#14136 = CARTESIAN_POINT('',(2.319497710698,50.348499620372,
    -6.642213864002));
#14137 = CARTESIAN_POINT('',(2.277119947358,50.389178475137,
    -6.638677635665));
#14138 = CARTESIAN_POINT('',(1.978245361736,50.664053769605,
    -6.614212189549));
#14139 = CARTESIAN_POINT('',(1.692817819581,50.866961028918,
    -6.593199325053));
#14140 = CARTESIAN_POINT('',(1.382873988252,51.032748704591,
    -6.57217395272));
#14141 = CARTESIAN_POINT('',(1.054460130697,51.158040618758,
    -6.551192402891));
#14142 = CARTESIAN_POINT('',(0.714095125397,51.240479131546,
    -6.530232294331));
#14143 = CARTESIAN_POINT('',(0.293067534044,51.287847565107,
    -6.504693325422));
#14144 = CARTESIAN_POINT('',(0.216953325203,51.294277476805,
    -6.500091515159));
#14145 = CARTESIAN_POINT('',(0.140675212716,51.298592373996,
    -6.495490317394));
#14146 = CARTESIAN_POINT('',(6.43066541984E-02,51.300787410616,
    -6.49088955623));
#14147 = CARTESIAN_POINT('',(-1.207875993811E-02,51.300861150516,
    -6.486289052958));
#14148 = CARTESIAN_POINT('',(-0.253477048564,51.294391745952,
    -6.471739644754));
#14149 = CARTESIAN_POINT('',(-0.41828403658,51.280055706966,
    -6.461790873366));
#14150 = CARTESIAN_POINT('',(-0.582077866061,51.255827925451,
    -6.451840884009));
#14151 = CARTESIAN_POINT('',(-0.744119789442,51.221802650463,
    -6.441888235182));
#14152 = CARTESIAN_POINT('',(-0.903684275016,51.178147566321,
    -6.431932304963));
#14153 = CARTESIAN_POINT('',(-1.141652088089,51.097426944325,
    -6.416778303777));
#14154 = CARTESIAN_POINT('',(-1.222376558557,51.067194138419,
    -6.411581811006));
#14155 = CARTESIAN_POINT('',(-1.302133612939,51.034439101189,
    -6.406384739564));
#14156 = CARTESIAN_POINT('',(-1.380825071991,50.999200965416,
    -6.401187226609));
#14157 = CARTESIAN_POINT('',(-1.458354941574,50.961523931507,
    -6.39598945279));
#14158 = CARTESIAN_POINT('',(-1.647821232055,50.861998073192,
    -6.383078057027));
#14159 = CARTESIAN_POINT('',(-1.758249330868,50.797275673264,
    -6.375364315702));
#14160 = CARTESIAN_POINT('',(-1.865606205316,50.727451712002,
    -6.367651241993));
#14161 = CARTESIAN_POINT('',(-1.96959945291,50.652709943752,
    -6.35993953882));
#14162 = CARTESIAN_POINT('',(-2.069951772453,50.573256232913,
    -6.352229788289));
#14163 = CARTESIAN_POINT('',(-2.395120785137,50.290268560871,
    -6.326245257079));
#14164 = CARTESIAN_POINT('',(-2.601941868952,50.065958834102,
    -6.307977700245));
#14165 = CARTESIAN_POINT('',(-2.783267346874,49.819486905356,
    -6.289731610537));
#14166 = CARTESIAN_POINT('',(-2.936288084955,49.55451011736,
    -6.271498726698));
#14167 = CARTESIAN_POINT('',(-3.058779012384,49.27507025499,
    -6.253240063053));
#14168 = CARTESIAN_POINT('',(-3.179695827098,48.888739726785,
    -6.228832699833));
#14169 = CARTESIAN_POINT('',(-3.206462809633,48.790650592435,
    -6.222703639068));
#14170 = CARTESIAN_POINT('',(-3.229595114655,48.691606270334,
    -6.216571342817));
#14171 = CARTESIAN_POINT('',(-3.249051279723,48.59177507086,
    -6.21043614724));
#14172 = CARTESIAN_POINT('',(-3.264800293868,48.491327434677,
    -6.204299071982));
#14173 = CARTESIAN_POINT('',(-3.284997023704,48.321821825749,
    -6.193988009252));
#14174 = CARTESIAN_POINT('',(-3.29144838061,48.253002260451,
    -6.189814183444));
#14175 = CARTESIAN_POINT('',(-3.29616921723,48.184031419472,
    -6.18564078717));
#14176 = CARTESIAN_POINT('',(-3.299155354198,48.114963570064,
    -6.181468798756));
#14177 = CARTESIAN_POINT('',(-3.30040487666,48.045853086451,
    -6.177299394379));
#14178 = CARTESIAN_POINT('',(-3.299459543232,47.911654244357,
    -6.169208882346));
#14179 = CARTESIAN_POINT('',(-3.297459810313,47.846564508189,
    -6.165287011688));
#14180 = CARTESIAN_POINT('',(-3.293919229168,47.781531071063,
    -6.161366959811));
#14181 = CARTESIAN_POINT('',(-3.288839907385,47.716599587979,
    -6.157447895567));
#14182 = CARTESIAN_POINT('',(-3.282225759304,47.651815561542,
    -6.153529196883));
#14183 = CARTESIAN_POINT('',(-3.26093382065,47.482930690288,
    -6.14328296004));
#14184 = CARTESIAN_POINT('',(-3.243798431306,47.379139349857,
    -6.136955236049));
#14185 = CARTESIAN_POINT('',(-3.222700521329,47.276041700355,
    -6.130625679934));
#14186 = CARTESIAN_POINT('',(-3.197676217556,47.173826374611,
    -6.124293399929));
#14187 = CARTESIAN_POINT('',(-3.168773590302,47.072679258613,
    -6.117958211356));
#14188 = CARTESIAN_POINT('',(-3.044905742058,46.694515462629,
    -6.093966791219));
#14189 = CARTESIAN_POINT('',(-2.924113563438,46.425904975271,
    -6.076290612965));
#14190 = CARTESIAN_POINT('',(-2.774986248965,46.171012039598,
    -6.058605564358));
#14191 = CARTESIAN_POINT('',(-2.599544927206,45.933461005562,
    -6.040934011111));
#14192 = CARTESIAN_POINT('',(-2.400324088074,45.716540901237,
    -6.023271830471));
#14193 = CARTESIAN_POINT('',(-2.123982757133,45.473267942787,
    -6.001078981396));
#14194 = CARTESIAN_POINT('',(-2.066061440575,45.42502841879,
    -5.996537460866));
#14195 = CARTESIAN_POINT('',(-2.006828984524,45.378385299073,
    -5.991996389046));
#14196 = CARTESIAN_POINT('',(-1.946340561906,45.333382860793,
    -5.987455655254));
#14197 = CARTESIAN_POINT('',(-1.88465330116,45.2900628037,
    -5.982915133096));
#14198 = CARTESIAN_POINT('',(-1.69270696856,45.162972732529,
    -5.969043341942));
#14199 = CARTESIAN_POINT('',(-1.558771653937,45.084751076764,
    -5.959712185796));
#14200 = CARTESIAN_POINT('',(-1.420536182465,45.014140529933,
    -5.950380298345));
#14201 = CARTESIAN_POINT('',(-1.278542176614,44.951430667256,
    -5.941046450827));
#14202 = CARTESIAN_POINT('',(-1.133356006278,44.89685893371,
    -5.931709889076));
#14203 = CARTESIAN_POINT('',(-0.771334074563,44.783568054172,
    -5.90883365899));
#14204 = CARTESIAN_POINT('',(-0.551615098002,44.734009555587,
    -5.895290449881));
#14205 = CARTESIAN_POINT('',(-0.328223299103,44.702506024462,
    -5.88174381855));
#14206 = CARTESIAN_POINT('',(-0.103004627322,44.689356116731,
    -5.868196598356));
#14207 = CARTESIAN_POINT('',(0.122172578416,44.694630889301,
    -5.854654430418));
#14208 = CARTESIAN_POINT('',(0.546806077207,44.739323825394,
    -5.828916300098));
#14209 = CARTESIAN_POINT('',(0.746641569814,44.775350277898,
    -5.816717195212));
#14210 = CARTESIAN_POINT('',(0.943542243013,44.826064010282,
    -5.804529422197));
#14211 = CARTESIAN_POINT('',(1.13617205065,44.891148986361,
    -5.792353697223));
#14212 = CARTESIAN_POINT('',(1.323238507128,44.970140653355,
    -5.780185739374));
#14213 = CARTESIAN_POINT('',(1.628929865278,45.126597793662,
    -5.759553022069));
#14214 = CARTESIAN_POINT('',(1.751068195291,45.197219791806,
    -5.751087455202));
#14215 = CARTESIAN_POINT('',(1.869504226515,45.274056628948,
    -5.74261959633));
#14216 = CARTESIAN_POINT('',(1.983845404964,45.356862972682,-5.734145615
    ));
#14217 = CARTESIAN_POINT('',(2.093721580864,45.445360762813,
    -5.725661272986));
#14218 = CARTESIAN_POINT('',(2.373692155851,45.69552541798,
    -5.703015251915));
#14219 = CARTESIAN_POINT('',(2.535277959015,45.866738224911,
    -5.688827549092));
#14220 = CARTESIAN_POINT('',(2.681919840136,46.051432780613,
    -5.674585087402));
#14221 = CARTESIAN_POINT('',(2.812257504718,46.247963256982,
    -5.660273044816));
#14222 = CARTESIAN_POINT('',(2.925152530526,46.454526563451,
    -5.645899702295));
#14223 = CARTESIAN_POINT('',(3.06433788887,46.770339956719,
    -5.624752374744));
#14224 = CARTESIAN_POINT('',(3.104868885336,46.873333290856,
    -5.617976205416));
#14225 = CARTESIAN_POINT('',(3.141240141566,46.977916027787,
    -5.611206759811));
#14226 = CARTESIAN_POINT('',(3.173375598612,47.083879010715,
    -5.604452973943));
#14227 = CARTESIAN_POINT('',(3.201213220507,47.191008755801,
    -5.597726764923));
#14228 = CARTESIAN_POINT('',(3.249703198624,47.414097820098,
    -5.583931658442));
#14229 = CARTESIAN_POINT('',(3.269780473688,47.530183552834,
    -5.576868400099));
#14230 = CARTESIAN_POINT('',(3.284878819179,47.647082722283,
    -5.569872191679));
#14231 = CARTESIAN_POINT('',(3.294958902197,47.764530550397,
    -5.562965804061));
#14232 = CARTESIAN_POINT('',(3.3,47.882259645041,-5.556176325478));
#14233 = CARTESIAN_POINT('',(3.3,48.,-5.549535161514));
#14234 = PCURVE('',#13443,#14235);
#14235 = DEFINITIONAL_REPRESENTATION('',(#14236),#14359);
#14236 = B_SPLINE_CURVE_WITH_KNOTS('',6,(#14237,#14238,#14239,#14240,
    #14241,#14242,#14243,#14244,#14245,#14246,#14247,#14248,#14249,
    #14250,#14251,#14252,#14253,#14254,#14255,#14256,#14257,#14258,
    #14259,#14260,#14261,#14262,#14263,#14264,#14265,#14266,#14267,
    #14268,#14269,#14270,#14271,#14272,#14273,#14274,#14275,#14276,
    #14277,#14278,#14279,#14280,#14281,#14282,#14283,#14284,#14285,
    #14286,#14287,#14288,#14289,#14290,#14291,#14292,#14293,#14294,
    #14295,#14296,#14297,#14298,#14299,#14300,#14301,#14302,#14303,
    #14304,#14305,#14306,#14307,#14308,#14309,#14310,#14311,#14312,
    #14313,#14314,#14315,#14316,#14317,#14318,#14319,#14320,#14321,
    #14322,#14323,#14324,#14325,#14326,#14327,#14328,#14329,#14330,
    #14331,#14332,#14333,#14334,#14335,#14336,#14337,#14338,#14339,
    #14340,#14341,#14342,#14343,#14344,#14345,#14346,#14347,#14348,
    #14349,#14350,#14351,#14352,#14353,#14354,#14355,#14356,#14357,
    #14358),.UNSPECIFIED.,.F.,.F.,(7,5,5,5,5,5,5,5,5,5,5,5,5,5,5,5,5,5,5
    ,5,5,5,5,5,7),(0.,2.602584446329E-02,3.868776791199E-02,
    9.167297514223E-02,0.114660985097,0.131655747024,0.232165116044,
    0.254260824925,0.302045476025,0.326977787691,0.363977503052,
    0.451718707917,0.481121484616,0.501117670892,0.519956779257,
    0.550375765285,0.635110399464,0.656915104042,0.701727173836,
    0.766686698201,0.825285622417,0.866058058065,0.933934416262,
    0.965940905557,1.),.UNSPECIFIED.);
#14237 = CARTESIAN_POINT('',(0.,0.600464838486));
#14238 = CARTESIAN_POINT('',(2.724031399295E-02,0.606235470528));
#14239 = CARTESIAN_POINT('',(5.448449940511E-02,0.611915340313));
#14240 = CARTESIAN_POINT('',(8.173166484399E-02,0.617520198736));
#14241 = CARTESIAN_POINT('',(0.108981090064,0.623063927331));
#14242 = CARTESIAN_POINT('',(0.136232225968,0.628558538271));
#14243 = CARTESIAN_POINT('',(0.176743387215,0.636668414732));
#14244 = CARTESIAN_POINT('',(0.190002399417,0.639313435187));
#14245 = CARTESIAN_POINT('',(0.203261673452,0.641950403957));
#14246 = CARTESIAN_POINT('',(0.216521167868,0.644580395313));
#14247 = CARTESIAN_POINT('',(0.229780857509,0.647204389587));
#14248 = CARTESIAN_POINT('',(0.298528138843,0.66078227869));
#14249 = CARTESIAN_POINT('',(0.354019810303,0.671651967571));
#14250 = CARTESIAN_POINT('',(0.409510470302,0.682496774925));
#14251 = CARTESIAN_POINT('',(0.465000748247,0.693353297535));
#14252 = CARTESIAN_POINT('',(0.520491892604,0.704238034902));
#14253 = CARTESIAN_POINT('',(0.600054603525,0.719891589979));
#14254 = CARTESIAN_POINT('',(0.624128535459,0.724634224598));
#14255 = CARTESIAN_POINT('',(0.648202264224,0.729383356692));
#14256 = CARTESIAN_POINT('',(0.672275783855,0.734139030363));
#14257 = CARTESIAN_POINT('',(0.696349096959,0.738901011275));
#14258 = CARTESIAN_POINT('',(0.738219183907,0.747193546211));
#14259 = CARTESIAN_POINT('',(0.756016052129,0.750721490336));
#14260 = CARTESIAN_POINT('',(0.773812824442,0.754252427462));
#14261 = CARTESIAN_POINT('',(0.79160950696,0.757786135998));
#14262 = CARTESIAN_POINT('',(0.809406106847,0.761322364335));
#14263 = CARTESIAN_POINT('',(0.932453741631,0.785787810451));
#14264 = CARTESIAN_POINT('',(1.037738276915,0.806800674947));
#14265 = CARTESIAN_POINT('',(1.142980290333,0.82782604728));
#14266 = CARTESIAN_POINT('',(1.248223398845,0.848807597109));
#14267 = CARTESIAN_POINT('',(1.353509770524,0.869767705669));
#14268 = CARTESIAN_POINT('',(1.481898814701,0.895306674578));
#14269 = CARTESIAN_POINT('',(1.505036948682,0.899908484841));
#14270 = CARTESIAN_POINT('',(1.52817511022,0.904509682606));
#14271 = CARTESIAN_POINT('',(1.551313283805,0.90911044377));
#14272 = CARTESIAN_POINT('',(1.57445145797,0.913710947042));
#14273 = CARTESIAN_POINT('',(1.647628719229,0.928260355246));
#14274 = CARTESIAN_POINT('',(1.697668693381,0.938209126634));
#14275 = CARTESIAN_POINT('',(1.747707583923,0.948159115991));
#14276 = CARTESIAN_POINT('',(1.797746384012,0.958111764818));
#14277 = CARTESIAN_POINT('',(1.847786109775,0.968067695037));
#14278 = CARTESIAN_POINT('',(1.923933289091,0.983221696223));
#14279 = CARTESIAN_POINT('',(1.950041704341,0.988418188994));
#14280 = CARTESIAN_POINT('',(1.976150107214,0.993615260436));
#14281 = CARTESIAN_POINT('',(2.002258495642,0.998812773391));
#14282 = CARTESIAN_POINT('',(2.028366870338,1.00401054721));
#14283 = CARTESIAN_POINT('',(2.09322022027,1.016921942973));
#14284 = CARTESIAN_POINT('',(2.131965291098,1.024635684298));
#14285 = CARTESIAN_POINT('',(2.170710432219,1.032348758007));
#14286 = CARTESIAN_POINT('',(2.20945562427,1.04006046118));
#14287 = CARTESIAN_POINT('',(2.248200843588,1.047770211711));
#14288 = CARTESIAN_POINT('',(2.378826557267,1.073754742921));
#14289 = CARTESIAN_POINT('',(2.470725983241,1.092022299755));
#14290 = CARTESIAN_POINT('',(2.562604414009,1.110268389463));
#14291 = CARTESIAN_POINT('',(2.65448315107,1.128501273302));
#14292 = CARTESIAN_POINT('',(2.74638300641,1.146759936947));
#14293 = CARTESIAN_POINT('',(2.86905308403,1.171167300167));
#14294 = CARTESIAN_POINT('',(2.899842836059,1.177296360932));
#14295 = CARTESIAN_POINT('',(2.930632491569,1.183428657183));
#14296 = CARTESIAN_POINT('',(2.961422042427,1.18956385276));
#14297 = CARTESIAN_POINT('',(2.992211511207,1.195700928018));
#14298 = CARTESIAN_POINT('',(3.043940176891,1.206011990748));
#14299 = CARTESIAN_POINT('',(3.064879412844,1.210185816556));
#14300 = CARTESIAN_POINT('',(3.085818649605,1.21435921283));
#14301 = CARTESIAN_POINT('',(3.106757933622,1.218531201244));
#14302 = CARTESIAN_POINT('',(3.127697317655,1.222700605621));
#14303 = CARTESIAN_POINT('',(3.168364642396,1.230791117654));
#14304 = CARTESIAN_POINT('',(3.188092577545,1.234712988312));
#14305 = CARTESIAN_POINT('',(3.207820575071,1.238633040189));
#14306 = CARTESIAN_POINT('',(3.227548603544,1.242552104433));
#14307 = CARTESIAN_POINT('',(3.24727664167,1.246470803117));
#14308 = CARTESIAN_POINT('',(3.298858992128,1.25671703996));
#14309 = CARTESIAN_POINT('',(3.330713327376,1.263044763951));
#14310 = CARTESIAN_POINT('',(3.362567622548,1.269374320066));
#14311 = CARTESIAN_POINT('',(3.394421833832,1.275706600071));
#14312 = CARTESIAN_POINT('',(3.426275935083,1.282041788644));
#14313 = CARTESIAN_POINT('',(3.546861855596,1.306033208781));
#14314 = CARTESIAN_POINT('',(3.635608731268,1.323709387035));
#14315 = CARTESIAN_POINT('',(3.724337118653,1.341394435642));
#14316 = CARTESIAN_POINT('',(3.813065878509,1.359065988889));
#14317 = CARTESIAN_POINT('',(3.901813230839,1.376728169529));
#14318 = CARTESIAN_POINT('',(4.013378710054,1.398921018604));
#14319 = CARTESIAN_POINT('',(4.036212121515,1.403462539134));
#14320 = CARTESIAN_POINT('',(4.059045554928,1.408003610954));
#14321 = CARTESIAN_POINT('',(4.081878996797,1.412544344746));
#14322 = CARTESIAN_POINT('',(4.104712438003,1.417084866904));
#14323 = CARTESIAN_POINT('',(4.17447214678,1.430956658058));
#14324 = CARTESIAN_POINT('',(4.221399062077,1.440287814204));
#14325 = CARTESIAN_POINT('',(4.268325191257,1.449619701655));
#14326 = CARTESIAN_POINT('',(4.31525125242,1.458953549173));
#14327 = CARTESIAN_POINT('',(4.362177976203,1.468290110924));
#14328 = CARTESIAN_POINT('',(4.47712784048,1.49116634101));
#14329 = CARTESIAN_POINT('',(4.545155710628,1.504709550119));
#14330 = CARTESIAN_POINT('',(4.613178571879,1.51825618145));
#14331 = CARTESIAN_POINT('',(4.681201436192,1.531803401644));
#14332 = CARTESIAN_POINT('',(4.749229386481,1.545345569582));
#14333 = CARTESIAN_POINT('',(4.878616962378,1.571083699902));
#14334 = CARTESIAN_POINT('',(4.939983221629,1.583282804788));
#14335 = CARTESIAN_POINT('',(5.001346925698,1.595470577803));
#14336 = CARTESIAN_POINT('',(5.062711017006,1.607646302777));
#14337 = CARTESIAN_POINT('',(5.12407831892,1.619814260626));
#14338 = CARTESIAN_POINT('',(5.228140020614,1.640446977931));
#14339 = CARTESIAN_POINT('',(5.270837325963,1.648912544798));
#14340 = CARTESIAN_POINT('',(5.313534071747,1.65738040367));
#14341 = CARTESIAN_POINT('',(5.356230608339,1.665854385));
#14342 = CARTESIAN_POINT('',(5.3989272684,1.674338727014));
#14343 = CARTESIAN_POINT('',(5.512701276978,1.696984748085));
#14344 = CARTESIAN_POINT('',(5.583783335941,1.711172450908));
#14345 = CARTESIAN_POINT('',(5.654857360455,1.725414912598));
#14346 = CARTESIAN_POINT('',(5.725929083681,1.739726955184));
#14347 = CARTESIAN_POINT('',(5.797004725074,1.754100297705));
#14348 = CARTESIAN_POINT('',(5.901587793996,1.775247625256));
#14349 = CARTESIAN_POINT('',(5.935100545863,1.782023794584));
#14350 = CARTESIAN_POINT('',(5.968613420554,1.788793240189));
#14351 = CARTESIAN_POINT('',(6.002126870837,1.795547026057));
#14352 = CARTESIAN_POINT('',(6.035641430691,1.802273235077));
#14353 = CARTESIAN_POINT('',(6.104822663906,1.816068341558));
#14354 = CARTESIAN_POINT('',(6.140489639315,1.823131599901));
#14355 = CARTESIAN_POINT('',(6.176158923131,1.830127808321));
#14356 = CARTESIAN_POINT('',(6.211831045014,1.837034195939));
#14357 = CARTESIAN_POINT('',(6.247506411737,1.843823674522));
#14358 = CARTESIAN_POINT('',(6.28318530718,1.850464838486));
#14359 = ( GEOMETRIC_REPRESENTATION_CONTEXT(2) 
PARAMETRIC_REPRESENTATION_CONTEXT() REPRESENTATION_CONTEXT('2D SPACE',''
  ) );
#14360 = PCURVE('',#14072,#14361);
#14361 = DEFINITIONAL_REPRESENTATION('',(#14362),#14485);
#14362 = B_SPLINE_CURVE_WITH_KNOTS('',6,(#14363,#14364,#14365,#14366,
    #14367,#14368,#14369,#14370,#14371,#14372,#14373,#14374,#14375,
    #14376,#14377,#14378,#14379,#14380,#14381,#14382,#14383,#14384,
    #14385,#14386,#14387,#14388,#14389,#14390,#14391,#14392,#14393,
    #14394,#14395,#14396,#14397,#14398,#14399,#14400,#14401,#14402,
    #14403,#14404,#14405,#14406,#14407,#14408,#14409,#14410,#14411,
    #14412,#14413,#14414,#14415,#14416,#14417,#14418,#14419,#14420,
    #14421,#14422,#14423,#14424,#14425,#14426,#14427,#14428,#14429,
    #14430,#14431,#14432,#14433,#14434,#14435,#14436,#14437,#14438,
    #14439,#14440,#14441,#14442,#14443,#14444,#14445,#14446,#14447,
    #14448,#14449,#14450,#14451,#14452,#14453,#14454,#14455,#14456,
    #14457,#14458,#14459,#14460,#14461,#14462,#14463,#14464,#14465,
    #14466,#14467,#14468,#14469,#14470,#14471,#14472,#14473,#14474,
    #14475,#14476,#14477,#14478,#14479,#14480,#14481,#14482,#14483,
    #14484),.UNSPECIFIED.,.F.,.F.,(7,5,5,5,5,5,5,5,5,5,5,5,5,5,5,5,5,5,5
    ,5,5,5,5,5,7),(0.,2.602584446329E-02,3.868776791199E-02,
    9.167297514223E-02,0.114660985097,0.131655747024,0.232165116044,
    0.254260824925,0.302045476025,0.326977787691,0.363977503052,
    0.451718707917,0.481121484616,0.501117670892,0.519956779257,
    0.550375765285,0.635110399464,0.656915104042,0.701727173836,
    0.766686698201,0.825285622417,0.866058058065,0.933934416262,
    0.965940905557,1.),.UNSPECIFIED.);
#14363 = CARTESIAN_POINT('',(4.886810013475,0.));
#14364 = CARTESIAN_POINT('',(4.88591375665,4.336425375432E-03));
#14365 = CARTESIAN_POINT('',(4.885245743124,8.671566976925E-03));
#14366 = CARTESIAN_POINT('',(4.884767772162,1.30060877898E-02));
#14367 = CARTESIAN_POINT('',(4.884445894837,1.734048400106E-02));
#14368 = CARTESIAN_POINT('',(4.884250414023,2.167508499943E-02));
#14369 = CARTESIAN_POINT('',(4.884109894467,2.811907380712E-02));
#14370 = CARTESIAN_POINT('',(4.884087797565,3.022818488922E-02));
#14371 = CARTESIAN_POINT('',(4.884086665992,3.233740628825E-02));
#14372 = CARTESIAN_POINT('',(4.884103800284,3.444675383984E-02));
#14373 = CARTESIAN_POINT('',(4.884136729212,3.65562395486E-02));
#14374 = CARTESIAN_POINT('',(4.884377712819,4.749385820878E-02));
#14375 = CARTESIAN_POINT('',(4.884809644953,5.632458810555E-02));
#14376 = CARTESIAN_POINT('',(4.885313519097,6.515789465884E-02));
#14377 = CARTESIAN_POINT('',(4.885793786984,7.399319646173E-02));
#14378 = CARTESIAN_POINT('',(4.886205148271,8.282953675847E-02));
#14379 = CARTESIAN_POINT('',(4.886675039571,9.549922185127E-02));
#14380 = CARTESIAN_POINT('',(4.886801399725,9.933281709471E-02));
#14381 = CARTESIAN_POINT('',(4.886910883948,0.10316633659));
#14382 = CARTESIAN_POINT('',(4.887003187228,0.106999720301));
#14383 = CARTESIAN_POINT('',(4.887078755706,0.11083292018));
#14384 = CARTESIAN_POINT('',(4.887183166857,0.117499576614));
#14385 = CARTESIAN_POINT('',(4.88721901384,0.120333134096));
#14386 = CARTESIAN_POINT('',(4.887246773721,0.12316655876));
#14387 = CARTESIAN_POINT('',(4.887266982286,0.125999840765));
#14388 = CARTESIAN_POINT('',(4.887280265012,0.128832974287));
#14389 = CARTESIAN_POINT('',(4.887329162157,0.148420611537));
#14390 = CARTESIAN_POINT('',(4.887152737127,0.165175770312));
#14391 = CARTESIAN_POINT('',(4.886904451741,0.181918478995));
#14392 = CARTESIAN_POINT('',(4.88676536547,0.198660254398));
#14393 = CARTESIAN_POINT('',(4.886711410186,0.21541148022));
#14394 = CARTESIAN_POINT('',(4.886709966305,0.235842204133));
#14395 = CARTESIAN_POINT('',(4.886712229954,0.239524359733));
#14396 = CARTESIAN_POINT('',(4.886716588091,0.243206679863));
#14397 = CARTESIAN_POINT('',(4.886722588045,0.24688916378));
#14398 = CARTESIAN_POINT('',(4.886729753843,0.25057180571));
#14399 = CARTESIAN_POINT('',(4.886754524652,0.26221907315));
#14400 = CARTESIAN_POINT('',(4.886774667856,0.270184385011));
#14401 = CARTESIAN_POINT('',(4.886793069383,0.278150126974));
#14402 = CARTESIAN_POINT('',(4.886805868594,0.286116245789));
#14403 = CARTESIAN_POINT('',(4.886811160199,0.294082643591));
#14404 = CARTESIAN_POINT('',(4.886809187389,0.306205228036));
#14405 = CARTESIAN_POINT('',(4.886806697242,0.310361644081));
#14406 = CARTESIAN_POINT('',(4.886802519423,0.314517995667));
#14407 = CARTESIAN_POINT('',(4.886796907648,0.318674252351));
#14408 = CARTESIAN_POINT('',(4.886790243289,0.322830388794));
#14409 = CARTESIAN_POINT('',(4.886772338778,0.333153910244));
#14410 = CARTESIAN_POINT('',(4.886760312873,0.339321145209));
#14411 = CARTESIAN_POINT('',(4.886748847055,0.345488021108));
#14412 = CARTESIAN_POINT('',(4.886739644436,0.351654507828));
#14413 = CARTESIAN_POINT('',(4.886734221846,0.357820613693));
#14414 = CARTESIAN_POINT('',(4.886733169906,0.37860790993));
#14415 = CARTESIAN_POINT('',(4.886760768949,0.393230580098));
#14416 = CARTESIAN_POINT('',(4.886828566278,0.40784863853));
#14417 = CARTESIAN_POINT('',(4.886932865558,0.422467539127));
#14418 = CARTESIAN_POINT('',(4.886989579678,0.437092193205));
#14419 = CARTESIAN_POINT('',(4.886983635902,0.456616226352));
#14420 = CARTESIAN_POINT('',(4.886975458636,0.461516919568));
#14421 = CARTESIAN_POINT('',(4.886959640058,0.466417813263));
#14422 = CARTESIAN_POINT('',(4.886936947189,0.471318878203));
#14423 = CARTESIAN_POINT('',(4.886909869982,0.476220076783));
#14424 = CARTESIAN_POINT('',(4.886864090117,0.484454620759));
#14425 = CARTESIAN_POINT('',(4.886845665732,0.487787923786));
#14426 = CARTESIAN_POINT('',(4.886828433925,0.491121255865));
#14427 = CARTESIAN_POINT('',(4.886814874731,0.494454609348));
#14428 = CARTESIAN_POINT('',(4.886807989823,0.497787981316));
#14429 = CARTESIAN_POINT('',(4.886812728688,0.504261871838));
#14430 = CARTESIAN_POINT('',(4.88682239814,0.507402390068));
#14431 = CARTESIAN_POINT('',(4.88683673223,0.510542910973));
#14432 = CARTESIAN_POINT('',(4.886853557652,0.513683420313));
#14433 = CARTESIAN_POINT('',(4.886871233773,0.516823903048));
#14434 = CARTESIAN_POINT('',(4.886916778385,0.525035125214));
#14435 = CARTESIAN_POINT('',(4.886943978063,0.530105804307));
#14436 = CARTESIAN_POINT('',(4.886965934757,0.535176310665));
#14437 = CARTESIAN_POINT('',(4.886980202791,0.54024659343));
#14438 = CARTESIAN_POINT('',(4.886986207728,0.545316620831));
#14439 = CARTESIAN_POINT('',(4.886982568412,0.564508619655));
#14440 = CARTESIAN_POINT('',(4.886924214831,0.578631326764));
#14441 = CARTESIAN_POINT('',(4.886826921848,0.592748961593));
#14442 = CARTESIAN_POINT('',(4.886762214366,0.606865983103));
#14443 = CARTESIAN_POINT('',(4.886734610718,0.620987101475));
#14444 = CARTESIAN_POINT('',(4.886733728758,0.638741105122));
#14445 = CARTESIAN_POINT('',(4.886735325706,0.642374820592));
#14446 = CARTESIAN_POINT('',(4.886738483403,0.646008664828));
#14447 = CARTESIAN_POINT('',(4.886742932027,0.649642642057));
#14448 = CARTESIAN_POINT('',(4.886748348644,0.653276752477));
#14449 = CARTESIAN_POINT('',(4.886766705738,0.664379921991));
#14450 = CARTESIAN_POINT('',(4.886781605276,0.671849503014));
#14451 = CARTESIAN_POINT('',(4.886795913875,0.679319484412));
#14452 = CARTESIAN_POINT('',(4.886806465227,0.686789859723));
#14453 = CARTESIAN_POINT('',(4.886811125665,0.694260565511));
#14454 = CARTESIAN_POINT('',(4.886808003631,0.712560573944));
#14455 = CARTESIAN_POINT('',(4.886793654728,0.723390657198));
#14456 = CARTESIAN_POINT('',(4.886766256571,0.734219400339));
#14457 = CARTESIAN_POINT('',(4.886733455724,0.745046926229));
#14458 = CARTESIAN_POINT('',(4.886711357483,0.755873754879));
#14459 = CARTESIAN_POINT('',(4.886709242156,0.776463598095));
#14460 = CARTESIAN_POINT('',(4.886725350416,0.786227915835));
#14461 = CARTESIAN_POINT('',(4.886766091694,0.795990865896));
#14462 = CARTESIAN_POINT('',(4.88683614064,0.80575333617));
#14463 = CARTESIAN_POINT('',(4.88692818709,0.815516466964));
#14464 = CARTESIAN_POINT('',(4.887090114828,0.832073243227));
#14465 = CARTESIAN_POINT('',(4.887158191519,0.838866970686));
#14466 = CARTESIAN_POINT('',(4.887221895948,0.845661165418));
#14467 = CARTESIAN_POINT('',(4.887272160169,0.85245605805));
#14468 = CARTESIAN_POINT('',(4.887298622035,0.859251800995));
#14469 = CARTESIAN_POINT('',(4.887279349189,0.877362595087));
#14470 = CARTESIAN_POINT('',(4.887173966932,0.888679825391));
#14471 = CARTESIAN_POINT('',(4.886931025117,0.899997875425));
#14472 = CARTESIAN_POINT('',(4.886512497878,0.911316719732));
#14473 = CARTESIAN_POINT('',(4.885934664444,0.922634820801));
#14474 = CARTESIAN_POINT('',(4.885076110417,0.939284384709));
#14475 = CARTESIAN_POINT('',(4.88479972707,0.944618950376));
#14476 = CARTESIAN_POINT('',(4.884538061537,0.949952736381));
#14477 = CARTESIAN_POINT('',(4.884313860372,0.955285702211));
#14478 = CARTESIAN_POINT('',(4.884157986857,0.960617958954));
#14479 = CARTESIAN_POINT('',(4.884060539595,0.971623591869));
#14480 = CARTESIAN_POINT('',(4.884133432295,0.977296977512));
#14481 = CARTESIAN_POINT('',(4.884377650369,0.982970262397));
#14482 = CARTESIAN_POINT('',(4.884854042673,0.988644245087));
#14483 = CARTESIAN_POINT('',(4.885636111678,0.994320224517));
#14484 = CARTESIAN_POINT('',(4.886810013475,1.));
#14485 = ( GEOMETRIC_REPRESENTATION_CONTEXT(2) 
PARAMETRIC_REPRESENTATION_CONTEXT() REPRESENTATION_CONTEXT('2D SPACE',''
  ) );
#14486 = ORIENTED_EDGE('',*,*,#14487,.F.);
#14487 = EDGE_CURVE('',#14488,#14108,#14490,.T.);
#14488 = VERTEX_POINT('',#14489);
#14489 = CARTESIAN_POINT('',(3.3,48.,-7.4));
#14490 = SEAM_CURVE('',#14491,(#14495,#14502),.PCURVE_S1.);
#14491 = LINE('',#14492,#14493);
#14492 = CARTESIAN_POINT('',(3.3,48.,-7.4));
#14493 = VECTOR('',#14494,1.);
#14494 = DIRECTION('',(0.,0.,1.));
#14495 = PCURVE('',#13443,#14496);
#14496 = DEFINITIONAL_REPRESENTATION('',(#14497),#14501);
#14497 = LINE('',#14498,#14499);
#14498 = CARTESIAN_POINT('',(0.,-0.));
#14499 = VECTOR('',#14500,1.);
#14500 = DIRECTION('',(0.,1.));
#14501 = ( GEOMETRIC_REPRESENTATION_CONTEXT(2) 
PARAMETRIC_REPRESENTATION_CONTEXT() REPRESENTATION_CONTEXT('2D SPACE',''
  ) );
#14502 = PCURVE('',#13443,#14503);
#14503 = DEFINITIONAL_REPRESENTATION('',(#14504),#14508);
#14504 = LINE('',#14505,#14506);
#14505 = CARTESIAN_POINT('',(6.28318530718,-0.));
#14506 = VECTOR('',#14507,1.);
#14507 = DIRECTION('',(0.,1.));
#14508 = ( GEOMETRIC_REPRESENTATION_CONTEXT(2) 
PARAMETRIC_REPRESENTATION_CONTEXT() REPRESENTATION_CONTEXT('2D SPACE',''
  ) );
#14509 = ORIENTED_EDGE('',*,*,#14510,.T.);
#14510 = EDGE_CURVE('',#14488,#14488,#14511,.T.);
#14511 = SURFACE_CURVE('',#14512,(#14517,#14524),.PCURVE_S1.);
#14512 = CIRCLE('',#14513,3.3);
#14513 = AXIS2_PLACEMENT_3D('',#14514,#14515,#14516);
#14514 = CARTESIAN_POINT('',(0.,48.,-7.4));
#14515 = DIRECTION('',(0.,0.,1.));
#14516 = DIRECTION('',(1.,0.,-0.));
#14517 = PCURVE('',#13443,#14518);
#14518 = DEFINITIONAL_REPRESENTATION('',(#14519),#14523);
#14519 = LINE('',#14520,#14521);
#14520 = CARTESIAN_POINT('',(0.,0.));
#14521 = VECTOR('',#14522,1.);
#14522 = DIRECTION('',(1.,0.));
#14523 = ( GEOMETRIC_REPRESENTATION_CONTEXT(2) 
PARAMETRIC_REPRESENTATION_CONTEXT() REPRESENTATION_CONTEXT('2D SPACE',''
  ) );
#14524 = PCURVE('',#14525,#14530);
#14525 = PLANE('',#14526);
#14526 = AXIS2_PLACEMENT_3D('',#14527,#14528,#14529);
#14527 = CARTESIAN_POINT('',(0.,48.,-7.4));
#14528 = DIRECTION('',(0.,0.,1.));
#14529 = DIRECTION('',(1.,0.,-0.));
#14530 = DEFINITIONAL_REPRESENTATION('',(#14531),#14535);
#14531 = CIRCLE('',#14532,3.3);
#14532 = AXIS2_PLACEMENT_2D('',#14533,#14534);
#14533 = CARTESIAN_POINT('',(0.,0.));
#14534 = DIRECTION('',(1.,0.));
#14535 = ( GEOMETRIC_REPRESENTATION_CONTEXT(2) 
PARAMETRIC_REPRESENTATION_CONTEXT() REPRESENTATION_CONTEXT('2D SPACE',''
  ) );
#14536 = ORIENTED_EDGE('',*,*,#14487,.T.);
#14537 = ORIENTED_EDGE('',*,*,#14538,.T.);
#14538 = EDGE_CURVE('',#14108,#14539,#14541,.T.);
#14539 = VERTEX_POINT('',#14540);
#14540 = CARTESIAN_POINT('',(0.127012128158,44.702445160532,
    -6.688684022547));
#14541 = SURFACE_CURVE('',#14542,(#14617,#14695),.PCURVE_S1.);
#14542 = B_SPLINE_CURVE_WITH_KNOTS('',7,(#14543,#14544,#14545,#14546,
    #14547,#14548,#14549,#14550,#14551,#14552,#14553,#14554,#14555,
    #14556,#14557,#14558,#14559,#14560,#14561,#14562,#14563,#14564,
    #14565,#14566,#14567,#14568,#14569,#14570,#14571,#14572,#14573,
    #14574,#14575,#14576,#14577,#14578,#14579,#14580,#14581,#14582,
    #14583,#14584,#14585,#14586,#14587,#14588,#14589,#14590,#14591,
    #14592,#14593,#14594,#14595,#14596,#14597,#14598,#14599,#14600,
    #14601,#14602,#14603,#14604,#14605,#14606,#14607,#14608,#14609,
    #14610,#14611,#14612,#14613,#14614,#14615,#14616),.UNSPECIFIED.,.F.,
  .F.,(8,6,6,6,6,6,6,6,6,6,6,6,8),(0.,0.358427626197,0.441189070789,
    0.511372680813,0.572855376588,0.627581404803,0.677531015909,
    0.724733797128,0.769351720119,0.814966314186,0.864213213089,
    0.958290667849,1.),.UNSPECIFIED.);
#14543 = CARTESIAN_POINT('',(3.3,47.999999999978,-6.799535162286));
#14544 = CARTESIAN_POINT('',(3.299999999999,47.731331312257,
    -6.793645850894));
#14545 = CARTESIAN_POINT('',(3.2744806936,47.462600365488,
    -6.787753939234));
#14546 = CARTESIAN_POINT('',(3.223421621423,47.196809854084,
    -6.781863549556));
#14547 = CARTESIAN_POINT('',(3.147266439367,46.936856860676,
    -6.775973550671));
#14548 = CARTESIAN_POINT('',(3.046833721058,46.68553503009,
    -6.770083256136));
#14549 = CARTESIAN_POINT('',(2.923316729581,46.445532046691,
    -6.764192463413));
#14550 = CARTESIAN_POINT('',(2.744913536659,46.167161639108,
    -6.756944250284));
#14551 = CARTESIAN_POINT('',(2.71030398,46.115679215518,-6.755584642265)
  );
#14552 = CARTESIAN_POINT('',(2.674570791786,46.064963549067,
    -6.754225108812));
#14553 = CARTESIAN_POINT('',(2.637734805994,46.015044407037,
    -6.752865662675));
#14554 = CARTESIAN_POINT('',(2.599817929863,45.965950882555,
    -6.751506319139));
#14555 = CARTESIAN_POINT('',(2.560843143887,45.917711394589,
    -6.750147096028));
#14556 = CARTESIAN_POINT('',(2.486906252426,45.830193262635,
    -6.747635480604));
#14557 = CARTESIAN_POINT('',(2.452234520517,45.790666940683,
    -6.746483049259));
#14558 = CARTESIAN_POINT('',(2.416833957792,45.75179163153,
    -6.745330731754));
#14559 = CARTESIAN_POINT('',(2.380719801732,45.713583848616,
    -6.74417854312));
#14560 = CARTESIAN_POINT('',(2.343907875605,45.676059709386,
    -6.743026501324));
#14561 = CARTESIAN_POINT('',(2.306414588462,45.639234935288,
    -6.741874627276));
#14562 = CARTESIAN_POINT('',(2.234829823171,45.571491465027,
    -6.739714040586));
#14563 = CARTESIAN_POINT('',(2.200892891381,45.540406543798,
    -6.738705284283));
#14564 = CARTESIAN_POINT('',(2.166457545317,45.509880385634,
    -6.737696691544));
#14565 = CARTESIAN_POINT('',(2.131535606486,45.479923037882,
    -6.736688281884));
#14566 = CARTESIAN_POINT('',(2.096139312347,45.450544297681,
    -6.735680078702));
#14567 = CARTESIAN_POINT('',(2.060281316314,45.421753711966,
    -6.734672109282));
#14568 = CARTESIAN_POINT('',(1.991657991916,45.368465739735,
    -6.732767442432));
#14569 = CARTESIAN_POINT('',(1.958985902087,45.343844259235,
    -6.731870691285));
#14570 = CARTESIAN_POINT('',(1.925967609025,45.31970268803,
    -6.730974172776));
#14571 = CARTESIAN_POINT('',(1.892612678536,45.296047416234,
    -6.73007791363));
#14572 = CARTESIAN_POINT('',(1.85893105147,45.272884672019,
    -6.729181945869));
#14573 = CARTESIAN_POINT('',(1.824933043727,45.250220521612,
    -6.728286306813));
#14574 = CARTESIAN_POINT('',(1.759319631221,45.207835282831,
    -6.726573909165));
#14575 = CARTESIAN_POINT('',(1.72775534155,45.188029984129,
    -6.725757090561));
#14576 = CARTESIAN_POINT('',(1.695944565098,45.168649458444,
    -6.724940614769));
#14577 = CARTESIAN_POINT('',(1.663895830499,45.149698077403,
    -6.724124521143));
#14578 = CARTESIAN_POINT('',(1.631618107171,45.131180099012,
    -6.723308856888));
#14579 = CARTESIAN_POINT('',(1.599120805315,45.113099667648,
    -6.722493677062));
#14580 = CARTESIAN_POINT('',(1.535505372043,45.078791956627,
    -6.720909210372));
#14581 = CARTESIAN_POINT('',(1.50440982204,45.062517462165,
    -6.720139868376));
#14582 = CARTESIAN_POINT('',(1.47313535961,45.046640728125,
    -6.719371069901));
#14583 = CARTESIAN_POINT('',(1.441690891063,45.031165056261,
    -6.718602879691));
#14584 = CARTESIAN_POINT('',(1.41008599531,45.016093652634,
    -6.71783537592));
#14585 = CARTESIAN_POINT('',(1.378330923867,45.001429627611,
    -6.717068650192));
#14586 = CARTESIAN_POINT('',(1.316288833886,44.973702903239,
    -6.715578902991));
#14587 = CARTESIAN_POINT('',(1.286016916781,44.960596507342,
    -6.714855793473));
#14588 = CARTESIAN_POINT('',(1.255629937419,44.9478593537,
    -6.714133564623));
#14589 = CARTESIAN_POINT('',(1.225138084765,44.935493886154,
    -6.713412325209));
#14590 = CARTESIAN_POINT('',(1.194552648865,44.923502446864,
    -6.712692207128));
#14591 = CARTESIAN_POINT('',(1.163886020847,44.911887276307,
    -6.711973365413));
#14592 = CARTESIAN_POINT('',(1.101730824386,44.889162744467,
    -6.710522566118));
#14593 = CARTESIAN_POINT('',(1.070239721035,44.878070605942,
    -6.709790686209));
#14594 = CARTESIAN_POINT('',(1.038692633363,44.867376135182,
    -6.709060524459));
#14595 = CARTESIAN_POINT('',(1.007106102366,44.857081480627,
    -6.708332316745));
#14596 = CARTESIAN_POINT('',(0.975499124043,44.847188669066,
    -6.707606351914));
#14597 = CARTESIAN_POINT('',(0.943893313904,44.837699373026,
    -6.706882974826));
#14598 = CARTESIAN_POINT('',(0.878218084175,44.818806566106,
    -6.705384839454));
#14599 = CARTESIAN_POINT('',(0.844154339735,44.809470461558,
    -6.704610609331));
#14600 = CARTESIAN_POINT('',(0.810151569525,44.800607411736,
    -6.703840385576));
#14601 = CARTESIAN_POINT('',(0.776246538042,44.792218593724,
    -6.703074808583));
#14602 = CARTESIAN_POINT('',(0.742482964007,44.784304535497,
    -6.702314670158));
#14603 = CARTESIAN_POINT('',(0.708911441445,44.77686433695,
    -6.701560911087));
#14604 = CARTESIAN_POINT('',(0.611933443193,44.756581002001,
    -6.699388959616));
#14605 = CARTESIAN_POINT('',(0.549133891964,44.744973877704,
    -6.697989341874));
#14606 = CARTESIAN_POINT('',(0.48765692767,44.735070036107,
    -6.696624850524));
#14607 = CARTESIAN_POINT('',(0.428081017818,44.726834962743,
    -6.695306983154));
#14608 = CARTESIAN_POINT('',(0.371076846338,44.72016906116,
    -6.694049210484));
#14609 = CARTESIAN_POINT('',(0.317253535709,44.714899313458,
    -6.692863834459));
#14610 = CARTESIAN_POINT('',(0.244801973297,44.709016783015,
    -6.691270339808));
#14611 = CARTESIAN_POINT('',(0.223257398099,44.70744439643,
    -6.690796802558));
#14612 = CARTESIAN_POINT('',(0.202460136415,44.706088675711,
    -6.690339939984));
#14613 = CARTESIAN_POINT('',(0.182432569348,44.704930295261,
    -6.689900181093));
#14614 = CARTESIAN_POINT('',(0.163184314627,44.703949476968,
    -6.689477684899));
#14615 = CARTESIAN_POINT('',(0.144714181923,44.703126991655,
    -6.689072383067));
#14616 = CARTESIAN_POINT('',(0.127012128158,44.702445160532,
    -6.688684022547));
#14617 = PCURVE('',#13443,#14618);
#14618 = DEFINITIONAL_REPRESENTATION('',(#14619),#14694);
#14619 = B_SPLINE_CURVE_WITH_KNOTS('',7,(#14620,#14621,#14622,#14623,
    #14624,#14625,#14626,#14627,#14628,#14629,#14630,#14631,#14632,
    #14633,#14634,#14635,#14636,#14637,#14638,#14639,#14640,#14641,
    #14642,#14643,#14644,#14645,#14646,#14647,#14648,#14649,#14650,
    #14651,#14652,#14653,#14654,#14655,#14656,#14657,#14658,#14659,
    #14660,#14661,#14662,#14663,#14664,#14665,#14666,#14667,#14668,
    #14669,#14670,#14671,#14672,#14673,#14674,#14675,#14676,#14677,
    #14678,#14679,#14680,#14681,#14682,#14683,#14684,#14685,#14686,
    #14687,#14688,#14689,#14690,#14691,#14692,#14693),.UNSPECIFIED.,.F.,
  .F.,(8,6,6,6,6,6,6,6,6,6,6,6,8),(0.,0.358427626197,0.441189070789,
    0.511372680813,0.572855376588,0.627581404803,0.677531015909,
    0.724733797128,0.769351720119,0.814966314186,0.864213213089,
    0.958290667849,1.),.UNSPECIFIED.);
#14620 = CARTESIAN_POINT('',(6.28318530718,0.600464837714));
#14621 = CARTESIAN_POINT('',(6.201770553325,0.606354149106));
#14622 = CARTESIAN_POINT('',(6.12033692482,0.612246060766));
#14623 = CARTESIAN_POINT('',(6.038912956973,0.618136450444));
#14624 = CARTESIAN_POINT('',(5.957493178666,0.624026449329));
#14625 = CARTESIAN_POINT('',(5.876070553708,0.629916743864));
#14626 = CARTESIAN_POINT('',(5.794642067971,0.635807536587));
#14627 = CARTESIAN_POINT('',(5.694450432005,0.643055749716));
#14628 = CARTESIAN_POINT('',(5.675656669462,0.644415357735));
#14629 = CARTESIAN_POINT('',(5.656863949371,0.645774891188));
#14630 = CARTESIAN_POINT('',(5.638072439025,0.647134337325));
#14631 = CARTESIAN_POINT('',(5.6192823415,0.648493680861));
#14632 = CARTESIAN_POINT('',(5.600493895648,0.649852903972));
#14633 = CARTESIAN_POINT('',(5.565775975098,0.652364519396));
#14634 = CARTESIAN_POINT('',(5.54984596685,0.653516950741));
#14635 = CARTESIAN_POINT('',(5.533917515028,0.654669268246));
#14636 = CARTESIAN_POINT('',(5.51799082527,0.65582145688));
#14637 = CARTESIAN_POINT('',(5.502066145178,0.656973498676));
#14638 = CARTESIAN_POINT('',(5.486143764325,0.658125372724));
#14639 = CARTESIAN_POINT('',(5.456277892779,0.660285959414));
#14640 = CARTESIAN_POINT('',(5.442333802579,0.661294715717));
#14641 = CARTESIAN_POINT('',(5.428391961111,0.662303308456));
#14642 = CARTESIAN_POINT('',(5.414452640006,0.663311718116));
#14643 = CARTESIAN_POINT('',(5.40051616507,0.664319921298));
#14644 = CARTESIAN_POINT('',(5.386582916285,0.665327890718));
#14645 = CARTESIAN_POINT('',(5.3602545375,0.667232557568));
#14646 = CARTESIAN_POINT('',(5.347858665205,0.668129308715));
#14647 = CARTESIAN_POINT('',(5.33546600936,0.669025827224));
#14648 = CARTESIAN_POINT('',(5.32307694154,0.66992208637));
#14649 = CARTESIAN_POINT('',(5.31069190645,0.670818054131));
#14650 = CARTESIAN_POINT('',(5.298311421927,0.671713693187));
#14651 = CARTESIAN_POINT('',(5.274640839922,0.673426090835));
#14652 = CARTESIAN_POINT('',(5.263349911346,0.674242909439));
#14653 = CARTESIAN_POINT('',(5.252063729974,0.675059385231));
#14654 = CARTESIAN_POINT('',(5.240782840797,0.675875478857));
#14655 = CARTESIAN_POINT('',(5.229507897027,0.676691143112));
#14656 = CARTESIAN_POINT('',(5.218239660106,0.677506322938));
#14657 = CARTESIAN_POINT('',(5.196337585732,0.679090789628));
#14658 = CARTESIAN_POINT('',(5.185702985016,0.679860131624));
#14659 = CARTESIAN_POINT('',(5.175075906858,0.680628930099));
#14660 = CARTESIAN_POINT('',(5.164457245878,0.681397120309));
#14661 = CARTESIAN_POINT('',(5.153848082012,0.68216462408));
#14662 = CARTESIAN_POINT('',(5.143249680513,0.682931349808));
#14663 = CARTESIAN_POINT('',(5.122657010681,0.684421097009));
#14664 = CARTESIAN_POINT('',(5.112661524683,0.685144206527));
#14665 = CARTESIAN_POINT('',(5.102678216495,0.685866435377));
#14666 = CARTESIAN_POINT('',(5.092708588223,0.686587674791));
#14667 = CARTESIAN_POINT('',(5.082754461539,0.687307792872));
#14668 = CARTESIAN_POINT('',(5.072817977685,0.688026634587));
#14669 = CARTESIAN_POINT('',(5.052763706062,0.689477433882));
#14670 = CARTESIAN_POINT('',(5.042646991856,0.690209313791));
#14671 = CARTESIAN_POINT('',(5.032554023288,0.690939475541));
#14672 = CARTESIAN_POINT('',(5.02248805872,0.691667683255));
#14673 = CARTESIAN_POINT('',(5.012453088655,0.692393648086));
#14674 = CARTESIAN_POINT('',(5.002453877954,0.693117025174));
#14675 = CARTESIAN_POINT('',(4.981745189774,0.694615160546));
#14676 = CARTESIAN_POINT('',(4.971043010928,0.695389390669));
#14677 = CARTESIAN_POINT('',(4.96039619458,0.696159614424));
#14678 = CARTESIAN_POINT('',(4.949813590724,0.696925191417));
#14679 = CARTESIAN_POINT('',(4.939306142901,0.697685329842));
#14680 = CARTESIAN_POINT('',(4.928886854798,0.698439088913));
#14681 = CARTESIAN_POINT('',(4.898863683731,0.700611040384));
#14682 = CARTESIAN_POINT('',(4.879516500401,0.702010658126));
#14683 = CARTESIAN_POINT('',(4.860654791993,0.703375149476));
#14684 = CARTESIAN_POINT('',(4.842437506714,0.704693016846));
#14685 = CARTESIAN_POINT('',(4.825050892354,0.705950789516));
#14686 = CARTESIAN_POINT('',(4.808665064086,0.707136165541));
#14687 = CARTESIAN_POINT('',(4.786637797694,0.708729660192));
#14688 = CARTESIAN_POINT('',(4.780091993242,0.709203197442));
#14689 = CARTESIAN_POINT('',(4.773776708658,0.709660060016));
#14690 = CARTESIAN_POINT('',(4.767697878876,0.710099818907));
#14691 = CARTESIAN_POINT('',(4.761857706172,0.710522315101));
#14692 = CARTESIAN_POINT('',(4.756255249363,0.710927616933));
#14693 = CARTESIAN_POINT('',(4.75088701301,0.711315977453));
#14694 = ( GEOMETRIC_REPRESENTATION_CONTEXT(2) 
PARAMETRIC_REPRESENTATION_CONTEXT() REPRESENTATION_CONTEXT('2D SPACE',''
  ) );
#14695 = PCURVE('',#14696,#14713);
#14696 = ( BOUNDED_SURFACE() B_SPLINE_SURFACE(1,7,(
    (#14697,#14698,#14699,#14700,#14701,#14702,#14703,#14704)
    ,(#14705,#14706,#14707,#14708,#14709,#14710,#14711,#14712
)),.UNSPECIFIED.,.F.,.F.,.F.) B_SPLINE_SURFACE_WITH_KNOTS((2,2),(8,8),(
    4.,5.),(0.,1.),.PIECEWISE_BEZIER_KNOTS.) 
GEOMETRIC_REPRESENTATION_ITEM() RATIONAL_B_SPLINE_SURFACE((
    (1.,1.,1.,1.000000000001,0.999999999999,1.,1.,1.)
    ,(1.,1.,1.,1.000000000001,0.999999999999,1.,1.,1.
))) REPRESENTATION_ITEM('') SURFACE() );
#14697 = CARTESIAN_POINT('',(3.900000000358,47.999999999808,
    -6.453124996899));
#14698 = CARTESIAN_POINT('',(3.813735478723,47.140786611489,
    -6.486993161156));
#14699 = CARTESIAN_POINT('',(3.506054399057,46.320367759248,
    -6.521080772352));
#14700 = CARTESIAN_POINT('',(2.99240687402,45.607947239801,
    -6.555382939933));
#14701 = CARTESIAN_POINT('',(2.315564257249,45.066408162881,
    -6.589893765918));
#14702 = CARTESIAN_POINT('',(1.5432885617,44.73647556893,-6.624606239987
    ));
#14703 = CARTESIAN_POINT('',(0.749815745291,44.625693200054,
    -6.659512196632));
#14704 = CARTESIAN_POINT('',(5.347731838027E-10,44.715074861555,
    -6.6946022875));
#14705 = CARTESIAN_POINT('',(3.223417655442,48.,-6.84375));
#14706 = CARTESIAN_POINT('',(3.223419938221,47.289846933239,
    -6.827812040352));
#14707 = CARTESIAN_POINT('',(3.040876628152,46.575093643623,
    -6.811770813824));
#14708 = CARTESIAN_POINT('',(2.671602110385,45.912137289831,
    -6.79562861856));
#14709 = CARTESIAN_POINT('',(2.132960684016,45.360686563395,
    -6.779388235718));
#14710 = CARTESIAN_POINT('',(1.467676951096,44.972523585154,
    -6.763052956988));
#14711 = CARTESIAN_POINT('',(0.735776514828,44.776581815162,
    -6.746626630261));
#14712 = CARTESIAN_POINT('',(7.149295738161E-10,44.776582347619,
    -6.730113651136));
#14713 = DEFINITIONAL_REPRESENTATION('',(#14714),#14789);
#14714 = B_SPLINE_CURVE_WITH_KNOTS('',7,(#14715,#14716,#14717,#14718,
    #14719,#14720,#14721,#14722,#14723,#14724,#14725,#14726,#14727,
    #14728,#14729,#14730,#14731,#14732,#14733,#14734,#14735,#14736,
    #14737,#14738,#14739,#14740,#14741,#14742,#14743,#14744,#14745,
    #14746,#14747,#14748,#14749,#14750,#14751,#14752,#14753,#14754,
    #14755,#14756,#14757,#14758,#14759,#14760,#14761,#14762,#14763,
    #14764,#14765,#14766,#14767,#14768,#14769,#14770,#14771,#14772,
    #14773,#14774,#14775,#14776,#14777,#14778,#14779,#14780,#14781,
    #14782,#14783,#14784,#14785,#14786,#14787,#14788),.UNSPECIFIED.,.F.,
  .F.,(8,6,6,6,6,6,6,6,6,6,6,6,8),(0.,0.358427626197,0.441189070789,
    0.511372680813,0.572855376588,0.627581404803,0.677531015909,
    0.724733797128,0.769351720119,0.814966314186,0.864213213089,
    0.958290667849,1.),.UNSPECIFIED.);
#14715 = CARTESIAN_POINT('',(4.886810016351,0.));
#14716 = CARTESIAN_POINT('',(4.881477930997,5.279217417911E-02));
#14717 = CARTESIAN_POINT('',(4.875555354392,0.10547028181));
#14718 = CARTESIAN_POINT('',(4.868931445842,0.158017613233));
#14719 = CARTESIAN_POINT('',(4.861453935994,0.210440232093));
#14720 = CARTESIAN_POINT('',(4.852900975814,0.262744721961));
#14721 = CARTESIAN_POINT('',(4.842970694878,0.314935109603));
#14722 = CARTESIAN_POINT('',(4.828356100696,0.379009366354));
#14723 = CARTESIAN_POINT('',(4.825510787162,0.391022140465));
#14724 = CARTESIAN_POINT('',(4.822554866336,0.403028119248));
#14725 = CARTESIAN_POINT('',(4.819480468135,0.415027224504));
#14726 = CARTESIAN_POINT('',(4.81627865768,0.427019355639));
#14727 = CARTESIAN_POINT('',(4.812939435298,0.439004389669));
#14728 = CARTESIAN_POINT('',(4.806494087683,0.46113962415));
#14729 = CARTESIAN_POINT('',(4.80342949643,0.471291854029));
#14730 = CARTESIAN_POINT('',(4.800251248994,0.481438784575));
#14731 = CARTESIAN_POINT('',(4.796951652774,0.491580303194));
#14732 = CARTESIAN_POINT('',(4.793522036341,0.501716270966));
#14733 = CARTESIAN_POINT('',(4.78995274944,0.511846522648));
#14734 = CARTESIAN_POINT('',(4.782974707023,0.530840059402));
#14735 = CARTESIAN_POINT('',(4.77960074982,0.539704710705));
#14736 = CARTESIAN_POINT('',(4.776104184824,0.548564695195));
#14737 = CARTESIAN_POINT('',(4.772476909217,0.55741985351));
#14738 = CARTESIAN_POINT('',(4.768709823907,0.566269992312));
#14739 = CARTESIAN_POINT('',(4.764792833531,0.575114884285));
#14740 = CARTESIAN_POINT('',(4.757085011542,0.591822244063));
#14741 = CARTESIAN_POINT('',(4.753327460815,0.599685844675));
#14742 = CARTESIAN_POINT('',(4.749434413743,0.607544890556));
#14743 = CARTESIAN_POINT('',(4.745397030172,0.615399156446));
#14744 = CARTESIAN_POINT('',(4.74120541033,0.623248371247));
#14745 = CARTESIAN_POINT('',(4.736848594822,0.631092218022));
#14746 = CARTESIAN_POINT('',(4.728176258743,0.64608434932));
#14747 = CARTESIAN_POINT('',(4.723890146859,0.653233573447));
#14748 = CARTESIAN_POINT('',(4.71944714075,0.660377738426));
#14749 = CARTESIAN_POINT('',(4.714836927179,0.667516508513));
#14750 = CARTESIAN_POINT('',(4.710047967903,0.674649480165));
#14751 = CARTESIAN_POINT('',(4.705067499673,0.681776182043));
#14752 = CARTESIAN_POINT('',(4.694980755497,0.695624430699));
#14753 = CARTESIAN_POINT('',(4.689896245322,0.702346676195));
#14754 = CARTESIAN_POINT('',(4.684616268407,0.709062371941));
#14755 = CARTESIAN_POINT('',(4.679127487609,0.715770962354));
#14756 = CARTESIAN_POINT('',(4.673414963943,0.722471775831));
#14757 = CARTESIAN_POINT('',(4.667462156582,0.729164024741));
#14758 = CARTESIAN_POINT('',(4.655379820763,0.742163632245));
#14759 = CARTESIAN_POINT('',(4.649277574128,0.748471947207));
#14760 = CARTESIAN_POINT('',(4.642928912345,0.754771013766));
#14761 = CARTESIAN_POINT('',(4.636316544934,0.761059895418));
#14762 = CARTESIAN_POINT('',(4.629421161552,0.76733745571));
#14763 = CARTESIAN_POINT('',(4.62222143199,0.773602358236));
#14764 = CARTESIAN_POINT('',(4.606998433408,0.786243402791));
#14765 = CARTESIAN_POINT('',(4.598960306324,0.792618799588));
#14766 = CARTESIAN_POINT('',(4.590554181409,0.798977654533));
#14767 = CARTESIAN_POINT('',(4.581752054851,0.805317932514));
#14768 = CARTESIAN_POINT('',(4.572522977281,0.811637140276));
#14769 = CARTESIAN_POINT('',(4.562832668527,0.817932300889));
#14770 = CARTESIAN_POINT('',(4.54164220014,0.830966648739));
#14771 = CARTESIAN_POINT('',(4.530059754669,0.837700991631));
#14772 = CARTESIAN_POINT('',(4.517848038934,0.844398759312));
#14773 = CARTESIAN_POINT('',(4.504954643815,0.851054421966));
#14774 = CARTESIAN_POINT('',(4.491323163308,0.857661141394));
#14775 = CARTESIAN_POINT('',(4.476893849738,0.864210794839));
#14776 = CARTESIAN_POINT('',(4.432396240163,0.883079008735));
#14777 = CARTESIAN_POINT('',(4.400024727615,0.895232008104));
#14778 = CARTESIAN_POINT('',(4.36407419526,0.907074491204));
#14779 = CARTESIAN_POINT('',(4.324142089292,0.918507182461));
#14780 = CARTESIAN_POINT('',(4.279878784376,0.929413956865));
#14781 = CARTESIAN_POINT('',(4.231222068207,0.939689045011));
#14782 = CARTESIAN_POINT('',(4.155228205031,0.953497131831));
#14783 = CARTESIAN_POINT('',(4.131097520751,0.957599786138));
#14784 = CARTESIAN_POINT('',(4.106210621081,0.961557345589));
#14785 = CARTESIAN_POINT('',(4.080607760357,0.965366170763));
#14786 = CARTESIAN_POINT('',(4.054336144151,0.969024959521));
#14787 = CARTESIAN_POINT('',(4.02744822531,0.972534374572));
#14788 = CARTESIAN_POINT('',(4.,0.975896671022));
#14789 = ( GEOMETRIC_REPRESENTATION_CONTEXT(2) 
PARAMETRIC_REPRESENTATION_CONTEXT() REPRESENTATION_CONTEXT('2D SPACE',''
  ) );
#14790 = ORIENTED_EDGE('',*,*,#14791,.T.);
#14791 = EDGE_CURVE('',#14539,#14792,#14794,.T.);
#14792 = VERTEX_POINT('',#14793);
#14793 = CARTESIAN_POINT('',(0.127012128103,44.70244516053,
    -6.670998145099));
#14794 = SURFACE_CURVE('',#14795,(#14801,#14810),.PCURVE_S1.);
#14795 = B_SPLINE_CURVE_WITH_KNOTS('',4,(#14796,#14797,#14798,#14799,
    #14800),.UNSPECIFIED.,.F.,.F.,(5,5),(0.,1.),
  .PIECEWISE_BEZIER_KNOTS.);
#14796 = CARTESIAN_POINT('',(0.127012128158,44.702445160532,
    -6.688684022547));
#14797 = CARTESIAN_POINT('',(0.127012128144,44.702445160531,
    -6.684262553185));
#14798 = CARTESIAN_POINT('',(0.127012128131,44.702445160531,
    -6.679841083823));
#14799 = CARTESIAN_POINT('',(0.127012128117,44.70244516053,
    -6.675419614461));
#14800 = CARTESIAN_POINT('',(0.127012128103,44.70244516053,
    -6.670998145099));
#14801 = PCURVE('',#13443,#14802);
#14802 = DEFINITIONAL_REPRESENTATION('',(#14803),#14809);
#14803 = B_SPLINE_CURVE_WITH_KNOTS('',4,(#14804,#14805,#14806,#14807,
    #14808),.UNSPECIFIED.,.F.,.F.,(5,5),(0.,1.),
  .PIECEWISE_BEZIER_KNOTS.);
#14804 = CARTESIAN_POINT('',(4.75088701301,0.711315977453));
#14805 = CARTESIAN_POINT('',(4.750887013006,0.715737446815));
#14806 = CARTESIAN_POINT('',(4.750887013002,0.720158916177));
#14807 = CARTESIAN_POINT('',(4.750887012998,0.724580385539));
#14808 = CARTESIAN_POINT('',(4.750887012994,0.729001854901));
#14809 = ( GEOMETRIC_REPRESENTATION_CONTEXT(2) 
PARAMETRIC_REPRESENTATION_CONTEXT() REPRESENTATION_CONTEXT('2D SPACE',''
  ) );
#14810 = PCURVE('',#14811,#14828);
#14811 = ( BOUNDED_SURFACE() B_SPLINE_SURFACE(1,7,(
    (#14812,#14813,#14814,#14815,#14816,#14817,#14818,#14819)
    ,(#14820,#14821,#14822,#14823,#14824,#14825,#14826,#14827
)),.UNSPECIFIED.,.F.,.F.,.F.) B_SPLINE_SURFACE_WITH_KNOTS((2,2),(8,8),(
    3.,4.),(0.,1.),.PIECEWISE_BEZIER_KNOTS.) 
GEOMETRIC_REPRESENTATION_ITEM() RATIONAL_B_SPLINE_SURFACE((
    (1.,1.,1.,1.000000000001,0.999999999999,1.,1.,1.)
    ,(1.,1.,1.,1.000000000001,0.999999999999,1.,1.,1.
))) REPRESENTATION_ITEM('') SURFACE() );
#14812 = CARTESIAN_POINT('',(3.899999999642,47.999999999808,
    -6.296874996899));
#14813 = CARTESIAN_POINT('',(3.813735478098,47.140786611489,
    -6.35066561056));
#14814 = CARTESIAN_POINT('',(3.506054398524,46.320367759248,
    -6.404804756617));
#14815 = CARTESIAN_POINT('',(2.99240687358,45.607947239801,
    -6.45928466907));
#14816 = CARTESIAN_POINT('',(2.315564256901,45.066408162881,
    -6.514095978333));
#14817 = CARTESIAN_POINT('',(1.543288561446,44.73647556893,
    -6.569227553325));
#14818 = CARTESIAN_POINT('',(0.749815745132,44.625693200054,
    -6.624666423206));
#14819 = CARTESIAN_POINT('',(4.696760981645E-10,44.715074861555,
    -6.680397742045));
#14820 = CARTESIAN_POINT('',(3.900000000358,47.999999999808,
    -6.453124996899));
#14821 = CARTESIAN_POINT('',(3.813735478723,47.140786611489,
    -6.486993161156));
#14822 = CARTESIAN_POINT('',(3.506054399057,46.320367759248,
    -6.521080772352));
#14823 = CARTESIAN_POINT('',(2.99240687402,45.607947239801,
    -6.555382939933));
#14824 = CARTESIAN_POINT('',(2.315564257249,45.066408162881,
    -6.589893765918));
#14825 = CARTESIAN_POINT('',(1.5432885617,44.73647556893,-6.624606239987
    ));
#14826 = CARTESIAN_POINT('',(0.749815745291,44.625693200054,
    -6.659512196632));
#14827 = CARTESIAN_POINT('',(5.347731838027E-10,44.715074861555,
    -6.6946022875));
#14828 = DEFINITIONAL_REPRESENTATION('',(#14829),#14835);
#14829 = B_SPLINE_CURVE_WITH_KNOTS('',4,(#14830,#14831,#14832,#14833,
    #14834),.UNSPECIFIED.,.F.,.F.,(5,5),(0.,1.),
  .PIECEWISE_BEZIER_KNOTS.);
#14830 = CARTESIAN_POINT('',(4.,0.975896671022));
#14831 = CARTESIAN_POINT('',(3.75,0.975896671021));
#14832 = CARTESIAN_POINT('',(3.5,0.97589667102));
#14833 = CARTESIAN_POINT('',(3.25,0.975896671018));
#14834 = CARTESIAN_POINT('',(3.,0.975896671017));
#14835 = ( GEOMETRIC_REPRESENTATION_CONTEXT(2) 
PARAMETRIC_REPRESENTATION_CONTEXT() REPRESENTATION_CONTEXT('2D SPACE',''
  ) );
#14836 = ORIENTED_EDGE('',*,*,#14837,.F.);
#14837 = EDGE_CURVE('',#13428,#14792,#14838,.T.);
#14838 = SURFACE_CURVE('',#14839,(#14914,#14992),.PCURVE_S1.);
#14839 = B_SPLINE_CURVE_WITH_KNOTS('',7,(#14840,#14841,#14842,#14843,
    #14844,#14845,#14846,#14847,#14848,#14849,#14850,#14851,#14852,
    #14853,#14854,#14855,#14856,#14857,#14858,#14859,#14860,#14861,
    #14862,#14863,#14864,#14865,#14866,#14867,#14868,#14869,#14870,
    #14871,#14872,#14873,#14874,#14875,#14876,#14877,#14878,#14879,
    #14880,#14881,#14882,#14883,#14884,#14885,#14886,#14887,#14888,
    #14889,#14890,#14891,#14892,#14893,#14894,#14895,#14896,#14897,
    #14898,#14899,#14900,#14901,#14902,#14903,#14904,#14905,#14906,
    #14907,#14908,#14909,#14910,#14911,#14912,#14913),.UNSPECIFIED.,.F.,
  .F.,(8,6,6,6,6,6,6,6,6,6,6,6,8),(0.,0.360788051251,0.442657243014,
    0.512918174127,0.574467090326,0.62924998475,0.679248608745,
    0.726493479671,0.771814147439,0.817020635294,0.866783166663,
    0.960428940911,1.),.UNSPECIFIED.);
#14840 = CARTESIAN_POINT('',(3.3,47.999999999978,-5.950464839259));
#14841 = CARTESIAN_POINT('',(3.299999999999,47.729856433682,
    -5.988958191199));
#14842 = CARTESIAN_POINT('',(3.274199751475,47.459651556092,
    -6.027461595966));
#14843 = CARTESIAN_POINT('',(3.222578957193,47.192434965152,
    -6.065959574985));
#14844 = CARTESIAN_POINT('',(3.145590401593,46.931152341901,
    -6.104455540383));
#14845 = CARTESIAN_POINT('',(3.044070956839,46.678643041698,
    -6.14295293452));
#14846 = CARTESIAN_POINT('',(2.919240774008,46.437636727665,
    -6.181453130835));
#14847 = CARTESIAN_POINT('',(2.739567127839,46.159204507487,
    -6.228671658267));
#14848 = CARTESIAN_POINT('',(2.705222386823,46.108431042764,
    -6.237404286254));
#14849 = CARTESIAN_POINT('',(2.669782588572,46.058409290647,
    -6.246136444614));
#14850 = CARTESIAN_POINT('',(2.633267903041,46.009167910897,
    -6.254868058395));
#14851 = CARTESIAN_POINT('',(2.595699519515,45.960734917933,
    -6.263599036958));
#14852 = CARTESIAN_POINT('',(2.557099646613,45.913137680834,
    -6.272329273983));
#14853 = CARTESIAN_POINT('',(2.48349942885,45.826294703054,-6.2885502801
    ));
#14854 = CARTESIAN_POINT('',(2.448764744468,45.786821696869,
    -6.29604127329));
#14855 = CARTESIAN_POINT('',(2.413302123962,45.748000786394,
    -6.303531551829));
#14856 = CARTESIAN_POINT('',(2.377126814131,45.709848456043,
    -6.311021021292));
#14857 = CARTESIAN_POINT('',(2.340254643744,45.672380793027,
    -6.318509568035));
#14858 = CARTESIAN_POINT('',(2.30270202355,45.635613487357,
    -6.325997059195));
#14859 = CARTESIAN_POINT('',(2.231008477341,45.567980406871,
    -6.340041363313));
#14860 = CARTESIAN_POINT('',(2.197021910725,45.536948156833,
    -6.346598451451));
#14861 = CARTESIAN_POINT('',(2.162537649802,45.506475356423,
    -6.353154507423));
#14862 = CARTESIAN_POINT('',(2.127567509732,45.476572029321,
    -6.359709406619));
#14863 = CARTESIAN_POINT('',(2.09212371745,45.447247948188,
    -6.366262999491));
#14864 = CARTESIAN_POINT('',(2.056218911668,45.41851263467,
    -6.372815111561));
#14865 = CARTESIAN_POINT('',(1.987509604079,45.365331191661,
    -6.385195891678));
#14866 = CARTESIAN_POINT('',(1.954798227877,45.340760810299,
    -6.391024900464));
#14867 = CARTESIAN_POINT('',(1.921741190757,45.316670748067,
    -6.396852432785));
#14868 = CARTESIAN_POINT('',(1.888348039396,45.293067375208,
    -6.402678317887));
#14869 = CARTESIAN_POINT('',(1.854628690654,45.269956899442,
    -6.408502351246));
#14870 = CARTESIAN_POINT('',(1.820593431574,45.24734536597,
    -6.414324294571));
#14871 = CARTESIAN_POINT('',(1.75491141444,45.205062560217,
    -6.42545522448));
#14872 = CARTESIAN_POINT('',(1.723315727014,45.185306974371,
    -6.430764592947));
#14873 = CARTESIAN_POINT('',(1.691473917993,45.165976367813,
    -6.43607178029));
#14874 = CARTESIAN_POINT('',(1.659394482925,45.147075094414,
    -6.441376535499));
#14875 = CARTESIAN_POINT('',(1.627086352033,45.128607394043,
    -6.44667855747));
#14876 = CARTESIAN_POINT('',(1.594558890203,45.110577392563,
    -6.451977495005));
#14877 = CARTESIAN_POINT('',(1.530887945318,45.076369513952,
    -6.462276743256));
#14878 = CARTESIAN_POINT('',(1.49976705503,45.060144337209,
    -6.467277405368));
#14879 = CARTESIAN_POINT('',(1.468467414081,45.044316951893,
    -6.472274606183));
#14880 = CARTESIAN_POINT('',(1.436997874623,45.028890642541,
    -6.477267932716));
#14881 = CARTESIAN_POINT('',(1.405367953014,45.013868597935,
    -6.482256885959));
#14882 = CARTESIAN_POINT('',(1.373587829818,44.999253911104,
    -6.487240880887));
#14883 = CARTESIAN_POINT('',(1.311048895863,44.971423765792,
    -6.496994851657));
#14884 = CARTESIAN_POINT('',(1.280301432076,44.958175627721,
    -6.501765242402));
#14885 = CARTESIAN_POINT('',(1.249435503143,44.945307699493,
    -6.506529833164));
#14886 = CARTESIAN_POINT('',(1.218461662538,44.93282254765,
    -6.511287898533));
#14887 = CARTESIAN_POINT('',(1.18739157407,44.920722677073,
    -6.516038560816));
#14888 = CARTESIAN_POINT('',(1.156238113442,44.909010437139,
    -6.520780777662));
#14889 = CARTESIAN_POINT('',(1.09387148784,44.886393944352,
    -6.530233958584));
#14890 = CARTESIAN_POINT('',(1.062659146484,44.875487902631,
    -6.534944899391));
#14891 = CARTESIAN_POINT('',(1.031392266916,44.864971761267,
    -6.539644981311));
#14892 = CARTESIAN_POINT('',(1.00008688452,44.854847584938,
    -6.544332719901));
#14893 = CARTESIAN_POINT('',(0.968761407317,44.845117321557,
    -6.549006297899));
#14894 = CARTESIAN_POINT('',(0.937436774382,44.835782579367,
    -6.553663546079));
#14895 = CARTESIAN_POINT('',(0.871681931473,44.81700541294,
    -6.563407771584));
#14896 = CARTESIAN_POINT('',(0.837258431016,44.807647375977,
    -6.56849052819));
#14897 = CARTESIAN_POINT('',(0.802896533485,44.79877133301,
    -6.573546964878));
#14898 = CARTESIAN_POINT('',(0.768634073992,44.790378485273,
    -6.57857279788));
#14899 = CARTESIAN_POINT('',(0.734516223458,44.782469365309,
    -6.583562704661));
#14900 = CARTESIAN_POINT('',(0.700595409905,44.77504300691,
    -6.588510339879));
#14901 = CARTESIAN_POINT('',(0.603580216529,44.755023085064,
    -6.60262568943));
#14902 = CARTESIAN_POINT('',(0.541084412778,44.743637066233,
    -6.611675092105));
#14903 = CARTESIAN_POINT('',(0.479907185433,44.73393404087,
    -6.620497789403));
#14904 = CARTESIAN_POINT('',(0.420625048184,44.725879448424,
    -6.629019179764));
#14905 = CARTESIAN_POINT('',(0.363907795487,44.719374044958,
    -6.637151665859));
#14906 = CARTESIAN_POINT('',(0.310364011308,44.714245544238,
    -6.644815192515));
#14907 = CARTESIAN_POINT('',(0.239342145687,44.708622903778,
    -6.654967031543));
#14908 = CARTESIAN_POINT('',(0.218889544943,44.707162575357,
    -6.657888732749));
#14909 = CARTESIAN_POINT('',(0.199112748621,44.705896697952,
    -6.660712454659));
#14910 = CARTESIAN_POINT('',(0.180031633696,44.704808701268,
    -6.663435703837));
#14911 = CARTESIAN_POINT('',(0.161655547628,44.703881622064,
    -6.66605743551));
#14912 = CARTESIAN_POINT('',(0.143984795659,44.703098897838,
    -6.668577842659));
#14913 = CARTESIAN_POINT('',(0.127012128103,44.70244516053,
    -6.670998145099));
#14914 = PCURVE('',#13443,#14915);
#14915 = DEFINITIONAL_REPRESENTATION('',(#14916),#14991);
#14916 = B_SPLINE_CURVE_WITH_KNOTS('',7,(#14917,#14918,#14919,#14920,
    #14921,#14922,#14923,#14924,#14925,#14926,#14927,#14928,#14929,
    #14930,#14931,#14932,#14933,#14934,#14935,#14936,#14937,#14938,
    #14939,#14940,#14941,#14942,#14943,#14944,#14945,#14946,#14947,
    #14948,#14949,#14950,#14951,#14952,#14953,#14954,#14955,#14956,
    #14957,#14958,#14959,#14960,#14961,#14962,#14963,#14964,#14965,
    #14966,#14967,#14968,#14969,#14970,#14971,#14972,#14973,#14974,
    #14975,#14976,#14977,#14978,#14979,#14980,#14981,#14982,#14983,
    #14984,#14985,#14986,#14987,#14988,#14989,#14990),.UNSPECIFIED.,.F.,
  .F.,(8,6,6,6,6,6,6,6,6,6,6,6,8),(0.,0.360788051251,0.442657243014,
    0.512918174127,0.574467090326,0.62924998475,0.679248608745,
    0.726493479671,0.771814147439,0.817020635294,0.866783166663,
    0.960428940911,1.),.UNSPECIFIED.);
#14917 = CARTESIAN_POINT('',(6.28318530718,1.449535160741));
#14918 = CARTESIAN_POINT('',(6.201323620423,1.411041808801));
#14919 = CARTESIAN_POINT('',(6.119443346275,1.372538404034));
#14920 = CARTESIAN_POINT('',(6.037572637395,1.334040425015));
#14921 = CARTESIAN_POINT('',(5.95570615964,1.295544459617));
#14922 = CARTESIAN_POINT('',(5.873836809233,1.25704706548));
#14923 = CARTESIAN_POINT('',(5.791961662292,1.218546869165));
#14924 = CARTESIAN_POINT('',(5.691546033667,1.171328341733));
#14925 = CARTESIAN_POINT('',(5.672975098835,1.162595713746));
#14926 = CARTESIAN_POINT('',(5.654405164143,1.153863555386));
#14927 = CARTESIAN_POINT('',(5.635836387726,1.145131941605));
#14928 = CARTESIAN_POINT('',(5.617268961208,1.136400963042));
#14929 = CARTESIAN_POINT('',(5.598703109698,1.127670726017));
#14930 = CARTESIAN_POINT('',(5.564207272332,1.1114497199));
#14931 = CARTESIAN_POINT('',(5.5482768107,1.10395872671));
#14932 = CARTESIAN_POINT('',(5.532347866391,1.096468448171));
#14933 = CARTESIAN_POINT('',(5.516420639954,1.088978978708));
#14934 = CARTESIAN_POINT('',(5.500495372996,1.081490431965));
#14935 = CARTESIAN_POINT('',(5.484572348186,1.074002940805));
#14936 = CARTESIAN_POINT('',(5.45470549006,1.059958636687));
#14937 = CARTESIAN_POINT('',(5.440761072077,1.053401548549));
#14938 = CARTESIAN_POINT('',(5.426818847503,1.046845492577));
#14939 = CARTESIAN_POINT('',(5.412879081623,1.040290593381));
#14940 = CARTESIAN_POINT('',(5.398942092799,1.033737000509));
#14941 = CARTESIAN_POINT('',(5.385008252476,1.027184888439));
#14942 = CARTESIAN_POINT('',(5.358679060714,1.014804108322));
#14943 = CARTESIAN_POINT('',(5.346282984665,1.008975099536));
#14944 = CARTESIAN_POINT('',(5.33389004866,1.003147567215));
#14945 = CARTESIAN_POINT('',(5.321500616121,0.997321682113));
#14946 = CARTESIAN_POINT('',(5.309115122259,0.991497648754));
#14947 = CARTESIAN_POINT('',(5.296734074073,0.985675705429));
#14948 = CARTESIAN_POINT('',(5.27306284292,0.97454477552));
#14949 = CARTESIAN_POINT('',(5.261771847622,0.969235407053));
#14950 = CARTESIAN_POINT('',(5.250485491894,0.96392821971));
#14951 = CARTESIAN_POINT('',(5.239204309657,0.958623464501));
#14952 = CARTESIAN_POINT('',(5.227928941319,0.95332144253));
#14953 = CARTESIAN_POINT('',(5.21666013378,0.948022504995));
#14954 = CARTESIAN_POINT('',(5.194757586072,0.937723256744));
#14955 = CARTESIAN_POINT('',(5.184123098467,0.932722594632));
#14956 = CARTESIAN_POINT('',(5.173495972925,0.927725393817));
#14957 = CARTESIAN_POINT('',(5.162877087651,0.922732067284));
#14958 = CARTESIAN_POINT('',(5.152267503743,0.917743114041));
#14959 = CARTESIAN_POINT('',(5.141668465193,0.912759119113));
#14960 = CARTESIAN_POINT('',(5.120925525765,0.903005148343));
#14961 = CARTESIAN_POINT('',(5.110780742493,0.898234757598));
#14962 = CARTESIAN_POINT('',(5.100648294088,0.893470166836));
#14963 = CARTESIAN_POINT('',(5.090529723034,0.888712101467));
#14964 = CARTESIAN_POINT('',(5.080426895629,0.883961439184));
#14965 = CARTESIAN_POINT('',(5.070342028322,0.879219222338));
#14966 = CARTESIAN_POINT('',(5.050238755617,0.869766041416));
#14967 = CARTESIAN_POINT('',(5.040220399709,0.865055100609));
#14968 = CARTESIAN_POINT('',(5.030225135882,0.860355018689));
#14969 = CARTESIAN_POINT('',(5.020256120717,0.855667280099));
#14970 = CARTESIAN_POINT('',(5.010317218568,0.850993702101));
#14971 = CARTESIAN_POINT('',(5.000413042291,0.846336453921));
#14972 = CARTESIAN_POINT('',(4.979690817704,0.836592228416));
#14973 = CARTESIAN_POINT('',(4.968881744901,0.83150947181));
#14974 = CARTESIAN_POINT('',(4.958128642199,0.826453035122));
#14975 = CARTESIAN_POINT('',(4.947440619256,0.82142720212));
#14976 = CARTESIAN_POINT('',(4.93682899485,0.816437295339));
#14977 = CARTESIAN_POINT('',(4.926307262987,0.811489660121));
#14978 = CARTESIAN_POINT('',(4.896289293137,0.79737431057));
#14979 = CARTESIAN_POINT('',(4.877044651461,0.788324907895));
#14980 = CARTESIAN_POINT('',(4.85828211536,0.779502210597));
#14981 = CARTESIAN_POINT('',(4.840160335754,0.770980820236));
#14982 = CARTESIAN_POINT('',(4.822865603544,0.762848334141));
#14983 = CARTESIAN_POINT('',(4.806568173901,0.755184807485));
#14984 = CARTESIAN_POINT('',(4.784979057586,0.745032968457));
#14985 = CARTESIAN_POINT('',(4.778765707803,0.742111267251));
#14986 = CARTESIAN_POINT('',(4.772760725463,0.739287545341));
#14987 = CARTESIAN_POINT('',(4.766969413742,0.736564296163));
#14988 = CARTESIAN_POINT('',(4.761393995007,0.73394256449));
#14989 = CARTESIAN_POINT('',(4.75603405933,0.731422157341));
#14990 = CARTESIAN_POINT('',(4.750887012994,0.729001854901));
#14991 = ( GEOMETRIC_REPRESENTATION_CONTEXT(2) 
PARAMETRIC_REPRESENTATION_CONTEXT() REPRESENTATION_CONTEXT('2D SPACE',''
  ) );
#14992 = PCURVE('',#14003,#14993);
#14993 = DEFINITIONAL_REPRESENTATION('',(#14994),#15069);
#14994 = B_SPLINE_CURVE_WITH_KNOTS('',7,(#14995,#14996,#14997,#14998,
    #14999,#15000,#15001,#15002,#15003,#15004,#15005,#15006,#15007,
    #15008,#15009,#15010,#15011,#15012,#15013,#15014,#15015,#15016,
    #15017,#15018,#15019,#15020,#15021,#15022,#15023,#15024,#15025,
    #15026,#15027,#15028,#15029,#15030,#15031,#15032,#15033,#15034,
    #15035,#15036,#15037,#15038,#15039,#15040,#15041,#15042,#15043,
    #15044,#15045,#15046,#15047,#15048,#15049,#15050,#15051,#15052,
    #15053,#15054,#15055,#15056,#15057,#15058,#15059,#15060,#15061,
    #15062,#15063,#15064,#15065,#15066,#15067,#15068),.UNSPECIFIED.,.F.,
  .F.,(8,6,6,6,6,6,6,6,6,6,6,6,8),(0.,0.360788051251,0.442657243014,
    0.512918174127,0.574467090326,0.62924998475,0.679248608745,
    0.726493479671,0.771814147439,0.817020635294,0.866783166663,
    0.960428940911,1.),.UNSPECIFIED.);
#14995 = CARTESIAN_POINT('',(2.1131899894,0.));
#14996 = CARTESIAN_POINT('',(2.118551345635,5.308198104296E-02));
#14997 = CARTESIAN_POINT('',(2.124509655244,0.106048318735));
#14998 = CARTESIAN_POINT('',(2.131177677878,0.15888258398));
#14999 = CARTESIAN_POINT('',(2.138710307941,0.211590792571));
#15000 = CARTESIAN_POINT('',(2.147334035046,0.264179603661));
#15001 = CARTESIAN_POINT('',(2.157356776927,0.316653024237));
#15002 = CARTESIAN_POINT('',(2.172083486104,0.380865837753));
#15003 = CARTESIAN_POINT('',(2.174909361885,0.392735390633));
#15004 = CARTESIAN_POINT('',(2.177844060209,0.404598322616));
#15005 = CARTESIAN_POINT('',(2.180895250404,0.416454560334));
#15006 = CARTESIAN_POINT('',(2.184071628326,0.428304009465));
#15007 = CARTESIAN_POINT('',(2.187382916362,0.440146554725));
#15008 = CARTESIAN_POINT('',(2.19380664879,0.462139404713));
#15009 = CARTESIAN_POINT('',(2.19688088133,0.472291559743));
#15010 = CARTESIAN_POINT('',(2.200069317336,0.482438441335));
#15011 = CARTESIAN_POINT('',(2.20337970086,0.492579940102));
#15012 = CARTESIAN_POINT('',(2.206820763717,0.502715920905));
#15013 = CARTESIAN_POINT('',(2.210402225486,0.512846222847));
#15014 = CARTESIAN_POINT('',(2.217404541185,0.531839714671));
#15015 = CARTESIAN_POINT('',(2.22079040549,0.540704261301));
#15016 = CARTESIAN_POINT('',(2.224299544256,0.549564177095));
#15017 = CARTESIAN_POINT('',(2.227940122156,0.558419306685));
#15018 = CARTESIAN_POINT('',(2.231721310707,0.567269461414));
#15019 = CARTESIAN_POINT('',(2.235653288263,0.576114419334));
#15020 = CARTESIAN_POINT('',(2.243391147027,0.592821711459));
#15021 = CARTESIAN_POINT('',(2.247163537052,0.600685167298));
#15022 = CARTESIAN_POINT('',(2.251072254681,0.608544117584));
#15023 = CARTESIAN_POINT('',(2.255126217312,0.616398342177));
#15024 = CARTESIAN_POINT('',(2.259335415152,0.624247575945));
#15025 = CARTESIAN_POINT('',(2.263710911219,0.632091508756));
#15026 = CARTESIAN_POINT('',(2.272421070076,0.647083534012));
#15027 = CARTESIAN_POINT('',(2.276726106788,0.654232554318));
#15028 = CARTESIAN_POINT('',(2.281189125359,0.661376584306));
#15029 = CARTESIAN_POINT('',(2.285820542844,0.668515295177));
#15030 = CARTESIAN_POINT('',(2.290632019471,0.675648291424));
#15031 = CARTESIAN_POINT('',(2.29563645864,0.682775110831));
#15032 = CARTESIAN_POINT('',(2.305772520971,0.696623186627));
#15033 = CARTESIAN_POINT('',(2.310882178151,0.703345131994));
#15034 = CARTESIAN_POINT('',(2.316188841273,0.710060629791));
#15035 = CARTESIAN_POINT('',(2.321706004045,0.716769134731));
#15036 = CARTESIAN_POINT('',(2.327448791077,0.723469987016));
#15037 = CARTESIAN_POINT('',(2.333433957881,0.730162412344));
#15038 = CARTESIAN_POINT('',(2.34567143764,0.743256439789));
#15039 = CARTESIAN_POINT('',(2.351903031707,0.749658739353));
#15040 = CARTESIAN_POINT('',(2.358391263998,0.756051645553));
#15041 = CARTESIAN_POINT('',(2.365154387916,0.762434196682));
#15042 = CARTESIAN_POINT('',(2.372212677809,0.768805228248));
#15043 = CARTESIAN_POINT('',(2.379588787427,0.775163356854));
#15044 = CARTESIAN_POINT('',(2.395007981464,0.787834589352));
#15045 = CARTESIAN_POINT('',(2.403049226475,0.794147669934));
#15046 = CARTESIAN_POINT('',(2.411457126552,0.800444652569));
#15047 = CARTESIAN_POINT('',(2.420259506395,0.806723565745));
#15048 = CARTESIAN_POINT('',(2.429487122583,0.812981995053));
#15049 = CARTESIAN_POINT('',(2.439174053874,0.819217058554));
#15050 = CARTESIAN_POINT('',(2.460568506559,0.832259398932));
#15051 = CARTESIAN_POINT('',(2.472380864863,0.839060712609));
#15052 = CARTESIAN_POINT('',(2.484845530083,0.845825036097));
#15053 = CARTESIAN_POINT('',(2.498017909088,0.8525466773));
#15054 = CARTESIAN_POINT('',(2.51195777599,0.859218563449));
#15055 = CARTESIAN_POINT('',(2.526728596187,0.865832265444));
#15056 = CARTESIAN_POINT('',(2.571882203274,0.884696174889));
#15057 = CARTESIAN_POINT('',(2.604569983526,0.896784132816));
#15058 = CARTESIAN_POINT('',(2.640883176405,0.908563768237));
#15059 = CARTESIAN_POINT('',(2.681232115379,0.919935990011));
#15060 = CARTESIAN_POINT('',(2.725974303687,0.930784643173));
#15061 = CARTESIAN_POINT('',(2.77517512197,0.941003866585));
#15062 = CARTESIAN_POINT('',(2.850932292294,0.954536747844));
#15063 = CARTESIAN_POINT('',(2.874161436311,0.958430910017));
#15064 = CARTESIAN_POINT('',(2.898088949925,0.962193926124));
#15065 = CARTESIAN_POINT('',(2.92267981085,0.965822541412));
#15066 = CARTESIAN_POINT('',(2.947892981075,0.969315430327));
#15067 = CARTESIAN_POINT('',(2.973682737072,0.972672912877));
#15068 = CARTESIAN_POINT('',(3.,0.975896671017));
#15069 = ( GEOMETRIC_REPRESENTATION_CONTEXT(2) 
PARAMETRIC_REPRESENTATION_CONTEXT() REPRESENTATION_CONTEXT('2D SPACE',''
  ) );
#15070 = ORIENTED_EDGE('',*,*,#13427,.T.);
#15071 = ADVANCED_FACE('',(#15072),#13923,.T.);
#15072 = FACE_BOUND('',#15073,.T.);
#15073 = EDGE_LOOP('',(#15074,#15095,#15124,#15125));
#15074 = ORIENTED_EDGE('',*,*,#15075,.T.);
#15075 = EDGE_CURVE('',#13989,#15076,#15078,.T.);
#15076 = VERTEX_POINT('',#15077);
#15077 = CARTESIAN_POINT('',(3.900000000179,47.999999999904,
    -6.45312499845));
#15078 = SURFACE_CURVE('',#15079,(#15082,#15089),.PCURVE_S1.);
#15079 = B_SPLINE_CURVE_WITH_KNOTS('',1,(#15080,#15081),.UNSPECIFIED.,
  .F.,.F.,(2,2),(3.,4.),.PIECEWISE_BEZIER_KNOTS.);
#15080 = CARTESIAN_POINT('',(3.9,48.,-6.296875));
#15081 = CARTESIAN_POINT('',(3.9,48.,-6.453125));
#15082 = PCURVE('',#13923,#15083);
#15083 = DEFINITIONAL_REPRESENTATION('',(#15084),#15088);
#15084 = LINE('',#15085,#15086);
#15085 = CARTESIAN_POINT('',(0.,0.));
#15086 = VECTOR('',#15087,1.);
#15087 = DIRECTION('',(1.,0.));
#15088 = ( GEOMETRIC_REPRESENTATION_CONTEXT(2) 
PARAMETRIC_REPRESENTATION_CONTEXT() REPRESENTATION_CONTEXT('2D SPACE',''
  ) );
#15089 = PCURVE('',#14811,#15090);
#15090 = DEFINITIONAL_REPRESENTATION('',(#15091),#15094);
#15091 = B_SPLINE_CURVE_WITH_KNOTS('',1,(#15092,#15093),.UNSPECIFIED.,
  .F.,.F.,(2,2),(3.,4.),.PIECEWISE_BEZIER_KNOTS.);
#15092 = CARTESIAN_POINT('',(3.,0.));
#15093 = CARTESIAN_POINT('',(4.,0.));
#15094 = ( GEOMETRIC_REPRESENTATION_CONTEXT(2) 
PARAMETRIC_REPRESENTATION_CONTEXT() REPRESENTATION_CONTEXT('2D SPACE',''
  ) );
#15095 = ORIENTED_EDGE('',*,*,#15096,.T.);
#15096 = EDGE_CURVE('',#15076,#13910,#15097,.T.);
#15097 = SURFACE_CURVE('',#15098,(#15110,#15117),.PCURVE_S1.);
#15098 = ( BOUNDED_CURVE() B_SPLINE_CURVE(6,(#15099,#15100,#15101,#15102
    ,#15103,#15104,#15105,#15106,#15107,#15108,#15109),.UNSPECIFIED.,.F.
,.F.) B_SPLINE_CURVE_WITH_KNOTS((7,4,7),(0.,0.5,1.),.UNSPECIFIED.) CURVE
() GEOMETRIC_REPRESENTATION_ITEM() RATIONAL_B_SPLINE_CURVE((1.,1.,1.,1.,
1.,1.,1.,1.,1.,1.,1.)) REPRESENTATION_ITEM('') );
#15099 = CARTESIAN_POINT('',(3.9,48.,-6.453125));
#15100 = CARTESIAN_POINT('',(3.886228200946,50.041566793252,
    -6.348958333333));
#15101 = CARTESIAN_POINT('',(2.657427919623,52.083133586504,
    -6.24479166668));
#15102 = CARTESIAN_POINT('',(-2.315383715978E-02,53.130152185752,
    -6.140624999995));
#15103 = CARTESIAN_POINT('',(-2.622080302051,52.083133586504,
    -6.036458333328));
#15104 = CARTESIAN_POINT('',(-5.177919697949,48.,-5.828125));
#15105 = CARTESIAN_POINT('',(-2.622080302051,43.916866413495,
    -5.619791666672));
#15106 = CARTESIAN_POINT('',(-2.315383715983E-02,42.869847814248,
    -5.515625000005));
#15107 = CARTESIAN_POINT('',(2.657427919623,43.916866413495,
    -5.41145833332));
#15108 = CARTESIAN_POINT('',(3.886228200946,45.958433206748,
    -5.307291666667));
#15109 = CARTESIAN_POINT('',(3.9,48.,-5.203125));
#15110 = PCURVE('',#13923,#15111);
#15111 = DEFINITIONAL_REPRESENTATION('',(#15112),#15116);
#15112 = LINE('',#15113,#15114);
#15113 = CARTESIAN_POINT('',(4.,0.));
#15114 = VECTOR('',#15115,1.);
#15115 = DIRECTION('',(0.,1.));
#15116 = ( GEOMETRIC_REPRESENTATION_CONTEXT(2) 
PARAMETRIC_REPRESENTATION_CONTEXT() REPRESENTATION_CONTEXT('2D SPACE',''
  ) );
#15117 = PCURVE('',#14072,#15118);
#15118 = DEFINITIONAL_REPRESENTATION('',(#15119),#15123);
#15119 = LINE('',#15120,#15121);
#15120 = CARTESIAN_POINT('',(4.,0.));
#15121 = VECTOR('',#15122,1.);
#15122 = DIRECTION('',(0.,1.));
#15123 = ( GEOMETRIC_REPRESENTATION_CONTEXT(2) 
PARAMETRIC_REPRESENTATION_CONTEXT() REPRESENTATION_CONTEXT('2D SPACE',''
  ) );
#15124 = ORIENTED_EDGE('',*,*,#13909,.F.);
#15125 = ORIENTED_EDGE('',*,*,#14026,.F.);
#15126 = ADVANCED_FACE('',(#15127),#14003,.F.);
#15127 = FACE_BOUND('',#15128,.F.);
#15128 = EDGE_LOOP('',(#15129,#15130,#15131));
#15129 = ORIENTED_EDGE('',*,*,#14837,.F.);
#15130 = ORIENTED_EDGE('',*,*,#13988,.T.);
#15131 = ORIENTED_EDGE('',*,*,#15132,.T.);
#15132 = EDGE_CURVE('',#13989,#14792,#15133,.T.);
#15133 = SURFACE_CURVE('',#15134,(#15143,#15150),.PCURVE_S1.);
#15134 = ( BOUNDED_CURVE() B_SPLINE_CURVE(7,(#15135,#15136,#15137,#15138
    ,#15139,#15140,#15141,#15142),.UNSPECIFIED.,.F.,.F.) 
B_SPLINE_CURVE_WITH_KNOTS((8,8),(0.,1.),.PIECEWISE_BEZIER_KNOTS.) CURVE(
) GEOMETRIC_REPRESENTATION_ITEM() RATIONAL_B_SPLINE_CURVE((1.,1.,1.,
1.000000000001,0.999999999999,1.,1.,1.)) REPRESENTATION_ITEM('') );
#15135 = CARTESIAN_POINT('',(3.899999999642,47.999999999808,
    -6.296874996899));
#15136 = CARTESIAN_POINT('',(3.813735478098,47.140786611489,
    -6.35066561056));
#15137 = CARTESIAN_POINT('',(3.506054398524,46.320367759248,
    -6.404804756617));
#15138 = CARTESIAN_POINT('',(2.99240687358,45.607947239801,
    -6.45928466907));
#15139 = CARTESIAN_POINT('',(2.315564256901,45.066408162881,
    -6.514095978333));
#15140 = CARTESIAN_POINT('',(1.543288561446,44.73647556893,
    -6.569227553325));
#15141 = CARTESIAN_POINT('',(0.749815745132,44.625693200054,
    -6.624666423206));
#15142 = CARTESIAN_POINT('',(4.696760981645E-10,44.715074861555,
    -6.680397742045));
#15143 = PCURVE('',#14003,#15144);
#15144 = DEFINITIONAL_REPRESENTATION('',(#15145),#15149);
#15145 = LINE('',#15146,#15147);
#15146 = CARTESIAN_POINT('',(3.,0.));
#15147 = VECTOR('',#15148,1.);
#15148 = DIRECTION('',(0.,1.));
#15149 = ( GEOMETRIC_REPRESENTATION_CONTEXT(2) 
PARAMETRIC_REPRESENTATION_CONTEXT() REPRESENTATION_CONTEXT('2D SPACE',''
  ) );
#15150 = PCURVE('',#14811,#15151);
#15151 = DEFINITIONAL_REPRESENTATION('',(#15152),#15156);
#15152 = LINE('',#15153,#15154);
#15153 = CARTESIAN_POINT('',(3.,0.));
#15154 = VECTOR('',#15155,1.);
#15155 = DIRECTION('',(0.,1.));
#15156 = ( GEOMETRIC_REPRESENTATION_CONTEXT(2) 
PARAMETRIC_REPRESENTATION_CONTEXT() REPRESENTATION_CONTEXT('2D SPACE',''
  ) );
#15157 = ADVANCED_FACE('',(#15158),#14072,.T.);
#15158 = FACE_BOUND('',#15159,.T.);
#15159 = EDGE_LOOP('',(#15160,#15161,#15180,#15181));
#15160 = ORIENTED_EDGE('',*,*,#15096,.F.);
#15161 = ORIENTED_EDGE('',*,*,#15162,.T.);
#15162 = EDGE_CURVE('',#15076,#14108,#15163,.T.);
#15163 = SURFACE_CURVE('',#15164,(#15167,#15174),.PCURVE_S1.);
#15164 = B_SPLINE_CURVE_WITH_KNOTS('',1,(#15165,#15166),.UNSPECIFIED.,
  .F.,.F.,(2,2),(4.,5.),.PIECEWISE_BEZIER_KNOTS.);
#15165 = CARTESIAN_POINT('',(3.9,48.,-6.453125));
#15166 = CARTESIAN_POINT('',(3.223417653293,48.,-6.84375));
#15167 = PCURVE('',#14072,#15168);
#15168 = DEFINITIONAL_REPRESENTATION('',(#15169),#15173);
#15169 = LINE('',#15170,#15171);
#15170 = CARTESIAN_POINT('',(0.,0.));
#15171 = VECTOR('',#15172,1.);
#15172 = DIRECTION('',(1.,0.));
#15173 = ( GEOMETRIC_REPRESENTATION_CONTEXT(2) 
PARAMETRIC_REPRESENTATION_CONTEXT() REPRESENTATION_CONTEXT('2D SPACE',''
  ) );
#15174 = PCURVE('',#14696,#15175);
#15175 = DEFINITIONAL_REPRESENTATION('',(#15176),#15179);
#15176 = B_SPLINE_CURVE_WITH_KNOTS('',1,(#15177,#15178),.UNSPECIFIED.,
  .F.,.F.,(2,2),(4.,4.886810013726),.PIECEWISE_BEZIER_KNOTS.);
#15177 = CARTESIAN_POINT('',(4.,0.));
#15178 = CARTESIAN_POINT('',(4.886810016107,0.));
#15179 = ( GEOMETRIC_REPRESENTATION_CONTEXT(2) 
PARAMETRIC_REPRESENTATION_CONTEXT() REPRESENTATION_CONTEXT('2D SPACE',''
  ) );
#15180 = ORIENTED_EDGE('',*,*,#14107,.T.);
#15181 = ORIENTED_EDGE('',*,*,#14060,.F.);
#15182 = ADVANCED_FACE('',(#15183),#14525,.F.);
#15183 = FACE_BOUND('',#15184,.T.);
#15184 = EDGE_LOOP('',(#15185));
#15185 = ORIENTED_EDGE('',*,*,#14510,.F.);
#15186 = ADVANCED_FACE('',(#15187),#14696,.F.);
#15187 = FACE_BOUND('',#15188,.F.);
#15188 = EDGE_LOOP('',(#15189,#15215,#15216));
#15189 = ORIENTED_EDGE('',*,*,#15190,.F.);
#15190 = EDGE_CURVE('',#15076,#14539,#15191,.T.);
#15191 = SURFACE_CURVE('',#15192,(#15201,#15208),.PCURVE_S1.);
#15192 = ( BOUNDED_CURVE() B_SPLINE_CURVE(7,(#15193,#15194,#15195,#15196
    ,#15197,#15198,#15199,#15200),.UNSPECIFIED.,.F.,.F.) 
B_SPLINE_CURVE_WITH_KNOTS((8,8),(0.,1.),.PIECEWISE_BEZIER_KNOTS.) CURVE(
) GEOMETRIC_REPRESENTATION_ITEM() RATIONAL_B_SPLINE_CURVE((1.,1.,1.,
1.000000000001,0.999999999999,1.,1.,1.)) REPRESENTATION_ITEM('') );
#15193 = CARTESIAN_POINT('',(3.900000000358,47.999999999808,
    -6.453124996899));
#15194 = CARTESIAN_POINT('',(3.813735478723,47.140786611489,
    -6.486993161156));
#15195 = CARTESIAN_POINT('',(3.506054399057,46.320367759248,
    -6.521080772352));
#15196 = CARTESIAN_POINT('',(2.99240687402,45.607947239801,
    -6.555382939933));
#15197 = CARTESIAN_POINT('',(2.315564257249,45.066408162881,
    -6.589893765918));
#15198 = CARTESIAN_POINT('',(1.5432885617,44.73647556893,-6.624606239987
    ));
#15199 = CARTESIAN_POINT('',(0.749815745291,44.625693200054,
    -6.659512196632));
#15200 = CARTESIAN_POINT('',(5.347731838027E-10,44.715074861555,
    -6.6946022875));
#15201 = PCURVE('',#14696,#15202);
#15202 = DEFINITIONAL_REPRESENTATION('',(#15203),#15207);
#15203 = LINE('',#15204,#15205);
#15204 = CARTESIAN_POINT('',(4.,0.));
#15205 = VECTOR('',#15206,1.);
#15206 = DIRECTION('',(0.,1.));
#15207 = ( GEOMETRIC_REPRESENTATION_CONTEXT(2) 
PARAMETRIC_REPRESENTATION_CONTEXT() REPRESENTATION_CONTEXT('2D SPACE',''
  ) );
#15208 = PCURVE('',#14811,#15209);
#15209 = DEFINITIONAL_REPRESENTATION('',(#15210),#15214);
#15210 = LINE('',#15211,#15212);
#15211 = CARTESIAN_POINT('',(4.,0.));
#15212 = VECTOR('',#15213,1.);
#15213 = DIRECTION('',(0.,1.));
#15214 = ( GEOMETRIC_REPRESENTATION_CONTEXT(2) 
PARAMETRIC_REPRESENTATION_CONTEXT() REPRESENTATION_CONTEXT('2D SPACE',''
  ) );
#15215 = ORIENTED_EDGE('',*,*,#15162,.T.);
#15216 = ORIENTED_EDGE('',*,*,#14538,.T.);
#15217 = ADVANCED_FACE('',(#15218),#14811,.F.);
#15218 = FACE_BOUND('',#15219,.F.);
#15219 = EDGE_LOOP('',(#15220,#15221,#15222,#15223));
#15220 = ORIENTED_EDGE('',*,*,#15132,.F.);
#15221 = ORIENTED_EDGE('',*,*,#15075,.T.);
#15222 = ORIENTED_EDGE('',*,*,#15190,.T.);
#15223 = ORIENTED_EDGE('',*,*,#14791,.T.);
#15224 = ( GEOMETRIC_REPRESENTATION_CONTEXT(3) 
GLOBAL_UNCERTAINTY_ASSIGNED_CONTEXT((#15228)) 
GLOBAL_UNIT_ASSIGNED_CONTEXT((#15225,#15226,#15227)) 
REPRESENTATION_CONTEXT('Context #1',
  '3D Context with UNIT and UNCERTAINTY') );
#15225 = ( LENGTH_UNIT() NAMED_UNIT(*) SI_UNIT(.MILLI.,.METRE.) );
#15226 = ( NAMED_UNIT(*) PLANE_ANGLE_UNIT() SI_UNIT($,.RADIAN.) );
#15227 = ( NAMED_UNIT(*) SI_UNIT($,.STERADIAN.) SOLID_ANGLE_UNIT() );
#15228 = UNCERTAINTY_MEASURE_WITH_UNIT(LENGTH_MEASURE(1.E-05),#15225,
  'distance_accuracy_value','confusion accuracy');
#15229 = PRODUCT_RELATED_PRODUCT_CATEGORY('part',$,(#7));
ENDSEC;
END-ISO-10303-21;
