ISO-10303-21;
HEADER;
FILE_DESCRIPTION(('Open CASCADE Model'),'2;1');
FILE_NAME('Open CASCADE Shape Model','2026-09-28T19:17:25',('Author'),(
    'Open CASCADE'),'Open CASCADE STEP processor 8.0','build123d',
  'Unknown');
FILE_SCHEMA(('AUTOMOTIVE_DESIGN { 1 0 10303 214 1 1 1 1 }'));
ENDSEC;
DATA;
#1 = APPLICATION_PROTOCOL_DEFINITION('international standard',
  'automotive_design',2000,#2);
#2 = APPLICATION_CONTEXT(
  'core data for automotive mechanical design processes');
#3 = SHAPE_DEFINITION_REPRESENTATION(#4,#10);
#4 = PRODUCT_DEFINITION_SHAPE('','',#5);
#5 = PRODUCT_DEFINITION('design','',#6,#9);
#6 = PRODUCT_DEFINITION_FORMATION('','',#7);
#7 = PRODUCT('=>[0:1:1:2]','=>[0:1:1:2]','',(#8));
#8 = PRODUCT_CONTEXT('',#2,'mechanical');
#9 = PRODUCT_DEFINITION_CONTEXT('part definition',#2,'design');
#10 = SHAPE_REPRESENTATION('',(#11,#15),#19);
#11 = AXIS2_PLACEMENT_3D('',#12,#13,#14);
#12 = CARTESIAN_POINT('',(0.,0.,0.));
#13 = DIRECTION('',(0.,0.,1.));
#14 = DIRECTION('',(1.,0.,-0.));
#15 = AXIS2_PLACEMENT_3D('',#16,#17,#18);
#16 = CARTESIAN_POINT('',(0.,48.,0.));
#17 = DIRECTION('',(0.,0.,1.));
#18 = DIRECTION('',(1.,0.,0.));
#19 = ( GEOMETRIC_REPRESENTATION_CONTEXT(3) 
GLOBAL_UNCERTAINTY_ASSIGNED_CONTEXT((#23)) GLOBAL_UNIT_ASSIGNED_CONTEXT(
(#20,#21,#22)) REPRESENTATION_CONTEXT('Context #1',
  '3D Context with UNIT and UNCERTAINTY') );
#20 = ( LENGTH_UNIT() NAMED_UNIT(*) SI_UNIT(.MILLI.,.METRE.) );
#21 = ( NAMED_UNIT(*) PLANE_ANGLE_UNIT() SI_UNIT($,.RADIAN.) );
#22 = ( NAMED_UNIT(*) SI_UNIT($,.STERADIAN.) SOLID_ANGLE_UNIT() );
#23 = UNCERTAINTY_MEASURE_WITH_UNIT(LENGTH_MEASURE(2.E-06),#20,
  'distance_accuracy_value','confusion accuracy');
#24 = PRODUCT_RELATED_PRODUCT_CATEGORY('part',$,(#7));
#25 = SHAPE_DEFINITION_REPRESENTATION(#26,#32);
#26 = PRODUCT_DEFINITION_SHAPE('','',#27);
#27 = PRODUCT_DEFINITION('design','',#28,#31);
#28 = PRODUCT_DEFINITION_FORMATION('','',#29);
#29 = PRODUCT('COMPOUND','COMPOUND','',(#30));
#30 = PRODUCT_CONTEXT('',#2,'mechanical');
#31 = PRODUCT_DEFINITION_CONTEXT('part definition',#2,'design');
#32 = ADVANCED_BREP_SHAPE_REPRESENTATION('',(#11,#33),#10908);
#33 = MANIFOLD_SOLID_BREP('',#34);
#34 = CLOSED_SHELL('',(#35,#153,#229,#305,#381,#457,#533,#609,#685,#761,
    #837,#913,#989,#1065,#1141,#1217,#1293,#1369,#1445,#1521,#1597,#1673
    ,#1749,#1825,#1901,#1977,#2053,#2129,#2205,#2281,#2357,#2433,#2509,
    #2585,#2661,#2737,#2813,#2889,#2965,#3041,#3117,#3193,#3269,#3345,
    #3421,#3497,#3573,#3644,#3747,#4669,#6221,#7795,#8732,#8765,#8798,
    #8831,#8864,#8897,#9033,#9148,#9227,#9335,#9437,#9516,#9521,#9564,
    #9589,#9596,#9629,#9662,#9695,#9728,#9761,#9826,#9831,#9864,#9897,
    #9930,#9963,#9996,#10061,#10066,#10099,#10132,#10165,#10198,#10231,
    #10295,#10300,#10333,#10366,#10399,#10432,#10465,#10530,#10535,
    #10560,#10585,#10610,#10643,#10676,#10709,#10742,#10775,#10821,
    #10826,#10854));
#35 = ADVANCED_FACE('',(#36),#51,.T.);
#36 = FACE_BOUND('',#37,.T.);
#37 = EDGE_LOOP('',(#38,#74,#100,#129));
#38 = ORIENTED_EDGE('',*,*,#39,.F.);
#39 = EDGE_CURVE('',#40,#42,#44,.T.);
#40 = VERTEX_POINT('',#41);
#41 = CARTESIAN_POINT('',(7.975903614458,0.620452683835,-2.1));
#42 = VERTEX_POINT('',#43);
#43 = CARTESIAN_POINT('',(7.864716260359,1.465004486017,-2.1));
#44 = SURFACE_CURVE('',#45,(#50,#62),.PCURVE_S1.);
#45 = CIRCLE('',#46,8.);
#46 = AXIS2_PLACEMENT_3D('',#47,#48,#49);
#47 = CARTESIAN_POINT('',(0.,0.,-2.1));
#48 = DIRECTION('',(0.,0.,1.));
#49 = DIRECTION('',(1.,0.,-0.));
#50 = PCURVE('',#51,#56);
#51 = CYLINDRICAL_SURFACE('',#52,8.);
#52 = AXIS2_PLACEMENT_3D('',#53,#54,#55);
#53 = CARTESIAN_POINT('',(0.,0.,-7.1));
#54 = DIRECTION('',(0.,0.,1.));
#55 = DIRECTION('',(1.,0.,-0.));
#56 = DEFINITIONAL_REPRESENTATION('',(#57),#61);
#57 = LINE('',#58,#59);
#58 = CARTESIAN_POINT('',(0.,5.));
#59 = VECTOR('',#60,1.);
#60 = DIRECTION('',(1.,0.));
#61 = ( GEOMETRIC_REPRESENTATION_CONTEXT(2) 
PARAMETRIC_REPRESENTATION_CONTEXT() REPRESENTATION_CONTEXT('2D SPACE',''
  ) );
#62 = PCURVE('',#63,#68);
#63 = PLANE('',#64);
#64 = AXIS2_PLACEMENT_3D('',#65,#66,#67);
#65 = CARTESIAN_POINT('',(0.,0.,-2.1));
#66 = DIRECTION('',(0.,0.,1.));
#67 = DIRECTION('',(1.,0.,-0.));
#68 = DEFINITIONAL_REPRESENTATION('',(#69),#73);
#69 = CIRCLE('',#70,8.);
#70 = AXIS2_PLACEMENT_2D('',#71,#72);
#71 = CARTESIAN_POINT('',(0.,0.));
#72 = DIRECTION('',(1.,0.));
#73 = ( GEOMETRIC_REPRESENTATION_CONTEXT(2) 
PARAMETRIC_REPRESENTATION_CONTEXT() REPRESENTATION_CONTEXT('2D SPACE',''
  ) );
#74 = ORIENTED_EDGE('',*,*,#75,.F.);
#75 = EDGE_CURVE('',#76,#40,#78,.T.);
#76 = VERTEX_POINT('',#77);
#77 = CARTESIAN_POINT('',(7.975903614458,0.620452683835,-7.1));
#78 = SURFACE_CURVE('',#79,(#83,#89),.PCURVE_S1.);
#79 = LINE('',#80,#81);
#80 = CARTESIAN_POINT('',(7.975903614458,0.620452683835,-7.1));
#81 = VECTOR('',#82,1.);
#82 = DIRECTION('',(0.,0.,1.));
#83 = PCURVE('',#51,#84);
#84 = DEFINITIONAL_REPRESENTATION('',(#85),#88);
#85 = B_SPLINE_CURVE_WITH_KNOTS('',1,(#86,#87),.UNSPECIFIED.,.F.,.F.,(2,
    2),(-5.999999999062E-07,5.0000006),.PIECEWISE_BEZIER_KNOTS.);
#86 = CARTESIAN_POINT('',(7.763454747534E-02,-5.999999999062E-07));
#87 = CARTESIAN_POINT('',(7.763454747534E-02,5.0000006));
#88 = ( GEOMETRIC_REPRESENTATION_CONTEXT(2) 
PARAMETRIC_REPRESENTATION_CONTEXT() REPRESENTATION_CONTEXT('2D SPACE',''
  ) );
#89 = PCURVE('',#90,#95);
#90 = CYLINDRICAL_SURFACE('',#91,0.7);
#91 = AXIS2_PLACEMENT_3D('',#92,#93,#94);
#92 = CARTESIAN_POINT('',(8.3,0.,-7.6));
#93 = DIRECTION('',(0.,0.,1.));
#94 = DIRECTION('',(1.,0.,0.));
#95 = DEFINITIONAL_REPRESENTATION('',(#96),#99);
#96 = B_SPLINE_CURVE_WITH_KNOTS('',1,(#97,#98),.UNSPECIFIED.,.F.,.F.,(2,
    2),(-5.999999999062E-07,5.0000006),.PIECEWISE_BEZIER_KNOTS.);
#97 = CARTESIAN_POINT('',(2.052167355314,0.4999994));
#98 = CARTESIAN_POINT('',(2.052167355314,5.5000006));
#99 = ( GEOMETRIC_REPRESENTATION_CONTEXT(2) 
PARAMETRIC_REPRESENTATION_CONTEXT() REPRESENTATION_CONTEXT('2D SPACE',''
  ) );
#100 = ORIENTED_EDGE('',*,*,#101,.T.);
#101 = EDGE_CURVE('',#76,#102,#104,.T.);
#102 = VERTEX_POINT('',#103);
#103 = CARTESIAN_POINT('',(7.864716260359,1.465004486017,-7.1));
#104 = SURFACE_CURVE('',#105,(#110,#117),.PCURVE_S1.);
#105 = CIRCLE('',#106,8.);
#106 = AXIS2_PLACEMENT_3D('',#107,#108,#109);
#107 = CARTESIAN_POINT('',(0.,0.,-7.1));
#108 = DIRECTION('',(0.,0.,1.));
#109 = DIRECTION('',(1.,0.,-0.));
#110 = PCURVE('',#51,#111);
#111 = DEFINITIONAL_REPRESENTATION('',(#112),#116);
#112 = LINE('',#113,#114);
#113 = CARTESIAN_POINT('',(0.,0.));
#114 = VECTOR('',#115,1.);
#115 = DIRECTION('',(1.,0.));
#116 = ( GEOMETRIC_REPRESENTATION_CONTEXT(2) 
PARAMETRIC_REPRESENTATION_CONTEXT() REPRESENTATION_CONTEXT('2D SPACE',''
  ) );
#117 = PCURVE('',#118,#123);
#118 = PLANE('',#119);
#119 = AXIS2_PLACEMENT_3D('',#120,#121,#122);
#120 = CARTESIAN_POINT('',(0.,0.,-7.1));
#121 = DIRECTION('',(0.,0.,1.));
#122 = DIRECTION('',(1.,0.,-0.));
#123 = DEFINITIONAL_REPRESENTATION('',(#124),#128);
#124 = CIRCLE('',#125,8.);
#125 = AXIS2_PLACEMENT_2D('',#126,#127);
#126 = CARTESIAN_POINT('',(0.,0.));
#127 = DIRECTION('',(1.,0.));
#128 = ( GEOMETRIC_REPRESENTATION_CONTEXT(2) 
PARAMETRIC_REPRESENTATION_CONTEXT() REPRESENTATION_CONTEXT('2D SPACE',''
  ) );
#129 = ORIENTED_EDGE('',*,*,#130,.T.);
#130 = EDGE_CURVE('',#102,#42,#131,.T.);
#131 = SURFACE_CURVE('',#132,(#136,#142),.PCURVE_S1.);
#132 = LINE('',#133,#134);
#133 = CARTESIAN_POINT('',(7.864716260359,1.465004486017,-7.1));
#134 = VECTOR('',#135,1.);
#135 = DIRECTION('',(0.,0.,1.));
#136 = PCURVE('',#51,#137);
#137 = DEFINITIONAL_REPRESENTATION('',(#138),#141);
#138 = B_SPLINE_CURVE_WITH_KNOTS('',1,(#139,#140),.UNSPECIFIED.,.F.,.F.,
  (2,2),(-5.999999999062E-07,5.0000006),.PIECEWISE_BEZIER_KNOTS.);
#139 = CARTESIAN_POINT('',(0.184164840324,-5.999999999062E-07));
#140 = CARTESIAN_POINT('',(0.184164840324,5.0000006));
#141 = ( GEOMETRIC_REPRESENTATION_CONTEXT(2) 
PARAMETRIC_REPRESENTATION_CONTEXT() REPRESENTATION_CONTEXT('2D SPACE',''
  ) );
#142 = PCURVE('',#143,#148);
#143 = CYLINDRICAL_SURFACE('',#144,0.7);
#144 = AXIS2_PLACEMENT_3D('',#145,#146,#147);
#145 = CARTESIAN_POINT('',(8.017184358199,2.148198074351,-7.6));
#146 = DIRECTION('',(0.,0.,1.));
#147 = DIRECTION('',(0.965925826289,0.258819045103,0.));
#148 = DEFINITIONAL_REPRESENTATION('',(#149),#152);
#149 = B_SPLINE_CURVE_WITH_KNOTS('',1,(#150,#151),.UNSPECIFIED.,.F.,.F.,
  (2,2),(-5.999999999062E-07,5.0000006),.PIECEWISE_BEZIER_KNOTS.);
#150 = CARTESIAN_POINT('',(4.231017951865,0.4999994));
#151 = CARTESIAN_POINT('',(4.231017951865,5.5000006));
#152 = ( GEOMETRIC_REPRESENTATION_CONTEXT(2) 
PARAMETRIC_REPRESENTATION_CONTEXT() REPRESENTATION_CONTEXT('2D SPACE',''
  ) );
#153 = ADVANCED_FACE('',(#154),#90,.F.);
#154 = FACE_BOUND('',#155,.F.);
#155 = EDGE_LOOP('',(#156,#157,#181,#207));
#156 = ORIENTED_EDGE('',*,*,#75,.F.);
#157 = ORIENTED_EDGE('',*,*,#158,.T.);
#158 = EDGE_CURVE('',#76,#159,#161,.T.);
#159 = VERTEX_POINT('',#160);
#160 = CARTESIAN_POINT('',(7.975903614458,-0.620452683835,-7.1));
#161 = SURFACE_CURVE('',#162,(#167,#174),.PCURVE_S1.);
#162 = CIRCLE('',#163,0.7);
#163 = AXIS2_PLACEMENT_3D('',#164,#165,#166);
#164 = CARTESIAN_POINT('',(8.3,0.,-7.1));
#165 = DIRECTION('',(0.,0.,1.));
#166 = DIRECTION('',(1.,0.,-0.));
#167 = PCURVE('',#90,#168);
#168 = DEFINITIONAL_REPRESENTATION('',(#169),#173);
#169 = LINE('',#170,#171);
#170 = CARTESIAN_POINT('',(0.,0.5));
#171 = VECTOR('',#172,1.);
#172 = DIRECTION('',(1.,0.));
#173 = ( GEOMETRIC_REPRESENTATION_CONTEXT(2) 
PARAMETRIC_REPRESENTATION_CONTEXT() REPRESENTATION_CONTEXT('2D SPACE',''
  ) );
#174 = PCURVE('',#118,#175);
#175 = DEFINITIONAL_REPRESENTATION('',(#176),#180);
#176 = CIRCLE('',#177,0.7);
#177 = AXIS2_PLACEMENT_2D('',#178,#179);
#178 = CARTESIAN_POINT('',(8.3,0.));
#179 = DIRECTION('',(1.,0.));
#180 = ( GEOMETRIC_REPRESENTATION_CONTEXT(2) 
PARAMETRIC_REPRESENTATION_CONTEXT() REPRESENTATION_CONTEXT('2D SPACE',''
  ) );
#181 = ORIENTED_EDGE('',*,*,#182,.T.);
#182 = EDGE_CURVE('',#159,#183,#185,.T.);
#183 = VERTEX_POINT('',#184);
#184 = CARTESIAN_POINT('',(7.975903614458,-0.620452683835,-2.1));
#185 = SURFACE_CURVE('',#186,(#190,#196),.PCURVE_S1.);
#186 = LINE('',#187,#188);
#187 = CARTESIAN_POINT('',(7.975903614458,-0.620452683835,-7.1));
#188 = VECTOR('',#189,1.);
#189 = DIRECTION('',(0.,0.,1.));
#190 = PCURVE('',#90,#191);
#191 = DEFINITIONAL_REPRESENTATION('',(#192),#195);
#192 = B_SPLINE_CURVE_WITH_KNOTS('',1,(#193,#194),.UNSPECIFIED.,.F.,.F.,
  (2,2),(-5.999999999062E-07,5.0000006),.PIECEWISE_BEZIER_KNOTS.);
#193 = CARTESIAN_POINT('',(4.231017951865,0.4999994));
#194 = CARTESIAN_POINT('',(4.231017951865,5.5000006));
#195 = ( GEOMETRIC_REPRESENTATION_CONTEXT(2) 
PARAMETRIC_REPRESENTATION_CONTEXT() REPRESENTATION_CONTEXT('2D SPACE',''
  ) );
#196 = PCURVE('',#197,#202);
#197 = CYLINDRICAL_SURFACE('',#198,8.);
#198 = AXIS2_PLACEMENT_3D('',#199,#200,#201);
#199 = CARTESIAN_POINT('',(0.,0.,-7.1));
#200 = DIRECTION('',(0.,0.,1.));
#201 = DIRECTION('',(1.,0.,-0.));
#202 = DEFINITIONAL_REPRESENTATION('',(#203),#206);
#203 = B_SPLINE_CURVE_WITH_KNOTS('',1,(#204,#205),.UNSPECIFIED.,.F.,.F.,
  (2,2),(-5.999999999062E-07,5.0000006),.PIECEWISE_BEZIER_KNOTS.);
#204 = CARTESIAN_POINT('',(6.205550759704,-5.999999999062E-07));
#205 = CARTESIAN_POINT('',(6.205550759704,5.0000006));
#206 = ( GEOMETRIC_REPRESENTATION_CONTEXT(2) 
PARAMETRIC_REPRESENTATION_CONTEXT() REPRESENTATION_CONTEXT('2D SPACE',''
  ) );
#207 = ORIENTED_EDGE('',*,*,#208,.F.);
#208 = EDGE_CURVE('',#40,#183,#209,.T.);
#209 = SURFACE_CURVE('',#210,(#215,#222),.PCURVE_S1.);
#210 = CIRCLE('',#211,0.7);
#211 = AXIS2_PLACEMENT_3D('',#212,#213,#214);
#212 = CARTESIAN_POINT('',(8.3,0.,-2.1));
#213 = DIRECTION('',(0.,0.,1.));
#214 = DIRECTION('',(1.,0.,-0.));
#215 = PCURVE('',#90,#216);
#216 = DEFINITIONAL_REPRESENTATION('',(#217),#221);
#217 = LINE('',#218,#219);
#218 = CARTESIAN_POINT('',(0.,5.5));
#219 = VECTOR('',#220,1.);
#220 = DIRECTION('',(1.,0.));
#221 = ( GEOMETRIC_REPRESENTATION_CONTEXT(2) 
PARAMETRIC_REPRESENTATION_CONTEXT() REPRESENTATION_CONTEXT('2D SPACE',''
  ) );
#222 = PCURVE('',#63,#223);
#223 = DEFINITIONAL_REPRESENTATION('',(#224),#228);
#224 = CIRCLE('',#225,0.7);
#225 = AXIS2_PLACEMENT_2D('',#226,#227);
#226 = CARTESIAN_POINT('',(8.3,0.));
#227 = DIRECTION('',(1.,0.));
#228 = ( GEOMETRIC_REPRESENTATION_CONTEXT(2) 
PARAMETRIC_REPRESENTATION_CONTEXT() REPRESENTATION_CONTEXT('2D SPACE',''
  ) );
#229 = ADVANCED_FACE('',(#230),#197,.T.);
#230 = FACE_BOUND('',#231,.T.);
#231 = EDGE_LOOP('',(#232,#256,#282,#304));
#232 = ORIENTED_EDGE('',*,*,#233,.F.);
#233 = EDGE_CURVE('',#234,#183,#236,.T.);
#234 = VERTEX_POINT('',#235);
#235 = CARTESIAN_POINT('',(7.864716260359,-1.465004486017,-2.1));
#236 = SURFACE_CURVE('',#237,(#242,#249),.PCURVE_S1.);
#237 = CIRCLE('',#238,8.);
#238 = AXIS2_PLACEMENT_3D('',#239,#240,#241);
#239 = CARTESIAN_POINT('',(0.,0.,-2.1));
#240 = DIRECTION('',(0.,0.,1.));
#241 = DIRECTION('',(1.,0.,-0.));
#242 = PCURVE('',#197,#243);
#243 = DEFINITIONAL_REPRESENTATION('',(#244),#248);
#244 = LINE('',#245,#246);
#245 = CARTESIAN_POINT('',(0.,5.));
#246 = VECTOR('',#247,1.);
#247 = DIRECTION('',(1.,0.));
#248 = ( GEOMETRIC_REPRESENTATION_CONTEXT(2) 
PARAMETRIC_REPRESENTATION_CONTEXT() REPRESENTATION_CONTEXT('2D SPACE',''
  ) );
#249 = PCURVE('',#63,#250);
#250 = DEFINITIONAL_REPRESENTATION('',(#251),#255);
#251 = CIRCLE('',#252,8.);
#252 = AXIS2_PLACEMENT_2D('',#253,#254);
#253 = CARTESIAN_POINT('',(0.,0.));
#254 = DIRECTION('',(1.,0.));
#255 = ( GEOMETRIC_REPRESENTATION_CONTEXT(2) 
PARAMETRIC_REPRESENTATION_CONTEXT() REPRESENTATION_CONTEXT('2D SPACE',''
  ) );
#256 = ORIENTED_EDGE('',*,*,#257,.F.);
#257 = EDGE_CURVE('',#258,#234,#260,.T.);
#258 = VERTEX_POINT('',#259);
#259 = CARTESIAN_POINT('',(7.864716260359,-1.465004486017,-7.1));
#260 = SURFACE_CURVE('',#261,(#265,#271),.PCURVE_S1.);
#261 = LINE('',#262,#263);
#262 = CARTESIAN_POINT('',(7.864716260359,-1.465004486017,-7.1));
#263 = VECTOR('',#264,1.);
#264 = DIRECTION('',(0.,0.,1.));
#265 = PCURVE('',#197,#266);
#266 = DEFINITIONAL_REPRESENTATION('',(#267),#270);
#267 = B_SPLINE_CURVE_WITH_KNOTS('',1,(#268,#269),.UNSPECIFIED.,.F.,.F.,
  (2,2),(-5.999999999062E-07,5.0000006),.PIECEWISE_BEZIER_KNOTS.);
#268 = CARTESIAN_POINT('',(6.099020466856,-5.999999999062E-07));
#269 = CARTESIAN_POINT('',(6.099020466856,5.0000006));
#270 = ( GEOMETRIC_REPRESENTATION_CONTEXT(2) 
PARAMETRIC_REPRESENTATION_CONTEXT() REPRESENTATION_CONTEXT('2D SPACE',''
  ) );
#271 = PCURVE('',#272,#277);
#272 = CYLINDRICAL_SURFACE('',#273,0.7);
#273 = AXIS2_PLACEMENT_3D('',#274,#275,#276);
#274 = CARTESIAN_POINT('',(8.017184358199,-2.148198074351,-7.6));
#275 = DIRECTION('',(0.,0.,1.));
#276 = DIRECTION('',(0.965925826289,-0.258819045103,0.));
#277 = DEFINITIONAL_REPRESENTATION('',(#278),#281);
#278 = B_SPLINE_CURVE_WITH_KNOTS('',1,(#279,#280),.UNSPECIFIED.,.F.,.F.,
  (2,2),(-5.999999999062E-07,5.0000006),.PIECEWISE_BEZIER_KNOTS.);
#279 = CARTESIAN_POINT('',(2.052167355314,0.4999994));
#280 = CARTESIAN_POINT('',(2.052167355314,5.5000006));
#281 = ( GEOMETRIC_REPRESENTATION_CONTEXT(2) 
PARAMETRIC_REPRESENTATION_CONTEXT() REPRESENTATION_CONTEXT('2D SPACE',''
  ) );
#282 = ORIENTED_EDGE('',*,*,#283,.T.);
#283 = EDGE_CURVE('',#258,#159,#284,.T.);
#284 = SURFACE_CURVE('',#285,(#290,#297),.PCURVE_S1.);
#285 = CIRCLE('',#286,8.);
#286 = AXIS2_PLACEMENT_3D('',#287,#288,#289);
#287 = CARTESIAN_POINT('',(0.,0.,-7.1));
#288 = DIRECTION('',(0.,0.,1.));
#289 = DIRECTION('',(1.,0.,-0.));
#290 = PCURVE('',#197,#291);
#291 = DEFINITIONAL_REPRESENTATION('',(#292),#296);
#292 = LINE('',#293,#294);
#293 = CARTESIAN_POINT('',(0.,0.));
#294 = VECTOR('',#295,1.);
#295 = DIRECTION('',(1.,0.));
#296 = ( GEOMETRIC_REPRESENTATION_CONTEXT(2) 
PARAMETRIC_REPRESENTATION_CONTEXT() REPRESENTATION_CONTEXT('2D SPACE',''
  ) );
#297 = PCURVE('',#118,#298);
#298 = DEFINITIONAL_REPRESENTATION('',(#299),#303);
#299 = CIRCLE('',#300,8.);
#300 = AXIS2_PLACEMENT_2D('',#301,#302);
#301 = CARTESIAN_POINT('',(0.,0.));
#302 = DIRECTION('',(1.,0.));
#303 = ( GEOMETRIC_REPRESENTATION_CONTEXT(2) 
PARAMETRIC_REPRESENTATION_CONTEXT() REPRESENTATION_CONTEXT('2D SPACE',''
  ) );
#304 = ORIENTED_EDGE('',*,*,#182,.T.);
#305 = ADVANCED_FACE('',(#306),#272,.F.);
#306 = FACE_BOUND('',#307,.F.);
#307 = EDGE_LOOP('',(#308,#332,#333,#357));
#308 = ORIENTED_EDGE('',*,*,#309,.F.);
#309 = EDGE_CURVE('',#234,#310,#312,.T.);
#310 = VERTEX_POINT('',#311);
#311 = CARTESIAN_POINT('',(7.543546318036,-2.663627028631,-2.1));
#312 = SURFACE_CURVE('',#313,(#318,#325),.PCURVE_S1.);
#313 = CIRCLE('',#314,0.7);
#314 = AXIS2_PLACEMENT_3D('',#315,#316,#317);
#315 = CARTESIAN_POINT('',(8.017184358199,-2.148198074351,-2.1));
#316 = DIRECTION('',(0.,0.,1.));
#317 = DIRECTION('',(0.965925826289,-0.258819045103,0.));
#318 = PCURVE('',#272,#319);
#319 = DEFINITIONAL_REPRESENTATION('',(#320),#324);
#320 = LINE('',#321,#322);
#321 = CARTESIAN_POINT('',(1.739406944263E-17,5.5));
#322 = VECTOR('',#323,1.);
#323 = DIRECTION('',(1.,0.));
#324 = ( GEOMETRIC_REPRESENTATION_CONTEXT(2) 
PARAMETRIC_REPRESENTATION_CONTEXT() REPRESENTATION_CONTEXT('2D SPACE',''
  ) );
#325 = PCURVE('',#63,#326);
#326 = DEFINITIONAL_REPRESENTATION('',(#327),#331);
#327 = CIRCLE('',#328,0.7);
#328 = AXIS2_PLACEMENT_2D('',#329,#330);
#329 = CARTESIAN_POINT('',(8.017184358199,-2.148198074351));
#330 = DIRECTION('',(0.965925826289,-0.258819045103));
#331 = ( GEOMETRIC_REPRESENTATION_CONTEXT(2) 
PARAMETRIC_REPRESENTATION_CONTEXT() REPRESENTATION_CONTEXT('2D SPACE',''
  ) );
#332 = ORIENTED_EDGE('',*,*,#257,.F.);
#333 = ORIENTED_EDGE('',*,*,#334,.T.);
#334 = EDGE_CURVE('',#258,#335,#337,.T.);
#335 = VERTEX_POINT('',#336);
#336 = CARTESIAN_POINT('',(7.543546318036,-2.663627028631,-7.1));
#337 = SURFACE_CURVE('',#338,(#343,#350),.PCURVE_S1.);
#338 = CIRCLE('',#339,0.7);
#339 = AXIS2_PLACEMENT_3D('',#340,#341,#342);
#340 = CARTESIAN_POINT('',(8.017184358199,-2.148198074351,-7.1));
#341 = DIRECTION('',(0.,0.,1.));
#342 = DIRECTION('',(0.965925826289,-0.258819045103,0.));
#343 = PCURVE('',#272,#344);
#344 = DEFINITIONAL_REPRESENTATION('',(#345),#349);
#345 = LINE('',#346,#347);
#346 = CARTESIAN_POINT('',(1.739406944263E-17,0.5));
#347 = VECTOR('',#348,1.);
#348 = DIRECTION('',(1.,0.));
#349 = ( GEOMETRIC_REPRESENTATION_CONTEXT(2) 
PARAMETRIC_REPRESENTATION_CONTEXT() REPRESENTATION_CONTEXT('2D SPACE',''
  ) );
#350 = PCURVE('',#118,#351);
#351 = DEFINITIONAL_REPRESENTATION('',(#352),#356);
#352 = CIRCLE('',#353,0.7);
#353 = AXIS2_PLACEMENT_2D('',#354,#355);
#354 = CARTESIAN_POINT('',(8.017184358199,-2.148198074351));
#355 = DIRECTION('',(0.965925826289,-0.258819045103));
#356 = ( GEOMETRIC_REPRESENTATION_CONTEXT(2) 
PARAMETRIC_REPRESENTATION_CONTEXT() REPRESENTATION_CONTEXT('2D SPACE',''
  ) );
#357 = ORIENTED_EDGE('',*,*,#358,.T.);
#358 = EDGE_CURVE('',#335,#310,#359,.T.);
#359 = SURFACE_CURVE('',#360,(#364,#370),.PCURVE_S1.);
#360 = LINE('',#361,#362);
#361 = CARTESIAN_POINT('',(7.543546318036,-2.663627028631,-7.1));
#362 = VECTOR('',#363,1.);
#363 = DIRECTION('',(0.,0.,1.));
#364 = PCURVE('',#272,#365);
#365 = DEFINITIONAL_REPRESENTATION('',(#366),#369);
#366 = B_SPLINE_CURVE_WITH_KNOTS('',1,(#367,#368),.UNSPECIFIED.,.F.,.F.,
  (2,2),(-5.999999999062E-07,5.0000006),.PIECEWISE_BEZIER_KNOTS.);
#367 = CARTESIAN_POINT('',(4.231017951865,0.4999994));
#368 = CARTESIAN_POINT('',(4.231017951865,5.5000006));
#369 = ( GEOMETRIC_REPRESENTATION_CONTEXT(2) 
PARAMETRIC_REPRESENTATION_CONTEXT() REPRESENTATION_CONTEXT('2D SPACE',''
  ) );
#370 = PCURVE('',#371,#376);
#371 = CYLINDRICAL_SURFACE('',#372,8.);
#372 = AXIS2_PLACEMENT_3D('',#373,#374,#375);
#373 = CARTESIAN_POINT('',(0.,0.,-7.1));
#374 = DIRECTION('',(0.,0.,1.));
#375 = DIRECTION('',(1.,0.,-0.));
#376 = DEFINITIONAL_REPRESENTATION('',(#377),#380);
#377 = B_SPLINE_CURVE_WITH_KNOTS('',1,(#378,#379),.UNSPECIFIED.,.F.,.F.,
  (2,2),(-5.999999999062E-07,5.0000006),.PIECEWISE_BEZIER_KNOTS.);
#378 = CARTESIAN_POINT('',(5.943751371905,-5.999999999062E-07));
#379 = CARTESIAN_POINT('',(5.943751371905,5.0000006));
#380 = ( GEOMETRIC_REPRESENTATION_CONTEXT(2) 
PARAMETRIC_REPRESENTATION_CONTEXT() REPRESENTATION_CONTEXT('2D SPACE',''
  ) );
#381 = ADVANCED_FACE('',(#382),#371,.T.);
#382 = FACE_BOUND('',#383,.T.);
#383 = EDGE_LOOP('',(#384,#408,#434,#456));
#384 = ORIENTED_EDGE('',*,*,#385,.F.);
#385 = EDGE_CURVE('',#386,#310,#388,.T.);
#386 = VERTEX_POINT('',#387);
#387 = CARTESIAN_POINT('',(7.217561490174,-3.450624021181,-2.1));
#388 = SURFACE_CURVE('',#389,(#394,#401),.PCURVE_S1.);
#389 = CIRCLE('',#390,8.);
#390 = AXIS2_PLACEMENT_3D('',#391,#392,#393);
#391 = CARTESIAN_POINT('',(0.,0.,-2.1));
#392 = DIRECTION('',(0.,0.,1.));
#393 = DIRECTION('',(1.,0.,-0.));
#394 = PCURVE('',#371,#395);
#395 = DEFINITIONAL_REPRESENTATION('',(#396),#400);
#396 = LINE('',#397,#398);
#397 = CARTESIAN_POINT('',(0.,5.));
#398 = VECTOR('',#399,1.);
#399 = DIRECTION('',(1.,0.));
#400 = ( GEOMETRIC_REPRESENTATION_CONTEXT(2) 
PARAMETRIC_REPRESENTATION_CONTEXT() REPRESENTATION_CONTEXT('2D SPACE',''
  ) );
#401 = PCURVE('',#63,#402);
#402 = DEFINITIONAL_REPRESENTATION('',(#403),#407);
#403 = CIRCLE('',#404,8.);
#404 = AXIS2_PLACEMENT_2D('',#405,#406);
#405 = CARTESIAN_POINT('',(0.,0.));
#406 = DIRECTION('',(1.,0.));
#407 = ( GEOMETRIC_REPRESENTATION_CONTEXT(2) 
PARAMETRIC_REPRESENTATION_CONTEXT() REPRESENTATION_CONTEXT('2D SPACE',''
  ) );
#408 = ORIENTED_EDGE('',*,*,#409,.F.);
#409 = EDGE_CURVE('',#410,#386,#412,.T.);
#410 = VERTEX_POINT('',#411);
#411 = CARTESIAN_POINT('',(7.217561490174,-3.450624021181,-7.1));
#412 = SURFACE_CURVE('',#413,(#417,#423),.PCURVE_S1.);
#413 = LINE('',#414,#415);
#414 = CARTESIAN_POINT('',(7.217561490174,-3.450624021181,-7.1));
#415 = VECTOR('',#416,1.);
#416 = DIRECTION('',(0.,0.,1.));
#417 = PCURVE('',#371,#418);
#418 = DEFINITIONAL_REPRESENTATION('',(#419),#422);
#419 = B_SPLINE_CURVE_WITH_KNOTS('',1,(#420,#421),.UNSPECIFIED.,.F.,.F.,
  (2,2),(-5.999999999062E-07,5.0000006),.PIECEWISE_BEZIER_KNOTS.);
#420 = CARTESIAN_POINT('',(5.837221079057,-5.999999999062E-07));
#421 = CARTESIAN_POINT('',(5.837221079057,5.0000006));
#422 = ( GEOMETRIC_REPRESENTATION_CONTEXT(2) 
PARAMETRIC_REPRESENTATION_CONTEXT() REPRESENTATION_CONTEXT('2D SPACE',''
  ) );
#423 = PCURVE('',#424,#429);
#424 = CYLINDRICAL_SURFACE('',#425,0.7);
#425 = AXIS2_PLACEMENT_3D('',#426,#427,#428);
#426 = CARTESIAN_POINT('',(7.188010851411,-4.15,-7.6));
#427 = DIRECTION('',(0.,0.,1.));
#428 = DIRECTION('',(0.866025403784,-0.5,0.));
#429 = DEFINITIONAL_REPRESENTATION('',(#430),#433);
#430 = B_SPLINE_CURVE_WITH_KNOTS('',1,(#431,#432),.UNSPECIFIED.,.F.,.F.,
  (2,2),(-5.999999999062E-07,5.0000006),.PIECEWISE_BEZIER_KNOTS.);
#431 = CARTESIAN_POINT('',(2.052167355314,0.4999994));
#432 = CARTESIAN_POINT('',(2.052167355314,5.5000006));
#433 = ( GEOMETRIC_REPRESENTATION_CONTEXT(2) 
PARAMETRIC_REPRESENTATION_CONTEXT() REPRESENTATION_CONTEXT('2D SPACE',''
  ) );
#434 = ORIENTED_EDGE('',*,*,#435,.T.);
#435 = EDGE_CURVE('',#410,#335,#436,.T.);
#436 = SURFACE_CURVE('',#437,(#442,#449),.PCURVE_S1.);
#437 = CIRCLE('',#438,8.);
#438 = AXIS2_PLACEMENT_3D('',#439,#440,#441);
#439 = CARTESIAN_POINT('',(0.,0.,-7.1));
#440 = DIRECTION('',(0.,0.,1.));
#441 = DIRECTION('',(1.,0.,-0.));
#442 = PCURVE('',#371,#443);
#443 = DEFINITIONAL_REPRESENTATION('',(#444),#448);
#444 = LINE('',#445,#446);
#445 = CARTESIAN_POINT('',(0.,0.));
#446 = VECTOR('',#447,1.);
#447 = DIRECTION('',(1.,0.));
#448 = ( GEOMETRIC_REPRESENTATION_CONTEXT(2) 
PARAMETRIC_REPRESENTATION_CONTEXT() REPRESENTATION_CONTEXT('2D SPACE',''
  ) );
#449 = PCURVE('',#118,#450);
#450 = DEFINITIONAL_REPRESENTATION('',(#451),#455);
#451 = CIRCLE('',#452,8.);
#452 = AXIS2_PLACEMENT_2D('',#453,#454);
#453 = CARTESIAN_POINT('',(0.,0.));
#454 = DIRECTION('',(1.,0.));
#455 = ( GEOMETRIC_REPRESENTATION_CONTEXT(2) 
PARAMETRIC_REPRESENTATION_CONTEXT() REPRESENTATION_CONTEXT('2D SPACE',''
  ) );
#456 = ORIENTED_EDGE('',*,*,#358,.T.);
#457 = ADVANCED_FACE('',(#458),#424,.F.);
#458 = FACE_BOUND('',#459,.F.);
#459 = EDGE_LOOP('',(#460,#484,#485,#509));
#460 = ORIENTED_EDGE('',*,*,#461,.F.);
#461 = EDGE_CURVE('',#386,#462,#464,.T.);
#462 = VERTEX_POINT('',#463);
#463 = CARTESIAN_POINT('',(6.597108806339,-4.525279593277,-2.1));
#464 = SURFACE_CURVE('',#465,(#470,#477),.PCURVE_S1.);
#465 = CIRCLE('',#466,0.7);
#466 = AXIS2_PLACEMENT_3D('',#467,#468,#469);
#467 = CARTESIAN_POINT('',(7.188010851411,-4.15,-2.1));
#468 = DIRECTION('',(0.,0.,1.));
#469 = DIRECTION('',(0.866025403784,-0.5,0.));
#470 = PCURVE('',#424,#471);
#471 = DEFINITIONAL_REPRESENTATION('',(#472),#476);
#472 = LINE('',#473,#474);
#473 = CARTESIAN_POINT('',(3.985521342092E-18,5.5));
#474 = VECTOR('',#475,1.);
#475 = DIRECTION('',(1.,0.));
#476 = ( GEOMETRIC_REPRESENTATION_CONTEXT(2) 
PARAMETRIC_REPRESENTATION_CONTEXT() REPRESENTATION_CONTEXT('2D SPACE',''
  ) );
#477 = PCURVE('',#63,#478);
#478 = DEFINITIONAL_REPRESENTATION('',(#479),#483);
#479 = CIRCLE('',#480,0.7);
#480 = AXIS2_PLACEMENT_2D('',#481,#482);
#481 = CARTESIAN_POINT('',(7.188010851411,-4.15));
#482 = DIRECTION('',(0.866025403784,-0.5));
#483 = ( GEOMETRIC_REPRESENTATION_CONTEXT(2) 
PARAMETRIC_REPRESENTATION_CONTEXT() REPRESENTATION_CONTEXT('2D SPACE',''
  ) );
#484 = ORIENTED_EDGE('',*,*,#409,.F.);
#485 = ORIENTED_EDGE('',*,*,#486,.T.);
#486 = EDGE_CURVE('',#410,#487,#489,.T.);
#487 = VERTEX_POINT('',#488);
#488 = CARTESIAN_POINT('',(6.597108806339,-4.525279593277,-7.1));
#489 = SURFACE_CURVE('',#490,(#495,#502),.PCURVE_S1.);
#490 = CIRCLE('',#491,0.7);
#491 = AXIS2_PLACEMENT_3D('',#492,#493,#494);
#492 = CARTESIAN_POINT('',(7.188010851411,-4.15,-7.1));
#493 = DIRECTION('',(0.,0.,1.));
#494 = DIRECTION('',(0.866025403784,-0.5,0.));
#495 = PCURVE('',#424,#496);
#496 = DEFINITIONAL_REPRESENTATION('',(#497),#501);
#497 = LINE('',#498,#499);
#498 = CARTESIAN_POINT('',(3.985521342092E-18,0.5));
#499 = VECTOR('',#500,1.);
#500 = DIRECTION('',(1.,0.));
#501 = ( GEOMETRIC_REPRESENTATION_CONTEXT(2) 
PARAMETRIC_REPRESENTATION_CONTEXT() REPRESENTATION_CONTEXT('2D SPACE',''
  ) );
#502 = PCURVE('',#118,#503);
#503 = DEFINITIONAL_REPRESENTATION('',(#504),#508);
#504 = CIRCLE('',#505,0.7);
#505 = AXIS2_PLACEMENT_2D('',#506,#507);
#506 = CARTESIAN_POINT('',(7.188010851411,-4.15));
#507 = DIRECTION('',(0.866025403784,-0.5));
#508 = ( GEOMETRIC_REPRESENTATION_CONTEXT(2) 
PARAMETRIC_REPRESENTATION_CONTEXT() REPRESENTATION_CONTEXT('2D SPACE',''
  ) );
#509 = ORIENTED_EDGE('',*,*,#510,.T.);
#510 = EDGE_CURVE('',#487,#462,#511,.T.);
#511 = SURFACE_CURVE('',#512,(#516,#522),.PCURVE_S1.);
#512 = LINE('',#513,#514);
#513 = CARTESIAN_POINT('',(6.597108806339,-4.525279593277,-7.1));
#514 = VECTOR('',#515,1.);
#515 = DIRECTION('',(0.,0.,1.));
#516 = PCURVE('',#424,#517);
#517 = DEFINITIONAL_REPRESENTATION('',(#518),#521);
#518 = B_SPLINE_CURVE_WITH_KNOTS('',1,(#519,#520),.UNSPECIFIED.,.F.,.F.,
  (2,2),(-5.999999999062E-07,5.0000006),.PIECEWISE_BEZIER_KNOTS.);
#519 = CARTESIAN_POINT('',(4.231017951865,0.4999994));
#520 = CARTESIAN_POINT('',(4.231017951865,5.5000006));
#521 = ( GEOMETRIC_REPRESENTATION_CONTEXT(2) 
PARAMETRIC_REPRESENTATION_CONTEXT() REPRESENTATION_CONTEXT('2D SPACE',''
  ) );
#522 = PCURVE('',#523,#528);
#523 = CYLINDRICAL_SURFACE('',#524,8.);
#524 = AXIS2_PLACEMENT_3D('',#525,#526,#527);
#525 = CARTESIAN_POINT('',(0.,0.,-7.1));
#526 = DIRECTION('',(0.,0.,1.));
#527 = DIRECTION('',(1.,0.,-0.));
#528 = DEFINITIONAL_REPRESENTATION('',(#529),#532);
#529 = B_SPLINE_CURVE_WITH_KNOTS('',1,(#530,#531),.UNSPECIFIED.,.F.,.F.,
  (2,2),(-5.999999999062E-07,5.0000006),.PIECEWISE_BEZIER_KNOTS.);
#530 = CARTESIAN_POINT('',(5.681951984106,-5.999999999062E-07));
#531 = CARTESIAN_POINT('',(5.681951984106,5.0000006));
#532 = ( GEOMETRIC_REPRESENTATION_CONTEXT(2) 
PARAMETRIC_REPRESENTATION_CONTEXT() REPRESENTATION_CONTEXT('2D SPACE',''
  ) );
#533 = ADVANCED_FACE('',(#534),#523,.T.);
#534 = FACE_BOUND('',#535,.T.);
#535 = EDGE_LOOP('',(#536,#560,#586,#608));
#536 = ORIENTED_EDGE('',*,*,#537,.F.);
#537 = EDGE_CURVE('',#538,#462,#540,.T.);
#538 = VERTEX_POINT('',#539);
#539 = CARTESIAN_POINT('',(6.078541832019,-5.201089231728,-2.1));
#540 = SURFACE_CURVE('',#541,(#546,#553),.PCURVE_S1.);
#541 = CIRCLE('',#542,8.);
#542 = AXIS2_PLACEMENT_3D('',#543,#544,#545);
#543 = CARTESIAN_POINT('',(0.,0.,-2.1));
#544 = DIRECTION('',(0.,0.,1.));
#545 = DIRECTION('',(1.,0.,-0.));
#546 = PCURVE('',#523,#547);
#547 = DEFINITIONAL_REPRESENTATION('',(#548),#552);
#548 = LINE('',#549,#550);
#549 = CARTESIAN_POINT('',(0.,5.));
#550 = VECTOR('',#551,1.);
#551 = DIRECTION('',(1.,0.));
#552 = ( GEOMETRIC_REPRESENTATION_CONTEXT(2) 
PARAMETRIC_REPRESENTATION_CONTEXT() REPRESENTATION_CONTEXT('2D SPACE',''
  ) );
#553 = PCURVE('',#63,#554);
#554 = DEFINITIONAL_REPRESENTATION('',(#555),#559);
#555 = CIRCLE('',#556,8.);
#556 = AXIS2_PLACEMENT_2D('',#557,#558);
#557 = CARTESIAN_POINT('',(0.,0.));
#558 = DIRECTION('',(1.,0.));
#559 = ( GEOMETRIC_REPRESENTATION_CONTEXT(2) 
PARAMETRIC_REPRESENTATION_CONTEXT() REPRESENTATION_CONTEXT('2D SPACE',''
  ) );
#560 = ORIENTED_EDGE('',*,*,#561,.F.);
#561 = EDGE_CURVE('',#562,#538,#564,.T.);
#562 = VERTEX_POINT('',#563);
#563 = CARTESIAN_POINT('',(6.078541832019,-5.201089231728,-7.1));
#564 = SURFACE_CURVE('',#565,(#569,#575),.PCURVE_S1.);
#565 = LINE('',#566,#567);
#566 = CARTESIAN_POINT('',(6.078541832019,-5.201089231728,-7.1));
#567 = VECTOR('',#568,1.);
#568 = DIRECTION('',(0.,0.,1.));
#569 = PCURVE('',#523,#570);
#570 = DEFINITIONAL_REPRESENTATION('',(#571),#574);
#571 = B_SPLINE_CURVE_WITH_KNOTS('',1,(#572,#573),.UNSPECIFIED.,.F.,.F.,
  (2,2),(-5.999999999062E-07,5.0000006),.PIECEWISE_BEZIER_KNOTS.);
#572 = CARTESIAN_POINT('',(5.575421691257,-5.999999999062E-07));
#573 = CARTESIAN_POINT('',(5.575421691257,5.0000006));
#574 = ( GEOMETRIC_REPRESENTATION_CONTEXT(2) 
PARAMETRIC_REPRESENTATION_CONTEXT() REPRESENTATION_CONTEXT('2D SPACE',''
  ) );
#575 = PCURVE('',#576,#581);
#576 = CYLINDRICAL_SURFACE('',#577,0.7);
#577 = AXIS2_PLACEMENT_3D('',#578,#579,#580);
#578 = CARTESIAN_POINT('',(5.868986283848,-5.868986283848,-7.6));
#579 = DIRECTION('',(0.,0.,1.));
#580 = DIRECTION('',(0.707106781187,-0.707106781187,0.));
#581 = DEFINITIONAL_REPRESENTATION('',(#582),#585);
#582 = B_SPLINE_CURVE_WITH_KNOTS('',1,(#583,#584),.UNSPECIFIED.,.F.,.F.,
  (2,2),(-5.999999999062E-07,5.0000006),.PIECEWISE_BEZIER_KNOTS.);
#583 = CARTESIAN_POINT('',(2.052167355314,0.4999994));
#584 = CARTESIAN_POINT('',(2.052167355314,5.5000006));
#585 = ( GEOMETRIC_REPRESENTATION_CONTEXT(2) 
PARAMETRIC_REPRESENTATION_CONTEXT() REPRESENTATION_CONTEXT('2D SPACE',''
  ) );
#586 = ORIENTED_EDGE('',*,*,#587,.T.);
#587 = EDGE_CURVE('',#562,#487,#588,.T.);
#588 = SURFACE_CURVE('',#589,(#594,#601),.PCURVE_S1.);
#589 = CIRCLE('',#590,8.);
#590 = AXIS2_PLACEMENT_3D('',#591,#592,#593);
#591 = CARTESIAN_POINT('',(0.,0.,-7.1));
#592 = DIRECTION('',(0.,0.,1.));
#593 = DIRECTION('',(1.,0.,-0.));
#594 = PCURVE('',#523,#595);
#595 = DEFINITIONAL_REPRESENTATION('',(#596),#600);
#596 = LINE('',#597,#598);
#597 = CARTESIAN_POINT('',(0.,0.));
#598 = VECTOR('',#599,1.);
#599 = DIRECTION('',(1.,0.));
#600 = ( GEOMETRIC_REPRESENTATION_CONTEXT(2) 
PARAMETRIC_REPRESENTATION_CONTEXT() REPRESENTATION_CONTEXT('2D SPACE',''
  ) );
#601 = PCURVE('',#118,#602);
#602 = DEFINITIONAL_REPRESENTATION('',(#603),#607);
#603 = CIRCLE('',#604,8.);
#604 = AXIS2_PLACEMENT_2D('',#605,#606);
#605 = CARTESIAN_POINT('',(0.,0.));
#606 = DIRECTION('',(1.,0.));
#607 = ( GEOMETRIC_REPRESENTATION_CONTEXT(2) 
PARAMETRIC_REPRESENTATION_CONTEXT() REPRESENTATION_CONTEXT('2D SPACE',''
  ) );
#608 = ORIENTED_EDGE('',*,*,#510,.T.);
#609 = ADVANCED_FACE('',(#610),#576,.F.);
#610 = FACE_BOUND('',#611,.F.);
#611 = EDGE_LOOP('',(#612,#636,#637,#661));
#612 = ORIENTED_EDGE('',*,*,#613,.F.);
#613 = EDGE_CURVE('',#538,#614,#616,.T.);
#614 = VERTEX_POINT('',#615);
#615 = CARTESIAN_POINT('',(5.201089231728,-6.078541832019,-2.1));
#616 = SURFACE_CURVE('',#617,(#622,#629),.PCURVE_S1.);
#617 = CIRCLE('',#618,0.7);
#618 = AXIS2_PLACEMENT_3D('',#619,#620,#621);
#619 = CARTESIAN_POINT('',(5.868986283848,-5.868986283848,-2.1));
#620 = DIRECTION('',(0.,0.,1.));
#621 = DIRECTION('',(0.707106781187,-0.707106781187,0.));
#622 = PCURVE('',#576,#623);
#623 = DEFINITIONAL_REPRESENTATION('',(#624),#628);
#624 = LINE('',#625,#626);
#625 = CARTESIAN_POINT('',(1.014653635757E-17,5.5));
#626 = VECTOR('',#627,1.);
#627 = DIRECTION('',(1.,0.));
#628 = ( GEOMETRIC_REPRESENTATION_CONTEXT(2) 
PARAMETRIC_REPRESENTATION_CONTEXT() REPRESENTATION_CONTEXT('2D SPACE',''
  ) );
#629 = PCURVE('',#63,#630);
#630 = DEFINITIONAL_REPRESENTATION('',(#631),#635);
#631 = CIRCLE('',#632,0.7);
#632 = AXIS2_PLACEMENT_2D('',#633,#634);
#633 = CARTESIAN_POINT('',(5.868986283848,-5.868986283848));
#634 = DIRECTION('',(0.707106781187,-0.707106781187));
#635 = ( GEOMETRIC_REPRESENTATION_CONTEXT(2) 
PARAMETRIC_REPRESENTATION_CONTEXT() REPRESENTATION_CONTEXT('2D SPACE',''
  ) );
#636 = ORIENTED_EDGE('',*,*,#561,.F.);
#637 = ORIENTED_EDGE('',*,*,#638,.T.);
#638 = EDGE_CURVE('',#562,#639,#641,.T.);
#639 = VERTEX_POINT('',#640);
#640 = CARTESIAN_POINT('',(5.201089231728,-6.078541832019,-7.1));
#641 = SURFACE_CURVE('',#642,(#647,#654),.PCURVE_S1.);
#642 = CIRCLE('',#643,0.7);
#643 = AXIS2_PLACEMENT_3D('',#644,#645,#646);
#644 = CARTESIAN_POINT('',(5.868986283848,-5.868986283848,-7.1));
#645 = DIRECTION('',(0.,0.,1.));
#646 = DIRECTION('',(0.707106781187,-0.707106781187,0.));
#647 = PCURVE('',#576,#648);
#648 = DEFINITIONAL_REPRESENTATION('',(#649),#653);
#649 = LINE('',#650,#651);
#650 = CARTESIAN_POINT('',(1.014653635757E-17,0.5));
#651 = VECTOR('',#652,1.);
#652 = DIRECTION('',(1.,0.));
#653 = ( GEOMETRIC_REPRESENTATION_CONTEXT(2) 
PARAMETRIC_REPRESENTATION_CONTEXT() REPRESENTATION_CONTEXT('2D SPACE',''
  ) );
#654 = PCURVE('',#118,#655);
#655 = DEFINITIONAL_REPRESENTATION('',(#656),#660);
#656 = CIRCLE('',#657,0.7);
#657 = AXIS2_PLACEMENT_2D('',#658,#659);
#658 = CARTESIAN_POINT('',(5.868986283848,-5.868986283848));
#659 = DIRECTION('',(0.707106781187,-0.707106781187));
#660 = ( GEOMETRIC_REPRESENTATION_CONTEXT(2) 
PARAMETRIC_REPRESENTATION_CONTEXT() REPRESENTATION_CONTEXT('2D SPACE',''
  ) );
#661 = ORIENTED_EDGE('',*,*,#662,.T.);
#662 = EDGE_CURVE('',#639,#614,#663,.T.);
#663 = SURFACE_CURVE('',#664,(#668,#674),.PCURVE_S1.);
#664 = LINE('',#665,#666);
#665 = CARTESIAN_POINT('',(5.201089231728,-6.078541832019,-7.1));
#666 = VECTOR('',#667,1.);
#667 = DIRECTION('',(0.,0.,1.));
#668 = PCURVE('',#576,#669);
#669 = DEFINITIONAL_REPRESENTATION('',(#670),#673);
#670 = B_SPLINE_CURVE_WITH_KNOTS('',1,(#671,#672),.UNSPECIFIED.,.F.,.F.,
  (2,2),(-5.999999999062E-07,5.0000006),.PIECEWISE_BEZIER_KNOTS.);
#671 = CARTESIAN_POINT('',(4.231017951865,0.4999994));
#672 = CARTESIAN_POINT('',(4.231017951865,5.5000006));
#673 = ( GEOMETRIC_REPRESENTATION_CONTEXT(2) 
PARAMETRIC_REPRESENTATION_CONTEXT() REPRESENTATION_CONTEXT('2D SPACE',''
  ) );
#674 = PCURVE('',#675,#680);
#675 = CYLINDRICAL_SURFACE('',#676,8.);
#676 = AXIS2_PLACEMENT_3D('',#677,#678,#679);
#677 = CARTESIAN_POINT('',(0.,0.,-7.1));
#678 = DIRECTION('',(0.,0.,1.));
#679 = DIRECTION('',(1.,0.,-0.));
#680 = DEFINITIONAL_REPRESENTATION('',(#681),#684);
#681 = B_SPLINE_CURVE_WITH_KNOTS('',1,(#682,#683),.UNSPECIFIED.,.F.,.F.,
  (2,2),(-5.999999999062E-07,5.0000006),.PIECEWISE_BEZIER_KNOTS.);
#682 = CARTESIAN_POINT('',(5.420152596307,-5.999999999062E-07));
#683 = CARTESIAN_POINT('',(5.420152596307,5.0000006));
#684 = ( GEOMETRIC_REPRESENTATION_CONTEXT(2) 
PARAMETRIC_REPRESENTATION_CONTEXT() REPRESENTATION_CONTEXT('2D SPACE',''
  ) );
#685 = ADVANCED_FACE('',(#686),#675,.T.);
#686 = FACE_BOUND('',#687,.T.);
#687 = EDGE_LOOP('',(#688,#712,#738,#760));
#688 = ORIENTED_EDGE('',*,*,#689,.F.);
#689 = EDGE_CURVE('',#690,#614,#692,.T.);
#690 = VERTEX_POINT('',#691);
#691 = CARTESIAN_POINT('',(4.525279593277,-6.597108806339,-2.1));
#692 = SURFACE_CURVE('',#693,(#698,#705),.PCURVE_S1.);
#693 = CIRCLE('',#694,8.);
#694 = AXIS2_PLACEMENT_3D('',#695,#696,#697);
#695 = CARTESIAN_POINT('',(0.,0.,-2.1));
#696 = DIRECTION('',(0.,0.,1.));
#697 = DIRECTION('',(1.,0.,-0.));
#698 = PCURVE('',#675,#699);
#699 = DEFINITIONAL_REPRESENTATION('',(#700),#704);
#700 = LINE('',#701,#702);
#701 = CARTESIAN_POINT('',(0.,5.));
#702 = VECTOR('',#703,1.);
#703 = DIRECTION('',(1.,0.));
#704 = ( GEOMETRIC_REPRESENTATION_CONTEXT(2) 
PARAMETRIC_REPRESENTATION_CONTEXT() REPRESENTATION_CONTEXT('2D SPACE',''
  ) );
#705 = PCURVE('',#63,#706);
#706 = DEFINITIONAL_REPRESENTATION('',(#707),#711);
#707 = CIRCLE('',#708,8.);
#708 = AXIS2_PLACEMENT_2D('',#709,#710);
#709 = CARTESIAN_POINT('',(0.,0.));
#710 = DIRECTION('',(1.,0.));
#711 = ( GEOMETRIC_REPRESENTATION_CONTEXT(2) 
PARAMETRIC_REPRESENTATION_CONTEXT() REPRESENTATION_CONTEXT('2D SPACE',''
  ) );
#712 = ORIENTED_EDGE('',*,*,#713,.F.);
#713 = EDGE_CURVE('',#714,#690,#716,.T.);
#714 = VERTEX_POINT('',#715);
#715 = CARTESIAN_POINT('',(4.525279593277,-6.597108806339,-7.1));
#716 = SURFACE_CURVE('',#717,(#721,#727),.PCURVE_S1.);
#717 = LINE('',#718,#719);
#718 = CARTESIAN_POINT('',(4.525279593277,-6.597108806339,-7.1));
#719 = VECTOR('',#720,1.);
#720 = DIRECTION('',(0.,0.,1.));
#721 = PCURVE('',#675,#722);
#722 = DEFINITIONAL_REPRESENTATION('',(#723),#726);
#723 = B_SPLINE_CURVE_WITH_KNOTS('',1,(#724,#725),.UNSPECIFIED.,.F.,.F.,
  (2,2),(-5.999999999062E-07,5.0000006),.PIECEWISE_BEZIER_KNOTS.);
#724 = CARTESIAN_POINT('',(5.313622303458,-5.999999999062E-07));
#725 = CARTESIAN_POINT('',(5.313622303458,5.0000006));
#726 = ( GEOMETRIC_REPRESENTATION_CONTEXT(2) 
PARAMETRIC_REPRESENTATION_CONTEXT() REPRESENTATION_CONTEXT('2D SPACE',''
  ) );
#727 = PCURVE('',#728,#733);
#728 = CYLINDRICAL_SURFACE('',#729,0.7);
#729 = AXIS2_PLACEMENT_3D('',#730,#731,#732);
#730 = CARTESIAN_POINT('',(4.15,-7.188010851411,-7.6));
#731 = DIRECTION('',(0.,0.,1.));
#732 = DIRECTION('',(0.5,-0.866025403784,0.));
#733 = DEFINITIONAL_REPRESENTATION('',(#734),#737);
#734 = B_SPLINE_CURVE_WITH_KNOTS('',1,(#735,#736),.UNSPECIFIED.,.F.,.F.,
  (2,2),(-5.999999999062E-07,5.0000006),.PIECEWISE_BEZIER_KNOTS.);
#735 = CARTESIAN_POINT('',(2.052167355314,0.4999994));
#736 = CARTESIAN_POINT('',(2.052167355314,5.5000006));
#737 = ( GEOMETRIC_REPRESENTATION_CONTEXT(2) 
PARAMETRIC_REPRESENTATION_CONTEXT() REPRESENTATION_CONTEXT('2D SPACE',''
  ) );
#738 = ORIENTED_EDGE('',*,*,#739,.T.);
#739 = EDGE_CURVE('',#714,#639,#740,.T.);
#740 = SURFACE_CURVE('',#741,(#746,#753),.PCURVE_S1.);
#741 = CIRCLE('',#742,8.);
#742 = AXIS2_PLACEMENT_3D('',#743,#744,#745);
#743 = CARTESIAN_POINT('',(0.,0.,-7.1));
#744 = DIRECTION('',(0.,0.,1.));
#745 = DIRECTION('',(1.,0.,-0.));
#746 = PCURVE('',#675,#747);
#747 = DEFINITIONAL_REPRESENTATION('',(#748),#752);
#748 = LINE('',#749,#750);
#749 = CARTESIAN_POINT('',(0.,0.));
#750 = VECTOR('',#751,1.);
#751 = DIRECTION('',(1.,0.));
#752 = ( GEOMETRIC_REPRESENTATION_CONTEXT(2) 
PARAMETRIC_REPRESENTATION_CONTEXT() REPRESENTATION_CONTEXT('2D SPACE',''
  ) );
#753 = PCURVE('',#118,#754);
#754 = DEFINITIONAL_REPRESENTATION('',(#755),#759);
#755 = CIRCLE('',#756,8.);
#756 = AXIS2_PLACEMENT_2D('',#757,#758);
#757 = CARTESIAN_POINT('',(0.,0.));
#758 = DIRECTION('',(1.,0.));
#759 = ( GEOMETRIC_REPRESENTATION_CONTEXT(2) 
PARAMETRIC_REPRESENTATION_CONTEXT() REPRESENTATION_CONTEXT('2D SPACE',''
  ) );
#760 = ORIENTED_EDGE('',*,*,#662,.T.);
#761 = ADVANCED_FACE('',(#762),#728,.F.);
#762 = FACE_BOUND('',#763,.F.);
#763 = EDGE_LOOP('',(#764,#788,#789,#813));
#764 = ORIENTED_EDGE('',*,*,#765,.F.);
#765 = EDGE_CURVE('',#690,#766,#768,.T.);
#766 = VERTEX_POINT('',#767);
#767 = CARTESIAN_POINT('',(3.450624021181,-7.217561490174,-2.1));
#768 = SURFACE_CURVE('',#769,(#774,#781),.PCURVE_S1.);
#769 = CIRCLE('',#770,0.7);
#770 = AXIS2_PLACEMENT_3D('',#771,#772,#773);
#771 = CARTESIAN_POINT('',(4.15,-7.188010851411,-2.1));
#772 = DIRECTION('',(0.,0.,1.));
#773 = DIRECTION('',(0.5,-0.866025403784,0.));
#774 = PCURVE('',#728,#775);
#775 = DEFINITIONAL_REPRESENTATION('',(#776),#780);
#776 = LINE('',#777,#778);
#777 = CARTESIAN_POINT('',(1.487416814334E-17,5.5));
#778 = VECTOR('',#779,1.);
#779 = DIRECTION('',(1.,0.));
#780 = ( GEOMETRIC_REPRESENTATION_CONTEXT(2) 
PARAMETRIC_REPRESENTATION_CONTEXT() REPRESENTATION_CONTEXT('2D SPACE',''
  ) );
#781 = PCURVE('',#63,#782);
#782 = DEFINITIONAL_REPRESENTATION('',(#783),#787);
#783 = CIRCLE('',#784,0.7);
#784 = AXIS2_PLACEMENT_2D('',#785,#786);
#785 = CARTESIAN_POINT('',(4.15,-7.188010851411));
#786 = DIRECTION('',(0.5,-0.866025403784));
#787 = ( GEOMETRIC_REPRESENTATION_CONTEXT(2) 
PARAMETRIC_REPRESENTATION_CONTEXT() REPRESENTATION_CONTEXT('2D SPACE',''
  ) );
#788 = ORIENTED_EDGE('',*,*,#713,.F.);
#789 = ORIENTED_EDGE('',*,*,#790,.T.);
#790 = EDGE_CURVE('',#714,#791,#793,.T.);
#791 = VERTEX_POINT('',#792);
#792 = CARTESIAN_POINT('',(3.450624021181,-7.217561490174,-7.1));
#793 = SURFACE_CURVE('',#794,(#799,#806),.PCURVE_S1.);
#794 = CIRCLE('',#795,0.7);
#795 = AXIS2_PLACEMENT_3D('',#796,#797,#798);
#796 = CARTESIAN_POINT('',(4.15,-7.188010851411,-7.1));
#797 = DIRECTION('',(0.,0.,1.));
#798 = DIRECTION('',(0.5,-0.866025403784,0.));
#799 = PCURVE('',#728,#800);
#800 = DEFINITIONAL_REPRESENTATION('',(#801),#805);
#801 = LINE('',#802,#803);
#802 = CARTESIAN_POINT('',(1.487416814334E-17,0.5));
#803 = VECTOR('',#804,1.);
#804 = DIRECTION('',(1.,0.));
#805 = ( GEOMETRIC_REPRESENTATION_CONTEXT(2) 
PARAMETRIC_REPRESENTATION_CONTEXT() REPRESENTATION_CONTEXT('2D SPACE',''
  ) );
#806 = PCURVE('',#118,#807);
#807 = DEFINITIONAL_REPRESENTATION('',(#808),#812);
#808 = CIRCLE('',#809,0.7);
#809 = AXIS2_PLACEMENT_2D('',#810,#811);
#810 = CARTESIAN_POINT('',(4.15,-7.188010851411));
#811 = DIRECTION('',(0.5,-0.866025403784));
#812 = ( GEOMETRIC_REPRESENTATION_CONTEXT(2) 
PARAMETRIC_REPRESENTATION_CONTEXT() REPRESENTATION_CONTEXT('2D SPACE',''
  ) );
#813 = ORIENTED_EDGE('',*,*,#814,.T.);
#814 = EDGE_CURVE('',#791,#766,#815,.T.);
#815 = SURFACE_CURVE('',#816,(#820,#826),.PCURVE_S1.);
#816 = LINE('',#817,#818);
#817 = CARTESIAN_POINT('',(3.450624021181,-7.217561490174,-7.1));
#818 = VECTOR('',#819,1.);
#819 = DIRECTION('',(0.,0.,1.));
#820 = PCURVE('',#728,#821);
#821 = DEFINITIONAL_REPRESENTATION('',(#822),#825);
#822 = B_SPLINE_CURVE_WITH_KNOTS('',1,(#823,#824),.UNSPECIFIED.,.F.,.F.,
  (2,2),(-5.999999999062E-07,5.0000006),.PIECEWISE_BEZIER_KNOTS.);
#823 = CARTESIAN_POINT('',(4.231017951865,0.4999994));
#824 = CARTESIAN_POINT('',(4.231017951865,5.5000006));
#825 = ( GEOMETRIC_REPRESENTATION_CONTEXT(2) 
PARAMETRIC_REPRESENTATION_CONTEXT() REPRESENTATION_CONTEXT('2D SPACE',''
  ) );
#826 = PCURVE('',#827,#832);
#827 = CYLINDRICAL_SURFACE('',#828,8.);
#828 = AXIS2_PLACEMENT_3D('',#829,#830,#831);
#829 = CARTESIAN_POINT('',(0.,0.,-7.1));
#830 = DIRECTION('',(0.,0.,1.));
#831 = DIRECTION('',(1.,0.,-0.));
#832 = DEFINITIONAL_REPRESENTATION('',(#833),#836);
#833 = B_SPLINE_CURVE_WITH_KNOTS('',1,(#834,#835),.UNSPECIFIED.,.F.,.F.,
  (2,2),(-5.999999999062E-07,5.0000006),.PIECEWISE_BEZIER_KNOTS.);
#834 = CARTESIAN_POINT('',(5.158353208508,-5.999999999062E-07));
#835 = CARTESIAN_POINT('',(5.158353208508,5.0000006));
#836 = ( GEOMETRIC_REPRESENTATION_CONTEXT(2) 
PARAMETRIC_REPRESENTATION_CONTEXT() REPRESENTATION_CONTEXT('2D SPACE',''
  ) );
#837 = ADVANCED_FACE('',(#838),#827,.T.);
#838 = FACE_BOUND('',#839,.T.);
#839 = EDGE_LOOP('',(#840,#864,#890,#912));
#840 = ORIENTED_EDGE('',*,*,#841,.F.);
#841 = EDGE_CURVE('',#842,#766,#844,.T.);
#842 = VERTEX_POINT('',#843);
#843 = CARTESIAN_POINT('',(2.663627028631,-7.543546318036,-2.1));
#844 = SURFACE_CURVE('',#845,(#850,#857),.PCURVE_S1.);
#845 = CIRCLE('',#846,8.);
#846 = AXIS2_PLACEMENT_3D('',#847,#848,#849);
#847 = CARTESIAN_POINT('',(0.,0.,-2.1));
#848 = DIRECTION('',(0.,0.,1.));
#849 = DIRECTION('',(1.,0.,-0.));
#850 = PCURVE('',#827,#851);
#851 = DEFINITIONAL_REPRESENTATION('',(#852),#856);
#852 = LINE('',#853,#854);
#853 = CARTESIAN_POINT('',(0.,5.));
#854 = VECTOR('',#855,1.);
#855 = DIRECTION('',(1.,0.));
#856 = ( GEOMETRIC_REPRESENTATION_CONTEXT(2) 
PARAMETRIC_REPRESENTATION_CONTEXT() REPRESENTATION_CONTEXT('2D SPACE',''
  ) );
#857 = PCURVE('',#63,#858);
#858 = DEFINITIONAL_REPRESENTATION('',(#859),#863);
#859 = CIRCLE('',#860,8.);
#860 = AXIS2_PLACEMENT_2D('',#861,#862);
#861 = CARTESIAN_POINT('',(0.,0.));
#862 = DIRECTION('',(1.,0.));
#863 = ( GEOMETRIC_REPRESENTATION_CONTEXT(2) 
PARAMETRIC_REPRESENTATION_CONTEXT() REPRESENTATION_CONTEXT('2D SPACE',''
  ) );
#864 = ORIENTED_EDGE('',*,*,#865,.F.);
#865 = EDGE_CURVE('',#866,#842,#868,.T.);
#866 = VERTEX_POINT('',#867);
#867 = CARTESIAN_POINT('',(2.663627028631,-7.543546318036,-7.1));
#868 = SURFACE_CURVE('',#869,(#873,#879),.PCURVE_S1.);
#869 = LINE('',#870,#871);
#870 = CARTESIAN_POINT('',(2.663627028631,-7.543546318036,-7.1));
#871 = VECTOR('',#872,1.);
#872 = DIRECTION('',(0.,0.,1.));
#873 = PCURVE('',#827,#874);
#874 = DEFINITIONAL_REPRESENTATION('',(#875),#878);
#875 = B_SPLINE_CURVE_WITH_KNOTS('',1,(#876,#877),.UNSPECIFIED.,.F.,.F.,
  (2,2),(-5.999999999062E-07,5.0000006),.PIECEWISE_BEZIER_KNOTS.);
#876 = CARTESIAN_POINT('',(5.051822915659,-5.999999999062E-07));
#877 = CARTESIAN_POINT('',(5.051822915659,5.0000006));
#878 = ( GEOMETRIC_REPRESENTATION_CONTEXT(2) 
PARAMETRIC_REPRESENTATION_CONTEXT() REPRESENTATION_CONTEXT('2D SPACE',''
  ) );
#879 = PCURVE('',#880,#885);
#880 = CYLINDRICAL_SURFACE('',#881,0.7);
#881 = AXIS2_PLACEMENT_3D('',#882,#883,#884);
#882 = CARTESIAN_POINT('',(2.148198074351,-8.017184358199,-7.6));
#883 = DIRECTION('',(0.,0.,1.));
#884 = DIRECTION('',(0.258819045103,-0.965925826289,0.));
#885 = DEFINITIONAL_REPRESENTATION('',(#886),#889);
#886 = B_SPLINE_CURVE_WITH_KNOTS('',1,(#887,#888),.UNSPECIFIED.,.F.,.F.,
  (2,2),(-5.999999999062E-07,5.0000006),.PIECEWISE_BEZIER_KNOTS.);
#887 = CARTESIAN_POINT('',(2.052167355314,0.4999994));
#888 = CARTESIAN_POINT('',(2.052167355314,5.5000006));
#889 = ( GEOMETRIC_REPRESENTATION_CONTEXT(2) 
PARAMETRIC_REPRESENTATION_CONTEXT() REPRESENTATION_CONTEXT('2D SPACE',''
  ) );
#890 = ORIENTED_EDGE('',*,*,#891,.T.);
#891 = EDGE_CURVE('',#866,#791,#892,.T.);
#892 = SURFACE_CURVE('',#893,(#898,#905),.PCURVE_S1.);
#893 = CIRCLE('',#894,8.);
#894 = AXIS2_PLACEMENT_3D('',#895,#896,#897);
#895 = CARTESIAN_POINT('',(0.,0.,-7.1));
#896 = DIRECTION('',(0.,0.,1.));
#897 = DIRECTION('',(1.,0.,-0.));
#898 = PCURVE('',#827,#899);
#899 = DEFINITIONAL_REPRESENTATION('',(#900),#904);
#900 = LINE('',#901,#902);
#901 = CARTESIAN_POINT('',(0.,0.));
#902 = VECTOR('',#903,1.);
#903 = DIRECTION('',(1.,0.));
#904 = ( GEOMETRIC_REPRESENTATION_CONTEXT(2) 
PARAMETRIC_REPRESENTATION_CONTEXT() REPRESENTATION_CONTEXT('2D SPACE',''
  ) );
#905 = PCURVE('',#118,#906);
#906 = DEFINITIONAL_REPRESENTATION('',(#907),#911);
#907 = CIRCLE('',#908,8.);
#908 = AXIS2_PLACEMENT_2D('',#909,#910);
#909 = CARTESIAN_POINT('',(0.,0.));
#910 = DIRECTION('',(1.,0.));
#911 = ( GEOMETRIC_REPRESENTATION_CONTEXT(2) 
PARAMETRIC_REPRESENTATION_CONTEXT() REPRESENTATION_CONTEXT('2D SPACE',''
  ) );
#912 = ORIENTED_EDGE('',*,*,#814,.T.);
#913 = ADVANCED_FACE('',(#914),#880,.F.);
#914 = FACE_BOUND('',#915,.F.);
#915 = EDGE_LOOP('',(#916,#940,#941,#965));
#916 = ORIENTED_EDGE('',*,*,#917,.F.);
#917 = EDGE_CURVE('',#842,#918,#920,.T.);
#918 = VERTEX_POINT('',#919);
#919 = CARTESIAN_POINT('',(1.465004486017,-7.864716260359,-2.1));
#920 = SURFACE_CURVE('',#921,(#926,#933),.PCURVE_S1.);
#921 = CIRCLE('',#922,0.7);
#922 = AXIS2_PLACEMENT_3D('',#923,#924,#925);
#923 = CARTESIAN_POINT('',(2.148198074351,-8.017184358199,-2.1));
#924 = DIRECTION('',(0.,0.,1.));
#925 = DIRECTION('',(0.258819045103,-0.965925826289,0.));
#926 = PCURVE('',#880,#927);
#927 = DEFINITIONAL_REPRESENTATION('',(#928),#932);
#928 = LINE('',#929,#930);
#929 = CARTESIAN_POINT('',(1.282985870243E-18,5.5));
#930 = VECTOR('',#931,1.);
#931 = DIRECTION('',(1.,0.));
#932 = ( GEOMETRIC_REPRESENTATION_CONTEXT(2) 
PARAMETRIC_REPRESENTATION_CONTEXT() REPRESENTATION_CONTEXT('2D SPACE',''
  ) );
#933 = PCURVE('',#63,#934);
#934 = DEFINITIONAL_REPRESENTATION('',(#935),#939);
#935 = CIRCLE('',#936,0.7);
#936 = AXIS2_PLACEMENT_2D('',#937,#938);
#937 = CARTESIAN_POINT('',(2.148198074351,-8.017184358199));
#938 = DIRECTION('',(0.258819045103,-0.965925826289));
#939 = ( GEOMETRIC_REPRESENTATION_CONTEXT(2) 
PARAMETRIC_REPRESENTATION_CONTEXT() REPRESENTATION_CONTEXT('2D SPACE',''
  ) );
#940 = ORIENTED_EDGE('',*,*,#865,.F.);
#941 = ORIENTED_EDGE('',*,*,#942,.T.);
#942 = EDGE_CURVE('',#866,#943,#945,.T.);
#943 = VERTEX_POINT('',#944);
#944 = CARTESIAN_POINT('',(1.465004486017,-7.864716260359,-7.1));
#945 = SURFACE_CURVE('',#946,(#951,#958),.PCURVE_S1.);
#946 = CIRCLE('',#947,0.7);
#947 = AXIS2_PLACEMENT_3D('',#948,#949,#950);
#948 = CARTESIAN_POINT('',(2.148198074351,-8.017184358199,-7.1));
#949 = DIRECTION('',(0.,0.,1.));
#950 = DIRECTION('',(0.258819045103,-0.965925826289,0.));
#951 = PCURVE('',#880,#952);
#952 = DEFINITIONAL_REPRESENTATION('',(#953),#957);
#953 = LINE('',#954,#955);
#954 = CARTESIAN_POINT('',(1.282985870243E-18,0.5));
#955 = VECTOR('',#956,1.);
#956 = DIRECTION('',(1.,0.));
#957 = ( GEOMETRIC_REPRESENTATION_CONTEXT(2) 
PARAMETRIC_REPRESENTATION_CONTEXT() REPRESENTATION_CONTEXT('2D SPACE',''
  ) );
#958 = PCURVE('',#118,#959);
#959 = DEFINITIONAL_REPRESENTATION('',(#960),#964);
#960 = CIRCLE('',#961,0.7);
#961 = AXIS2_PLACEMENT_2D('',#962,#963);
#962 = CARTESIAN_POINT('',(2.148198074351,-8.017184358199));
#963 = DIRECTION('',(0.258819045103,-0.965925826289));
#964 = ( GEOMETRIC_REPRESENTATION_CONTEXT(2) 
PARAMETRIC_REPRESENTATION_CONTEXT() REPRESENTATION_CONTEXT('2D SPACE',''
  ) );
#965 = ORIENTED_EDGE('',*,*,#966,.T.);
#966 = EDGE_CURVE('',#943,#918,#967,.T.);
#967 = SURFACE_CURVE('',#968,(#972,#978),.PCURVE_S1.);
#968 = LINE('',#969,#970);
#969 = CARTESIAN_POINT('',(1.465004486017,-7.864716260359,-7.1));
#970 = VECTOR('',#971,1.);
#971 = DIRECTION('',(0.,0.,1.));
#972 = PCURVE('',#880,#973);
#973 = DEFINITIONAL_REPRESENTATION('',(#974),#977);
#974 = B_SPLINE_CURVE_WITH_KNOTS('',1,(#975,#976),.UNSPECIFIED.,.F.,.F.,
  (2,2),(-5.999999999062E-07,5.0000006),.PIECEWISE_BEZIER_KNOTS.);
#975 = CARTESIAN_POINT('',(4.231017951865,0.4999994));
#976 = CARTESIAN_POINT('',(4.231017951865,5.5000006));
#977 = ( GEOMETRIC_REPRESENTATION_CONTEXT(2) 
PARAMETRIC_REPRESENTATION_CONTEXT() REPRESENTATION_CONTEXT('2D SPACE',''
  ) );
#978 = PCURVE('',#979,#984);
#979 = CYLINDRICAL_SURFACE('',#980,8.);
#980 = AXIS2_PLACEMENT_3D('',#981,#982,#983);
#981 = CARTESIAN_POINT('',(0.,0.,-7.1));
#982 = DIRECTION('',(0.,0.,1.));
#983 = DIRECTION('',(1.,0.,-0.));
#984 = DEFINITIONAL_REPRESENTATION('',(#985),#988);
#985 = B_SPLINE_CURVE_WITH_KNOTS('',1,(#986,#987),.UNSPECIFIED.,.F.,.F.,
  (2,2),(-5.999999999062E-07,5.0000006),.PIECEWISE_BEZIER_KNOTS.);
#986 = CARTESIAN_POINT('',(4.896553820709,-5.999999999062E-07));
#987 = CARTESIAN_POINT('',(4.896553820709,5.0000006));
#988 = ( GEOMETRIC_REPRESENTATION_CONTEXT(2) 
PARAMETRIC_REPRESENTATION_CONTEXT() REPRESENTATION_CONTEXT('2D SPACE',''
  ) );
#989 = ADVANCED_FACE('',(#990),#979,.T.);
#990 = FACE_BOUND('',#991,.T.);
#991 = EDGE_LOOP('',(#992,#1016,#1042,#1064));
#992 = ORIENTED_EDGE('',*,*,#993,.F.);
#993 = EDGE_CURVE('',#994,#918,#996,.T.);
#994 = VERTEX_POINT('',#995);
#995 = CARTESIAN_POINT('',(0.620452683835,-7.975903614458,-2.1));
#996 = SURFACE_CURVE('',#997,(#1002,#1009),.PCURVE_S1.);
#997 = CIRCLE('',#998,8.);
#998 = AXIS2_PLACEMENT_3D('',#999,#1000,#1001);
#999 = CARTESIAN_POINT('',(0.,0.,-2.1));
#1000 = DIRECTION('',(0.,0.,1.));
#1001 = DIRECTION('',(1.,0.,-0.));
#1002 = PCURVE('',#979,#1003);
#1003 = DEFINITIONAL_REPRESENTATION('',(#1004),#1008);
#1004 = LINE('',#1005,#1006);
#1005 = CARTESIAN_POINT('',(0.,5.));
#1006 = VECTOR('',#1007,1.);
#1007 = DIRECTION('',(1.,0.));
#1008 = ( GEOMETRIC_REPRESENTATION_CONTEXT(2) 
PARAMETRIC_REPRESENTATION_CONTEXT() REPRESENTATION_CONTEXT('2D SPACE',''
  ) );
#1009 = PCURVE('',#63,#1010);
#1010 = DEFINITIONAL_REPRESENTATION('',(#1011),#1015);
#1011 = CIRCLE('',#1012,8.);
#1012 = AXIS2_PLACEMENT_2D('',#1013,#1014);
#1013 = CARTESIAN_POINT('',(0.,0.));
#1014 = DIRECTION('',(1.,0.));
#1015 = ( GEOMETRIC_REPRESENTATION_CONTEXT(2) 
PARAMETRIC_REPRESENTATION_CONTEXT() REPRESENTATION_CONTEXT('2D SPACE',''
  ) );
#1016 = ORIENTED_EDGE('',*,*,#1017,.F.);
#1017 = EDGE_CURVE('',#1018,#994,#1020,.T.);
#1018 = VERTEX_POINT('',#1019);
#1019 = CARTESIAN_POINT('',(0.620452683835,-7.975903614458,-7.1));
#1020 = SURFACE_CURVE('',#1021,(#1025,#1031),.PCURVE_S1.);
#1021 = LINE('',#1022,#1023);
#1022 = CARTESIAN_POINT('',(0.620452683835,-7.975903614458,-7.1));
#1023 = VECTOR('',#1024,1.);
#1024 = DIRECTION('',(0.,0.,1.));
#1025 = PCURVE('',#979,#1026);
#1026 = DEFINITIONAL_REPRESENTATION('',(#1027),#1030);
#1027 = B_SPLINE_CURVE_WITH_KNOTS('',1,(#1028,#1029),.UNSPECIFIED.,.F.,
  .F.,(2,2),(-5.999999999062E-07,5.0000006),.PIECEWISE_BEZIER_KNOTS.);
#1028 = CARTESIAN_POINT('',(4.79002352786,-5.999999999062E-07));
#1029 = CARTESIAN_POINT('',(4.79002352786,5.0000006));
#1030 = ( GEOMETRIC_REPRESENTATION_CONTEXT(2) 
PARAMETRIC_REPRESENTATION_CONTEXT() REPRESENTATION_CONTEXT('2D SPACE',''
  ) );
#1031 = PCURVE('',#1032,#1037);
#1032 = CYLINDRICAL_SURFACE('',#1033,0.7);
#1033 = AXIS2_PLACEMENT_3D('',#1034,#1035,#1036);
#1034 = CARTESIAN_POINT('',(-1.842970220878E-15,-8.3,-7.6));
#1035 = DIRECTION('',(0.,0.,1.));
#1036 = DIRECTION('',(-2.22044604925E-16,-1.,0.));
#1037 = DEFINITIONAL_REPRESENTATION('',(#1038),#1041);
#1038 = B_SPLINE_CURVE_WITH_KNOTS('',1,(#1039,#1040),.UNSPECIFIED.,.F.,
  .F.,(2,2),(-5.999999999062E-07,5.0000006),.PIECEWISE_BEZIER_KNOTS.);
#1039 = CARTESIAN_POINT('',(2.052167355314,0.4999994));
#1040 = CARTESIAN_POINT('',(2.052167355314,5.5000006));
#1041 = ( GEOMETRIC_REPRESENTATION_CONTEXT(2) 
PARAMETRIC_REPRESENTATION_CONTEXT() REPRESENTATION_CONTEXT('2D SPACE',''
  ) );
#1042 = ORIENTED_EDGE('',*,*,#1043,.T.);
#1043 = EDGE_CURVE('',#1018,#943,#1044,.T.);
#1044 = SURFACE_CURVE('',#1045,(#1050,#1057),.PCURVE_S1.);
#1045 = CIRCLE('',#1046,8.);
#1046 = AXIS2_PLACEMENT_3D('',#1047,#1048,#1049);
#1047 = CARTESIAN_POINT('',(0.,0.,-7.1));
#1048 = DIRECTION('',(0.,0.,1.));
#1049 = DIRECTION('',(1.,0.,-0.));
#1050 = PCURVE('',#979,#1051);
#1051 = DEFINITIONAL_REPRESENTATION('',(#1052),#1056);
#1052 = LINE('',#1053,#1054);
#1053 = CARTESIAN_POINT('',(0.,0.));
#1054 = VECTOR('',#1055,1.);
#1055 = DIRECTION('',(1.,0.));
#1056 = ( GEOMETRIC_REPRESENTATION_CONTEXT(2) 
PARAMETRIC_REPRESENTATION_CONTEXT() REPRESENTATION_CONTEXT('2D SPACE',''
  ) );
#1057 = PCURVE('',#118,#1058);
#1058 = DEFINITIONAL_REPRESENTATION('',(#1059),#1063);
#1059 = CIRCLE('',#1060,8.);
#1060 = AXIS2_PLACEMENT_2D('',#1061,#1062);
#1061 = CARTESIAN_POINT('',(0.,0.));
#1062 = DIRECTION('',(1.,0.));
#1063 = ( GEOMETRIC_REPRESENTATION_CONTEXT(2) 
PARAMETRIC_REPRESENTATION_CONTEXT() REPRESENTATION_CONTEXT('2D SPACE',''
  ) );
#1064 = ORIENTED_EDGE('',*,*,#966,.T.);
#1065 = ADVANCED_FACE('',(#1066),#1032,.F.);
#1066 = FACE_BOUND('',#1067,.F.);
#1067 = EDGE_LOOP('',(#1068,#1092,#1093,#1117));
#1068 = ORIENTED_EDGE('',*,*,#1069,.F.);
#1069 = EDGE_CURVE('',#994,#1070,#1072,.T.);
#1070 = VERTEX_POINT('',#1071);
#1071 = CARTESIAN_POINT('',(-0.620452683835,-7.975903614458,-2.1));
#1072 = SURFACE_CURVE('',#1073,(#1078,#1085),.PCURVE_S1.);
#1073 = CIRCLE('',#1074,0.7);
#1074 = AXIS2_PLACEMENT_3D('',#1075,#1076,#1077);
#1075 = CARTESIAN_POINT('',(-1.842970220878E-15,-8.3,-2.1));
#1076 = DIRECTION('',(0.,0.,1.));
#1077 = DIRECTION('',(-2.22044604925E-16,-1.,0.));
#1078 = PCURVE('',#1032,#1079);
#1079 = DEFINITIONAL_REPRESENTATION('',(#1080),#1084);
#1080 = LINE('',#1081,#1082);
#1081 = CARTESIAN_POINT('',(0.,5.5));
#1082 = VECTOR('',#1083,1.);
#1083 = DIRECTION('',(1.,0.));
#1084 = ( GEOMETRIC_REPRESENTATION_CONTEXT(2) 
PARAMETRIC_REPRESENTATION_CONTEXT() REPRESENTATION_CONTEXT('2D SPACE',''
  ) );
#1085 = PCURVE('',#63,#1086);
#1086 = DEFINITIONAL_REPRESENTATION('',(#1087),#1091);
#1087 = CIRCLE('',#1088,0.7);
#1088 = AXIS2_PLACEMENT_2D('',#1089,#1090);
#1089 = CARTESIAN_POINT('',(-1.842970220878E-15,-8.3));
#1090 = DIRECTION('',(-2.22044604925E-16,-1.));
#1091 = ( GEOMETRIC_REPRESENTATION_CONTEXT(2) 
PARAMETRIC_REPRESENTATION_CONTEXT() REPRESENTATION_CONTEXT('2D SPACE',''
  ) );
#1092 = ORIENTED_EDGE('',*,*,#1017,.F.);
#1093 = ORIENTED_EDGE('',*,*,#1094,.T.);
#1094 = EDGE_CURVE('',#1018,#1095,#1097,.T.);
#1095 = VERTEX_POINT('',#1096);
#1096 = CARTESIAN_POINT('',(-0.620452683835,-7.975903614458,-7.1));
#1097 = SURFACE_CURVE('',#1098,(#1103,#1110),.PCURVE_S1.);
#1098 = CIRCLE('',#1099,0.7);
#1099 = AXIS2_PLACEMENT_3D('',#1100,#1101,#1102);
#1100 = CARTESIAN_POINT('',(-1.842970220878E-15,-8.3,-7.1));
#1101 = DIRECTION('',(0.,0.,1.));
#1102 = DIRECTION('',(-2.22044604925E-16,-1.,0.));
#1103 = PCURVE('',#1032,#1104);
#1104 = DEFINITIONAL_REPRESENTATION('',(#1105),#1109);
#1105 = LINE('',#1106,#1107);
#1106 = CARTESIAN_POINT('',(0.,0.5));
#1107 = VECTOR('',#1108,1.);
#1108 = DIRECTION('',(1.,0.));
#1109 = ( GEOMETRIC_REPRESENTATION_CONTEXT(2) 
PARAMETRIC_REPRESENTATION_CONTEXT() REPRESENTATION_CONTEXT('2D SPACE',''
  ) );
#1110 = PCURVE('',#118,#1111);
#1111 = DEFINITIONAL_REPRESENTATION('',(#1112),#1116);
#1112 = CIRCLE('',#1113,0.7);
#1113 = AXIS2_PLACEMENT_2D('',#1114,#1115);
#1114 = CARTESIAN_POINT('',(-1.842970220878E-15,-8.3));
#1115 = DIRECTION('',(-2.22044604925E-16,-1.));
#1116 = ( GEOMETRIC_REPRESENTATION_CONTEXT(2) 
PARAMETRIC_REPRESENTATION_CONTEXT() REPRESENTATION_CONTEXT('2D SPACE',''
  ) );
#1117 = ORIENTED_EDGE('',*,*,#1118,.T.);
#1118 = EDGE_CURVE('',#1095,#1070,#1119,.T.);
#1119 = SURFACE_CURVE('',#1120,(#1124,#1130),.PCURVE_S1.);
#1120 = LINE('',#1121,#1122);
#1121 = CARTESIAN_POINT('',(-0.620452683835,-7.975903614458,-7.1));
#1122 = VECTOR('',#1123,1.);
#1123 = DIRECTION('',(0.,0.,1.));
#1124 = PCURVE('',#1032,#1125);
#1125 = DEFINITIONAL_REPRESENTATION('',(#1126),#1129);
#1126 = B_SPLINE_CURVE_WITH_KNOTS('',1,(#1127,#1128),.UNSPECIFIED.,.F.,
  .F.,(2,2),(-5.999999999062E-07,5.0000006),.PIECEWISE_BEZIER_KNOTS.);
#1127 = CARTESIAN_POINT('',(4.231017951865,0.4999994));
#1128 = CARTESIAN_POINT('',(4.231017951865,5.5000006));
#1129 = ( GEOMETRIC_REPRESENTATION_CONTEXT(2) 
PARAMETRIC_REPRESENTATION_CONTEXT() REPRESENTATION_CONTEXT('2D SPACE',''
  ) );
#1130 = PCURVE('',#1131,#1136);
#1131 = CYLINDRICAL_SURFACE('',#1132,8.);
#1132 = AXIS2_PLACEMENT_3D('',#1133,#1134,#1135);
#1133 = CARTESIAN_POINT('',(0.,0.,-7.1));
#1134 = DIRECTION('',(0.,0.,1.));
#1135 = DIRECTION('',(1.,0.,-0.));
#1136 = DEFINITIONAL_REPRESENTATION('',(#1137),#1140);
#1137 = B_SPLINE_CURVE_WITH_KNOTS('',1,(#1138,#1139),.UNSPECIFIED.,.F.,
  .F.,(2,2),(-5.999999999062E-07,5.0000006),.PIECEWISE_BEZIER_KNOTS.);
#1138 = CARTESIAN_POINT('',(4.634754432909,-5.999999999062E-07));
#1139 = CARTESIAN_POINT('',(4.634754432909,5.0000006));
#1140 = ( GEOMETRIC_REPRESENTATION_CONTEXT(2) 
PARAMETRIC_REPRESENTATION_CONTEXT() REPRESENTATION_CONTEXT('2D SPACE',''
  ) );
#1141 = ADVANCED_FACE('',(#1142),#1131,.T.);
#1142 = FACE_BOUND('',#1143,.T.);
#1143 = EDGE_LOOP('',(#1144,#1168,#1194,#1216));
#1144 = ORIENTED_EDGE('',*,*,#1145,.F.);
#1145 = EDGE_CURVE('',#1146,#1070,#1148,.T.);
#1146 = VERTEX_POINT('',#1147);
#1147 = CARTESIAN_POINT('',(-1.465004486017,-7.864716260359,-2.1));
#1148 = SURFACE_CURVE('',#1149,(#1154,#1161),.PCURVE_S1.);
#1149 = CIRCLE('',#1150,8.);
#1150 = AXIS2_PLACEMENT_3D('',#1151,#1152,#1153);
#1151 = CARTESIAN_POINT('',(0.,0.,-2.1));
#1152 = DIRECTION('',(0.,0.,1.));
#1153 = DIRECTION('',(1.,0.,-0.));
#1154 = PCURVE('',#1131,#1155);
#1155 = DEFINITIONAL_REPRESENTATION('',(#1156),#1160);
#1156 = LINE('',#1157,#1158);
#1157 = CARTESIAN_POINT('',(0.,5.));
#1158 = VECTOR('',#1159,1.);
#1159 = DIRECTION('',(1.,0.));
#1160 = ( GEOMETRIC_REPRESENTATION_CONTEXT(2) 
PARAMETRIC_REPRESENTATION_CONTEXT() REPRESENTATION_CONTEXT('2D SPACE',''
  ) );
#1161 = PCURVE('',#63,#1162);
#1162 = DEFINITIONAL_REPRESENTATION('',(#1163),#1167);
#1163 = CIRCLE('',#1164,8.);
#1164 = AXIS2_PLACEMENT_2D('',#1165,#1166);
#1165 = CARTESIAN_POINT('',(0.,0.));
#1166 = DIRECTION('',(1.,0.));
#1167 = ( GEOMETRIC_REPRESENTATION_CONTEXT(2) 
PARAMETRIC_REPRESENTATION_CONTEXT() REPRESENTATION_CONTEXT('2D SPACE',''
  ) );
#1168 = ORIENTED_EDGE('',*,*,#1169,.F.);
#1169 = EDGE_CURVE('',#1170,#1146,#1172,.T.);
#1170 = VERTEX_POINT('',#1171);
#1171 = CARTESIAN_POINT('',(-1.465004486017,-7.864716260359,-7.1));
#1172 = SURFACE_CURVE('',#1173,(#1177,#1183),.PCURVE_S1.);
#1173 = LINE('',#1174,#1175);
#1174 = CARTESIAN_POINT('',(-1.465004486017,-7.864716260359,-7.1));
#1175 = VECTOR('',#1176,1.);
#1176 = DIRECTION('',(0.,0.,1.));
#1177 = PCURVE('',#1131,#1178);
#1178 = DEFINITIONAL_REPRESENTATION('',(#1179),#1182);
#1179 = B_SPLINE_CURVE_WITH_KNOTS('',1,(#1180,#1181),.UNSPECIFIED.,.F.,
  .F.,(2,2),(-5.999999999062E-07,5.0000006),.PIECEWISE_BEZIER_KNOTS.);
#1180 = CARTESIAN_POINT('',(4.528224140061,-5.999999999062E-07));
#1181 = CARTESIAN_POINT('',(4.528224140061,5.0000006));
#1182 = ( GEOMETRIC_REPRESENTATION_CONTEXT(2) 
PARAMETRIC_REPRESENTATION_CONTEXT() REPRESENTATION_CONTEXT('2D SPACE',''
  ) );
#1183 = PCURVE('',#1184,#1189);
#1184 = CYLINDRICAL_SURFACE('',#1185,0.7);
#1185 = AXIS2_PLACEMENT_3D('',#1186,#1187,#1188);
#1186 = CARTESIAN_POINT('',(-2.148198074351,-8.017184358199,-7.6));
#1187 = DIRECTION('',(0.,0.,1.));
#1188 = DIRECTION('',(-0.258819045103,-0.965925826289,0.));
#1189 = DEFINITIONAL_REPRESENTATION('',(#1190),#1193);
#1190 = B_SPLINE_CURVE_WITH_KNOTS('',1,(#1191,#1192),.UNSPECIFIED.,.F.,
  .F.,(2,2),(-5.999999999062E-07,5.0000006),.PIECEWISE_BEZIER_KNOTS.);
#1191 = CARTESIAN_POINT('',(2.052167355314,0.4999994));
#1192 = CARTESIAN_POINT('',(2.052167355314,5.5000006));
#1193 = ( GEOMETRIC_REPRESENTATION_CONTEXT(2) 
PARAMETRIC_REPRESENTATION_CONTEXT() REPRESENTATION_CONTEXT('2D SPACE',''
  ) );
#1194 = ORIENTED_EDGE('',*,*,#1195,.T.);
#1195 = EDGE_CURVE('',#1170,#1095,#1196,.T.);
#1196 = SURFACE_CURVE('',#1197,(#1202,#1209),.PCURVE_S1.);
#1197 = CIRCLE('',#1198,8.);
#1198 = AXIS2_PLACEMENT_3D('',#1199,#1200,#1201);
#1199 = CARTESIAN_POINT('',(0.,0.,-7.1));
#1200 = DIRECTION('',(0.,0.,1.));
#1201 = DIRECTION('',(1.,0.,-0.));
#1202 = PCURVE('',#1131,#1203);
#1203 = DEFINITIONAL_REPRESENTATION('',(#1204),#1208);
#1204 = LINE('',#1205,#1206);
#1205 = CARTESIAN_POINT('',(0.,0.));
#1206 = VECTOR('',#1207,1.);
#1207 = DIRECTION('',(1.,0.));
#1208 = ( GEOMETRIC_REPRESENTATION_CONTEXT(2) 
PARAMETRIC_REPRESENTATION_CONTEXT() REPRESENTATION_CONTEXT('2D SPACE',''
  ) );
#1209 = PCURVE('',#118,#1210);
#1210 = DEFINITIONAL_REPRESENTATION('',(#1211),#1215);
#1211 = CIRCLE('',#1212,8.);
#1212 = AXIS2_PLACEMENT_2D('',#1213,#1214);
#1213 = CARTESIAN_POINT('',(0.,0.));
#1214 = DIRECTION('',(1.,0.));
#1215 = ( GEOMETRIC_REPRESENTATION_CONTEXT(2) 
PARAMETRIC_REPRESENTATION_CONTEXT() REPRESENTATION_CONTEXT('2D SPACE',''
  ) );
#1216 = ORIENTED_EDGE('',*,*,#1118,.T.);
#1217 = ADVANCED_FACE('',(#1218),#1184,.F.);
#1218 = FACE_BOUND('',#1219,.F.);
#1219 = EDGE_LOOP('',(#1220,#1244,#1245,#1269));
#1220 = ORIENTED_EDGE('',*,*,#1221,.F.);
#1221 = EDGE_CURVE('',#1146,#1222,#1224,.T.);
#1222 = VERTEX_POINT('',#1223);
#1223 = CARTESIAN_POINT('',(-2.663627028631,-7.543546318036,-2.1));
#1224 = SURFACE_CURVE('',#1225,(#1230,#1237),.PCURVE_S1.);
#1225 = CIRCLE('',#1226,0.7);
#1226 = AXIS2_PLACEMENT_3D('',#1227,#1228,#1229);
#1227 = CARTESIAN_POINT('',(-2.148198074351,-8.017184358199,-2.1));
#1228 = DIRECTION('',(0.,0.,1.));
#1229 = DIRECTION('',(-0.258819045103,-0.965925826289,0.));
#1230 = PCURVE('',#1184,#1231);
#1231 = DEFINITIONAL_REPRESENTATION('',(#1232),#1236);
#1232 = LINE('',#1233,#1234);
#1233 = CARTESIAN_POINT('',(1.225300278295E-17,5.5));
#1234 = VECTOR('',#1235,1.);
#1235 = DIRECTION('',(1.,0.));
#1236 = ( GEOMETRIC_REPRESENTATION_CONTEXT(2) 
PARAMETRIC_REPRESENTATION_CONTEXT() REPRESENTATION_CONTEXT('2D SPACE',''
  ) );
#1237 = PCURVE('',#63,#1238);
#1238 = DEFINITIONAL_REPRESENTATION('',(#1239),#1243);
#1239 = CIRCLE('',#1240,0.7);
#1240 = AXIS2_PLACEMENT_2D('',#1241,#1242);
#1241 = CARTESIAN_POINT('',(-2.148198074351,-8.017184358199));
#1242 = DIRECTION('',(-0.258819045103,-0.965925826289));
#1243 = ( GEOMETRIC_REPRESENTATION_CONTEXT(2) 
PARAMETRIC_REPRESENTATION_CONTEXT() REPRESENTATION_CONTEXT('2D SPACE',''
  ) );
#1244 = ORIENTED_EDGE('',*,*,#1169,.F.);
#1245 = ORIENTED_EDGE('',*,*,#1246,.T.);
#1246 = EDGE_CURVE('',#1170,#1247,#1249,.T.);
#1247 = VERTEX_POINT('',#1248);
#1248 = CARTESIAN_POINT('',(-2.663627028631,-7.543546318036,-7.1));
#1249 = SURFACE_CURVE('',#1250,(#1255,#1262),.PCURVE_S1.);
#1250 = CIRCLE('',#1251,0.7);
#1251 = AXIS2_PLACEMENT_3D('',#1252,#1253,#1254);
#1252 = CARTESIAN_POINT('',(-2.148198074351,-8.017184358199,-7.1));
#1253 = DIRECTION('',(0.,0.,1.));
#1254 = DIRECTION('',(-0.258819045103,-0.965925826289,0.));
#1255 = PCURVE('',#1184,#1256);
#1256 = DEFINITIONAL_REPRESENTATION('',(#1257),#1261);
#1257 = LINE('',#1258,#1259);
#1258 = CARTESIAN_POINT('',(1.225300278295E-17,0.5));
#1259 = VECTOR('',#1260,1.);
#1260 = DIRECTION('',(1.,0.));
#1261 = ( GEOMETRIC_REPRESENTATION_CONTEXT(2) 
PARAMETRIC_REPRESENTATION_CONTEXT() REPRESENTATION_CONTEXT('2D SPACE',''
  ) );
#1262 = PCURVE('',#118,#1263);
#1263 = DEFINITIONAL_REPRESENTATION('',(#1264),#1268);
#1264 = CIRCLE('',#1265,0.7);
#1265 = AXIS2_PLACEMENT_2D('',#1266,#1267);
#1266 = CARTESIAN_POINT('',(-2.148198074351,-8.017184358199));
#1267 = DIRECTION('',(-0.258819045103,-0.965925826289));
#1268 = ( GEOMETRIC_REPRESENTATION_CONTEXT(2) 
PARAMETRIC_REPRESENTATION_CONTEXT() REPRESENTATION_CONTEXT('2D SPACE',''
  ) );
#1269 = ORIENTED_EDGE('',*,*,#1270,.T.);
#1270 = EDGE_CURVE('',#1247,#1222,#1271,.T.);
#1271 = SURFACE_CURVE('',#1272,(#1276,#1282),.PCURVE_S1.);
#1272 = LINE('',#1273,#1274);
#1273 = CARTESIAN_POINT('',(-2.663627028631,-7.543546318036,-7.1));
#1274 = VECTOR('',#1275,1.);
#1275 = DIRECTION('',(0.,0.,1.));
#1276 = PCURVE('',#1184,#1277);
#1277 = DEFINITIONAL_REPRESENTATION('',(#1278),#1281);
#1278 = B_SPLINE_CURVE_WITH_KNOTS('',1,(#1279,#1280),.UNSPECIFIED.,.F.,
  .F.,(2,2),(-5.999999999062E-07,5.0000006),.PIECEWISE_BEZIER_KNOTS.);
#1279 = CARTESIAN_POINT('',(4.231017951865,0.4999994));
#1280 = CARTESIAN_POINT('',(4.231017951865,5.5000006));
#1281 = ( GEOMETRIC_REPRESENTATION_CONTEXT(2) 
PARAMETRIC_REPRESENTATION_CONTEXT() REPRESENTATION_CONTEXT('2D SPACE',''
  ) );
#1282 = PCURVE('',#1283,#1288);
#1283 = CYLINDRICAL_SURFACE('',#1284,8.);
#1284 = AXIS2_PLACEMENT_3D('',#1285,#1286,#1287);
#1285 = CARTESIAN_POINT('',(0.,0.,-7.1));
#1286 = DIRECTION('',(0.,0.,1.));
#1287 = DIRECTION('',(1.,0.,-0.));
#1288 = DEFINITIONAL_REPRESENTATION('',(#1289),#1292);
#1289 = B_SPLINE_CURVE_WITH_KNOTS('',1,(#1290,#1291),.UNSPECIFIED.,.F.,
  .F.,(2,2),(-5.999999999062E-07,5.0000006),.PIECEWISE_BEZIER_KNOTS.);
#1290 = CARTESIAN_POINT('',(4.37295504511,-5.999999999062E-07));
#1291 = CARTESIAN_POINT('',(4.37295504511,5.0000006));
#1292 = ( GEOMETRIC_REPRESENTATION_CONTEXT(2) 
PARAMETRIC_REPRESENTATION_CONTEXT() REPRESENTATION_CONTEXT('2D SPACE',''
  ) );
#1293 = ADVANCED_FACE('',(#1294),#1283,.T.);
#1294 = FACE_BOUND('',#1295,.T.);
#1295 = EDGE_LOOP('',(#1296,#1320,#1346,#1368));
#1296 = ORIENTED_EDGE('',*,*,#1297,.F.);
#1297 = EDGE_CURVE('',#1298,#1222,#1300,.T.);
#1298 = VERTEX_POINT('',#1299);
#1299 = CARTESIAN_POINT('',(-3.450624021181,-7.217561490174,-2.1));
#1300 = SURFACE_CURVE('',#1301,(#1306,#1313),.PCURVE_S1.);
#1301 = CIRCLE('',#1302,8.);
#1302 = AXIS2_PLACEMENT_3D('',#1303,#1304,#1305);
#1303 = CARTESIAN_POINT('',(0.,0.,-2.1));
#1304 = DIRECTION('',(0.,0.,1.));
#1305 = DIRECTION('',(1.,0.,-0.));
#1306 = PCURVE('',#1283,#1307);
#1307 = DEFINITIONAL_REPRESENTATION('',(#1308),#1312);
#1308 = LINE('',#1309,#1310);
#1309 = CARTESIAN_POINT('',(0.,5.));
#1310 = VECTOR('',#1311,1.);
#1311 = DIRECTION('',(1.,0.));
#1312 = ( GEOMETRIC_REPRESENTATION_CONTEXT(2) 
PARAMETRIC_REPRESENTATION_CONTEXT() REPRESENTATION_CONTEXT('2D SPACE',''
  ) );
#1313 = PCURVE('',#63,#1314);
#1314 = DEFINITIONAL_REPRESENTATION('',(#1315),#1319);
#1315 = CIRCLE('',#1316,8.);
#1316 = AXIS2_PLACEMENT_2D('',#1317,#1318);
#1317 = CARTESIAN_POINT('',(0.,0.));
#1318 = DIRECTION('',(1.,0.));
#1319 = ( GEOMETRIC_REPRESENTATION_CONTEXT(2) 
PARAMETRIC_REPRESENTATION_CONTEXT() REPRESENTATION_CONTEXT('2D SPACE',''
  ) );
#1320 = ORIENTED_EDGE('',*,*,#1321,.F.);
#1321 = EDGE_CURVE('',#1322,#1298,#1324,.T.);
#1322 = VERTEX_POINT('',#1323);
#1323 = CARTESIAN_POINT('',(-3.450624021181,-7.217561490174,-7.1));
#1324 = SURFACE_CURVE('',#1325,(#1329,#1335),.PCURVE_S1.);
#1325 = LINE('',#1326,#1327);
#1326 = CARTESIAN_POINT('',(-3.450624021181,-7.217561490174,-7.1));
#1327 = VECTOR('',#1328,1.);
#1328 = DIRECTION('',(0.,0.,1.));
#1329 = PCURVE('',#1283,#1330);
#1330 = DEFINITIONAL_REPRESENTATION('',(#1331),#1334);
#1331 = B_SPLINE_CURVE_WITH_KNOTS('',1,(#1332,#1333),.UNSPECIFIED.,.F.,
  .F.,(2,2),(-5.999999999062E-07,5.0000006),.PIECEWISE_BEZIER_KNOTS.);
#1332 = CARTESIAN_POINT('',(4.266424752262,-5.999999999062E-07));
#1333 = CARTESIAN_POINT('',(4.266424752262,5.0000006));
#1334 = ( GEOMETRIC_REPRESENTATION_CONTEXT(2) 
PARAMETRIC_REPRESENTATION_CONTEXT() REPRESENTATION_CONTEXT('2D SPACE',''
  ) );
#1335 = PCURVE('',#1336,#1341);
#1336 = CYLINDRICAL_SURFACE('',#1337,0.7);
#1337 = AXIS2_PLACEMENT_3D('',#1338,#1339,#1340);
#1338 = CARTESIAN_POINT('',(-4.15,-7.188010851411,-7.6));
#1339 = DIRECTION('',(0.,0.,1.));
#1340 = DIRECTION('',(-0.5,-0.866025403784,0.));
#1341 = DEFINITIONAL_REPRESENTATION('',(#1342),#1345);
#1342 = B_SPLINE_CURVE_WITH_KNOTS('',1,(#1343,#1344),.UNSPECIFIED.,.F.,
  .F.,(2,2),(-5.999999999062E-07,5.0000006),.PIECEWISE_BEZIER_KNOTS.);
#1343 = CARTESIAN_POINT('',(2.052167355314,0.4999994));
#1344 = CARTESIAN_POINT('',(2.052167355314,5.5000006));
#1345 = ( GEOMETRIC_REPRESENTATION_CONTEXT(2) 
PARAMETRIC_REPRESENTATION_CONTEXT() REPRESENTATION_CONTEXT('2D SPACE',''
  ) );
#1346 = ORIENTED_EDGE('',*,*,#1347,.T.);
#1347 = EDGE_CURVE('',#1322,#1247,#1348,.T.);
#1348 = SURFACE_CURVE('',#1349,(#1354,#1361),.PCURVE_S1.);
#1349 = CIRCLE('',#1350,8.);
#1350 = AXIS2_PLACEMENT_3D('',#1351,#1352,#1353);
#1351 = CARTESIAN_POINT('',(0.,0.,-7.1));
#1352 = DIRECTION('',(0.,0.,1.));
#1353 = DIRECTION('',(1.,0.,-0.));
#1354 = PCURVE('',#1283,#1355);
#1355 = DEFINITIONAL_REPRESENTATION('',(#1356),#1360);
#1356 = LINE('',#1357,#1358);
#1357 = CARTESIAN_POINT('',(0.,0.));
#1358 = VECTOR('',#1359,1.);
#1359 = DIRECTION('',(1.,0.));
#1360 = ( GEOMETRIC_REPRESENTATION_CONTEXT(2) 
PARAMETRIC_REPRESENTATION_CONTEXT() REPRESENTATION_CONTEXT('2D SPACE',''
  ) );
#1361 = PCURVE('',#118,#1362);
#1362 = DEFINITIONAL_REPRESENTATION('',(#1363),#1367);
#1363 = CIRCLE('',#1364,8.);
#1364 = AXIS2_PLACEMENT_2D('',#1365,#1366);
#1365 = CARTESIAN_POINT('',(0.,0.));
#1366 = DIRECTION('',(1.,0.));
#1367 = ( GEOMETRIC_REPRESENTATION_CONTEXT(2) 
PARAMETRIC_REPRESENTATION_CONTEXT() REPRESENTATION_CONTEXT('2D SPACE',''
  ) );
#1368 = ORIENTED_EDGE('',*,*,#1270,.T.);
#1369 = ADVANCED_FACE('',(#1370),#1336,.F.);
#1370 = FACE_BOUND('',#1371,.F.);
#1371 = EDGE_LOOP('',(#1372,#1396,#1397,#1421));
#1372 = ORIENTED_EDGE('',*,*,#1373,.F.);
#1373 = EDGE_CURVE('',#1298,#1374,#1376,.T.);
#1374 = VERTEX_POINT('',#1375);
#1375 = CARTESIAN_POINT('',(-4.525279593277,-6.597108806339,-2.1));
#1376 = SURFACE_CURVE('',#1377,(#1382,#1389),.PCURVE_S1.);
#1377 = CIRCLE('',#1378,0.7);
#1378 = AXIS2_PLACEMENT_3D('',#1379,#1380,#1381);
#1379 = CARTESIAN_POINT('',(-4.15,-7.188010851411,-2.1));
#1380 = DIRECTION('',(0.,0.,1.));
#1381 = DIRECTION('',(-0.5,-0.866025403784,0.));
#1382 = PCURVE('',#1336,#1383);
#1383 = DEFINITIONAL_REPRESENTATION('',(#1384),#1388);
#1384 = LINE('',#1385,#1386);
#1385 = CARTESIAN_POINT('',(1.088864680125E-17,5.5));
#1386 = VECTOR('',#1387,1.);
#1387 = DIRECTION('',(1.,0.));
#1388 = ( GEOMETRIC_REPRESENTATION_CONTEXT(2) 
PARAMETRIC_REPRESENTATION_CONTEXT() REPRESENTATION_CONTEXT('2D SPACE',''
  ) );
#1389 = PCURVE('',#63,#1390);
#1390 = DEFINITIONAL_REPRESENTATION('',(#1391),#1395);
#1391 = CIRCLE('',#1392,0.7);
#1392 = AXIS2_PLACEMENT_2D('',#1393,#1394);
#1393 = CARTESIAN_POINT('',(-4.15,-7.188010851411));
#1394 = DIRECTION('',(-0.5,-0.866025403784));
#1395 = ( GEOMETRIC_REPRESENTATION_CONTEXT(2) 
PARAMETRIC_REPRESENTATION_CONTEXT() REPRESENTATION_CONTEXT('2D SPACE',''
  ) );
#1396 = ORIENTED_EDGE('',*,*,#1321,.F.);
#1397 = ORIENTED_EDGE('',*,*,#1398,.T.);
#1398 = EDGE_CURVE('',#1322,#1399,#1401,.T.);
#1399 = VERTEX_POINT('',#1400);
#1400 = CARTESIAN_POINT('',(-4.525279593277,-6.597108806339,-7.1));
#1401 = SURFACE_CURVE('',#1402,(#1407,#1414),.PCURVE_S1.);
#1402 = CIRCLE('',#1403,0.7);
#1403 = AXIS2_PLACEMENT_3D('',#1404,#1405,#1406);
#1404 = CARTESIAN_POINT('',(-4.15,-7.188010851411,-7.1));
#1405 = DIRECTION('',(0.,0.,1.));
#1406 = DIRECTION('',(-0.5,-0.866025403784,0.));
#1407 = PCURVE('',#1336,#1408);
#1408 = DEFINITIONAL_REPRESENTATION('',(#1409),#1413);
#1409 = LINE('',#1410,#1411);
#1410 = CARTESIAN_POINT('',(1.088864680125E-17,0.5));
#1411 = VECTOR('',#1412,1.);
#1412 = DIRECTION('',(1.,0.));
#1413 = ( GEOMETRIC_REPRESENTATION_CONTEXT(2) 
PARAMETRIC_REPRESENTATION_CONTEXT() REPRESENTATION_CONTEXT('2D SPACE',''
  ) );
#1414 = PCURVE('',#118,#1415);
#1415 = DEFINITIONAL_REPRESENTATION('',(#1416),#1420);
#1416 = CIRCLE('',#1417,0.7);
#1417 = AXIS2_PLACEMENT_2D('',#1418,#1419);
#1418 = CARTESIAN_POINT('',(-4.15,-7.188010851411));
#1419 = DIRECTION('',(-0.5,-0.866025403784));
#1420 = ( GEOMETRIC_REPRESENTATION_CONTEXT(2) 
PARAMETRIC_REPRESENTATION_CONTEXT() REPRESENTATION_CONTEXT('2D SPACE',''
  ) );
#1421 = ORIENTED_EDGE('',*,*,#1422,.T.);
#1422 = EDGE_CURVE('',#1399,#1374,#1423,.T.);
#1423 = SURFACE_CURVE('',#1424,(#1428,#1434),.PCURVE_S1.);
#1424 = LINE('',#1425,#1426);
#1425 = CARTESIAN_POINT('',(-4.525279593277,-6.597108806339,-7.1));
#1426 = VECTOR('',#1427,1.);
#1427 = DIRECTION('',(0.,0.,1.));
#1428 = PCURVE('',#1336,#1429);
#1429 = DEFINITIONAL_REPRESENTATION('',(#1430),#1433);
#1430 = B_SPLINE_CURVE_WITH_KNOTS('',1,(#1431,#1432),.UNSPECIFIED.,.F.,
  .F.,(2,2),(-5.999999999062E-07,5.0000006),.PIECEWISE_BEZIER_KNOTS.);
#1431 = CARTESIAN_POINT('',(4.231017951865,0.4999994));
#1432 = CARTESIAN_POINT('',(4.231017951865,5.5000006));
#1433 = ( GEOMETRIC_REPRESENTATION_CONTEXT(2) 
PARAMETRIC_REPRESENTATION_CONTEXT() REPRESENTATION_CONTEXT('2D SPACE',''
  ) );
#1434 = PCURVE('',#1435,#1440);
#1435 = CYLINDRICAL_SURFACE('',#1436,8.);
#1436 = AXIS2_PLACEMENT_3D('',#1437,#1438,#1439);
#1437 = CARTESIAN_POINT('',(0.,0.,-7.1));
#1438 = DIRECTION('',(0.,0.,1.));
#1439 = DIRECTION('',(1.,0.,-0.));
#1440 = DEFINITIONAL_REPRESENTATION('',(#1441),#1444);
#1441 = B_SPLINE_CURVE_WITH_KNOTS('',1,(#1442,#1443),.UNSPECIFIED.,.F.,
  .F.,(2,2),(-5.999999999062E-07,5.0000006),.PIECEWISE_BEZIER_KNOTS.);
#1442 = CARTESIAN_POINT('',(4.111155657311,-5.999999999062E-07));
#1443 = CARTESIAN_POINT('',(4.111155657311,5.0000006));
#1444 = ( GEOMETRIC_REPRESENTATION_CONTEXT(2) 
PARAMETRIC_REPRESENTATION_CONTEXT() REPRESENTATION_CONTEXT('2D SPACE',''
  ) );
#1445 = ADVANCED_FACE('',(#1446),#1435,.T.);
#1446 = FACE_BOUND('',#1447,.T.);
#1447 = EDGE_LOOP('',(#1448,#1472,#1498,#1520));
#1448 = ORIENTED_EDGE('',*,*,#1449,.F.);
#1449 = EDGE_CURVE('',#1450,#1374,#1452,.T.);
#1450 = VERTEX_POINT('',#1451);
#1451 = CARTESIAN_POINT('',(-5.201089231728,-6.078541832019,-2.1));
#1452 = SURFACE_CURVE('',#1453,(#1458,#1465),.PCURVE_S1.);
#1453 = CIRCLE('',#1454,8.);
#1454 = AXIS2_PLACEMENT_3D('',#1455,#1456,#1457);
#1455 = CARTESIAN_POINT('',(0.,0.,-2.1));
#1456 = DIRECTION('',(0.,0.,1.));
#1457 = DIRECTION('',(1.,0.,-0.));
#1458 = PCURVE('',#1435,#1459);
#1459 = DEFINITIONAL_REPRESENTATION('',(#1460),#1464);
#1460 = LINE('',#1461,#1462);
#1461 = CARTESIAN_POINT('',(0.,5.));
#1462 = VECTOR('',#1463,1.);
#1463 = DIRECTION('',(1.,0.));
#1464 = ( GEOMETRIC_REPRESENTATION_CONTEXT(2) 
PARAMETRIC_REPRESENTATION_CONTEXT() REPRESENTATION_CONTEXT('2D SPACE',''
  ) );
#1465 = PCURVE('',#63,#1466);
#1466 = DEFINITIONAL_REPRESENTATION('',(#1467),#1471);
#1467 = CIRCLE('',#1468,8.);
#1468 = AXIS2_PLACEMENT_2D('',#1469,#1470);
#1469 = CARTESIAN_POINT('',(0.,0.));
#1470 = DIRECTION('',(1.,0.));
#1471 = ( GEOMETRIC_REPRESENTATION_CONTEXT(2) 
PARAMETRIC_REPRESENTATION_CONTEXT() REPRESENTATION_CONTEXT('2D SPACE',''
  ) );
#1472 = ORIENTED_EDGE('',*,*,#1473,.F.);
#1473 = EDGE_CURVE('',#1474,#1450,#1476,.T.);
#1474 = VERTEX_POINT('',#1475);
#1475 = CARTESIAN_POINT('',(-5.201089231728,-6.078541832019,-7.1));
#1476 = SURFACE_CURVE('',#1477,(#1481,#1487),.PCURVE_S1.);
#1477 = LINE('',#1478,#1479);
#1478 = CARTESIAN_POINT('',(-5.201089231728,-6.078541832019,-7.1));
#1479 = VECTOR('',#1480,1.);
#1480 = DIRECTION('',(0.,0.,1.));
#1481 = PCURVE('',#1435,#1482);
#1482 = DEFINITIONAL_REPRESENTATION('',(#1483),#1486);
#1483 = B_SPLINE_CURVE_WITH_KNOTS('',1,(#1484,#1485),.UNSPECIFIED.,.F.,
  .F.,(2,2),(-5.999999999062E-07,5.0000006),.PIECEWISE_BEZIER_KNOTS.);
#1484 = CARTESIAN_POINT('',(4.004625364463,-5.999999999062E-07));
#1485 = CARTESIAN_POINT('',(4.004625364463,5.0000006));
#1486 = ( GEOMETRIC_REPRESENTATION_CONTEXT(2) 
PARAMETRIC_REPRESENTATION_CONTEXT() REPRESENTATION_CONTEXT('2D SPACE',''
  ) );
#1487 = PCURVE('',#1488,#1493);
#1488 = CYLINDRICAL_SURFACE('',#1489,0.7);
#1489 = AXIS2_PLACEMENT_3D('',#1490,#1491,#1492);
#1490 = CARTESIAN_POINT('',(-5.868986283848,-5.868986283848,-7.6));
#1491 = DIRECTION('',(0.,0.,1.));
#1492 = DIRECTION('',(-0.707106781187,-0.707106781187,0.));
#1493 = DEFINITIONAL_REPRESENTATION('',(#1494),#1497);
#1494 = B_SPLINE_CURVE_WITH_KNOTS('',1,(#1495,#1496),.UNSPECIFIED.,.F.,
  .F.,(2,2),(-5.999999999062E-07,5.0000006),.PIECEWISE_BEZIER_KNOTS.);
#1495 = CARTESIAN_POINT('',(2.052167355314,0.4999994));
#1496 = CARTESIAN_POINT('',(2.052167355314,5.5000006));
#1497 = ( GEOMETRIC_REPRESENTATION_CONTEXT(2) 
PARAMETRIC_REPRESENTATION_CONTEXT() REPRESENTATION_CONTEXT('2D SPACE',''
  ) );
#1498 = ORIENTED_EDGE('',*,*,#1499,.T.);
#1499 = EDGE_CURVE('',#1474,#1399,#1500,.T.);
#1500 = SURFACE_CURVE('',#1501,(#1506,#1513),.PCURVE_S1.);
#1501 = CIRCLE('',#1502,8.);
#1502 = AXIS2_PLACEMENT_3D('',#1503,#1504,#1505);
#1503 = CARTESIAN_POINT('',(0.,0.,-7.1));
#1504 = DIRECTION('',(0.,0.,1.));
#1505 = DIRECTION('',(1.,0.,-0.));
#1506 = PCURVE('',#1435,#1507);
#1507 = DEFINITIONAL_REPRESENTATION('',(#1508),#1512);
#1508 = LINE('',#1509,#1510);
#1509 = CARTESIAN_POINT('',(0.,0.));
#1510 = VECTOR('',#1511,1.);
#1511 = DIRECTION('',(1.,0.));
#1512 = ( GEOMETRIC_REPRESENTATION_CONTEXT(2) 
PARAMETRIC_REPRESENTATION_CONTEXT() REPRESENTATION_CONTEXT('2D SPACE',''
  ) );
#1513 = PCURVE('',#118,#1514);
#1514 = DEFINITIONAL_REPRESENTATION('',(#1515),#1519);
#1515 = CIRCLE('',#1516,8.);
#1516 = AXIS2_PLACEMENT_2D('',#1517,#1518);
#1517 = CARTESIAN_POINT('',(0.,0.));
#1518 = DIRECTION('',(1.,0.));
#1519 = ( GEOMETRIC_REPRESENTATION_CONTEXT(2) 
PARAMETRIC_REPRESENTATION_CONTEXT() REPRESENTATION_CONTEXT('2D SPACE',''
  ) );
#1520 = ORIENTED_EDGE('',*,*,#1422,.T.);
#1521 = ADVANCED_FACE('',(#1522),#1488,.F.);
#1522 = FACE_BOUND('',#1523,.F.);
#1523 = EDGE_LOOP('',(#1524,#1548,#1549,#1573));
#1524 = ORIENTED_EDGE('',*,*,#1525,.F.);
#1525 = EDGE_CURVE('',#1450,#1526,#1528,.T.);
#1526 = VERTEX_POINT('',#1527);
#1527 = CARTESIAN_POINT('',(-6.078541832019,-5.201089231728,-2.1));
#1528 = SURFACE_CURVE('',#1529,(#1534,#1541),.PCURVE_S1.);
#1529 = CIRCLE('',#1530,0.7);
#1530 = AXIS2_PLACEMENT_3D('',#1531,#1532,#1533);
#1531 = CARTESIAN_POINT('',(-5.868986283848,-5.868986283848,-2.1));
#1532 = DIRECTION('',(0.,0.,1.));
#1533 = DIRECTION('',(-0.707106781187,-0.707106781187,0.));
#1534 = PCURVE('',#1488,#1535);
#1535 = DEFINITIONAL_REPRESENTATION('',(#1536),#1540);
#1536 = LINE('',#1537,#1538);
#1537 = CARTESIAN_POINT('',(3.584040704829E-17,5.5));
#1538 = VECTOR('',#1539,1.);
#1539 = DIRECTION('',(1.,0.));
#1540 = ( GEOMETRIC_REPRESENTATION_CONTEXT(2) 
PARAMETRIC_REPRESENTATION_CONTEXT() REPRESENTATION_CONTEXT('2D SPACE',''
  ) );
#1541 = PCURVE('',#63,#1542);
#1542 = DEFINITIONAL_REPRESENTATION('',(#1543),#1547);
#1543 = CIRCLE('',#1544,0.7);
#1544 = AXIS2_PLACEMENT_2D('',#1545,#1546);
#1545 = CARTESIAN_POINT('',(-5.868986283848,-5.868986283848));
#1546 = DIRECTION('',(-0.707106781187,-0.707106781187));
#1547 = ( GEOMETRIC_REPRESENTATION_CONTEXT(2) 
PARAMETRIC_REPRESENTATION_CONTEXT() REPRESENTATION_CONTEXT('2D SPACE',''
  ) );
#1548 = ORIENTED_EDGE('',*,*,#1473,.F.);
#1549 = ORIENTED_EDGE('',*,*,#1550,.T.);
#1550 = EDGE_CURVE('',#1474,#1551,#1553,.T.);
#1551 = VERTEX_POINT('',#1552);
#1552 = CARTESIAN_POINT('',(-6.078541832019,-5.201089231728,-7.1));
#1553 = SURFACE_CURVE('',#1554,(#1559,#1566),.PCURVE_S1.);
#1554 = CIRCLE('',#1555,0.7);
#1555 = AXIS2_PLACEMENT_3D('',#1556,#1557,#1558);
#1556 = CARTESIAN_POINT('',(-5.868986283848,-5.868986283848,-7.1));
#1557 = DIRECTION('',(0.,0.,1.));
#1558 = DIRECTION('',(-0.707106781187,-0.707106781187,0.));
#1559 = PCURVE('',#1488,#1560);
#1560 = DEFINITIONAL_REPRESENTATION('',(#1561),#1565);
#1561 = LINE('',#1562,#1563);
#1562 = CARTESIAN_POINT('',(3.584040704829E-17,0.5));
#1563 = VECTOR('',#1564,1.);
#1564 = DIRECTION('',(1.,0.));
#1565 = ( GEOMETRIC_REPRESENTATION_CONTEXT(2) 
PARAMETRIC_REPRESENTATION_CONTEXT() REPRESENTATION_CONTEXT('2D SPACE',''
  ) );
#1566 = PCURVE('',#118,#1567);
#1567 = DEFINITIONAL_REPRESENTATION('',(#1568),#1572);
#1568 = CIRCLE('',#1569,0.7);
#1569 = AXIS2_PLACEMENT_2D('',#1570,#1571);
#1570 = CARTESIAN_POINT('',(-5.868986283848,-5.868986283848));
#1571 = DIRECTION('',(-0.707106781187,-0.707106781187));
#1572 = ( GEOMETRIC_REPRESENTATION_CONTEXT(2) 
PARAMETRIC_REPRESENTATION_CONTEXT() REPRESENTATION_CONTEXT('2D SPACE',''
  ) );
#1573 = ORIENTED_EDGE('',*,*,#1574,.T.);
#1574 = EDGE_CURVE('',#1551,#1526,#1575,.T.);
#1575 = SURFACE_CURVE('',#1576,(#1580,#1586),.PCURVE_S1.);
#1576 = LINE('',#1577,#1578);
#1577 = CARTESIAN_POINT('',(-6.078541832019,-5.201089231728,-7.1));
#1578 = VECTOR('',#1579,1.);
#1579 = DIRECTION('',(0.,0.,1.));
#1580 = PCURVE('',#1488,#1581);
#1581 = DEFINITIONAL_REPRESENTATION('',(#1582),#1585);
#1582 = B_SPLINE_CURVE_WITH_KNOTS('',1,(#1583,#1584),.UNSPECIFIED.,.F.,
  .F.,(2,2),(-5.999999999062E-07,5.0000006),.PIECEWISE_BEZIER_KNOTS.);
#1583 = CARTESIAN_POINT('',(4.231017951865,0.4999994));
#1584 = CARTESIAN_POINT('',(4.231017951865,5.5000006));
#1585 = ( GEOMETRIC_REPRESENTATION_CONTEXT(2) 
PARAMETRIC_REPRESENTATION_CONTEXT() REPRESENTATION_CONTEXT('2D SPACE',''
  ) );
#1586 = PCURVE('',#1587,#1592);
#1587 = CYLINDRICAL_SURFACE('',#1588,8.);
#1588 = AXIS2_PLACEMENT_3D('',#1589,#1590,#1591);
#1589 = CARTESIAN_POINT('',(0.,0.,-7.1));
#1590 = DIRECTION('',(0.,0.,1.));
#1591 = DIRECTION('',(1.,0.,-0.));
#1592 = DEFINITIONAL_REPRESENTATION('',(#1593),#1596);
#1593 = B_SPLINE_CURVE_WITH_KNOTS('',1,(#1594,#1595),.UNSPECIFIED.,.F.,
  .F.,(2,2),(-5.999999999062E-07,5.0000006),.PIECEWISE_BEZIER_KNOTS.);
#1594 = CARTESIAN_POINT('',(3.849356269512,-5.999999999062E-07));
#1595 = CARTESIAN_POINT('',(3.849356269512,5.0000006));
#1596 = ( GEOMETRIC_REPRESENTATION_CONTEXT(2) 
PARAMETRIC_REPRESENTATION_CONTEXT() REPRESENTATION_CONTEXT('2D SPACE',''
  ) );
#1597 = ADVANCED_FACE('',(#1598),#1587,.T.);
#1598 = FACE_BOUND('',#1599,.T.);
#1599 = EDGE_LOOP('',(#1600,#1624,#1650,#1672));
#1600 = ORIENTED_EDGE('',*,*,#1601,.F.);
#1601 = EDGE_CURVE('',#1602,#1526,#1604,.T.);
#1602 = VERTEX_POINT('',#1603);
#1603 = CARTESIAN_POINT('',(-6.597108806339,-4.525279593277,-2.1));
#1604 = SURFACE_CURVE('',#1605,(#1610,#1617),.PCURVE_S1.);
#1605 = CIRCLE('',#1606,8.);
#1606 = AXIS2_PLACEMENT_3D('',#1607,#1608,#1609);
#1607 = CARTESIAN_POINT('',(0.,0.,-2.1));
#1608 = DIRECTION('',(0.,0.,1.));
#1609 = DIRECTION('',(1.,0.,-0.));
#1610 = PCURVE('',#1587,#1611);
#1611 = DEFINITIONAL_REPRESENTATION('',(#1612),#1616);
#1612 = LINE('',#1613,#1614);
#1613 = CARTESIAN_POINT('',(0.,5.));
#1614 = VECTOR('',#1615,1.);
#1615 = DIRECTION('',(1.,0.));
#1616 = ( GEOMETRIC_REPRESENTATION_CONTEXT(2) 
PARAMETRIC_REPRESENTATION_CONTEXT() REPRESENTATION_CONTEXT('2D SPACE',''
  ) );
#1617 = PCURVE('',#63,#1618);
#1618 = DEFINITIONAL_REPRESENTATION('',(#1619),#1623);
#1619 = CIRCLE('',#1620,8.);
#1620 = AXIS2_PLACEMENT_2D('',#1621,#1622);
#1621 = CARTESIAN_POINT('',(0.,0.));
#1622 = DIRECTION('',(1.,0.));
#1623 = ( GEOMETRIC_REPRESENTATION_CONTEXT(2) 
PARAMETRIC_REPRESENTATION_CONTEXT() REPRESENTATION_CONTEXT('2D SPACE',''
  ) );
#1624 = ORIENTED_EDGE('',*,*,#1625,.F.);
#1625 = EDGE_CURVE('',#1626,#1602,#1628,.T.);
#1626 = VERTEX_POINT('',#1627);
#1627 = CARTESIAN_POINT('',(-6.597108806339,-4.525279593277,-7.1));
#1628 = SURFACE_CURVE('',#1629,(#1633,#1639),.PCURVE_S1.);
#1629 = LINE('',#1630,#1631);
#1630 = CARTESIAN_POINT('',(-6.597108806339,-4.525279593277,-7.1));
#1631 = VECTOR('',#1632,1.);
#1632 = DIRECTION('',(0.,0.,1.));
#1633 = PCURVE('',#1587,#1634);
#1634 = DEFINITIONAL_REPRESENTATION('',(#1635),#1638);
#1635 = B_SPLINE_CURVE_WITH_KNOTS('',1,(#1636,#1637),.UNSPECIFIED.,.F.,
  .F.,(2,2),(-5.999999999062E-07,5.0000006),.PIECEWISE_BEZIER_KNOTS.);
#1636 = CARTESIAN_POINT('',(3.742825976663,-5.999999999062E-07));
#1637 = CARTESIAN_POINT('',(3.742825976663,5.0000006));
#1638 = ( GEOMETRIC_REPRESENTATION_CONTEXT(2) 
PARAMETRIC_REPRESENTATION_CONTEXT() REPRESENTATION_CONTEXT('2D SPACE',''
  ) );
#1639 = PCURVE('',#1640,#1645);
#1640 = CYLINDRICAL_SURFACE('',#1641,0.7);
#1641 = AXIS2_PLACEMENT_3D('',#1642,#1643,#1644);
#1642 = CARTESIAN_POINT('',(-7.188010851411,-4.15,-7.6));
#1643 = DIRECTION('',(0.,0.,1.));
#1644 = DIRECTION('',(-0.866025403784,-0.5,0.));
#1645 = DEFINITIONAL_REPRESENTATION('',(#1646),#1649);
#1646 = B_SPLINE_CURVE_WITH_KNOTS('',1,(#1647,#1648),.UNSPECIFIED.,.F.,
  .F.,(2,2),(-5.999999999062E-07,5.0000006),.PIECEWISE_BEZIER_KNOTS.);
#1647 = CARTESIAN_POINT('',(2.052167355314,0.4999994));
#1648 = CARTESIAN_POINT('',(2.052167355314,5.5000006));
#1649 = ( GEOMETRIC_REPRESENTATION_CONTEXT(2) 
PARAMETRIC_REPRESENTATION_CONTEXT() REPRESENTATION_CONTEXT('2D SPACE',''
  ) );
#1650 = ORIENTED_EDGE('',*,*,#1651,.T.);
#1651 = EDGE_CURVE('',#1626,#1551,#1652,.T.);
#1652 = SURFACE_CURVE('',#1653,(#1658,#1665),.PCURVE_S1.);
#1653 = CIRCLE('',#1654,8.);
#1654 = AXIS2_PLACEMENT_3D('',#1655,#1656,#1657);
#1655 = CARTESIAN_POINT('',(0.,0.,-7.1));
#1656 = DIRECTION('',(0.,0.,1.));
#1657 = DIRECTION('',(1.,0.,-0.));
#1658 = PCURVE('',#1587,#1659);
#1659 = DEFINITIONAL_REPRESENTATION('',(#1660),#1664);
#1660 = LINE('',#1661,#1662);
#1661 = CARTESIAN_POINT('',(0.,0.));
#1662 = VECTOR('',#1663,1.);
#1663 = DIRECTION('',(1.,0.));
#1664 = ( GEOMETRIC_REPRESENTATION_CONTEXT(2) 
PARAMETRIC_REPRESENTATION_CONTEXT() REPRESENTATION_CONTEXT('2D SPACE',''
  ) );
#1665 = PCURVE('',#118,#1666);
#1666 = DEFINITIONAL_REPRESENTATION('',(#1667),#1671);
#1667 = CIRCLE('',#1668,8.);
#1668 = AXIS2_PLACEMENT_2D('',#1669,#1670);
#1669 = CARTESIAN_POINT('',(0.,0.));
#1670 = DIRECTION('',(1.,0.));
#1671 = ( GEOMETRIC_REPRESENTATION_CONTEXT(2) 
PARAMETRIC_REPRESENTATION_CONTEXT() REPRESENTATION_CONTEXT('2D SPACE',''
  ) );
#1672 = ORIENTED_EDGE('',*,*,#1574,.T.);
#1673 = ADVANCED_FACE('',(#1674),#1640,.F.);
#1674 = FACE_BOUND('',#1675,.F.);
#1675 = EDGE_LOOP('',(#1676,#1700,#1701,#1725));
#1676 = ORIENTED_EDGE('',*,*,#1677,.F.);
#1677 = EDGE_CURVE('',#1602,#1678,#1680,.T.);
#1678 = VERTEX_POINT('',#1679);
#1679 = CARTESIAN_POINT('',(-7.217561490174,-3.450624021181,-2.1));
#1680 = SURFACE_CURVE('',#1681,(#1686,#1693),.PCURVE_S1.);
#1681 = CIRCLE('',#1682,0.7);
#1682 = AXIS2_PLACEMENT_3D('',#1683,#1684,#1685);
#1683 = CARTESIAN_POINT('',(-7.188010851411,-4.15,-2.1));
#1684 = DIRECTION('',(0.,0.,1.));
#1685 = DIRECTION('',(-0.866025403784,-0.5,0.));
#1686 = PCURVE('',#1640,#1687);
#1687 = DEFINITIONAL_REPRESENTATION('',(#1688),#1692);
#1688 = LINE('',#1689,#1690);
#1689 = CARTESIAN_POINT('',(2.576281494458E-17,5.5));
#1690 = VECTOR('',#1691,1.);
#1691 = DIRECTION('',(1.,0.));
#1692 = ( GEOMETRIC_REPRESENTATION_CONTEXT(2) 
PARAMETRIC_REPRESENTATION_CONTEXT() REPRESENTATION_CONTEXT('2D SPACE',''
  ) );
#1693 = PCURVE('',#63,#1694);
#1694 = DEFINITIONAL_REPRESENTATION('',(#1695),#1699);
#1695 = CIRCLE('',#1696,0.7);
#1696 = AXIS2_PLACEMENT_2D('',#1697,#1698);
#1697 = CARTESIAN_POINT('',(-7.188010851411,-4.15));
#1698 = DIRECTION('',(-0.866025403784,-0.5));
#1699 = ( GEOMETRIC_REPRESENTATION_CONTEXT(2) 
PARAMETRIC_REPRESENTATION_CONTEXT() REPRESENTATION_CONTEXT('2D SPACE',''
  ) );
#1700 = ORIENTED_EDGE('',*,*,#1625,.F.);
#1701 = ORIENTED_EDGE('',*,*,#1702,.T.);
#1702 = EDGE_CURVE('',#1626,#1703,#1705,.T.);
#1703 = VERTEX_POINT('',#1704);
#1704 = CARTESIAN_POINT('',(-7.217561490174,-3.450624021181,-7.1));
#1705 = SURFACE_CURVE('',#1706,(#1711,#1718),.PCURVE_S1.);
#1706 = CIRCLE('',#1707,0.7);
#1707 = AXIS2_PLACEMENT_3D('',#1708,#1709,#1710);
#1708 = CARTESIAN_POINT('',(-7.188010851411,-4.15,-7.1));
#1709 = DIRECTION('',(0.,0.,1.));
#1710 = DIRECTION('',(-0.866025403784,-0.5,0.));
#1711 = PCURVE('',#1640,#1712);
#1712 = DEFINITIONAL_REPRESENTATION('',(#1713),#1717);
#1713 = LINE('',#1714,#1715);
#1714 = CARTESIAN_POINT('',(2.576281494458E-17,0.5));
#1715 = VECTOR('',#1716,1.);
#1716 = DIRECTION('',(1.,0.));
#1717 = ( GEOMETRIC_REPRESENTATION_CONTEXT(2) 
PARAMETRIC_REPRESENTATION_CONTEXT() REPRESENTATION_CONTEXT('2D SPACE',''
  ) );
#1718 = PCURVE('',#118,#1719);
#1719 = DEFINITIONAL_REPRESENTATION('',(#1720),#1724);
#1720 = CIRCLE('',#1721,0.7);
#1721 = AXIS2_PLACEMENT_2D('',#1722,#1723);
#1722 = CARTESIAN_POINT('',(-7.188010851411,-4.15));
#1723 = DIRECTION('',(-0.866025403784,-0.5));
#1724 = ( GEOMETRIC_REPRESENTATION_CONTEXT(2) 
PARAMETRIC_REPRESENTATION_CONTEXT() REPRESENTATION_CONTEXT('2D SPACE',''
  ) );
#1725 = ORIENTED_EDGE('',*,*,#1726,.T.);
#1726 = EDGE_CURVE('',#1703,#1678,#1727,.T.);
#1727 = SURFACE_CURVE('',#1728,(#1732,#1738),.PCURVE_S1.);
#1728 = LINE('',#1729,#1730);
#1729 = CARTESIAN_POINT('',(-7.217561490174,-3.450624021181,-7.1));
#1730 = VECTOR('',#1731,1.);
#1731 = DIRECTION('',(0.,0.,1.));
#1732 = PCURVE('',#1640,#1733);
#1733 = DEFINITIONAL_REPRESENTATION('',(#1734),#1737);
#1734 = B_SPLINE_CURVE_WITH_KNOTS('',1,(#1735,#1736),.UNSPECIFIED.,.F.,
  .F.,(2,2),(-5.999999999062E-07,5.0000006),.PIECEWISE_BEZIER_KNOTS.);
#1735 = CARTESIAN_POINT('',(4.231017951865,0.4999994));
#1736 = CARTESIAN_POINT('',(4.231017951865,5.5000006));
#1737 = ( GEOMETRIC_REPRESENTATION_CONTEXT(2) 
PARAMETRIC_REPRESENTATION_CONTEXT() REPRESENTATION_CONTEXT('2D SPACE',''
  ) );
#1738 = PCURVE('',#1739,#1744);
#1739 = CYLINDRICAL_SURFACE('',#1740,8.);
#1740 = AXIS2_PLACEMENT_3D('',#1741,#1742,#1743);
#1741 = CARTESIAN_POINT('',(0.,0.,-7.1));
#1742 = DIRECTION('',(0.,0.,1.));
#1743 = DIRECTION('',(1.,0.,-0.));
#1744 = DEFINITIONAL_REPRESENTATION('',(#1745),#1748);
#1745 = B_SPLINE_CURVE_WITH_KNOTS('',1,(#1746,#1747),.UNSPECIFIED.,.F.,
  .F.,(2,2),(-5.999999999062E-07,5.0000006),.PIECEWISE_BEZIER_KNOTS.);
#1746 = CARTESIAN_POINT('',(3.587556881713,-5.999999999062E-07));
#1747 = CARTESIAN_POINT('',(3.587556881713,5.0000006));
#1748 = ( GEOMETRIC_REPRESENTATION_CONTEXT(2) 
PARAMETRIC_REPRESENTATION_CONTEXT() REPRESENTATION_CONTEXT('2D SPACE',''
  ) );
#1749 = ADVANCED_FACE('',(#1750),#1739,.T.);
#1750 = FACE_BOUND('',#1751,.T.);
#1751 = EDGE_LOOP('',(#1752,#1776,#1802,#1824));
#1752 = ORIENTED_EDGE('',*,*,#1753,.F.);
#1753 = EDGE_CURVE('',#1754,#1678,#1756,.T.);
#1754 = VERTEX_POINT('',#1755);
#1755 = CARTESIAN_POINT('',(-7.543546318036,-2.663627028631,-2.1));
#1756 = SURFACE_CURVE('',#1757,(#1762,#1769),.PCURVE_S1.);
#1757 = CIRCLE('',#1758,8.);
#1758 = AXIS2_PLACEMENT_3D('',#1759,#1760,#1761);
#1759 = CARTESIAN_POINT('',(0.,0.,-2.1));
#1760 = DIRECTION('',(0.,0.,1.));
#1761 = DIRECTION('',(1.,0.,-0.));
#1762 = PCURVE('',#1739,#1763);
#1763 = DEFINITIONAL_REPRESENTATION('',(#1764),#1768);
#1764 = LINE('',#1765,#1766);
#1765 = CARTESIAN_POINT('',(0.,5.));
#1766 = VECTOR('',#1767,1.);
#1767 = DIRECTION('',(1.,0.));
#1768 = ( GEOMETRIC_REPRESENTATION_CONTEXT(2) 
PARAMETRIC_REPRESENTATION_CONTEXT() REPRESENTATION_CONTEXT('2D SPACE',''
  ) );
#1769 = PCURVE('',#63,#1770);
#1770 = DEFINITIONAL_REPRESENTATION('',(#1771),#1775);
#1771 = CIRCLE('',#1772,8.);
#1772 = AXIS2_PLACEMENT_2D('',#1773,#1774);
#1773 = CARTESIAN_POINT('',(0.,0.));
#1774 = DIRECTION('',(1.,0.));
#1775 = ( GEOMETRIC_REPRESENTATION_CONTEXT(2) 
PARAMETRIC_REPRESENTATION_CONTEXT() REPRESENTATION_CONTEXT('2D SPACE',''
  ) );
#1776 = ORIENTED_EDGE('',*,*,#1777,.F.);
#1777 = EDGE_CURVE('',#1778,#1754,#1780,.T.);
#1778 = VERTEX_POINT('',#1779);
#1779 = CARTESIAN_POINT('',(-7.543546318036,-2.663627028631,-7.1));
#1780 = SURFACE_CURVE('',#1781,(#1785,#1791),.PCURVE_S1.);
#1781 = LINE('',#1782,#1783);
#1782 = CARTESIAN_POINT('',(-7.543546318036,-2.663627028631,-7.1));
#1783 = VECTOR('',#1784,1.);
#1784 = DIRECTION('',(0.,0.,1.));
#1785 = PCURVE('',#1739,#1786);
#1786 = DEFINITIONAL_REPRESENTATION('',(#1787),#1790);
#1787 = B_SPLINE_CURVE_WITH_KNOTS('',1,(#1788,#1789),.UNSPECIFIED.,.F.,
  .F.,(2,2),(-5.999999999062E-07,5.0000006),.PIECEWISE_BEZIER_KNOTS.);
#1788 = CARTESIAN_POINT('',(3.481026588864,-5.999999999062E-07));
#1789 = CARTESIAN_POINT('',(3.481026588864,5.0000006));
#1790 = ( GEOMETRIC_REPRESENTATION_CONTEXT(2) 
PARAMETRIC_REPRESENTATION_CONTEXT() REPRESENTATION_CONTEXT('2D SPACE',''
  ) );
#1791 = PCURVE('',#1792,#1797);
#1792 = CYLINDRICAL_SURFACE('',#1793,0.7);
#1793 = AXIS2_PLACEMENT_3D('',#1794,#1795,#1796);
#1794 = CARTESIAN_POINT('',(-8.017184358199,-2.148198074351,-7.6));
#1795 = DIRECTION('',(0.,0.,1.));
#1796 = DIRECTION('',(-0.965925826289,-0.258819045103,0.));
#1797 = DEFINITIONAL_REPRESENTATION('',(#1798),#1801);
#1798 = B_SPLINE_CURVE_WITH_KNOTS('',1,(#1799,#1800),.UNSPECIFIED.,.F.,
  .F.,(2,2),(-5.999999999062E-07,5.0000006),.PIECEWISE_BEZIER_KNOTS.);
#1799 = CARTESIAN_POINT('',(2.052167355314,0.4999994));
#1800 = CARTESIAN_POINT('',(2.052167355314,5.5000006));
#1801 = ( GEOMETRIC_REPRESENTATION_CONTEXT(2) 
PARAMETRIC_REPRESENTATION_CONTEXT() REPRESENTATION_CONTEXT('2D SPACE',''
  ) );
#1802 = ORIENTED_EDGE('',*,*,#1803,.T.);
#1803 = EDGE_CURVE('',#1778,#1703,#1804,.T.);
#1804 = SURFACE_CURVE('',#1805,(#1810,#1817),.PCURVE_S1.);
#1805 = CIRCLE('',#1806,8.);
#1806 = AXIS2_PLACEMENT_3D('',#1807,#1808,#1809);
#1807 = CARTESIAN_POINT('',(0.,0.,-7.1));
#1808 = DIRECTION('',(0.,0.,1.));
#1809 = DIRECTION('',(1.,0.,-0.));
#1810 = PCURVE('',#1739,#1811);
#1811 = DEFINITIONAL_REPRESENTATION('',(#1812),#1816);
#1812 = LINE('',#1813,#1814);
#1813 = CARTESIAN_POINT('',(0.,0.));
#1814 = VECTOR('',#1815,1.);
#1815 = DIRECTION('',(1.,0.));
#1816 = ( GEOMETRIC_REPRESENTATION_CONTEXT(2) 
PARAMETRIC_REPRESENTATION_CONTEXT() REPRESENTATION_CONTEXT('2D SPACE',''
  ) );
#1817 = PCURVE('',#118,#1818);
#1818 = DEFINITIONAL_REPRESENTATION('',(#1819),#1823);
#1819 = CIRCLE('',#1820,8.);
#1820 = AXIS2_PLACEMENT_2D('',#1821,#1822);
#1821 = CARTESIAN_POINT('',(0.,0.));
#1822 = DIRECTION('',(1.,0.));
#1823 = ( GEOMETRIC_REPRESENTATION_CONTEXT(2) 
PARAMETRIC_REPRESENTATION_CONTEXT() REPRESENTATION_CONTEXT('2D SPACE',''
  ) );
#1824 = ORIENTED_EDGE('',*,*,#1726,.T.);
#1825 = ADVANCED_FACE('',(#1826),#1792,.F.);
#1826 = FACE_BOUND('',#1827,.F.);
#1827 = EDGE_LOOP('',(#1828,#1852,#1853,#1877));
#1828 = ORIENTED_EDGE('',*,*,#1829,.F.);
#1829 = EDGE_CURVE('',#1754,#1830,#1832,.T.);
#1830 = VERTEX_POINT('',#1831);
#1831 = CARTESIAN_POINT('',(-7.864716260359,-1.465004486017,-2.1));
#1832 = SURFACE_CURVE('',#1833,(#1838,#1845),.PCURVE_S1.);
#1833 = CIRCLE('',#1834,0.7);
#1834 = AXIS2_PLACEMENT_3D('',#1835,#1836,#1837);
#1835 = CARTESIAN_POINT('',(-8.017184358199,-2.148198074351,-2.1));
#1836 = DIRECTION('',(0.,0.,1.));
#1837 = DIRECTION('',(-0.965925826289,-0.258819045103,0.));
#1838 = PCURVE('',#1792,#1839);
#1839 = DEFINITIONAL_REPRESENTATION('',(#1840),#1844);
#1840 = LINE('',#1841,#1842);
#1841 = CARTESIAN_POINT('',(0.,5.5));
#1842 = VECTOR('',#1843,1.);
#1843 = DIRECTION('',(1.,0.));
#1844 = ( GEOMETRIC_REPRESENTATION_CONTEXT(2) 
PARAMETRIC_REPRESENTATION_CONTEXT() REPRESENTATION_CONTEXT('2D SPACE',''
  ) );
#1845 = PCURVE('',#63,#1846);
#1846 = DEFINITIONAL_REPRESENTATION('',(#1847),#1851);
#1847 = CIRCLE('',#1848,0.7);
#1848 = AXIS2_PLACEMENT_2D('',#1849,#1850);
#1849 = CARTESIAN_POINT('',(-8.017184358199,-2.148198074351));
#1850 = DIRECTION('',(-0.965925826289,-0.258819045103));
#1851 = ( GEOMETRIC_REPRESENTATION_CONTEXT(2) 
PARAMETRIC_REPRESENTATION_CONTEXT() REPRESENTATION_CONTEXT('2D SPACE',''
  ) );
#1852 = ORIENTED_EDGE('',*,*,#1777,.F.);
#1853 = ORIENTED_EDGE('',*,*,#1854,.T.);
#1854 = EDGE_CURVE('',#1778,#1855,#1857,.T.);
#1855 = VERTEX_POINT('',#1856);
#1856 = CARTESIAN_POINT('',(-7.864716260359,-1.465004486017,-7.1));
#1857 = SURFACE_CURVE('',#1858,(#1863,#1870),.PCURVE_S1.);
#1858 = CIRCLE('',#1859,0.7);
#1859 = AXIS2_PLACEMENT_3D('',#1860,#1861,#1862);
#1860 = CARTESIAN_POINT('',(-8.017184358199,-2.148198074351,-7.1));
#1861 = DIRECTION('',(0.,0.,1.));
#1862 = DIRECTION('',(-0.965925826289,-0.258819045103,0.));
#1863 = PCURVE('',#1792,#1864);
#1864 = DEFINITIONAL_REPRESENTATION('',(#1865),#1869);
#1865 = LINE('',#1866,#1867);
#1866 = CARTESIAN_POINT('',(0.,0.5));
#1867 = VECTOR('',#1868,1.);
#1868 = DIRECTION('',(1.,0.));
#1869 = ( GEOMETRIC_REPRESENTATION_CONTEXT(2) 
PARAMETRIC_REPRESENTATION_CONTEXT() REPRESENTATION_CONTEXT('2D SPACE',''
  ) );
#1870 = PCURVE('',#118,#1871);
#1871 = DEFINITIONAL_REPRESENTATION('',(#1872),#1876);
#1872 = CIRCLE('',#1873,0.7);
#1873 = AXIS2_PLACEMENT_2D('',#1874,#1875);
#1874 = CARTESIAN_POINT('',(-8.017184358199,-2.148198074351));
#1875 = DIRECTION('',(-0.965925826289,-0.258819045103));
#1876 = ( GEOMETRIC_REPRESENTATION_CONTEXT(2) 
PARAMETRIC_REPRESENTATION_CONTEXT() REPRESENTATION_CONTEXT('2D SPACE',''
  ) );
#1877 = ORIENTED_EDGE('',*,*,#1878,.T.);
#1878 = EDGE_CURVE('',#1855,#1830,#1879,.T.);
#1879 = SURFACE_CURVE('',#1880,(#1884,#1890),.PCURVE_S1.);
#1880 = LINE('',#1881,#1882);
#1881 = CARTESIAN_POINT('',(-7.864716260359,-1.465004486017,-7.1));
#1882 = VECTOR('',#1883,1.);
#1883 = DIRECTION('',(0.,0.,1.));
#1884 = PCURVE('',#1792,#1885);
#1885 = DEFINITIONAL_REPRESENTATION('',(#1886),#1889);
#1886 = B_SPLINE_CURVE_WITH_KNOTS('',1,(#1887,#1888),.UNSPECIFIED.,.F.,
  .F.,(2,2),(-5.999999999062E-07,5.0000006),.PIECEWISE_BEZIER_KNOTS.);
#1887 = CARTESIAN_POINT('',(4.231017951865,0.4999994));
#1888 = CARTESIAN_POINT('',(4.231017951865,5.5000006));
#1889 = ( GEOMETRIC_REPRESENTATION_CONTEXT(2) 
PARAMETRIC_REPRESENTATION_CONTEXT() REPRESENTATION_CONTEXT('2D SPACE',''
  ) );
#1890 = PCURVE('',#1891,#1896);
#1891 = CYLINDRICAL_SURFACE('',#1892,8.);
#1892 = AXIS2_PLACEMENT_3D('',#1893,#1894,#1895);
#1893 = CARTESIAN_POINT('',(0.,0.,-7.1));
#1894 = DIRECTION('',(0.,0.,1.));
#1895 = DIRECTION('',(1.,0.,-0.));
#1896 = DEFINITIONAL_REPRESENTATION('',(#1897),#1900);
#1897 = B_SPLINE_CURVE_WITH_KNOTS('',1,(#1898,#1899),.UNSPECIFIED.,.F.,
  .F.,(2,2),(-5.999999999062E-07,5.0000006),.PIECEWISE_BEZIER_KNOTS.);
#1898 = CARTESIAN_POINT('',(3.325757493914,-5.999999999062E-07));
#1899 = CARTESIAN_POINT('',(3.325757493914,5.0000006));
#1900 = ( GEOMETRIC_REPRESENTATION_CONTEXT(2) 
PARAMETRIC_REPRESENTATION_CONTEXT() REPRESENTATION_CONTEXT('2D SPACE',''
  ) );
#1901 = ADVANCED_FACE('',(#1902),#1891,.T.);
#1902 = FACE_BOUND('',#1903,.T.);
#1903 = EDGE_LOOP('',(#1904,#1928,#1954,#1976));
#1904 = ORIENTED_EDGE('',*,*,#1905,.F.);
#1905 = EDGE_CURVE('',#1906,#1830,#1908,.T.);
#1906 = VERTEX_POINT('',#1907);
#1907 = CARTESIAN_POINT('',(-7.975903614458,-0.620452683835,-2.1));
#1908 = SURFACE_CURVE('',#1909,(#1914,#1921),.PCURVE_S1.);
#1909 = CIRCLE('',#1910,8.);
#1910 = AXIS2_PLACEMENT_3D('',#1911,#1912,#1913);
#1911 = CARTESIAN_POINT('',(0.,0.,-2.1));
#1912 = DIRECTION('',(0.,0.,1.));
#1913 = DIRECTION('',(1.,0.,-0.));
#1914 = PCURVE('',#1891,#1915);
#1915 = DEFINITIONAL_REPRESENTATION('',(#1916),#1920);
#1916 = LINE('',#1917,#1918);
#1917 = CARTESIAN_POINT('',(0.,5.));
#1918 = VECTOR('',#1919,1.);
#1919 = DIRECTION('',(1.,0.));
#1920 = ( GEOMETRIC_REPRESENTATION_CONTEXT(2) 
PARAMETRIC_REPRESENTATION_CONTEXT() REPRESENTATION_CONTEXT('2D SPACE',''
  ) );
#1921 = PCURVE('',#63,#1922);
#1922 = DEFINITIONAL_REPRESENTATION('',(#1923),#1927);
#1923 = CIRCLE('',#1924,8.);
#1924 = AXIS2_PLACEMENT_2D('',#1925,#1926);
#1925 = CARTESIAN_POINT('',(0.,0.));
#1926 = DIRECTION('',(1.,0.));
#1927 = ( GEOMETRIC_REPRESENTATION_CONTEXT(2) 
PARAMETRIC_REPRESENTATION_CONTEXT() REPRESENTATION_CONTEXT('2D SPACE',''
  ) );
#1928 = ORIENTED_EDGE('',*,*,#1929,.F.);
#1929 = EDGE_CURVE('',#1930,#1906,#1932,.T.);
#1930 = VERTEX_POINT('',#1931);
#1931 = CARTESIAN_POINT('',(-7.975903614458,-0.620452683835,-7.1));
#1932 = SURFACE_CURVE('',#1933,(#1937,#1943),.PCURVE_S1.);
#1933 = LINE('',#1934,#1935);
#1934 = CARTESIAN_POINT('',(-7.975903614458,-0.620452683835,-7.1));
#1935 = VECTOR('',#1936,1.);
#1936 = DIRECTION('',(0.,0.,1.));
#1937 = PCURVE('',#1891,#1938);
#1938 = DEFINITIONAL_REPRESENTATION('',(#1939),#1942);
#1939 = B_SPLINE_CURVE_WITH_KNOTS('',1,(#1940,#1941),.UNSPECIFIED.,.F.,
  .F.,(2,2),(-5.999999999062E-07,5.0000006),.PIECEWISE_BEZIER_KNOTS.);
#1940 = CARTESIAN_POINT('',(3.219227201065,-5.999999999062E-07));
#1941 = CARTESIAN_POINT('',(3.219227201065,5.0000006));
#1942 = ( GEOMETRIC_REPRESENTATION_CONTEXT(2) 
PARAMETRIC_REPRESENTATION_CONTEXT() REPRESENTATION_CONTEXT('2D SPACE',''
  ) );
#1943 = PCURVE('',#1944,#1949);
#1944 = CYLINDRICAL_SURFACE('',#1945,0.7);
#1945 = AXIS2_PLACEMENT_3D('',#1946,#1947,#1948);
#1946 = CARTESIAN_POINT('',(-8.3,1.016456843292E-15,-7.6));
#1947 = DIRECTION('',(0.,0.,1.));
#1948 = DIRECTION('',(-1.,1.224646799147E-16,0.));
#1949 = DEFINITIONAL_REPRESENTATION('',(#1950),#1953);
#1950 = B_SPLINE_CURVE_WITH_KNOTS('',1,(#1951,#1952),.UNSPECIFIED.,.F.,
  .F.,(2,2),(-5.999999999062E-07,5.0000006),.PIECEWISE_BEZIER_KNOTS.);
#1951 = CARTESIAN_POINT('',(2.052167355314,0.4999994));
#1952 = CARTESIAN_POINT('',(2.052167355314,5.5000006));
#1953 = ( GEOMETRIC_REPRESENTATION_CONTEXT(2) 
PARAMETRIC_REPRESENTATION_CONTEXT() REPRESENTATION_CONTEXT('2D SPACE',''
  ) );
#1954 = ORIENTED_EDGE('',*,*,#1955,.T.);
#1955 = EDGE_CURVE('',#1930,#1855,#1956,.T.);
#1956 = SURFACE_CURVE('',#1957,(#1962,#1969),.PCURVE_S1.);
#1957 = CIRCLE('',#1958,8.);
#1958 = AXIS2_PLACEMENT_3D('',#1959,#1960,#1961);
#1959 = CARTESIAN_POINT('',(0.,0.,-7.1));
#1960 = DIRECTION('',(0.,0.,1.));
#1961 = DIRECTION('',(1.,0.,-0.));
#1962 = PCURVE('',#1891,#1963);
#1963 = DEFINITIONAL_REPRESENTATION('',(#1964),#1968);
#1964 = LINE('',#1965,#1966);
#1965 = CARTESIAN_POINT('',(0.,0.));
#1966 = VECTOR('',#1967,1.);
#1967 = DIRECTION('',(1.,0.));
#1968 = ( GEOMETRIC_REPRESENTATION_CONTEXT(2) 
PARAMETRIC_REPRESENTATION_CONTEXT() REPRESENTATION_CONTEXT('2D SPACE',''
  ) );
#1969 = PCURVE('',#118,#1970);
#1970 = DEFINITIONAL_REPRESENTATION('',(#1971),#1975);
#1971 = CIRCLE('',#1972,8.);
#1972 = AXIS2_PLACEMENT_2D('',#1973,#1974);
#1973 = CARTESIAN_POINT('',(0.,0.));
#1974 = DIRECTION('',(1.,0.));
#1975 = ( GEOMETRIC_REPRESENTATION_CONTEXT(2) 
PARAMETRIC_REPRESENTATION_CONTEXT() REPRESENTATION_CONTEXT('2D SPACE',''
  ) );
#1976 = ORIENTED_EDGE('',*,*,#1878,.T.);
#1977 = ADVANCED_FACE('',(#1978),#1944,.F.);
#1978 = FACE_BOUND('',#1979,.F.);
#1979 = EDGE_LOOP('',(#1980,#2004,#2005,#2029));
#1980 = ORIENTED_EDGE('',*,*,#1981,.F.);
#1981 = EDGE_CURVE('',#1906,#1982,#1984,.T.);
#1982 = VERTEX_POINT('',#1983);
#1983 = CARTESIAN_POINT('',(-7.975903614458,0.620452683835,-2.1));
#1984 = SURFACE_CURVE('',#1985,(#1990,#1997),.PCURVE_S1.);
#1985 = CIRCLE('',#1986,0.7);
#1986 = AXIS2_PLACEMENT_3D('',#1987,#1988,#1989);
#1987 = CARTESIAN_POINT('',(-8.3,1.016456843292E-15,-2.1));
#1988 = DIRECTION('',(0.,0.,1.));
#1989 = DIRECTION('',(-1.,1.224646799147E-16,0.));
#1990 = PCURVE('',#1944,#1991);
#1991 = DEFINITIONAL_REPRESENTATION('',(#1992),#1996);
#1992 = LINE('',#1993,#1994);
#1993 = CARTESIAN_POINT('',(0.,5.5));
#1994 = VECTOR('',#1995,1.);
#1995 = DIRECTION('',(1.,0.));
#1996 = ( GEOMETRIC_REPRESENTATION_CONTEXT(2) 
PARAMETRIC_REPRESENTATION_CONTEXT() REPRESENTATION_CONTEXT('2D SPACE',''
  ) );
#1997 = PCURVE('',#63,#1998);
#1998 = DEFINITIONAL_REPRESENTATION('',(#1999),#2003);
#1999 = CIRCLE('',#2000,0.7);
#2000 = AXIS2_PLACEMENT_2D('',#2001,#2002);
#2001 = CARTESIAN_POINT('',(-8.3,1.016456843292E-15));
#2002 = DIRECTION('',(-1.,1.224646799147E-16));
#2003 = ( GEOMETRIC_REPRESENTATION_CONTEXT(2) 
PARAMETRIC_REPRESENTATION_CONTEXT() REPRESENTATION_CONTEXT('2D SPACE',''
  ) );
#2004 = ORIENTED_EDGE('',*,*,#1929,.F.);
#2005 = ORIENTED_EDGE('',*,*,#2006,.T.);
#2006 = EDGE_CURVE('',#1930,#2007,#2009,.T.);
#2007 = VERTEX_POINT('',#2008);
#2008 = CARTESIAN_POINT('',(-7.975903614458,0.620452683835,-7.1));
#2009 = SURFACE_CURVE('',#2010,(#2015,#2022),.PCURVE_S1.);
#2010 = CIRCLE('',#2011,0.7);
#2011 = AXIS2_PLACEMENT_3D('',#2012,#2013,#2014);
#2012 = CARTESIAN_POINT('',(-8.3,1.016456843292E-15,-7.1));
#2013 = DIRECTION('',(0.,0.,1.));
#2014 = DIRECTION('',(-1.,1.224646799147E-16,0.));
#2015 = PCURVE('',#1944,#2016);
#2016 = DEFINITIONAL_REPRESENTATION('',(#2017),#2021);
#2017 = LINE('',#2018,#2019);
#2018 = CARTESIAN_POINT('',(0.,0.5));
#2019 = VECTOR('',#2020,1.);
#2020 = DIRECTION('',(1.,0.));
#2021 = ( GEOMETRIC_REPRESENTATION_CONTEXT(2) 
PARAMETRIC_REPRESENTATION_CONTEXT() REPRESENTATION_CONTEXT('2D SPACE',''
  ) );
#2022 = PCURVE('',#118,#2023);
#2023 = DEFINITIONAL_REPRESENTATION('',(#2024),#2028);
#2024 = CIRCLE('',#2025,0.7);
#2025 = AXIS2_PLACEMENT_2D('',#2026,#2027);
#2026 = CARTESIAN_POINT('',(-8.3,1.016456843292E-15));
#2027 = DIRECTION('',(-1.,1.224646799147E-16));
#2028 = ( GEOMETRIC_REPRESENTATION_CONTEXT(2) 
PARAMETRIC_REPRESENTATION_CONTEXT() REPRESENTATION_CONTEXT('2D SPACE',''
  ) );
#2029 = ORIENTED_EDGE('',*,*,#2030,.T.);
#2030 = EDGE_CURVE('',#2007,#1982,#2031,.T.);
#2031 = SURFACE_CURVE('',#2032,(#2036,#2042),.PCURVE_S1.);
#2032 = LINE('',#2033,#2034);
#2033 = CARTESIAN_POINT('',(-7.975903614458,0.620452683835,-7.1));
#2034 = VECTOR('',#2035,1.);
#2035 = DIRECTION('',(0.,0.,1.));
#2036 = PCURVE('',#1944,#2037);
#2037 = DEFINITIONAL_REPRESENTATION('',(#2038),#2041);
#2038 = B_SPLINE_CURVE_WITH_KNOTS('',1,(#2039,#2040),.UNSPECIFIED.,.F.,
  .F.,(2,2),(-5.999999999062E-07,5.0000006),.PIECEWISE_BEZIER_KNOTS.);
#2039 = CARTESIAN_POINT('',(4.231017951865,0.4999994));
#2040 = CARTESIAN_POINT('',(4.231017951865,5.5000006));
#2041 = ( GEOMETRIC_REPRESENTATION_CONTEXT(2) 
PARAMETRIC_REPRESENTATION_CONTEXT() REPRESENTATION_CONTEXT('2D SPACE',''
  ) );
#2042 = PCURVE('',#2043,#2048);
#2043 = CYLINDRICAL_SURFACE('',#2044,8.);
#2044 = AXIS2_PLACEMENT_3D('',#2045,#2046,#2047);
#2045 = CARTESIAN_POINT('',(0.,0.,-7.1));
#2046 = DIRECTION('',(0.,0.,1.));
#2047 = DIRECTION('',(1.,0.,-0.));
#2048 = DEFINITIONAL_REPRESENTATION('',(#2049),#2052);
#2049 = B_SPLINE_CURVE_WITH_KNOTS('',1,(#2050,#2051),.UNSPECIFIED.,.F.,
  .F.,(2,2),(-5.999999999062E-07,5.0000006),.PIECEWISE_BEZIER_KNOTS.);
#2050 = CARTESIAN_POINT('',(3.063958106114,-5.999999999062E-07));
#2051 = CARTESIAN_POINT('',(3.063958106114,5.0000006));
#2052 = ( GEOMETRIC_REPRESENTATION_CONTEXT(2) 
PARAMETRIC_REPRESENTATION_CONTEXT() REPRESENTATION_CONTEXT('2D SPACE',''
  ) );
#2053 = ADVANCED_FACE('',(#2054),#2043,.T.);
#2054 = FACE_BOUND('',#2055,.T.);
#2055 = EDGE_LOOP('',(#2056,#2080,#2106,#2128));
#2056 = ORIENTED_EDGE('',*,*,#2057,.F.);
#2057 = EDGE_CURVE('',#2058,#1982,#2060,.T.);
#2058 = VERTEX_POINT('',#2059);
#2059 = CARTESIAN_POINT('',(-7.864716260359,1.465004486017,-2.1));
#2060 = SURFACE_CURVE('',#2061,(#2066,#2073),.PCURVE_S1.);
#2061 = CIRCLE('',#2062,8.);
#2062 = AXIS2_PLACEMENT_3D('',#2063,#2064,#2065);
#2063 = CARTESIAN_POINT('',(0.,0.,-2.1));
#2064 = DIRECTION('',(0.,0.,1.));
#2065 = DIRECTION('',(1.,0.,-0.));
#2066 = PCURVE('',#2043,#2067);
#2067 = DEFINITIONAL_REPRESENTATION('',(#2068),#2072);
#2068 = LINE('',#2069,#2070);
#2069 = CARTESIAN_POINT('',(0.,5.));
#2070 = VECTOR('',#2071,1.);
#2071 = DIRECTION('',(1.,0.));
#2072 = ( GEOMETRIC_REPRESENTATION_CONTEXT(2) 
PARAMETRIC_REPRESENTATION_CONTEXT() REPRESENTATION_CONTEXT('2D SPACE',''
  ) );
#2073 = PCURVE('',#63,#2074);
#2074 = DEFINITIONAL_REPRESENTATION('',(#2075),#2079);
#2075 = CIRCLE('',#2076,8.);
#2076 = AXIS2_PLACEMENT_2D('',#2077,#2078);
#2077 = CARTESIAN_POINT('',(0.,0.));
#2078 = DIRECTION('',(1.,0.));
#2079 = ( GEOMETRIC_REPRESENTATION_CONTEXT(2) 
PARAMETRIC_REPRESENTATION_CONTEXT() REPRESENTATION_CONTEXT('2D SPACE',''
  ) );
#2080 = ORIENTED_EDGE('',*,*,#2081,.F.);
#2081 = EDGE_CURVE('',#2082,#2058,#2084,.T.);
#2082 = VERTEX_POINT('',#2083);
#2083 = CARTESIAN_POINT('',(-7.864716260359,1.465004486017,-7.1));
#2084 = SURFACE_CURVE('',#2085,(#2089,#2095),.PCURVE_S1.);
#2085 = LINE('',#2086,#2087);
#2086 = CARTESIAN_POINT('',(-7.864716260359,1.465004486017,-7.1));
#2087 = VECTOR('',#2088,1.);
#2088 = DIRECTION('',(0.,0.,1.));
#2089 = PCURVE('',#2043,#2090);
#2090 = DEFINITIONAL_REPRESENTATION('',(#2091),#2094);
#2091 = B_SPLINE_CURVE_WITH_KNOTS('',1,(#2092,#2093),.UNSPECIFIED.,.F.,
  .F.,(2,2),(-5.999999999062E-07,5.0000006),.PIECEWISE_BEZIER_KNOTS.);
#2092 = CARTESIAN_POINT('',(2.957427813266,-5.999999999062E-07));
#2093 = CARTESIAN_POINT('',(2.957427813266,5.0000006));
#2094 = ( GEOMETRIC_REPRESENTATION_CONTEXT(2) 
PARAMETRIC_REPRESENTATION_CONTEXT() REPRESENTATION_CONTEXT('2D SPACE',''
  ) );
#2095 = PCURVE('',#2096,#2101);
#2096 = CYLINDRICAL_SURFACE('',#2097,0.7);
#2097 = AXIS2_PLACEMENT_3D('',#2098,#2099,#2100);
#2098 = CARTESIAN_POINT('',(-8.017184358199,2.148198074351,-7.6));
#2099 = DIRECTION('',(0.,0.,1.));
#2100 = DIRECTION('',(-0.965925826289,0.258819045103,0.));
#2101 = DEFINITIONAL_REPRESENTATION('',(#2102),#2105);
#2102 = B_SPLINE_CURVE_WITH_KNOTS('',1,(#2103,#2104),.UNSPECIFIED.,.F.,
  .F.,(2,2),(-5.999999999062E-07,5.0000006),.PIECEWISE_BEZIER_KNOTS.);
#2103 = CARTESIAN_POINT('',(2.052167355314,0.4999994));
#2104 = CARTESIAN_POINT('',(2.052167355314,5.5000006));
#2105 = ( GEOMETRIC_REPRESENTATION_CONTEXT(2) 
PARAMETRIC_REPRESENTATION_CONTEXT() REPRESENTATION_CONTEXT('2D SPACE',''
  ) );
#2106 = ORIENTED_EDGE('',*,*,#2107,.T.);
#2107 = EDGE_CURVE('',#2082,#2007,#2108,.T.);
#2108 = SURFACE_CURVE('',#2109,(#2114,#2121),.PCURVE_S1.);
#2109 = CIRCLE('',#2110,8.);
#2110 = AXIS2_PLACEMENT_3D('',#2111,#2112,#2113);
#2111 = CARTESIAN_POINT('',(0.,0.,-7.1));
#2112 = DIRECTION('',(0.,0.,1.));
#2113 = DIRECTION('',(1.,0.,-0.));
#2114 = PCURVE('',#2043,#2115);
#2115 = DEFINITIONAL_REPRESENTATION('',(#2116),#2120);
#2116 = LINE('',#2117,#2118);
#2117 = CARTESIAN_POINT('',(0.,0.));
#2118 = VECTOR('',#2119,1.);
#2119 = DIRECTION('',(1.,0.));
#2120 = ( GEOMETRIC_REPRESENTATION_CONTEXT(2) 
PARAMETRIC_REPRESENTATION_CONTEXT() REPRESENTATION_CONTEXT('2D SPACE',''
  ) );
#2121 = PCURVE('',#118,#2122);
#2122 = DEFINITIONAL_REPRESENTATION('',(#2123),#2127);
#2123 = CIRCLE('',#2124,8.);
#2124 = AXIS2_PLACEMENT_2D('',#2125,#2126);
#2125 = CARTESIAN_POINT('',(0.,0.));
#2126 = DIRECTION('',(1.,0.));
#2127 = ( GEOMETRIC_REPRESENTATION_CONTEXT(2) 
PARAMETRIC_REPRESENTATION_CONTEXT() REPRESENTATION_CONTEXT('2D SPACE',''
  ) );
#2128 = ORIENTED_EDGE('',*,*,#2030,.T.);
#2129 = ADVANCED_FACE('',(#2130),#2096,.F.);
#2130 = FACE_BOUND('',#2131,.F.);
#2131 = EDGE_LOOP('',(#2132,#2156,#2157,#2181));
#2132 = ORIENTED_EDGE('',*,*,#2133,.F.);
#2133 = EDGE_CURVE('',#2058,#2134,#2136,.T.);
#2134 = VERTEX_POINT('',#2135);
#2135 = CARTESIAN_POINT('',(-7.543546318036,2.663627028631,-2.1));
#2136 = SURFACE_CURVE('',#2137,(#2142,#2149),.PCURVE_S1.);
#2137 = CIRCLE('',#2138,0.7);
#2138 = AXIS2_PLACEMENT_3D('',#2139,#2140,#2141);
#2139 = CARTESIAN_POINT('',(-8.017184358199,2.148198074351,-2.1));
#2140 = DIRECTION('',(0.,0.,1.));
#2141 = DIRECTION('',(-0.965925826289,0.258819045103,0.));
#2142 = PCURVE('',#2096,#2143);
#2143 = DEFINITIONAL_REPRESENTATION('',(#2144),#2148);
#2144 = LINE('',#2145,#2146);
#2145 = CARTESIAN_POINT('',(-1.816409040408E-18,5.5));
#2146 = VECTOR('',#2147,1.);
#2147 = DIRECTION('',(1.,0.));
#2148 = ( GEOMETRIC_REPRESENTATION_CONTEXT(2) 
PARAMETRIC_REPRESENTATION_CONTEXT() REPRESENTATION_CONTEXT('2D SPACE',''
  ) );
#2149 = PCURVE('',#63,#2150);
#2150 = DEFINITIONAL_REPRESENTATION('',(#2151),#2155);
#2151 = CIRCLE('',#2152,0.7);
#2152 = AXIS2_PLACEMENT_2D('',#2153,#2154);
#2153 = CARTESIAN_POINT('',(-8.017184358199,2.148198074351));
#2154 = DIRECTION('',(-0.965925826289,0.258819045103));
#2155 = ( GEOMETRIC_REPRESENTATION_CONTEXT(2) 
PARAMETRIC_REPRESENTATION_CONTEXT() REPRESENTATION_CONTEXT('2D SPACE',''
  ) );
#2156 = ORIENTED_EDGE('',*,*,#2081,.F.);
#2157 = ORIENTED_EDGE('',*,*,#2158,.T.);
#2158 = EDGE_CURVE('',#2082,#2159,#2161,.T.);
#2159 = VERTEX_POINT('',#2160);
#2160 = CARTESIAN_POINT('',(-7.543546318036,2.663627028631,-7.1));
#2161 = SURFACE_CURVE('',#2162,(#2167,#2174),.PCURVE_S1.);
#2162 = CIRCLE('',#2163,0.7);
#2163 = AXIS2_PLACEMENT_3D('',#2164,#2165,#2166);
#2164 = CARTESIAN_POINT('',(-8.017184358199,2.148198074351,-7.1));
#2165 = DIRECTION('',(0.,0.,1.));
#2166 = DIRECTION('',(-0.965925826289,0.258819045103,0.));
#2167 = PCURVE('',#2096,#2168);
#2168 = DEFINITIONAL_REPRESENTATION('',(#2169),#2173);
#2169 = LINE('',#2170,#2171);
#2170 = CARTESIAN_POINT('',(-1.816409040408E-18,0.5));
#2171 = VECTOR('',#2172,1.);
#2172 = DIRECTION('',(1.,0.));
#2173 = ( GEOMETRIC_REPRESENTATION_CONTEXT(2) 
PARAMETRIC_REPRESENTATION_CONTEXT() REPRESENTATION_CONTEXT('2D SPACE',''
  ) );
#2174 = PCURVE('',#118,#2175);
#2175 = DEFINITIONAL_REPRESENTATION('',(#2176),#2180);
#2176 = CIRCLE('',#2177,0.7);
#2177 = AXIS2_PLACEMENT_2D('',#2178,#2179);
#2178 = CARTESIAN_POINT('',(-8.017184358199,2.148198074351));
#2179 = DIRECTION('',(-0.965925826289,0.258819045103));
#2180 = ( GEOMETRIC_REPRESENTATION_CONTEXT(2) 
PARAMETRIC_REPRESENTATION_CONTEXT() REPRESENTATION_CONTEXT('2D SPACE',''
  ) );
#2181 = ORIENTED_EDGE('',*,*,#2182,.T.);
#2182 = EDGE_CURVE('',#2159,#2134,#2183,.T.);
#2183 = SURFACE_CURVE('',#2184,(#2188,#2194),.PCURVE_S1.);
#2184 = LINE('',#2185,#2186);
#2185 = CARTESIAN_POINT('',(-7.543546318036,2.663627028631,-7.1));
#2186 = VECTOR('',#2187,1.);
#2187 = DIRECTION('',(0.,0.,1.));
#2188 = PCURVE('',#2096,#2189);
#2189 = DEFINITIONAL_REPRESENTATION('',(#2190),#2193);
#2190 = B_SPLINE_CURVE_WITH_KNOTS('',1,(#2191,#2192),.UNSPECIFIED.,.F.,
  .F.,(2,2),(-5.999999999062E-07,5.0000006),.PIECEWISE_BEZIER_KNOTS.);
#2191 = CARTESIAN_POINT('',(4.231017951865,0.4999994));
#2192 = CARTESIAN_POINT('',(4.231017951865,5.5000006));
#2193 = ( GEOMETRIC_REPRESENTATION_CONTEXT(2) 
PARAMETRIC_REPRESENTATION_CONTEXT() REPRESENTATION_CONTEXT('2D SPACE',''
  ) );
#2194 = PCURVE('',#2195,#2200);
#2195 = CYLINDRICAL_SURFACE('',#2196,8.);
#2196 = AXIS2_PLACEMENT_3D('',#2197,#2198,#2199);
#2197 = CARTESIAN_POINT('',(0.,0.,-7.1));
#2198 = DIRECTION('',(0.,0.,1.));
#2199 = DIRECTION('',(1.,0.,-0.));
#2200 = DEFINITIONAL_REPRESENTATION('',(#2201),#2204);
#2201 = B_SPLINE_CURVE_WITH_KNOTS('',1,(#2202,#2203),.UNSPECIFIED.,.F.,
  .F.,(2,2),(-5.999999999062E-07,5.0000006),.PIECEWISE_BEZIER_KNOTS.);
#2202 = CARTESIAN_POINT('',(2.802158718315,-5.999999999062E-07));
#2203 = CARTESIAN_POINT('',(2.802158718315,5.0000006));
#2204 = ( GEOMETRIC_REPRESENTATION_CONTEXT(2) 
PARAMETRIC_REPRESENTATION_CONTEXT() REPRESENTATION_CONTEXT('2D SPACE',''
  ) );
#2205 = ADVANCED_FACE('',(#2206),#2195,.T.);
#2206 = FACE_BOUND('',#2207,.T.);
#2207 = EDGE_LOOP('',(#2208,#2232,#2258,#2280));
#2208 = ORIENTED_EDGE('',*,*,#2209,.F.);
#2209 = EDGE_CURVE('',#2210,#2134,#2212,.T.);
#2210 = VERTEX_POINT('',#2211);
#2211 = CARTESIAN_POINT('',(-7.217561490174,3.450624021181,-2.1));
#2212 = SURFACE_CURVE('',#2213,(#2218,#2225),.PCURVE_S1.);
#2213 = CIRCLE('',#2214,8.);
#2214 = AXIS2_PLACEMENT_3D('',#2215,#2216,#2217);
#2215 = CARTESIAN_POINT('',(0.,0.,-2.1));
#2216 = DIRECTION('',(0.,0.,1.));
#2217 = DIRECTION('',(1.,0.,-0.));
#2218 = PCURVE('',#2195,#2219);
#2219 = DEFINITIONAL_REPRESENTATION('',(#2220),#2224);
#2220 = LINE('',#2221,#2222);
#2221 = CARTESIAN_POINT('',(0.,5.));
#2222 = VECTOR('',#2223,1.);
#2223 = DIRECTION('',(1.,0.));
#2224 = ( GEOMETRIC_REPRESENTATION_CONTEXT(2) 
PARAMETRIC_REPRESENTATION_CONTEXT() REPRESENTATION_CONTEXT('2D SPACE',''
  ) );
#2225 = PCURVE('',#63,#2226);
#2226 = DEFINITIONAL_REPRESENTATION('',(#2227),#2231);
#2227 = CIRCLE('',#2228,8.);
#2228 = AXIS2_PLACEMENT_2D('',#2229,#2230);
#2229 = CARTESIAN_POINT('',(0.,0.));
#2230 = DIRECTION('',(1.,0.));
#2231 = ( GEOMETRIC_REPRESENTATION_CONTEXT(2) 
PARAMETRIC_REPRESENTATION_CONTEXT() REPRESENTATION_CONTEXT('2D SPACE',''
  ) );
#2232 = ORIENTED_EDGE('',*,*,#2233,.F.);
#2233 = EDGE_CURVE('',#2234,#2210,#2236,.T.);
#2234 = VERTEX_POINT('',#2235);
#2235 = CARTESIAN_POINT('',(-7.217561490174,3.450624021181,-7.1));
#2236 = SURFACE_CURVE('',#2237,(#2241,#2247),.PCURVE_S1.);
#2237 = LINE('',#2238,#2239);
#2238 = CARTESIAN_POINT('',(-7.217561490174,3.450624021181,-7.1));
#2239 = VECTOR('',#2240,1.);
#2240 = DIRECTION('',(0.,0.,1.));
#2241 = PCURVE('',#2195,#2242);
#2242 = DEFINITIONAL_REPRESENTATION('',(#2243),#2246);
#2243 = B_SPLINE_CURVE_WITH_KNOTS('',1,(#2244,#2245),.UNSPECIFIED.,.F.,
  .F.,(2,2),(-5.999999999062E-07,5.0000006),.PIECEWISE_BEZIER_KNOTS.);
#2244 = CARTESIAN_POINT('',(2.695628425467,-5.999999999062E-07));
#2245 = CARTESIAN_POINT('',(2.695628425467,5.0000006));
#2246 = ( GEOMETRIC_REPRESENTATION_CONTEXT(2) 
PARAMETRIC_REPRESENTATION_CONTEXT() REPRESENTATION_CONTEXT('2D SPACE',''
  ) );
#2247 = PCURVE('',#2248,#2253);
#2248 = CYLINDRICAL_SURFACE('',#2249,0.7);
#2249 = AXIS2_PLACEMENT_3D('',#2250,#2251,#2252);
#2250 = CARTESIAN_POINT('',(-7.188010851411,4.15,-7.6));
#2251 = DIRECTION('',(0.,0.,1.));
#2252 = DIRECTION('',(-0.866025403784,0.5,0.));
#2253 = DEFINITIONAL_REPRESENTATION('',(#2254),#2257);
#2254 = B_SPLINE_CURVE_WITH_KNOTS('',1,(#2255,#2256),.UNSPECIFIED.,.F.,
  .F.,(2,2),(-5.999999999062E-07,5.0000006),.PIECEWISE_BEZIER_KNOTS.);
#2255 = CARTESIAN_POINT('',(2.052167355314,0.4999994));
#2256 = CARTESIAN_POINT('',(2.052167355314,5.5000006));
#2257 = ( GEOMETRIC_REPRESENTATION_CONTEXT(2) 
PARAMETRIC_REPRESENTATION_CONTEXT() REPRESENTATION_CONTEXT('2D SPACE',''
  ) );
#2258 = ORIENTED_EDGE('',*,*,#2259,.T.);
#2259 = EDGE_CURVE('',#2234,#2159,#2260,.T.);
#2260 = SURFACE_CURVE('',#2261,(#2266,#2273),.PCURVE_S1.);
#2261 = CIRCLE('',#2262,8.);
#2262 = AXIS2_PLACEMENT_3D('',#2263,#2264,#2265);
#2263 = CARTESIAN_POINT('',(0.,0.,-7.1));
#2264 = DIRECTION('',(0.,0.,1.));
#2265 = DIRECTION('',(1.,0.,-0.));
#2266 = PCURVE('',#2195,#2267);
#2267 = DEFINITIONAL_REPRESENTATION('',(#2268),#2272);
#2268 = LINE('',#2269,#2270);
#2269 = CARTESIAN_POINT('',(0.,0.));
#2270 = VECTOR('',#2271,1.);
#2271 = DIRECTION('',(1.,0.));
#2272 = ( GEOMETRIC_REPRESENTATION_CONTEXT(2) 
PARAMETRIC_REPRESENTATION_CONTEXT() REPRESENTATION_CONTEXT('2D SPACE',''
  ) );
#2273 = PCURVE('',#118,#2274);
#2274 = DEFINITIONAL_REPRESENTATION('',(#2275),#2279);
#2275 = CIRCLE('',#2276,8.);
#2276 = AXIS2_PLACEMENT_2D('',#2277,#2278);
#2277 = CARTESIAN_POINT('',(0.,0.));
#2278 = DIRECTION('',(1.,0.));
#2279 = ( GEOMETRIC_REPRESENTATION_CONTEXT(2) 
PARAMETRIC_REPRESENTATION_CONTEXT() REPRESENTATION_CONTEXT('2D SPACE',''
  ) );
#2280 = ORIENTED_EDGE('',*,*,#2182,.T.);
#2281 = ADVANCED_FACE('',(#2282),#2248,.F.);
#2282 = FACE_BOUND('',#2283,.F.);
#2283 = EDGE_LOOP('',(#2284,#2308,#2309,#2333));
#2284 = ORIENTED_EDGE('',*,*,#2285,.F.);
#2285 = EDGE_CURVE('',#2210,#2286,#2288,.T.);
#2286 = VERTEX_POINT('',#2287);
#2287 = CARTESIAN_POINT('',(-6.597108806339,4.525279593277,-2.1));
#2288 = SURFACE_CURVE('',#2289,(#2294,#2301),.PCURVE_S1.);
#2289 = CIRCLE('',#2290,0.7);
#2290 = AXIS2_PLACEMENT_3D('',#2291,#2292,#2293);
#2291 = CARTESIAN_POINT('',(-7.188010851411,4.15,-2.1));
#2292 = DIRECTION('',(0.,0.,1.));
#2293 = DIRECTION('',(-0.866025403784,0.5,0.));
#2294 = PCURVE('',#2248,#2295);
#2295 = DEFINITIONAL_REPRESENTATION('',(#2296),#2300);
#2296 = LINE('',#2297,#2298);
#2297 = CARTESIAN_POINT('',(-7.437084071669E-18,5.5));
#2298 = VECTOR('',#2299,1.);
#2299 = DIRECTION('',(1.,0.));
#2300 = ( GEOMETRIC_REPRESENTATION_CONTEXT(2) 
PARAMETRIC_REPRESENTATION_CONTEXT() REPRESENTATION_CONTEXT('2D SPACE',''
  ) );
#2301 = PCURVE('',#63,#2302);
#2302 = DEFINITIONAL_REPRESENTATION('',(#2303),#2307);
#2303 = CIRCLE('',#2304,0.7);
#2304 = AXIS2_PLACEMENT_2D('',#2305,#2306);
#2305 = CARTESIAN_POINT('',(-7.188010851411,4.15));
#2306 = DIRECTION('',(-0.866025403784,0.5));
#2307 = ( GEOMETRIC_REPRESENTATION_CONTEXT(2) 
PARAMETRIC_REPRESENTATION_CONTEXT() REPRESENTATION_CONTEXT('2D SPACE',''
  ) );
#2308 = ORIENTED_EDGE('',*,*,#2233,.F.);
#2309 = ORIENTED_EDGE('',*,*,#2310,.T.);
#2310 = EDGE_CURVE('',#2234,#2311,#2313,.T.);
#2311 = VERTEX_POINT('',#2312);
#2312 = CARTESIAN_POINT('',(-6.597108806339,4.525279593277,-7.1));
#2313 = SURFACE_CURVE('',#2314,(#2319,#2326),.PCURVE_S1.);
#2314 = CIRCLE('',#2315,0.7);
#2315 = AXIS2_PLACEMENT_3D('',#2316,#2317,#2318);
#2316 = CARTESIAN_POINT('',(-7.188010851411,4.15,-7.1));
#2317 = DIRECTION('',(0.,0.,1.));
#2318 = DIRECTION('',(-0.866025403784,0.5,0.));
#2319 = PCURVE('',#2248,#2320);
#2320 = DEFINITIONAL_REPRESENTATION('',(#2321),#2325);
#2321 = LINE('',#2322,#2323);
#2322 = CARTESIAN_POINT('',(-7.437084071669E-18,0.5));
#2323 = VECTOR('',#2324,1.);
#2324 = DIRECTION('',(1.,0.));
#2325 = ( GEOMETRIC_REPRESENTATION_CONTEXT(2) 
PARAMETRIC_REPRESENTATION_CONTEXT() REPRESENTATION_CONTEXT('2D SPACE',''
  ) );
#2326 = PCURVE('',#118,#2327);
#2327 = DEFINITIONAL_REPRESENTATION('',(#2328),#2332);
#2328 = CIRCLE('',#2329,0.7);
#2329 = AXIS2_PLACEMENT_2D('',#2330,#2331);
#2330 = CARTESIAN_POINT('',(-7.188010851411,4.15));
#2331 = DIRECTION('',(-0.866025403784,0.5));
#2332 = ( GEOMETRIC_REPRESENTATION_CONTEXT(2) 
PARAMETRIC_REPRESENTATION_CONTEXT() REPRESENTATION_CONTEXT('2D SPACE',''
  ) );
#2333 = ORIENTED_EDGE('',*,*,#2334,.T.);
#2334 = EDGE_CURVE('',#2311,#2286,#2335,.T.);
#2335 = SURFACE_CURVE('',#2336,(#2340,#2346),.PCURVE_S1.);
#2336 = LINE('',#2337,#2338);
#2337 = CARTESIAN_POINT('',(-6.597108806339,4.525279593277,-7.1));
#2338 = VECTOR('',#2339,1.);
#2339 = DIRECTION('',(0.,0.,1.));
#2340 = PCURVE('',#2248,#2341);
#2341 = DEFINITIONAL_REPRESENTATION('',(#2342),#2345);
#2342 = B_SPLINE_CURVE_WITH_KNOTS('',1,(#2343,#2344),.UNSPECIFIED.,.F.,
  .F.,(2,2),(-5.999999999062E-07,5.0000006),.PIECEWISE_BEZIER_KNOTS.);
#2343 = CARTESIAN_POINT('',(4.231017951865,0.4999994));
#2344 = CARTESIAN_POINT('',(4.231017951865,5.5000006));
#2345 = ( GEOMETRIC_REPRESENTATION_CONTEXT(2) 
PARAMETRIC_REPRESENTATION_CONTEXT() REPRESENTATION_CONTEXT('2D SPACE',''
  ) );
#2346 = PCURVE('',#2347,#2352);
#2347 = CYLINDRICAL_SURFACE('',#2348,8.);
#2348 = AXIS2_PLACEMENT_3D('',#2349,#2350,#2351);
#2349 = CARTESIAN_POINT('',(0.,0.,-7.1));
#2350 = DIRECTION('',(0.,0.,1.));
#2351 = DIRECTION('',(1.,0.,-0.));
#2352 = DEFINITIONAL_REPRESENTATION('',(#2353),#2356);
#2353 = B_SPLINE_CURVE_WITH_KNOTS('',1,(#2354,#2355),.UNSPECIFIED.,.F.,
  .F.,(2,2),(-5.999999999062E-07,5.0000006),.PIECEWISE_BEZIER_KNOTS.);
#2354 = CARTESIAN_POINT('',(2.540359330516,-5.999999999062E-07));
#2355 = CARTESIAN_POINT('',(2.540359330516,5.0000006));
#2356 = ( GEOMETRIC_REPRESENTATION_CONTEXT(2) 
PARAMETRIC_REPRESENTATION_CONTEXT() REPRESENTATION_CONTEXT('2D SPACE',''
  ) );
#2357 = ADVANCED_FACE('',(#2358),#2347,.T.);
#2358 = FACE_BOUND('',#2359,.T.);
#2359 = EDGE_LOOP('',(#2360,#2384,#2410,#2432));
#2360 = ORIENTED_EDGE('',*,*,#2361,.F.);
#2361 = EDGE_CURVE('',#2362,#2286,#2364,.T.);
#2362 = VERTEX_POINT('',#2363);
#2363 = CARTESIAN_POINT('',(-6.078541832019,5.201089231728,-2.1));
#2364 = SURFACE_CURVE('',#2365,(#2370,#2377),.PCURVE_S1.);
#2365 = CIRCLE('',#2366,8.);
#2366 = AXIS2_PLACEMENT_3D('',#2367,#2368,#2369);
#2367 = CARTESIAN_POINT('',(0.,0.,-2.1));
#2368 = DIRECTION('',(0.,0.,1.));
#2369 = DIRECTION('',(1.,0.,-0.));
#2370 = PCURVE('',#2347,#2371);
#2371 = DEFINITIONAL_REPRESENTATION('',(#2372),#2376);
#2372 = LINE('',#2373,#2374);
#2373 = CARTESIAN_POINT('',(0.,5.));
#2374 = VECTOR('',#2375,1.);
#2375 = DIRECTION('',(1.,0.));
#2376 = ( GEOMETRIC_REPRESENTATION_CONTEXT(2) 
PARAMETRIC_REPRESENTATION_CONTEXT() REPRESENTATION_CONTEXT('2D SPACE',''
  ) );
#2377 = PCURVE('',#63,#2378);
#2378 = DEFINITIONAL_REPRESENTATION('',(#2379),#2383);
#2379 = CIRCLE('',#2380,8.);
#2380 = AXIS2_PLACEMENT_2D('',#2381,#2382);
#2381 = CARTESIAN_POINT('',(0.,0.));
#2382 = DIRECTION('',(1.,0.));
#2383 = ( GEOMETRIC_REPRESENTATION_CONTEXT(2) 
PARAMETRIC_REPRESENTATION_CONTEXT() REPRESENTATION_CONTEXT('2D SPACE',''
  ) );
#2384 = ORIENTED_EDGE('',*,*,#2385,.F.);
#2385 = EDGE_CURVE('',#2386,#2362,#2388,.T.);
#2386 = VERTEX_POINT('',#2387);
#2387 = CARTESIAN_POINT('',(-6.078541832019,5.201089231728,-7.1));
#2388 = SURFACE_CURVE('',#2389,(#2393,#2399),.PCURVE_S1.);
#2389 = LINE('',#2390,#2391);
#2390 = CARTESIAN_POINT('',(-6.078541832019,5.201089231728,-7.1));
#2391 = VECTOR('',#2392,1.);
#2392 = DIRECTION('',(0.,0.,1.));
#2393 = PCURVE('',#2347,#2394);
#2394 = DEFINITIONAL_REPRESENTATION('',(#2395),#2398);
#2395 = B_SPLINE_CURVE_WITH_KNOTS('',1,(#2396,#2397),.UNSPECIFIED.,.F.,
  .F.,(2,2),(-5.999999999062E-07,5.0000006),.PIECEWISE_BEZIER_KNOTS.);
#2396 = CARTESIAN_POINT('',(2.433829037668,-5.999999999062E-07));
#2397 = CARTESIAN_POINT('',(2.433829037668,5.0000006));
#2398 = ( GEOMETRIC_REPRESENTATION_CONTEXT(2) 
PARAMETRIC_REPRESENTATION_CONTEXT() REPRESENTATION_CONTEXT('2D SPACE',''
  ) );
#2399 = PCURVE('',#2400,#2405);
#2400 = CYLINDRICAL_SURFACE('',#2401,0.7);
#2401 = AXIS2_PLACEMENT_3D('',#2402,#2403,#2404);
#2402 = CARTESIAN_POINT('',(-5.868986283848,5.868986283848,-7.6));
#2403 = DIRECTION('',(0.,0.,1.));
#2404 = DIRECTION('',(-0.707106781187,0.707106781187,0.));
#2405 = DEFINITIONAL_REPRESENTATION('',(#2406),#2409);
#2406 = B_SPLINE_CURVE_WITH_KNOTS('',1,(#2407,#2408),.UNSPECIFIED.,.F.,
  .F.,(2,2),(-5.999999999062E-07,5.0000006),.PIECEWISE_BEZIER_KNOTS.);
#2407 = CARTESIAN_POINT('',(2.052167355314,0.4999994));
#2408 = CARTESIAN_POINT('',(2.052167355314,5.5000006));
#2409 = ( GEOMETRIC_REPRESENTATION_CONTEXT(2) 
PARAMETRIC_REPRESENTATION_CONTEXT() REPRESENTATION_CONTEXT('2D SPACE',''
  ) );
#2410 = ORIENTED_EDGE('',*,*,#2411,.T.);
#2411 = EDGE_CURVE('',#2386,#2311,#2412,.T.);
#2412 = SURFACE_CURVE('',#2413,(#2418,#2425),.PCURVE_S1.);
#2413 = CIRCLE('',#2414,8.);
#2414 = AXIS2_PLACEMENT_3D('',#2415,#2416,#2417);
#2415 = CARTESIAN_POINT('',(0.,0.,-7.1));
#2416 = DIRECTION('',(0.,0.,1.));
#2417 = DIRECTION('',(1.,0.,-0.));
#2418 = PCURVE('',#2347,#2419);
#2419 = DEFINITIONAL_REPRESENTATION('',(#2420),#2424);
#2420 = LINE('',#2421,#2422);
#2421 = CARTESIAN_POINT('',(0.,0.));
#2422 = VECTOR('',#2423,1.);
#2423 = DIRECTION('',(1.,0.));
#2424 = ( GEOMETRIC_REPRESENTATION_CONTEXT(2) 
PARAMETRIC_REPRESENTATION_CONTEXT() REPRESENTATION_CONTEXT('2D SPACE',''
  ) );
#2425 = PCURVE('',#118,#2426);
#2426 = DEFINITIONAL_REPRESENTATION('',(#2427),#2431);
#2427 = CIRCLE('',#2428,8.);
#2428 = AXIS2_PLACEMENT_2D('',#2429,#2430);
#2429 = CARTESIAN_POINT('',(0.,0.));
#2430 = DIRECTION('',(1.,0.));
#2431 = ( GEOMETRIC_REPRESENTATION_CONTEXT(2) 
PARAMETRIC_REPRESENTATION_CONTEXT() REPRESENTATION_CONTEXT('2D SPACE',''
  ) );
#2432 = ORIENTED_EDGE('',*,*,#2334,.T.);
#2433 = ADVANCED_FACE('',(#2434),#2400,.F.);
#2434 = FACE_BOUND('',#2435,.F.);
#2435 = EDGE_LOOP('',(#2436,#2460,#2461,#2485));
#2436 = ORIENTED_EDGE('',*,*,#2437,.F.);
#2437 = EDGE_CURVE('',#2362,#2438,#2440,.T.);
#2438 = VERTEX_POINT('',#2439);
#2439 = CARTESIAN_POINT('',(-5.201089231728,6.078541832019,-2.1));
#2440 = SURFACE_CURVE('',#2441,(#2446,#2453),.PCURVE_S1.);
#2441 = CIRCLE('',#2442,0.7);
#2442 = AXIS2_PLACEMENT_3D('',#2443,#2444,#2445);
#2443 = CARTESIAN_POINT('',(-5.868986283848,5.868986283848,-2.1));
#2444 = DIRECTION('',(0.,0.,1.));
#2445 = DIRECTION('',(-0.707106781187,0.707106781187,0.));
#2446 = PCURVE('',#2400,#2447);
#2447 = DEFINITIONAL_REPRESENTATION('',(#2448),#2452);
#2448 = LINE('',#2449,#2450);
#2449 = CARTESIAN_POINT('',(4.26642158859E-17,5.5));
#2450 = VECTOR('',#2451,1.);
#2451 = DIRECTION('',(1.,0.));
#2452 = ( GEOMETRIC_REPRESENTATION_CONTEXT(2) 
PARAMETRIC_REPRESENTATION_CONTEXT() REPRESENTATION_CONTEXT('2D SPACE',''
  ) );
#2453 = PCURVE('',#63,#2454);
#2454 = DEFINITIONAL_REPRESENTATION('',(#2455),#2459);
#2455 = CIRCLE('',#2456,0.7);
#2456 = AXIS2_PLACEMENT_2D('',#2457,#2458);
#2457 = CARTESIAN_POINT('',(-5.868986283848,5.868986283848));
#2458 = DIRECTION('',(-0.707106781187,0.707106781187));
#2459 = ( GEOMETRIC_REPRESENTATION_CONTEXT(2) 
PARAMETRIC_REPRESENTATION_CONTEXT() REPRESENTATION_CONTEXT('2D SPACE',''
  ) );
#2460 = ORIENTED_EDGE('',*,*,#2385,.F.);
#2461 = ORIENTED_EDGE('',*,*,#2462,.T.);
#2462 = EDGE_CURVE('',#2386,#2463,#2465,.T.);
#2463 = VERTEX_POINT('',#2464);
#2464 = CARTESIAN_POINT('',(-5.201089231728,6.078541832019,-7.1));
#2465 = SURFACE_CURVE('',#2466,(#2471,#2478),.PCURVE_S1.);
#2466 = CIRCLE('',#2467,0.7);
#2467 = AXIS2_PLACEMENT_3D('',#2468,#2469,#2470);
#2468 = CARTESIAN_POINT('',(-5.868986283848,5.868986283848,-7.1));
#2469 = DIRECTION('',(0.,0.,1.));
#2470 = DIRECTION('',(-0.707106781187,0.707106781187,0.));
#2471 = PCURVE('',#2400,#2472);
#2472 = DEFINITIONAL_REPRESENTATION('',(#2473),#2477);
#2473 = LINE('',#2474,#2475);
#2474 = CARTESIAN_POINT('',(4.26642158859E-17,0.5));
#2475 = VECTOR('',#2476,1.);
#2476 = DIRECTION('',(1.,0.));
#2477 = ( GEOMETRIC_REPRESENTATION_CONTEXT(2) 
PARAMETRIC_REPRESENTATION_CONTEXT() REPRESENTATION_CONTEXT('2D SPACE',''
  ) );
#2478 = PCURVE('',#118,#2479);
#2479 = DEFINITIONAL_REPRESENTATION('',(#2480),#2484);
#2480 = CIRCLE('',#2481,0.7);
#2481 = AXIS2_PLACEMENT_2D('',#2482,#2483);
#2482 = CARTESIAN_POINT('',(-5.868986283848,5.868986283848));
#2483 = DIRECTION('',(-0.707106781187,0.707106781187));
#2484 = ( GEOMETRIC_REPRESENTATION_CONTEXT(2) 
PARAMETRIC_REPRESENTATION_CONTEXT() REPRESENTATION_CONTEXT('2D SPACE',''
  ) );
#2485 = ORIENTED_EDGE('',*,*,#2486,.T.);
#2486 = EDGE_CURVE('',#2463,#2438,#2487,.T.);
#2487 = SURFACE_CURVE('',#2488,(#2492,#2498),.PCURVE_S1.);
#2488 = LINE('',#2489,#2490);
#2489 = CARTESIAN_POINT('',(-5.201089231728,6.078541832019,-7.1));
#2490 = VECTOR('',#2491,1.);
#2491 = DIRECTION('',(0.,0.,1.));
#2492 = PCURVE('',#2400,#2493);
#2493 = DEFINITIONAL_REPRESENTATION('',(#2494),#2497);
#2494 = B_SPLINE_CURVE_WITH_KNOTS('',1,(#2495,#2496),.UNSPECIFIED.,.F.,
  .F.,(2,2),(-5.999999999062E-07,5.0000006),.PIECEWISE_BEZIER_KNOTS.);
#2495 = CARTESIAN_POINT('',(4.231017951865,0.4999994));
#2496 = CARTESIAN_POINT('',(4.231017951865,5.5000006));
#2497 = ( GEOMETRIC_REPRESENTATION_CONTEXT(2) 
PARAMETRIC_REPRESENTATION_CONTEXT() REPRESENTATION_CONTEXT('2D SPACE',''
  ) );
#2498 = PCURVE('',#2499,#2504);
#2499 = CYLINDRICAL_SURFACE('',#2500,8.);
#2500 = AXIS2_PLACEMENT_3D('',#2501,#2502,#2503);
#2501 = CARTESIAN_POINT('',(0.,0.,-7.1));
#2502 = DIRECTION('',(0.,0.,1.));
#2503 = DIRECTION('',(1.,0.,-0.));
#2504 = DEFINITIONAL_REPRESENTATION('',(#2505),#2508);
#2505 = B_SPLINE_CURVE_WITH_KNOTS('',1,(#2506,#2507),.UNSPECIFIED.,.F.,
  .F.,(2,2),(-5.999999999062E-07,5.0000006),.PIECEWISE_BEZIER_KNOTS.);
#2506 = CARTESIAN_POINT('',(2.278559942717,-5.999999999062E-07));
#2507 = CARTESIAN_POINT('',(2.278559942717,5.0000006));
#2508 = ( GEOMETRIC_REPRESENTATION_CONTEXT(2) 
PARAMETRIC_REPRESENTATION_CONTEXT() REPRESENTATION_CONTEXT('2D SPACE',''
  ) );
#2509 = ADVANCED_FACE('',(#2510),#2499,.T.);
#2510 = FACE_BOUND('',#2511,.T.);
#2511 = EDGE_LOOP('',(#2512,#2536,#2562,#2584));
#2512 = ORIENTED_EDGE('',*,*,#2513,.F.);
#2513 = EDGE_CURVE('',#2514,#2438,#2516,.T.);
#2514 = VERTEX_POINT('',#2515);
#2515 = CARTESIAN_POINT('',(-4.525279593277,6.597108806339,-2.1));
#2516 = SURFACE_CURVE('',#2517,(#2522,#2529),.PCURVE_S1.);
#2517 = CIRCLE('',#2518,8.);
#2518 = AXIS2_PLACEMENT_3D('',#2519,#2520,#2521);
#2519 = CARTESIAN_POINT('',(0.,0.,-2.1));
#2520 = DIRECTION('',(0.,0.,1.));
#2521 = DIRECTION('',(1.,0.,-0.));
#2522 = PCURVE('',#2499,#2523);
#2523 = DEFINITIONAL_REPRESENTATION('',(#2524),#2528);
#2524 = LINE('',#2525,#2526);
#2525 = CARTESIAN_POINT('',(0.,5.));
#2526 = VECTOR('',#2527,1.);
#2527 = DIRECTION('',(1.,0.));
#2528 = ( GEOMETRIC_REPRESENTATION_CONTEXT(2) 
PARAMETRIC_REPRESENTATION_CONTEXT() REPRESENTATION_CONTEXT('2D SPACE',''
  ) );
#2529 = PCURVE('',#63,#2530);
#2530 = DEFINITIONAL_REPRESENTATION('',(#2531),#2535);
#2531 = CIRCLE('',#2532,8.);
#2532 = AXIS2_PLACEMENT_2D('',#2533,#2534);
#2533 = CARTESIAN_POINT('',(0.,0.));
#2534 = DIRECTION('',(1.,0.));
#2535 = ( GEOMETRIC_REPRESENTATION_CONTEXT(2) 
PARAMETRIC_REPRESENTATION_CONTEXT() REPRESENTATION_CONTEXT('2D SPACE',''
  ) );
#2536 = ORIENTED_EDGE('',*,*,#2537,.F.);
#2537 = EDGE_CURVE('',#2538,#2514,#2540,.T.);
#2538 = VERTEX_POINT('',#2539);
#2539 = CARTESIAN_POINT('',(-4.525279593277,6.597108806339,-7.1));
#2540 = SURFACE_CURVE('',#2541,(#2545,#2551),.PCURVE_S1.);
#2541 = LINE('',#2542,#2543);
#2542 = CARTESIAN_POINT('',(-4.525279593277,6.597108806339,-7.1));
#2543 = VECTOR('',#2544,1.);
#2544 = DIRECTION('',(0.,0.,1.));
#2545 = PCURVE('',#2499,#2546);
#2546 = DEFINITIONAL_REPRESENTATION('',(#2547),#2550);
#2547 = B_SPLINE_CURVE_WITH_KNOTS('',1,(#2548,#2549),.UNSPECIFIED.,.F.,
  .F.,(2,2),(-5.999999999062E-07,5.0000006),.PIECEWISE_BEZIER_KNOTS.);
#2548 = CARTESIAN_POINT('',(2.172029649869,-5.999999999062E-07));
#2549 = CARTESIAN_POINT('',(2.172029649869,5.0000006));
#2550 = ( GEOMETRIC_REPRESENTATION_CONTEXT(2) 
PARAMETRIC_REPRESENTATION_CONTEXT() REPRESENTATION_CONTEXT('2D SPACE',''
  ) );
#2551 = PCURVE('',#2552,#2557);
#2552 = CYLINDRICAL_SURFACE('',#2553,0.7);
#2553 = AXIS2_PLACEMENT_3D('',#2554,#2555,#2556);
#2554 = CARTESIAN_POINT('',(-4.15,7.188010851411,-7.6));
#2555 = DIRECTION('',(0.,0.,1.));
#2556 = DIRECTION('',(-0.5,0.866025403784,0.));
#2557 = DEFINITIONAL_REPRESENTATION('',(#2558),#2561);
#2558 = B_SPLINE_CURVE_WITH_KNOTS('',1,(#2559,#2560),.UNSPECIFIED.,.F.,
  .F.,(2,2),(-5.999999999062E-07,5.0000006),.PIECEWISE_BEZIER_KNOTS.);
#2559 = CARTESIAN_POINT('',(2.052167355314,0.4999994));
#2560 = CARTESIAN_POINT('',(2.052167355314,5.5000006));
#2561 = ( GEOMETRIC_REPRESENTATION_CONTEXT(2) 
PARAMETRIC_REPRESENTATION_CONTEXT() REPRESENTATION_CONTEXT('2D SPACE',''
  ) );
#2562 = ORIENTED_EDGE('',*,*,#2563,.T.);
#2563 = EDGE_CURVE('',#2538,#2463,#2564,.T.);
#2564 = SURFACE_CURVE('',#2565,(#2570,#2577),.PCURVE_S1.);
#2565 = CIRCLE('',#2566,8.);
#2566 = AXIS2_PLACEMENT_3D('',#2567,#2568,#2569);
#2567 = CARTESIAN_POINT('',(0.,0.,-7.1));
#2568 = DIRECTION('',(0.,0.,1.));
#2569 = DIRECTION('',(1.,0.,-0.));
#2570 = PCURVE('',#2499,#2571);
#2571 = DEFINITIONAL_REPRESENTATION('',(#2572),#2576);
#2572 = LINE('',#2573,#2574);
#2573 = CARTESIAN_POINT('',(0.,0.));
#2574 = VECTOR('',#2575,1.);
#2575 = DIRECTION('',(1.,0.));
#2576 = ( GEOMETRIC_REPRESENTATION_CONTEXT(2) 
PARAMETRIC_REPRESENTATION_CONTEXT() REPRESENTATION_CONTEXT('2D SPACE',''
  ) );
#2577 = PCURVE('',#118,#2578);
#2578 = DEFINITIONAL_REPRESENTATION('',(#2579),#2583);
#2579 = CIRCLE('',#2580,8.);
#2580 = AXIS2_PLACEMENT_2D('',#2581,#2582);
#2581 = CARTESIAN_POINT('',(0.,0.));
#2582 = DIRECTION('',(1.,0.));
#2583 = ( GEOMETRIC_REPRESENTATION_CONTEXT(2) 
PARAMETRIC_REPRESENTATION_CONTEXT() REPRESENTATION_CONTEXT('2D SPACE',''
  ) );
#2584 = ORIENTED_EDGE('',*,*,#2486,.T.);
#2585 = ADVANCED_FACE('',(#2586),#2552,.F.);
#2586 = FACE_BOUND('',#2587,.F.);
#2587 = EDGE_LOOP('',(#2588,#2612,#2613,#2637));
#2588 = ORIENTED_EDGE('',*,*,#2589,.F.);
#2589 = EDGE_CURVE('',#2514,#2590,#2592,.T.);
#2590 = VERTEX_POINT('',#2591);
#2591 = CARTESIAN_POINT('',(-3.450624021181,7.217561490174,-2.1));
#2592 = SURFACE_CURVE('',#2593,(#2598,#2605),.PCURVE_S1.);
#2593 = CIRCLE('',#2594,0.7);
#2594 = AXIS2_PLACEMENT_3D('',#2595,#2596,#2597);
#2595 = CARTESIAN_POINT('',(-4.15,7.188010851411,-2.1));
#2596 = DIRECTION('',(0.,0.,1.));
#2597 = DIRECTION('',(-0.5,0.866025403784,0.));
#2598 = PCURVE('',#2552,#2599);
#2599 = DEFINITIONAL_REPRESENTATION('',(#2600),#2604);
#2600 = LINE('',#2601,#2602);
#2601 = CARTESIAN_POINT('',(2.576281494458E-17,5.5));
#2602 = VECTOR('',#2603,1.);
#2603 = DIRECTION('',(1.,0.));
#2604 = ( GEOMETRIC_REPRESENTATION_CONTEXT(2) 
PARAMETRIC_REPRESENTATION_CONTEXT() REPRESENTATION_CONTEXT('2D SPACE',''
  ) );
#2605 = PCURVE('',#63,#2606);
#2606 = DEFINITIONAL_REPRESENTATION('',(#2607),#2611);
#2607 = CIRCLE('',#2608,0.7);
#2608 = AXIS2_PLACEMENT_2D('',#2609,#2610);
#2609 = CARTESIAN_POINT('',(-4.15,7.188010851411));
#2610 = DIRECTION('',(-0.5,0.866025403784));
#2611 = ( GEOMETRIC_REPRESENTATION_CONTEXT(2) 
PARAMETRIC_REPRESENTATION_CONTEXT() REPRESENTATION_CONTEXT('2D SPACE',''
  ) );
#2612 = ORIENTED_EDGE('',*,*,#2537,.F.);
#2613 = ORIENTED_EDGE('',*,*,#2614,.T.);
#2614 = EDGE_CURVE('',#2538,#2615,#2617,.T.);
#2615 = VERTEX_POINT('',#2616);
#2616 = CARTESIAN_POINT('',(-3.450624021181,7.217561490174,-7.1));
#2617 = SURFACE_CURVE('',#2618,(#2623,#2630),.PCURVE_S1.);
#2618 = CIRCLE('',#2619,0.7);
#2619 = AXIS2_PLACEMENT_3D('',#2620,#2621,#2622);
#2620 = CARTESIAN_POINT('',(-4.15,7.188010851411,-7.1));
#2621 = DIRECTION('',(0.,0.,1.));
#2622 = DIRECTION('',(-0.5,0.866025403784,0.));
#2623 = PCURVE('',#2552,#2624);
#2624 = DEFINITIONAL_REPRESENTATION('',(#2625),#2629);
#2625 = LINE('',#2626,#2627);
#2626 = CARTESIAN_POINT('',(2.576281494458E-17,0.5));
#2627 = VECTOR('',#2628,1.);
#2628 = DIRECTION('',(1.,0.));
#2629 = ( GEOMETRIC_REPRESENTATION_CONTEXT(2) 
PARAMETRIC_REPRESENTATION_CONTEXT() REPRESENTATION_CONTEXT('2D SPACE',''
  ) );
#2630 = PCURVE('',#118,#2631);
#2631 = DEFINITIONAL_REPRESENTATION('',(#2632),#2636);
#2632 = CIRCLE('',#2633,0.7);
#2633 = AXIS2_PLACEMENT_2D('',#2634,#2635);
#2634 = CARTESIAN_POINT('',(-4.15,7.188010851411));
#2635 = DIRECTION('',(-0.5,0.866025403784));
#2636 = ( GEOMETRIC_REPRESENTATION_CONTEXT(2) 
PARAMETRIC_REPRESENTATION_CONTEXT() REPRESENTATION_CONTEXT('2D SPACE',''
  ) );
#2637 = ORIENTED_EDGE('',*,*,#2638,.T.);
#2638 = EDGE_CURVE('',#2615,#2590,#2639,.T.);
#2639 = SURFACE_CURVE('',#2640,(#2644,#2650),.PCURVE_S1.);
#2640 = LINE('',#2641,#2642);
#2641 = CARTESIAN_POINT('',(-3.450624021181,7.217561490174,-7.1));
#2642 = VECTOR('',#2643,1.);
#2643 = DIRECTION('',(0.,0.,1.));
#2644 = PCURVE('',#2552,#2645);
#2645 = DEFINITIONAL_REPRESENTATION('',(#2646),#2649);
#2646 = B_SPLINE_CURVE_WITH_KNOTS('',1,(#2647,#2648),.UNSPECIFIED.,.F.,
  .F.,(2,2),(-5.999999999062E-07,5.0000006),.PIECEWISE_BEZIER_KNOTS.);
#2647 = CARTESIAN_POINT('',(4.231017951865,0.4999994));
#2648 = CARTESIAN_POINT('',(4.231017951865,5.5000006));
#2649 = ( GEOMETRIC_REPRESENTATION_CONTEXT(2) 
PARAMETRIC_REPRESENTATION_CONTEXT() REPRESENTATION_CONTEXT('2D SPACE',''
  ) );
#2650 = PCURVE('',#2651,#2656);
#2651 = CYLINDRICAL_SURFACE('',#2652,8.);
#2652 = AXIS2_PLACEMENT_3D('',#2653,#2654,#2655);
#2653 = CARTESIAN_POINT('',(0.,0.,-7.1));
#2654 = DIRECTION('',(0.,0.,1.));
#2655 = DIRECTION('',(1.,0.,-0.));
#2656 = DEFINITIONAL_REPRESENTATION('',(#2657),#2660);
#2657 = B_SPLINE_CURVE_WITH_KNOTS('',1,(#2658,#2659),.UNSPECIFIED.,.F.,
  .F.,(2,2),(-5.999999999062E-07,5.0000006),.PIECEWISE_BEZIER_KNOTS.);
#2658 = CARTESIAN_POINT('',(2.016760554918,-5.999999999062E-07));
#2659 = CARTESIAN_POINT('',(2.016760554918,5.0000006));
#2660 = ( GEOMETRIC_REPRESENTATION_CONTEXT(2) 
PARAMETRIC_REPRESENTATION_CONTEXT() REPRESENTATION_CONTEXT('2D SPACE',''
  ) );
#2661 = ADVANCED_FACE('',(#2662),#2651,.T.);
#2662 = FACE_BOUND('',#2663,.T.);
#2663 = EDGE_LOOP('',(#2664,#2688,#2714,#2736));
#2664 = ORIENTED_EDGE('',*,*,#2665,.F.);
#2665 = EDGE_CURVE('',#2666,#2590,#2668,.T.);
#2666 = VERTEX_POINT('',#2667);
#2667 = CARTESIAN_POINT('',(-2.663627028631,7.543546318036,-2.1));
#2668 = SURFACE_CURVE('',#2669,(#2674,#2681),.PCURVE_S1.);
#2669 = CIRCLE('',#2670,8.);
#2670 = AXIS2_PLACEMENT_3D('',#2671,#2672,#2673);
#2671 = CARTESIAN_POINT('',(0.,0.,-2.1));
#2672 = DIRECTION('',(0.,0.,1.));
#2673 = DIRECTION('',(1.,0.,-0.));
#2674 = PCURVE('',#2651,#2675);
#2675 = DEFINITIONAL_REPRESENTATION('',(#2676),#2680);
#2676 = LINE('',#2677,#2678);
#2677 = CARTESIAN_POINT('',(0.,5.));
#2678 = VECTOR('',#2679,1.);
#2679 = DIRECTION('',(1.,0.));
#2680 = ( GEOMETRIC_REPRESENTATION_CONTEXT(2) 
PARAMETRIC_REPRESENTATION_CONTEXT() REPRESENTATION_CONTEXT('2D SPACE',''
  ) );
#2681 = PCURVE('',#63,#2682);
#2682 = DEFINITIONAL_REPRESENTATION('',(#2683),#2687);
#2683 = CIRCLE('',#2684,8.);
#2684 = AXIS2_PLACEMENT_2D('',#2685,#2686);
#2685 = CARTESIAN_POINT('',(0.,0.));
#2686 = DIRECTION('',(1.,0.));
#2687 = ( GEOMETRIC_REPRESENTATION_CONTEXT(2) 
PARAMETRIC_REPRESENTATION_CONTEXT() REPRESENTATION_CONTEXT('2D SPACE',''
  ) );
#2688 = ORIENTED_EDGE('',*,*,#2689,.F.);
#2689 = EDGE_CURVE('',#2690,#2666,#2692,.T.);
#2690 = VERTEX_POINT('',#2691);
#2691 = CARTESIAN_POINT('',(-2.663627028631,7.543546318036,-7.1));
#2692 = SURFACE_CURVE('',#2693,(#2697,#2703),.PCURVE_S1.);
#2693 = LINE('',#2694,#2695);
#2694 = CARTESIAN_POINT('',(-2.663627028631,7.543546318036,-7.1));
#2695 = VECTOR('',#2696,1.);
#2696 = DIRECTION('',(0.,0.,1.));
#2697 = PCURVE('',#2651,#2698);
#2698 = DEFINITIONAL_REPRESENTATION('',(#2699),#2702);
#2699 = B_SPLINE_CURVE_WITH_KNOTS('',1,(#2700,#2701),.UNSPECIFIED.,.F.,
  .F.,(2,2),(-5.999999999062E-07,5.0000006),.PIECEWISE_BEZIER_KNOTS.);
#2700 = CARTESIAN_POINT('',(1.910230262069,-5.999999999062E-07));
#2701 = CARTESIAN_POINT('',(1.910230262069,5.0000006));
#2702 = ( GEOMETRIC_REPRESENTATION_CONTEXT(2) 
PARAMETRIC_REPRESENTATION_CONTEXT() REPRESENTATION_CONTEXT('2D SPACE',''
  ) );
#2703 = PCURVE('',#2704,#2709);
#2704 = CYLINDRICAL_SURFACE('',#2705,0.7);
#2705 = AXIS2_PLACEMENT_3D('',#2706,#2707,#2708);
#2706 = CARTESIAN_POINT('',(-2.148198074351,8.017184358199,-7.6));
#2707 = DIRECTION('',(0.,0.,1.));
#2708 = DIRECTION('',(-0.258819045103,0.965925826289,0.));
#2709 = DEFINITIONAL_REPRESENTATION('',(#2710),#2713);
#2710 = B_SPLINE_CURVE_WITH_KNOTS('',1,(#2711,#2712),.UNSPECIFIED.,.F.,
  .F.,(2,2),(-5.999999999062E-07,5.0000006),.PIECEWISE_BEZIER_KNOTS.);
#2711 = CARTESIAN_POINT('',(2.052167355314,0.4999994));
#2712 = CARTESIAN_POINT('',(2.052167355314,5.5000006));
#2713 = ( GEOMETRIC_REPRESENTATION_CONTEXT(2) 
PARAMETRIC_REPRESENTATION_CONTEXT() REPRESENTATION_CONTEXT('2D SPACE',''
  ) );
#2714 = ORIENTED_EDGE('',*,*,#2715,.T.);
#2715 = EDGE_CURVE('',#2690,#2615,#2716,.T.);
#2716 = SURFACE_CURVE('',#2717,(#2722,#2729),.PCURVE_S1.);
#2717 = CIRCLE('',#2718,8.);
#2718 = AXIS2_PLACEMENT_3D('',#2719,#2720,#2721);
#2719 = CARTESIAN_POINT('',(0.,0.,-7.1));
#2720 = DIRECTION('',(0.,0.,1.));
#2721 = DIRECTION('',(1.,0.,-0.));
#2722 = PCURVE('',#2651,#2723);
#2723 = DEFINITIONAL_REPRESENTATION('',(#2724),#2728);
#2724 = LINE('',#2725,#2726);
#2725 = CARTESIAN_POINT('',(0.,0.));
#2726 = VECTOR('',#2727,1.);
#2727 = DIRECTION('',(1.,0.));
#2728 = ( GEOMETRIC_REPRESENTATION_CONTEXT(2) 
PARAMETRIC_REPRESENTATION_CONTEXT() REPRESENTATION_CONTEXT('2D SPACE',''
  ) );
#2729 = PCURVE('',#118,#2730);
#2730 = DEFINITIONAL_REPRESENTATION('',(#2731),#2735);
#2731 = CIRCLE('',#2732,8.);
#2732 = AXIS2_PLACEMENT_2D('',#2733,#2734);
#2733 = CARTESIAN_POINT('',(0.,0.));
#2734 = DIRECTION('',(1.,0.));
#2735 = ( GEOMETRIC_REPRESENTATION_CONTEXT(2) 
PARAMETRIC_REPRESENTATION_CONTEXT() REPRESENTATION_CONTEXT('2D SPACE',''
  ) );
#2736 = ORIENTED_EDGE('',*,*,#2638,.T.);
#2737 = ADVANCED_FACE('',(#2738),#2704,.F.);
#2738 = FACE_BOUND('',#2739,.F.);
#2739 = EDGE_LOOP('',(#2740,#2764,#2765,#2789));
#2740 = ORIENTED_EDGE('',*,*,#2741,.F.);
#2741 = EDGE_CURVE('',#2666,#2742,#2744,.T.);
#2742 = VERTEX_POINT('',#2743);
#2743 = CARTESIAN_POINT('',(-1.465004486017,7.864716260359,-2.1));
#2744 = SURFACE_CURVE('',#2745,(#2750,#2757),.PCURVE_S1.);
#2745 = CIRCLE('',#2746,0.7);
#2746 = AXIS2_PLACEMENT_3D('',#2747,#2748,#2749);
#2747 = CARTESIAN_POINT('',(-2.148198074351,8.017184358199,-2.1));
#2748 = DIRECTION('',(0.,0.,1.));
#2749 = DIRECTION('',(-0.258819045103,0.965925826289,0.));
#2750 = PCURVE('',#2704,#2751);
#2751 = DEFINITIONAL_REPRESENTATION('',(#2752),#2756);
#2752 = LINE('',#2753,#2754);
#2753 = CARTESIAN_POINT('',(0.,5.5));
#2754 = VECTOR('',#2755,1.);
#2755 = DIRECTION('',(1.,0.));
#2756 = ( GEOMETRIC_REPRESENTATION_CONTEXT(2) 
PARAMETRIC_REPRESENTATION_CONTEXT() REPRESENTATION_CONTEXT('2D SPACE',''
  ) );
#2757 = PCURVE('',#63,#2758);
#2758 = DEFINITIONAL_REPRESENTATION('',(#2759),#2763);
#2759 = CIRCLE('',#2760,0.7);
#2760 = AXIS2_PLACEMENT_2D('',#2761,#2762);
#2761 = CARTESIAN_POINT('',(-2.148198074351,8.017184358199));
#2762 = DIRECTION('',(-0.258819045103,0.965925826289));
#2763 = ( GEOMETRIC_REPRESENTATION_CONTEXT(2) 
PARAMETRIC_REPRESENTATION_CONTEXT() REPRESENTATION_CONTEXT('2D SPACE',''
  ) );
#2764 = ORIENTED_EDGE('',*,*,#2689,.F.);
#2765 = ORIENTED_EDGE('',*,*,#2766,.T.);
#2766 = EDGE_CURVE('',#2690,#2767,#2769,.T.);
#2767 = VERTEX_POINT('',#2768);
#2768 = CARTESIAN_POINT('',(-1.465004486017,7.864716260359,-7.1));
#2769 = SURFACE_CURVE('',#2770,(#2775,#2782),.PCURVE_S1.);
#2770 = CIRCLE('',#2771,0.7);
#2771 = AXIS2_PLACEMENT_3D('',#2772,#2773,#2774);
#2772 = CARTESIAN_POINT('',(-2.148198074351,8.017184358199,-7.1));
#2773 = DIRECTION('',(0.,0.,1.));
#2774 = DIRECTION('',(-0.258819045103,0.965925826289,0.));
#2775 = PCURVE('',#2704,#2776);
#2776 = DEFINITIONAL_REPRESENTATION('',(#2777),#2781);
#2777 = LINE('',#2778,#2779);
#2778 = CARTESIAN_POINT('',(0.,0.5));
#2779 = VECTOR('',#2780,1.);
#2780 = DIRECTION('',(1.,0.));
#2781 = ( GEOMETRIC_REPRESENTATION_CONTEXT(2) 
PARAMETRIC_REPRESENTATION_CONTEXT() REPRESENTATION_CONTEXT('2D SPACE',''
  ) );
#2782 = PCURVE('',#118,#2783);
#2783 = DEFINITIONAL_REPRESENTATION('',(#2784),#2788);
#2784 = CIRCLE('',#2785,0.7);
#2785 = AXIS2_PLACEMENT_2D('',#2786,#2787);
#2786 = CARTESIAN_POINT('',(-2.148198074351,8.017184358199));
#2787 = DIRECTION('',(-0.258819045103,0.965925826289));
#2788 = ( GEOMETRIC_REPRESENTATION_CONTEXT(2) 
PARAMETRIC_REPRESENTATION_CONTEXT() REPRESENTATION_CONTEXT('2D SPACE',''
  ) );
#2789 = ORIENTED_EDGE('',*,*,#2790,.T.);
#2790 = EDGE_CURVE('',#2767,#2742,#2791,.T.);
#2791 = SURFACE_CURVE('',#2792,(#2796,#2802),.PCURVE_S1.);
#2792 = LINE('',#2793,#2794);
#2793 = CARTESIAN_POINT('',(-1.465004486017,7.864716260359,-7.1));
#2794 = VECTOR('',#2795,1.);
#2795 = DIRECTION('',(0.,0.,1.));
#2796 = PCURVE('',#2704,#2797);
#2797 = DEFINITIONAL_REPRESENTATION('',(#2798),#2801);
#2798 = B_SPLINE_CURVE_WITH_KNOTS('',1,(#2799,#2800),.UNSPECIFIED.,.F.,
  .F.,(2,2),(-5.999999999062E-07,5.0000006),.PIECEWISE_BEZIER_KNOTS.);
#2799 = CARTESIAN_POINT('',(4.231017951865,0.4999994));
#2800 = CARTESIAN_POINT('',(4.231017951865,5.5000006));
#2801 = ( GEOMETRIC_REPRESENTATION_CONTEXT(2) 
PARAMETRIC_REPRESENTATION_CONTEXT() REPRESENTATION_CONTEXT('2D SPACE',''
  ) );
#2802 = PCURVE('',#2803,#2808);
#2803 = CYLINDRICAL_SURFACE('',#2804,8.);
#2804 = AXIS2_PLACEMENT_3D('',#2805,#2806,#2807);
#2805 = CARTESIAN_POINT('',(0.,0.,-7.1));
#2806 = DIRECTION('',(0.,0.,1.));
#2807 = DIRECTION('',(1.,0.,-0.));
#2808 = DEFINITIONAL_REPRESENTATION('',(#2809),#2812);
#2809 = B_SPLINE_CURVE_WITH_KNOTS('',1,(#2810,#2811),.UNSPECIFIED.,.F.,
  .F.,(2,2),(-5.999999999062E-07,5.0000006),.PIECEWISE_BEZIER_KNOTS.);
#2810 = CARTESIAN_POINT('',(1.754961167119,-5.999999999062E-07));
#2811 = CARTESIAN_POINT('',(1.754961167119,5.0000006));
#2812 = ( GEOMETRIC_REPRESENTATION_CONTEXT(2) 
PARAMETRIC_REPRESENTATION_CONTEXT() REPRESENTATION_CONTEXT('2D SPACE',''
  ) );
#2813 = ADVANCED_FACE('',(#2814),#2803,.T.);
#2814 = FACE_BOUND('',#2815,.T.);
#2815 = EDGE_LOOP('',(#2816,#2840,#2866,#2888));
#2816 = ORIENTED_EDGE('',*,*,#2817,.F.);
#2817 = EDGE_CURVE('',#2818,#2742,#2820,.T.);
#2818 = VERTEX_POINT('',#2819);
#2819 = CARTESIAN_POINT('',(-0.620452683835,7.975903614458,-2.1));
#2820 = SURFACE_CURVE('',#2821,(#2826,#2833),.PCURVE_S1.);
#2821 = CIRCLE('',#2822,8.);
#2822 = AXIS2_PLACEMENT_3D('',#2823,#2824,#2825);
#2823 = CARTESIAN_POINT('',(0.,0.,-2.1));
#2824 = DIRECTION('',(0.,0.,1.));
#2825 = DIRECTION('',(1.,0.,-0.));
#2826 = PCURVE('',#2803,#2827);
#2827 = DEFINITIONAL_REPRESENTATION('',(#2828),#2832);
#2828 = LINE('',#2829,#2830);
#2829 = CARTESIAN_POINT('',(0.,5.));
#2830 = VECTOR('',#2831,1.);
#2831 = DIRECTION('',(1.,0.));
#2832 = ( GEOMETRIC_REPRESENTATION_CONTEXT(2) 
PARAMETRIC_REPRESENTATION_CONTEXT() REPRESENTATION_CONTEXT('2D SPACE',''
  ) );
#2833 = PCURVE('',#63,#2834);
#2834 = DEFINITIONAL_REPRESENTATION('',(#2835),#2839);
#2835 = CIRCLE('',#2836,8.);
#2836 = AXIS2_PLACEMENT_2D('',#2837,#2838);
#2837 = CARTESIAN_POINT('',(0.,0.));
#2838 = DIRECTION('',(1.,0.));
#2839 = ( GEOMETRIC_REPRESENTATION_CONTEXT(2) 
PARAMETRIC_REPRESENTATION_CONTEXT() REPRESENTATION_CONTEXT('2D SPACE',''
  ) );
#2840 = ORIENTED_EDGE('',*,*,#2841,.F.);
#2841 = EDGE_CURVE('',#2842,#2818,#2844,.T.);
#2842 = VERTEX_POINT('',#2843);
#2843 = CARTESIAN_POINT('',(-0.620452683835,7.975903614458,-7.1));
#2844 = SURFACE_CURVE('',#2845,(#2849,#2855),.PCURVE_S1.);
#2845 = LINE('',#2846,#2847);
#2846 = CARTESIAN_POINT('',(-0.620452683835,7.975903614458,-7.1));
#2847 = VECTOR('',#2848,1.);
#2848 = DIRECTION('',(0.,0.,1.));
#2849 = PCURVE('',#2803,#2850);
#2850 = DEFINITIONAL_REPRESENTATION('',(#2851),#2854);
#2851 = B_SPLINE_CURVE_WITH_KNOTS('',1,(#2852,#2853),.UNSPECIFIED.,.F.,
  .F.,(2,2),(-5.999999999062E-07,5.0000006),.PIECEWISE_BEZIER_KNOTS.);
#2852 = CARTESIAN_POINT('',(1.64843087427,-5.999999999062E-07));
#2853 = CARTESIAN_POINT('',(1.64843087427,5.0000006));
#2854 = ( GEOMETRIC_REPRESENTATION_CONTEXT(2) 
PARAMETRIC_REPRESENTATION_CONTEXT() REPRESENTATION_CONTEXT('2D SPACE',''
  ) );
#2855 = PCURVE('',#2856,#2861);
#2856 = CYLINDRICAL_SURFACE('',#2857,0.7);
#2857 = AXIS2_PLACEMENT_3D('',#2858,#2859,#2860);
#2858 = CARTESIAN_POINT('',(1.842970220878E-15,8.3,-7.6));
#2859 = DIRECTION('',(0.,0.,1.));
#2860 = DIRECTION('',(2.22044604925E-16,1.,0.));
#2861 = DEFINITIONAL_REPRESENTATION('',(#2862),#2865);
#2862 = B_SPLINE_CURVE_WITH_KNOTS('',1,(#2863,#2864),.UNSPECIFIED.,.F.,
  .F.,(2,2),(-5.999999999062E-07,5.0000006),.PIECEWISE_BEZIER_KNOTS.);
#2863 = CARTESIAN_POINT('',(2.052167355314,0.4999994));
#2864 = CARTESIAN_POINT('',(2.052167355314,5.5000006));
#2865 = ( GEOMETRIC_REPRESENTATION_CONTEXT(2) 
PARAMETRIC_REPRESENTATION_CONTEXT() REPRESENTATION_CONTEXT('2D SPACE',''
  ) );
#2866 = ORIENTED_EDGE('',*,*,#2867,.T.);
#2867 = EDGE_CURVE('',#2842,#2767,#2868,.T.);
#2868 = SURFACE_CURVE('',#2869,(#2874,#2881),.PCURVE_S1.);
#2869 = CIRCLE('',#2870,8.);
#2870 = AXIS2_PLACEMENT_3D('',#2871,#2872,#2873);
#2871 = CARTESIAN_POINT('',(0.,0.,-7.1));
#2872 = DIRECTION('',(0.,0.,1.));
#2873 = DIRECTION('',(1.,0.,-0.));
#2874 = PCURVE('',#2803,#2875);
#2875 = DEFINITIONAL_REPRESENTATION('',(#2876),#2880);
#2876 = LINE('',#2877,#2878);
#2877 = CARTESIAN_POINT('',(0.,0.));
#2878 = VECTOR('',#2879,1.);
#2879 = DIRECTION('',(1.,0.));
#2880 = ( GEOMETRIC_REPRESENTATION_CONTEXT(2) 
PARAMETRIC_REPRESENTATION_CONTEXT() REPRESENTATION_CONTEXT('2D SPACE',''
  ) );
#2881 = PCURVE('',#118,#2882);
#2882 = DEFINITIONAL_REPRESENTATION('',(#2883),#2887);
#2883 = CIRCLE('',#2884,8.);
#2884 = AXIS2_PLACEMENT_2D('',#2885,#2886);
#2885 = CARTESIAN_POINT('',(0.,0.));
#2886 = DIRECTION('',(1.,0.));
#2887 = ( GEOMETRIC_REPRESENTATION_CONTEXT(2) 
PARAMETRIC_REPRESENTATION_CONTEXT() REPRESENTATION_CONTEXT('2D SPACE',''
  ) );
#2888 = ORIENTED_EDGE('',*,*,#2790,.T.);
#2889 = ADVANCED_FACE('',(#2890),#2856,.F.);
#2890 = FACE_BOUND('',#2891,.F.);
#2891 = EDGE_LOOP('',(#2892,#2916,#2917,#2941));
#2892 = ORIENTED_EDGE('',*,*,#2893,.F.);
#2893 = EDGE_CURVE('',#2818,#2894,#2896,.T.);
#2894 = VERTEX_POINT('',#2895);
#2895 = CARTESIAN_POINT('',(0.620452683835,7.975903614458,-2.1));
#2896 = SURFACE_CURVE('',#2897,(#2902,#2909),.PCURVE_S1.);
#2897 = CIRCLE('',#2898,0.7);
#2898 = AXIS2_PLACEMENT_3D('',#2899,#2900,#2901);
#2899 = CARTESIAN_POINT('',(1.842970220878E-15,8.3,-2.1));
#2900 = DIRECTION('',(0.,0.,1.));
#2901 = DIRECTION('',(2.22044604925E-16,1.,-0.));
#2902 = PCURVE('',#2856,#2903);
#2903 = DEFINITIONAL_REPRESENTATION('',(#2904),#2908);
#2904 = LINE('',#2905,#2906);
#2905 = CARTESIAN_POINT('',(0.,5.5));
#2906 = VECTOR('',#2907,1.);
#2907 = DIRECTION('',(1.,0.));
#2908 = ( GEOMETRIC_REPRESENTATION_CONTEXT(2) 
PARAMETRIC_REPRESENTATION_CONTEXT() REPRESENTATION_CONTEXT('2D SPACE',''
  ) );
#2909 = PCURVE('',#63,#2910);
#2910 = DEFINITIONAL_REPRESENTATION('',(#2911),#2915);
#2911 = CIRCLE('',#2912,0.7);
#2912 = AXIS2_PLACEMENT_2D('',#2913,#2914);
#2913 = CARTESIAN_POINT('',(1.842970220878E-15,8.3));
#2914 = DIRECTION('',(2.22044604925E-16,1.));
#2915 = ( GEOMETRIC_REPRESENTATION_CONTEXT(2) 
PARAMETRIC_REPRESENTATION_CONTEXT() REPRESENTATION_CONTEXT('2D SPACE',''
  ) );
#2916 = ORIENTED_EDGE('',*,*,#2841,.F.);
#2917 = ORIENTED_EDGE('',*,*,#2918,.T.);
#2918 = EDGE_CURVE('',#2842,#2919,#2921,.T.);
#2919 = VERTEX_POINT('',#2920);
#2920 = CARTESIAN_POINT('',(0.620452683835,7.975903614458,-7.1));
#2921 = SURFACE_CURVE('',#2922,(#2927,#2934),.PCURVE_S1.);
#2922 = CIRCLE('',#2923,0.7);
#2923 = AXIS2_PLACEMENT_3D('',#2924,#2925,#2926);
#2924 = CARTESIAN_POINT('',(1.842970220878E-15,8.3,-7.1));
#2925 = DIRECTION('',(0.,0.,1.));
#2926 = DIRECTION('',(2.22044604925E-16,1.,-0.));
#2927 = PCURVE('',#2856,#2928);
#2928 = DEFINITIONAL_REPRESENTATION('',(#2929),#2933);
#2929 = LINE('',#2930,#2931);
#2930 = CARTESIAN_POINT('',(0.,0.5));
#2931 = VECTOR('',#2932,1.);
#2932 = DIRECTION('',(1.,0.));
#2933 = ( GEOMETRIC_REPRESENTATION_CONTEXT(2) 
PARAMETRIC_REPRESENTATION_CONTEXT() REPRESENTATION_CONTEXT('2D SPACE',''
  ) );
#2934 = PCURVE('',#118,#2935);
#2935 = DEFINITIONAL_REPRESENTATION('',(#2936),#2940);
#2936 = CIRCLE('',#2937,0.7);
#2937 = AXIS2_PLACEMENT_2D('',#2938,#2939);
#2938 = CARTESIAN_POINT('',(1.842970220878E-15,8.3));
#2939 = DIRECTION('',(2.22044604925E-16,1.));
#2940 = ( GEOMETRIC_REPRESENTATION_CONTEXT(2) 
PARAMETRIC_REPRESENTATION_CONTEXT() REPRESENTATION_CONTEXT('2D SPACE',''
  ) );
#2941 = ORIENTED_EDGE('',*,*,#2942,.T.);
#2942 = EDGE_CURVE('',#2919,#2894,#2943,.T.);
#2943 = SURFACE_CURVE('',#2944,(#2948,#2954),.PCURVE_S1.);
#2944 = LINE('',#2945,#2946);
#2945 = CARTESIAN_POINT('',(0.620452683835,7.975903614458,-7.1));
#2946 = VECTOR('',#2947,1.);
#2947 = DIRECTION('',(0.,0.,1.));
#2948 = PCURVE('',#2856,#2949);
#2949 = DEFINITIONAL_REPRESENTATION('',(#2950),#2953);
#2950 = B_SPLINE_CURVE_WITH_KNOTS('',1,(#2951,#2952),.UNSPECIFIED.,.F.,
  .F.,(2,2),(-5.999999999062E-07,5.0000006),.PIECEWISE_BEZIER_KNOTS.);
#2951 = CARTESIAN_POINT('',(4.231017951865,0.4999994));
#2952 = CARTESIAN_POINT('',(4.231017951865,5.5000006));
#2953 = ( GEOMETRIC_REPRESENTATION_CONTEXT(2) 
PARAMETRIC_REPRESENTATION_CONTEXT() REPRESENTATION_CONTEXT('2D SPACE',''
  ) );
#2954 = PCURVE('',#2955,#2960);
#2955 = CYLINDRICAL_SURFACE('',#2956,8.);
#2956 = AXIS2_PLACEMENT_3D('',#2957,#2958,#2959);
#2957 = CARTESIAN_POINT('',(0.,0.,-7.1));
#2958 = DIRECTION('',(0.,0.,1.));
#2959 = DIRECTION('',(1.,0.,-0.));
#2960 = DEFINITIONAL_REPRESENTATION('',(#2961),#2964);
#2961 = B_SPLINE_CURVE_WITH_KNOTS('',1,(#2962,#2963),.UNSPECIFIED.,.F.,
  .F.,(2,2),(-5.999999999062E-07,5.0000006),.PIECEWISE_BEZIER_KNOTS.);
#2962 = CARTESIAN_POINT('',(1.49316177932,-5.999999999062E-07));
#2963 = CARTESIAN_POINT('',(1.49316177932,5.0000006));
#2964 = ( GEOMETRIC_REPRESENTATION_CONTEXT(2) 
PARAMETRIC_REPRESENTATION_CONTEXT() REPRESENTATION_CONTEXT('2D SPACE',''
  ) );
#2965 = ADVANCED_FACE('',(#2966),#2955,.T.);
#2966 = FACE_BOUND('',#2967,.T.);
#2967 = EDGE_LOOP('',(#2968,#2992,#3018,#3040));
#2968 = ORIENTED_EDGE('',*,*,#2969,.F.);
#2969 = EDGE_CURVE('',#2970,#2894,#2972,.T.);
#2970 = VERTEX_POINT('',#2971);
#2971 = CARTESIAN_POINT('',(1.465004486017,7.864716260359,-2.1));
#2972 = SURFACE_CURVE('',#2973,(#2978,#2985),.PCURVE_S1.);
#2973 = CIRCLE('',#2974,8.);
#2974 = AXIS2_PLACEMENT_3D('',#2975,#2976,#2977);
#2975 = CARTESIAN_POINT('',(0.,0.,-2.1));
#2976 = DIRECTION('',(0.,0.,1.));
#2977 = DIRECTION('',(1.,0.,-0.));
#2978 = PCURVE('',#2955,#2979);
#2979 = DEFINITIONAL_REPRESENTATION('',(#2980),#2984);
#2980 = LINE('',#2981,#2982);
#2981 = CARTESIAN_POINT('',(0.,5.));
#2982 = VECTOR('',#2983,1.);
#2983 = DIRECTION('',(1.,0.));
#2984 = ( GEOMETRIC_REPRESENTATION_CONTEXT(2) 
PARAMETRIC_REPRESENTATION_CONTEXT() REPRESENTATION_CONTEXT('2D SPACE',''
  ) );
#2985 = PCURVE('',#63,#2986);
#2986 = DEFINITIONAL_REPRESENTATION('',(#2987),#2991);
#2987 = CIRCLE('',#2988,8.);
#2988 = AXIS2_PLACEMENT_2D('',#2989,#2990);
#2989 = CARTESIAN_POINT('',(0.,0.));
#2990 = DIRECTION('',(1.,0.));
#2991 = ( GEOMETRIC_REPRESENTATION_CONTEXT(2) 
PARAMETRIC_REPRESENTATION_CONTEXT() REPRESENTATION_CONTEXT('2D SPACE',''
  ) );
#2992 = ORIENTED_EDGE('',*,*,#2993,.F.);
#2993 = EDGE_CURVE('',#2994,#2970,#2996,.T.);
#2994 = VERTEX_POINT('',#2995);
#2995 = CARTESIAN_POINT('',(1.465004486017,7.864716260359,-7.1));
#2996 = SURFACE_CURVE('',#2997,(#3001,#3007),.PCURVE_S1.);
#2997 = LINE('',#2998,#2999);
#2998 = CARTESIAN_POINT('',(1.465004486017,7.864716260359,-7.1));
#2999 = VECTOR('',#3000,1.);
#3000 = DIRECTION('',(0.,0.,1.));
#3001 = PCURVE('',#2955,#3002);
#3002 = DEFINITIONAL_REPRESENTATION('',(#3003),#3006);
#3003 = B_SPLINE_CURVE_WITH_KNOTS('',1,(#3004,#3005),.UNSPECIFIED.,.F.,
  .F.,(2,2),(-5.999999999062E-07,5.0000006),.PIECEWISE_BEZIER_KNOTS.);
#3004 = CARTESIAN_POINT('',(1.386631486471,-5.999999999062E-07));
#3005 = CARTESIAN_POINT('',(1.386631486471,5.0000006));
#3006 = ( GEOMETRIC_REPRESENTATION_CONTEXT(2) 
PARAMETRIC_REPRESENTATION_CONTEXT() REPRESENTATION_CONTEXT('2D SPACE',''
  ) );
#3007 = PCURVE('',#3008,#3013);
#3008 = CYLINDRICAL_SURFACE('',#3009,0.7);
#3009 = AXIS2_PLACEMENT_3D('',#3010,#3011,#3012);
#3010 = CARTESIAN_POINT('',(2.148198074351,8.017184358199,-7.6));
#3011 = DIRECTION('',(0.,0.,1.));
#3012 = DIRECTION('',(0.258819045103,0.965925826289,0.));
#3013 = DEFINITIONAL_REPRESENTATION('',(#3014),#3017);
#3014 = B_SPLINE_CURVE_WITH_KNOTS('',1,(#3015,#3016),.UNSPECIFIED.,.F.,
  .F.,(2,2),(-5.999999999062E-07,5.0000006),.PIECEWISE_BEZIER_KNOTS.);
#3015 = CARTESIAN_POINT('',(2.052167355314,0.4999994));
#3016 = CARTESIAN_POINT('',(2.052167355314,5.5000006));
#3017 = ( GEOMETRIC_REPRESENTATION_CONTEXT(2) 
PARAMETRIC_REPRESENTATION_CONTEXT() REPRESENTATION_CONTEXT('2D SPACE',''
  ) );
#3018 = ORIENTED_EDGE('',*,*,#3019,.T.);
#3019 = EDGE_CURVE('',#2994,#2919,#3020,.T.);
#3020 = SURFACE_CURVE('',#3021,(#3026,#3033),.PCURVE_S1.);
#3021 = CIRCLE('',#3022,8.);
#3022 = AXIS2_PLACEMENT_3D('',#3023,#3024,#3025);
#3023 = CARTESIAN_POINT('',(0.,0.,-7.1));
#3024 = DIRECTION('',(0.,0.,1.));
#3025 = DIRECTION('',(1.,0.,-0.));
#3026 = PCURVE('',#2955,#3027);
#3027 = DEFINITIONAL_REPRESENTATION('',(#3028),#3032);
#3028 = LINE('',#3029,#3030);
#3029 = CARTESIAN_POINT('',(0.,0.));
#3030 = VECTOR('',#3031,1.);
#3031 = DIRECTION('',(1.,0.));
#3032 = ( GEOMETRIC_REPRESENTATION_CONTEXT(2) 
PARAMETRIC_REPRESENTATION_CONTEXT() REPRESENTATION_CONTEXT('2D SPACE',''
  ) );
#3033 = PCURVE('',#118,#3034);
#3034 = DEFINITIONAL_REPRESENTATION('',(#3035),#3039);
#3035 = CIRCLE('',#3036,8.);
#3036 = AXIS2_PLACEMENT_2D('',#3037,#3038);
#3037 = CARTESIAN_POINT('',(0.,0.));
#3038 = DIRECTION('',(1.,0.));
#3039 = ( GEOMETRIC_REPRESENTATION_CONTEXT(2) 
PARAMETRIC_REPRESENTATION_CONTEXT() REPRESENTATION_CONTEXT('2D SPACE',''
  ) );
#3040 = ORIENTED_EDGE('',*,*,#2942,.T.);
#3041 = ADVANCED_FACE('',(#3042),#3008,.F.);
#3042 = FACE_BOUND('',#3043,.F.);
#3043 = EDGE_LOOP('',(#3044,#3068,#3069,#3093));
#3044 = ORIENTED_EDGE('',*,*,#3045,.F.);
#3045 = EDGE_CURVE('',#2970,#3046,#3048,.T.);
#3046 = VERTEX_POINT('',#3047);
#3047 = CARTESIAN_POINT('',(2.663627028631,7.543546318036,-2.1));
#3048 = SURFACE_CURVE('',#3049,(#3054,#3061),.PCURVE_S1.);
#3049 = CIRCLE('',#3050,0.7);
#3050 = AXIS2_PLACEMENT_3D('',#3051,#3052,#3053);
#3051 = CARTESIAN_POINT('',(2.148198074351,8.017184358199,-2.1));
#3052 = DIRECTION('',(0.,0.,1.));
#3053 = DIRECTION('',(0.258819045103,0.965925826289,-0.));
#3054 = PCURVE('',#3008,#3055);
#3055 = DEFINITIONAL_REPRESENTATION('',(#3056),#3060);
#3056 = LINE('',#3057,#3058);
#3057 = CARTESIAN_POINT('',(1.225300278295E-17,5.5));
#3058 = VECTOR('',#3059,1.);
#3059 = DIRECTION('',(1.,0.));
#3060 = ( GEOMETRIC_REPRESENTATION_CONTEXT(2) 
PARAMETRIC_REPRESENTATION_CONTEXT() REPRESENTATION_CONTEXT('2D SPACE',''
  ) );
#3061 = PCURVE('',#63,#3062);
#3062 = DEFINITIONAL_REPRESENTATION('',(#3063),#3067);
#3063 = CIRCLE('',#3064,0.7);
#3064 = AXIS2_PLACEMENT_2D('',#3065,#3066);
#3065 = CARTESIAN_POINT('',(2.148198074351,8.017184358199));
#3066 = DIRECTION('',(0.258819045103,0.965925826289));
#3067 = ( GEOMETRIC_REPRESENTATION_CONTEXT(2) 
PARAMETRIC_REPRESENTATION_CONTEXT() REPRESENTATION_CONTEXT('2D SPACE',''
  ) );
#3068 = ORIENTED_EDGE('',*,*,#2993,.F.);
#3069 = ORIENTED_EDGE('',*,*,#3070,.T.);
#3070 = EDGE_CURVE('',#2994,#3071,#3073,.T.);
#3071 = VERTEX_POINT('',#3072);
#3072 = CARTESIAN_POINT('',(2.663627028631,7.543546318036,-7.1));
#3073 = SURFACE_CURVE('',#3074,(#3079,#3086),.PCURVE_S1.);
#3074 = CIRCLE('',#3075,0.7);
#3075 = AXIS2_PLACEMENT_3D('',#3076,#3077,#3078);
#3076 = CARTESIAN_POINT('',(2.148198074351,8.017184358199,-7.1));
#3077 = DIRECTION('',(0.,0.,1.));
#3078 = DIRECTION('',(0.258819045103,0.965925826289,-0.));
#3079 = PCURVE('',#3008,#3080);
#3080 = DEFINITIONAL_REPRESENTATION('',(#3081),#3085);
#3081 = LINE('',#3082,#3083);
#3082 = CARTESIAN_POINT('',(1.225300278295E-17,0.5));
#3083 = VECTOR('',#3084,1.);
#3084 = DIRECTION('',(1.,0.));
#3085 = ( GEOMETRIC_REPRESENTATION_CONTEXT(2) 
PARAMETRIC_REPRESENTATION_CONTEXT() REPRESENTATION_CONTEXT('2D SPACE',''
  ) );
#3086 = PCURVE('',#118,#3087);
#3087 = DEFINITIONAL_REPRESENTATION('',(#3088),#3092);
#3088 = CIRCLE('',#3089,0.7);
#3089 = AXIS2_PLACEMENT_2D('',#3090,#3091);
#3090 = CARTESIAN_POINT('',(2.148198074351,8.017184358199));
#3091 = DIRECTION('',(0.258819045103,0.965925826289));
#3092 = ( GEOMETRIC_REPRESENTATION_CONTEXT(2) 
PARAMETRIC_REPRESENTATION_CONTEXT() REPRESENTATION_CONTEXT('2D SPACE',''
  ) );
#3093 = ORIENTED_EDGE('',*,*,#3094,.T.);
#3094 = EDGE_CURVE('',#3071,#3046,#3095,.T.);
#3095 = SURFACE_CURVE('',#3096,(#3100,#3106),.PCURVE_S1.);
#3096 = LINE('',#3097,#3098);
#3097 = CARTESIAN_POINT('',(2.663627028631,7.543546318036,-7.1));
#3098 = VECTOR('',#3099,1.);
#3099 = DIRECTION('',(0.,0.,1.));
#3100 = PCURVE('',#3008,#3101);
#3101 = DEFINITIONAL_REPRESENTATION('',(#3102),#3105);
#3102 = B_SPLINE_CURVE_WITH_KNOTS('',1,(#3103,#3104),.UNSPECIFIED.,.F.,
  .F.,(2,2),(-5.999999999062E-07,5.0000006),.PIECEWISE_BEZIER_KNOTS.);
#3103 = CARTESIAN_POINT('',(4.231017951865,0.4999994));
#3104 = CARTESIAN_POINT('',(4.231017951865,5.5000006));
#3105 = ( GEOMETRIC_REPRESENTATION_CONTEXT(2) 
PARAMETRIC_REPRESENTATION_CONTEXT() REPRESENTATION_CONTEXT('2D SPACE',''
  ) );
#3106 = PCURVE('',#3107,#3112);
#3107 = CYLINDRICAL_SURFACE('',#3108,8.);
#3108 = AXIS2_PLACEMENT_3D('',#3109,#3110,#3111);
#3109 = CARTESIAN_POINT('',(0.,0.,-7.1));
#3110 = DIRECTION('',(0.,0.,1.));
#3111 = DIRECTION('',(1.,0.,-0.));
#3112 = DEFINITIONAL_REPRESENTATION('',(#3113),#3116);
#3113 = B_SPLINE_CURVE_WITH_KNOTS('',1,(#3114,#3115),.UNSPECIFIED.,.F.,
  .F.,(2,2),(-5.999999999062E-07,5.0000006),.PIECEWISE_BEZIER_KNOTS.);
#3114 = CARTESIAN_POINT('',(1.23136239152,-5.999999999062E-07));
#3115 = CARTESIAN_POINT('',(1.23136239152,5.0000006));
#3116 = ( GEOMETRIC_REPRESENTATION_CONTEXT(2) 
PARAMETRIC_REPRESENTATION_CONTEXT() REPRESENTATION_CONTEXT('2D SPACE',''
  ) );
#3117 = ADVANCED_FACE('',(#3118),#3107,.T.);
#3118 = FACE_BOUND('',#3119,.T.);
#3119 = EDGE_LOOP('',(#3120,#3144,#3170,#3192));
#3120 = ORIENTED_EDGE('',*,*,#3121,.F.);
#3121 = EDGE_CURVE('',#3122,#3046,#3124,.T.);
#3122 = VERTEX_POINT('',#3123);
#3123 = CARTESIAN_POINT('',(3.450624021181,7.217561490174,-2.1));
#3124 = SURFACE_CURVE('',#3125,(#3130,#3137),.PCURVE_S1.);
#3125 = CIRCLE('',#3126,8.);
#3126 = AXIS2_PLACEMENT_3D('',#3127,#3128,#3129);
#3127 = CARTESIAN_POINT('',(0.,0.,-2.1));
#3128 = DIRECTION('',(0.,0.,1.));
#3129 = DIRECTION('',(1.,0.,-0.));
#3130 = PCURVE('',#3107,#3131);
#3131 = DEFINITIONAL_REPRESENTATION('',(#3132),#3136);
#3132 = LINE('',#3133,#3134);
#3133 = CARTESIAN_POINT('',(0.,5.));
#3134 = VECTOR('',#3135,1.);
#3135 = DIRECTION('',(1.,0.));
#3136 = ( GEOMETRIC_REPRESENTATION_CONTEXT(2) 
PARAMETRIC_REPRESENTATION_CONTEXT() REPRESENTATION_CONTEXT('2D SPACE',''
  ) );
#3137 = PCURVE('',#63,#3138);
#3138 = DEFINITIONAL_REPRESENTATION('',(#3139),#3143);
#3139 = CIRCLE('',#3140,8.);
#3140 = AXIS2_PLACEMENT_2D('',#3141,#3142);
#3141 = CARTESIAN_POINT('',(0.,0.));
#3142 = DIRECTION('',(1.,0.));
#3143 = ( GEOMETRIC_REPRESENTATION_CONTEXT(2) 
PARAMETRIC_REPRESENTATION_CONTEXT() REPRESENTATION_CONTEXT('2D SPACE',''
  ) );
#3144 = ORIENTED_EDGE('',*,*,#3145,.F.);
#3145 = EDGE_CURVE('',#3146,#3122,#3148,.T.);
#3146 = VERTEX_POINT('',#3147);
#3147 = CARTESIAN_POINT('',(3.450624021181,7.217561490174,-7.1));
#3148 = SURFACE_CURVE('',#3149,(#3153,#3159),.PCURVE_S1.);
#3149 = LINE('',#3150,#3151);
#3150 = CARTESIAN_POINT('',(3.450624021181,7.217561490174,-7.1));
#3151 = VECTOR('',#3152,1.);
#3152 = DIRECTION('',(0.,0.,1.));
#3153 = PCURVE('',#3107,#3154);
#3154 = DEFINITIONAL_REPRESENTATION('',(#3155),#3158);
#3155 = B_SPLINE_CURVE_WITH_KNOTS('',1,(#3156,#3157),.UNSPECIFIED.,.F.,
  .F.,(2,2),(-5.999999999062E-07,5.0000006),.PIECEWISE_BEZIER_KNOTS.);
#3156 = CARTESIAN_POINT('',(1.124832098672,-5.999999999062E-07));
#3157 = CARTESIAN_POINT('',(1.124832098672,5.0000006));
#3158 = ( GEOMETRIC_REPRESENTATION_CONTEXT(2) 
PARAMETRIC_REPRESENTATION_CONTEXT() REPRESENTATION_CONTEXT('2D SPACE',''
  ) );
#3159 = PCURVE('',#3160,#3165);
#3160 = CYLINDRICAL_SURFACE('',#3161,0.7);
#3161 = AXIS2_PLACEMENT_3D('',#3162,#3163,#3164);
#3162 = CARTESIAN_POINT('',(4.15,7.188010851411,-7.6));
#3163 = DIRECTION('',(0.,0.,1.));
#3164 = DIRECTION('',(0.5,0.866025403784,0.));
#3165 = DEFINITIONAL_REPRESENTATION('',(#3166),#3169);
#3166 = B_SPLINE_CURVE_WITH_KNOTS('',1,(#3167,#3168),.UNSPECIFIED.,.F.,
  .F.,(2,2),(-5.999999999062E-07,5.0000006),.PIECEWISE_BEZIER_KNOTS.);
#3167 = CARTESIAN_POINT('',(2.052167355314,0.4999994));
#3168 = CARTESIAN_POINT('',(2.052167355314,5.5000006));
#3169 = ( GEOMETRIC_REPRESENTATION_CONTEXT(2) 
PARAMETRIC_REPRESENTATION_CONTEXT() REPRESENTATION_CONTEXT('2D SPACE',''
  ) );
#3170 = ORIENTED_EDGE('',*,*,#3171,.T.);
#3171 = EDGE_CURVE('',#3146,#3071,#3172,.T.);
#3172 = SURFACE_CURVE('',#3173,(#3178,#3185),.PCURVE_S1.);
#3173 = CIRCLE('',#3174,8.);
#3174 = AXIS2_PLACEMENT_3D('',#3175,#3176,#3177);
#3175 = CARTESIAN_POINT('',(0.,0.,-7.1));
#3176 = DIRECTION('',(0.,0.,1.));
#3177 = DIRECTION('',(1.,0.,-0.));
#3178 = PCURVE('',#3107,#3179);
#3179 = DEFINITIONAL_REPRESENTATION('',(#3180),#3184);
#3180 = LINE('',#3181,#3182);
#3181 = CARTESIAN_POINT('',(0.,0.));
#3182 = VECTOR('',#3183,1.);
#3183 = DIRECTION('',(1.,0.));
#3184 = ( GEOMETRIC_REPRESENTATION_CONTEXT(2) 
PARAMETRIC_REPRESENTATION_CONTEXT() REPRESENTATION_CONTEXT('2D SPACE',''
  ) );
#3185 = PCURVE('',#118,#3186);
#3186 = DEFINITIONAL_REPRESENTATION('',(#3187),#3191);
#3187 = CIRCLE('',#3188,8.);
#3188 = AXIS2_PLACEMENT_2D('',#3189,#3190);
#3189 = CARTESIAN_POINT('',(0.,0.));
#3190 = DIRECTION('',(1.,0.));
#3191 = ( GEOMETRIC_REPRESENTATION_CONTEXT(2) 
PARAMETRIC_REPRESENTATION_CONTEXT() REPRESENTATION_CONTEXT('2D SPACE',''
  ) );
#3192 = ORIENTED_EDGE('',*,*,#3094,.T.);
#3193 = ADVANCED_FACE('',(#3194),#3160,.F.);
#3194 = FACE_BOUND('',#3195,.F.);
#3195 = EDGE_LOOP('',(#3196,#3220,#3221,#3245));
#3196 = ORIENTED_EDGE('',*,*,#3197,.F.);
#3197 = EDGE_CURVE('',#3122,#3198,#3200,.T.);
#3198 = VERTEX_POINT('',#3199);
#3199 = CARTESIAN_POINT('',(4.525279593277,6.597108806339,-2.1));
#3200 = SURFACE_CURVE('',#3201,(#3206,#3213),.PCURVE_S1.);
#3201 = CIRCLE('',#3202,0.7);
#3202 = AXIS2_PLACEMENT_3D('',#3203,#3204,#3205);
#3203 = CARTESIAN_POINT('',(4.15,7.188010851411,-2.1));
#3204 = DIRECTION('',(0.,0.,1.));
#3205 = DIRECTION('',(0.5,0.866025403784,-0.));
#3206 = PCURVE('',#3160,#3207);
#3207 = DEFINITIONAL_REPRESENTATION('',(#3208),#3212);
#3208 = LINE('',#3209,#3210);
#3209 = CARTESIAN_POINT('',(0.,5.5));
#3210 = VECTOR('',#3211,1.);
#3211 = DIRECTION('',(1.,0.));
#3212 = ( GEOMETRIC_REPRESENTATION_CONTEXT(2) 
PARAMETRIC_REPRESENTATION_CONTEXT() REPRESENTATION_CONTEXT('2D SPACE',''
  ) );
#3213 = PCURVE('',#63,#3214);
#3214 = DEFINITIONAL_REPRESENTATION('',(#3215),#3219);
#3215 = CIRCLE('',#3216,0.7);
#3216 = AXIS2_PLACEMENT_2D('',#3217,#3218);
#3217 = CARTESIAN_POINT('',(4.15,7.188010851411));
#3218 = DIRECTION('',(0.5,0.866025403784));
#3219 = ( GEOMETRIC_REPRESENTATION_CONTEXT(2) 
PARAMETRIC_REPRESENTATION_CONTEXT() REPRESENTATION_CONTEXT('2D SPACE',''
  ) );
#3220 = ORIENTED_EDGE('',*,*,#3145,.F.);
#3221 = ORIENTED_EDGE('',*,*,#3222,.T.);
#3222 = EDGE_CURVE('',#3146,#3223,#3225,.T.);
#3223 = VERTEX_POINT('',#3224);
#3224 = CARTESIAN_POINT('',(4.525279593277,6.597108806339,-7.1));
#3225 = SURFACE_CURVE('',#3226,(#3231,#3238),.PCURVE_S1.);
#3226 = CIRCLE('',#3227,0.7);
#3227 = AXIS2_PLACEMENT_3D('',#3228,#3229,#3230);
#3228 = CARTESIAN_POINT('',(4.15,7.188010851411,-7.1));
#3229 = DIRECTION('',(0.,0.,1.));
#3230 = DIRECTION('',(0.5,0.866025403784,-0.));
#3231 = PCURVE('',#3160,#3232);
#3232 = DEFINITIONAL_REPRESENTATION('',(#3233),#3237);
#3233 = LINE('',#3234,#3235);
#3234 = CARTESIAN_POINT('',(0.,0.5));
#3235 = VECTOR('',#3236,1.);
#3236 = DIRECTION('',(1.,0.));
#3237 = ( GEOMETRIC_REPRESENTATION_CONTEXT(2) 
PARAMETRIC_REPRESENTATION_CONTEXT() REPRESENTATION_CONTEXT('2D SPACE',''
  ) );
#3238 = PCURVE('',#118,#3239);
#3239 = DEFINITIONAL_REPRESENTATION('',(#3240),#3244);
#3240 = CIRCLE('',#3241,0.7);
#3241 = AXIS2_PLACEMENT_2D('',#3242,#3243);
#3242 = CARTESIAN_POINT('',(4.15,7.188010851411));
#3243 = DIRECTION('',(0.5,0.866025403784));
#3244 = ( GEOMETRIC_REPRESENTATION_CONTEXT(2) 
PARAMETRIC_REPRESENTATION_CONTEXT() REPRESENTATION_CONTEXT('2D SPACE',''
  ) );
#3245 = ORIENTED_EDGE('',*,*,#3246,.T.);
#3246 = EDGE_CURVE('',#3223,#3198,#3247,.T.);
#3247 = SURFACE_CURVE('',#3248,(#3252,#3258),.PCURVE_S1.);
#3248 = LINE('',#3249,#3250);
#3249 = CARTESIAN_POINT('',(4.525279593277,6.597108806339,-7.1));
#3250 = VECTOR('',#3251,1.);
#3251 = DIRECTION('',(0.,0.,1.));
#3252 = PCURVE('',#3160,#3253);
#3253 = DEFINITIONAL_REPRESENTATION('',(#3254),#3257);
#3254 = B_SPLINE_CURVE_WITH_KNOTS('',1,(#3255,#3256),.UNSPECIFIED.,.F.,
  .F.,(2,2),(-5.999999999062E-07,5.0000006),.PIECEWISE_BEZIER_KNOTS.);
#3255 = CARTESIAN_POINT('',(4.231017951865,0.4999994));
#3256 = CARTESIAN_POINT('',(4.231017951865,5.5000006));
#3257 = ( GEOMETRIC_REPRESENTATION_CONTEXT(2) 
PARAMETRIC_REPRESENTATION_CONTEXT() REPRESENTATION_CONTEXT('2D SPACE',''
  ) );
#3258 = PCURVE('',#3259,#3264);
#3259 = CYLINDRICAL_SURFACE('',#3260,8.);
#3260 = AXIS2_PLACEMENT_3D('',#3261,#3262,#3263);
#3261 = CARTESIAN_POINT('',(0.,0.,-7.1));
#3262 = DIRECTION('',(0.,0.,1.));
#3263 = DIRECTION('',(1.,0.,-0.));
#3264 = DEFINITIONAL_REPRESENTATION('',(#3265),#3268);
#3265 = B_SPLINE_CURVE_WITH_KNOTS('',1,(#3266,#3267),.UNSPECIFIED.,.F.,
  .F.,(2,2),(-5.999999999062E-07,5.0000006),.PIECEWISE_BEZIER_KNOTS.);
#3266 = CARTESIAN_POINT('',(0.969563003721,-5.999999999062E-07));
#3267 = CARTESIAN_POINT('',(0.969563003721,5.0000006));
#3268 = ( GEOMETRIC_REPRESENTATION_CONTEXT(2) 
PARAMETRIC_REPRESENTATION_CONTEXT() REPRESENTATION_CONTEXT('2D SPACE',''
  ) );
#3269 = ADVANCED_FACE('',(#3270),#3259,.T.);
#3270 = FACE_BOUND('',#3271,.T.);
#3271 = EDGE_LOOP('',(#3272,#3296,#3322,#3344));
#3272 = ORIENTED_EDGE('',*,*,#3273,.F.);
#3273 = EDGE_CURVE('',#3274,#3198,#3276,.T.);
#3274 = VERTEX_POINT('',#3275);
#3275 = CARTESIAN_POINT('',(5.201089231728,6.078541832019,-2.1));
#3276 = SURFACE_CURVE('',#3277,(#3282,#3289),.PCURVE_S1.);
#3277 = CIRCLE('',#3278,8.);
#3278 = AXIS2_PLACEMENT_3D('',#3279,#3280,#3281);
#3279 = CARTESIAN_POINT('',(0.,0.,-2.1));
#3280 = DIRECTION('',(0.,0.,1.));
#3281 = DIRECTION('',(1.,0.,-0.));
#3282 = PCURVE('',#3259,#3283);
#3283 = DEFINITIONAL_REPRESENTATION('',(#3284),#3288);
#3284 = LINE('',#3285,#3286);
#3285 = CARTESIAN_POINT('',(0.,5.));
#3286 = VECTOR('',#3287,1.);
#3287 = DIRECTION('',(1.,0.));
#3288 = ( GEOMETRIC_REPRESENTATION_CONTEXT(2) 
PARAMETRIC_REPRESENTATION_CONTEXT() REPRESENTATION_CONTEXT('2D SPACE',''
  ) );
#3289 = PCURVE('',#63,#3290);
#3290 = DEFINITIONAL_REPRESENTATION('',(#3291),#3295);
#3291 = CIRCLE('',#3292,8.);
#3292 = AXIS2_PLACEMENT_2D('',#3293,#3294);
#3293 = CARTESIAN_POINT('',(0.,0.));
#3294 = DIRECTION('',(1.,0.));
#3295 = ( GEOMETRIC_REPRESENTATION_CONTEXT(2) 
PARAMETRIC_REPRESENTATION_CONTEXT() REPRESENTATION_CONTEXT('2D SPACE',''
  ) );
#3296 = ORIENTED_EDGE('',*,*,#3297,.F.);
#3297 = EDGE_CURVE('',#3298,#3274,#3300,.T.);
#3298 = VERTEX_POINT('',#3299);
#3299 = CARTESIAN_POINT('',(5.201089231728,6.078541832019,-7.1));
#3300 = SURFACE_CURVE('',#3301,(#3305,#3311),.PCURVE_S1.);
#3301 = LINE('',#3302,#3303);
#3302 = CARTESIAN_POINT('',(5.201089231728,6.078541832019,-7.1));
#3303 = VECTOR('',#3304,1.);
#3304 = DIRECTION('',(0.,0.,1.));
#3305 = PCURVE('',#3259,#3306);
#3306 = DEFINITIONAL_REPRESENTATION('',(#3307),#3310);
#3307 = B_SPLINE_CURVE_WITH_KNOTS('',1,(#3308,#3309),.UNSPECIFIED.,.F.,
  .F.,(2,2),(-5.999999999062E-07,5.0000006),.PIECEWISE_BEZIER_KNOTS.);
#3308 = CARTESIAN_POINT('',(0.863032710873,-5.999999999062E-07));
#3309 = CARTESIAN_POINT('',(0.863032710873,5.0000006));
#3310 = ( GEOMETRIC_REPRESENTATION_CONTEXT(2) 
PARAMETRIC_REPRESENTATION_CONTEXT() REPRESENTATION_CONTEXT('2D SPACE',''
  ) );
#3311 = PCURVE('',#3312,#3317);
#3312 = CYLINDRICAL_SURFACE('',#3313,0.7);
#3313 = AXIS2_PLACEMENT_3D('',#3314,#3315,#3316);
#3314 = CARTESIAN_POINT('',(5.868986283848,5.868986283848,-7.6));
#3315 = DIRECTION('',(0.,0.,1.));
#3316 = DIRECTION('',(0.707106781187,0.707106781187,0.));
#3317 = DEFINITIONAL_REPRESENTATION('',(#3318),#3321);
#3318 = B_SPLINE_CURVE_WITH_KNOTS('',1,(#3319,#3320),.UNSPECIFIED.,.F.,
  .F.,(2,2),(-5.999999999062E-07,5.0000006),.PIECEWISE_BEZIER_KNOTS.);
#3319 = CARTESIAN_POINT('',(2.052167355314,0.4999994));
#3320 = CARTESIAN_POINT('',(2.052167355314,5.5000006));
#3321 = ( GEOMETRIC_REPRESENTATION_CONTEXT(2) 
PARAMETRIC_REPRESENTATION_CONTEXT() REPRESENTATION_CONTEXT('2D SPACE',''
  ) );
#3322 = ORIENTED_EDGE('',*,*,#3323,.T.);
#3323 = EDGE_CURVE('',#3298,#3223,#3324,.T.);
#3324 = SURFACE_CURVE('',#3325,(#3330,#3337),.PCURVE_S1.);
#3325 = CIRCLE('',#3326,8.);
#3326 = AXIS2_PLACEMENT_3D('',#3327,#3328,#3329);
#3327 = CARTESIAN_POINT('',(0.,0.,-7.1));
#3328 = DIRECTION('',(0.,0.,1.));
#3329 = DIRECTION('',(1.,0.,-0.));
#3330 = PCURVE('',#3259,#3331);
#3331 = DEFINITIONAL_REPRESENTATION('',(#3332),#3336);
#3332 = LINE('',#3333,#3334);
#3333 = CARTESIAN_POINT('',(0.,0.));
#3334 = VECTOR('',#3335,1.);
#3335 = DIRECTION('',(1.,0.));
#3336 = ( GEOMETRIC_REPRESENTATION_CONTEXT(2) 
PARAMETRIC_REPRESENTATION_CONTEXT() REPRESENTATION_CONTEXT('2D SPACE',''
  ) );
#3337 = PCURVE('',#118,#3338);
#3338 = DEFINITIONAL_REPRESENTATION('',(#3339),#3343);
#3339 = CIRCLE('',#3340,8.);
#3340 = AXIS2_PLACEMENT_2D('',#3341,#3342);
#3341 = CARTESIAN_POINT('',(0.,0.));
#3342 = DIRECTION('',(1.,0.));
#3343 = ( GEOMETRIC_REPRESENTATION_CONTEXT(2) 
PARAMETRIC_REPRESENTATION_CONTEXT() REPRESENTATION_CONTEXT('2D SPACE',''
  ) );
#3344 = ORIENTED_EDGE('',*,*,#3246,.T.);
#3345 = ADVANCED_FACE('',(#3346),#3312,.F.);
#3346 = FACE_BOUND('',#3347,.F.);
#3347 = EDGE_LOOP('',(#3348,#3372,#3373,#3397));
#3348 = ORIENTED_EDGE('',*,*,#3349,.F.);
#3349 = EDGE_CURVE('',#3274,#3350,#3352,.T.);
#3350 = VERTEX_POINT('',#3351);
#3351 = CARTESIAN_POINT('',(6.078541832019,5.201089231728,-2.1));
#3352 = SURFACE_CURVE('',#3353,(#3358,#3365),.PCURVE_S1.);
#3353 = CIRCLE('',#3354,0.7);
#3354 = AXIS2_PLACEMENT_3D('',#3355,#3356,#3357);
#3355 = CARTESIAN_POINT('',(5.868986283848,5.868986283848,-2.1));
#3356 = DIRECTION('',(0.,0.,1.));
#3357 = DIRECTION('',(0.707106781187,0.707106781187,-0.));
#3358 = PCURVE('',#3312,#3359);
#3359 = DEFINITIONAL_REPRESENTATION('',(#3360),#3364);
#3360 = LINE('',#3361,#3362);
#3361 = CARTESIAN_POINT('',(0.,5.5));
#3362 = VECTOR('',#3363,1.);
#3363 = DIRECTION('',(1.,0.));
#3364 = ( GEOMETRIC_REPRESENTATION_CONTEXT(2) 
PARAMETRIC_REPRESENTATION_CONTEXT() REPRESENTATION_CONTEXT('2D SPACE',''
  ) );
#3365 = PCURVE('',#63,#3366);
#3366 = DEFINITIONAL_REPRESENTATION('',(#3367),#3371);
#3367 = CIRCLE('',#3368,0.7);
#3368 = AXIS2_PLACEMENT_2D('',#3369,#3370);
#3369 = CARTESIAN_POINT('',(5.868986283848,5.868986283848));
#3370 = DIRECTION('',(0.707106781187,0.707106781187));
#3371 = ( GEOMETRIC_REPRESENTATION_CONTEXT(2) 
PARAMETRIC_REPRESENTATION_CONTEXT() REPRESENTATION_CONTEXT('2D SPACE',''
  ) );
#3372 = ORIENTED_EDGE('',*,*,#3297,.F.);
#3373 = ORIENTED_EDGE('',*,*,#3374,.T.);
#3374 = EDGE_CURVE('',#3298,#3375,#3377,.T.);
#3375 = VERTEX_POINT('',#3376);
#3376 = CARTESIAN_POINT('',(6.078541832019,5.201089231728,-7.1));
#3377 = SURFACE_CURVE('',#3378,(#3383,#3390),.PCURVE_S1.);
#3378 = CIRCLE('',#3379,0.7);
#3379 = AXIS2_PLACEMENT_3D('',#3380,#3381,#3382);
#3380 = CARTESIAN_POINT('',(5.868986283848,5.868986283848,-7.1));
#3381 = DIRECTION('',(0.,0.,1.));
#3382 = DIRECTION('',(0.707106781187,0.707106781187,-0.));
#3383 = PCURVE('',#3312,#3384);
#3384 = DEFINITIONAL_REPRESENTATION('',(#3385),#3389);
#3385 = LINE('',#3386,#3387);
#3386 = CARTESIAN_POINT('',(0.,0.5));
#3387 = VECTOR('',#3388,1.);
#3388 = DIRECTION('',(1.,0.));
#3389 = ( GEOMETRIC_REPRESENTATION_CONTEXT(2) 
PARAMETRIC_REPRESENTATION_CONTEXT() REPRESENTATION_CONTEXT('2D SPACE',''
  ) );
#3390 = PCURVE('',#118,#3391);
#3391 = DEFINITIONAL_REPRESENTATION('',(#3392),#3396);
#3392 = CIRCLE('',#3393,0.7);
#3393 = AXIS2_PLACEMENT_2D('',#3394,#3395);
#3394 = CARTESIAN_POINT('',(5.868986283848,5.868986283848));
#3395 = DIRECTION('',(0.707106781187,0.707106781187));
#3396 = ( GEOMETRIC_REPRESENTATION_CONTEXT(2) 
PARAMETRIC_REPRESENTATION_CONTEXT() REPRESENTATION_CONTEXT('2D SPACE',''
  ) );
#3397 = ORIENTED_EDGE('',*,*,#3398,.T.);
#3398 = EDGE_CURVE('',#3375,#3350,#3399,.T.);
#3399 = SURFACE_CURVE('',#3400,(#3404,#3410),.PCURVE_S1.);
#3400 = LINE('',#3401,#3402);
#3401 = CARTESIAN_POINT('',(6.078541832019,5.201089231728,-7.1));
#3402 = VECTOR('',#3403,1.);
#3403 = DIRECTION('',(0.,0.,1.));
#3404 = PCURVE('',#3312,#3405);
#3405 = DEFINITIONAL_REPRESENTATION('',(#3406),#3409);
#3406 = B_SPLINE_CURVE_WITH_KNOTS('',1,(#3407,#3408),.UNSPECIFIED.,.F.,
  .F.,(2,2),(-5.999999999062E-07,5.0000006),.PIECEWISE_BEZIER_KNOTS.);
#3407 = CARTESIAN_POINT('',(4.231017951865,0.4999994));
#3408 = CARTESIAN_POINT('',(4.231017951865,5.5000006));
#3409 = ( GEOMETRIC_REPRESENTATION_CONTEXT(2) 
PARAMETRIC_REPRESENTATION_CONTEXT() REPRESENTATION_CONTEXT('2D SPACE',''
  ) );
#3410 = PCURVE('',#3411,#3416);
#3411 = CYLINDRICAL_SURFACE('',#3412,8.);
#3412 = AXIS2_PLACEMENT_3D('',#3413,#3414,#3415);
#3413 = CARTESIAN_POINT('',(0.,0.,-7.1));
#3414 = DIRECTION('',(0.,0.,1.));
#3415 = DIRECTION('',(1.,0.,-0.));
#3416 = DEFINITIONAL_REPRESENTATION('',(#3417),#3420);
#3417 = B_SPLINE_CURVE_WITH_KNOTS('',1,(#3418,#3419),.UNSPECIFIED.,.F.,
  .F.,(2,2),(-5.999999999062E-07,5.0000006),.PIECEWISE_BEZIER_KNOTS.);
#3418 = CARTESIAN_POINT('',(0.707763615922,-5.999999999062E-07));
#3419 = CARTESIAN_POINT('',(0.707763615922,5.0000006));
#3420 = ( GEOMETRIC_REPRESENTATION_CONTEXT(2) 
PARAMETRIC_REPRESENTATION_CONTEXT() REPRESENTATION_CONTEXT('2D SPACE',''
  ) );
#3421 = ADVANCED_FACE('',(#3422),#3411,.T.);
#3422 = FACE_BOUND('',#3423,.T.);
#3423 = EDGE_LOOP('',(#3424,#3448,#3474,#3496));
#3424 = ORIENTED_EDGE('',*,*,#3425,.F.);
#3425 = EDGE_CURVE('',#3426,#3350,#3428,.T.);
#3426 = VERTEX_POINT('',#3427);
#3427 = CARTESIAN_POINT('',(6.597108806339,4.525279593277,-2.1));
#3428 = SURFACE_CURVE('',#3429,(#3434,#3441),.PCURVE_S1.);
#3429 = CIRCLE('',#3430,8.);
#3430 = AXIS2_PLACEMENT_3D('',#3431,#3432,#3433);
#3431 = CARTESIAN_POINT('',(0.,0.,-2.1));
#3432 = DIRECTION('',(0.,0.,1.));
#3433 = DIRECTION('',(1.,0.,-0.));
#3434 = PCURVE('',#3411,#3435);
#3435 = DEFINITIONAL_REPRESENTATION('',(#3436),#3440);
#3436 = LINE('',#3437,#3438);
#3437 = CARTESIAN_POINT('',(0.,5.));
#3438 = VECTOR('',#3439,1.);
#3439 = DIRECTION('',(1.,0.));
#3440 = ( GEOMETRIC_REPRESENTATION_CONTEXT(2) 
PARAMETRIC_REPRESENTATION_CONTEXT() REPRESENTATION_CONTEXT('2D SPACE',''
  ) );
#3441 = PCURVE('',#63,#3442);
#3442 = DEFINITIONAL_REPRESENTATION('',(#3443),#3447);
#3443 = CIRCLE('',#3444,8.);
#3444 = AXIS2_PLACEMENT_2D('',#3445,#3446);
#3445 = CARTESIAN_POINT('',(0.,0.));
#3446 = DIRECTION('',(1.,0.));
#3447 = ( GEOMETRIC_REPRESENTATION_CONTEXT(2) 
PARAMETRIC_REPRESENTATION_CONTEXT() REPRESENTATION_CONTEXT('2D SPACE',''
  ) );
#3448 = ORIENTED_EDGE('',*,*,#3449,.F.);
#3449 = EDGE_CURVE('',#3450,#3426,#3452,.T.);
#3450 = VERTEX_POINT('',#3451);
#3451 = CARTESIAN_POINT('',(6.597108806339,4.525279593277,-7.1));
#3452 = SURFACE_CURVE('',#3453,(#3457,#3463),.PCURVE_S1.);
#3453 = LINE('',#3454,#3455);
#3454 = CARTESIAN_POINT('',(6.597108806339,4.525279593277,-7.1));
#3455 = VECTOR('',#3456,1.);
#3456 = DIRECTION('',(0.,0.,1.));
#3457 = PCURVE('',#3411,#3458);
#3458 = DEFINITIONAL_REPRESENTATION('',(#3459),#3462);
#3459 = B_SPLINE_CURVE_WITH_KNOTS('',1,(#3460,#3461),.UNSPECIFIED.,.F.,
  .F.,(2,2),(-5.999999999062E-07,5.0000006),.PIECEWISE_BEZIER_KNOTS.);
#3460 = CARTESIAN_POINT('',(0.601233323074,-5.999999999062E-07));
#3461 = CARTESIAN_POINT('',(0.601233323074,5.0000006));
#3462 = ( GEOMETRIC_REPRESENTATION_CONTEXT(2) 
PARAMETRIC_REPRESENTATION_CONTEXT() REPRESENTATION_CONTEXT('2D SPACE',''
  ) );
#3463 = PCURVE('',#3464,#3469);
#3464 = CYLINDRICAL_SURFACE('',#3465,0.7);
#3465 = AXIS2_PLACEMENT_3D('',#3466,#3467,#3468);
#3466 = CARTESIAN_POINT('',(7.188010851411,4.15,-7.6));
#3467 = DIRECTION('',(0.,0.,1.));
#3468 = DIRECTION('',(0.866025403784,0.5,0.));
#3469 = DEFINITIONAL_REPRESENTATION('',(#3470),#3473);
#3470 = B_SPLINE_CURVE_WITH_KNOTS('',1,(#3471,#3472),.UNSPECIFIED.,.F.,
  .F.,(2,2),(-5.999999999062E-07,5.0000006),.PIECEWISE_BEZIER_KNOTS.);
#3471 = CARTESIAN_POINT('',(2.052167355314,0.4999994));
#3472 = CARTESIAN_POINT('',(2.052167355314,5.5000006));
#3473 = ( GEOMETRIC_REPRESENTATION_CONTEXT(2) 
PARAMETRIC_REPRESENTATION_CONTEXT() REPRESENTATION_CONTEXT('2D SPACE',''
  ) );
#3474 = ORIENTED_EDGE('',*,*,#3475,.T.);
#3475 = EDGE_CURVE('',#3450,#3375,#3476,.T.);
#3476 = SURFACE_CURVE('',#3477,(#3482,#3489),.PCURVE_S1.);
#3477 = CIRCLE('',#3478,8.);
#3478 = AXIS2_PLACEMENT_3D('',#3479,#3480,#3481);
#3479 = CARTESIAN_POINT('',(0.,0.,-7.1));
#3480 = DIRECTION('',(0.,0.,1.));
#3481 = DIRECTION('',(1.,0.,-0.));
#3482 = PCURVE('',#3411,#3483);
#3483 = DEFINITIONAL_REPRESENTATION('',(#3484),#3488);
#3484 = LINE('',#3485,#3486);
#3485 = CARTESIAN_POINT('',(0.,0.));
#3486 = VECTOR('',#3487,1.);
#3487 = DIRECTION('',(1.,0.));
#3488 = ( GEOMETRIC_REPRESENTATION_CONTEXT(2) 
PARAMETRIC_REPRESENTATION_CONTEXT() REPRESENTATION_CONTEXT('2D SPACE',''
  ) );
#3489 = PCURVE('',#118,#3490);
#3490 = DEFINITIONAL_REPRESENTATION('',(#3491),#3495);
#3491 = CIRCLE('',#3492,8.);
#3492 = AXIS2_PLACEMENT_2D('',#3493,#3494);
#3493 = CARTESIAN_POINT('',(0.,0.));
#3494 = DIRECTION('',(1.,0.));
#3495 = ( GEOMETRIC_REPRESENTATION_CONTEXT(2) 
PARAMETRIC_REPRESENTATION_CONTEXT() REPRESENTATION_CONTEXT('2D SPACE',''
  ) );
#3496 = ORIENTED_EDGE('',*,*,#3398,.T.);
#3497 = ADVANCED_FACE('',(#3498),#3464,.F.);
#3498 = FACE_BOUND('',#3499,.F.);
#3499 = EDGE_LOOP('',(#3500,#3524,#3525,#3549));
#3500 = ORIENTED_EDGE('',*,*,#3501,.F.);
#3501 = EDGE_CURVE('',#3426,#3502,#3504,.T.);
#3502 = VERTEX_POINT('',#3503);
#3503 = CARTESIAN_POINT('',(7.217561490174,3.450624021181,-2.1));
#3504 = SURFACE_CURVE('',#3505,(#3510,#3517),.PCURVE_S1.);
#3505 = CIRCLE('',#3506,0.7);
#3506 = AXIS2_PLACEMENT_3D('',#3507,#3508,#3509);
#3507 = CARTESIAN_POINT('',(7.188010851411,4.15,-2.1));
#3508 = DIRECTION('',(0.,0.,1.));
#3509 = DIRECTION('',(0.866025403784,0.5,-0.));
#3510 = PCURVE('',#3464,#3511);
#3511 = DEFINITIONAL_REPRESENTATION('',(#3512),#3516);
#3512 = LINE('',#3513,#3514);
#3513 = CARTESIAN_POINT('',(7.437084071669E-18,5.5));
#3514 = VECTOR('',#3515,1.);
#3515 = DIRECTION('',(1.,0.));
#3516 = ( GEOMETRIC_REPRESENTATION_CONTEXT(2) 
PARAMETRIC_REPRESENTATION_CONTEXT() REPRESENTATION_CONTEXT('2D SPACE',''
  ) );
#3517 = PCURVE('',#63,#3518);
#3518 = DEFINITIONAL_REPRESENTATION('',(#3519),#3523);
#3519 = CIRCLE('',#3520,0.7);
#3520 = AXIS2_PLACEMENT_2D('',#3521,#3522);
#3521 = CARTESIAN_POINT('',(7.188010851411,4.15));
#3522 = DIRECTION('',(0.866025403784,0.5));
#3523 = ( GEOMETRIC_REPRESENTATION_CONTEXT(2) 
PARAMETRIC_REPRESENTATION_CONTEXT() REPRESENTATION_CONTEXT('2D SPACE',''
  ) );
#3524 = ORIENTED_EDGE('',*,*,#3449,.F.);
#3525 = ORIENTED_EDGE('',*,*,#3526,.T.);
#3526 = EDGE_CURVE('',#3450,#3527,#3529,.T.);
#3527 = VERTEX_POINT('',#3528);
#3528 = CARTESIAN_POINT('',(7.217561490174,3.450624021181,-7.1));
#3529 = SURFACE_CURVE('',#3530,(#3535,#3542),.PCURVE_S1.);
#3530 = CIRCLE('',#3531,0.7);
#3531 = AXIS2_PLACEMENT_3D('',#3532,#3533,#3534);
#3532 = CARTESIAN_POINT('',(7.188010851411,4.15,-7.1));
#3533 = DIRECTION('',(0.,0.,1.));
#3534 = DIRECTION('',(0.866025403784,0.5,-0.));
#3535 = PCURVE('',#3464,#3536);
#3536 = DEFINITIONAL_REPRESENTATION('',(#3537),#3541);
#3537 = LINE('',#3538,#3539);
#3538 = CARTESIAN_POINT('',(7.437084071669E-18,0.5));
#3539 = VECTOR('',#3540,1.);
#3540 = DIRECTION('',(1.,0.));
#3541 = ( GEOMETRIC_REPRESENTATION_CONTEXT(2) 
PARAMETRIC_REPRESENTATION_CONTEXT() REPRESENTATION_CONTEXT('2D SPACE',''
  ) );
#3542 = PCURVE('',#118,#3543);
#3543 = DEFINITIONAL_REPRESENTATION('',(#3544),#3548);
#3544 = CIRCLE('',#3545,0.7);
#3545 = AXIS2_PLACEMENT_2D('',#3546,#3547);
#3546 = CARTESIAN_POINT('',(7.188010851411,4.15));
#3547 = DIRECTION('',(0.866025403784,0.5));
#3548 = ( GEOMETRIC_REPRESENTATION_CONTEXT(2) 
PARAMETRIC_REPRESENTATION_CONTEXT() REPRESENTATION_CONTEXT('2D SPACE',''
  ) );
#3549 = ORIENTED_EDGE('',*,*,#3550,.T.);
#3550 = EDGE_CURVE('',#3527,#3502,#3551,.T.);
#3551 = SURFACE_CURVE('',#3552,(#3556,#3562),.PCURVE_S1.);
#3552 = LINE('',#3553,#3554);
#3553 = CARTESIAN_POINT('',(7.217561490174,3.450624021181,-7.1));
#3554 = VECTOR('',#3555,1.);
#3555 = DIRECTION('',(0.,0.,1.));
#3556 = PCURVE('',#3464,#3557);
#3557 = DEFINITIONAL_REPRESENTATION('',(#3558),#3561);
#3558 = B_SPLINE_CURVE_WITH_KNOTS('',1,(#3559,#3560),.UNSPECIFIED.,.F.,
  .F.,(2,2),(-5.999999999062E-07,5.0000006),.PIECEWISE_BEZIER_KNOTS.);
#3559 = CARTESIAN_POINT('',(4.231017951865,0.4999994));
#3560 = CARTESIAN_POINT('',(4.231017951865,5.5000006));
#3561 = ( GEOMETRIC_REPRESENTATION_CONTEXT(2) 
PARAMETRIC_REPRESENTATION_CONTEXT() REPRESENTATION_CONTEXT('2D SPACE',''
  ) );
#3562 = PCURVE('',#3563,#3568);
#3563 = CYLINDRICAL_SURFACE('',#3564,8.);
#3564 = AXIS2_PLACEMENT_3D('',#3565,#3566,#3567);
#3565 = CARTESIAN_POINT('',(0.,0.,-7.1));
#3566 = DIRECTION('',(0.,0.,1.));
#3567 = DIRECTION('',(1.,0.,-0.));
#3568 = DEFINITIONAL_REPRESENTATION('',(#3569),#3572);
#3569 = B_SPLINE_CURVE_WITH_KNOTS('',1,(#3570,#3571),.UNSPECIFIED.,.F.,
  .F.,(2,2),(-5.999999999062E-07,5.0000006),.PIECEWISE_BEZIER_KNOTS.);
#3570 = CARTESIAN_POINT('',(0.445964228123,-5.999999999062E-07));
#3571 = CARTESIAN_POINT('',(0.445964228123,5.0000006));
#3572 = ( GEOMETRIC_REPRESENTATION_CONTEXT(2) 
PARAMETRIC_REPRESENTATION_CONTEXT() REPRESENTATION_CONTEXT('2D SPACE',''
  ) );
#3573 = ADVANCED_FACE('',(#3574),#3563,.T.);
#3574 = FACE_BOUND('',#3575,.T.);
#3575 = EDGE_LOOP('',(#3576,#3600,#3621,#3643));
#3576 = ORIENTED_EDGE('',*,*,#3577,.F.);
#3577 = EDGE_CURVE('',#3578,#3502,#3580,.T.);
#3578 = VERTEX_POINT('',#3579);
#3579 = CARTESIAN_POINT('',(7.543546318036,2.663627028631,-2.1));
#3580 = SURFACE_CURVE('',#3581,(#3586,#3593),.PCURVE_S1.);
#3581 = CIRCLE('',#3582,8.);
#3582 = AXIS2_PLACEMENT_3D('',#3583,#3584,#3585);
#3583 = CARTESIAN_POINT('',(0.,0.,-2.1));
#3584 = DIRECTION('',(0.,0.,1.));
#3585 = DIRECTION('',(1.,0.,-0.));
#3586 = PCURVE('',#3563,#3587);
#3587 = DEFINITIONAL_REPRESENTATION('',(#3588),#3592);
#3588 = LINE('',#3589,#3590);
#3589 = CARTESIAN_POINT('',(0.,5.));
#3590 = VECTOR('',#3591,1.);
#3591 = DIRECTION('',(1.,0.));
#3592 = ( GEOMETRIC_REPRESENTATION_CONTEXT(2) 
PARAMETRIC_REPRESENTATION_CONTEXT() REPRESENTATION_CONTEXT('2D SPACE',''
  ) );
#3593 = PCURVE('',#63,#3594);
#3594 = DEFINITIONAL_REPRESENTATION('',(#3595),#3599);
#3595 = CIRCLE('',#3596,8.);
#3596 = AXIS2_PLACEMENT_2D('',#3597,#3598);
#3597 = CARTESIAN_POINT('',(0.,0.));
#3598 = DIRECTION('',(1.,0.));
#3599 = ( GEOMETRIC_REPRESENTATION_CONTEXT(2) 
PARAMETRIC_REPRESENTATION_CONTEXT() REPRESENTATION_CONTEXT('2D SPACE',''
  ) );
#3600 = ORIENTED_EDGE('',*,*,#3601,.F.);
#3601 = EDGE_CURVE('',#3602,#3578,#3604,.T.);
#3602 = VERTEX_POINT('',#3603);
#3603 = CARTESIAN_POINT('',(7.543546318036,2.663627028631,-7.1));
#3604 = SURFACE_CURVE('',#3605,(#3609,#3615),.PCURVE_S1.);
#3605 = LINE('',#3606,#3607);
#3606 = CARTESIAN_POINT('',(7.543546318036,2.663627028631,-7.1));
#3607 = VECTOR('',#3608,1.);
#3608 = DIRECTION('',(0.,0.,1.));
#3609 = PCURVE('',#3563,#3610);
#3610 = DEFINITIONAL_REPRESENTATION('',(#3611),#3614);
#3611 = B_SPLINE_CURVE_WITH_KNOTS('',1,(#3612,#3613),.UNSPECIFIED.,.F.,
  .F.,(2,2),(-5.999999999062E-07,5.0000006),.PIECEWISE_BEZIER_KNOTS.);
#3612 = CARTESIAN_POINT('',(0.339433935274,-5.999999999062E-07));
#3613 = CARTESIAN_POINT('',(0.339433935274,5.0000006));
#3614 = ( GEOMETRIC_REPRESENTATION_CONTEXT(2) 
PARAMETRIC_REPRESENTATION_CONTEXT() REPRESENTATION_CONTEXT('2D SPACE',''
  ) );
#3615 = PCURVE('',#143,#3616);
#3616 = DEFINITIONAL_REPRESENTATION('',(#3617),#3620);
#3617 = B_SPLINE_CURVE_WITH_KNOTS('',1,(#3618,#3619),.UNSPECIFIED.,.F.,
  .F.,(2,2),(-5.999999999062E-07,5.0000006),.PIECEWISE_BEZIER_KNOTS.);
#3618 = CARTESIAN_POINT('',(2.052167355314,0.4999994));
#3619 = CARTESIAN_POINT('',(2.052167355314,5.5000006));
#3620 = ( GEOMETRIC_REPRESENTATION_CONTEXT(2) 
PARAMETRIC_REPRESENTATION_CONTEXT() REPRESENTATION_CONTEXT('2D SPACE',''
  ) );
#3621 = ORIENTED_EDGE('',*,*,#3622,.T.);
#3622 = EDGE_CURVE('',#3602,#3527,#3623,.T.);
#3623 = SURFACE_CURVE('',#3624,(#3629,#3636),.PCURVE_S1.);
#3624 = CIRCLE('',#3625,8.);
#3625 = AXIS2_PLACEMENT_3D('',#3626,#3627,#3628);
#3626 = CARTESIAN_POINT('',(0.,0.,-7.1));
#3627 = DIRECTION('',(0.,0.,1.));
#3628 = DIRECTION('',(1.,0.,-0.));
#3629 = PCURVE('',#3563,#3630);
#3630 = DEFINITIONAL_REPRESENTATION('',(#3631),#3635);
#3631 = LINE('',#3632,#3633);
#3632 = CARTESIAN_POINT('',(0.,0.));
#3633 = VECTOR('',#3634,1.);
#3634 = DIRECTION('',(1.,0.));
#3635 = ( GEOMETRIC_REPRESENTATION_CONTEXT(2) 
PARAMETRIC_REPRESENTATION_CONTEXT() REPRESENTATION_CONTEXT('2D SPACE',''
  ) );
#3636 = PCURVE('',#118,#3637);
#3637 = DEFINITIONAL_REPRESENTATION('',(#3638),#3642);
#3638 = CIRCLE('',#3639,8.);
#3639 = AXIS2_PLACEMENT_2D('',#3640,#3641);
#3640 = CARTESIAN_POINT('',(0.,0.));
#3641 = DIRECTION('',(1.,0.));
#3642 = ( GEOMETRIC_REPRESENTATION_CONTEXT(2) 
PARAMETRIC_REPRESENTATION_CONTEXT() REPRESENTATION_CONTEXT('2D SPACE',''
  ) );
#3643 = ORIENTED_EDGE('',*,*,#3550,.T.);
#3644 = ADVANCED_FACE('',(#3645,#3716),#118,.F.);
#3645 = FACE_BOUND('',#3646,.F.);
#3646 = EDGE_LOOP('',(#3647,#3648,#3649,#3671,#3672,#3673,#3674,#3675,
    #3676,#3677,#3678,#3679,#3680,#3681,#3682,#3683,#3684,#3685,#3686,
    #3687,#3688,#3689,#3690,#3691,#3692,#3693,#3694,#3695,#3696,#3697,
    #3698,#3699,#3700,#3701,#3702,#3703,#3704,#3705,#3706,#3707,#3708,
    #3709,#3710,#3711,#3712,#3713,#3714,#3715));
#3647 = ORIENTED_EDGE('',*,*,#158,.F.);
#3648 = ORIENTED_EDGE('',*,*,#101,.T.);
#3649 = ORIENTED_EDGE('',*,*,#3650,.F.);
#3650 = EDGE_CURVE('',#3602,#102,#3651,.T.);
#3651 = SURFACE_CURVE('',#3652,(#3657,#3664),.PCURVE_S1.);
#3652 = CIRCLE('',#3653,0.7);
#3653 = AXIS2_PLACEMENT_3D('',#3654,#3655,#3656);
#3654 = CARTESIAN_POINT('',(8.017184358199,2.148198074351,-7.1));
#3655 = DIRECTION('',(0.,0.,1.));
#3656 = DIRECTION('',(0.965925826289,0.258819045103,-0.));
#3657 = PCURVE('',#118,#3658);
#3658 = DEFINITIONAL_REPRESENTATION('',(#3659),#3663);
#3659 = CIRCLE('',#3660,0.7);
#3660 = AXIS2_PLACEMENT_2D('',#3661,#3662);
#3661 = CARTESIAN_POINT('',(8.017184358199,2.148198074351));
#3662 = DIRECTION('',(0.965925826289,0.258819045103));
#3663 = ( GEOMETRIC_REPRESENTATION_CONTEXT(2) 
PARAMETRIC_REPRESENTATION_CONTEXT() REPRESENTATION_CONTEXT('2D SPACE',''
  ) );
#3664 = PCURVE('',#143,#3665);
#3665 = DEFINITIONAL_REPRESENTATION('',(#3666),#3670);
#3666 = LINE('',#3667,#3668);
#3667 = CARTESIAN_POINT('',(0.,0.5));
#3668 = VECTOR('',#3669,1.);
#3669 = DIRECTION('',(1.,0.));
#3670 = ( GEOMETRIC_REPRESENTATION_CONTEXT(2) 
PARAMETRIC_REPRESENTATION_CONTEXT() REPRESENTATION_CONTEXT('2D SPACE',''
  ) );
#3671 = ORIENTED_EDGE('',*,*,#3622,.T.);
#3672 = ORIENTED_EDGE('',*,*,#3526,.F.);
#3673 = ORIENTED_EDGE('',*,*,#3475,.T.);
#3674 = ORIENTED_EDGE('',*,*,#3374,.F.);
#3675 = ORIENTED_EDGE('',*,*,#3323,.T.);
#3676 = ORIENTED_EDGE('',*,*,#3222,.F.);
#3677 = ORIENTED_EDGE('',*,*,#3171,.T.);
#3678 = ORIENTED_EDGE('',*,*,#3070,.F.);
#3679 = ORIENTED_EDGE('',*,*,#3019,.T.);
#3680 = ORIENTED_EDGE('',*,*,#2918,.F.);
#3681 = ORIENTED_EDGE('',*,*,#2867,.T.);
#3682 = ORIENTED_EDGE('',*,*,#2766,.F.);
#3683 = ORIENTED_EDGE('',*,*,#2715,.T.);
#3684 = ORIENTED_EDGE('',*,*,#2614,.F.);
#3685 = ORIENTED_EDGE('',*,*,#2563,.T.);
#3686 = ORIENTED_EDGE('',*,*,#2462,.F.);
#3687 = ORIENTED_EDGE('',*,*,#2411,.T.);
#3688 = ORIENTED_EDGE('',*,*,#2310,.F.);
#3689 = ORIENTED_EDGE('',*,*,#2259,.T.);
#3690 = ORIENTED_EDGE('',*,*,#2158,.F.);
#3691 = ORIENTED_EDGE('',*,*,#2107,.T.);
#3692 = ORIENTED_EDGE('',*,*,#2006,.F.);
#3693 = ORIENTED_EDGE('',*,*,#1955,.T.);
#3694 = ORIENTED_EDGE('',*,*,#1854,.F.);
#3695 = ORIENTED_EDGE('',*,*,#1803,.T.);
#3696 = ORIENTED_EDGE('',*,*,#1702,.F.);
#3697 = ORIENTED_EDGE('',*,*,#1651,.T.);
#3698 = ORIENTED_EDGE('',*,*,#1550,.F.);
#3699 = ORIENTED_EDGE('',*,*,#1499,.T.);
#3700 = ORIENTED_EDGE('',*,*,#1398,.F.);
#3701 = ORIENTED_EDGE('',*,*,#1347,.T.);
#3702 = ORIENTED_EDGE('',*,*,#1246,.F.);
#3703 = ORIENTED_EDGE('',*,*,#1195,.T.);
#3704 = ORIENTED_EDGE('',*,*,#1094,.F.);
#3705 = ORIENTED_EDGE('',*,*,#1043,.T.);
#3706 = ORIENTED_EDGE('',*,*,#942,.F.);
#3707 = ORIENTED_EDGE('',*,*,#891,.T.);
#3708 = ORIENTED_EDGE('',*,*,#790,.F.);
#3709 = ORIENTED_EDGE('',*,*,#739,.T.);
#3710 = ORIENTED_EDGE('',*,*,#638,.F.);
#3711 = ORIENTED_EDGE('',*,*,#587,.T.);
#3712 = ORIENTED_EDGE('',*,*,#486,.F.);
#3713 = ORIENTED_EDGE('',*,*,#435,.T.);
#3714 = ORIENTED_EDGE('',*,*,#334,.F.);
#3715 = ORIENTED_EDGE('',*,*,#283,.T.);
#3716 = FACE_BOUND('',#3717,.F.);
#3717 = EDGE_LOOP('',(#3718));
#3718 = ORIENTED_EDGE('',*,*,#3719,.F.);
#3719 = EDGE_CURVE('',#3720,#3720,#3722,.T.);
#3720 = VERTEX_POINT('',#3721);
#3721 = CARTESIAN_POINT('',(4.15,-1.016456843292E-15,-7.1));
#3722 = SURFACE_CURVE('',#3723,(#3728,#3735),.PCURVE_S1.);
#3723 = CIRCLE('',#3724,4.15);
#3724 = AXIS2_PLACEMENT_3D('',#3725,#3726,#3727);
#3725 = CARTESIAN_POINT('',(0.,0.,-7.1));
#3726 = DIRECTION('',(0.,0.,1.));
#3727 = DIRECTION('',(1.,0.,-0.));
#3728 = PCURVE('',#118,#3729);
#3729 = DEFINITIONAL_REPRESENTATION('',(#3730),#3734);
#3730 = CIRCLE('',#3731,4.15);
#3731 = AXIS2_PLACEMENT_2D('',#3732,#3733);
#3732 = CARTESIAN_POINT('',(0.,0.));
#3733 = DIRECTION('',(1.,0.));
#3734 = ( GEOMETRIC_REPRESENTATION_CONTEXT(2) 
PARAMETRIC_REPRESENTATION_CONTEXT() REPRESENTATION_CONTEXT('2D SPACE',''
  ) );
#3735 = PCURVE('',#3736,#3741);
#3736 = CYLINDRICAL_SURFACE('',#3737,4.15);
#3737 = AXIS2_PLACEMENT_3D('',#3738,#3739,#3740);
#3738 = CARTESIAN_POINT('',(0.,0.,-8.1));
#3739 = DIRECTION('',(0.,0.,1.));
#3740 = DIRECTION('',(1.,0.,-0.));
#3741 = DEFINITIONAL_REPRESENTATION('',(#3742),#3746);
#3742 = LINE('',#3743,#3744);
#3743 = CARTESIAN_POINT('',(0.,1.));
#3744 = VECTOR('',#3745,1.);
#3745 = DIRECTION('',(1.,0.));
#3746 = ( GEOMETRIC_REPRESENTATION_CONTEXT(2) 
PARAMETRIC_REPRESENTATION_CONTEXT() REPRESENTATION_CONTEXT('2D SPACE',''
  ) );
#3747 = ADVANCED_FACE('',(#3748),#3736,.F.);
#3748 = FACE_BOUND('',#3749,.F.);
#3749 = EDGE_LOOP('',(#3750,#3825,#3904,#3983,#4017,#4090,#4146,#4202,
    #4275,#4309,#4388,#4423,#4496,#4517,#4518,#4519,#4568,#4594,#4643));
#3750 = ORIENTED_EDGE('',*,*,#3751,.T.);
#3751 = EDGE_CURVE('',#3752,#3754,#3756,.T.);
#3752 = VERTEX_POINT('',#3753);
#3753 = CARTESIAN_POINT('',(4.149999999959,5.442291174674E-15,-5.771875)
  );
#3754 = VERTEX_POINT('',#3755);
#3755 = CARTESIAN_POINT('',(3.35742049053,-2.439308846737,
    -5.896875002946));
#3756 = SURFACE_CURVE('',#3757,(#3770,#3786),.PCURVE_S1.);
#3757 = B_SPLINE_CURVE_WITH_KNOTS('',6,(#3758,#3759,#3760,#3761,#3762,
    #3763,#3764,#3765,#3766,#3767,#3768,#3769),.UNSPECIFIED.,.F.,.F.,(7,
    5,7),(0.,0.656838956189,1.),.UNSPECIFIED.);
#3758 = CARTESIAN_POINT('',(4.15,-8.881784197001E-16,-5.771875));
#3759 = CARTESIAN_POINT('',(4.15,-0.285325876151,-5.785556157533));
#3760 = CARTESIAN_POINT('',(4.126459385349,-0.570817401401,
    -5.799230020137));
#3761 = CARTESIAN_POINT('',(4.079327827426,-0.853879610519,
    -5.812905554286));
#3762 = CARTESIAN_POINT('',(4.008976267764,-1.132051279694,
    -5.826585458201));
#3763 = CARTESIAN_POINT('',(3.916069781519,-1.402991582265,
    -5.840269992319));
#3764 = CARTESIAN_POINT('',(3.741760816449,-1.801101847584,
    -5.861109522752));
#3765 = CARTESIAN_POINT('',(3.676053056397,-1.935138845972,
    -5.868261806656));
#3766 = CARTESIAN_POINT('',(3.604593046805,-2.066278576351,
    -5.875414769808));
#3767 = CARTESIAN_POINT('',(3.527542002439,-2.194214435416,
    -5.882568149119));
#3768 = CARTESIAN_POINT('',(3.445082900187,-2.318651894737,
    -5.889721669105));
#3769 = CARTESIAN_POINT('',(3.35742049053,-2.439308846737,
    -5.896875002946));
#3770 = PCURVE('',#3736,#3771);
#3771 = DEFINITIONAL_REPRESENTATION('',(#3772),#3785);
#3772 = B_SPLINE_CURVE_WITH_KNOTS('',6,(#3773,#3774,#3775,#3776,#3777,
    #3778,#3779,#3780,#3781,#3782,#3783,#3784),.UNSPECIFIED.,.F.,.F.,(7,
    5,7),(0.,0.656838956189,1.),.UNSPECIFIED.);
#3773 = CARTESIAN_POINT('',(6.28318530718,2.328125));
#3774 = CARTESIAN_POINT('',(6.214432084011,2.314443842467));
#3775 = CARTESIAN_POINT('',(6.145638994165,2.300769979863));
#3776 = CARTESIAN_POINT('',(6.076845993294,2.287094445714));
#3777 = CARTESIAN_POINT('',(6.008059002855,2.273414541799));
#3778 = CARTESIAN_POINT('',(5.939274505712,2.259730007681));
#3779 = CARTESIAN_POINT('',(5.834552102435,2.238890477248));
#3780 = CARTESIAN_POINT('',(5.798615298324,2.231738193344));
#3781 = CARTESIAN_POINT('',(5.762678549645,2.224585230192));
#3782 = CARTESIAN_POINT('',(5.72674157129,2.217431850881));
#3783 = CARTESIAN_POINT('',(5.690804158335,2.210278330895));
#3784 = CARTESIAN_POINT('',(5.654866761652,2.203124997054));
#3785 = ( GEOMETRIC_REPRESENTATION_CONTEXT(2) 
PARAMETRIC_REPRESENTATION_CONTEXT() REPRESENTATION_CONTEXT('2D SPACE',''
  ) );
#3786 = PCURVE('',#3787,#3810);
#3787 = ( BOUNDED_SURFACE() B_SPLINE_SURFACE(1,6,(
    (#3788,#3789,#3790,#3791,#3792,#3793,#3794,#3795,#3796,#3797,#3798)
    ,(#3799,#3800,#3801,#3802,#3803,#3804,#3805,#3806,#3807,#3808,#3809
)),.UNSPECIFIED.,.F.,.F.,.F.) B_SPLINE_SURFACE_WITH_KNOTS((2,2),(7,4,7),
(5.,6.),(0.,0.5,1.),.UNSPECIFIED.) GEOMETRIC_REPRESENTATION_ITEM() 
RATIONAL_B_SPLINE_SURFACE((
    (1.,1.,1.,1.,1.,1.,1.,1.,1.,1.,1.)
,(1.,1.,1.,1.,1.,1.,1.,1.,1.,1.,1.
  ))) REPRESENTATION_ITEM('') SURFACE() );
#3788 = CARTESIAN_POINT('',(4.15,0.,-7.021875));
#3789 = CARTESIAN_POINT('',(4.135345393172,2.172436459448,
    -6.917708333333));
#3790 = CARTESIAN_POINT('',(2.827775863512,4.344872918896,
    -6.813541666677));
#3791 = CARTESIAN_POINT('',(-2.463805772928E-02,5.459008095229,
    -6.709374999996));
#3792 = CARTESIAN_POINT('',(-2.790162372654,4.344872918896,
    -6.605208333329));
#3793 = CARTESIAN_POINT('',(-5.509837627346,2.860593549839E-13,-6.396875
    ));
#3794 = CARTESIAN_POINT('',(-2.790162372654,-4.344872918897,
    -6.188541666671));
#3795 = CARTESIAN_POINT('',(-2.463805772944E-02,-5.459008095228,
    -6.084375000004));
#3796 = CARTESIAN_POINT('',(2.827775863512,-4.344872918897,
    -5.980208333323));
#3797 = CARTESIAN_POINT('',(4.135345393172,-2.172436459448,
    -5.876041666667));
#3798 = CARTESIAN_POINT('',(4.15,-1.7763568394E-15,-5.771875));
#3799 = CARTESIAN_POINT('',(4.35,-5.689744085582E-14,-7.021875));
#3800 = CARTESIAN_POINT('',(4.33463914711,2.277132192449,-6.917708333333
    ));
#3801 = CARTESIAN_POINT('',(2.964054218259,4.554264384897,
    -6.813541666677));
#3802 = CARTESIAN_POINT('',(-2.582543392074E-02,5.722092822658,
    -6.709374999996));
#3803 = CARTESIAN_POINT('',(-2.924628029175,4.554264384897,
    -6.605208333329));
#3804 = CARTESIAN_POINT('',(-5.775371970825,1.507806837696E-13,-6.396875
    ));
#3805 = CARTESIAN_POINT('',(-2.924628029176,-4.554264384897,
    -6.188541666671));
#3806 = CARTESIAN_POINT('',(-2.582543392098E-02,-5.722092822658,
    -6.084375000004));
#3807 = CARTESIAN_POINT('',(2.964054218259,-4.554264384897,
    -5.980208333323));
#3808 = CARTESIAN_POINT('',(4.33463914711,-2.277132192448,
    -5.876041666667));
#3809 = CARTESIAN_POINT('',(4.35,-2.149887189857E-14,-5.771875));
#3810 = DEFINITIONAL_REPRESENTATION('',(#3811),#3824);
#3811 = B_SPLINE_CURVE_WITH_KNOTS('',6,(#3812,#3813,#3814,#3815,#3816,
    #3817,#3818,#3819,#3820,#3821,#3822,#3823),.UNSPECIFIED.,.F.,.F.,(7,
    5,7),(0.,0.656838956189,1.),.UNSPECIFIED.);
#3812 = CARTESIAN_POINT('',(5.,1.));
#3813 = CARTESIAN_POINT('',(5.009623615261,0.989055073974));
#3814 = CARTESIAN_POINT('',(5.013063435111,0.97811598389));
#3815 = CARTESIAN_POINT('',(5.01292463742,0.967175556571));
#3816 = CARTESIAN_POINT('',(5.011105503185,0.956231633438));
#3817 = CARTESIAN_POINT('',(5.008693156246,0.945284006144));
#3818 = CARTESIAN_POINT('',(5.005035060735,0.928612381797));
#3819 = CARTESIAN_POINT('',(5.003782197548,0.922890554674));
#3820 = CARTESIAN_POINT('',(5.002617158333,0.917168184152));
#3821 = CARTESIAN_POINT('',(5.001587745254,0.911445480704));
#3822 = CARTESIAN_POINT('',(5.000714331261,0.905722664714));
#3823 = CARTESIAN_POINT('',(5.,0.899999997642));
#3824 = ( GEOMETRIC_REPRESENTATION_CONTEXT(2) 
PARAMETRIC_REPRESENTATION_CONTEXT() REPRESENTATION_CONTEXT('2D SPACE',''
  ) );
#3825 = ORIENTED_EDGE('',*,*,#3826,.F.);
#3826 = EDGE_CURVE('',#3827,#3754,#3829,.T.);
#3827 = VERTEX_POINT('',#3828);
#3828 = CARTESIAN_POINT('',(1.282420563716,-3.946884530583,
    -6.021874998131));
#3829 = SURFACE_CURVE('',#3830,(#3845,#3863),.PCURVE_S1.);
#3830 = B_SPLINE_CURVE_WITH_KNOTS('',5,(#3831,#3832,#3833,#3834,#3835,
    #3836,#3837,#3838,#3839,#3840,#3841,#3842,#3843,#3844),
  .UNSPECIFIED.,.F.,.F.,(6,4,4,6),(0.,0.300107374632,0.640140926355,1.),
  .UNSPECIFIED.);
#3831 = CARTESIAN_POINT('',(1.282420563708,-3.946884530586,
    -6.021874998131));
#3832 = CARTESIAN_POINT('',(1.431266349889,-3.89852160141,
    -6.014356214888));
#3833 = CARTESIAN_POINT('',(1.577832487099,-3.843141941708,
    -6.006833140518));
#3834 = CARTESIAN_POINT('',(1.721676348251,-3.780889545452,
    -5.999306138009));
#3835 = CARTESIAN_POINT('',(1.862372760502,-3.711948468461,
    -5.991776674654));
#3836 = CARTESIAN_POINT('',(2.154900471852,-3.551105249125,
    -5.975716267104));
#3837 = CARTESIAN_POINT('',(2.305724530959,-3.457367659105,
    -5.967185234789));
#3838 = CARTESIAN_POINT('',(2.451392659742,-3.355656601253,
    -5.958658303472));
#3839 = CARTESIAN_POINT('',(2.591352551378,-3.246357555187,
    -5.950140550483));
#3840 = CARTESIAN_POINT('',(2.866631369492,-3.006683178403,
    -5.93263981895));
#3841 = CARTESIAN_POINT('',(3.001205993369,-2.875448734441,
    -5.923658468199));
#3842 = CARTESIAN_POINT('',(3.128211189027,-2.736738832795,
    -5.914700724425));
#3843 = CARTESIAN_POINT('',(3.247107025832,-2.591142300403,
    -5.905772887018));
#3844 = CARTESIAN_POINT('',(3.357420490531,-2.439308846735,
    -5.896875002946));
#3845 = PCURVE('',#3736,#3846);
#3846 = DEFINITIONAL_REPRESENTATION('',(#3847),#3862);
#3847 = B_SPLINE_CURVE_WITH_KNOTS('',5,(#3848,#3849,#3850,#3851,#3852,
    #3853,#3854,#3855,#3856,#3857,#3858,#3859,#3860,#3861),
  .UNSPECIFIED.,.F.,.F.,(6,4,4,6),(0.,0.300107374632,0.640140926355,1.),
  .UNSPECIFIED.);
#3848 = CARTESIAN_POINT('',(5.026548255131,2.078125001869));
#3849 = CARTESIAN_POINT('',(5.064260477272,2.085643785112));
#3850 = CARTESIAN_POINT('',(5.101972652019,2.093166859482));
#3851 = CARTESIAN_POINT('',(5.139684755514,2.100693861991));
#3852 = CARTESIAN_POINT('',(5.177396787531,2.108223325346));
#3853 = CARTESIAN_POINT('',(5.257837944188,2.124283732896));
#3854 = CARTESIAN_POINT('',(5.30056719972,2.132814765211));
#3855 = CARTESIAN_POINT('',(5.343296570354,2.141341696528));
#3856 = CARTESIAN_POINT('',(5.386026107912,2.149859449517));
#3857 = CARTESIAN_POINT('',(5.473977002309,2.16736018105));
#3858 = CARTESIAN_POINT('',(5.519198847421,2.176341531801));
#3859 = CARTESIAN_POINT('',(5.564420553307,2.185299275575));
#3860 = CARTESIAN_POINT('',(5.609643515384,2.194227112982));
#3861 = CARTESIAN_POINT('',(5.654866761652,2.203124997054));
#3862 = ( GEOMETRIC_REPRESENTATION_CONTEXT(2) 
PARAMETRIC_REPRESENTATION_CONTEXT() REPRESENTATION_CONTEXT('2D SPACE',''
  ) );
#3863 = PCURVE('',#3864,#3887);
#3864 = ( BOUNDED_SURFACE() B_SPLINE_SURFACE(1,6,(
    (#3865,#3866,#3867,#3868,#3869,#3870,#3871,#3872,#3873,#3874,#3875)
    ,(#3876,#3877,#3878,#3879,#3880,#3881,#3882,#3883,#3884,#3885,#3886
)),.UNSPECIFIED.,.F.,.F.,.F.) B_SPLINE_SURFACE_WITH_KNOTS((2,2),(7,4,7),
(4.,5.),(0.,0.5,1.),.UNSPECIFIED.) GEOMETRIC_REPRESENTATION_ITEM() 
RATIONAL_B_SPLINE_SURFACE((
    (1.,1.,1.,1.,1.,1.,1.,1.,1.,1.,1.)
,(1.,1.,1.,1.,1.,1.,1.,1.,1.,1.,1.
  ))) REPRESENTATION_ITEM('') SURFACE() );
#3865 = CARTESIAN_POINT('',(3.473417653293,1.924790202791E-13,-6.63125)
  );
#3866 = CARTESIAN_POINT('',(3.461152214555,1.818260035831,
    -6.527083333333));
#3867 = CARTESIAN_POINT('',(2.366758218213,3.636520071662,
    -6.422916666677));
#3868 = CARTESIAN_POINT('',(-2.06212688784E-02,4.569015683894,
    -6.318749999996));
#3869 = CARTESIAN_POINT('',(-2.335276925452,3.636520071662,
    -6.214583333329));
#3870 = CARTESIAN_POINT('',(-4.611558381135,4.140218863057E-13,-6.00625)
  );
#3871 = CARTESIAN_POINT('',(-2.335276925452,-3.636520071662,
    -5.797916666671));
#3872 = CARTESIAN_POINT('',(-2.062126887851E-02,-4.569015683893,
    -5.693750000004));
#3873 = CARTESIAN_POINT('',(2.366758218213,-3.636520071662,
    -5.589583333323));
#3874 = CARTESIAN_POINT('',(3.461152214555,-1.818260035831,
    -5.485416666667));
#3875 = CARTESIAN_POINT('',(3.473417653293,6.494317076905E-14,-5.38125)
  );
#3876 = CARTESIAN_POINT('',(4.15,0.,-7.021875));
#3877 = CARTESIAN_POINT('',(4.135345393172,2.172436459448,
    -6.917708333333));
#3878 = CARTESIAN_POINT('',(2.827775863512,4.344872918896,
    -6.813541666677));
#3879 = CARTESIAN_POINT('',(-2.463805772928E-02,5.459008095229,
    -6.709374999996));
#3880 = CARTESIAN_POINT('',(-2.790162372654,4.344872918896,
    -6.605208333329));
#3881 = CARTESIAN_POINT('',(-5.509837627346,2.860593549839E-13,-6.396875
    ));
#3882 = CARTESIAN_POINT('',(-2.790162372654,-4.344872918897,
    -6.188541666671));
#3883 = CARTESIAN_POINT('',(-2.463805772944E-02,-5.459008095228,
    -6.084375000004));
#3884 = CARTESIAN_POINT('',(2.827775863512,-4.344872918897,
    -5.980208333323));
#3885 = CARTESIAN_POINT('',(4.135345393172,-2.172436459448,
    -5.876041666667));
#3886 = CARTESIAN_POINT('',(4.15,-1.7763568394E-15,-5.771875));
#3887 = DEFINITIONAL_REPRESENTATION('',(#3888),#3903);
#3888 = B_SPLINE_CURVE_WITH_KNOTS('',5,(#3889,#3890,#3891,#3892,#3893,
    #3894,#3895,#3896,#3897,#3898,#3899,#3900,#3901,#3902),
  .UNSPECIFIED.,.F.,.F.,(6,4,4,6),(0.,0.300107374632,0.640140926355,1.),
  .UNSPECIFIED.);
#3889 = CARTESIAN_POINT('',(5.,0.800000001494));
#3890 = CARTESIAN_POINT('',(4.999951680466,0.805999928234));
#3891 = CARTESIAN_POINT('',(4.999891983823,0.811999732529));
#3892 = CARTESIAN_POINT('',(4.999822330068,0.817999567738));
#3893 = CARTESIAN_POINT('',(4.999746988604,0.823999594214));
#3894 = CARTESIAN_POINT('',(4.999589334886,0.836798653467));
#3895 = CARTESIAN_POINT('',(4.999507163041,0.843597800617));
#3896 = CARTESIAN_POINT('',(4.999437800866,0.850397669991));
#3897 = CARTESIAN_POINT('',(4.999394687398,0.857198399424));
#3898 = CARTESIAN_POINT('',(4.999392166319,0.871198196813));
#3899 = CARTESIAN_POINT('',(4.999437475968,0.878397436679));
#3900 = CARTESIAN_POINT('',(4.99954615941,0.885597595274));
#3901 = CARTESIAN_POINT('',(4.999734280081,0.892798652909));
#3902 = CARTESIAN_POINT('',(5.,0.899999997642));
#3903 = ( GEOMETRIC_REPRESENTATION_CONTEXT(2) 
PARAMETRIC_REPRESENTATION_CONTEXT() REPRESENTATION_CONTEXT('2D SPACE',''
  ) );
#3904 = ORIENTED_EDGE('',*,*,#3905,.T.);
#3905 = EDGE_CURVE('',#3827,#3906,#3908,.T.);
#3906 = VERTEX_POINT('',#3907);
#3907 = CARTESIAN_POINT('',(-1.282441195426,-3.946877826879,
    -6.14687604211));
#3908 = SURFACE_CURVE('',#3909,(#3924,#3942),.PCURVE_S1.);
#3909 = B_SPLINE_CURVE_WITH_KNOTS('',5,(#3910,#3911,#3912,#3913,#3914,
    #3915,#3916,#3917,#3918,#3919,#3920,#3921,#3922,#3923),
  .UNSPECIFIED.,.F.,.F.,(6,4,4,6),(0.,0.334933821255,0.694703128936,1.),
  .UNSPECIFIED.);
#3910 = CARTESIAN_POINT('',(1.282420563709,-3.946884530586,
    -6.021874998131));
#3911 = CARTESIAN_POINT('',(1.116299093083,-4.000860670083,
    -6.030245378302));
#3912 = CARTESIAN_POINT('',(0.94733690188,-4.046097151422,
    -6.038615979456));
#3913 = CARTESIAN_POINT('',(0.776149808538,-4.082394008684,
    -6.046986920361));
#3914 = CARTESIAN_POINT('',(0.60336836647,-4.109617539334,
    -6.055358558534));
#3915 = CARTESIAN_POINT('',(0.243022661686,-4.147124552953,
    -6.072723862553));
#3916 = CARTESIAN_POINT('',(5.530952107942E-02,-4.156002505841,
    -6.081717753984));
#3917 = CARTESIAN_POINT('',(-0.132703894619,-4.154251492919,
    -6.090712352136));
#3918 = CARTESIAN_POINT('',(-0.32021882386,-4.141879028111,
    -6.09970781392));
#3919 = CARTESIAN_POINT('',(-0.66446266731,-4.099553454106,
    -6.11633762548));
#3920 = CARTESIAN_POINT('',(-0.82155586008,-4.072545651042,
    -6.123971906769));
#3921 = CARTESIAN_POINT('',(-0.977231318874,-4.038019456657,
    -6.131606448648));
#3922 = CARTESIAN_POINT('',(-1.131012784942,-3.996080490235,
    -6.139241098662));
#3923 = CARTESIAN_POINT('',(-1.282434441301,-3.946880021456,
    -6.146875701571));
#3924 = PCURVE('',#3736,#3925);
#3925 = DEFINITIONAL_REPRESENTATION('',(#3926),#3941);
#3926 = B_SPLINE_CURVE_WITH_KNOTS('',5,(#3927,#3928,#3929,#3930,#3931,
    #3932,#3933,#3934,#3935,#3936,#3937,#3938,#3939,#3940),
  .UNSPECIFIED.,.F.,.F.,(6,4,4,6),(0.,0.334933821255,0.694703128936,1.),
  .UNSPECIFIED.);
#3927 = CARTESIAN_POINT('',(5.026548255132,2.078125001869));
#3928 = CARTESIAN_POINT('',(4.984458989702,2.069754621698));
#3929 = CARTESIAN_POINT('',(4.942369486758,2.061384020544));
#3930 = CARTESIAN_POINT('',(4.900280429789,2.053013079639));
#3931 = CARTESIAN_POINT('',(4.858190936295,2.044641441466));
#3932 = CARTESIAN_POINT('',(4.770891556174,2.027276137447));
#3933 = CARTESIAN_POINT('',(4.725681049226,2.018282246016));
#3934 = CARTESIAN_POINT('',(4.680471214638,2.009287647864));
#3935 = CARTESIAN_POINT('',(4.635260780666,2.00029218608));
#3936 = CARTESIAN_POINT('',(4.551685817608,1.98366237452));
#3937 = CARTESIAN_POINT('',(4.513320881825,1.976028093231));
#3938 = CARTESIAN_POINT('',(4.474955967061,1.968393551352));
#3939 = CARTESIAN_POINT('',(4.436591089301,1.960758901338));
#3940 = CARTESIAN_POINT('',(4.398226189548,1.953124298429));
#3941 = ( GEOMETRIC_REPRESENTATION_CONTEXT(2) 
PARAMETRIC_REPRESENTATION_CONTEXT() REPRESENTATION_CONTEXT('2D SPACE',''
  ) );
#3942 = PCURVE('',#3943,#3966);
#3943 = ( BOUNDED_SURFACE() B_SPLINE_SURFACE(1,6,(
    (#3944,#3945,#3946,#3947,#3948,#3949,#3950,#3951,#3952,#3953,#3954)
    ,(#3955,#3956,#3957,#3958,#3959,#3960,#3961,#3962,#3963,#3964,#3965
)),.UNSPECIFIED.,.F.,.F.,.F.) B_SPLINE_SURFACE_WITH_KNOTS((2,2),(7,4,7),
(5.,6.),(0.,0.5,1.),.UNSPECIFIED.) GEOMETRIC_REPRESENTATION_ITEM() 
RATIONAL_B_SPLINE_SURFACE((
    (1.,1.,1.,1.,1.,1.,1.,1.,1.,1.,1.)
,(1.,1.,1.,1.,1.,1.,1.,1.,1.,1.,1.
  ))) REPRESENTATION_ITEM('') SURFACE() );
#3944 = CARTESIAN_POINT('',(4.15,0.,-7.021875));
#3945 = CARTESIAN_POINT('',(4.135345393172,2.172436459448,
    -6.917708333333));
#3946 = CARTESIAN_POINT('',(2.827775863512,4.344872918896,
    -6.813541666677));
#3947 = CARTESIAN_POINT('',(-2.463805772928E-02,5.459008095229,
    -6.709374999996));
#3948 = CARTESIAN_POINT('',(-2.790162372654,4.344872918896,
    -6.605208333329));
#3949 = CARTESIAN_POINT('',(-5.509837627346,2.860593549839E-13,-6.396875
    ));
#3950 = CARTESIAN_POINT('',(-2.790162372654,-4.344872918897,
    -6.188541666671));
#3951 = CARTESIAN_POINT('',(-2.463805772944E-02,-5.459008095228,
    -6.084375000004));
#3952 = CARTESIAN_POINT('',(2.827775863512,-4.344872918897,
    -5.980208333323));
#3953 = CARTESIAN_POINT('',(4.135345393172,-2.172436459448,
    -5.876041666667));
#3954 = CARTESIAN_POINT('',(4.15,-1.7763568394E-15,-5.771875));
#3955 = CARTESIAN_POINT('',(4.35,-5.689744085582E-14,-7.021875));
#3956 = CARTESIAN_POINT('',(4.33463914711,2.277132192449,-6.917708333333
    ));
#3957 = CARTESIAN_POINT('',(2.964054218259,4.554264384897,
    -6.813541666677));
#3958 = CARTESIAN_POINT('',(-2.582543392074E-02,5.722092822658,
    -6.709374999996));
#3959 = CARTESIAN_POINT('',(-2.924628029175,4.554264384897,
    -6.605208333329));
#3960 = CARTESIAN_POINT('',(-5.775371970825,1.507806837696E-13,-6.396875
    ));
#3961 = CARTESIAN_POINT('',(-2.924628029176,-4.554264384897,
    -6.188541666671));
#3962 = CARTESIAN_POINT('',(-2.582543392098E-02,-5.722092822658,
    -6.084375000004));
#3963 = CARTESIAN_POINT('',(2.964054218259,-4.554264384897,
    -5.980208333323));
#3964 = CARTESIAN_POINT('',(4.33463914711,-2.277132192448,
    -5.876041666667));
#3965 = CARTESIAN_POINT('',(4.35,-2.149887189857E-14,-5.771875));
#3966 = DEFINITIONAL_REPRESENTATION('',(#3967),#3982);
#3967 = B_SPLINE_CURVE_WITH_KNOTS('',5,(#3968,#3969,#3970,#3971,#3972,
    #3973,#3974,#3975,#3976,#3977,#3978,#3979,#3980,#3981),
  .UNSPECIFIED.,.F.,.F.,(6,4,4,6),(0.,0.334933821255,0.694703128936,1.),
  .UNSPECIFIED.);
#3968 = CARTESIAN_POINT('',(5.,0.800000001494));
#3969 = CARTESIAN_POINT('',(5.000182432676,0.793303697357));
#3970 = CARTESIAN_POINT('',(5.000316907025,0.786607216434));
#3971 = CARTESIAN_POINT('',(5.000396340379,0.779910463711));
#3972 = CARTESIAN_POINT('',(5.000428054812,0.773213153172));
#3973 = CARTESIAN_POINT('',(5.000420369351,0.759320909957));
#3974 = CARTESIAN_POINT('',(5.000375479449,0.752125796813));
#3975 = CARTESIAN_POINT('',(5.000304951953,0.744930118291));
#3976 = CARTESIAN_POINT('',(5.000229603537,0.737733748865));
#3977 = CARTESIAN_POINT('',(5.00010575634,0.724429899617));
#3978 = CARTESIAN_POINT('',(5.000054855419,0.718322474585));
#3979 = CARTESIAN_POINT('',(5.000018459271,0.712214841082));
#3980 = CARTESIAN_POINT('',(5.00000044243,0.706107121071));
#3981 = CARTESIAN_POINT('',(5.,0.699999438745));
#3982 = ( GEOMETRIC_REPRESENTATION_CONTEXT(2) 
PARAMETRIC_REPRESENTATION_CONTEXT() REPRESENTATION_CONTEXT('2D SPACE',''
  ) );
#3983 = ORIENTED_EDGE('',*,*,#3984,.F.);
#3984 = EDGE_CURVE('',#3985,#3906,#3987,.T.);
#3985 = VERTEX_POINT('',#3986);
#3986 = CARTESIAN_POINT('',(-1.29199290959,-3.943761443289,
    -6.147357824837));
#3987 = SURFACE_CURVE('',#3988,(#4000,#4010),.PCURVE_S1.);
#3988 = ( BOUNDED_CURVE() B_SPLINE_CURVE(6,(#3989,#3990,#3991,#3992,
    #3993,#3994,#3995,#3996,#3997,#3998,#3999),.UNSPECIFIED.,.F.,.F.) 
B_SPLINE_CURVE_WITH_KNOTS((7,4,7),(0.,0.5,1.),.UNSPECIFIED.) CURVE() 
GEOMETRIC_REPRESENTATION_ITEM() RATIONAL_B_SPLINE_CURVE((1.,1.,1.,1.,1.,
1.,1.,1.,1.,1.,1.)) REPRESENTATION_ITEM('') );
#3989 = CARTESIAN_POINT('',(4.15,0.,-7.021875));
#3990 = CARTESIAN_POINT('',(4.135345393172,2.172436459448,
    -6.917708333333));
#3991 = CARTESIAN_POINT('',(2.827775863512,4.344872918896,
    -6.813541666677));
#3992 = CARTESIAN_POINT('',(-2.463805772928E-02,5.459008095229,
    -6.709374999996));
#3993 = CARTESIAN_POINT('',(-2.790162372654,4.344872918896,
    -6.605208333329));
#3994 = CARTESIAN_POINT('',(-5.509837627346,2.860593549839E-13,-6.396875
    ));
#3995 = CARTESIAN_POINT('',(-2.790162372654,-4.344872918897,
    -6.188541666671));
#3996 = CARTESIAN_POINT('',(-2.463805772944E-02,-5.459008095228,
    -6.084375000004));
#3997 = CARTESIAN_POINT('',(2.827775863512,-4.344872918897,
    -5.980208333323));
#3998 = CARTESIAN_POINT('',(4.135345393172,-2.172436459448,
    -5.876041666667));
#3999 = CARTESIAN_POINT('',(4.15,-1.7763568394E-15,-5.771875));
#4000 = PCURVE('',#3736,#4001);
#4001 = DEFINITIONAL_REPRESENTATION('',(#4002),#4009);
#4002 = B_SPLINE_CURVE_WITH_KNOTS('',5,(#4003,#4004,#4005,#4006,#4007,
    #4008),.UNSPECIFIED.,.F.,.F.,(6,6),(0.699613740132,0.699999166313),
  .PIECEWISE_BEZIER_KNOTS.);
#4003 = CARTESIAN_POINT('',(4.395803455311,1.952642175163));
#4004 = CARTESIAN_POINT('',(4.396287659991,1.952738531709));
#4005 = CARTESIAN_POINT('',(4.396771864627,1.952834888254));
#4006 = CARTESIAN_POINT('',(4.397256069222,1.952931244799));
#4007 = CARTESIAN_POINT('',(4.397740273776,1.953027601344));
#4008 = CARTESIAN_POINT('',(4.398224478291,1.95312395789));
#4009 = ( GEOMETRIC_REPRESENTATION_CONTEXT(2) 
PARAMETRIC_REPRESENTATION_CONTEXT() REPRESENTATION_CONTEXT('2D SPACE',''
  ) );
#4010 = PCURVE('',#3864,#4011);
#4011 = DEFINITIONAL_REPRESENTATION('',(#4012),#4016);
#4012 = LINE('',#4013,#4014);
#4013 = CARTESIAN_POINT('',(5.,0.));
#4014 = VECTOR('',#4015,1.);
#4015 = DIRECTION('',(0.,1.));
#4016 = ( GEOMETRIC_REPRESENTATION_CONTEXT(2) 
PARAMETRIC_REPRESENTATION_CONTEXT() REPRESENTATION_CONTEXT('2D SPACE',''
  ) );
#4017 = ORIENTED_EDGE('',*,*,#4018,.F.);
#4018 = EDGE_CURVE('',#4019,#3985,#4021,.T.);
#4019 = VERTEX_POINT('',#4020);
#4020 = CARTESIAN_POINT('',(-3.357420785354,-2.439308440946,
    -6.271875021096));
#4021 = SURFACE_CURVE('',#4022,(#4035,#4051),.PCURVE_S1.);
#4022 = B_SPLINE_CURVE_WITH_KNOTS('',6,(#4023,#4024,#4025,#4026,#4027,
    #4028,#4029,#4030,#4031,#4032,#4033,#4034),.UNSPECIFIED.,.F.,.F.,(7,
    5,7),(0.,0.36334436291,1.),.UNSPECIFIED.);
#4023 = CARTESIAN_POINT('',(-3.357420785352,-2.43930844095,
    -6.271875021095));
#4024 = CARTESIAN_POINT('',(-3.264966010966,-2.566561549255,
    -6.264336604417));
#4025 = CARTESIAN_POINT('',(-3.166722795423,-2.689610391072,
    -6.256798191319));
#4026 = CARTESIAN_POINT('',(-3.062931636375,-2.808124138475,
    -6.249259647767));
#4027 = CARTESIAN_POINT('',(-2.95385578919,-2.921792816341,
    -6.241720864227));
#4028 = CARTESIAN_POINT('',(-2.839781266947,-3.030327302358,
    -6.234181755671));
#4029 = CARTESIAN_POINT('',(-2.512916621079,-3.314168295053,
    -6.213431484393));
#4030 = CARTESIAN_POINT('',(-2.290402704338,-3.478303289991,
    -6.200218714781));
#4031 = CARTESIAN_POINT('',(-2.055151153259,-3.624402694524,
    -6.187005297729));
#4032 = CARTESIAN_POINT('',(-1.808997620808,-3.751275175078,
    -6.173790427026));
#4033 = CARTESIAN_POINT('',(-1.553906736799,-3.857957367017,
    -6.160573824782));
#4034 = CARTESIAN_POINT('',(-1.29199290959,-3.943761443289,
    -6.147357824837));
#4035 = PCURVE('',#3736,#4036);
#4036 = DEFINITIONAL_REPRESENTATION('',(#4037),#4050);
#4037 = B_SPLINE_CURVE_WITH_KNOTS('',6,(#4038,#4039,#4040,#4041,#4042,
    #4043,#4044,#4045,#4046,#4047,#4048,#4049),.UNSPECIFIED.,.F.,.F.,(7,
    5,7),(0.,0.36334436291,1.),.UNSPECIFIED.);
#4038 = CARTESIAN_POINT('',(3.769911078255,1.828124978905));
#4039 = CARTESIAN_POINT('',(3.807813121651,1.835663395583));
#4040 = CARTESIAN_POINT('',(3.845715245818,1.843201808681));
#4041 = CARTESIAN_POINT('',(3.883617409878,1.850740352233));
#4042 = CARTESIAN_POINT('',(3.921519570736,1.858279135773));
#4043 = CARTESIAN_POINT('',(3.959421683082,1.865818244329));
#4044 = CARTESIAN_POINT('',(4.063735992525,1.886568515607));
#4045 = CARTESIAN_POINT('',(4.130152120238,1.899781285219));
#4046 = CARTESIAN_POINT('',(4.196563721576,1.912994702271));
#4047 = CARTESIAN_POINT('',(4.262975265049,1.926209572974));
#4048 = CARTESIAN_POINT('',(4.329391267106,1.939426175218));
#4049 = CARTESIAN_POINT('',(4.395803455311,1.952642175163));
#4050 = ( GEOMETRIC_REPRESENTATION_CONTEXT(2) 
PARAMETRIC_REPRESENTATION_CONTEXT() REPRESENTATION_CONTEXT('2D SPACE',''
  ) );
#4051 = PCURVE('',#4052,#4075);
#4052 = ( BOUNDED_SURFACE() B_SPLINE_SURFACE(1,6,(
    (#4053,#4054,#4055,#4056,#4057,#4058,#4059,#4060,#4061,#4062,#4063)
    ,(#4064,#4065,#4066,#4067,#4068,#4069,#4070,#4071,#4072,#4073,#4074
)),.UNSPECIFIED.,.F.,.F.,.F.) B_SPLINE_SURFACE_WITH_KNOTS((2,2),(7,4,7),
(5.,6.),(0.,0.5,1.),.UNSPECIFIED.) GEOMETRIC_REPRESENTATION_ITEM() 
RATIONAL_B_SPLINE_SURFACE((
    (1.,1.,1.,1.,1.,1.,1.,1.,1.,1.,1.)
,(1.,1.,1.,1.,1.,1.,1.,1.,1.,1.,1.
  ))) REPRESENTATION_ITEM('') SURFACE() );
#4053 = CARTESIAN_POINT('',(4.15,0.,-7.021875));
#4054 = CARTESIAN_POINT('',(4.135345393172,2.172436459448,
    -6.917708333333));
#4055 = CARTESIAN_POINT('',(2.827775863512,4.344872918896,
    -6.813541666677));
#4056 = CARTESIAN_POINT('',(-2.463805772928E-02,5.459008095229,
    -6.709374999996));
#4057 = CARTESIAN_POINT('',(-2.790162372654,4.344872918896,
    -6.605208333329));
#4058 = CARTESIAN_POINT('',(-5.509837627346,2.860593549839E-13,-6.396875
    ));
#4059 = CARTESIAN_POINT('',(-2.790162372654,-4.344872918897,
    -6.188541666671));
#4060 = CARTESIAN_POINT('',(-2.463805772944E-02,-5.459008095228,
    -6.084375000004));
#4061 = CARTESIAN_POINT('',(2.827775863512,-4.344872918897,
    -5.980208333323));
#4062 = CARTESIAN_POINT('',(4.135345393172,-2.172436459448,
    -5.876041666667));
#4063 = CARTESIAN_POINT('',(4.15,-1.7763568394E-15,-5.771875));
#4064 = CARTESIAN_POINT('',(4.35,-5.689744085582E-14,-7.021875));
#4065 = CARTESIAN_POINT('',(4.33463914711,2.277132192449,-6.917708333333
    ));
#4066 = CARTESIAN_POINT('',(2.964054218259,4.554264384897,
    -6.813541666677));
#4067 = CARTESIAN_POINT('',(-2.582543392074E-02,5.722092822658,
    -6.709374999996));
#4068 = CARTESIAN_POINT('',(-2.924628029175,4.554264384897,
    -6.605208333329));
#4069 = CARTESIAN_POINT('',(-5.775371970825,1.507806837696E-13,-6.396875
    ));
#4070 = CARTESIAN_POINT('',(-2.924628029176,-4.554264384897,
    -6.188541666671));
#4071 = CARTESIAN_POINT('',(-2.582543392098E-02,-5.722092822658,
    -6.084375000004));
#4072 = CARTESIAN_POINT('',(2.964054218259,-4.554264384897,
    -5.980208333323));
#4073 = CARTESIAN_POINT('',(4.33463914711,-2.277132192448,
    -5.876041666667));
#4074 = CARTESIAN_POINT('',(4.35,-2.149887189857E-14,-5.771875));
#4075 = DEFINITIONAL_REPRESENTATION('',(#4076),#4089);
#4076 = B_SPLINE_CURVE_WITH_KNOTS('',6,(#4077,#4078,#4079,#4080,#4081,
    #4082,#4083,#4084,#4085,#4086,#4087,#4088),.UNSPECIFIED.,.F.,.F.,(7,
    5,7),(0.,0.36334436291,1.),.UNSPECIFIED.);
#4077 = CARTESIAN_POINT('',(5.,0.599999983125));
#4078 = CARTESIAN_POINT('',(5.000105206278,0.606030716468));
#4079 = CARTESIAN_POINT('',(5.000195685015,0.612061446946));
#4080 = CARTESIAN_POINT('',(5.00026412102,0.618092281788));
#4081 = CARTESIAN_POINT('',(5.000307179135,0.62412330862));
#4082 = CARTESIAN_POINT('',(5.000325504232,0.630154595465));
#4083 = CARTESIAN_POINT('',(5.000320596999,0.646754812487));
#4084 = CARTESIAN_POINT('',(5.000255309863,0.657325028177));
#4085 = CARTESIAN_POINT('',(5.000148815585,0.667895761819));
#4086 = CARTESIAN_POINT('',(5.000051746965,0.678467658381));
#4087 = CARTESIAN_POINT('',(5.000000765319,0.689040940176));
#4088 = CARTESIAN_POINT('',(5.,0.699613740132));
#4089 = ( GEOMETRIC_REPRESENTATION_CONTEXT(2) 
PARAMETRIC_REPRESENTATION_CONTEXT() REPRESENTATION_CONTEXT('2D SPACE',''
  ) );
#4090 = ORIENTED_EDGE('',*,*,#4091,.T.);
#4091 = EDGE_CURVE('',#4019,#4092,#4094,.T.);
#4092 = VERTEX_POINT('',#4093);
#4093 = CARTESIAN_POINT('',(-4.15,2.957999062442E-17,-6.396875));
#4094 = SURFACE_CURVE('',#4095,(#4110,#4128),.PCURVE_S1.);
#4095 = B_SPLINE_CURVE_WITH_KNOTS('',5,(#4096,#4097,#4098,#4099,#4100,
    #4101,#4102,#4103,#4104,#4105,#4106,#4107,#4108,#4109),
  .UNSPECIFIED.,.F.,.F.,(6,4,4,6),(0.,0.512004516826,0.815440739218,1.),
  .UNSPECIFIED.);
#4096 = CARTESIAN_POINT('',(-3.357420785352,-2.43930844095,
    -6.271875021095));
#4097 = CARTESIAN_POINT('',(-3.514367481055,-2.223289798329,
    -6.284651245801));
#4098 = CARTESIAN_POINT('',(-3.653945109986,-1.994641476822,
    -6.297422948033));
#4099 = CARTESIAN_POINT('',(-3.774787400116,-1.755246098133,
    -6.31019395015));
#4100 = CARTESIAN_POINT('',(-3.875856259792,-1.507160675232,
    -6.322978992923));
#4101 = CARTESIAN_POINT('',(-4.004211455774,-1.101740135707,
    -6.343366780859));
#4102 = CARTESIAN_POINT('',(-4.044783558278,-0.948601008289,-6.350959168
    ));
#4103 = CARTESIAN_POINT('',(-4.078019922288,-0.793644044413,
    -6.358557796407));
#4104 = CARTESIAN_POINT('',(-4.103820264532,-0.637337811041,
    -6.366161770652));
#4105 = CARTESIAN_POINT('',(-4.133264824698,-0.384558704117,
    -6.378390630569));
#4106 = CARTESIAN_POINT('',(-4.141629251477,-0.288634997126,
    -6.383015550235));
#4107 = CARTESIAN_POINT('',(-4.147209732177,-0.192495679696,
    -6.387639290746));
#4108 = CARTESIAN_POINT('',(-4.150000000075,-9.624818150071E-02,
    -6.392259973312));
#4109 = CARTESIAN_POINT('',(-4.15,3.248139535117E-09,-6.396875000156));
#4110 = PCURVE('',#3736,#4111);
#4111 = DEFINITIONAL_REPRESENTATION('',(#4112),#4127);
#4112 = B_SPLINE_CURVE_WITH_KNOTS('',5,(#4113,#4114,#4115,#4116,#4117,
    #4118,#4119,#4120,#4121,#4122,#4123,#4124,#4125,#4126),
  .UNSPECIFIED.,.F.,.F.,(6,4,4,6),(0.,0.512004516826,0.815440739218,1.),
  .UNSPECIFIED.);
#4113 = CARTESIAN_POINT('',(3.769911078255,1.828124978905));
#4114 = CARTESIAN_POINT('',(3.70557042618,1.815348754199));
#4115 = CARTESIAN_POINT('',(3.641227751131,1.802577051967));
#4116 = CARTESIAN_POINT('',(3.576888713389,1.78980604985));
#4117 = CARTESIAN_POINT('',(3.512546336652,1.777021007077));
#4118 = CARTESIAN_POINT('',(3.410075519999,1.756633219141));
#4119 = CARTESIAN_POINT('',(3.371944712452,1.749040832));
#4120 = CARTESIAN_POINT('',(3.333814332757,1.741442203593));
#4121 = CARTESIAN_POINT('',(3.295683821268,1.733838229348));
#4122 = CARTESIAN_POINT('',(3.234361356297,1.721609369431));
#4123 = CARTESIAN_POINT('',(3.211169252956,1.716984449765));
#4124 = CARTESIAN_POINT('',(3.187977146094,1.712360709254));
#4125 = CARTESIAN_POINT('',(3.164784986482,1.707740026688));
#4126 = CARTESIAN_POINT('',(3.141592652807,1.703124999844));
#4127 = ( GEOMETRIC_REPRESENTATION_CONTEXT(2) 
PARAMETRIC_REPRESENTATION_CONTEXT() REPRESENTATION_CONTEXT('2D SPACE',''
  ) );
#4128 = PCURVE('',#3864,#4129);
#4129 = DEFINITIONAL_REPRESENTATION('',(#4130),#4145);
#4130 = B_SPLINE_CURVE_WITH_KNOTS('',5,(#4131,#4132,#4133,#4134,#4135,
    #4136,#4137,#4138,#4139,#4140,#4141,#4142,#4143,#4144),
  .UNSPECIFIED.,.F.,.F.,(6,4,4,6),(0.,0.512004516826,0.815440739218,1.),
  .UNSPECIFIED.);
#4131 = CARTESIAN_POINT('',(5.,0.599999983125));
#4132 = CARTESIAN_POINT('',(4.999947207306,0.589762505644));
#4133 = CARTESIAN_POINT('',(4.9998816992,0.579524672575));
#4134 = CARTESIAN_POINT('',(4.999814236945,0.569286788927));
#4135 = CARTESIAN_POINT('',(4.999777296612,0.559047210854));
#4136 = CARTESIAN_POINT('',(4.99978099878,0.542738137433));
#4137 = CARTESIAN_POINT('',(4.999796076415,0.536668939481));
#4138 = CARTESIAN_POINT('',(4.999826232283,0.530599460464));
#4139 = CARTESIAN_POINT('',(4.999869195626,0.524529707112));
#4140 = CARTESIAN_POINT('',(4.999937420387,0.514767939416));
#4141 = CARTESIAN_POINT('',(4.999962983861,0.511075992269));
#4142 = CARTESIAN_POINT('',(4.999985435455,0.507384015983));
#4143 = CARTESIAN_POINT('',(5.,0.503692021351));
#4144 = CARTESIAN_POINT('',(5.,0.499999999875));
#4145 = ( GEOMETRIC_REPRESENTATION_CONTEXT(2) 
PARAMETRIC_REPRESENTATION_CONTEXT() REPRESENTATION_CONTEXT('2D SPACE',''
  ) );
#4146 = ORIENTED_EDGE('',*,*,#4147,.F.);
#4147 = EDGE_CURVE('',#4148,#4092,#4150,.T.);
#4148 = VERTEX_POINT('',#4149);
#4149 = CARTESIAN_POINT('',(-3.357420785391,2.439308440896,
    -6.521874978901));
#4150 = SURFACE_CURVE('',#4151,(#4166,#4184),.PCURVE_S1.);
#4151 = B_SPLINE_CURVE_WITH_KNOTS('',5,(#4152,#4153,#4154,#4155,#4156,
    #4157,#4158,#4159,#4160,#4161,#4162,#4163,#4164,#4165),
  .UNSPECIFIED.,.F.,.F.,(6,4,4,6),(0.,0.160041159818,0.500083649209,1.),
  .UNSPECIFIED.);
#4152 = CARTESIAN_POINT('',(-3.357420785389,2.439308440898,
    -6.521874978902));
#4153 = CARTESIAN_POINT('',(-3.406478096747,2.371786829417,
    -6.517868583197));
#4154 = CARTESIAN_POINT('',(-3.453837973951,2.303031984262,
    -6.513861688028));
#4155 = CARTESIAN_POINT('',(-3.499459047306,2.233100857367,
    -6.509854424069));
#4156 = CARTESIAN_POINT('',(-3.543302908814,2.162052327698,
    -6.505846965922));
#4157 = CARTESIAN_POINT('',(-3.674638607612,1.936744070742,
    -6.49332486145));
#4158 = CARTESIAN_POINT('',(-3.755760556374,1.778769909849,
    -6.484810148542));
#4159 = CARTESIAN_POINT('',(-3.828358822668,1.616610240169,
    -6.476297938878));
#4160 = CARTESIAN_POINT('',(-3.892158003645,1.450880068467,
    -6.467790308142));
#4161 = CARTESIAN_POINT('',(-4.027499038712,1.034272570084,
    -6.446790389342));
#4162 = CARTESIAN_POINT('',(-4.08858102236,0.779987704282,-6.43430464622
    ));
#4163 = CARTESIAN_POINT('',(-4.129526721524,0.521427692647,
    -6.421835274132));
#4164 = CARTESIAN_POINT('',(-4.149999831571,0.260709913971,
    -6.409375840629));
#4165 = CARTESIAN_POINT('',(-4.149999999999,2.681076467009E-06,
    -6.396875128556));
#4166 = PCURVE('',#3736,#4167);
#4167 = DEFINITIONAL_REPRESENTATION('',(#4168),#4183);
#4168 = B_SPLINE_CURVE_WITH_KNOTS('',5,(#4169,#4170,#4171,#4172,#4173,
    #4174,#4175,#4176,#4177,#4178,#4179,#4180,#4181,#4182),
  .UNSPECIFIED.,.F.,.F.,(6,4,4,6),(0.,0.160041159818,0.500083649209,1.),
  .UNSPECIFIED.);
#4169 = CARTESIAN_POINT('',(2.51327422894,1.578125021098));
#4170 = CARTESIAN_POINT('',(2.533385384436,1.582131416803));
#4171 = CARTESIAN_POINT('',(2.553496530951,1.586138311972));
#4172 = CARTESIAN_POINT('',(2.573607669856,1.590145575931));
#4173 = CARTESIAN_POINT('',(2.593718803493,1.594153034078));
#4174 = CARTESIAN_POINT('',(2.656560438305,1.60667513855));
#4175 = CARTESIAN_POINT('',(2.699291026302,1.615189851458));
#4176 = CARTESIAN_POINT('',(2.742021694833,1.623702061122));
#4177 = CARTESIAN_POINT('',(2.784752430212,1.632209691858));
#4178 = CARTESIAN_POINT('',(2.890304226956,1.653209610658));
#4179 = CARTESIAN_POINT('',(2.953127293791,1.66569535378));
#4180 = CARTESIAN_POINT('',(3.015947415024,1.678164725868));
#4181 = CARTESIAN_POINT('',(3.078770987573,1.690624159371));
#4182 = CARTESIAN_POINT('',(3.141592007547,1.703124871444));
#4183 = ( GEOMETRIC_REPRESENTATION_CONTEXT(2) 
PARAMETRIC_REPRESENTATION_CONTEXT() REPRESENTATION_CONTEXT('2D SPACE',''
  ) );
#4184 = PCURVE('',#3864,#4185);
#4185 = DEFINITIONAL_REPRESENTATION('',(#4186),#4201);
#4186 = B_SPLINE_CURVE_WITH_KNOTS('',5,(#4187,#4188,#4189,#4190,#4191,
    #4192,#4193,#4194,#4195,#4196,#4197,#4198,#4199,#4200),
  .UNSPECIFIED.,.F.,.F.,(6,4,4,6),(0.,0.160041159818,0.500083649209,1.),
  .UNSPECIFIED.);
#4187 = CARTESIAN_POINT('',(5.,0.400000016877));
#4188 = CARTESIAN_POINT('',(4.999983498425,0.403199976698));
#4189 = CARTESIAN_POINT('',(4.999965724625,0.406399938522));
#4190 = CARTESIAN_POINT('',(4.999947072028,0.409599920753));
#4191 = CARTESIAN_POINT('',(4.999928043168,0.412799940751));
#4192 = CARTESIAN_POINT('',(4.999869318812,0.422799272967));
#4193 = CARTESIAN_POINT('',(4.999830096383,0.429598786285));
#4194 = CARTESIAN_POINT('',(4.999798612845,0.43639871541));
#4195 = CARTESIAN_POINT('',(4.999780414009,0.443199132863));
#4196 = CARTESIAN_POINT('',(4.999778307049,0.459998409479));
#4197 = CARTESIAN_POINT('',(4.999813852532,0.469998111939));
#4198 = CARTESIAN_POINT('',(4.999892985201,0.47999833857));
#4199 = CARTESIAN_POINT('',(4.999999999119,0.489999327221));
#4200 = CARTESIAN_POINT('',(5.,0.499999897156));
#4201 = ( GEOMETRIC_REPRESENTATION_CONTEXT(2) 
PARAMETRIC_REPRESENTATION_CONTEXT() REPRESENTATION_CONTEXT('2D SPACE',''
  ) );
#4202 = ORIENTED_EDGE('',*,*,#4203,.T.);
#4203 = EDGE_CURVE('',#4148,#4204,#4206,.T.);
#4204 = VERTEX_POINT('',#4205);
#4205 = CARTESIAN_POINT('',(-1.291992041448,3.943761727696,
    -6.646392218969));
#4206 = SURFACE_CURVE('',#4207,(#4220,#4236),.PCURVE_S1.);
#4207 = B_SPLINE_CURVE_WITH_KNOTS('',6,(#4208,#4209,#4210,#4211,#4212,
    #4213,#4214,#4215,#4216,#4217,#4218,#4219),.UNSPECIFIED.,.F.,.F.,(7,
    5,7),(0.,0.363344366569,1.),.UNSPECIFIED.);
#4208 = CARTESIAN_POINT('',(-3.357420785392,2.439308440894,
    -6.521874978901));
#4209 = CARTESIAN_POINT('',(-3.264966011091,2.566561549088,
    -6.529413395573));
#4210 = CARTESIAN_POINT('',(-3.166722795641,2.689610390803,
    -6.536951808664));
#4211 = CARTESIAN_POINT('',(-3.062931636697,2.80812413811,-6.54449035221
    ));
#4212 = CARTESIAN_POINT('',(-2.953855789624,2.921792815891,
    -6.552029135743));
#4213 = CARTESIAN_POINT('',(-2.8397812675,3.030327301831,-6.559568244292
    ));
#4214 = CARTESIAN_POINT('',(-2.512916625274,3.314168291489,
    -6.580318515343));
#4215 = CARTESIAN_POINT('',(-2.290402712526,3.478303284011,
    -6.593531284735));
#4216 = CARTESIAN_POINT('',(-2.055151165832,3.624402686758,
    -6.606744701566));
#4217 = CARTESIAN_POINT('',(-1.808997638066,3.75127516621,
    -6.619959572048));
#4218 = CARTESIAN_POINT('',(-1.553906758936,3.857957357772,
    -6.633176174072));
#4219 = CARTESIAN_POINT('',(-1.29199293669,3.94376143441,-6.646392173796
    ));
#4220 = PCURVE('',#3736,#4221);
#4221 = DEFINITIONAL_REPRESENTATION('',(#4222),#4235);
#4222 = B_SPLINE_CURVE_WITH_KNOTS('',6,(#4223,#4224,#4225,#4226,#4227,
    #4228,#4229,#4230,#4231,#4232,#4233,#4234),.UNSPECIFIED.,.F.,.F.,(7,
    5,7),(0.,0.363344366569,1.),.UNSPECIFIED.);
#4223 = CARTESIAN_POINT('',(2.513274228941,1.578125021099));
#4224 = CARTESIAN_POINT('',(2.475372185579,1.570586604427));
#4225 = CARTESIAN_POINT('',(2.437470061445,1.563048191336));
#4226 = CARTESIAN_POINT('',(2.399567897419,1.55550964779));
#4227 = CARTESIAN_POINT('',(2.361665736594,1.547970864257));
#4228 = CARTESIAN_POINT('',(2.323763624282,1.540431755708));
#4229 = CARTESIAN_POINT('',(2.21944931598,1.519681484657));
#4230 = CARTESIAN_POINT('',(2.153033189377,1.506468715265));
#4231 = CARTESIAN_POINT('',(2.086621589149,1.493255298434));
#4232 = CARTESIAN_POINT('',(2.020210046785,1.480040427952));
#4233 = CARTESIAN_POINT('',(1.953794045836,1.466823825928));
#4234 = CARTESIAN_POINT('',(1.88738185874,1.453607826204));
#4235 = ( GEOMETRIC_REPRESENTATION_CONTEXT(2) 
PARAMETRIC_REPRESENTATION_CONTEXT() REPRESENTATION_CONTEXT('2D SPACE',''
  ) );
#4236 = PCURVE('',#4237,#4260);
#4237 = ( BOUNDED_SURFACE() B_SPLINE_SURFACE(1,6,(
    (#4238,#4239,#4240,#4241,#4242,#4243,#4244,#4245,#4246,#4247,#4248)
    ,(#4249,#4250,#4251,#4252,#4253,#4254,#4255,#4256,#4257,#4258,#4259
)),.UNSPECIFIED.,.F.,.F.,.F.) B_SPLINE_SURFACE_WITH_KNOTS((2,2),(7,4,7),
(5.,6.),(0.,0.5,1.),.UNSPECIFIED.) GEOMETRIC_REPRESENTATION_ITEM() 
RATIONAL_B_SPLINE_SURFACE((
    (1.,1.,1.,1.,1.,1.,1.,1.,1.,1.,1.)
,(1.,1.,1.,1.,1.,1.,1.,1.,1.,1.,1.
  ))) REPRESENTATION_ITEM('') SURFACE() );
#4238 = CARTESIAN_POINT('',(4.15,0.,-7.021875));
#4239 = CARTESIAN_POINT('',(4.135345393172,2.172436459448,
    -6.917708333333));
#4240 = CARTESIAN_POINT('',(2.827775863512,4.344872918896,
    -6.813541666677));
#4241 = CARTESIAN_POINT('',(-2.463805772928E-02,5.459008095229,
    -6.709374999996));
#4242 = CARTESIAN_POINT('',(-2.790162372654,4.344872918896,
    -6.605208333329));
#4243 = CARTESIAN_POINT('',(-5.509837627346,2.860593549839E-13,-6.396875
    ));
#4244 = CARTESIAN_POINT('',(-2.790162372654,-4.344872918897,
    -6.188541666671));
#4245 = CARTESIAN_POINT('',(-2.463805772944E-02,-5.459008095228,
    -6.084375000004));
#4246 = CARTESIAN_POINT('',(2.827775863512,-4.344872918897,
    -5.980208333323));
#4247 = CARTESIAN_POINT('',(4.135345393172,-2.172436459448,
    -5.876041666667));
#4248 = CARTESIAN_POINT('',(4.15,-1.7763568394E-15,-5.771875));
#4249 = CARTESIAN_POINT('',(4.35,-5.689744085582E-14,-7.021875));
#4250 = CARTESIAN_POINT('',(4.33463914711,2.277132192449,-6.917708333333
    ));
#4251 = CARTESIAN_POINT('',(2.964054218259,4.554264384897,
    -6.813541666677));
#4252 = CARTESIAN_POINT('',(-2.582543392074E-02,5.722092822658,
    -6.709374999996));
#4253 = CARTESIAN_POINT('',(-2.924628029175,4.554264384897,
    -6.605208333329));
#4254 = CARTESIAN_POINT('',(-5.775371970825,1.507806837696E-13,-6.396875
    ));
#4255 = CARTESIAN_POINT('',(-2.924628029176,-4.554264384897,
    -6.188541666671));
#4256 = CARTESIAN_POINT('',(-2.582543392098E-02,-5.722092822658,
    -6.084375000004));
#4257 = CARTESIAN_POINT('',(2.964054218259,-4.554264384897,
    -5.980208333323));
#4258 = CARTESIAN_POINT('',(4.33463914711,-2.277132192448,
    -5.876041666667));
#4259 = CARTESIAN_POINT('',(4.35,-2.149887189857E-14,-5.771875));
#4260 = DEFINITIONAL_REPRESENTATION('',(#4261),#4274);
#4261 = B_SPLINE_CURVE_WITH_KNOTS('',6,(#4262,#4263,#4264,#4265,#4266,
    #4267,#4268,#4269,#4270,#4271,#4272,#4273),.UNSPECIFIED.,.F.,.F.,(7,
    5,7),(0.,0.363344366569,1.),.UNSPECIFIED.);
#4262 = CARTESIAN_POINT('',(5.,0.400000016877));
#4263 = CARTESIAN_POINT('',(5.000105206278,0.39396928354));
#4264 = CARTESIAN_POINT('',(5.000195685015,0.387938553067));
#4265 = CARTESIAN_POINT('',(5.00026412102,0.38190771823));
#4266 = CARTESIAN_POINT('',(5.000307179135,0.375876691404));
#4267 = CARTESIAN_POINT('',(5.000325504232,0.369845404564));
#4268 = CARTESIAN_POINT('',(5.000320596999,0.353245187724));
#4269 = CARTESIAN_POINT('',(5.000255309866,0.342674972211));
#4270 = CARTESIAN_POINT('',(5.00014881559,0.332104238746));
#4271 = CARTESIAN_POINT('',(5.000051746972,0.32153234236));
#4272 = CARTESIAN_POINT('',(5.000000765323,0.310959060741));
#4273 = CARTESIAN_POINT('',(5.,0.300386260962));
#4274 = ( GEOMETRIC_REPRESENTATION_CONTEXT(2) 
PARAMETRIC_REPRESENTATION_CONTEXT() REPRESENTATION_CONTEXT('2D SPACE',''
  ) );
#4275 = ORIENTED_EDGE('',*,*,#4276,.F.);
#4276 = EDGE_CURVE('',#4277,#4204,#4279,.T.);
#4277 = VERTEX_POINT('',#4278);
#4278 = CARTESIAN_POINT('',(-1.282434415018,3.946880029996,
    -6.646874299754));
#4279 = SURFACE_CURVE('',#4280,(#4292,#4302),.PCURVE_S1.);
#4280 = ( BOUNDED_CURVE() B_SPLINE_CURVE(6,(#4281,#4282,#4283,#4284,
    #4285,#4286,#4287,#4288,#4289,#4290,#4291),.UNSPECIFIED.,.F.,.F.) 
B_SPLINE_CURVE_WITH_KNOTS((7,4,7),(0.,0.5,1.),.UNSPECIFIED.) CURVE() 
GEOMETRIC_REPRESENTATION_ITEM() RATIONAL_B_SPLINE_CURVE((1.,1.,1.,1.,1.,
1.,1.,1.,1.,1.,1.)) REPRESENTATION_ITEM('') );
#4281 = CARTESIAN_POINT('',(4.15,0.,-7.021875));
#4282 = CARTESIAN_POINT('',(4.135345393172,2.172436459448,
    -6.917708333333));
#4283 = CARTESIAN_POINT('',(2.827775863512,4.344872918896,
    -6.813541666677));
#4284 = CARTESIAN_POINT('',(-2.463805772928E-02,5.459008095229,
    -6.709374999996));
#4285 = CARTESIAN_POINT('',(-2.790162372654,4.344872918896,
    -6.605208333329));
#4286 = CARTESIAN_POINT('',(-5.509837627346,2.860593549839E-13,-6.396875
    ));
#4287 = CARTESIAN_POINT('',(-2.790162372654,-4.344872918897,
    -6.188541666671));
#4288 = CARTESIAN_POINT('',(-2.463805772944E-02,-5.459008095228,
    -6.084375000004));
#4289 = CARTESIAN_POINT('',(2.827775863512,-4.344872918897,
    -5.980208333323));
#4290 = CARTESIAN_POINT('',(4.135345393172,-2.172436459448,
    -5.876041666667));
#4291 = CARTESIAN_POINT('',(4.15,-1.7763568394E-15,-5.771875));
#4292 = PCURVE('',#3736,#4293);
#4293 = DEFINITIONAL_REPRESENTATION('',(#4294),#4301);
#4294 = B_SPLINE_CURVE_WITH_KNOTS('',5,(#4295,#4296,#4297,#4298,#4299,
    #4300),.UNSPECIFIED.,.F.,.F.,(6,6),(0.300000560195,0.300386224824),
  .PIECEWISE_BEZIER_KNOTS.);
#4295 = CARTESIAN_POINT('',(1.884959110972,1.453125700246));
#4296 = CARTESIAN_POINT('',(1.885443615045,1.453222116403));
#4297 = CARTESIAN_POINT('',(1.885928119156,1.45331853256));
#4298 = CARTESIAN_POINT('',(1.886412623307,1.453414948717));
#4299 = CARTESIAN_POINT('',(1.886897127501,1.453511364874));
#4300 = CARTESIAN_POINT('',(1.887381631738,1.453607781031));
#4301 = ( GEOMETRIC_REPRESENTATION_CONTEXT(2) 
PARAMETRIC_REPRESENTATION_CONTEXT() REPRESENTATION_CONTEXT('2D SPACE',''
  ) );
#4302 = PCURVE('',#3864,#4303);
#4303 = DEFINITIONAL_REPRESENTATION('',(#4304),#4308);
#4304 = LINE('',#4305,#4306);
#4305 = CARTESIAN_POINT('',(5.,0.));
#4306 = VECTOR('',#4307,1.);
#4307 = DIRECTION('',(0.,1.));
#4308 = ( GEOMETRIC_REPRESENTATION_CONTEXT(2) 
PARAMETRIC_REPRESENTATION_CONTEXT() REPRESENTATION_CONTEXT('2D SPACE',''
  ) );
#4309 = ORIENTED_EDGE('',*,*,#4310,.F.);
#4310 = EDGE_CURVE('',#4311,#4277,#4313,.T.);
#4311 = VERTEX_POINT('',#4312);
#4312 = CARTESIAN_POINT('',(1.282420563741,3.946884530575,-6.77187500187
    ));
#4313 = SURFACE_CURVE('',#4314,(#4329,#4347),.PCURVE_S1.);
#4314 = B_SPLINE_CURVE_WITH_KNOTS('',5,(#4315,#4316,#4317,#4318,#4319,
    #4320,#4321,#4322,#4323,#4324,#4325,#4326,#4327,#4328),
  .UNSPECIFIED.,.F.,.F.,(6,4,4,6),(0.,0.334933824183,0.694703133544,1.),
  .UNSPECIFIED.);
#4315 = CARTESIAN_POINT('',(1.282420563747,3.946884530573,
    -6.771875001871));
#4316 = CARTESIAN_POINT('',(1.116299093428,4.000860669973,
    -6.763504621715));
#4317 = CARTESIAN_POINT('',(0.947336902542,4.046097151246,
    -6.755134020577));
#4318 = CARTESIAN_POINT('',(0.776149809524,4.082394008476,
    -6.746763079688));
#4319 = CARTESIAN_POINT('',(0.603368367783,4.109617539128,-6.73839144153
    ));
#4320 = CARTESIAN_POINT('',(0.243022664437,4.147124552741,
    -6.721026137579));
#4321 = CARTESIAN_POINT('',(5.530952495014E-02,4.156002505714,
    -6.712032246202));
#4322 = CARTESIAN_POINT('',(-0.132703889634,4.154251493002,
    -6.703037648103));
#4323 = CARTESIAN_POINT('',(-0.320218817781,4.141879028531,
    -6.694042186372));
#4324 = CARTESIAN_POINT('',(-0.664462656147,4.099553455757,
    -6.677412375061));
#4325 = CARTESIAN_POINT('',(-0.821555844953,4.072545653854,
    -6.669778093968));
#4326 = CARTESIAN_POINT('',(-0.977231299882,4.03801946101,
    -6.662143552285));
#4327 = CARTESIAN_POINT('',(-1.131012762221,3.996080496503,
    -6.654508902467));
#4328 = CARTESIAN_POINT('',(-1.282434415018,3.946880029996,
    -6.646874299754));
#4329 = PCURVE('',#3736,#4330);
#4330 = DEFINITIONAL_REPRESENTATION('',(#4331),#4346);
#4331 = B_SPLINE_CURVE_WITH_KNOTS('',5,(#4332,#4333,#4334,#4335,#4336,
    #4337,#4338,#4339,#4340,#4341,#4342,#4343,#4344,#4345),
  .UNSPECIFIED.,.F.,.F.,(6,4,4,6),(0.,0.334933824183,0.694703133544,1.),
  .UNSPECIFIED.);
#4332 = CARTESIAN_POINT('',(1.256637052038,1.328124998129));
#4333 = CARTESIAN_POINT('',(1.29872631739,1.336495378285));
#4334 = CARTESIAN_POINT('',(1.340815820257,1.344865979423));
#4335 = CARTESIAN_POINT('',(1.382904877148,1.353236920312));
#4336 = CARTESIAN_POINT('',(1.424994370564,1.36160855847));
#4337 = CARTESIAN_POINT('',(1.512293750341,1.378973862421));
#4338 = CARTESIAN_POINT('',(1.557504257022,1.387967753798));
#4339 = CARTESIAN_POINT('',(1.602714091343,1.396962351897));
#4340 = CARTESIAN_POINT('',(1.647924525047,1.405957813628));
#4341 = CARTESIAN_POINT('',(1.731499486853,1.422587624939));
#4342 = CARTESIAN_POINT('',(1.769864421651,1.430221906032));
#4343 = CARTESIAN_POINT('',(1.80822933543,1.437856447715));
#4344 = CARTESIAN_POINT('',(1.846594212205,1.445491097533));
#4345 = CARTESIAN_POINT('',(1.884959110972,1.453125700246));
#4346 = ( GEOMETRIC_REPRESENTATION_CONTEXT(2) 
PARAMETRIC_REPRESENTATION_CONTEXT() REPRESENTATION_CONTEXT('2D SPACE',''
  ) );
#4347 = PCURVE('',#4348,#4371);
#4348 = ( BOUNDED_SURFACE() B_SPLINE_SURFACE(1,6,(
    (#4349,#4350,#4351,#4352,#4353,#4354,#4355,#4356,#4357,#4358,#4359)
    ,(#4360,#4361,#4362,#4363,#4364,#4365,#4366,#4367,#4368,#4369,#4370
)),.UNSPECIFIED.,.F.,.F.,.F.) B_SPLINE_SURFACE_WITH_KNOTS((2,2),(7,4,7),
(5.,6.),(0.,0.5,1.),.UNSPECIFIED.) GEOMETRIC_REPRESENTATION_ITEM() 
RATIONAL_B_SPLINE_SURFACE((
    (1.,1.,1.,1.,1.,1.,1.,1.,1.,1.,1.)
,(1.,1.,1.,1.,1.,1.,1.,1.,1.,1.,1.
  ))) REPRESENTATION_ITEM('') SURFACE() );
#4349 = CARTESIAN_POINT('',(4.15,0.,-7.021875));
#4350 = CARTESIAN_POINT('',(4.135345393172,2.172436459448,
    -6.917708333333));
#4351 = CARTESIAN_POINT('',(2.827775863512,4.344872918896,
    -6.813541666677));
#4352 = CARTESIAN_POINT('',(-2.463805772928E-02,5.459008095229,
    -6.709374999996));
#4353 = CARTESIAN_POINT('',(-2.790162372654,4.344872918896,
    -6.605208333329));
#4354 = CARTESIAN_POINT('',(-5.509837627346,2.860593549839E-13,-6.396875
    ));
#4355 = CARTESIAN_POINT('',(-2.790162372654,-4.344872918897,
    -6.188541666671));
#4356 = CARTESIAN_POINT('',(-2.463805772944E-02,-5.459008095228,
    -6.084375000004));
#4357 = CARTESIAN_POINT('',(2.827775863512,-4.344872918897,
    -5.980208333323));
#4358 = CARTESIAN_POINT('',(4.135345393172,-2.172436459448,
    -5.876041666667));
#4359 = CARTESIAN_POINT('',(4.15,-1.7763568394E-15,-5.771875));
#4360 = CARTESIAN_POINT('',(4.35,-5.689744085582E-14,-7.021875));
#4361 = CARTESIAN_POINT('',(4.33463914711,2.277132192449,-6.917708333333
    ));
#4362 = CARTESIAN_POINT('',(2.964054218259,4.554264384897,
    -6.813541666677));
#4363 = CARTESIAN_POINT('',(-2.582543392074E-02,5.722092822658,
    -6.709374999996));
#4364 = CARTESIAN_POINT('',(-2.924628029175,4.554264384897,
    -6.605208333329));
#4365 = CARTESIAN_POINT('',(-5.775371970825,1.507806837696E-13,-6.396875
    ));
#4366 = CARTESIAN_POINT('',(-2.924628029176,-4.554264384897,
    -6.188541666671));
#4367 = CARTESIAN_POINT('',(-2.582543392098E-02,-5.722092822658,
    -6.084375000004));
#4368 = CARTESIAN_POINT('',(2.964054218259,-4.554264384897,
    -5.980208333323));
#4369 = CARTESIAN_POINT('',(4.33463914711,-2.277132192448,
    -5.876041666667));
#4370 = CARTESIAN_POINT('',(4.35,-2.149887189857E-14,-5.771875));
#4371 = DEFINITIONAL_REPRESENTATION('',(#4372),#4387);
#4372 = B_SPLINE_CURVE_WITH_KNOTS('',5,(#4373,#4374,#4375,#4376,#4377,
    #4378,#4379,#4380,#4381,#4382,#4383,#4384,#4385,#4386),
  .UNSPECIFIED.,.F.,.F.,(6,4,4,6),(0.,0.334933824183,0.694703133544,1.),
  .UNSPECIFIED.);
#4373 = CARTESIAN_POINT('',(5.,0.199999998505));
#4374 = CARTESIAN_POINT('',(5.000182432676,0.206696302629));
#4375 = CARTESIAN_POINT('',(5.000316907024,0.213392783539));
#4376 = CARTESIAN_POINT('',(5.000396340379,0.220089536251));
#4377 = CARTESIAN_POINT('',(5.000428054811,0.226786846777));
#4378 = CARTESIAN_POINT('',(5.000420369352,0.240679089937));
#4379 = CARTESIAN_POINT('',(5.00037547945,0.247874203039));
#4380 = CARTESIAN_POINT('',(5.000304951955,0.255069881518));
#4381 = CARTESIAN_POINT('',(5.000229603539,0.262266250902));
#4382 = CARTESIAN_POINT('',(5.000105756344,0.275570099951));
#4383 = CARTESIAN_POINT('',(5.000054855424,0.281677524825));
#4384 = CARTESIAN_POINT('',(5.000018459275,0.287785158171));
#4385 = CARTESIAN_POINT('',(5.000000442432,0.293892878025));
#4386 = CARTESIAN_POINT('',(5.,0.300000560195));
#4387 = ( GEOMETRIC_REPRESENTATION_CONTEXT(2) 
PARAMETRIC_REPRESENTATION_CONTEXT() REPRESENTATION_CONTEXT('2D SPACE',''
  ) );
#4388 = ORIENTED_EDGE('',*,*,#4389,.F.);
#4389 = EDGE_CURVE('',#4390,#4311,#4392,.T.);
#4390 = VERTEX_POINT('',#4391);
#4391 = CARTESIAN_POINT('',(3.357420490533,2.439308846733,
    -6.896874997055));
#4392 = SURFACE_CURVE('',#4393,(#4401,#4412),.PCURVE_S1.);
#4393 = B_SPLINE_CURVE_WITH_KNOTS('',6,(#4394,#4395,#4396,#4397,#4398,
    #4399,#4400),.UNSPECIFIED.,.F.,.F.,(7,7),(0.,1.),
  .PIECEWISE_BEZIER_KNOTS.);
#4394 = CARTESIAN_POINT('',(3.357420490532,2.439308846734,
    -6.896874997055));
#4395 = CARTESIAN_POINT('',(3.102015144678,2.790844136212,
    -6.875793366606));
#4396 = CARTESIAN_POINT('',(2.802340664792,3.110426609225,
    -6.854861136923));
#4397 = CARTESIAN_POINT('',(2.463583810341,3.390789087761,
    -6.834109171748));
#4398 = CARTESIAN_POINT('',(2.092262183645,3.626337699318,
    -6.813391695931));
#4399 = CARTESIAN_POINT('',(1.695702657204,3.812601034015,-6.79264668315
    ));
#4400 = CARTESIAN_POINT('',(1.282420563743,3.946884530575,-6.77187500187
    ));
#4401 = PCURVE('',#3736,#4402);
#4402 = DEFINITIONAL_REPRESENTATION('',(#4403),#4411);
#4403 = B_SPLINE_CURVE_WITH_KNOTS('',6,(#4404,#4405,#4406,#4407,#4408,
    #4409,#4410),.UNSPECIFIED.,.F.,.F.,(7,7),(0.,1.),
  .PIECEWISE_BEZIER_KNOTS.);
#4404 = CARTESIAN_POINT('',(0.628318545527,1.203125002945));
#4405 = CARTESIAN_POINT('',(0.733022525999,1.224206633394));
#4406 = CARTESIAN_POINT('',(0.837766712007,1.245138863077));
#4407 = CARTESIAN_POINT('',(0.942471787663,1.265890828252));
#4408 = CARTESIAN_POINT('',(1.047177756387,1.286608304069));
#4409 = CARTESIAN_POINT('',(1.151926085641,1.30735331685));
#4410 = CARTESIAN_POINT('',(1.256637052039,1.32812499813));
#4411 = ( GEOMETRIC_REPRESENTATION_CONTEXT(2) 
PARAMETRIC_REPRESENTATION_CONTEXT() REPRESENTATION_CONTEXT('2D SPACE',''
  ) );
#4412 = PCURVE('',#3864,#4413);
#4413 = DEFINITIONAL_REPRESENTATION('',(#4414),#4422);
#4414 = B_SPLINE_CURVE_WITH_KNOTS('',6,(#4415,#4416,#4417,#4418,#4419,
    #4420,#4421),.UNSPECIFIED.,.F.,.F.,(7,7),(0.,1.),
  .PIECEWISE_BEZIER_KNOTS.);
#4415 = CARTESIAN_POINT('',(5.,0.100000002358));
#4416 = CARTESIAN_POINT('',(4.999384786908,0.116673052626));
#4417 = CARTESIAN_POINT('',(4.999168666929,0.133351298878));
#4418 = CARTESIAN_POINT('',(4.999373817181,0.150016980472));
#4419 = CARTESIAN_POINT('',(4.999646905327,0.166676301172));
#4420 = CARTESIAN_POINT('',(4.999865836993,0.183340727542));
#4421 = CARTESIAN_POINT('',(5.,0.199999998505));
#4422 = ( GEOMETRIC_REPRESENTATION_CONTEXT(2) 
PARAMETRIC_REPRESENTATION_CONTEXT() REPRESENTATION_CONTEXT('2D SPACE',''
  ) );
#4423 = ORIENTED_EDGE('',*,*,#4424,.F.);
#4424 = EDGE_CURVE('',#4425,#4390,#4427,.T.);
#4425 = VERTEX_POINT('',#4426);
#4426 = CARTESIAN_POINT('',(4.150000000975,2.092546353233E-15,-7.021875)
  );
#4427 = SURFACE_CURVE('',#4428,(#4441,#4457),.PCURVE_S1.);
#4428 = B_SPLINE_CURVE_WITH_KNOTS('',6,(#4429,#4430,#4431,#4432,#4433,
    #4434,#4435,#4436,#4437,#4438,#4439,#4440),.UNSPECIFIED.,.F.,.F.,(7,
    5,7),(0.,0.65683895617,1.),.UNSPECIFIED.);
#4429 = CARTESIAN_POINT('',(4.15,-8.465450562767E-16,-7.021875));
#4430 = CARTESIAN_POINT('',(4.15,0.285325876142,-7.008193842467));
#4431 = CARTESIAN_POINT('',(4.12645938535,0.570817401383,-6.994519979864
    ));
#4432 = CARTESIAN_POINT('',(4.079327827431,0.853879610494,
    -6.980844445716));
#4433 = CARTESIAN_POINT('',(4.008976267772,1.132051279661,-6.9671645418)
  );
#4434 = CARTESIAN_POINT('',(3.916069781533,1.402991582224,
    -6.953480007683));
#4435 = CARTESIAN_POINT('',(3.741760816468,1.801101847545,-6.93264047725
    ));
#4436 = CARTESIAN_POINT('',(3.676053056414,1.935138845941,
    -6.925488193346));
#4437 = CARTESIAN_POINT('',(3.604593046819,2.066278576327,
    -6.918335230194));
#4438 = CARTESIAN_POINT('',(3.527542002449,2.1942144354,-6.911181850882)
  );
#4439 = CARTESIAN_POINT('',(3.445082900194,2.318651894728,
    -6.904028330895));
#4440 = CARTESIAN_POINT('',(3.357420490532,2.439308846735,
    -6.896874997055));
#4441 = PCURVE('',#3736,#4442);
#4442 = DEFINITIONAL_REPRESENTATION('',(#4443),#4456);
#4443 = B_SPLINE_CURVE_WITH_KNOTS('',6,(#4444,#4445,#4446,#4447,#4448,
    #4449,#4450,#4451,#4452,#4453,#4454,#4455),.UNSPECIFIED.,.F.,.F.,(7,
    5,7),(0.,0.65683895617,1.),.UNSPECIFIED.);
#4444 = CARTESIAN_POINT('',(0.,1.078125));
#4445 = CARTESIAN_POINT('',(6.875322316685E-02,1.091806157533));
#4446 = CARTESIAN_POINT('',(0.137546313011,1.105480020136));
#4447 = CARTESIAN_POINT('',(0.206339313879,1.119155554284));
#4448 = CARTESIAN_POINT('',(0.275126304316,1.1328354582));
#4449 = CARTESIAN_POINT('',(0.343910801457,1.146519992317));
#4450 = CARTESIAN_POINT('',(0.448633204734,1.16735952275));
#4451 = CARTESIAN_POINT('',(0.484570008847,1.174511806654));
#4452 = CARTESIAN_POINT('',(0.520506757528,1.181664769806));
#4453 = CARTESIAN_POINT('',(0.556443735885,1.188818149118));
#4454 = CARTESIAN_POINT('',(0.592381148842,1.195971669105));
#4455 = CARTESIAN_POINT('',(0.628318545527,1.203125002946));
#4456 = ( GEOMETRIC_REPRESENTATION_CONTEXT(2) 
PARAMETRIC_REPRESENTATION_CONTEXT() REPRESENTATION_CONTEXT('2D SPACE',''
  ) );
#4457 = PCURVE('',#4458,#4481);
#4458 = ( BOUNDED_SURFACE() B_SPLINE_SURFACE(1,6,(
    (#4459,#4460,#4461,#4462,#4463,#4464,#4465,#4466,#4467,#4468,#4469)
    ,(#4470,#4471,#4472,#4473,#4474,#4475,#4476,#4477,#4478,#4479,#4480
)),.UNSPECIFIED.,.F.,.F.,.F.) B_SPLINE_SURFACE_WITH_KNOTS((2,2),(7,4,7),
(5.,6.),(0.,0.5,1.),.UNSPECIFIED.) GEOMETRIC_REPRESENTATION_ITEM() 
RATIONAL_B_SPLINE_SURFACE((
    (1.,1.,1.,1.,1.,1.,1.,1.,1.,1.,1.)
,(1.,1.,1.,1.,1.,1.,1.,1.,1.,1.,1.
  ))) REPRESENTATION_ITEM('') SURFACE() );
#4459 = CARTESIAN_POINT('',(4.15,0.,-7.021875));
#4460 = CARTESIAN_POINT('',(4.135345393172,2.172436459448,
    -6.917708333333));
#4461 = CARTESIAN_POINT('',(2.827775863512,4.344872918896,
    -6.813541666677));
#4462 = CARTESIAN_POINT('',(-2.463805772928E-02,5.459008095229,
    -6.709374999996));
#4463 = CARTESIAN_POINT('',(-2.790162372654,4.344872918896,
    -6.605208333329));
#4464 = CARTESIAN_POINT('',(-5.509837627346,2.860593549839E-13,-6.396875
    ));
#4465 = CARTESIAN_POINT('',(-2.790162372654,-4.344872918897,
    -6.188541666671));
#4466 = CARTESIAN_POINT('',(-2.463805772944E-02,-5.459008095228,
    -6.084375000004));
#4467 = CARTESIAN_POINT('',(2.827775863512,-4.344872918897,
    -5.980208333323));
#4468 = CARTESIAN_POINT('',(4.135345393172,-2.172436459448,
    -5.876041666667));
#4469 = CARTESIAN_POINT('',(4.15,-1.7763568394E-15,-5.771875));
#4470 = CARTESIAN_POINT('',(4.35,-5.689744085582E-14,-7.021875));
#4471 = CARTESIAN_POINT('',(4.33463914711,2.277132192449,-6.917708333333
    ));
#4472 = CARTESIAN_POINT('',(2.964054218259,4.554264384897,
    -6.813541666677));
#4473 = CARTESIAN_POINT('',(-2.582543392074E-02,5.722092822658,
    -6.709374999996));
#4474 = CARTESIAN_POINT('',(-2.924628029175,4.554264384897,
    -6.605208333329));
#4475 = CARTESIAN_POINT('',(-5.775371970825,1.507806837696E-13,-6.396875
    ));
#4476 = CARTESIAN_POINT('',(-2.924628029176,-4.554264384897,
    -6.188541666671));
#4477 = CARTESIAN_POINT('',(-2.582543392098E-02,-5.722092822658,
    -6.084375000004));
#4478 = CARTESIAN_POINT('',(2.964054218259,-4.554264384897,
    -5.980208333323));
#4479 = CARTESIAN_POINT('',(4.33463914711,-2.277132192448,
    -5.876041666667));
#4480 = CARTESIAN_POINT('',(4.35,-2.149887189857E-14,-5.771875));
#4481 = DEFINITIONAL_REPRESENTATION('',(#4482),#4495);
#4482 = B_SPLINE_CURVE_WITH_KNOTS('',6,(#4483,#4484,#4485,#4486,#4487,
    #4488,#4489,#4490,#4491,#4492,#4493,#4494),.UNSPECIFIED.,.F.,.F.,(7,
    5,7),(0.,0.65683895617,1.),.UNSPECIFIED.);
#4483 = CARTESIAN_POINT('',(5.,0.));
#4484 = CARTESIAN_POINT('',(5.00962361526,1.094492602616E-02));
#4485 = CARTESIAN_POINT('',(5.013063435111,2.188401610903E-02));
#4486 = CARTESIAN_POINT('',(5.01292463742,3.282444342776E-02));
#4487 = CARTESIAN_POINT('',(5.011105503185,4.376836656042E-02));
#4488 = CARTESIAN_POINT('',(5.008693156246,5.471599385418E-02));
#4489 = CARTESIAN_POINT('',(5.005035060735,7.138761820097E-02));
#4490 = CARTESIAN_POINT('',(5.003782197548,7.710944532458E-02));
#4491 = CARTESIAN_POINT('',(5.002617158333,8.283181584653E-02));
#4492 = CARTESIAN_POINT('',(5.001587745254,8.855451929562E-02));
#4493 = CARTESIAN_POINT('',(5.000714331261,9.427733528542E-02));
#4494 = CARTESIAN_POINT('',(5.,0.100000002358));
#4495 = ( GEOMETRIC_REPRESENTATION_CONTEXT(2) 
PARAMETRIC_REPRESENTATION_CONTEXT() REPRESENTATION_CONTEXT('2D SPACE',''
  ) );
#4496 = ORIENTED_EDGE('',*,*,#4497,.F.);
#4497 = EDGE_CURVE('',#3720,#4425,#4498,.T.);
#4498 = SEAM_CURVE('',#4499,(#4503,#4510),.PCURVE_S1.);
#4499 = LINE('',#4500,#4501);
#4500 = CARTESIAN_POINT('',(4.15,-1.016456843292E-15,-8.1));
#4501 = VECTOR('',#4502,1.);
#4502 = DIRECTION('',(0.,0.,1.));
#4503 = PCURVE('',#3736,#4504);
#4504 = DEFINITIONAL_REPRESENTATION('',(#4505),#4509);
#4505 = LINE('',#4506,#4507);
#4506 = CARTESIAN_POINT('',(0.,-0.));
#4507 = VECTOR('',#4508,1.);
#4508 = DIRECTION('',(0.,1.));
#4509 = ( GEOMETRIC_REPRESENTATION_CONTEXT(2) 
PARAMETRIC_REPRESENTATION_CONTEXT() REPRESENTATION_CONTEXT('2D SPACE',''
  ) );
#4510 = PCURVE('',#3736,#4511);
#4511 = DEFINITIONAL_REPRESENTATION('',(#4512),#4516);
#4512 = LINE('',#4513,#4514);
#4513 = CARTESIAN_POINT('',(6.28318530718,-0.));
#4514 = VECTOR('',#4515,1.);
#4515 = DIRECTION('',(0.,1.));
#4516 = ( GEOMETRIC_REPRESENTATION_CONTEXT(2) 
PARAMETRIC_REPRESENTATION_CONTEXT() REPRESENTATION_CONTEXT('2D SPACE',''
  ) );
#4517 = ORIENTED_EDGE('',*,*,#3719,.T.);
#4518 = ORIENTED_EDGE('',*,*,#4497,.T.);
#4519 = ORIENTED_EDGE('',*,*,#4520,.T.);
#4520 = EDGE_CURVE('',#4425,#4521,#4523,.T.);
#4521 = VERTEX_POINT('',#4522);
#4522 = CARTESIAN_POINT('',(5.810180254548E-10,-4.14999999929,
    -6.837215923884));
#4523 = SURFACE_CURVE('',#4524,(#4533,#4544),.PCURVE_S1.);
#4524 = ( BOUNDED_CURVE() B_SPLINE_CURVE(7,(#4525,#4526,#4527,#4528,
    #4529,#4530,#4531,#4532),.UNSPECIFIED.,.F.,.F.) 
B_SPLINE_CURVE_WITH_KNOTS((8,8),(0.,1.),.PIECEWISE_BEZIER_KNOTS.) CURVE(
) GEOMETRIC_REPRESENTATION_ITEM() RATIONAL_B_SPLINE_CURVE((1.,1.,1.,1.,
1.,1.,1.,1.)) REPRESENTATION_ITEM('') );
#4525 = CARTESIAN_POINT('',(4.150000001949,4.185092706505E-15,-7.021875)
  );
#4526 = CARTESIAN_POINT('',(4.150001325516,-0.939949688817,
    -6.995248980067));
#4527 = CARTESIAN_POINT('',(3.901619413378,-1.877301085681,
    -6.968696105532));
#4528 = CARTESIAN_POINT('',(3.407355753317,-2.733170651281,
    -6.942222059613));
#4529 = CARTESIAN_POINT('',(2.701055333392,-3.430354296792,
    -6.915832204199));
#4530 = CARTESIAN_POINT('',(1.846832783183,-3.911169950844,
    -6.889531535275));
#4531 = CARTESIAN_POINT('',(0.921688408467,-4.150002548592,
    -6.863324689317));
#4532 = CARTESIAN_POINT('',(5.810180254548E-10,-4.14999999929,
    -6.837215923884));
#4533 = PCURVE('',#3736,#4534);
#4534 = DEFINITIONAL_REPRESENTATION('',(#4535),#4543);
#4535 = B_SPLINE_CURVE_WITH_KNOTS('',6,(#4536,#4537,#4538,#4539,#4540,
    #4541,#4542),.UNSPECIFIED.,.F.,.F.,(7,7),(0.,1.),
  .PIECEWISE_BEZIER_KNOTS.);
#4536 = CARTESIAN_POINT('',(6.28318530718,1.078125));
#4537 = CARTESIAN_POINT('',(6.018942422773,1.109188689922));
#4538 = CARTESIAN_POINT('',(5.755573389163,1.140149976731));
#4539 = CARTESIAN_POINT('',(5.493155534295,1.170998911543));
#4540 = CARTESIAN_POINT('',(5.231774723752,1.201726310259));
#4541 = CARTESIAN_POINT('',(4.971498171497,1.232323849777));
#4542 = CARTESIAN_POINT('',(4.712388980525,1.262784076116));
#4543 = ( GEOMETRIC_REPRESENTATION_CONTEXT(2) 
PARAMETRIC_REPRESENTATION_CONTEXT() REPRESENTATION_CONTEXT('2D SPACE',''
  ) );
#4544 = PCURVE('',#4545,#4562);
#4545 = ( BOUNDED_SURFACE() B_SPLINE_SURFACE(1,7,(
    (#4546,#4547,#4548,#4549,#4550,#4551,#4552,#4553)
    ,(#4554,#4555,#4556,#4557,#4558,#4559,#4560,#4561
)),.UNSPECIFIED.,.F.,.F.,.F.) B_SPLINE_SURFACE_WITH_KNOTS((2,2),(8,8),(
    4.,5.),(0.,1.),.PIECEWISE_BEZIER_KNOTS.) 
GEOMETRIC_REPRESENTATION_ITEM() RATIONAL_B_SPLINE_SURFACE((
    (1.,1.,1.,1.,1.,1.,1.,1.)
,(1.,1.,1.,1.,1.,1.,1.,1.))) REPRESENTATION_ITEM('') SURFACE() );
#4546 = CARTESIAN_POINT('',(3.47341765385,1.158115410496E-10,
    -6.631250002412));
#4547 = CARTESIAN_POINT('',(3.562108227215,-0.786707035064,
    -6.655827866417));
#4548 = CARTESIAN_POINT('',(3.442654276281,-1.618115761801,
    -6.680338214368));
#4549 = CARTESIAN_POINT('',(3.09489261541,-2.427709378975,
    -6.704775796072));
#4550 = CARTESIAN_POINT('',(2.525238249353,-3.138659330254,
    -6.729135669488));
#4551 = CARTESIAN_POINT('',(1.77438533329,-3.678950344911,
    -6.753413213492));
#4552 = CARTESIAN_POINT('',(0.908029733437,-4.001529237589,
    -6.777604155356));
#4553 = CARTESIAN_POINT('',(4.649543459364E-10,-4.088492513226,
    -6.801704560248));
#4554 = CARTESIAN_POINT('',(4.150000001949,4.185092706505E-15,-7.021875)
  );
#4555 = CARTESIAN_POINT('',(4.150001325516,-0.939949688817,
    -6.995248980067));
#4556 = CARTESIAN_POINT('',(3.901619413378,-1.877301085681,
    -6.968696105532));
#4557 = CARTESIAN_POINT('',(3.407355753317,-2.733170651281,
    -6.942222059613));
#4558 = CARTESIAN_POINT('',(2.701055333392,-3.430354296792,
    -6.915832204199));
#4559 = CARTESIAN_POINT('',(1.846832783183,-3.911169950844,
    -6.889531535275));
#4560 = CARTESIAN_POINT('',(0.921688408467,-4.150002548592,
    -6.863324689317));
#4561 = CARTESIAN_POINT('',(5.810180254548E-10,-4.14999999929,
    -6.837215923884));
#4562 = DEFINITIONAL_REPRESENTATION('',(#4563),#4567);
#4563 = LINE('',#4564,#4565);
#4564 = CARTESIAN_POINT('',(5.,0.));
#4565 = VECTOR('',#4566,1.);
#4566 = DIRECTION('',(0.,1.));
#4567 = ( GEOMETRIC_REPRESENTATION_CONTEXT(2) 
PARAMETRIC_REPRESENTATION_CONTEXT() REPRESENTATION_CONTEXT('2D SPACE',''
  ) );
#4568 = ORIENTED_EDGE('',*,*,#4569,.T.);
#4569 = EDGE_CURVE('',#4521,#4570,#4572,.T.);
#4570 = VERTEX_POINT('',#4571);
#4571 = CARTESIAN_POINT('',(2.265740318957E-10,-4.14999999929,
    -6.737784105703));
#4572 = SURFACE_CURVE('',#4573,(#4577,#4583),.PCURVE_S1.);
#4573 = LINE('',#4574,#4575);
#4574 = CARTESIAN_POINT('',(5.082456690799E-09,-4.15,-8.1));
#4575 = VECTOR('',#4576,1.);
#4576 = DIRECTION('',(0.,0.,1.));
#4577 = PCURVE('',#3736,#4578);
#4578 = DEFINITIONAL_REPRESENTATION('',(#4579),#4582);
#4579 = B_SPLINE_CURVE_WITH_KNOTS('',1,(#4580,#4581),.UNSPECIFIED.,.F.,
  .F.,(2,2),(1.236174909659,1.389584000568),.PIECEWISE_BEZIER_KNOTS.);
#4580 = CARTESIAN_POINT('',(4.712388981609,1.236174909659));
#4581 = CARTESIAN_POINT('',(4.712388981609,1.389584000568));
#4582 = ( GEOMETRIC_REPRESENTATION_CONTEXT(2) 
PARAMETRIC_REPRESENTATION_CONTEXT() REPRESENTATION_CONTEXT('2D SPACE',''
  ) );
#4583 = PCURVE('',#4584,#4589);
#4584 = PLANE('',#4585);
#4585 = AXIS2_PLACEMENT_3D('',#4586,#4587,#4588);
#4586 = CARTESIAN_POINT('',(5.779072552463E-10,-4.168181817472,
    -6.837215923884));
#4587 = DIRECTION('',(1.,-1.710923614646E-10,3.56469387808E-09));
#4588 = DIRECTION('',(-2.096978275172E-09,0.780061127057,0.625703314723)
  );
#4589 = DEFINITIONAL_REPRESENTATION('',(#4590),#4593);
#4590 = B_SPLINE_CURVE_WITH_KNOTS('',1,(#4591,#4592),.UNSPECIFIED.,.F.,
  .F.,(2,2),(1.236174909659,1.389584000568),.PIECEWISE_BEZIER_KNOTS.);
#4591 = CARTESIAN_POINT('',(-2.466514625254E-03,-3.213319983614E-02));
#4592 = CARTESIAN_POINT('',(9.352206206517E-02,8.753526851915E-02));
#4593 = ( GEOMETRIC_REPRESENTATION_CONTEXT(2) 
PARAMETRIC_REPRESENTATION_CONTEXT() REPRESENTATION_CONTEXT('2D SPACE',''
  ) );
#4594 = ORIENTED_EDGE('',*,*,#4595,.F.);
#4595 = EDGE_CURVE('',#4596,#4570,#4598,.T.);
#4596 = VERTEX_POINT('',#4597);
#4597 = CARTESIAN_POINT('',(4.149999999025,-2.09254635313E-15,-5.928125)
  );
#4598 = SURFACE_CURVE('',#4599,(#4608,#4619),.PCURVE_S1.);
#4599 = ( BOUNDED_CURVE() B_SPLINE_CURVE(7,(#4600,#4601,#4602,#4603,
    #4604,#4605,#4606,#4607),.UNSPECIFIED.,.F.,.F.) 
B_SPLINE_CURVE_WITH_KNOTS((8,8),(0.,1.),.PIECEWISE_BEZIER_KNOTS.) CURVE(
) GEOMETRIC_REPRESENTATION_ITEM() RATIONAL_B_SPLINE_CURVE((1.,1.,1.,1.,
1.,1.,1.,1.)) REPRESENTATION_ITEM('') );
#4600 = CARTESIAN_POINT('',(4.149999998051,-4.185092706298E-15,-5.928125
    ));
#4601 = CARTESIAN_POINT('',(4.150001322128,-0.939949688817,
    -6.044869855979));
#4602 = CARTESIAN_POINT('',(3.9016194105,-1.877301085681,-6.16129400569)
  );
#4603 = CARTESIAN_POINT('',(3.407355750947,-2.733170651281,
    -6.277372518581));
#4604 = CARTESIAN_POINT('',(2.701055331529,-3.430354296792,
    -6.393081905252));
#4605 = CARTESIAN_POINT('',(1.846832781825,-3.911169950844,
    -6.508400233562));
#4606 = CARTESIAN_POINT('',(0.921688407611,-4.150002548592,
    -6.623307194089));
#4607 = CARTESIAN_POINT('',(2.265740318957E-10,-4.14999999929,
    -6.737784105703));
#4608 = PCURVE('',#3736,#4609);
#4609 = DEFINITIONAL_REPRESENTATION('',(#4610),#4618);
#4610 = B_SPLINE_CURVE_WITH_KNOTS('',6,(#4611,#4612,#4613,#4614,#4615,
    #4616,#4617),.UNSPECIFIED.,.F.,.F.,(7,7),(0.,1.),
  .PIECEWISE_BEZIER_KNOTS.);
#4611 = CARTESIAN_POINT('',(6.28318530718,2.171875));
#4612 = CARTESIAN_POINT('',(6.018942422773,2.035672668024));
#4613 = CARTESIAN_POINT('',(5.755573388064,1.899919324878));
#4614 = CARTESIAN_POINT('',(5.493155534548,1.764658598634));
#4615 = CARTESIAN_POINT('',(5.231774723147,1.629930756488));
#4616 = CARTESIAN_POINT('',(4.97149817127,1.49577229118));
#4617 = CARTESIAN_POINT('',(4.712388980439,1.362215894297));
#4618 = ( GEOMETRIC_REPRESENTATION_CONTEXT(2) 
PARAMETRIC_REPRESENTATION_CONTEXT() REPRESENTATION_CONTEXT('2D SPACE',''
  ) );
#4619 = PCURVE('',#4620,#4637);
#4620 = ( BOUNDED_SURFACE() B_SPLINE_SURFACE(1,7,(
    (#4621,#4622,#4623,#4624,#4625,#4626,#4627,#4628)
    ,(#4629,#4630,#4631,#4632,#4633,#4634,#4635,#4636
)),.UNSPECIFIED.,.F.,.F.,.F.) B_SPLINE_SURFACE_WITH_KNOTS((2,2),(8,8),(
    2.,3.),(0.,1.),.PIECEWISE_BEZIER_KNOTS.) 
GEOMETRIC_REPRESENTATION_ITEM() RATIONAL_B_SPLINE_SURFACE((
    (1.,1.,1.,1.,1.,1.,1.,1.)
,(1.,1.,1.,1.,1.,1.,1.,1.))) REPRESENTATION_ITEM('') SURFACE() );
#4621 = CARTESIAN_POINT('',(4.149999998051,-4.185092706298E-15,-5.928125
    ));
#4622 = CARTESIAN_POINT('',(4.150001322128,-0.939949688817,
    -6.044869855979));
#4623 = CARTESIAN_POINT('',(3.9016194105,-1.877301085681,-6.16129400569)
  );
#4624 = CARTESIAN_POINT('',(3.407355750947,-2.733170651281,
    -6.277372518581));
#4625 = CARTESIAN_POINT('',(2.701055331529,-3.430354296792,
    -6.393081905252));
#4626 = CARTESIAN_POINT('',(1.846832781825,-3.911169950844,
    -6.508400233562));
#4627 = CARTESIAN_POINT('',(0.921688407611,-4.150002548592,
    -6.623307194089));
#4628 = CARTESIAN_POINT('',(2.265740318957E-10,-4.14999999929,
    -6.737784105703));
#4629 = CARTESIAN_POINT('',(3.473417652736,1.15809149568E-10,
    -6.318750002412));
#4630 = CARTESIAN_POINT('',(3.562108226247,-0.786707035064,
    -6.38429097382));
#4631 = CARTESIAN_POINT('',(3.442654275459,-1.618115761801,
    -6.449651900127));
#4632 = CARTESIAN_POINT('',(3.094892614733,-2.427709378975,
    -6.514818784349));
#4633 = CARTESIAN_POINT('',(2.525238248821,-3.138659330254,
    -6.579778441217));
#4634 = CARTESIAN_POINT('',(1.774385332902,-3.678950344911,
    -6.64451855586));
#4635 = CARTESIAN_POINT('',(0.908029733192,-4.001529237589,
    -6.709027728148));
#4636 = CARTESIAN_POINT('',(3.63684633491E-10,-4.088492513226,
    -6.773295469339));
#4637 = DEFINITIONAL_REPRESENTATION('',(#4638),#4642);
#4638 = LINE('',#4639,#4640);
#4639 = CARTESIAN_POINT('',(2.,0.));
#4640 = VECTOR('',#4641,1.);
#4641 = DIRECTION('',(0.,1.));
#4642 = ( GEOMETRIC_REPRESENTATION_CONTEXT(2) 
PARAMETRIC_REPRESENTATION_CONTEXT() REPRESENTATION_CONTEXT('2D SPACE',''
  ) );
#4643 = ORIENTED_EDGE('',*,*,#4644,.T.);
#4644 = EDGE_CURVE('',#4596,#3752,#4645,.T.);
#4645 = SURFACE_CURVE('',#4646,(#4650,#4657),.PCURVE_S1.);
#4646 = LINE('',#4647,#4648);
#4647 = CARTESIAN_POINT('',(4.15,-1.016456843292E-15,-8.1));
#4648 = VECTOR('',#4649,1.);
#4649 = DIRECTION('',(0.,0.,1.));
#4650 = PCURVE('',#3736,#4651);
#4651 = DEFINITIONAL_REPRESENTATION('',(#4652),#4656);
#4652 = LINE('',#4653,#4654);
#4653 = CARTESIAN_POINT('',(6.28318530718,-0.));
#4654 = VECTOR('',#4655,1.);
#4655 = DIRECTION('',(0.,1.));
#4656 = ( GEOMETRIC_REPRESENTATION_CONTEXT(2) 
PARAMETRIC_REPRESENTATION_CONTEXT() REPRESENTATION_CONTEXT('2D SPACE',''
  ) );
#4657 = PCURVE('',#4658,#4663);
#4658 = CYLINDRICAL_SURFACE('',#4659,4.15);
#4659 = AXIS2_PLACEMENT_3D('',#4660,#4661,#4662);
#4660 = CARTESIAN_POINT('',(0.,0.,-8.1));
#4661 = DIRECTION('',(0.,0.,1.));
#4662 = DIRECTION('',(1.,0.,-0.));
#4663 = DEFINITIONAL_REPRESENTATION('',(#4664),#4668);
#4664 = LINE('',#4665,#4666);
#4665 = CARTESIAN_POINT('',(0.,-0.));
#4666 = VECTOR('',#4667,1.);
#4667 = DIRECTION('',(0.,1.));
#4668 = ( GEOMETRIC_REPRESENTATION_CONTEXT(2) 
PARAMETRIC_REPRESENTATION_CONTEXT() REPRESENTATION_CONTEXT('2D SPACE',''
  ) );
#4669 = ADVANCED_FACE('',(#4670),#4658,.F.);
#4670 = FACE_BOUND('',#4671,.F.);
#4671 = EDGE_LOOP('',(#4672,#4747,#4826,#4905,#4939,#5012,#5068,#5102,
    #5158,#5231,#5265,#5344,#5379,#5450,#5451,#5524,#5603,#5682,#5716,
    #5789,#5845,#5901,#5974,#6008,#6087,#6122,#6195));
#4672 = ORIENTED_EDGE('',*,*,#4673,.T.);
#4673 = EDGE_CURVE('',#4674,#4676,#4678,.T.);
#4674 = VERTEX_POINT('',#4675);
#4675 = CARTESIAN_POINT('',(4.150000000064,-1.48966065401E-14,-4.521875)
  );
#4676 = VERTEX_POINT('',#4677);
#4677 = CARTESIAN_POINT('',(3.357420544162,-2.439308772919,
    -4.646874998454));
#4678 = SURFACE_CURVE('',#4679,(#4692,#4708),.PCURVE_S1.);
#4679 = B_SPLINE_CURVE_WITH_KNOTS('',6,(#4680,#4681,#4682,#4683,#4684,
    #4685,#4686,#4687,#4688,#4689,#4690,#4691),.UNSPECIFIED.,.F.,.F.,(7,
    5,7),(0.,0.65683899897,1.),.UNSPECIFIED.);
#4680 = CARTESIAN_POINT('',(4.150000000104,-2.22044604925E-14,-4.521875)
  );
#4681 = CARTESIAN_POINT('',(4.150000000104,-0.285325884505,
    -4.535556157934));
#4682 = CARTESIAN_POINT('',(4.126459383504,-0.570817418967,
    -4.549230020977));
#4683 = CARTESIAN_POINT('',(4.079327823662,-0.853879635598,
    -4.562905555486));
#4684 = CARTESIAN_POINT('',(4.008976259076,-1.132051313336,
    -4.576585459837));
#4685 = CARTESIAN_POINT('',(3.916069767633,-1.402991622791,
    -4.590269994332));
#4686 = CARTESIAN_POINT('',(3.741760803685,-1.801101872132,
    -4.611109524017));
#4687 = CARTESIAN_POINT('',(3.676053053386,-1.935138848754,
    -4.618261806772));
#4688 = CARTESIAN_POINT('',(3.604593055393,-2.066278558271,
    -4.625414768773));
#4689 = CARTESIAN_POINT('',(3.527542024397,-2.194214397524,
    -4.632568146932));
#4690 = CARTESIAN_POINT('',(3.445082937195,-2.318651838222,
    -4.639721665767));
#4691 = CARTESIAN_POINT('',(3.357420544162,-2.439308772919,
    -4.646874998454));
#4692 = PCURVE('',#4658,#4693);
#4693 = DEFINITIONAL_REPRESENTATION('',(#4694),#4707);
#4694 = B_SPLINE_CURVE_WITH_KNOTS('',6,(#4695,#4696,#4697,#4698,#4699,
    #4700,#4701,#4702,#4703,#4704,#4705,#4706),.UNSPECIFIED.,.F.,.F.,(7,
    5,7),(0.,0.65683899897,1.),.UNSPECIFIED.);
#4695 = CARTESIAN_POINT('',(6.28318530718,3.578125));
#4696 = CARTESIAN_POINT('',(6.214432081998,3.564443842066));
#4697 = CARTESIAN_POINT('',(6.14563898993,3.550769979023));
#4698 = CARTESIAN_POINT('',(6.076845987202,3.537094444514));
#4699 = CARTESIAN_POINT('',(6.008058994533,3.523414540163));
#4700 = CARTESIAN_POINT('',(5.939274495424,3.509730005668));
#4701 = CARTESIAN_POINT('',(5.834552095783,3.488890475983));
#4702 = CARTESIAN_POINT('',(5.7986152974,3.481738193228));
#4703 = CARTESIAN_POINT('',(5.762678554448,3.474585231227));
#4704 = CARTESIAN_POINT('',(5.726741581821,3.467431853068));
#4705 = CARTESIAN_POINT('',(5.690804174594,3.460278334233));
#4706 = CARTESIAN_POINT('',(5.654866783638,3.453125001546));
#4707 = ( GEOMETRIC_REPRESENTATION_CONTEXT(2) 
PARAMETRIC_REPRESENTATION_CONTEXT() REPRESENTATION_CONTEXT('2D SPACE',''
  ) );
#4708 = PCURVE('',#4709,#4732);
#4709 = ( BOUNDED_SURFACE() B_SPLINE_SURFACE(1,6,(
    (#4710,#4711,#4712,#4713,#4714,#4715,#4716,#4717,#4718,#4719,#4720)
    ,(#4721,#4722,#4723,#4724,#4725,#4726,#4727,#4728,#4729,#4730,#4731
)),.UNSPECIFIED.,.F.,.F.,.F.) B_SPLINE_SURFACE_WITH_KNOTS((2,2),(7,4,7),
(5.,6.),(0.,0.5,1.),.UNSPECIFIED.) GEOMETRIC_REPRESENTATION_ITEM() 
RATIONAL_B_SPLINE_SURFACE((
    (1.,1.,1.,1.,1.,1.,1.,1.,1.,1.,1.)
,(1.,1.,1.,1.,1.,1.,1.,1.,1.,1.,1.
  ))) REPRESENTATION_ITEM('') SURFACE() );
#4710 = CARTESIAN_POINT('',(4.149999999919,1.266093918875E-14,-5.771875)
  );
#4711 = CARTESIAN_POINT('',(4.135345393091,2.172436459448,
    -5.667708333331));
#4712 = CARTESIAN_POINT('',(2.82777586343,4.344872918886,-5.56354166648)
  );
#4713 = CARTESIAN_POINT('',(-2.463805780402E-02,5.459008095198,
    -5.459374999376));
#4714 = CARTESIAN_POINT('',(-2.790162372705,4.344872918846,
    -5.355208332298));
#4715 = CARTESIAN_POINT('',(-5.509837627334,-7.033342627495E-11,
    -5.146874998564));
#4716 = CARTESIAN_POINT('',(-2.79016237258,-4.344872918947,
    -4.93854166564));
#4717 = CARTESIAN_POINT('',(-2.463805763148E-02,-5.459008095259,
    -4.834374999383));
#4718 = CARTESIAN_POINT('',(2.827775863618,-4.344872918906,
    -4.730208333127));
#4719 = CARTESIAN_POINT('',(4.135345393277,-2.172436459448,
    -4.626041666665));
#4720 = CARTESIAN_POINT('',(4.150000000104,-2.211495142928E-14,-4.521875
    ));
#4721 = CARTESIAN_POINT('',(4.349999999919,1.417809746446E-12,
    -5.77187500003));
#4722 = CARTESIAN_POINT('',(4.334639147028,2.27713219245,-5.667708333361
    ));
#4723 = CARTESIAN_POINT('',(2.964054218175,4.554264384888,-5.5635416665)
  );
#4724 = CARTESIAN_POINT('',(-2.58254339974E-02,5.722092822628,
    -5.459374999375));
#4725 = CARTESIAN_POINT('',(-2.924628029228,4.554264384845,
    -5.355208332278));
#4726 = CARTESIAN_POINT('',(-5.775371970813,-7.240982239931E-11,
    -5.146874998525));
#4727 = CARTESIAN_POINT('',(-2.9246280291,-4.554264384949,-4.93854166562
    ));
#4728 = CARTESIAN_POINT('',(-2.58254338211E-02,-5.722092822688,
    -4.834374999383));
#4729 = CARTESIAN_POINT('',(2.964054218366,-4.554264384906,
    -4.730208333147));
#4730 = CARTESIAN_POINT('',(4.334639147216,-2.277132192447,
    -4.626041666694));
#4731 = CARTESIAN_POINT('',(4.350000000104,1.420208781625E-12,
    -4.52187500003));
#4732 = DEFINITIONAL_REPRESENTATION('',(#4733),#4746);
#4733 = B_SPLINE_CURVE_WITH_KNOTS('',6,(#4734,#4735,#4736,#4737,#4738,
    #4739,#4740,#4741,#4742,#4743,#4744,#4745),.UNSPECIFIED.,.F.,.F.,(7,
    5,7),(0.,0.65683899897,1.),.UNSPECIFIED.);
#4734 = CARTESIAN_POINT('',(5.,1.));
#4735 = CARTESIAN_POINT('',(5.009623615542,0.989055073653));
#4736 = CARTESIAN_POINT('',(5.013063432755,0.978115983216));
#4737 = CARTESIAN_POINT('',(5.012924639002,0.967175555602));
#4738 = CARTESIAN_POINT('',(5.011105501624,0.956231632113));
#4739 = CARTESIAN_POINT('',(5.008693155389,0.945284004506));
#4740 = CARTESIAN_POINT('',(5.005035060026,0.928612380737));
#4741 = CARTESIAN_POINT('',(5.003782197066,0.922890554525));
#4742 = CARTESIAN_POINT('',(5.002617158049,0.917168184915));
#4743 = CARTESIAN_POINT('',(5.001587745119,0.911445482379));
#4744 = CARTESIAN_POINT('',(5.000714331219,0.905722667301));
#4745 = CARTESIAN_POINT('',(5.,0.900000001141));
#4746 = ( GEOMETRIC_REPRESENTATION_CONTEXT(2) 
PARAMETRIC_REPRESENTATION_CONTEXT() REPRESENTATION_CONTEXT('2D SPACE',''
  ) );
#4747 = ORIENTED_EDGE('',*,*,#4748,.F.);
#4748 = EDGE_CURVE('',#4749,#4676,#4751,.T.);
#4749 = VERTEX_POINT('',#4750);
#4750 = CARTESIAN_POINT('',(1.282420337615,-3.946884604048,
    -4.771875009101));
#4751 = SURFACE_CURVE('',#4752,(#4767,#4785),.PCURVE_S1.);
#4752 = B_SPLINE_CURVE_WITH_KNOTS('',5,(#4753,#4754,#4755,#4756,#4757,
    #4758,#4759,#4760,#4761,#4762,#4763,#4764,#4765,#4766),
  .UNSPECIFIED.,.F.,.F.,(6,4,4,6),(0.,0.300107336776,0.640140845638,1.),
  .UNSPECIFIED.);
#4753 = CARTESIAN_POINT('',(1.282420337623,-3.946884604046,
    -4.771875009101));
#4754 = CARTESIAN_POINT('',(1.431266126576,-3.898521683395,
    -4.764356225884));
#4755 = CARTESIAN_POINT('',(1.577832266962,-3.843142032087,
    -4.756833151539));
#4756 = CARTESIAN_POINT('',(1.721676131682,-3.78088964407,
    -4.749306149053));
#4757 = CARTESIAN_POINT('',(1.862372547884,-3.711948575136,
    -4.74177668572));
#4758 = CARTESIAN_POINT('',(2.154900268466,-3.551105372546,
    -4.725716278209));
#4759 = CARTESIAN_POINT('',(2.305724332957,-3.457367791154,
    -4.717185245911));
#4760 = CARTESIAN_POINT('',(2.451392467579,-3.355656741634,
    -4.708658314606));
#4761 = CARTESIAN_POINT('',(2.591352365489,-3.246357703571,
    -4.700140561623));
#4762 = CARTESIAN_POINT('',(2.86663124694,-3.006683299351,
    -4.682639826941));
#4763 = CARTESIAN_POINT('',(3.001205923052,-2.875448814299,
    -4.673658473044));
#4764 = CARTESIAN_POINT('',(3.128211165858,-2.736738866073,
    -4.664700726137));
#4765 = CARTESIAN_POINT('',(3.247107044142,-2.591142282221,
    -4.655772885619));
#4766 = CARTESIAN_POINT('',(3.357420544161,-2.43930877292,
    -4.646874998454));
#4767 = PCURVE('',#4658,#4768);
#4768 = DEFINITIONAL_REPRESENTATION('',(#4769),#4784);
#4769 = B_SPLINE_CURVE_WITH_KNOTS('',5,(#4770,#4771,#4772,#4773,#4774,
    #4775,#4776,#4777,#4778,#4779,#4780,#4781,#4782,#4783),
  .UNSPECIFIED.,.F.,.F.,(6,4,4,6),(0.,0.300107336776,0.640140845638,1.),
  .UNSPECIFIED.);
#4770 = CARTESIAN_POINT('',(5.026548197849,3.328124990899));
#4771 = CARTESIAN_POINT('',(5.064260419991,3.335643774116));
#4772 = CARTESIAN_POINT('',(5.101972594739,3.343166848461));
#4773 = CARTESIAN_POINT('',(5.139684698234,3.350693850947));
#4774 = CARTESIAN_POINT('',(5.177396730251,3.35822331428));
#4775 = CARTESIAN_POINT('',(5.257837886914,3.374283721791));
#4776 = CARTESIAN_POINT('',(5.300567142451,3.382814754089));
#4777 = CARTESIAN_POINT('',(5.343296513089,3.391341685394));
#4778 = CARTESIAN_POINT('',(5.386026050651,3.399859438377));
#4779 = CARTESIAN_POINT('',(5.473976960899,3.417360173059));
#4780 = CARTESIAN_POINT('',(5.51919882186,3.426341526956));
#4781 = CARTESIAN_POINT('',(5.564420543595,3.435299273863));
#4782 = CARTESIAN_POINT('',(5.609643521522,3.444227114381));
#4783 = CARTESIAN_POINT('',(5.654866783638,3.453125001546));
#4784 = ( GEOMETRIC_REPRESENTATION_CONTEXT(2) 
PARAMETRIC_REPRESENTATION_CONTEXT() REPRESENTATION_CONTEXT('2D SPACE',''
  ) );
#4785 = PCURVE('',#4786,#4809);
#4786 = ( BOUNDED_SURFACE() B_SPLINE_SURFACE(1,6,(
    (#4787,#4788,#4789,#4790,#4791,#4792,#4793,#4794,#4795,#4796,#4797)
    ,(#4798,#4799,#4800,#4801,#4802,#4803,#4804,#4805,#4806,#4807,#4808
)),.UNSPECIFIED.,.F.,.F.,.F.) B_SPLINE_SURFACE_WITH_KNOTS((2,2),(7,4,7),
(4.,5.),(0.,0.5,1.),.UNSPECIFIED.) GEOMETRIC_REPRESENTATION_ITEM() 
RATIONAL_B_SPLINE_SURFACE((
    (1.,1.,1.,1.,1.,1.,1.,1.,1.,1.,1.)
,(1.,1.,1.,1.,1.,1.,1.,1.,1.,1.,1.
  ))) REPRESENTATION_ITEM('') SURFACE() );
#4787 = CARTESIAN_POINT('',(3.47341765327,-4.751145802549E-12,
    -5.381249999899));
#4788 = CARTESIAN_POINT('',(3.461152214534,1.818260035826,
    -5.277083333231));
#4789 = CARTESIAN_POINT('',(2.366758218194,3.636520071649,
    -5.172916666412));
#4790 = CARTESIAN_POINT('',(-2.062126888858E-02,4.569015683863,
    -5.068749999376));
#4791 = CARTESIAN_POINT('',(-2.33527692544,3.636520071614,
    -4.964583332365));
#4792 = CARTESIAN_POINT('',(-4.611558381065,-6.364914708953E-11,
    -4.756249998698));
#4793 = CARTESIAN_POINT('',(-2.335276925325,-3.63652007171,
    -4.547916665707));
#4794 = CARTESIAN_POINT('',(-2.0621268729E-02,-4.569015683923,
    -4.443749999384));
#4795 = CARTESIAN_POINT('',(2.366758218371,-3.636520071675,
    -4.339583333058));
#4796 = CARTESIAN_POINT('',(3.461152214716,-1.818260035836,
    -4.235416666564));
#4797 = CARTESIAN_POINT('',(3.473417653456,-4.911681185838E-12,
    -4.131249999899));
#4798 = CARTESIAN_POINT('',(4.149999999919,1.266093918875E-14,-5.771875)
  );
#4799 = CARTESIAN_POINT('',(4.135345393091,2.172436459448,
    -5.667708333331));
#4800 = CARTESIAN_POINT('',(2.82777586343,4.344872918886,-5.56354166648)
  );
#4801 = CARTESIAN_POINT('',(-2.463805780402E-02,5.459008095198,
    -5.459374999376));
#4802 = CARTESIAN_POINT('',(-2.790162372705,4.344872918846,
    -5.355208332298));
#4803 = CARTESIAN_POINT('',(-5.509837627334,-7.033342627495E-11,
    -5.146874998564));
#4804 = CARTESIAN_POINT('',(-2.79016237258,-4.344872918947,
    -4.93854166564));
#4805 = CARTESIAN_POINT('',(-2.463805763148E-02,-5.459008095259,
    -4.834374999383));
#4806 = CARTESIAN_POINT('',(2.827775863618,-4.344872918906,
    -4.730208333127));
#4807 = CARTESIAN_POINT('',(4.135345393277,-2.172436459448,
    -4.626041666665));
#4808 = CARTESIAN_POINT('',(4.150000000104,-2.211495142928E-14,-4.521875
    ));
#4809 = DEFINITIONAL_REPRESENTATION('',(#4810),#4825);
#4810 = B_SPLINE_CURVE_WITH_KNOTS('',5,(#4811,#4812,#4813,#4814,#4815,
    #4816,#4817,#4818,#4819,#4820,#4821,#4822,#4823,#4824),
  .UNSPECIFIED.,.F.,.F.,(6,4,4,6),(0.,0.300107336776,0.640140845638,1.),
  .UNSPECIFIED.);
#4811 = CARTESIAN_POINT('',(5.,0.799999992377));
#4812 = CARTESIAN_POINT('',(4.999951680476,0.805999919117));
#4813 = CARTESIAN_POINT('',(4.999891983842,0.811999723412));
#4814 = CARTESIAN_POINT('',(4.999822330093,0.817999558622));
#4815 = CARTESIAN_POINT('',(4.999746988631,0.823999585098));
#4816 = CARTESIAN_POINT('',(4.999589334901,0.83679864435));
#4817 = CARTESIAN_POINT('',(4.999507163042,0.843597791501));
#4818 = CARTESIAN_POINT('',(4.999437800842,0.850397660875));
#4819 = CARTESIAN_POINT('',(4.999394687337,0.857198390307));
#4820 = CARTESIAN_POINT('',(4.999392166159,0.871198190218));
#4821 = CARTESIAN_POINT('',(4.999437475776,0.878397432607));
#4822 = CARTESIAN_POINT('',(4.999546159224,0.885597593724));
#4823 = CARTESIAN_POINT('',(4.999734279961,0.892798653884));
#4824 = CARTESIAN_POINT('',(5.,0.900000001141));
#4825 = ( GEOMETRIC_REPRESENTATION_CONTEXT(2) 
PARAMETRIC_REPRESENTATION_CONTEXT() REPRESENTATION_CONTEXT('2D SPACE',''
  ) );
#4826 = ORIENTED_EDGE('',*,*,#4827,.T.);
#4827 = EDGE_CURVE('',#4749,#4828,#4830,.T.);
#4828 = VERTEX_POINT('',#4829);
#4829 = CARTESIAN_POINT('',(-1.282409475553,-3.946888133328,
    -4.896874442009));
#4830 = SURFACE_CURVE('',#4831,(#4846,#4864),.PCURVE_S1.);
#4831 = B_SPLINE_CURVE_WITH_KNOTS('',5,(#4832,#4833,#4834,#4835,#4836,
    #4837,#4838,#4839,#4840,#4841,#4842,#4843,#4844,#4845),
  .UNSPECIFIED.,.F.,.F.,(6,4,4,6),(0.,0.334936707182,0.694708470341,1.),
  .UNSPECIFIED.);
#4832 = CARTESIAN_POINT('',(1.282420337623,-3.946884604046,
    -4.771875009101));
#4833 = CARTESIAN_POINT('',(1.116299024938,-4.000860681705,
    -4.780245381133));
#4834 = CARTESIAN_POINT('',(0.947336997686,-4.046097117985,
    -4.788615974148));
#4835 = CARTESIAN_POINT('',(0.776150072523,-4.082393947587,
    -4.796986906913));
#4836 = CARTESIAN_POINT('',(0.60336880102,-4.109617468338,
    -4.805358536944));
#4837 = CARTESIAN_POINT('',(0.243023785316,-4.147124463675,
    -4.822723807964));
#4838 = CARTESIAN_POINT('',(5.531116725186E-02,-4.156002448709,
    -4.831717674533));
#4839 = CARTESIAN_POINT('',(-0.132701728018,-4.154251526889,
    -4.840712247821));
#4840 = CARTESIAN_POINT('',(-0.320216145557,-4.141879211714,
    -4.849707684735));
#4841 = CARTESIAN_POINT('',(-0.664455228059,-4.099554492414,
    -4.866337264662));
#4842 = CARTESIAN_POINT('',(-0.821544212257,-4.072547747136,
    -4.873971339152));
#4843 = CARTESIAN_POINT('',(-0.977215558563,-4.038023014938,
    -4.881605674237));
#4844 = CARTESIAN_POINT('',(-1.130993046425,-3.996085904978,
    -4.889240117469));
#4845 = CARTESIAN_POINT('',(-1.282410895122,-3.946887672087,
    -4.896874513582));
#4846 = PCURVE('',#4658,#4847);
#4847 = DEFINITIONAL_REPRESENTATION('',(#4848),#4863);
#4848 = B_SPLINE_CURVE_WITH_KNOTS('',5,(#4849,#4850,#4851,#4852,#4853,
    #4854,#4855,#4856,#4857,#4858,#4859,#4860,#4861,#4862),
  .UNSPECIFIED.,.F.,.F.,(6,4,4,6),(0.,0.334936707182,0.694708470341,1.),
  .UNSPECIFIED.);
#4849 = CARTESIAN_POINT('',(5.026548197849,3.328124990899));
#4850 = CARTESIAN_POINT('',(4.98445897322,3.319754618867));
#4851 = CARTESIAN_POINT('',(4.942369511077,3.311384025852));
#4852 = CARTESIAN_POINT('',(4.900280494907,3.303013093087));
#4853 = CARTESIAN_POINT('',(4.858191042214,3.294641463056));
#4854 = CARTESIAN_POINT('',(4.7708918277,3.277276192036));
#4855 = CARTESIAN_POINT('',(4.725681445563,3.268282325467));
#4856 = CARTESIAN_POINT('',(4.680471735776,3.259287752179));
#4857 = CARTESIAN_POINT('',(4.635261426616,3.250292315265));
#4858 = CARTESIAN_POINT('',(4.551687627333,3.233662735338));
#4859 = CARTESIAN_POINT('',(4.513323730593,3.226028660848));
#4860 = CARTESIAN_POINT('',(4.474959854802,3.218394325763));
#4861 = CARTESIAN_POINT('',(4.436596015974,3.210759882531));
#4862 = CARTESIAN_POINT('',(4.398232155312,3.203125486418));
#4863 = ( GEOMETRIC_REPRESENTATION_CONTEXT(2) 
PARAMETRIC_REPRESENTATION_CONTEXT() REPRESENTATION_CONTEXT('2D SPACE',''
  ) );
#4864 = PCURVE('',#4865,#4888);
#4865 = ( BOUNDED_SURFACE() B_SPLINE_SURFACE(1,6,(
    (#4866,#4867,#4868,#4869,#4870,#4871,#4872,#4873,#4874,#4875,#4876)
    ,(#4877,#4878,#4879,#4880,#4881,#4882,#4883,#4884,#4885,#4886,#4887
)),.UNSPECIFIED.,.F.,.F.,.F.) B_SPLINE_SURFACE_WITH_KNOTS((2,2),(7,4,7),
(5.,6.),(0.,0.5,1.),.UNSPECIFIED.) GEOMETRIC_REPRESENTATION_ITEM() 
RATIONAL_B_SPLINE_SURFACE((
    (1.,1.,1.,1.,1.,1.,1.,1.,1.,1.,1.)
,(1.,1.,1.,1.,1.,1.,1.,1.,1.,1.,1.
  ))) REPRESENTATION_ITEM('') SURFACE() );
#4866 = CARTESIAN_POINT('',(4.149999999919,1.266093918875E-14,-5.771875)
  );
#4867 = CARTESIAN_POINT('',(4.135345393091,2.172436459448,
    -5.667708333331));
#4868 = CARTESIAN_POINT('',(2.82777586343,4.344872918886,-5.56354166648)
  );
#4869 = CARTESIAN_POINT('',(-2.463805780402E-02,5.459008095198,
    -5.459374999376));
#4870 = CARTESIAN_POINT('',(-2.790162372705,4.344872918846,
    -5.355208332298));
#4871 = CARTESIAN_POINT('',(-5.509837627334,-7.033342627495E-11,
    -5.146874998564));
#4872 = CARTESIAN_POINT('',(-2.79016237258,-4.344872918947,
    -4.93854166564));
#4873 = CARTESIAN_POINT('',(-2.463805763148E-02,-5.459008095259,
    -4.834374999383));
#4874 = CARTESIAN_POINT('',(2.827775863618,-4.344872918906,
    -4.730208333127));
#4875 = CARTESIAN_POINT('',(4.135345393277,-2.172436459448,
    -4.626041666665));
#4876 = CARTESIAN_POINT('',(4.150000000104,-2.211495142928E-14,-4.521875
    ));
#4877 = CARTESIAN_POINT('',(4.349999999919,1.417809746446E-12,
    -5.77187500003));
#4878 = CARTESIAN_POINT('',(4.334639147028,2.27713219245,-5.667708333361
    ));
#4879 = CARTESIAN_POINT('',(2.964054218175,4.554264384888,-5.5635416665)
  );
#4880 = CARTESIAN_POINT('',(-2.58254339974E-02,5.722092822628,
    -5.459374999375));
#4881 = CARTESIAN_POINT('',(-2.924628029228,4.554264384845,
    -5.355208332278));
#4882 = CARTESIAN_POINT('',(-5.775371970813,-7.240982239931E-11,
    -5.146874998525));
#4883 = CARTESIAN_POINT('',(-2.9246280291,-4.554264384949,-4.93854166562
    ));
#4884 = CARTESIAN_POINT('',(-2.58254338211E-02,-5.722092822688,
    -4.834374999383));
#4885 = CARTESIAN_POINT('',(2.964054218366,-4.554264384906,
    -4.730208333147));
#4886 = CARTESIAN_POINT('',(4.334639147216,-2.277132192447,
    -4.626041666694));
#4887 = CARTESIAN_POINT('',(4.350000000104,1.420208781625E-12,
    -4.52187500003));
#4888 = DEFINITIONAL_REPRESENTATION('',(#4889),#4904);
#4889 = B_SPLINE_CURVE_WITH_KNOTS('',5,(#4890,#4891,#4892,#4893,#4894,
    #4895,#4896,#4897,#4898,#4899,#4900,#4901,#4902,#4903),
  .UNSPECIFIED.,.F.,.F.,(6,4,4,6),(0.,0.334936707182,0.694708470341,1.),
  .UNSPECIFIED.);
#4890 = CARTESIAN_POINT('',(5.,0.799999992377));
#4891 = CARTESIAN_POINT('',(5.00018243246,0.793303694732));
#4892 = CARTESIAN_POINT('',(5.00031690668,0.7866072203));
#4893 = CARTESIAN_POINT('',(5.000396340022,0.779910474068));
#4894 = CARTESIAN_POINT('',(5.000428054527,0.773213170023));
#4895 = CARTESIAN_POINT('',(5.000420369312,0.759320953165));
#4896 = CARTESIAN_POINT('',(5.000375479738,0.752125859887));
#4897 = CARTESIAN_POINT('',(5.000304952629,0.744930201234));
#4898 = CARTESIAN_POINT('',(5.000229604479,0.737733851681));
#4899 = CARTESIAN_POINT('',(5.000105758818,0.724430187699));
#4900 = CARTESIAN_POINT('',(5.000054858932,0.718322928088));
#4901 = CARTESIAN_POINT('',(5.000018462727,0.712215460002));
#4902 = CARTESIAN_POINT('',(5.000000444589,0.706107905398));
#4903 = CARTESIAN_POINT('',(5.,0.700000388489));
#4904 = ( GEOMETRIC_REPRESENTATION_CONTEXT(2) 
PARAMETRIC_REPRESENTATION_CONTEXT() REPRESENTATION_CONTEXT('2D SPACE',''
  ) );
#4905 = ORIENTED_EDGE('',*,*,#4906,.F.);
#4906 = EDGE_CURVE('',#4907,#4828,#4909,.T.);
#4907 = VERTEX_POINT('',#4908);
#4908 = CARTESIAN_POINT('',(-1.292016262725,-3.943753792626,
    -4.897359002417));
#4909 = SURFACE_CURVE('',#4910,(#4922,#4932),.PCURVE_S1.);
#4910 = ( BOUNDED_CURVE() B_SPLINE_CURVE(6,(#4911,#4912,#4913,#4914,
    #4915,#4916,#4917,#4918,#4919,#4920,#4921),.UNSPECIFIED.,.F.,.F.) 
B_SPLINE_CURVE_WITH_KNOTS((7,4,7),(0.,0.5,1.),.UNSPECIFIED.) CURVE() 
GEOMETRIC_REPRESENTATION_ITEM() RATIONAL_B_SPLINE_CURVE((1.,1.,1.,1.,1.,
1.,1.,1.,1.,1.,1.)) REPRESENTATION_ITEM('') );
#4911 = CARTESIAN_POINT('',(4.149999999919,1.266093918875E-14,-5.771875)
  );
#4912 = CARTESIAN_POINT('',(4.135345393091,2.172436459448,
    -5.667708333331));
#4913 = CARTESIAN_POINT('',(2.82777586343,4.344872918886,-5.56354166648)
  );
#4914 = CARTESIAN_POINT('',(-2.463805780402E-02,5.459008095198,
    -5.459374999376));
#4915 = CARTESIAN_POINT('',(-2.790162372705,4.344872918846,
    -5.355208332298));
#4916 = CARTESIAN_POINT('',(-5.509837627334,-7.033342627495E-11,
    -5.146874998564));
#4917 = CARTESIAN_POINT('',(-2.79016237258,-4.344872918947,
    -4.93854166564));
#4918 = CARTESIAN_POINT('',(-2.463805763148E-02,-5.459008095259,
    -4.834374999383));
#4919 = CARTESIAN_POINT('',(2.827775863618,-4.344872918906,
    -4.730208333127));
#4920 = CARTESIAN_POINT('',(4.135345393277,-2.172436459448,
    -4.626041666665));
#4921 = CARTESIAN_POINT('',(4.150000000104,-2.211495142928E-14,-4.521875
    ));
#4922 = PCURVE('',#4658,#4923);
#4923 = DEFINITIONAL_REPRESENTATION('',(#4924),#4931);
#4924 = B_SPLINE_CURVE_WITH_KNOTS('',5,(#4925,#4926,#4927,#4928,#4929,
    #4930),.UNSPECIFIED.,.F.,.F.,(6,6),(0.69961279742,0.700000445748),
  .PIECEWISE_BEZIER_KNOTS.);
#4925 = CARTESIAN_POINT('',(4.395797533767,3.202640997583));
#4926 = CARTESIAN_POINT('',(4.396284530095,3.202737909665));
#4927 = CARTESIAN_POINT('',(4.396771526378,3.202834821746));
#4928 = CARTESIAN_POINT('',(4.397258522619,3.202931733828));
#4929 = CARTESIAN_POINT('',(4.397745518819,3.20302864591));
#4930 = CARTESIAN_POINT('',(4.39823251498,3.203125557991));
#4931 = ( GEOMETRIC_REPRESENTATION_CONTEXT(2) 
PARAMETRIC_REPRESENTATION_CONTEXT() REPRESENTATION_CONTEXT('2D SPACE',''
  ) );
#4932 = PCURVE('',#4786,#4933);
#4933 = DEFINITIONAL_REPRESENTATION('',(#4934),#4938);
#4934 = LINE('',#4935,#4936);
#4935 = CARTESIAN_POINT('',(5.,0.));
#4936 = VECTOR('',#4937,1.);
#4937 = DIRECTION('',(0.,1.));
#4938 = ( GEOMETRIC_REPRESENTATION_CONTEXT(2) 
PARAMETRIC_REPRESENTATION_CONTEXT() REPRESENTATION_CONTEXT('2D SPACE',''
  ) );
#4939 = ORIENTED_EDGE('',*,*,#4940,.F.);
#4940 = EDGE_CURVE('',#4941,#4907,#4943,.T.);
#4941 = VERTEX_POINT('',#4942);
#4942 = CARTESIAN_POINT('',(-3.357420814243,-2.439308401185,
    -5.021875022339));
#4943 = SURFACE_CURVE('',#4944,(#4957,#4973),.PCURVE_S1.);
#4944 = B_SPLINE_CURVE_WITH_KNOTS('',6,(#4945,#4946,#4947,#4948,#4949,
    #4950,#4951,#4952,#4953,#4954,#4955,#4956),.UNSPECIFIED.,.F.,.F.,(7,
    5,7),(0.,0.363347793279,1.),.UNSPECIFIED.);
#4945 = CARTESIAN_POINT('',(-3.357420814244,-2.439308401183,
    -5.021875022339));
#4946 = CARTESIAN_POINT('',(-3.264966041387,-2.566561510554,
    -5.014336605676));
#4947 = CARTESIAN_POINT('',(-3.166722827325,-2.689610353508,
    -5.006798192595));
#4948 = CARTESIAN_POINT('',(-3.062931669708,-2.808124102114,
    -4.99925964906));
#4949 = CARTESIAN_POINT('',(-2.953855823897,-2.92179278125,
    -4.991720865538));
#4950 = CARTESIAN_POINT('',(-2.83978130297,-3.030327268598,
    -4.984181757001));
#4951 = CARTESIAN_POINT('',(-2.512919746484,-3.314165585372,
    -4.96343168168));
#4952 = CARTESIAN_POINT('',(-2.290409345802,-3.478298394173,
    -4.950219108107));
#4953 = CARTESIAN_POINT('',(-2.055161663323,-3.62439616977,
    -4.937005887077));
#4954 = CARTESIAN_POINT('',(-1.809012267567,-3.7512676274,
    -4.923791212432));
#4955 = CARTESIAN_POINT('',(-1.553925697527,-3.857949437963,
    -4.910574806311));
#4956 = CARTESIAN_POINT('',(-1.292016262725,-3.943753792626,
    -4.897359002417));
#4957 = PCURVE('',#4658,#4958);
#4958 = DEFINITIONAL_REPRESENTATION('',(#4959),#4972);
#4959 = B_SPLINE_CURVE_WITH_KNOTS('',6,(#4960,#4961,#4962,#4963,#4964,
    #4965,#4966,#4967,#4968,#4969,#4970,#4971),.UNSPECIFIED.,.F.,.F.,(7,
    5,7),(0.,0.363347793279,1.),.UNSPECIFIED.);
#4960 = CARTESIAN_POINT('',(3.76991106641,3.078124977661));
#4961 = CARTESIAN_POINT('',(3.807813109798,3.085663394324));
#4962 = CARTESIAN_POINT('',(3.845715233956,3.093201807405));
#4963 = CARTESIAN_POINT('',(3.883617398007,3.10074035094));
#4964 = CARTESIAN_POINT('',(3.921519558857,3.108279134462));
#4965 = CARTESIAN_POINT('',(3.959421671194,3.115818242999));
#4966 = CARTESIAN_POINT('',(4.063734995782,3.13656831832));
#4967 = CARTESIAN_POINT('',(4.130150138332,3.149780891893));
#4968 = CARTESIAN_POINT('',(4.196560754857,3.162994112923));
#4969 = CARTESIAN_POINT('',(4.262971313547,3.176208787568));
#4970 = CARTESIAN_POINT('',(4.329386330489,3.189425193689));
#4971 = CARTESIAN_POINT('',(4.395797533767,3.202640997583));
#4972 = ( GEOMETRIC_REPRESENTATION_CONTEXT(2) 
PARAMETRIC_REPRESENTATION_CONTEXT() REPRESENTATION_CONTEXT('2D SPACE',''
  ) );
#4973 = PCURVE('',#4974,#4997);
#4974 = ( BOUNDED_SURFACE() B_SPLINE_SURFACE(1,6,(
    (#4975,#4976,#4977,#4978,#4979,#4980,#4981,#4982,#4983,#4984,#4985)
    ,(#4986,#4987,#4988,#4989,#4990,#4991,#4992,#4993,#4994,#4995,#4996
)),.UNSPECIFIED.,.F.,.F.,.F.) B_SPLINE_SURFACE_WITH_KNOTS((2,2),(7,4,7),
(5.,6.),(0.,0.5,1.),.UNSPECIFIED.) GEOMETRIC_REPRESENTATION_ITEM() 
RATIONAL_B_SPLINE_SURFACE((
    (1.,1.,1.,1.,1.,1.,1.,1.,1.,1.,1.)
,(1.,1.,1.,1.,1.,1.,1.,1.,1.,1.,1.
  ))) REPRESENTATION_ITEM('') SURFACE() );
#4975 = CARTESIAN_POINT('',(4.149999999919,1.266093918875E-14,-5.771875)
  );
#4976 = CARTESIAN_POINT('',(4.135345393091,2.172436459448,
    -5.667708333331));
#4977 = CARTESIAN_POINT('',(2.82777586343,4.344872918886,-5.56354166648)
  );
#4978 = CARTESIAN_POINT('',(-2.463805780402E-02,5.459008095198,
    -5.459374999376));
#4979 = CARTESIAN_POINT('',(-2.790162372705,4.344872918846,
    -5.355208332298));
#4980 = CARTESIAN_POINT('',(-5.509837627334,-7.033342627495E-11,
    -5.146874998564));
#4981 = CARTESIAN_POINT('',(-2.79016237258,-4.344872918947,
    -4.93854166564));
#4982 = CARTESIAN_POINT('',(-2.463805763148E-02,-5.459008095259,
    -4.834374999383));
#4983 = CARTESIAN_POINT('',(2.827775863618,-4.344872918906,
    -4.730208333127));
#4984 = CARTESIAN_POINT('',(4.135345393277,-2.172436459448,
    -4.626041666665));
#4985 = CARTESIAN_POINT('',(4.150000000104,-2.211495142928E-14,-4.521875
    ));
#4986 = CARTESIAN_POINT('',(4.349999999919,1.417809746446E-12,
    -5.77187500003));
#4987 = CARTESIAN_POINT('',(4.334639147028,2.27713219245,-5.667708333361
    ));
#4988 = CARTESIAN_POINT('',(2.964054218175,4.554264384888,-5.5635416665)
  );
#4989 = CARTESIAN_POINT('',(-2.58254339974E-02,5.722092822628,
    -5.459374999375));
#4990 = CARTESIAN_POINT('',(-2.924628029228,4.554264384845,
    -5.355208332278));
#4991 = CARTESIAN_POINT('',(-5.775371970813,-7.240982239931E-11,
    -5.146874998525));
#4992 = CARTESIAN_POINT('',(-2.9246280291,-4.554264384949,-4.93854166562
    ));
#4993 = CARTESIAN_POINT('',(-2.58254338211E-02,-5.722092822688,
    -4.834374999383));
#4994 = CARTESIAN_POINT('',(2.964054218366,-4.554264384906,
    -4.730208333147));
#4995 = CARTESIAN_POINT('',(4.334639147216,-2.277132192447,
    -4.626041666694));
#4996 = CARTESIAN_POINT('',(4.350000000104,1.420208781625E-12,
    -4.52187500003));
#4997 = DEFINITIONAL_REPRESENTATION('',(#4998),#5011);
#4998 = B_SPLINE_CURVE_WITH_KNOTS('',6,(#4999,#5000,#5001,#5002,#5003,
    #5004,#5005,#5006,#5007,#5008,#5009,#5010),.UNSPECIFIED.,.F.,.F.,(7,
    5,7),(0.,0.363347793279,1.),.UNSPECIFIED.);
#4999 = CARTESIAN_POINT('',(5.,0.599999981238));
#5000 = CARTESIAN_POINT('',(5.000105206279,0.606030714579));
#5001 = CARTESIAN_POINT('',(5.000195685017,0.612061445056));
#5002 = CARTESIAN_POINT('',(5.000264121024,0.618092279897));
#5003 = CARTESIAN_POINT('',(5.000307179141,0.624123306727));
#5004 = CARTESIAN_POINT('',(5.000325504239,0.63015459357));
#5005 = CARTESIAN_POINT('',(5.000320597052,0.646754653866));
#5006 = CARTESIAN_POINT('',(5.000255311795,0.657324712751));
#5007 = CARTESIAN_POINT('',(5.000148820334,0.667895289603));
#5008 = CARTESIAN_POINT('',(5.000051752681,0.678467029347));
#5009 = CARTESIAN_POINT('',(5.000000769061,0.689040154274));
#5010 = CARTESIAN_POINT('',(5.,0.69961279742));
#5011 = ( GEOMETRIC_REPRESENTATION_CONTEXT(2) 
PARAMETRIC_REPRESENTATION_CONTEXT() REPRESENTATION_CONTEXT('2D SPACE',''
  ) );
#5012 = ORIENTED_EDGE('',*,*,#5013,.T.);
#5013 = EDGE_CURVE('',#4941,#5014,#5016,.T.);
#5014 = VERTEX_POINT('',#5015);
#5015 = CARTESIAN_POINT('',(-4.149999996578,-1.685363244609E-04,
    -5.146866917582));
#5016 = SURFACE_CURVE('',#5017,(#5032,#5050),.PCURVE_S1.);
#5017 = B_SPLINE_CURVE_WITH_KNOTS('',5,(#5018,#5019,#5020,#5021,#5022,
    #5023,#5024,#5025,#5026,#5027,#5028,#5029,#5030,#5031),
  .UNSPECIFIED.,.F.,.F.,(6,4,4,6),(0.,0.511972176531,0.815389864302,1.),
  .UNSPECIFIED.);
#5018 = CARTESIAN_POINT('',(-3.357420814248,-2.439308401178,
    -5.021875022339));
#5019 = CARTESIAN_POINT('',(-3.514367522108,-2.223289736443,
    -5.034651248219));
#5020 = CARTESIAN_POINT('',(-3.653945159789,-1.994641390659,
    -5.047422951628));
#5021 = CARTESIAN_POINT('',(-3.7747874549,-1.755245986077,
    -5.060193954926));
#5022 = CARTESIAN_POINT('',(-3.875856315551,-1.507160536276,
    -5.072978998889));
#5023 = CARTESIAN_POINT('',(-4.004211605967,-1.101739639287,
    -5.093366804525));
#5024 = CARTESIAN_POINT('',(-4.04478377466,-0.948600172051,
    -5.100959208195));
#5025 = CARTESIAN_POINT('',(-4.078020172548,-0.793642861757,
    -5.10855785316));
#5026 = CARTESIAN_POINT('',(-4.103820515823,-0.637336278448,
    -5.116161843984));
#5027 = CARTESIAN_POINT('',(-4.133268774691,-0.384524413645,
    -5.128392287994));
#5028 = CARTESIAN_POINT('',(-4.141635053041,-0.288568079654,
    -5.133018775257));
#5029 = CARTESIAN_POINT('',(-4.147215493484,-0.192396028516,
    -5.13764408209));
#5030 = CARTESIAN_POINT('',(-4.150003825032,-9.611579842627E-02,
    -5.142266327568));
#5031 = CARTESIAN_POINT('',(-4.149999996719,1.650120911507E-04,
    -5.146882910973));
#5032 = PCURVE('',#4658,#5033);
#5033 = DEFINITIONAL_REPRESENTATION('',(#5034),#5049);
#5034 = B_SPLINE_CURVE_WITH_KNOTS('',5,(#5035,#5036,#5037,#5038,#5039,
    #5040,#5041,#5042,#5043,#5044,#5045,#5046,#5047,#5048),
  .UNSPECIFIED.,.F.,.F.,(6,4,4,6),(0.,0.511972176531,0.815389864302,1.),
  .UNSPECIFIED.);
#5035 = CARTESIAN_POINT('',(3.769911066409,3.078124977661));
#5036 = CARTESIAN_POINT('',(3.705570408301,3.065348751781));
#5037 = CARTESIAN_POINT('',(3.641227727219,3.052577048372));
#5038 = CARTESIAN_POINT('',(3.576888683445,3.039806045074));
#5039 = CARTESIAN_POINT('',(3.512546300675,3.027021001111));
#5040 = CARTESIAN_POINT('',(3.410075395035,3.006633195475));
#5041 = CARTESIAN_POINT('',(3.371944504533,2.999040791805));
#5042 = CARTESIAN_POINT('',(3.333814041886,2.99144214684));
#5043 = CARTESIAN_POINT('',(3.295683447443,2.983838156016));
#5044 = CARTESIAN_POINT('',(3.2343530389,2.971607712006));
#5045 = CARTESIAN_POINT('',(3.211153074515,2.966981224743));
#5046 = CARTESIAN_POINT('',(3.187953107031,2.96235591791));
#5047 = CARTESIAN_POINT('',(3.164753086964,2.957733672432));
#5048 = CARTESIAN_POINT('',(3.14155289164,2.953117089027));
#5049 = ( GEOMETRIC_REPRESENTATION_CONTEXT(2) 
PARAMETRIC_REPRESENTATION_CONTEXT() REPRESENTATION_CONTEXT('2D SPACE',''
  ) );
#5050 = PCURVE('',#4786,#5051);
#5051 = DEFINITIONAL_REPRESENTATION('',(#5052),#5067);
#5052 = B_SPLINE_CURVE_WITH_KNOTS('',5,(#5053,#5054,#5055,#5056,#5057,
    #5058,#5059,#5060,#5061,#5062,#5063,#5064,#5065,#5066),
  .UNSPECIFIED.,.F.,.F.,(6,4,4,6),(0.,0.511972176531,0.815389864302,1.),
  .UNSPECIFIED.);
#5053 = CARTESIAN_POINT('',(5.,0.599999981238));
#5054 = CARTESIAN_POINT('',(4.999947207301,0.589762502796));
#5055 = CARTESIAN_POINT('',(4.999881699188,0.579524668768));
#5056 = CARTESIAN_POINT('',(4.99981423693,0.569286784159));
#5057 = CARTESIAN_POINT('',(4.999777296608,0.559047205126));
#5058 = CARTESIAN_POINT('',(4.999780998813,0.542738117541));
#5059 = CARTESIAN_POINT('',(4.999796076524,0.536668906384));
#5060 = CARTESIAN_POINT('',(4.999826232535,0.530599414161));
#5061 = CARTESIAN_POINT('',(4.999869196064,0.524529647602));
#5062 = CARTESIAN_POINT('',(4.999937429655,0.514766615388));
#5063 = CARTESIAN_POINT('',(4.999963001643,0.511073416822));
#5064 = CARTESIAN_POINT('',(4.999985458669,0.507380189176));
#5065 = CARTESIAN_POINT('',(5.000000020027,0.503686943218));
#5066 = CARTESIAN_POINT('',(5.,0.499993670235));
#5067 = ( GEOMETRIC_REPRESENTATION_CONTEXT(2) 
PARAMETRIC_REPRESENTATION_CONTEXT() REPRESENTATION_CONTEXT('2D SPACE',''
  ) );
#5068 = ORIENTED_EDGE('',*,*,#5069,.F.);
#5069 = EDGE_CURVE('',#5070,#5014,#5072,.T.);
#5070 = VERTEX_POINT('',#5071);
#5071 = CARTESIAN_POINT('',(-4.149999996719,1.650120911508E-04,
    -5.146882910973));
#5072 = SURFACE_CURVE('',#5073,(#5085,#5095),.PCURVE_S1.);
#5073 = ( BOUNDED_CURVE() B_SPLINE_CURVE(6,(#5074,#5075,#5076,#5077,
    #5078,#5079,#5080,#5081,#5082,#5083,#5084),.UNSPECIFIED.,.F.,.F.) 
B_SPLINE_CURVE_WITH_KNOTS((7,4,7),(0.,0.5,1.),.UNSPECIFIED.) CURVE() 
GEOMETRIC_REPRESENTATION_ITEM() RATIONAL_B_SPLINE_CURVE((1.,1.,1.,1.,1.,
1.,1.,1.,1.,1.,1.)) REPRESENTATION_ITEM('') );
#5074 = CARTESIAN_POINT('',(4.149999999919,1.266093918875E-14,-5.771875)
  );
#5075 = CARTESIAN_POINT('',(4.135345393091,2.172436459448,
    -5.667708333331));
#5076 = CARTESIAN_POINT('',(2.82777586343,4.344872918886,-5.56354166648)
  );
#5077 = CARTESIAN_POINT('',(-2.463805780402E-02,5.459008095198,
    -5.459374999376));
#5078 = CARTESIAN_POINT('',(-2.790162372705,4.344872918846,
    -5.355208332298));
#5079 = CARTESIAN_POINT('',(-5.509837627334,-7.033342627495E-11,
    -5.146874998564));
#5080 = CARTESIAN_POINT('',(-2.79016237258,-4.344872918947,
    -4.93854166564));
#5081 = CARTESIAN_POINT('',(-2.463805763148E-02,-5.459008095259,
    -4.834374999383));
#5082 = CARTESIAN_POINT('',(2.827775863618,-4.344872918906,
    -4.730208333127));
#5083 = CARTESIAN_POINT('',(4.135345393277,-2.172436459448,
    -4.626041666665));
#5084 = CARTESIAN_POINT('',(4.150000000104,-2.211495142928E-14,-4.521875
    ));
#5085 = PCURVE('',#4658,#5086);
#5086 = DEFINITIONAL_REPRESENTATION('',(#5087),#5094);
#5087 = B_SPLINE_CURVE_WITH_KNOTS('',5,(#5088,#5089,#5090,#5091,#5092,
    #5093),.UNSPECIFIED.,.F.,.F.,(6,6),(0.499993670235,0.500006464948),
  .PIECEWISE_BEZIER_KNOTS.);
#5088 = CARTESIAN_POINT('',(3.14155289164,2.953117089027));
#5089 = CARTESIAN_POINT('',(3.141568966263,2.953120287705));
#5090 = CARTESIAN_POINT('',(3.141585040885,2.953123486384));
#5091 = CARTESIAN_POINT('',(3.141601115507,2.953126685062));
#5092 = CARTESIAN_POINT('',(3.14161719013,2.95312988374));
#5093 = CARTESIAN_POINT('',(3.141633264752,2.953133082418));
#5094 = ( GEOMETRIC_REPRESENTATION_CONTEXT(2) 
PARAMETRIC_REPRESENTATION_CONTEXT() REPRESENTATION_CONTEXT('2D SPACE',''
  ) );
#5095 = PCURVE('',#4786,#5096);
#5096 = DEFINITIONAL_REPRESENTATION('',(#5097),#5101);
#5097 = LINE('',#5098,#5099);
#5098 = CARTESIAN_POINT('',(5.,0.));
#5099 = VECTOR('',#5100,1.);
#5100 = DIRECTION('',(0.,1.));
#5101 = ( GEOMETRIC_REPRESENTATION_CONTEXT(2) 
PARAMETRIC_REPRESENTATION_CONTEXT() REPRESENTATION_CONTEXT('2D SPACE',''
  ) );
#5102 = ORIENTED_EDGE('',*,*,#5103,.F.);
#5103 = EDGE_CURVE('',#5104,#5070,#5106,.T.);
#5104 = VERTEX_POINT('',#5105);
#5105 = CARTESIAN_POINT('',(-3.35742083901,2.439308367096,
    -5.271874973417));
#5106 = SURFACE_CURVE('',#5107,(#5122,#5140),.PCURVE_S1.);
#5107 = B_SPLINE_CURVE_WITH_KNOTS('',5,(#5108,#5109,#5110,#5111,#5112,
    #5113,#5114,#5115,#5116,#5117,#5118,#5119,#5120,#5121),
  .UNSPECIFIED.,.F.,.F.,(6,4,4,6),(0.,0.160051128908,0.50011479981,1.),
  .UNSPECIFIED.);
#5108 = CARTESIAN_POINT('',(-3.357420839015,2.439308367089,
    -5.271874973416));
#5109 = CARTESIAN_POINT('',(-3.406478148888,2.37178675453,
    -5.267868577704));
#5110 = CARTESIAN_POINT('',(-3.45383802458,2.303031908334,
    -5.263861682527));
#5111 = CARTESIAN_POINT('',(-3.499459096397,2.233100780437,
    -5.259854418561));
#5112 = CARTESIAN_POINT('',(-3.543302956343,2.162052249805,
    -5.255846960407));
#5113 = CARTESIAN_POINT('',(-3.674638650185,1.936743989966,
    -5.243324855917));
#5114 = CARTESIAN_POINT('',(-3.755760595472,1.778769827294,
    -5.234810142997));
#5115 = CARTESIAN_POINT('',(-3.8283588582,1.616610156023,-5.226297933324
    ));
#5116 = CARTESIAN_POINT('',(-3.892158035534,1.450879982922,
    -5.217790302581));
#5117 = CARTESIAN_POINT('',(-4.027489025268,1.034303374979,
    -5.19679194101));
#5118 = CARTESIAN_POINT('',(-4.088565817126,0.780050983663,
    -5.184307752136));
#5119 = CARTESIAN_POINT('',(-4.129511426671,0.521524251845,
    -5.171839929675));
#5120 = CARTESIAN_POINT('',(-4.149989631783,0.260839760462,
    -5.159382044612));
#5121 = CARTESIAN_POINT('',(-4.149999996719,1.650120911508E-04,
    -5.146882910973));
#5122 = PCURVE('',#4658,#5123);
#5123 = DEFINITIONAL_REPRESENTATION('',(#5124),#5139);
#5124 = B_SPLINE_CURVE_WITH_KNOTS('',5,(#5125,#5126,#5127,#5128,#5129,
    #5130,#5131,#5132,#5133,#5134,#5135,#5136,#5137,#5138),
  .UNSPECIFIED.,.F.,.F.,(6,4,4,6),(0.,0.160051128908,0.50011479981,1.),
  .UNSPECIFIED.);
#5125 = CARTESIAN_POINT('',(2.513274250924,2.828125026584));
#5126 = CARTESIAN_POINT('',(2.53338540642,2.832131422296));
#5127 = CARTESIAN_POINT('',(2.553496552934,2.836138317473));
#5128 = CARTESIAN_POINT('',(2.573607691839,2.840145581439));
#5129 = CARTESIAN_POINT('',(2.593718825476,2.844153039593));
#5130 = CARTESIAN_POINT('',(2.656560460287,2.856675144083));
#5131 = CARTESIAN_POINT('',(2.699291048283,2.865189857003));
#5132 = CARTESIAN_POINT('',(2.742021716813,2.873702066676));
#5133 = CARTESIAN_POINT('',(2.784752452191,2.882209697419));
#5134 = CARTESIAN_POINT('',(2.890296421771,2.90320805899));
#5135 = CARTESIAN_POINT('',(2.953111659871,2.915692247864));
#5136 = CARTESIAN_POINT('',(3.015923954743,2.928160070325));
#5137 = CARTESIAN_POINT('',(3.078739699212,2.940617955388));
#5138 = CARTESIAN_POINT('',(3.14155289164,2.953117089027));
#5139 = ( GEOMETRIC_REPRESENTATION_CONTEXT(2) 
PARAMETRIC_REPRESENTATION_CONTEXT() REPRESENTATION_CONTEXT('2D SPACE',''
  ) );
#5140 = PCURVE('',#4786,#5141);
#5141 = DEFINITIONAL_REPRESENTATION('',(#5142),#5157);
#5142 = B_SPLINE_CURVE_WITH_KNOTS('',5,(#5143,#5144,#5145,#5146,#5147,
    #5148,#5149,#5150,#5151,#5152,#5153,#5154,#5155,#5156),
  .UNSPECIFIED.,.F.,.F.,(6,4,4,6),(0.,0.160051128908,0.50011479981,1.),
  .UNSPECIFIED.);
#5143 = CARTESIAN_POINT('',(5.,0.400000020373));
#5144 = CARTESIAN_POINT('',(4.999983498424,0.403199980194));
#5145 = CARTESIAN_POINT('',(4.999965724623,0.406399942018));
#5146 = CARTESIAN_POINT('',(4.999947072025,0.409599924248));
#5147 = CARTESIAN_POINT('',(4.999928043165,0.412799944247));
#5148 = CARTESIAN_POINT('',(4.999869318809,0.422799276463));
#5149 = CARTESIAN_POINT('',(4.999830096382,0.42959878978));
#5150 = CARTESIAN_POINT('',(4.999798612849,0.436398718906));
#5151 = CARTESIAN_POINT('',(4.999780414018,0.443199136359));
#5152 = CARTESIAN_POINT('',(4.999778307232,0.459997167229));
#5153 = CARTESIAN_POINT('',(4.999813843656,0.469995623454));
#5154 = CARTESIAN_POINT('',(4.999892955775,0.479994603955));
#5155 = CARTESIAN_POINT('',(4.999999945777,0.489994346379));
#5156 = CARTESIAN_POINT('',(5.,0.499993670235));
#5157 = ( GEOMETRIC_REPRESENTATION_CONTEXT(2) 
PARAMETRIC_REPRESENTATION_CONTEXT() REPRESENTATION_CONTEXT('2D SPACE',''
  ) );
#5158 = ORIENTED_EDGE('',*,*,#5159,.T.);
#5159 = EDGE_CURVE('',#5104,#5160,#5162,.T.);
#5160 = VERTEX_POINT('',#5161);
#5161 = CARTESIAN_POINT('',(-1.291957046454,3.943773192023,
    -5.396393983985));
#5162 = SURFACE_CURVE('',#5163,(#5176,#5192),.PCURVE_S1.);
#5163 = B_SPLINE_CURVE_WITH_KNOTS('',6,(#5164,#5165,#5166,#5167,#5168,
    #5169,#5170,#5171,#5172,#5173,#5174,#5175),.UNSPECIFIED.,.F.,.F.,(7,
    5,7),(0.,0.36333923196,1.),.UNSPECIFIED.);
#5164 = CARTESIAN_POINT('',(-3.357420839015,2.439308367089,
    -5.271874973416));
#5165 = CARTESIAN_POINT('',(-3.264966026623,2.566561533593,
    -5.279413393436));
#5166 = CARTESIAN_POINT('',(-3.16672276787,2.689610430026,
    -5.286951809875));
#5167 = CARTESIAN_POINT('',(-3.062931560723,2.808124228016,
    -5.29449035677));
#5168 = CARTESIAN_POINT('',(-2.953855660899,2.921792952036,
    -5.302029143654));
#5169 = CARTESIAN_POINT('',(-2.83978108187,3.0303274794,-5.309568255554)
  );
#5170 = CARTESIAN_POINT('',(-2.512911653622,3.314172580058,
    -5.33031882907));
#5171 = CARTESIAN_POINT('',(-2.290392363195,3.478310896552,
    -5.343531897725));
#5172 = CARTESIAN_POINT('',(-2.055134901693,3.624412771856,
    -5.356745613794));
#5173 = CARTESIAN_POINT('',(-1.80897505097,3.751286798031,-5.36996078357
    ));
#5174 = CARTESIAN_POINT('',(-1.553877579469,3.857969556326,
    -5.383177684985));
#5175 = CARTESIAN_POINT('',(-1.291957046454,3.943773192023,
    -5.396393983985));
#5176 = PCURVE('',#4658,#5177);
#5177 = DEFINITIONAL_REPRESENTATION('',(#5178),#5191);
#5178 = B_SPLINE_CURVE_WITH_KNOTS('',6,(#5179,#5180,#5181,#5182,#5183,
    #5184,#5185,#5186,#5187,#5188,#5189,#5190),.UNSPECIFIED.,.F.,.F.,(7,
    5,7),(0.,0.36333923196,1.),.UNSPECIFIED.);
#5179 = CARTESIAN_POINT('',(2.513274250924,2.828125026584));
#5180 = CARTESIAN_POINT('',(2.475372190799,2.820586606564));
#5181 = CARTESIAN_POINT('',(2.437470049904,2.813048190125));
#5182 = CARTESIAN_POINT('',(2.399567869115,2.80550964323));
#5183 = CARTESIAN_POINT('',(2.361665691528,2.797970856346));
#5184 = CARTESIAN_POINT('',(2.323763562454,2.790431744446));
#5185 = CARTESIAN_POINT('',(2.219447733879,2.76968117093));
#5186 = CARTESIAN_POINT('',(2.15303010329,2.756468102275));
#5187 = CARTESIAN_POINT('',(2.086616999608,2.743254386206));
#5188 = CARTESIAN_POINT('',(2.020203953829,2.73003921643));
#5189 = CARTESIAN_POINT('',(1.953786448957,2.716822315015));
#5190 = CARTESIAN_POINT('',(1.887372758245,2.703606016015));
#5191 = ( GEOMETRIC_REPRESENTATION_CONTEXT(2) 
PARAMETRIC_REPRESENTATION_CONTEXT() REPRESENTATION_CONTEXT('2D SPACE',''
  ) );
#5192 = PCURVE('',#5193,#5216);
#5193 = ( BOUNDED_SURFACE() B_SPLINE_SURFACE(1,6,(
    (#5194,#5195,#5196,#5197,#5198,#5199,#5200,#5201,#5202,#5203,#5204)
    ,(#5205,#5206,#5207,#5208,#5209,#5210,#5211,#5212,#5213,#5214,#5215
)),.UNSPECIFIED.,.F.,.F.,.F.) B_SPLINE_SURFACE_WITH_KNOTS((2,2),(7,4,7),
(5.,6.),(0.,0.5,1.),.UNSPECIFIED.) GEOMETRIC_REPRESENTATION_ITEM() 
RATIONAL_B_SPLINE_SURFACE((
    (1.,1.,1.,1.,1.,1.,1.,1.,1.,1.,1.)
,(1.,1.,1.,1.,1.,1.,1.,1.,1.,1.,1.
  ))) REPRESENTATION_ITEM('') SURFACE() );
#5194 = CARTESIAN_POINT('',(4.149999999919,1.266093918875E-14,-5.771875)
  );
#5195 = CARTESIAN_POINT('',(4.135345393091,2.172436459448,
    -5.667708333331));
#5196 = CARTESIAN_POINT('',(2.82777586343,4.344872918886,-5.56354166648)
  );
#5197 = CARTESIAN_POINT('',(-2.463805780402E-02,5.459008095198,
    -5.459374999376));
#5198 = CARTESIAN_POINT('',(-2.790162372705,4.344872918846,
    -5.355208332298));
#5199 = CARTESIAN_POINT('',(-5.509837627334,-7.033342627495E-11,
    -5.146874998564));
#5200 = CARTESIAN_POINT('',(-2.79016237258,-4.344872918947,
    -4.93854166564));
#5201 = CARTESIAN_POINT('',(-2.463805763148E-02,-5.459008095259,
    -4.834374999383));
#5202 = CARTESIAN_POINT('',(2.827775863618,-4.344872918906,
    -4.730208333127));
#5203 = CARTESIAN_POINT('',(4.135345393277,-2.172436459448,
    -4.626041666665));
#5204 = CARTESIAN_POINT('',(4.150000000104,-2.211495142928E-14,-4.521875
    ));
#5205 = CARTESIAN_POINT('',(4.349999999919,1.417809746446E-12,
    -5.77187500003));
#5206 = CARTESIAN_POINT('',(4.334639147028,2.27713219245,-5.667708333361
    ));
#5207 = CARTESIAN_POINT('',(2.964054218175,4.554264384888,-5.5635416665)
  );
#5208 = CARTESIAN_POINT('',(-2.58254339974E-02,5.722092822628,
    -5.459374999375));
#5209 = CARTESIAN_POINT('',(-2.924628029228,4.554264384845,
    -5.355208332278));
#5210 = CARTESIAN_POINT('',(-5.775371970813,-7.240982239931E-11,
    -5.146874998525));
#5211 = CARTESIAN_POINT('',(-2.9246280291,-4.554264384949,-4.93854166562
    ));
#5212 = CARTESIAN_POINT('',(-2.58254338211E-02,-5.722092822688,
    -4.834374999383));
#5213 = CARTESIAN_POINT('',(2.964054218366,-4.554264384906,
    -4.730208333147));
#5214 = CARTESIAN_POINT('',(4.334639147216,-2.277132192447,
    -4.626041666694));
#5215 = CARTESIAN_POINT('',(4.350000000104,1.420208781625E-12,
    -4.52187500003));
#5216 = DEFINITIONAL_REPRESENTATION('',(#5217),#5230);
#5217 = B_SPLINE_CURVE_WITH_KNOTS('',6,(#5218,#5219,#5220,#5221,#5222,
    #5223,#5224,#5225,#5226,#5227,#5228,#5229),.UNSPECIFIED.,.F.,.F.,(7,
    5,7),(0.,0.36333923196,1.),.UNSPECIFIED.);
#5218 = CARTESIAN_POINT('',(5.,0.400000020373));
#5219 = CARTESIAN_POINT('',(5.000105206333,0.393969284368));
#5220 = CARTESIAN_POINT('',(5.000195685114,0.387938551228));
#5221 = CARTESIAN_POINT('',(5.000264121143,0.381907713725));
#5222 = CARTESIAN_POINT('',(5.000307179257,0.375876684231));
#5223 = CARTESIAN_POINT('',(5.000325504332,0.369845394724));
#5224 = CARTESIAN_POINT('',(5.000320596936,0.35324493595));
#5225 = CARTESIAN_POINT('',(5.000255306889,0.342674481053));
#5226 = CARTESIAN_POINT('',(5.000148808291,0.332103508225));
#5227 = CARTESIAN_POINT('',(5.000051738202,0.321531372434));
#5228 = CARTESIAN_POINT('',(5.000000759587,0.310957851332));
#5229 = CARTESIAN_POINT('',(5.,0.300384812164));
#5230 = ( GEOMETRIC_REPRESENTATION_CONTEXT(2) 
PARAMETRIC_REPRESENTATION_CONTEXT() REPRESENTATION_CONTEXT('2D SPACE',''
  ) );
#5231 = ORIENTED_EDGE('',*,*,#5232,.F.);
#5232 = EDGE_CURVE('',#5233,#5160,#5235,.T.);
#5233 = VERTEX_POINT('',#5234);
#5234 = CARTESIAN_POINT('',(-1.282473581817,3.946867303566,
    -5.396872324177));
#5235 = SURFACE_CURVE('',#5236,(#5248,#5258),.PCURVE_S1.);
#5236 = ( BOUNDED_CURVE() B_SPLINE_CURVE(6,(#5237,#5238,#5239,#5240,
    #5241,#5242,#5243,#5244,#5245,#5246,#5247),.UNSPECIFIED.,.F.,.F.) 
B_SPLINE_CURVE_WITH_KNOTS((7,4,7),(0.,0.5,1.),.UNSPECIFIED.) CURVE() 
GEOMETRIC_REPRESENTATION_ITEM() RATIONAL_B_SPLINE_CURVE((1.,1.,1.,1.,1.,
1.,1.,1.,1.,1.,1.)) REPRESENTATION_ITEM('') );
#5237 = CARTESIAN_POINT('',(4.149999999919,1.266093918875E-14,-5.771875)
  );
#5238 = CARTESIAN_POINT('',(4.135345393091,2.172436459448,
    -5.667708333331));
#5239 = CARTESIAN_POINT('',(2.82777586343,4.344872918886,-5.56354166648)
  );
#5240 = CARTESIAN_POINT('',(-2.463805780402E-02,5.459008095198,
    -5.459374999376));
#5241 = CARTESIAN_POINT('',(-2.790162372705,4.344872918846,
    -5.355208332298));
#5242 = CARTESIAN_POINT('',(-5.509837627334,-7.033342627495E-11,
    -5.146874998564));
#5243 = CARTESIAN_POINT('',(-2.79016237258,-4.344872918947,
    -4.93854166564));
#5244 = CARTESIAN_POINT('',(-2.463805763148E-02,-5.459008095259,
    -4.834374999383));
#5245 = CARTESIAN_POINT('',(2.827775863618,-4.344872918906,
    -4.730208333127));
#5246 = CARTESIAN_POINT('',(4.135345393277,-2.172436459448,
    -4.626041666665));
#5247 = CARTESIAN_POINT('',(4.150000000104,-2.211495142928E-14,-4.521875
    ));
#5248 = PCURVE('',#4658,#5249);
#5249 = DEFINITIONAL_REPRESENTATION('',(#5250),#5257);
#5250 = B_SPLINE_CURVE_WITH_KNOTS('',5,(#5251,#5252,#5253,#5254,#5255,
    #5256),.UNSPECIFIED.,.F.,.F.,(6,6),(0.300002140011,0.300384812164),
  .PIECEWISE_BEZIER_KNOTS.);
#5251 = CARTESIAN_POINT('',(1.884969034472,2.703127675823));
#5252 = CARTESIAN_POINT('',(1.885449779147,2.703223343861));
#5253 = CARTESIAN_POINT('',(1.88593052386,2.7033190119));
#5254 = CARTESIAN_POINT('',(1.886411268613,2.703414679938));
#5255 = CARTESIAN_POINT('',(1.886892013408,2.703510347977));
#5256 = CARTESIAN_POINT('',(1.887372758245,2.703606016015));
#5257 = ( GEOMETRIC_REPRESENTATION_CONTEXT(2) 
PARAMETRIC_REPRESENTATION_CONTEXT() REPRESENTATION_CONTEXT('2D SPACE',''
  ) );
#5258 = PCURVE('',#4786,#5259);
#5259 = DEFINITIONAL_REPRESENTATION('',(#5260),#5264);
#5260 = LINE('',#5261,#5262);
#5261 = CARTESIAN_POINT('',(5.,0.));
#5262 = VECTOR('',#5263,1.);
#5263 = DIRECTION('',(0.,1.));
#5264 = ( GEOMETRIC_REPRESENTATION_CONTEXT(2) 
PARAMETRIC_REPRESENTATION_CONTEXT() REPRESENTATION_CONTEXT('2D SPACE',''
  ) );
#5265 = ORIENTED_EDGE('',*,*,#5266,.F.);
#5266 = EDGE_CURVE('',#5267,#5233,#5269,.T.);
#5267 = VERTEX_POINT('',#5268);
#5268 = CARTESIAN_POINT('',(1.282420757097,3.94688446775,-5.52187501119)
  );
#5269 = SURFACE_CURVE('',#5270,(#5285,#5303),.PCURVE_S1.);
#5270 = B_SPLINE_CURVE_WITH_KNOTS('',5,(#5271,#5272,#5273,#5274,#5275,
    #5276,#5277,#5278,#5279,#5280,#5281,#5282,#5283,#5284),
  .UNSPECIFIED.,.F.,.F.,(6,4,4,6),(0.,0.334929250305,0.694694269349,1.),
  .UNSPECIFIED.);
#5271 = CARTESIAN_POINT('',(1.282420757093,3.946884467751,-5.52187501119
    ));
#5272 = CARTESIAN_POINT('',(1.116299133756,4.000860665867,
    -5.513504623166));
#5273 = CARTESIAN_POINT('',(0.947336784098,4.046097189616,
    -5.505134014159));
#5274 = CARTESIAN_POINT('',(0.776149528281,4.082394072489,
    -5.496763065401));
#5275 = CARTESIAN_POINT('',(0.60336792149,4.109617611608,-5.488391419371
    ));
#5276 = CARTESIAN_POINT('',(0.243021551921,4.147124640581,
    -5.471026083525));
#5277 = CARTESIAN_POINT('',(5.530790737582E-02,4.156002561282,
    -5.46203216812));
#5278 = CARTESIAN_POINT('',(-0.132706010154,4.15425145932,
    -5.453037545991));
#5279 = CARTESIAN_POINT('',(-0.320221432746,4.141878849035,
    -5.444042060225));
#5280 = CARTESIAN_POINT('',(-0.664472630465,4.099552108867,
    -5.427411891795));
#5281 = CARTESIAN_POINT('',(-0.821572612589,4.07254267986,
    -5.419777277562));
#5282 = CARTESIAN_POINT('',(-0.977254709721,4.038014207695,
    -5.412142402747));
#5283 = CARTESIAN_POINT('',(-1.131042601554,3.996072327737,
    -5.404507419816));
#5284 = CARTESIAN_POINT('',(-1.282470412641,3.946868333337,
    -5.396872483966));
#5285 = PCURVE('',#4658,#5286);
#5286 = DEFINITIONAL_REPRESENTATION('',(#5287),#5302);
#5287 = B_SPLINE_CURVE_WITH_KNOTS('',5,(#5288,#5289,#5290,#5291,#5292,
    #5293,#5294,#5295,#5296,#5297,#5298,#5299,#5300,#5301),
  .UNSPECIFIED.,.F.,.F.,(6,4,4,6),(0.,0.334929250305,0.694694269349,1.),
  .UNSPECIFIED.);
#5288 = CARTESIAN_POINT('',(1.256637003051,2.57812498881));
#5289 = CARTESIAN_POINT('',(1.298726307842,2.586495376834));
#5290 = CARTESIAN_POINT('',(1.340815850149,2.594865985841));
#5291 = CARTESIAN_POINT('',(1.382904946478,2.603236934599));
#5292 = CARTESIAN_POINT('',(1.424994479335,2.611608580629));
#5293 = CARTESIAN_POINT('',(1.512294019168,2.628973916475));
#5294 = CARTESIAN_POINT('',(1.557504646469,2.63796783188));
#5295 = CARTESIAN_POINT('',(1.602714601402,2.646962454009));
#5296 = CARTESIAN_POINT('',(1.647925155728,2.655957939775));
#5297 = CARTESIAN_POINT('',(1.731501911946,2.672588108205));
#5298 = CARTESIAN_POINT('',(1.76986852066,2.680222722438));
#5299 = CARTESIAN_POINT('',(1.808235108241,2.687857597253));
#5300 = CARTESIAN_POINT('',(1.846601658751,2.695492580184));
#5301 = CARTESIAN_POINT('',(1.884968231512,2.703127516034));
#5302 = ( GEOMETRIC_REPRESENTATION_CONTEXT(2) 
PARAMETRIC_REPRESENTATION_CONTEXT() REPRESENTATION_CONTEXT('2D SPACE',''
  ) );
#5303 = PCURVE('',#5304,#5327);
#5304 = ( BOUNDED_SURFACE() B_SPLINE_SURFACE(1,6,(
    (#5305,#5306,#5307,#5308,#5309,#5310,#5311,#5312,#5313,#5314,#5315)
    ,(#5316,#5317,#5318,#5319,#5320,#5321,#5322,#5323,#5324,#5325,#5326
)),.UNSPECIFIED.,.F.,.F.,.F.) B_SPLINE_SURFACE_WITH_KNOTS((2,2),(7,4,7),
(5.,6.),(0.,0.5,1.),.UNSPECIFIED.) GEOMETRIC_REPRESENTATION_ITEM() 
RATIONAL_B_SPLINE_SURFACE((
    (1.,1.,1.,1.,1.,1.,1.,1.,1.,1.,1.)
,(1.,1.,1.,1.,1.,1.,1.,1.,1.,1.,1.
  ))) REPRESENTATION_ITEM('') SURFACE() );
#5305 = CARTESIAN_POINT('',(4.149999999919,1.266093918875E-14,-5.771875)
  );
#5306 = CARTESIAN_POINT('',(4.135345393091,2.172436459448,
    -5.667708333331));
#5307 = CARTESIAN_POINT('',(2.82777586343,4.344872918886,-5.56354166648)
  );
#5308 = CARTESIAN_POINT('',(-2.463805780402E-02,5.459008095198,
    -5.459374999376));
#5309 = CARTESIAN_POINT('',(-2.790162372705,4.344872918846,
    -5.355208332298));
#5310 = CARTESIAN_POINT('',(-5.509837627334,-7.033342627495E-11,
    -5.146874998564));
#5311 = CARTESIAN_POINT('',(-2.79016237258,-4.344872918947,
    -4.93854166564));
#5312 = CARTESIAN_POINT('',(-2.463805763148E-02,-5.459008095259,
    -4.834374999383));
#5313 = CARTESIAN_POINT('',(2.827775863618,-4.344872918906,
    -4.730208333127));
#5314 = CARTESIAN_POINT('',(4.135345393277,-2.172436459448,
    -4.626041666665));
#5315 = CARTESIAN_POINT('',(4.150000000104,-2.211495142928E-14,-4.521875
    ));
#5316 = CARTESIAN_POINT('',(4.349999999919,1.417809746446E-12,
    -5.77187500003));
#5317 = CARTESIAN_POINT('',(4.334639147028,2.27713219245,-5.667708333361
    ));
#5318 = CARTESIAN_POINT('',(2.964054218175,4.554264384888,-5.5635416665)
  );
#5319 = CARTESIAN_POINT('',(-2.58254339974E-02,5.722092822628,
    -5.459374999375));
#5320 = CARTESIAN_POINT('',(-2.924628029228,4.554264384845,
    -5.355208332278));
#5321 = CARTESIAN_POINT('',(-5.775371970813,-7.240982239931E-11,
    -5.146874998525));
#5322 = CARTESIAN_POINT('',(-2.9246280291,-4.554264384949,-4.93854166562
    ));
#5323 = CARTESIAN_POINT('',(-2.58254338211E-02,-5.722092822688,
    -4.834374999383));
#5324 = CARTESIAN_POINT('',(2.964054218366,-4.554264384906,
    -4.730208333147));
#5325 = CARTESIAN_POINT('',(4.334639147216,-2.277132192447,
    -4.626041666694));
#5326 = CARTESIAN_POINT('',(4.350000000104,1.420208781625E-12,
    -4.52187500003));
#5327 = DEFINITIONAL_REPRESENTATION('',(#5328),#5343);
#5328 = B_SPLINE_CURVE_WITH_KNOTS('',5,(#5329,#5330,#5331,#5332,#5333,
    #5334,#5335,#5336,#5337,#5338,#5339,#5340,#5341,#5342),
  .UNSPECIFIED.,.F.,.F.,(6,4,4,6),(0.,0.334929250305,0.694694269349,1.),
  .UNSPECIFIED.);
#5329 = CARTESIAN_POINT('',(5.,0.199999990708));
#5330 = CARTESIAN_POINT('',(5.000182432883,0.206696301107));
#5331 = CARTESIAN_POINT('',(5.000316907353,0.213392788293));
#5332 = CARTESIAN_POINT('',(5.000396340719,0.220089547279));
#5333 = CARTESIAN_POINT('',(5.00042805508,0.226786864082));
#5334 = CARTESIAN_POINT('',(5.000420369383,0.240679132715));
#5335 = CARTESIAN_POINT('',(5.000375479166,0.247874265017));
#5336 = CARTESIAN_POINT('',(5.000304951299,0.255069962698));
#5337 = CARTESIAN_POINT('',(5.000229602632,0.262266351288));
#5338 = CARTESIAN_POINT('',(5.00010575297,0.275570485991));
#5339 = CARTESIAN_POINT('',(5.000054850268,0.281678177359));
#5340 = CARTESIAN_POINT('',(5.000018454053,0.287786077192));
#5341 = CARTESIAN_POINT('',(5.000000439123,0.293894063519));
#5342 = CARTESIAN_POINT('',(5.,0.30000201218));
#5343 = ( GEOMETRIC_REPRESENTATION_CONTEXT(2) 
PARAMETRIC_REPRESENTATION_CONTEXT() REPRESENTATION_CONTEXT('2D SPACE',''
  ) );
#5344 = ORIENTED_EDGE('',*,*,#5345,.F.);
#5345 = EDGE_CURVE('',#5346,#5267,#5348,.T.);
#5346 = VERTEX_POINT('',#5347);
#5347 = CARTESIAN_POINT('',(3.357420448445,2.439308904661,
    -5.646874993504));
#5348 = SURFACE_CURVE('',#5349,(#5357,#5368),.PCURVE_S1.);
#5349 = B_SPLINE_CURVE_WITH_KNOTS('',6,(#5350,#5351,#5352,#5353,#5354,
    #5355,#5356),.UNSPECIFIED.,.F.,.F.,(7,7),(0.,1.),
  .PIECEWISE_BEZIER_KNOTS.);
#5350 = CARTESIAN_POINT('',(3.357420448445,2.439308904662,
    -5.646874993504));
#5351 = CARTESIAN_POINT('',(3.10201512344,2.790844152688,-5.625793365259
    ));
#5352 = CARTESIAN_POINT('',(2.802340674316,3.11042659018,-5.604861137745
    ));
#5353 = CARTESIAN_POINT('',(2.463583858993,3.390789041586,-5.58410917468
    ));
#5354 = CARTESIAN_POINT('',(2.092262277666,3.626337636094,
    -5.563391700979));
#5355 = CARTESIAN_POINT('',(1.695702800428,3.812600965095,
    -5.542646690331));
#5356 = CARTESIAN_POINT('',(1.282420757101,3.946884467749,-5.52187501119
    ));
#5357 = PCURVE('',#4658,#5358);
#5358 = DEFINITIONAL_REPRESENTATION('',(#5359),#5367);
#5359 = B_SPLINE_CURVE_WITH_KNOTS('',6,(#5360,#5361,#5362,#5363,#5364,
    #5365,#5366),.UNSPECIFIED.,.F.,.F.,(7,7),(0.,1.),
  .PIECEWISE_BEZIER_KNOTS.);
#5360 = CARTESIAN_POINT('',(0.628318562781,2.453125006496));
#5361 = CARTESIAN_POINT('',(0.733022532219,2.474206634741));
#5362 = CARTESIAN_POINT('',(0.837766707173,2.495138862255));
#5363 = CARTESIAN_POINT('',(0.942471771796,2.51589082532));
#5364 = CARTESIAN_POINT('',(1.047177729487,2.536608299021));
#5365 = CARTESIAN_POINT('',(1.151926047686,2.557353309669));
#5366 = CARTESIAN_POINT('',(1.256637003049,2.57812498881));
#5367 = ( GEOMETRIC_REPRESENTATION_CONTEXT(2) 
PARAMETRIC_REPRESENTATION_CONTEXT() REPRESENTATION_CONTEXT('2D SPACE',''
  ) );
#5368 = PCURVE('',#4786,#5369);
#5369 = DEFINITIONAL_REPRESENTATION('',(#5370),#5378);
#5370 = B_SPLINE_CURVE_WITH_KNOTS('',6,(#5371,#5372,#5373,#5374,#5375,
    #5376,#5377),.UNSPECIFIED.,.F.,.F.,(7,7),(0.,1.),
  .PIECEWISE_BEZIER_KNOTS.);
#5371 = CARTESIAN_POINT('',(5.,0.100000005104));
#5372 = CARTESIAN_POINT('',(4.999384787022,0.116673053614));
#5373 = CARTESIAN_POINT('',(4.999168667074,0.133351298106));
#5374 = CARTESIAN_POINT('',(4.999373817239,0.150016977944));
#5375 = CARTESIAN_POINT('',(4.999646905329,0.166676296889));
#5376 = CARTESIAN_POINT('',(4.999865836981,0.183340721501));
#5377 = CARTESIAN_POINT('',(5.,0.199999990708));
#5378 = ( GEOMETRIC_REPRESENTATION_CONTEXT(2) 
PARAMETRIC_REPRESENTATION_CONTEXT() REPRESENTATION_CONTEXT('2D SPACE',''
  ) );
#5379 = ORIENTED_EDGE('',*,*,#5380,.F.);
#5380 = EDGE_CURVE('',#3752,#5346,#5381,.T.);
#5381 = SURFACE_CURVE('',#5382,(#5395,#5411),.PCURVE_S1.);
#5382 = B_SPLINE_CURVE_WITH_KNOTS('',6,(#5383,#5384,#5385,#5386,#5387,
    #5388,#5389,#5390,#5391,#5392,#5393,#5394),.UNSPECIFIED.,.F.,.F.,(7,
    5,7),(0.,0.656838922684,1.),.UNSPECIFIED.);
#5383 = CARTESIAN_POINT('',(4.149999999919,1.242062008799E-14,-5.771875)
  );
#5384 = CARTESIAN_POINT('',(4.149999999919,0.285325869622,-5.75819384278
    ));
#5385 = CARTESIAN_POINT('',(4.126459386789,0.570817387676,
    -5.744519980518));
#5386 = CARTESIAN_POINT('',(4.079327830369,0.853879590922,
    -5.730844446651));
#5387 = CARTESIAN_POINT('',(4.008976274551,1.132051253407,
    -5.717164543072));
#5388 = CARTESIAN_POINT('',(3.91606979237,1.402991550597,-5.703480009247
    ));
#5389 = CARTESIAN_POINT('',(3.741760826402,1.801101828448,
    -5.682640478221));
#5390 = CARTESIAN_POINT('',(3.676053058706,1.935138843888,
    -5.675488193414));
#5391 = CARTESIAN_POINT('',(3.604593040022,2.066278590611,
    -5.668335229359));
#5392 = CARTESIAN_POINT('',(3.527541985177,2.194214465198,
    -5.661181849143));
#5393 = CARTESIAN_POINT('',(3.445082871131,2.318651939108,
    -5.654028328251));
#5394 = CARTESIAN_POINT('',(3.357420448445,2.439308904662,
    -5.646874993504));
#5395 = PCURVE('',#4658,#5396);
#5396 = DEFINITIONAL_REPRESENTATION('',(#5397),#5410);
#5397 = B_SPLINE_CURVE_WITH_KNOTS('',6,(#5398,#5399,#5400,#5401,#5402,
    #5403,#5404,#5405,#5406,#5407,#5408,#5409),.UNSPECIFIED.,.F.,.F.,(7,
    5,7),(0.,0.656838922684,1.),.UNSPECIFIED.);
#5398 = CARTESIAN_POINT('',(0.,2.328125));
#5399 = CARTESIAN_POINT('',(6.875322159572E-02,2.34180615722));
#5400 = CARTESIAN_POINT('',(0.137546309707,2.355480019482));
#5401 = CARTESIAN_POINT('',(0.206339309125,2.369155553349));
#5402 = CARTESIAN_POINT('',(0.275126297822,2.382835456928));
#5403 = CARTESIAN_POINT('',(0.343910793429,2.396519990753));
#5404 = CARTESIAN_POINT('',(0.448633199559,2.417359521779));
#5405 = CARTESIAN_POINT('',(0.484570008157,2.424511806586));
#5406 = CARTESIAN_POINT('',(0.520506761324,2.431664770641));
#5407 = CARTESIAN_POINT('',(0.556443744167,2.438818150857));
#5408 = CARTESIAN_POINT('',(0.59238116161,2.445971671749));
#5409 = CARTESIAN_POINT('',(0.628318562781,2.453125006496));
#5410 = ( GEOMETRIC_REPRESENTATION_CONTEXT(2) 
PARAMETRIC_REPRESENTATION_CONTEXT() REPRESENTATION_CONTEXT('2D SPACE',''
  ) );
#5411 = PCURVE('',#5412,#5435);
#5412 = ( BOUNDED_SURFACE() B_SPLINE_SURFACE(1,6,(
    (#5413,#5414,#5415,#5416,#5417,#5418,#5419,#5420,#5421,#5422,#5423)
    ,(#5424,#5425,#5426,#5427,#5428,#5429,#5430,#5431,#5432,#5433,#5434
)),.UNSPECIFIED.,.F.,.F.,.F.) B_SPLINE_SURFACE_WITH_KNOTS((2,2),(7,4,7),
(5.,6.),(0.,0.5,1.),.UNSPECIFIED.) GEOMETRIC_REPRESENTATION_ITEM() 
RATIONAL_B_SPLINE_SURFACE((
    (1.,1.,1.,1.,1.,1.,1.,1.,1.,1.,1.)
,(1.,1.,1.,1.,1.,1.,1.,1.,1.,1.,1.
  ))) REPRESENTATION_ITEM('') SURFACE() );
#5413 = CARTESIAN_POINT('',(4.149999999919,1.266093918875E-14,-5.771875)
  );
#5414 = CARTESIAN_POINT('',(4.135345393091,2.172436459448,
    -5.667708333331));
#5415 = CARTESIAN_POINT('',(2.82777586343,4.344872918886,-5.56354166648)
  );
#5416 = CARTESIAN_POINT('',(-2.463805780402E-02,5.459008095198,
    -5.459374999376));
#5417 = CARTESIAN_POINT('',(-2.790162372705,4.344872918846,
    -5.355208332298));
#5418 = CARTESIAN_POINT('',(-5.509837627334,-7.033342627495E-11,
    -5.146874998564));
#5419 = CARTESIAN_POINT('',(-2.79016237258,-4.344872918947,
    -4.93854166564));
#5420 = CARTESIAN_POINT('',(-2.463805763148E-02,-5.459008095259,
    -4.834374999383));
#5421 = CARTESIAN_POINT('',(2.827775863618,-4.344872918906,
    -4.730208333127));
#5422 = CARTESIAN_POINT('',(4.135345393277,-2.172436459448,
    -4.626041666665));
#5423 = CARTESIAN_POINT('',(4.150000000104,-2.211495142928E-14,-4.521875
    ));
#5424 = CARTESIAN_POINT('',(4.349999999919,1.417809746446E-12,
    -5.77187500003));
#5425 = CARTESIAN_POINT('',(4.334639147028,2.27713219245,-5.667708333361
    ));
#5426 = CARTESIAN_POINT('',(2.964054218175,4.554264384888,-5.5635416665)
  );
#5427 = CARTESIAN_POINT('',(-2.58254339974E-02,5.722092822628,
    -5.459374999375));
#5428 = CARTESIAN_POINT('',(-2.924628029228,4.554264384845,
    -5.355208332278));
#5429 = CARTESIAN_POINT('',(-5.775371970813,-7.240982239931E-11,
    -5.146874998525));
#5430 = CARTESIAN_POINT('',(-2.9246280291,-4.554264384949,-4.93854166562
    ));
#5431 = CARTESIAN_POINT('',(-2.58254338211E-02,-5.722092822688,
    -4.834374999383));
#5432 = CARTESIAN_POINT('',(2.964054218366,-4.554264384906,
    -4.730208333147));
#5433 = CARTESIAN_POINT('',(4.334639147216,-2.277132192447,
    -4.626041666694));
#5434 = CARTESIAN_POINT('',(4.350000000104,1.420208781625E-12,
    -4.52187500003));
#5435 = DEFINITIONAL_REPRESENTATION('',(#5436),#5449);
#5436 = B_SPLINE_CURVE_WITH_KNOTS('',6,(#5437,#5438,#5439,#5440,#5441,
    #5442,#5443,#5444,#5445,#5446,#5447,#5448),.UNSPECIFIED.,.F.,.F.,(7,
    5,7),(0.,0.656838922684,1.),.UNSPECIFIED.);
#5437 = CARTESIAN_POINT('',(5.,0.));
#5438 = CARTESIAN_POINT('',(5.009623615041,1.094492577605E-02));
#5439 = CARTESIAN_POINT('',(5.013063436943,2.188401558276E-02));
#5440 = CARTESIAN_POINT('',(5.012924636189,3.282444267142E-02));
#5441 = CARTESIAN_POINT('',(5.011105504399,4.376836552625E-02));
#5442 = CARTESIAN_POINT('',(5.008693156915,5.471599257539E-02));
#5443 = CARTESIAN_POINT('',(5.005035061288,7.138761737563E-02));
#5444 = CARTESIAN_POINT('',(5.003782197924,7.710944521334E-02));
#5445 = CARTESIAN_POINT('',(5.002617158554,8.283181644954E-02));
#5446 = CARTESIAN_POINT('',(5.001587745359,8.855452061296E-02));
#5447 = CARTESIAN_POINT('',(5.000714331293,9.427733731706E-02));
#5448 = CARTESIAN_POINT('',(5.,0.100000005104));
#5449 = ( GEOMETRIC_REPRESENTATION_CONTEXT(2) 
PARAMETRIC_REPRESENTATION_CONTEXT() REPRESENTATION_CONTEXT('2D SPACE',''
  ) );
#5450 = ORIENTED_EDGE('',*,*,#4644,.F.);
#5451 = ORIENTED_EDGE('',*,*,#5452,.T.);
#5452 = EDGE_CURVE('',#4596,#5453,#5455,.T.);
#5453 = VERTEX_POINT('',#5454);
#5454 = CARTESIAN_POINT('',(3.357420490533,2.439308846733,
    -5.803124997055));
#5455 = SURFACE_CURVE('',#5456,(#5469,#5485),.PCURVE_S1.);
#5456 = B_SPLINE_CURVE_WITH_KNOTS('',6,(#5457,#5458,#5459,#5460,#5461,
    #5462,#5463,#5464,#5465,#5466,#5467,#5468),.UNSPECIFIED.,.F.,.F.,(7,
    5,7),(0.,0.656838956144,1.),.UNSPECIFIED.);
#5457 = CARTESIAN_POINT('',(4.15,-8.465450562767E-16,-5.928125));
#5458 = CARTESIAN_POINT('',(4.15,0.285325876131,-5.914443842468));
#5459 = CARTESIAN_POINT('',(4.126459385352,0.57081740136,-5.900769979865
    ));
#5460 = CARTESIAN_POINT('',(4.079327827436,0.85387961046,-5.887094445717
    ));
#5461 = CARTESIAN_POINT('',(4.008976267783,1.132051279616,
    -5.873414541802));
#5462 = CARTESIAN_POINT('',(3.916069781552,1.40299158217,-5.859730007686
    ));
#5463 = CARTESIAN_POINT('',(3.741760816493,1.801101847494,
    -5.838890477253));
#5464 = CARTESIAN_POINT('',(3.676053056436,1.9351388459,-5.831738193348)
  );
#5465 = CARTESIAN_POINT('',(3.604593046837,2.066278576298,
    -5.824585230195));
#5466 = CARTESIAN_POINT('',(3.527542002462,2.194214435381,
    -5.817431850883));
#5467 = CARTESIAN_POINT('',(3.445082900201,2.318651894718,
    -5.810278330896));
#5468 = CARTESIAN_POINT('',(3.357420490532,2.439308846734,
    -5.803124997055));
#5469 = PCURVE('',#4658,#5470);
#5470 = DEFINITIONAL_REPRESENTATION('',(#5471),#5484);
#5471 = B_SPLINE_CURVE_WITH_KNOTS('',6,(#5472,#5473,#5474,#5475,#5476,
    #5477,#5478,#5479,#5480,#5481,#5482,#5483),.UNSPECIFIED.,.F.,.F.,(7,
    5,7),(0.,0.656838956144,1.),.UNSPECIFIED.);
#5472 = CARTESIAN_POINT('',(0.,2.171875));
#5473 = CARTESIAN_POINT('',(6.875322316408E-02,2.185556157532));
#5474 = CARTESIAN_POINT('',(0.137546313005,2.199230020135));
#5475 = CARTESIAN_POINT('',(0.206339313871,2.212905554283));
#5476 = CARTESIAN_POINT('',(0.275126304305,2.226585458198));
#5477 = CARTESIAN_POINT('',(0.343910801444,2.240269992314));
#5478 = CARTESIAN_POINT('',(0.44863320472,2.261109522747));
#5479 = CARTESIAN_POINT('',(0.484570008836,2.268261806652));
#5480 = CARTESIAN_POINT('',(0.52050675752,2.275414769805));
#5481 = CARTESIAN_POINT('',(0.55644373588,2.282568149117));
#5482 = CARTESIAN_POINT('',(0.592381148839,2.289721669104));
#5483 = CARTESIAN_POINT('',(0.628318545527,2.296875002945));
#5484 = ( GEOMETRIC_REPRESENTATION_CONTEXT(2) 
PARAMETRIC_REPRESENTATION_CONTEXT() REPRESENTATION_CONTEXT('2D SPACE',''
  ) );
#5485 = PCURVE('',#5486,#5509);
#5486 = ( BOUNDED_SURFACE() B_SPLINE_SURFACE(1,6,(
    (#5487,#5488,#5489,#5490,#5491,#5492,#5493,#5494,#5495,#5496,#5497)
    ,(#5498,#5499,#5500,#5501,#5502,#5503,#5504,#5505,#5506,#5507,#5508
)),.UNSPECIFIED.,.F.,.F.,.F.) B_SPLINE_SURFACE_WITH_KNOTS((2,2),(7,4,7),
(1.,2.),(0.,0.5,1.),.UNSPECIFIED.) GEOMETRIC_REPRESENTATION_ITEM() 
RATIONAL_B_SPLINE_SURFACE((
    (1.,1.,1.,1.,1.,1.,1.,1.,1.,1.,1.)
,(1.,1.,1.,1.,1.,1.,1.,1.,1.,1.,1.
  ))) REPRESENTATION_ITEM('') SURFACE() );
#5487 = CARTESIAN_POINT('',(4.35,-5.689744085582E-14,-5.928125));
#5488 = CARTESIAN_POINT('',(4.33463914711,2.277132192449,-5.823958333333
    ));
#5489 = CARTESIAN_POINT('',(2.964054218259,4.554264384897,
    -5.719791666677));
#5490 = CARTESIAN_POINT('',(-2.582543392074E-02,5.722092822658,
    -5.615624999996));
#5491 = CARTESIAN_POINT('',(-2.924628029175,4.554264384897,
    -5.511458333329));
#5492 = CARTESIAN_POINT('',(-5.775371970825,1.507806837696E-13,-5.303125
    ));
#5493 = CARTESIAN_POINT('',(-2.924628029176,-4.554264384897,
    -5.094791666671));
#5494 = CARTESIAN_POINT('',(-2.582543392098E-02,-5.722092822658,
    -4.990625000004));
#5495 = CARTESIAN_POINT('',(2.964054218259,-4.554264384897,
    -4.886458333323));
#5496 = CARTESIAN_POINT('',(4.33463914711,-2.277132192448,
    -4.782291666667));
#5497 = CARTESIAN_POINT('',(4.35,-2.149887189857E-14,-4.678125));
#5498 = CARTESIAN_POINT('',(4.15,0.,-5.928125));
#5499 = CARTESIAN_POINT('',(4.135345393172,2.172436459448,
    -5.823958333333));
#5500 = CARTESIAN_POINT('',(2.827775863512,4.344872918896,
    -5.719791666677));
#5501 = CARTESIAN_POINT('',(-2.463805772928E-02,5.459008095229,
    -5.615624999996));
#5502 = CARTESIAN_POINT('',(-2.790162372654,4.344872918896,
    -5.511458333329));
#5503 = CARTESIAN_POINT('',(-5.509837627346,2.860593549839E-13,-5.303125
    ));
#5504 = CARTESIAN_POINT('',(-2.790162372654,-4.344872918897,
    -5.094791666671));
#5505 = CARTESIAN_POINT('',(-2.463805772944E-02,-5.459008095228,
    -4.990625000004));
#5506 = CARTESIAN_POINT('',(2.827775863512,-4.344872918897,
    -4.886458333323));
#5507 = CARTESIAN_POINT('',(4.135345393172,-2.172436459448,
    -4.782291666667));
#5508 = CARTESIAN_POINT('',(4.15,-1.7763568394E-15,-4.678125));
#5509 = DEFINITIONAL_REPRESENTATION('',(#5510),#5523);
#5510 = B_SPLINE_CURVE_WITH_KNOTS('',6,(#5511,#5512,#5513,#5514,#5515,
    #5516,#5517,#5518,#5519,#5520,#5521,#5522),.UNSPECIFIED.,.F.,.F.,(7,
    5,7),(0.,0.656838956144,1.),.UNSPECIFIED.);
#5511 = CARTESIAN_POINT('',(2.,0.));
#5512 = CARTESIAN_POINT('',(1.99037638474,1.094492602572E-02));
#5513 = CARTESIAN_POINT('',(1.98693656489,2.188401610816E-02));
#5514 = CARTESIAN_POINT('',(1.98707536258,3.282444342644E-02));
#5515 = CARTESIAN_POINT('',(1.988894496815,4.376836655866E-02));
#5516 = CARTESIAN_POINT('',(1.991306843753,5.471599385198E-02));
#5517 = CARTESIAN_POINT('',(1.994964939264,7.138761819876E-02));
#5518 = CARTESIAN_POINT('',(1.996217802451,7.710944532281E-02));
#5519 = CARTESIAN_POINT('',(1.997382841667,8.283181584519E-02));
#5520 = CARTESIAN_POINT('',(1.998412254746,8.855451929472E-02));
#5521 = CARTESIAN_POINT('',(1.999285668739,9.427733528495E-02));
#5522 = CARTESIAN_POINT('',(2.,0.100000002358));
#5523 = ( GEOMETRIC_REPRESENTATION_CONTEXT(2) 
PARAMETRIC_REPRESENTATION_CONTEXT() REPRESENTATION_CONTEXT('2D SPACE',''
  ) );
#5524 = ORIENTED_EDGE('',*,*,#5525,.F.);
#5525 = EDGE_CURVE('',#5526,#5453,#5528,.T.);
#5526 = VERTEX_POINT('',#5527);
#5527 = CARTESIAN_POINT('',(1.282420563739,3.946884530576,-5.67812500187
    ));
#5528 = SURFACE_CURVE('',#5529,(#5544,#5562),.PCURVE_S1.);
#5529 = B_SPLINE_CURVE_WITH_KNOTS('',5,(#5530,#5531,#5532,#5533,#5534,
    #5535,#5536,#5537,#5538,#5539,#5540,#5541,#5542,#5543),
  .UNSPECIFIED.,.F.,.F.,(6,4,4,6),(0.,0.300107374636,0.640140926364,1.),
  .UNSPECIFIED.);
#5530 = CARTESIAN_POINT('',(1.282420563743,3.946884530575,-5.67812500187
    ));
#5531 = CARTESIAN_POINT('',(1.431266349923,3.898521601397,
    -5.685643785114));
#5532 = CARTESIAN_POINT('',(1.577832487133,3.843141941694,
    -5.693166859483));
#5533 = CARTESIAN_POINT('',(1.721676348284,3.780889545437,
    -5.700693861993));
#5534 = CARTESIAN_POINT('',(1.862372760535,3.711948468444,
    -5.708223325348));
#5535 = CARTESIAN_POINT('',(2.154900471883,3.551105249106,
    -5.724283732898));
#5536 = CARTESIAN_POINT('',(2.305724530989,3.457367659084,
    -5.732814765213));
#5537 = CARTESIAN_POINT('',(2.451392659771,3.355656601232,-5.74134169653
    ));
#5538 = CARTESIAN_POINT('',(2.591352551407,3.246357555164,
    -5.749859449519));
#5539 = CARTESIAN_POINT('',(2.866631369513,3.006683178383,
    -5.767360181051));
#5540 = CARTESIAN_POINT('',(3.001205993384,2.875448734424,
    -5.776341531802));
#5541 = CARTESIAN_POINT('',(3.128211189037,2.736738832783,
    -5.785299275575));
#5542 = CARTESIAN_POINT('',(3.247107025837,2.591142300396,
    -5.794227112982));
#5543 = CARTESIAN_POINT('',(3.357420490532,2.439308846734,
    -5.803124997055));
#5544 = PCURVE('',#4658,#5545);
#5545 = DEFINITIONAL_REPRESENTATION('',(#5546),#5561);
#5546 = B_SPLINE_CURVE_WITH_KNOTS('',5,(#5547,#5548,#5549,#5550,#5551,
    #5552,#5553,#5554,#5555,#5556,#5557,#5558,#5559,#5560),
  .UNSPECIFIED.,.F.,.F.,(6,4,4,6),(0.,0.300107374636,0.640140926364,1.),
  .UNSPECIFIED.);
#5547 = CARTESIAN_POINT('',(1.256637052039,2.42187499813));
#5548 = CARTESIAN_POINT('',(1.218924829899,2.414356214886));
#5549 = CARTESIAN_POINT('',(1.181212655152,2.406833140517));
#5550 = CARTESIAN_POINT('',(1.143500551656,2.399306138007));
#5551 = CARTESIAN_POINT('',(1.10578851964,2.391776674652));
#5552 = CARTESIAN_POINT('',(1.025347362983,2.375716267102));
#5553 = CARTESIAN_POINT('',(0.98261810745,2.367185234787));
#5554 = CARTESIAN_POINT('',(0.939888736817,2.35865830347));
#5555 = CARTESIAN_POINT('',(0.897159199259,2.350140550481));
#5556 = CARTESIAN_POINT('',(0.809208304864,2.332639818949));
#5557 = CARTESIAN_POINT('',(0.763986459753,2.323658468198));
#5558 = CARTESIAN_POINT('',(0.718764753868,2.314700724425));
#5559 = CARTESIAN_POINT('',(0.673541791793,2.305772887018));
#5560 = CARTESIAN_POINT('',(0.628318545527,2.296875002945));
#5561 = ( GEOMETRIC_REPRESENTATION_CONTEXT(2) 
PARAMETRIC_REPRESENTATION_CONTEXT() REPRESENTATION_CONTEXT('2D SPACE',''
  ) );
#5562 = PCURVE('',#5563,#5586);
#5563 = ( BOUNDED_SURFACE() B_SPLINE_SURFACE(1,6,(
    (#5564,#5565,#5566,#5567,#5568,#5569,#5570,#5571,#5572,#5573,#5574)
    ,(#5575,#5576,#5577,#5578,#5579,#5580,#5581,#5582,#5583,#5584,#5585
)),.UNSPECIFIED.,.F.,.F.,.F.) B_SPLINE_SURFACE_WITH_KNOTS((2,2),(7,4,7),
(2.,3.),(0.,0.5,1.),.UNSPECIFIED.) GEOMETRIC_REPRESENTATION_ITEM() 
RATIONAL_B_SPLINE_SURFACE((
    (1.,1.,1.,1.,1.,1.,1.,1.,1.,1.,1.)
,(1.,1.,1.,1.,1.,1.,1.,1.,1.,1.,1.
  ))) REPRESENTATION_ITEM('') SURFACE() );
#5564 = CARTESIAN_POINT('',(4.15,0.,-5.928125));
#5565 = CARTESIAN_POINT('',(4.135345393172,2.172436459448,
    -5.823958333333));
#5566 = CARTESIAN_POINT('',(2.827775863512,4.344872918896,
    -5.719791666677));
#5567 = CARTESIAN_POINT('',(-2.463805772928E-02,5.459008095229,
    -5.615624999996));
#5568 = CARTESIAN_POINT('',(-2.790162372654,4.344872918896,
    -5.511458333329));
#5569 = CARTESIAN_POINT('',(-5.509837627346,2.860593549839E-13,-5.303125
    ));
#5570 = CARTESIAN_POINT('',(-2.790162372654,-4.344872918897,
    -5.094791666671));
#5571 = CARTESIAN_POINT('',(-2.463805772944E-02,-5.459008095228,
    -4.990625000004));
#5572 = CARTESIAN_POINT('',(2.827775863512,-4.344872918897,
    -4.886458333323));
#5573 = CARTESIAN_POINT('',(4.135345393172,-2.172436459448,
    -4.782291666667));
#5574 = CARTESIAN_POINT('',(4.15,-1.7763568394E-15,-4.678125));
#5575 = CARTESIAN_POINT('',(3.473417653293,1.924790202791E-13,-6.31875)
  );
#5576 = CARTESIAN_POINT('',(3.461152214555,1.818260035831,
    -6.214583333333));
#5577 = CARTESIAN_POINT('',(2.366758218213,3.636520071662,
    -6.110416666677));
#5578 = CARTESIAN_POINT('',(-2.06212688784E-02,4.569015683894,
    -6.006249999996));
#5579 = CARTESIAN_POINT('',(-2.335276925452,3.636520071662,
    -5.902083333329));
#5580 = CARTESIAN_POINT('',(-4.611558381135,4.140218863057E-13,-5.69375)
  );
#5581 = CARTESIAN_POINT('',(-2.335276925452,-3.636520071662,
    -5.485416666671));
#5582 = CARTESIAN_POINT('',(-2.062126887851E-02,-4.569015683893,
    -5.381250000004));
#5583 = CARTESIAN_POINT('',(2.366758218213,-3.636520071662,
    -5.277083333323));
#5584 = CARTESIAN_POINT('',(3.461152214555,-1.818260035831,
    -5.172916666667));
#5585 = CARTESIAN_POINT('',(3.473417653293,6.494317076905E-14,-5.06875)
  );
#5586 = DEFINITIONAL_REPRESENTATION('',(#5587),#5602);
#5587 = B_SPLINE_CURVE_WITH_KNOTS('',5,(#5588,#5589,#5590,#5591,#5592,
    #5593,#5594,#5595,#5596,#5597,#5598,#5599,#5600,#5601),
  .UNSPECIFIED.,.F.,.F.,(6,4,4,6),(0.,0.300107374636,0.640140926364,1.),
  .UNSPECIFIED.);
#5588 = CARTESIAN_POINT('',(2.,0.199999998505));
#5589 = CARTESIAN_POINT('',(2.000048319534,0.194000071765));
#5590 = CARTESIAN_POINT('',(2.000108016177,0.18800026747));
#5591 = CARTESIAN_POINT('',(2.000177669932,0.182000432261));
#5592 = CARTESIAN_POINT('',(2.000253011396,0.176000405784));
#5593 = CARTESIAN_POINT('',(2.000410665114,0.163201346532));
#5594 = CARTESIAN_POINT('',(2.000492836959,0.156402199381));
#5595 = CARTESIAN_POINT('',(2.000562199134,0.149602330008));
#5596 = CARTESIAN_POINT('',(2.000605312602,0.142801600575));
#5597 = CARTESIAN_POINT('',(2.000607833681,0.128801803186));
#5598 = CARTESIAN_POINT('',(2.000562524032,0.12160256332));
#5599 = CARTESIAN_POINT('',(2.00045384059,0.114402404726));
#5600 = CARTESIAN_POINT('',(2.000265719919,0.107201347091));
#5601 = CARTESIAN_POINT('',(2.,0.100000002358));
#5602 = ( GEOMETRIC_REPRESENTATION_CONTEXT(2) 
PARAMETRIC_REPRESENTATION_CONTEXT() REPRESENTATION_CONTEXT('2D SPACE',''
  ) );
#5603 = ORIENTED_EDGE('',*,*,#5604,.T.);
#5604 = EDGE_CURVE('',#5526,#5605,#5607,.T.);
#5605 = VERTEX_POINT('',#5606);
#5606 = CARTESIAN_POINT('',(-1.282434418288,3.946880028933,
    -5.55312429959));
#5607 = SURFACE_CURVE('',#5608,(#5623,#5641),.PCURVE_S1.);
#5608 = B_SPLINE_CURVE_WITH_KNOTS('',5,(#5609,#5610,#5611,#5612,#5613,
    #5614,#5615,#5616,#5617,#5618,#5619,#5620,#5621,#5622),
  .UNSPECIFIED.,.F.,.F.,(6,4,4,6),(0.,0.334933823727,0.69470313219,1.),
  .UNSPECIFIED.);
#5609 = CARTESIAN_POINT('',(1.282420563747,3.946884530573,
    -5.678125001871));
#5610 = CARTESIAN_POINT('',(1.116299093434,4.000860669971,
    -5.669754621716));
#5611 = CARTESIAN_POINT('',(0.947336902555,4.046097151243,
    -5.661384020578));
#5612 = CARTESIAN_POINT('',(0.776149809545,4.082394008471,
    -5.653013079689));
#5613 = CARTESIAN_POINT('',(0.603368367812,4.109617539123,
    -5.644641441531));
#5614 = CARTESIAN_POINT('',(0.243022664693,4.147124552716,
    -5.627276137592));
#5615 = CARTESIAN_POINT('',(5.53095254289E-02,4.156002505693,
    -5.618282246225));
#5616 = CARTESIAN_POINT('',(-0.132703888933,4.15425149301,
    -5.609287648136));
#5617 = CARTESIAN_POINT('',(-0.320218816861,4.141879028592,
    -5.600292186416));
#5618 = CARTESIAN_POINT('',(-0.664462655927,4.099553455828,
    -5.583662375072));
#5619 = CARTESIAN_POINT('',(-0.82155584564,4.072545653769,
    -5.576028093934));
#5620 = CARTESIAN_POINT('',(-0.977231301458,4.038019460683,
    -5.568393552208));
#5621 = CARTESIAN_POINT('',(-1.13101276466,3.996080495849,
    -5.560758902346));
#5622 = CARTESIAN_POINT('',(-1.282434418288,3.946880028933,
    -5.55312429959));
#5623 = PCURVE('',#4658,#5624);
#5624 = DEFINITIONAL_REPRESENTATION('',(#5625),#5640);
#5625 = B_SPLINE_CURVE_WITH_KNOTS('',5,(#5626,#5627,#5628,#5629,#5630,
    #5631,#5632,#5633,#5634,#5635,#5636,#5637,#5638,#5639),
  .UNSPECIFIED.,.F.,.F.,(6,4,4,6),(0.,0.334933823727,0.69470313219,1.),
  .UNSPECIFIED.);
#5626 = CARTESIAN_POINT('',(1.256637052038,2.421874998129));
#5627 = CARTESIAN_POINT('',(1.298726317388,2.430245378284));
#5628 = CARTESIAN_POINT('',(1.340815820254,2.438615979422));
#5629 = CARTESIAN_POINT('',(1.382904877143,2.446986920311));
#5630 = CARTESIAN_POINT('',(1.424994370558,2.455358558469));
#5631 = CARTESIAN_POINT('',(1.512293750279,2.472723862408));
#5632 = CARTESIAN_POINT('',(1.557504256906,2.481717753775));
#5633 = CARTESIAN_POINT('',(1.602714091174,2.490712351864));
#5634 = CARTESIAN_POINT('',(1.647924524825,2.499707813584));
#5635 = CARTESIAN_POINT('',(1.731499486799,2.516337624928));
#5636 = CARTESIAN_POINT('',(1.769864421818,2.523971906066));
#5637 = CARTESIAN_POINT('',(1.808229335817,2.531606447792));
#5638 = CARTESIAN_POINT('',(1.846594212813,2.539241097654));
#5639 = CARTESIAN_POINT('',(1.884959111801,2.54687570041));
#5640 = ( GEOMETRIC_REPRESENTATION_CONTEXT(2) 
PARAMETRIC_REPRESENTATION_CONTEXT() REPRESENTATION_CONTEXT('2D SPACE',''
  ) );
#5641 = PCURVE('',#5642,#5665);
#5642 = ( BOUNDED_SURFACE() B_SPLINE_SURFACE(1,6,(
    (#5643,#5644,#5645,#5646,#5647,#5648,#5649,#5650,#5651,#5652,#5653)
    ,(#5654,#5655,#5656,#5657,#5658,#5659,#5660,#5661,#5662,#5663,#5664
)),.UNSPECIFIED.,.F.,.F.,.F.) B_SPLINE_SURFACE_WITH_KNOTS((2,2),(7,4,7),
(1.,2.),(0.,0.5,1.),.UNSPECIFIED.) GEOMETRIC_REPRESENTATION_ITEM() 
RATIONAL_B_SPLINE_SURFACE((
    (1.,1.,1.,1.,1.,1.,1.,1.,1.,1.,1.)
,(1.,1.,1.,1.,1.,1.,1.,1.,1.,1.,1.
  ))) REPRESENTATION_ITEM('') SURFACE() );
#5643 = CARTESIAN_POINT('',(4.35,-5.689744085582E-14,-5.928125));
#5644 = CARTESIAN_POINT('',(4.33463914711,2.277132192449,-5.823958333333
    ));
#5645 = CARTESIAN_POINT('',(2.964054218259,4.554264384897,
    -5.719791666677));
#5646 = CARTESIAN_POINT('',(-2.582543392074E-02,5.722092822658,
    -5.615624999996));
#5647 = CARTESIAN_POINT('',(-2.924628029175,4.554264384897,
    -5.511458333329));
#5648 = CARTESIAN_POINT('',(-5.775371970825,1.507806837696E-13,-5.303125
    ));
#5649 = CARTESIAN_POINT('',(-2.924628029176,-4.554264384897,
    -5.094791666671));
#5650 = CARTESIAN_POINT('',(-2.582543392098E-02,-5.722092822658,
    -4.990625000004));
#5651 = CARTESIAN_POINT('',(2.964054218259,-4.554264384897,
    -4.886458333323));
#5652 = CARTESIAN_POINT('',(4.33463914711,-2.277132192448,
    -4.782291666667));
#5653 = CARTESIAN_POINT('',(4.35,-2.149887189857E-14,-4.678125));
#5654 = CARTESIAN_POINT('',(4.15,0.,-5.928125));
#5655 = CARTESIAN_POINT('',(4.135345393172,2.172436459448,
    -5.823958333333));
#5656 = CARTESIAN_POINT('',(2.827775863512,4.344872918896,
    -5.719791666677));
#5657 = CARTESIAN_POINT('',(-2.463805772928E-02,5.459008095229,
    -5.615624999996));
#5658 = CARTESIAN_POINT('',(-2.790162372654,4.344872918896,
    -5.511458333329));
#5659 = CARTESIAN_POINT('',(-5.509837627346,2.860593549839E-13,-5.303125
    ));
#5660 = CARTESIAN_POINT('',(-2.790162372654,-4.344872918897,
    -5.094791666671));
#5661 = CARTESIAN_POINT('',(-2.463805772944E-02,-5.459008095228,
    -4.990625000004));
#5662 = CARTESIAN_POINT('',(2.827775863512,-4.344872918897,
    -4.886458333323));
#5663 = CARTESIAN_POINT('',(4.135345393172,-2.172436459448,
    -4.782291666667));
#5664 = CARTESIAN_POINT('',(4.15,-1.7763568394E-15,-4.678125));
#5665 = DEFINITIONAL_REPRESENTATION('',(#5666),#5681);
#5666 = B_SPLINE_CURVE_WITH_KNOTS('',5,(#5667,#5668,#5669,#5670,#5671,
    #5672,#5673,#5674,#5675,#5676,#5677,#5678,#5679,#5680),
  .UNSPECIFIED.,.F.,.F.,(6,4,4,6),(0.,0.334933823727,0.69470313219,1.),
  .UNSPECIFIED.);
#5667 = CARTESIAN_POINT('',(2.,0.199999998505));
#5668 = CARTESIAN_POINT('',(1.999817567324,0.206696302628));
#5669 = CARTESIAN_POINT('',(1.999683092976,0.213392783539));
#5670 = CARTESIAN_POINT('',(1.999603659621,0.22008953625));
#5671 = CARTESIAN_POINT('',(1.999571945189,0.226786846776));
#5672 = CARTESIAN_POINT('',(1.999579630648,0.240679089927));
#5673 = CARTESIAN_POINT('',(1.99962452055,0.24787420302));
#5674 = CARTESIAN_POINT('',(1.999695048045,0.255069881491));
#5675 = CARTESIAN_POINT('',(1.99977039646,0.262266250867));
#5676 = CARTESIAN_POINT('',(1.999894243656,0.275570099942));
#5677 = CARTESIAN_POINT('',(1.999945144577,0.281677524852));
#5678 = CARTESIAN_POINT('',(1.999981540725,0.287785158233));
#5679 = CARTESIAN_POINT('',(1.999999557568,0.293892878122));
#5680 = CARTESIAN_POINT('',(2.,0.300000560327));
#5681 = ( GEOMETRIC_REPRESENTATION_CONTEXT(2) 
PARAMETRIC_REPRESENTATION_CONTEXT() REPRESENTATION_CONTEXT('2D SPACE',''
  ) );
#5682 = ORIENTED_EDGE('',*,*,#5683,.T.);
#5683 = EDGE_CURVE('',#5605,#5684,#5686,.T.);
#5684 = VERTEX_POINT('',#5685);
#5685 = CARTESIAN_POINT('',(-1.291992041448,3.943761727696,
    -5.552642218969));
#5686 = SURFACE_CURVE('',#5687,(#5699,#5709),.PCURVE_S1.);
#5687 = ( BOUNDED_CURVE() B_SPLINE_CURVE(6,(#5688,#5689,#5690,#5691,
    #5692,#5693,#5694,#5695,#5696,#5697,#5698),.UNSPECIFIED.,.F.,.F.) 
B_SPLINE_CURVE_WITH_KNOTS((7,4,7),(0.,0.5,1.),.UNSPECIFIED.) CURVE() 
GEOMETRIC_REPRESENTATION_ITEM() RATIONAL_B_SPLINE_CURVE((1.,1.,1.,1.,1.,
1.,1.,1.,1.,1.,1.)) REPRESENTATION_ITEM('') );
#5688 = CARTESIAN_POINT('',(4.15,0.,-5.928125));
#5689 = CARTESIAN_POINT('',(4.135345393172,2.172436459448,
    -5.823958333333));
#5690 = CARTESIAN_POINT('',(2.827775863512,4.344872918896,
    -5.719791666677));
#5691 = CARTESIAN_POINT('',(-2.463805772928E-02,5.459008095229,
    -5.615624999996));
#5692 = CARTESIAN_POINT('',(-2.790162372654,4.344872918896,
    -5.511458333329));
#5693 = CARTESIAN_POINT('',(-5.509837627346,2.860593549839E-13,-5.303125
    ));
#5694 = CARTESIAN_POINT('',(-2.790162372654,-4.344872918897,
    -5.094791666671));
#5695 = CARTESIAN_POINT('',(-2.463805772944E-02,-5.459008095228,
    -4.990625000004));
#5696 = CARTESIAN_POINT('',(2.827775863512,-4.344872918897,
    -4.886458333323));
#5697 = CARTESIAN_POINT('',(4.135345393172,-2.172436459448,
    -4.782291666667));
#5698 = CARTESIAN_POINT('',(4.15,-1.7763568394E-15,-4.678125));
#5699 = PCURVE('',#4658,#5700);
#5700 = DEFINITIONAL_REPRESENTATION('',(#5701),#5708);
#5701 = B_SPLINE_CURVE_WITH_KNOTS('',5,(#5702,#5703,#5704,#5705,#5706,
    #5707),.UNSPECIFIED.,.F.,.F.,(6,6),(0.300000560327,0.300386224824),
  .PIECEWISE_BEZIER_KNOTS.);
#5702 = CARTESIAN_POINT('',(1.884959111801,2.54687570041));
#5703 = CARTESIAN_POINT('',(1.885443615707,2.546972116534));
#5704 = CARTESIAN_POINT('',(1.885928119653,2.547068532659));
#5705 = CARTESIAN_POINT('',(1.886412623639,2.547164948783));
#5706 = CARTESIAN_POINT('',(1.886897127666,2.547261364907));
#5707 = CARTESIAN_POINT('',(1.887381631738,2.547357781031));
#5708 = ( GEOMETRIC_REPRESENTATION_CONTEXT(2) 
PARAMETRIC_REPRESENTATION_CONTEXT() REPRESENTATION_CONTEXT('2D SPACE',''
  ) );
#5709 = PCURVE('',#5563,#5710);
#5710 = DEFINITIONAL_REPRESENTATION('',(#5711),#5715);
#5711 = LINE('',#5712,#5713);
#5712 = CARTESIAN_POINT('',(2.,0.));
#5713 = VECTOR('',#5714,1.);
#5714 = DIRECTION('',(0.,1.));
#5715 = ( GEOMETRIC_REPRESENTATION_CONTEXT(2) 
PARAMETRIC_REPRESENTATION_CONTEXT() REPRESENTATION_CONTEXT('2D SPACE',''
  ) );
#5716 = ORIENTED_EDGE('',*,*,#5717,.F.);
#5717 = EDGE_CURVE('',#5718,#5684,#5720,.T.);
#5718 = VERTEX_POINT('',#5719);
#5719 = CARTESIAN_POINT('',(-3.35742078539,2.439308440897,
    -5.428124978902));
#5720 = SURFACE_CURVE('',#5721,(#5734,#5750),.PCURVE_S1.);
#5721 = B_SPLINE_CURVE_WITH_KNOTS('',6,(#5722,#5723,#5724,#5725,#5726,
    #5727,#5728,#5729,#5730,#5731,#5732,#5733),.UNSPECIFIED.,.F.,.F.,(7,
    5,7),(0.,0.363344366623,1.),.UNSPECIFIED.);
#5722 = CARTESIAN_POINT('',(-3.357420785397,2.439308440887,
    -5.428124978901));
#5723 = CARTESIAN_POINT('',(-3.264966011001,2.566561549212,
    -5.43566339558));
#5724 = CARTESIAN_POINT('',(-3.166722795446,2.689610391047,
    -5.443201808679));
#5725 = CARTESIAN_POINT('',(-3.062931636386,2.808124138466,
    -5.450740352233));
#5726 = CARTESIAN_POINT('',(-2.953855789186,2.921792816347,
    -5.458279135773));
#5727 = CARTESIAN_POINT('',(-2.839781266926,3.030327302378,
    -5.46581824433));
#5728 = CARTESIAN_POINT('',(-2.512916624351,3.314168292206,
    -5.486568515399));
#5729 = CARTESIAN_POINT('',(-2.29040271138,3.478303284792,
    -5.499781284801));
#5730 = CARTESIAN_POINT('',(-2.05515116445,3.624402687572,
    -5.512994701643));
#5731 = CARTESIAN_POINT('',(-1.808997636437,3.751275167021,
    -5.526209572135));
#5732 = CARTESIAN_POINT('',(-1.553906757055,3.857957358545,
    -5.539426174169));
#5733 = CARTESIAN_POINT('',(-1.291992934558,3.943761435109,
    -5.552642173903));
#5734 = PCURVE('',#4658,#5735);
#5735 = DEFINITIONAL_REPRESENTATION('',(#5736),#5749);
#5736 = B_SPLINE_CURVE_WITH_KNOTS('',6,(#5737,#5738,#5739,#5740,#5741,
    #5742,#5743,#5744,#5745,#5746,#5747,#5748),.UNSPECIFIED.,.F.,.F.,(7,
    5,7),(0.,0.363344366623,1.),.UNSPECIFIED.);
#5737 = CARTESIAN_POINT('',(2.513274228943,2.671875021099));
#5738 = CARTESIAN_POINT('',(2.475372185542,2.66433660442));
#5739 = CARTESIAN_POINT('',(2.43747006137,2.656798191321));
#5740 = CARTESIAN_POINT('',(2.399567897305,2.649259647767));
#5741 = CARTESIAN_POINT('',(2.361665736442,2.641720864227));
#5742 = CARTESIAN_POINT('',(2.323763624091,2.63418175567));
#5743 = CARTESIAN_POINT('',(2.219449315699,2.613431484601));
#5744 = CARTESIAN_POINT('',(2.153033189044,2.600218715199));
#5745 = CARTESIAN_POINT('',(2.086621588764,2.587005298357));
#5746 = CARTESIAN_POINT('',(2.020210046348,2.573790427865));
#5747 = CARTESIAN_POINT('',(1.953794045348,2.560573825831));
#5748 = CARTESIAN_POINT('',(1.887381858199,2.547357826097));
#5749 = ( GEOMETRIC_REPRESENTATION_CONTEXT(2) 
PARAMETRIC_REPRESENTATION_CONTEXT() REPRESENTATION_CONTEXT('2D SPACE',''
  ) );
#5750 = PCURVE('',#5751,#5774);
#5751 = ( BOUNDED_SURFACE() B_SPLINE_SURFACE(1,6,(
    (#5752,#5753,#5754,#5755,#5756,#5757,#5758,#5759,#5760,#5761,#5762)
    ,(#5763,#5764,#5765,#5766,#5767,#5768,#5769,#5770,#5771,#5772,#5773
)),.UNSPECIFIED.,.F.,.F.,.F.) B_SPLINE_SURFACE_WITH_KNOTS((2,2),(7,4,7),
(1.,2.),(0.,0.5,1.),.UNSPECIFIED.) GEOMETRIC_REPRESENTATION_ITEM() 
RATIONAL_B_SPLINE_SURFACE((
    (1.,1.,1.,1.,1.,1.,1.,1.,1.,1.,1.)
,(1.,1.,1.,1.,1.,1.,1.,1.,1.,1.,1.
  ))) REPRESENTATION_ITEM('') SURFACE() );
#5752 = CARTESIAN_POINT('',(4.35,-5.689744085582E-14,-5.928125));
#5753 = CARTESIAN_POINT('',(4.33463914711,2.277132192449,-5.823958333333
    ));
#5754 = CARTESIAN_POINT('',(2.964054218259,4.554264384897,
    -5.719791666677));
#5755 = CARTESIAN_POINT('',(-2.582543392074E-02,5.722092822658,
    -5.615624999996));
#5756 = CARTESIAN_POINT('',(-2.924628029175,4.554264384897,
    -5.511458333329));
#5757 = CARTESIAN_POINT('',(-5.775371970825,1.507806837696E-13,-5.303125
    ));
#5758 = CARTESIAN_POINT('',(-2.924628029176,-4.554264384897,
    -5.094791666671));
#5759 = CARTESIAN_POINT('',(-2.582543392098E-02,-5.722092822658,
    -4.990625000004));
#5760 = CARTESIAN_POINT('',(2.964054218259,-4.554264384897,
    -4.886458333323));
#5761 = CARTESIAN_POINT('',(4.33463914711,-2.277132192448,
    -4.782291666667));
#5762 = CARTESIAN_POINT('',(4.35,-2.149887189857E-14,-4.678125));
#5763 = CARTESIAN_POINT('',(4.15,0.,-5.928125));
#5764 = CARTESIAN_POINT('',(4.135345393172,2.172436459448,
    -5.823958333333));
#5765 = CARTESIAN_POINT('',(2.827775863512,4.344872918896,
    -5.719791666677));
#5766 = CARTESIAN_POINT('',(-2.463805772928E-02,5.459008095229,
    -5.615624999996));
#5767 = CARTESIAN_POINT('',(-2.790162372654,4.344872918896,
    -5.511458333329));
#5768 = CARTESIAN_POINT('',(-5.509837627346,2.860593549839E-13,-5.303125
    ));
#5769 = CARTESIAN_POINT('',(-2.790162372654,-4.344872918897,
    -5.094791666671));
#5770 = CARTESIAN_POINT('',(-2.463805772944E-02,-5.459008095228,
    -4.990625000004));
#5771 = CARTESIAN_POINT('',(2.827775863512,-4.344872918897,
    -4.886458333323));
#5772 = CARTESIAN_POINT('',(4.135345393172,-2.172436459448,
    -4.782291666667));
#5773 = CARTESIAN_POINT('',(4.15,-1.7763568394E-15,-4.678125));
#5774 = DEFINITIONAL_REPRESENTATION('',(#5775),#5788);
#5775 = B_SPLINE_CURVE_WITH_KNOTS('',6,(#5776,#5777,#5778,#5779,#5780,
    #5781,#5782,#5783,#5784,#5785,#5786,#5787),.UNSPECIFIED.,.F.,.F.,(7,
    5,7),(0.,0.363344366623,1.),.UNSPECIFIED.);
#5776 = CARTESIAN_POINT('',(2.,0.400000016878));
#5777 = CARTESIAN_POINT('',(1.999894793722,0.393969283534));
#5778 = CARTESIAN_POINT('',(1.999804314985,0.387938553055));
#5779 = CARTESIAN_POINT('',(1.99973587898,0.381907718212));
#5780 = CARTESIAN_POINT('',(1.999692820865,0.37587669138));
#5781 = CARTESIAN_POINT('',(1.999674495768,0.369845404534));
#5782 = CARTESIAN_POINT('',(1.999679403001,0.353245187679));
#5783 = CARTESIAN_POINT('',(1.999744690135,0.342674972158));
#5784 = CARTESIAN_POINT('',(1.99985118441,0.332104238684));
#5785 = CARTESIAN_POINT('',(1.999948253029,0.321532342291));
#5786 = CARTESIAN_POINT('',(1.999999234677,0.310959060664));
#5787 = CARTESIAN_POINT('',(2.,0.300386260876));
#5788 = ( GEOMETRIC_REPRESENTATION_CONTEXT(2) 
PARAMETRIC_REPRESENTATION_CONTEXT() REPRESENTATION_CONTEXT('2D SPACE',''
  ) );
#5789 = ORIENTED_EDGE('',*,*,#5790,.T.);
#5790 = EDGE_CURVE('',#5718,#5791,#5793,.T.);
#5791 = VERTEX_POINT('',#5792);
#5792 = CARTESIAN_POINT('',(-4.15,2.957999062442E-17,-5.303125));
#5793 = SURFACE_CURVE('',#5794,(#5809,#5827),.PCURVE_S1.);
#5794 = B_SPLINE_CURVE_WITH_KNOTS('',5,(#5795,#5796,#5797,#5798,#5799,
    #5800,#5801,#5802,#5803,#5804,#5805,#5806,#5807,#5808),
  .UNSPECIFIED.,.F.,.F.,(6,4,4,6),(0.,0.512004964025,0.815441451614,1.),
  .UNSPECIFIED.);
#5795 = CARTESIAN_POINT('',(-3.357420785389,2.439308440899,
    -5.428124978902));
#5796 = CARTESIAN_POINT('',(-3.514367481087,2.223289798278,
    -5.415348754196));
#5797 = CARTESIAN_POINT('',(-3.653945110013,1.994641476772,
    -5.402577051965));
#5798 = CARTESIAN_POINT('',(-3.774787400138,1.755246098084,
    -5.389806049847));
#5799 = CARTESIAN_POINT('',(-3.87585625981,1.507160675186,
    -5.377021007075));
#5800 = CARTESIAN_POINT('',(-4.004211455812,1.101740135581,
    -5.356633219135));
#5801 = CARTESIAN_POINT('',(-4.044783558332,0.948601008079,
    -5.34904083199));
#5802 = CARTESIAN_POINT('',(-4.07801992235,0.793644044118,
    -5.341442203579));
#5803 = CARTESIAN_POINT('',(-4.103820264594,0.637337810659,
    -5.333838229329));
#5804 = CARTESIAN_POINT('',(-4.13326477203,0.384559156166,-5.3216093913)
  );
#5805 = CARTESIAN_POINT('',(-4.141629172324,0.288635904775,
    -5.316984493527));
#5806 = CARTESIAN_POINT('',(-4.147209652953,0.192497044452,
    -5.31236077489));
#5807 = CARTESIAN_POINT('',(-4.149999947255,9.625000335787E-02,
    -5.307740114153));
#5808 = CARTESIAN_POINT('',(-4.149999999999,2.274246843563E-06,
    -5.303125109048));
#5809 = PCURVE('',#4658,#5810);
#5810 = DEFINITIONAL_REPRESENTATION('',(#5811),#5826);
#5811 = B_SPLINE_CURVE_WITH_KNOTS('',5,(#5812,#5813,#5814,#5815,#5816,
    #5817,#5818,#5819,#5820,#5821,#5822,#5823,#5824,#5825),
  .UNSPECIFIED.,.F.,.F.,(6,4,4,6),(0.,0.512004964025,0.815441451614,1.),
  .UNSPECIFIED.);
#5812 = CARTESIAN_POINT('',(2.51327422894,2.671875021098));
#5813 = CARTESIAN_POINT('',(2.577614881014,2.684651245804));
#5814 = CARTESIAN_POINT('',(2.641957556062,2.697422948035));
#5815 = CARTESIAN_POINT('',(2.706296593804,2.710193950153));
#5816 = CARTESIAN_POINT('',(2.770638970539,2.722978992925));
#5817 = CARTESIAN_POINT('',(2.873109787212,2.743366780865));
#5818 = CARTESIAN_POINT('',(2.91124059478,2.75095916801));
#5819 = CARTESIAN_POINT('',(2.949370974495,2.758557796421));
#5820 = CARTESIAN_POINT('',(2.987501486004,2.766161770671));
#5821 = CARTESIAN_POINT('',(3.048823841218,2.7783906087));
#5822 = CARTESIAN_POINT('',(3.072015834776,2.783015506473));
#5823 = CARTESIAN_POINT('',(3.09520783186,2.78763922511));
#5824 = CARTESIAN_POINT('',(3.118399881696,2.792259885847));
#5825 = CARTESIAN_POINT('',(3.141592105579,2.796874890952));
#5826 = ( GEOMETRIC_REPRESENTATION_CONTEXT(2) 
PARAMETRIC_REPRESENTATION_CONTEXT() REPRESENTATION_CONTEXT('2D SPACE',''
  ) );
#5827 = PCURVE('',#5563,#5828);
#5828 = DEFINITIONAL_REPRESENTATION('',(#5829),#5844);
#5829 = B_SPLINE_CURVE_WITH_KNOTS('',5,(#5830,#5831,#5832,#5833,#5834,
    #5835,#5836,#5837,#5838,#5839,#5840,#5841,#5842,#5843),
  .UNSPECIFIED.,.F.,.F.,(6,4,4,6),(0.,0.512004964025,0.815441451614,1.),
  .UNSPECIFIED.);
#5830 = CARTESIAN_POINT('',(2.,0.400000016877));
#5831 = CARTESIAN_POINT('',(2.000052792694,0.410237494358));
#5832 = CARTESIAN_POINT('',(2.0001183008,0.420475327427));
#5833 = CARTESIAN_POINT('',(2.000185763055,0.430713211075));
#5834 = CARTESIAN_POINT('',(2.000222703388,0.440952789148));
#5835 = CARTESIAN_POINT('',(2.00021900122,0.457261862573));
#5836 = CARTESIAN_POINT('',(2.000203923585,0.463331060528));
#5837 = CARTESIAN_POINT('',(2.000173767717,0.469400539548));
#5838 = CARTESIAN_POINT('',(2.000130804374,0.475470292903));
#5839 = CARTESIAN_POINT('',(2.000062579735,0.485232043127));
#5840 = CARTESIAN_POINT('',(2.00003701638,0.488923972797));
#5841 = CARTESIAN_POINT('',(2.000014564864,0.492615931607));
#5842 = CARTESIAN_POINT('',(2.000000000276,0.496307908764));
#5843 = CARTESIAN_POINT('',(2.,0.499999912761));
#5844 = ( GEOMETRIC_REPRESENTATION_CONTEXT(2) 
PARAMETRIC_REPRESENTATION_CONTEXT() REPRESENTATION_CONTEXT('2D SPACE',''
  ) );
#5845 = ORIENTED_EDGE('',*,*,#5846,.F.);
#5846 = EDGE_CURVE('',#5847,#5791,#5849,.T.);
#5847 = VERTEX_POINT('',#5848);
#5848 = CARTESIAN_POINT('',(-3.357420785354,-2.439308440946,
    -5.178125021096));
#5849 = SURFACE_CURVE('',#5850,(#5865,#5883),.PCURVE_S1.);
#5850 = B_SPLINE_CURVE_WITH_KNOTS('',5,(#5851,#5852,#5853,#5854,#5855,
    #5856,#5857,#5858,#5859,#5860,#5861,#5862,#5863,#5864),
  .UNSPECIFIED.,.F.,.F.,(6,4,4,6),(0.,0.160040855687,0.500082698887,1.),
  .UNSPECIFIED.);
#5851 = CARTESIAN_POINT('',(-3.357420785352,-2.43930844095,
    -5.178125021095));
#5852 = CARTESIAN_POINT('',(-3.406478096711,-2.371786829469,
    -5.1821314168));
#5853 = CARTESIAN_POINT('',(-3.453837973916,-2.303031984315,
    -5.186138311969));
#5854 = CARTESIAN_POINT('',(-3.499459047272,-2.23310085742,
    -5.190145575928));
#5855 = CARTESIAN_POINT('',(-3.543302908781,-2.162052327752,
    -5.194153034075));
#5856 = CARTESIAN_POINT('',(-3.674638607582,-1.936744070798,
    -5.206675138547));
#5857 = CARTESIAN_POINT('',(-3.755760556347,-1.778769909906,
    -5.215189851455));
#5858 = CARTESIAN_POINT('',(-3.828358822643,-1.616610240228,
    -5.223702061119));
#5859 = CARTESIAN_POINT('',(-3.892158003623,-1.450880068526,
    -5.232209691855));
#5860 = CARTESIAN_POINT('',(-4.027499344893,-1.034271627609,
    -5.253209658165));
#5861 = CARTESIAN_POINT('',(-4.088581486763,-0.779985770991,
    -5.265695448706));
#5862 = CARTESIAN_POINT('',(-4.129527188471,-0.521424743982,
    -5.278164868073));
#5863 = CARTESIAN_POINT('',(-4.15000014287,-0.26070594972,
    -5.290624348817));
#5864 = CARTESIAN_POINT('',(-4.149999999999,2.274246843736E-06,
    -5.303125109048));
#5865 = PCURVE('',#4658,#5866);
#5866 = DEFINITIONAL_REPRESENTATION('',(#5867),#5882);
#5867 = B_SPLINE_CURVE_WITH_KNOTS('',5,(#5868,#5869,#5870,#5871,#5872,
    #5873,#5874,#5875,#5876,#5877,#5878,#5879,#5880,#5881),
  .UNSPECIFIED.,.F.,.F.,(6,4,4,6),(0.,0.160040855687,0.500082698887,1.),
  .UNSPECIFIED.);
#5868 = CARTESIAN_POINT('',(3.769911078255,2.921874978905));
#5869 = CARTESIAN_POINT('',(3.749799922759,2.9178685832));
#5870 = CARTESIAN_POINT('',(3.729688776244,2.913861688031));
#5871 = CARTESIAN_POINT('',(3.709577637339,2.909854424072));
#5872 = CARTESIAN_POINT('',(3.689466503702,2.905846965925));
#5873 = CARTESIAN_POINT('',(3.62662486889,2.893324861453));
#5874 = CARTESIAN_POINT('',(3.583894280893,2.884810148545));
#5875 = CARTESIAN_POINT('',(3.541163612362,2.876297938881));
#5876 = CARTESIAN_POINT('',(3.498432876983,2.867790308145));
#5877 = CARTESIAN_POINT('',(3.392880841437,2.846790341835));
#5878 = CARTESIAN_POINT('',(3.330057535753,2.834304551294));
#5879 = CARTESIAN_POINT('',(3.267237175743,2.821835131927));
#5880 = CARTESIAN_POINT('',(3.204413364366,2.809375651183));
#5881 = CARTESIAN_POINT('',(3.141592105579,2.796874890952));
#5882 = ( GEOMETRIC_REPRESENTATION_CONTEXT(2) 
PARAMETRIC_REPRESENTATION_CONTEXT() REPRESENTATION_CONTEXT('2D SPACE',''
  ) );
#5883 = PCURVE('',#5563,#5884);
#5884 = DEFINITIONAL_REPRESENTATION('',(#5885),#5900);
#5885 = B_SPLINE_CURVE_WITH_KNOTS('',5,(#5886,#5887,#5888,#5889,#5890,
    #5891,#5892,#5893,#5894,#5895,#5896,#5897,#5898,#5899),
  .UNSPECIFIED.,.F.,.F.,(6,4,4,6),(0.,0.160040855687,0.500082698887,1.),
  .UNSPECIFIED.);
#5886 = CARTESIAN_POINT('',(2.,0.599999983125));
#5887 = CARTESIAN_POINT('',(2.000016501575,0.596800023304));
#5888 = CARTESIAN_POINT('',(2.000034275375,0.593600061481));
#5889 = CARTESIAN_POINT('',(2.000052927972,0.59040007925));
#5890 = CARTESIAN_POINT('',(2.000071956832,0.587200059251));
#5891 = CARTESIAN_POINT('',(2.000130681188,0.577200727035));
#5892 = CARTESIAN_POINT('',(2.000169903617,0.570401213718));
#5893 = CARTESIAN_POINT('',(2.000201387155,0.563601284592));
#5894 = CARTESIAN_POINT('',(2.000219585991,0.556800867139));
#5895 = CARTESIAN_POINT('',(2.000221692955,0.540001552517));
#5896 = CARTESIAN_POINT('',(2.000186147196,0.530001812034));
#5897 = CARTESIAN_POINT('',(2.0001070139,0.520001547386));
#5898 = CARTESIAN_POINT('',(1.999999999252,0.510000520713));
#5899 = CARTESIAN_POINT('',(2.,0.499999912761));
#5900 = ( GEOMETRIC_REPRESENTATION_CONTEXT(2) 
PARAMETRIC_REPRESENTATION_CONTEXT() REPRESENTATION_CONTEXT('2D SPACE',''
  ) );
#5901 = ORIENTED_EDGE('',*,*,#5902,.T.);
#5902 = EDGE_CURVE('',#5847,#5903,#5905,.T.);
#5903 = VERTEX_POINT('',#5904);
#5904 = CARTESIAN_POINT('',(-1.291992911606,-3.943761442628,
    -5.053607824938));
#5905 = SURFACE_CURVE('',#5906,(#5919,#5935),.PCURVE_S1.);
#5906 = B_SPLINE_CURVE_WITH_KNOTS('',6,(#5907,#5908,#5909,#5910,#5911,
    #5912,#5913,#5914,#5915,#5916,#5917,#5918),.UNSPECIFIED.,.F.,.F.,(7,
    5,7),(0.,0.363344363255,1.),.UNSPECIFIED.);
#5907 = CARTESIAN_POINT('',(-3.357420785352,-2.43930844095,
    -5.178125021095));
#5908 = CARTESIAN_POINT('',(-3.264966010954,-2.566561549272,
    -5.170586604416));
#5909 = CARTESIAN_POINT('',(-3.166722795397,-2.689610391105,
    -5.163048191317));
#5910 = CARTESIAN_POINT('',(-3.062931636335,-2.808124138521,
    -5.155509647764));
#5911 = CARTESIAN_POINT('',(-2.953855789133,-2.921792816401,
    -5.147970864223));
#5912 = CARTESIAN_POINT('',(-2.839781266872,-3.030327302429,
    -5.140431755666));
#5913 = CARTESIAN_POINT('',(-2.512916621262,-3.314168294882,
    -5.119681484405));
#5914 = CARTESIAN_POINT('',(-2.290402704838,-3.478303289613,
    -5.106468714811));
#5915 = CARTESIAN_POINT('',(-2.055151154108,-3.624402693991,
    -5.093255297777));
#5916 = CARTESIAN_POINT('',(-1.808997622034,-3.751275174443,
    -5.080040427092));
#5917 = CARTESIAN_POINT('',(-1.553906738415,-3.857957366339,
    -5.066823824865));
#5918 = CARTESIAN_POINT('',(-1.291992911606,-3.943761442628,
    -5.053607824938));
#5919 = PCURVE('',#4658,#5920);
#5920 = DEFINITIONAL_REPRESENTATION('',(#5921),#5934);
#5921 = B_SPLINE_CURVE_WITH_KNOTS('',6,(#5922,#5923,#5924,#5925,#5926,
    #5927,#5928,#5929,#5930,#5931,#5932,#5933),.UNSPECIFIED.,.F.,.F.,(7,
    5,7),(0.,0.363344363255,1.),.UNSPECIFIED.);
#5922 = CARTESIAN_POINT('',(3.769911078255,2.921874978905));
#5923 = CARTESIAN_POINT('',(3.807813121656,2.929413395584));
#5924 = CARTESIAN_POINT('',(3.845715245828,2.936951808683));
#5925 = CARTESIAN_POINT('',(3.883617409893,2.944490352236));
#5926 = CARTESIAN_POINT('',(3.921519570756,2.952029135777));
#5927 = CARTESIAN_POINT('',(3.959421683107,2.959568244334));
#5928 = CARTESIAN_POINT('',(4.063735992465,2.980318515595));
#5929 = CARTESIAN_POINT('',(4.130152120088,2.993531285189));
#5930 = CARTESIAN_POINT('',(4.196563721335,3.006744702223));
#5931 = CARTESIAN_POINT('',(4.262975264718,3.019959572908));
#5932 = CARTESIAN_POINT('',(4.329391266685,3.033176175135));
#5933 = CARTESIAN_POINT('',(4.3958034548,3.046392175062));
#5934 = ( GEOMETRIC_REPRESENTATION_CONTEXT(2) 
PARAMETRIC_REPRESENTATION_CONTEXT() REPRESENTATION_CONTEXT('2D SPACE',''
  ) );
#5935 = PCURVE('',#5936,#5959);
#5936 = ( BOUNDED_SURFACE() B_SPLINE_SURFACE(1,6,(
    (#5937,#5938,#5939,#5940,#5941,#5942,#5943,#5944,#5945,#5946,#5947)
    ,(#5948,#5949,#5950,#5951,#5952,#5953,#5954,#5955,#5956,#5957,#5958
)),.UNSPECIFIED.,.F.,.F.,.F.) B_SPLINE_SURFACE_WITH_KNOTS((2,2),(7,4,7),
(1.,2.),(0.,0.5,1.),.UNSPECIFIED.) GEOMETRIC_REPRESENTATION_ITEM() 
RATIONAL_B_SPLINE_SURFACE((
    (1.,1.,1.,1.,1.,1.,1.,1.,1.,1.,1.)
,(1.,1.,1.,1.,1.,1.,1.,1.,1.,1.,1.
  ))) REPRESENTATION_ITEM('') SURFACE() );
#5937 = CARTESIAN_POINT('',(4.35,-5.689744085582E-14,-5.928125));
#5938 = CARTESIAN_POINT('',(4.33463914711,2.277132192449,-5.823958333333
    ));
#5939 = CARTESIAN_POINT('',(2.964054218259,4.554264384897,
    -5.719791666677));
#5940 = CARTESIAN_POINT('',(-2.582543392074E-02,5.722092822658,
    -5.615624999996));
#5941 = CARTESIAN_POINT('',(-2.924628029175,4.554264384897,
    -5.511458333329));
#5942 = CARTESIAN_POINT('',(-5.775371970825,1.507806837696E-13,-5.303125
    ));
#5943 = CARTESIAN_POINT('',(-2.924628029176,-4.554264384897,
    -5.094791666671));
#5944 = CARTESIAN_POINT('',(-2.582543392098E-02,-5.722092822658,
    -4.990625000004));
#5945 = CARTESIAN_POINT('',(2.964054218259,-4.554264384897,
    -4.886458333323));
#5946 = CARTESIAN_POINT('',(4.33463914711,-2.277132192448,
    -4.782291666667));
#5947 = CARTESIAN_POINT('',(4.35,-2.149887189857E-14,-4.678125));
#5948 = CARTESIAN_POINT('',(4.15,0.,-5.928125));
#5949 = CARTESIAN_POINT('',(4.135345393172,2.172436459448,
    -5.823958333333));
#5950 = CARTESIAN_POINT('',(2.827775863512,4.344872918896,
    -5.719791666677));
#5951 = CARTESIAN_POINT('',(-2.463805772928E-02,5.459008095229,
    -5.615624999996));
#5952 = CARTESIAN_POINT('',(-2.790162372654,4.344872918896,
    -5.511458333329));
#5953 = CARTESIAN_POINT('',(-5.509837627346,2.860593549839E-13,-5.303125
    ));
#5954 = CARTESIAN_POINT('',(-2.790162372654,-4.344872918897,
    -5.094791666671));
#5955 = CARTESIAN_POINT('',(-2.463805772944E-02,-5.459008095228,
    -4.990625000004));
#5956 = CARTESIAN_POINT('',(2.827775863512,-4.344872918897,
    -4.886458333323));
#5957 = CARTESIAN_POINT('',(4.135345393172,-2.172436459448,
    -4.782291666667));
#5958 = CARTESIAN_POINT('',(4.15,-1.7763568394E-15,-4.678125));
#5959 = DEFINITIONAL_REPRESENTATION('',(#5960),#5973);
#5960 = B_SPLINE_CURVE_WITH_KNOTS('',6,(#5961,#5962,#5963,#5964,#5965,
    #5966,#5967,#5968,#5969,#5970,#5971,#5972),.UNSPECIFIED.,.F.,.F.,(7,
    5,7),(0.,0.363344363255,1.),.UNSPECIFIED.);
#5961 = CARTESIAN_POINT('',(2.,0.599999983125));
#5962 = CARTESIAN_POINT('',(1.999894793722,0.606030716469));
#5963 = CARTESIAN_POINT('',(1.999804314985,0.612061446948));
#5964 = CARTESIAN_POINT('',(1.99973587898,0.618092281791));
#5965 = CARTESIAN_POINT('',(1.999692820865,0.624123308623));
#5966 = CARTESIAN_POINT('',(1.999674495768,0.630154595469));
#5967 = CARTESIAN_POINT('',(1.999679403001,0.646754812478));
#5968 = CARTESIAN_POINT('',(1.999744690136,0.657325028153));
#5969 = CARTESIAN_POINT('',(1.999851184415,0.66789576178));
#5970 = CARTESIAN_POINT('',(1.999948253034,0.678467658328));
#5971 = CARTESIAN_POINT('',(1.999999234681,0.689040940109));
#5972 = CARTESIAN_POINT('',(2.,0.69961374005));
#5973 = ( GEOMETRIC_REPRESENTATION_CONTEXT(2) 
PARAMETRIC_REPRESENTATION_CONTEXT() REPRESENTATION_CONTEXT('2D SPACE',''
  ) );
#5974 = ORIENTED_EDGE('',*,*,#5975,.T.);
#5975 = EDGE_CURVE('',#5903,#5976,#5978,.T.);
#5976 = VERTEX_POINT('',#5977);
#5977 = CARTESIAN_POINT('',(-1.282441195426,-3.946877826879,
    -5.05312604211));
#5978 = SURFACE_CURVE('',#5979,(#5991,#6001),.PCURVE_S1.);
#5979 = ( BOUNDED_CURVE() B_SPLINE_CURVE(6,(#5980,#5981,#5982,#5983,
    #5984,#5985,#5986,#5987,#5988,#5989,#5990),.UNSPECIFIED.,.F.,.F.) 
B_SPLINE_CURVE_WITH_KNOTS((7,4,7),(0.,0.5,1.),.UNSPECIFIED.) CURVE() 
GEOMETRIC_REPRESENTATION_ITEM() RATIONAL_B_SPLINE_CURVE((1.,1.,1.,1.,1.,
1.,1.,1.,1.,1.,1.)) REPRESENTATION_ITEM('') );
#5980 = CARTESIAN_POINT('',(4.15,0.,-5.928125));
#5981 = CARTESIAN_POINT('',(4.135345393172,2.172436459448,
    -5.823958333333));
#5982 = CARTESIAN_POINT('',(2.827775863512,4.344872918896,
    -5.719791666677));
#5983 = CARTESIAN_POINT('',(-2.463805772928E-02,5.459008095229,
    -5.615624999996));
#5984 = CARTESIAN_POINT('',(-2.790162372654,4.344872918896,
    -5.511458333329));
#5985 = CARTESIAN_POINT('',(-5.509837627346,2.860593549839E-13,-5.303125
    ));
#5986 = CARTESIAN_POINT('',(-2.790162372654,-4.344872918897,
    -5.094791666671));
#5987 = CARTESIAN_POINT('',(-2.463805772944E-02,-5.459008095228,
    -4.990625000004));
#5988 = CARTESIAN_POINT('',(2.827775863512,-4.344872918897,
    -4.886458333323));
#5989 = CARTESIAN_POINT('',(4.135345393172,-2.172436459448,
    -4.782291666667));
#5990 = CARTESIAN_POINT('',(4.15,-1.7763568394E-15,-4.678125));
#5991 = PCURVE('',#4658,#5992);
#5992 = DEFINITIONAL_REPRESENTATION('',(#5993),#6000);
#5993 = B_SPLINE_CURVE_WITH_KNOTS('',5,(#5994,#5995,#5996,#5997,#5998,
    #5999),.UNSPECIFIED.,.F.,.F.,(6,6),(0.69961374005,0.699999166313),
  .PIECEWISE_BEZIER_KNOTS.);
#5994 = CARTESIAN_POINT('',(4.3958034548,3.046392175062));
#5995 = CARTESIAN_POINT('',(4.396287659582,3.046488531627));
#5996 = CARTESIAN_POINT('',(4.396771864321,3.046584888193));
#5997 = CARTESIAN_POINT('',(4.397256069017,3.046681244758));
#5998 = CARTESIAN_POINT('',(4.397740273674,3.046777601324));
#5999 = CARTESIAN_POINT('',(4.398224478291,3.04687395789));
#6000 = ( GEOMETRIC_REPRESENTATION_CONTEXT(2) 
PARAMETRIC_REPRESENTATION_CONTEXT() REPRESENTATION_CONTEXT('2D SPACE',''
  ) );
#6001 = PCURVE('',#5563,#6002);
#6002 = DEFINITIONAL_REPRESENTATION('',(#6003),#6007);
#6003 = LINE('',#6004,#6005);
#6004 = CARTESIAN_POINT('',(2.,0.));
#6005 = VECTOR('',#6006,1.);
#6006 = DIRECTION('',(0.,1.));
#6007 = ( GEOMETRIC_REPRESENTATION_CONTEXT(2) 
PARAMETRIC_REPRESENTATION_CONTEXT() REPRESENTATION_CONTEXT('2D SPACE',''
  ) );
#6008 = ORIENTED_EDGE('',*,*,#6009,.F.);
#6009 = EDGE_CURVE('',#6010,#5976,#6012,.T.);
#6010 = VERTEX_POINT('',#6011);
#6011 = CARTESIAN_POINT('',(1.282420563716,-3.946884530583,
    -4.928124998131));
#6012 = SURFACE_CURVE('',#6013,(#6028,#6046),.PCURVE_S1.);
#6013 = B_SPLINE_CURVE_WITH_KNOTS('',5,(#6014,#6015,#6016,#6017,#6018,
    #6019,#6020,#6021,#6022,#6023,#6024,#6025,#6026,#6027),
  .UNSPECIFIED.,.F.,.F.,(6,4,4,6),(0.,0.334933820499,0.694703126519,1.),
  .UNSPECIFIED.);
#6014 = CARTESIAN_POINT('',(1.282420563709,-3.946884530586,
    -4.928124998131));
#6015 = CARTESIAN_POINT('',(1.116299093225,-4.000860670037,
    -4.936495378295));
#6016 = CARTESIAN_POINT('',(0.947336902168,-4.046097151345,
    -4.944865979442));
#6017 = CARTESIAN_POINT('',(0.776149808976,-4.082394008591,
    -4.953236920339));
#6018 = CARTESIAN_POINT('',(0.603368367059,-4.109617539241,
    -4.961608558505));
#6019 = CARTESIAN_POINT('',(0.243022663029,-4.147124552847,
    -4.978973862488));
#6020 = CARTESIAN_POINT('',(5.530952302949E-02,-4.156002505774,
    -4.98796775389));
#6021 = CARTESIAN_POINT('',(-0.132703892064,-4.154251492959,
    -4.996962352014));
#6022 = CARTESIAN_POINT('',(-0.320218820711,-4.141879028327,
    -5.005957813768));
#6023 = CARTESIAN_POINT('',(-0.664462665075,-4.099553454526,
    -5.022587625371));
#6024 = CARTESIAN_POINT('',(-0.821555859325,-4.072545651282,
    -5.030221906732));
#6025 = CARTESIAN_POINT('',(-0.977231319575,-4.038019456575,
    -5.037856448682));
#6026 = CARTESIAN_POINT('',(-1.131012787061,-3.996080489695,
    -5.045491098767));
#6027 = CARTESIAN_POINT('',(-1.282434444788,-3.946880020323,
    -5.053125701746));
#6028 = PCURVE('',#4658,#6029);
#6029 = DEFINITIONAL_REPRESENTATION('',(#6030),#6045);
#6030 = B_SPLINE_CURVE_WITH_KNOTS('',5,(#6031,#6032,#6033,#6034,#6035,
    #6036,#6037,#6038,#6039,#6040,#6041,#6042,#6043,#6044),
  .UNSPECIFIED.,.F.,.F.,(6,4,4,6),(0.,0.334933820499,0.694703126519,1.),
  .UNSPECIFIED.);
#6031 = CARTESIAN_POINT('',(5.026548255132,3.171875001869));
#6032 = CARTESIAN_POINT('',(4.984458989738,3.163504621705));
#6033 = CARTESIAN_POINT('',(4.942369486829,3.155134020558));
#6034 = CARTESIAN_POINT('',(4.900280429897,3.146763079661));
#6035 = CARTESIAN_POINT('',(4.858190936439,3.138391441495));
#6036 = CARTESIAN_POINT('',(4.770891556498,3.121026137512));
#6037 = CARTESIAN_POINT('',(4.725681049696,3.11203224611));
#6038 = CARTESIAN_POINT('',(4.680471215252,3.103037647986));
#6039 = CARTESIAN_POINT('',(4.635260781426,3.094042186232));
#6040 = CARTESIAN_POINT('',(4.551685818155,3.077412374629));
#6041 = CARTESIAN_POINT('',(4.513320882014,3.069778093268));
#6042 = CARTESIAN_POINT('',(4.474955966892,3.062143551318));
#6043 = CARTESIAN_POINT('',(4.436591088775,3.054508901233));
#6044 = CARTESIAN_POINT('',(4.398226188665,3.046874298254));
#6045 = ( GEOMETRIC_REPRESENTATION_CONTEXT(2) 
PARAMETRIC_REPRESENTATION_CONTEXT() REPRESENTATION_CONTEXT('2D SPACE',''
  ) );
#6046 = PCURVE('',#6047,#6070);
#6047 = ( BOUNDED_SURFACE() B_SPLINE_SURFACE(1,6,(
    (#6048,#6049,#6050,#6051,#6052,#6053,#6054,#6055,#6056,#6057,#6058)
    ,(#6059,#6060,#6061,#6062,#6063,#6064,#6065,#6066,#6067,#6068,#6069
)),.UNSPECIFIED.,.F.,.F.,.F.) B_SPLINE_SURFACE_WITH_KNOTS((2,2),(7,4,7),
(1.,2.),(0.,0.5,1.),.UNSPECIFIED.) GEOMETRIC_REPRESENTATION_ITEM() 
RATIONAL_B_SPLINE_SURFACE((
    (1.,1.,1.,1.,1.,1.,1.,1.,1.,1.,1.)
,(1.,1.,1.,1.,1.,1.,1.,1.,1.,1.,1.
  ))) REPRESENTATION_ITEM('') SURFACE() );
#6048 = CARTESIAN_POINT('',(4.35,-5.689744085582E-14,-5.928125));
#6049 = CARTESIAN_POINT('',(4.33463914711,2.277132192449,-5.823958333333
    ));
#6050 = CARTESIAN_POINT('',(2.964054218259,4.554264384897,
    -5.719791666677));
#6051 = CARTESIAN_POINT('',(-2.582543392074E-02,5.722092822658,
    -5.615624999996));
#6052 = CARTESIAN_POINT('',(-2.924628029175,4.554264384897,
    -5.511458333329));
#6053 = CARTESIAN_POINT('',(-5.775371970825,1.507806837696E-13,-5.303125
    ));
#6054 = CARTESIAN_POINT('',(-2.924628029176,-4.554264384897,
    -5.094791666671));
#6055 = CARTESIAN_POINT('',(-2.582543392098E-02,-5.722092822658,
    -4.990625000004));
#6056 = CARTESIAN_POINT('',(2.964054218259,-4.554264384897,
    -4.886458333323));
#6057 = CARTESIAN_POINT('',(4.33463914711,-2.277132192448,
    -4.782291666667));
#6058 = CARTESIAN_POINT('',(4.35,-2.149887189857E-14,-4.678125));
#6059 = CARTESIAN_POINT('',(4.15,0.,-5.928125));
#6060 = CARTESIAN_POINT('',(4.135345393172,2.172436459448,
    -5.823958333333));
#6061 = CARTESIAN_POINT('',(2.827775863512,4.344872918896,
    -5.719791666677));
#6062 = CARTESIAN_POINT('',(-2.463805772928E-02,5.459008095229,
    -5.615624999996));
#6063 = CARTESIAN_POINT('',(-2.790162372654,4.344872918896,
    -5.511458333329));
#6064 = CARTESIAN_POINT('',(-5.509837627346,2.860593549839E-13,-5.303125
    ));
#6065 = CARTESIAN_POINT('',(-2.790162372654,-4.344872918897,
    -5.094791666671));
#6066 = CARTESIAN_POINT('',(-2.463805772944E-02,-5.459008095228,
    -4.990625000004));
#6067 = CARTESIAN_POINT('',(2.827775863512,-4.344872918897,
    -4.886458333323));
#6068 = CARTESIAN_POINT('',(4.135345393172,-2.172436459448,
    -4.782291666667));
#6069 = CARTESIAN_POINT('',(4.15,-1.7763568394E-15,-4.678125));
#6070 = DEFINITIONAL_REPRESENTATION('',(#6071),#6086);
#6071 = B_SPLINE_CURVE_WITH_KNOTS('',5,(#6072,#6073,#6074,#6075,#6076,
    #6077,#6078,#6079,#6080,#6081,#6082,#6083,#6084,#6085),
  .UNSPECIFIED.,.F.,.F.,(6,4,4,6),(0.,0.334933820499,0.694703126519,1.),
  .UNSPECIFIED.);
#6072 = CARTESIAN_POINT('',(2.,0.800000001494));
#6073 = CARTESIAN_POINT('',(1.999817567324,0.793303697363));
#6074 = CARTESIAN_POINT('',(1.999683092976,0.786607216446));
#6075 = CARTESIAN_POINT('',(1.999603659621,0.779910463728));
#6076 = CARTESIAN_POINT('',(1.999571945188,0.773213153195));
#6077 = CARTESIAN_POINT('',(1.999579630649,0.759320910009));
#6078 = CARTESIAN_POINT('',(1.99962452055,0.752125796888));
#6079 = CARTESIAN_POINT('',(1.999695048046,0.744930118389));
#6080 = CARTESIAN_POINT('',(1.999770396462,0.737733748986));
#6081 = CARTESIAN_POINT('',(1.999894243659,0.724429899704));
#6082 = CARTESIAN_POINT('',(1.999945144581,0.718322474615));
#6083 = CARTESIAN_POINT('',(1.999981540729,0.712214841055));
#6084 = CARTESIAN_POINT('',(1.99999955757,0.706107120988));
#6085 = CARTESIAN_POINT('',(2.,0.699999438604));
#6086 = ( GEOMETRIC_REPRESENTATION_CONTEXT(2) 
PARAMETRIC_REPRESENTATION_CONTEXT() REPRESENTATION_CONTEXT('2D SPACE',''
  ) );
#6087 = ORIENTED_EDGE('',*,*,#6088,.F.);
#6088 = EDGE_CURVE('',#6089,#6010,#6091,.T.);
#6089 = VERTEX_POINT('',#6090);
#6090 = CARTESIAN_POINT('',(3.35742049053,-2.439308846737,
    -4.803125002946));
#6091 = SURFACE_CURVE('',#6092,(#6100,#6111),.PCURVE_S1.);
#6092 = B_SPLINE_CURVE_WITH_KNOTS('',6,(#6093,#6094,#6095,#6096,#6097,
    #6098,#6099),.UNSPECIFIED.,.F.,.F.,(7,7),(0.,1.),
  .PIECEWISE_BEZIER_KNOTS.);
#6093 = CARTESIAN_POINT('',(3.357420490531,-2.439308846735,
    -4.803125002946));
#6094 = CARTESIAN_POINT('',(3.102015144673,-2.790844136218,
    -4.824206633394));
#6095 = CARTESIAN_POINT('',(2.802340664783,-3.110426609235,
    -4.845138863077));
#6096 = CARTESIAN_POINT('',(2.463583810325,-3.390789087774,
    -4.865890828253));
#6097 = CARTESIAN_POINT('',(2.092262183624,-3.626337699331,
    -4.88660830407));
#6098 = CARTESIAN_POINT('',(1.695702657176,-3.812601034028,
    -4.907353316851));
#6099 = CARTESIAN_POINT('',(1.282420563709,-3.946884530586,
    -4.928124998131));
#6100 = PCURVE('',#4658,#6101);
#6101 = DEFINITIONAL_REPRESENTATION('',(#6102),#6110);
#6102 = B_SPLINE_CURVE_WITH_KNOTS('',6,(#6103,#6104,#6105,#6106,#6107,
    #6108,#6109),.UNSPECIFIED.,.F.,.F.,(7,7),(0.,1.),
  .PIECEWISE_BEZIER_KNOTS.);
#6103 = CARTESIAN_POINT('',(5.654866761652,3.296874997054));
#6104 = CARTESIAN_POINT('',(5.550162781178,3.275793366606));
#6105 = CARTESIAN_POINT('',(5.44541859517,3.254861136923));
#6106 = CARTESIAN_POINT('',(5.340713519512,3.234109171747));
#6107 = CARTESIAN_POINT('',(5.236007550787,3.21339169593));
#6108 = CARTESIAN_POINT('',(5.131259221532,3.192646683149));
#6109 = CARTESIAN_POINT('',(5.026548255132,3.171875001869));
#6110 = ( GEOMETRIC_REPRESENTATION_CONTEXT(2) 
PARAMETRIC_REPRESENTATION_CONTEXT() REPRESENTATION_CONTEXT('2D SPACE',''
  ) );
#6111 = PCURVE('',#5563,#6112);
#6112 = DEFINITIONAL_REPRESENTATION('',(#6113),#6121);
#6113 = B_SPLINE_CURVE_WITH_KNOTS('',6,(#6114,#6115,#6116,#6117,#6118,
    #6119,#6120),.UNSPECIFIED.,.F.,.F.,(7,7),(0.,1.),
  .PIECEWISE_BEZIER_KNOTS.);
#6114 = CARTESIAN_POINT('',(2.,0.899999997642));
#6115 = CARTESIAN_POINT('',(2.000615213092,0.883326947374));
#6116 = CARTESIAN_POINT('',(2.000831333071,0.866648701121));
#6117 = CARTESIAN_POINT('',(2.000626182819,0.849983019527));
#6118 = CARTESIAN_POINT('',(2.000353094673,0.833323698828));
#6119 = CARTESIAN_POINT('',(2.000134163007,0.816659272457));
#6120 = CARTESIAN_POINT('',(2.,0.800000001494));
#6121 = ( GEOMETRIC_REPRESENTATION_CONTEXT(2) 
PARAMETRIC_REPRESENTATION_CONTEXT() REPRESENTATION_CONTEXT('2D SPACE',''
  ) );
#6122 = ORIENTED_EDGE('',*,*,#6123,.F.);
#6123 = EDGE_CURVE('',#6124,#6089,#6126,.T.);
#6124 = VERTEX_POINT('',#6125);
#6125 = CARTESIAN_POINT('',(4.150000000041,-8.995004853474E-15,-4.678125
    ));
#6126 = SURFACE_CURVE('',#6127,(#6140,#6156),.PCURVE_S1.);
#6127 = B_SPLINE_CURVE_WITH_KNOTS('',6,(#6128,#6129,#6130,#6131,#6132,
    #6133,#6134,#6135,#6136,#6137,#6138,#6139),.UNSPECIFIED.,.F.,.F.,(7,
    5,7),(0.,0.656838956146,1.),.UNSPECIFIED.);
#6128 = CARTESIAN_POINT('',(4.15,-8.881784197001E-16,-4.678125));
#6129 = CARTESIAN_POINT('',(4.15,-0.285325876132,-4.691806157532));
#6130 = CARTESIAN_POINT('',(4.126459385352,-0.570817401363,
    -4.705480020135));
#6131 = CARTESIAN_POINT('',(4.079327827435,-0.853879610465,
    -4.719155554283));
#6132 = CARTESIAN_POINT('',(4.008976267782,-1.132051279621,
    -4.732835458198));
#6133 = CARTESIAN_POINT('',(3.91606978155,-1.402991582176,
    -4.746519992314));
#6134 = CARTESIAN_POINT('',(3.74176081649,-1.8011018475,-4.767359522747)
  );
#6135 = CARTESIAN_POINT('',(3.676053056433,-1.935138845906,
    -4.774511806652));
#6136 = CARTESIAN_POINT('',(3.604593046834,-2.066278576303,
    -4.781664769805));
#6137 = CARTESIAN_POINT('',(3.527542002459,-2.194214435385,
    -4.788818149117));
#6138 = CARTESIAN_POINT('',(3.445082900198,-2.318651894722,
    -4.795971669104));
#6139 = CARTESIAN_POINT('',(3.35742049053,-2.439308846737,
    -4.803125002946));
#6140 = PCURVE('',#4658,#6141);
#6141 = DEFINITIONAL_REPRESENTATION('',(#6142),#6155);
#6142 = B_SPLINE_CURVE_WITH_KNOTS('',6,(#6143,#6144,#6145,#6146,#6147,
    #6148,#6149,#6150,#6151,#6152,#6153,#6154),.UNSPECIFIED.,.F.,.F.,(7,
    5,7),(0.,0.656838956146,1.),.UNSPECIFIED.);
#6143 = CARTESIAN_POINT('',(6.28318530718,3.421875));
#6144 = CARTESIAN_POINT('',(6.214432084015,3.408193842468));
#6145 = CARTESIAN_POINT('',(6.145638994174,3.394519979865));
#6146 = CARTESIAN_POINT('',(6.076845993307,3.380844445717));
#6147 = CARTESIAN_POINT('',(6.008059002873,3.367164541802));
#6148 = CARTESIAN_POINT('',(5.939274505734,3.353480007686));
#6149 = CARTESIAN_POINT('',(5.834552102457,3.332640477253));
#6150 = CARTESIAN_POINT('',(5.798615298342,3.325488193348));
#6151 = CARTESIAN_POINT('',(5.762678549658,3.318335230195));
#6152 = CARTESIAN_POINT('',(5.726741571299,3.311181850883));
#6153 = CARTESIAN_POINT('',(5.690804158339,3.304028330896));
#6154 = CARTESIAN_POINT('',(5.654866761652,3.296874997054));
#6155 = ( GEOMETRIC_REPRESENTATION_CONTEXT(2) 
PARAMETRIC_REPRESENTATION_CONTEXT() REPRESENTATION_CONTEXT('2D SPACE',''
  ) );
#6156 = PCURVE('',#6157,#6180);
#6157 = ( BOUNDED_SURFACE() B_SPLINE_SURFACE(1,6,(
    (#6158,#6159,#6160,#6161,#6162,#6163,#6164,#6165,#6166,#6167,#6168)
    ,(#6169,#6170,#6171,#6172,#6173,#6174,#6175,#6176,#6177,#6178,#6179
)),.UNSPECIFIED.,.F.,.F.,.F.) B_SPLINE_SURFACE_WITH_KNOTS((2,2),(7,4,7),
(1.,2.),(0.,0.5,1.),.UNSPECIFIED.) GEOMETRIC_REPRESENTATION_ITEM() 
RATIONAL_B_SPLINE_SURFACE((
    (1.,1.,1.,1.,1.,1.,1.,1.,1.,1.,1.)
,(1.,1.,1.,1.,1.,1.,1.,1.,1.,1.,1.
  ))) REPRESENTATION_ITEM('') SURFACE() );
#6158 = CARTESIAN_POINT('',(4.35,-5.689744085582E-14,-5.928125));
#6159 = CARTESIAN_POINT('',(4.33463914711,2.277132192449,-5.823958333333
    ));
#6160 = CARTESIAN_POINT('',(2.964054218259,4.554264384897,
    -5.719791666677));
#6161 = CARTESIAN_POINT('',(-2.582543392074E-02,5.722092822658,
    -5.615624999996));
#6162 = CARTESIAN_POINT('',(-2.924628029175,4.554264384897,
    -5.511458333329));
#6163 = CARTESIAN_POINT('',(-5.775371970825,1.507806837696E-13,-5.303125
    ));
#6164 = CARTESIAN_POINT('',(-2.924628029176,-4.554264384897,
    -5.094791666671));
#6165 = CARTESIAN_POINT('',(-2.582543392098E-02,-5.722092822658,
    -4.990625000004));
#6166 = CARTESIAN_POINT('',(2.964054218259,-4.554264384897,
    -4.886458333323));
#6167 = CARTESIAN_POINT('',(4.33463914711,-2.277132192448,
    -4.782291666667));
#6168 = CARTESIAN_POINT('',(4.35,-2.149887189857E-14,-4.678125));
#6169 = CARTESIAN_POINT('',(4.15,0.,-5.928125));
#6170 = CARTESIAN_POINT('',(4.135345393172,2.172436459448,
    -5.823958333333));
#6171 = CARTESIAN_POINT('',(2.827775863512,4.344872918896,
    -5.719791666677));
#6172 = CARTESIAN_POINT('',(-2.463805772928E-02,5.459008095229,
    -5.615624999996));
#6173 = CARTESIAN_POINT('',(-2.790162372654,4.344872918896,
    -5.511458333329));
#6174 = CARTESIAN_POINT('',(-5.509837627346,2.860593549839E-13,-5.303125
    ));
#6175 = CARTESIAN_POINT('',(-2.790162372654,-4.344872918897,
    -5.094791666671));
#6176 = CARTESIAN_POINT('',(-2.463805772944E-02,-5.459008095228,
    -4.990625000004));
#6177 = CARTESIAN_POINT('',(2.827775863512,-4.344872918897,
    -4.886458333323));
#6178 = CARTESIAN_POINT('',(4.135345393172,-2.172436459448,
    -4.782291666667));
#6179 = CARTESIAN_POINT('',(4.15,-1.7763568394E-15,-4.678125));
#6180 = DEFINITIONAL_REPRESENTATION('',(#6181),#6194);
#6181 = B_SPLINE_CURVE_WITH_KNOTS('',6,(#6182,#6183,#6184,#6185,#6186,
    #6187,#6188,#6189,#6190,#6191,#6192,#6193),.UNSPECIFIED.,.F.,.F.,(7,
    5,7),(0.,0.656838956146,1.),.UNSPECIFIED.);
#6182 = CARTESIAN_POINT('',(2.,1.));
#6183 = CARTESIAN_POINT('',(1.99037638474,0.989055073974));
#6184 = CARTESIAN_POINT('',(1.986936564889,0.978115983892));
#6185 = CARTESIAN_POINT('',(1.98707536258,0.967175556573));
#6186 = CARTESIAN_POINT('',(1.988894496815,0.956231633441));
#6187 = CARTESIAN_POINT('',(1.991306843753,0.945284006148));
#6188 = CARTESIAN_POINT('',(1.994964939264,0.928612381801));
#6189 = CARTESIAN_POINT('',(1.996217802451,0.922890554677));
#6190 = CARTESIAN_POINT('',(1.997382841666,0.917168184155));
#6191 = CARTESIAN_POINT('',(1.998412254746,0.911445480705));
#6192 = CARTESIAN_POINT('',(1.999285668739,0.905722664715));
#6193 = CARTESIAN_POINT('',(2.,0.899999997642));
#6194 = ( GEOMETRIC_REPRESENTATION_CONTEXT(2) 
PARAMETRIC_REPRESENTATION_CONTEXT() REPRESENTATION_CONTEXT('2D SPACE',''
  ) );
#6195 = ORIENTED_EDGE('',*,*,#6196,.T.);
#6196 = EDGE_CURVE('',#6124,#4674,#6197,.T.);
#6197 = SURFACE_CURVE('',#6198,(#6202,#6209),.PCURVE_S1.);
#6198 = LINE('',#6199,#6200);
#6199 = CARTESIAN_POINT('',(4.15,-1.016456843292E-15,-8.1));
#6200 = VECTOR('',#6201,1.);
#6201 = DIRECTION('',(0.,0.,1.));
#6202 = PCURVE('',#4658,#6203);
#6203 = DEFINITIONAL_REPRESENTATION('',(#6204),#6208);
#6204 = LINE('',#6205,#6206);
#6205 = CARTESIAN_POINT('',(6.28318530718,-0.));
#6206 = VECTOR('',#6207,1.);
#6207 = DIRECTION('',(0.,1.));
#6208 = ( GEOMETRIC_REPRESENTATION_CONTEXT(2) 
PARAMETRIC_REPRESENTATION_CONTEXT() REPRESENTATION_CONTEXT('2D SPACE',''
  ) );
#6209 = PCURVE('',#6210,#6215);
#6210 = CYLINDRICAL_SURFACE('',#6211,4.15);
#6211 = AXIS2_PLACEMENT_3D('',#6212,#6213,#6214);
#6212 = CARTESIAN_POINT('',(0.,0.,-8.1));
#6213 = DIRECTION('',(0.,0.,1.));
#6214 = DIRECTION('',(1.,0.,-0.));
#6215 = DEFINITIONAL_REPRESENTATION('',(#6216),#6220);
#6216 = LINE('',#6217,#6218);
#6217 = CARTESIAN_POINT('',(0.,-0.));
#6218 = VECTOR('',#6219,1.);
#6219 = DIRECTION('',(0.,1.));
#6220 = ( GEOMETRIC_REPRESENTATION_CONTEXT(2) 
PARAMETRIC_REPRESENTATION_CONTEXT() REPRESENTATION_CONTEXT('2D SPACE',''
  ) );
#6221 = ADVANCED_FACE('',(#6222),#6210,.F.);
#6222 = FACE_BOUND('',#6223,.F.);
#6223 = EDGE_LOOP('',(#6224,#6299,#6378,#6457,#6491,#6564,#6620,#6654,
    #6710,#6783,#6817,#6890,#6925,#6996,#6997,#7070,#7149,#7228,#7262,
    #7335,#7391,#7425,#7481,#7554,#7588,#7661,#7696,#7769));
#6224 = ORIENTED_EDGE('',*,*,#6225,.T.);
#6225 = EDGE_CURVE('',#6226,#6228,#6230,.T.);
#6226 = VERTEX_POINT('',#6227);
#6227 = CARTESIAN_POINT('',(4.14999999942,-6.610610622453E-14,-3.271875)
  );
#6228 = VERTEX_POINT('',#6229);
#6229 = CARTESIAN_POINT('',(3.357420690086,-2.439308572071,
    -3.396874986437));
#6230 = SURFACE_CURVE('',#6231,(#6244,#6260),.PCURVE_S1.);
#6231 = B_SPLINE_CURVE_WITH_KNOTS('',6,(#6232,#6233,#6234,#6235,#6236,
    #6237,#6238,#6239,#6240,#6241,#6242,#6243),.UNSPECIFIED.,.F.,.F.,(7,
    5,7),(0.,0.656839115945,1.),.UNSPECIFIED.);
#6232 = CARTESIAN_POINT('',(4.150000000395,-7.638334409421E-14,-3.271875
    ));
#6233 = CARTESIAN_POINT('',(4.150000000395,-0.285325907474,
    -3.285556159035));
#6234 = CARTESIAN_POINT('',(4.126459378418,-0.570817467286,
    -3.299230023292));
#6235 = CARTESIAN_POINT('',(4.079327813324,-0.853879704547,
    -3.312905558807));
#6236 = CARTESIAN_POINT('',(4.008976235179,-1.132051405853,
    -3.326585464372));
#6237 = CARTESIAN_POINT('',(3.91606972945,-1.402991734226,-3.34026999993
    ));
#6238 = CARTESIAN_POINT('',(3.741760768412,-1.801101940036,
    -3.361109527624));
#6239 = CARTESIAN_POINT('',(3.676053044718,-1.935138857196,
    -3.368261807256));
#6240 = CARTESIAN_POINT('',(3.604593078377,-2.066278509716,
    -3.375414766133));
#6241 = CARTESIAN_POINT('',(3.527542083867,-2.194214294839,
    -3.382568141167));
#6242 = CARTESIAN_POINT('',(3.445083037741,-2.318651684653,
    -3.389721656876));
#6243 = CARTESIAN_POINT('',(3.357420690087,-2.439308572071,
    -3.396874986437));
#6244 = PCURVE('',#6210,#6245);
#6245 = DEFINITIONAL_REPRESENTATION('',(#6246),#6259);
#6246 = B_SPLINE_CURVE_WITH_KNOTS('',6,(#6247,#6248,#6249,#6250,#6251,
    #6252,#6253,#6254,#6255,#6256,#6257,#6258),.UNSPECIFIED.,.F.,.F.,(7,
    5,7),(0.,0.656839115945,1.),.UNSPECIFIED.);
#6247 = CARTESIAN_POINT('',(6.28318530718,4.828125));
#6248 = CARTESIAN_POINT('',(6.214432076463,4.814443840965));
#6249 = CARTESIAN_POINT('',(6.145638978284,4.800769976708));
#6250 = CARTESIAN_POINT('',(6.076845970452,4.787094441193));
#6251 = CARTESIAN_POINT('',(6.008058971648,4.773414535628));
#6252 = CARTESIAN_POINT('',(5.939274467137,4.75973000007));
#6253 = CARTESIAN_POINT('',(5.834552077385,4.738890472376));
#6254 = CARTESIAN_POINT('',(5.798615294646,4.731738192744));
#6255 = CARTESIAN_POINT('',(5.762678567338,4.724585233867));
#6256 = CARTESIAN_POINT('',(5.726741610354,4.717431858833));
#6257 = CARTESIAN_POINT('',(5.690804218772,4.710278343124));
#6258 = CARTESIAN_POINT('',(5.65486684346,4.703125013563));
#6259 = ( GEOMETRIC_REPRESENTATION_CONTEXT(2) 
PARAMETRIC_REPRESENTATION_CONTEXT() REPRESENTATION_CONTEXT('2D SPACE',''
  ) );
#6260 = PCURVE('',#6261,#6284);
#6261 = ( BOUNDED_SURFACE() B_SPLINE_SURFACE(1,6,(
    (#6262,#6263,#6264,#6265,#6266,#6267,#6268,#6269,#6270,#6271,#6272)
    ,(#6273,#6274,#6275,#6276,#6277,#6278,#6279,#6280,#6281,#6282,#6283
)),.UNSPECIFIED.,.F.,.F.,.F.) B_SPLINE_SURFACE_WITH_KNOTS((2,2),(7,4,7),
(5.,6.),(0.,0.5,1.),.UNSPECIFIED.) GEOMETRIC_REPRESENTATION_ITEM() 
RATIONAL_B_SPLINE_SURFACE((
    (1.,1.,1.,1.,1.,1.,1.,1.,1.,1.,1.)
,(1.,1.,1.,1.,1.,1.,1.,1.,1.,1.,1.
  ))) REPRESENTATION_ITEM('') SURFACE() );
#6262 = CARTESIAN_POINT('',(4.150000000023,-7.678261650927E-15,-4.521875
    ));
#6263 = CARTESIAN_POINT('',(4.135345393195,2.172436459448,
    -4.417708333329));
#6264 = CARTESIAN_POINT('',(2.827775863534,4.344872918877,
    -4.313541666283));
#6265 = CARTESIAN_POINT('',(-2.463805769299E-02,5.459008095168,
    -4.209374998755));
#6266 = CARTESIAN_POINT('',(-2.790162372571,4.344872918795,
    -4.105208331266));
#6267 = CARTESIAN_POINT('',(-5.509837627137,-1.409859113521E-10,
    -3.896874997129));
#6268 = CARTESIAN_POINT('',(-2.79016237232,-4.344872918998,
    -3.688541664608));
#6269 = CARTESIAN_POINT('',(-2.463805734776E-02,-5.459008095289,
    -3.584374998763));
#6270 = CARTESIAN_POINT('',(2.827775863909,-4.344872918916,
    -3.480208332931));
#6271 = CARTESIAN_POINT('',(4.135345393568,-2.172436459448,
    -3.376041666663));
#6272 = CARTESIAN_POINT('',(4.150000000395,-7.54523003338E-14,-3.271875)
  );
#6273 = CARTESIAN_POINT('',(4.350000000023,2.859516793721E-12,
    -4.521875000059));
#6274 = CARTESIAN_POINT('',(4.334639147131,2.277132192451,
    -4.417708333388));
#6275 = CARTESIAN_POINT('',(2.964054218277,4.554264384879,
    -4.313541666324));
#6276 = CARTESIAN_POINT('',(-2.58254338883E-02,5.722092822597,
    -4.209374998755));
#6277 = CARTESIAN_POINT('',(-2.924628029095,4.554264384794,
    -4.105208331226));
#6278 = CARTESIAN_POINT('',(-5.775371970616,-1.450034249296E-10,
    -3.89687499705));
#6279 = CARTESIAN_POINT('',(-2.924628028838,-4.554264385,-3.688541664568
    ));
#6280 = CARTESIAN_POINT('',(-2.582543353545E-02,-5.722092822719,
    -3.584374998763));
#6281 = CARTESIAN_POINT('',(2.964054218658,-4.554264384915,
    -3.480208332971));
#6282 = CARTESIAN_POINT('',(4.334639147507,-2.277132192446,
    -3.376041666722));
#6283 = CARTESIAN_POINT('',(4.350000000395,2.828917680835E-12,
    -3.271875000059));
#6284 = DEFINITIONAL_REPRESENTATION('',(#6285),#6298);
#6285 = B_SPLINE_CURVE_WITH_KNOTS('',6,(#6286,#6287,#6288,#6289,#6290,
    #6291,#6292,#6293,#6294,#6295,#6296,#6297),.UNSPECIFIED.,.F.,.F.,(7,
    5,7),(0.,0.656839115945,1.),.UNSPECIFIED.);
#6286 = CARTESIAN_POINT('',(5.,1.));
#6287 = CARTESIAN_POINT('',(5.009623616317,0.989055072772));
#6288 = CARTESIAN_POINT('',(5.013063426206,0.978115981361));
#6289 = CARTESIAN_POINT('',(5.0129246434,0.967175552938));
#6290 = CARTESIAN_POINT('',(5.011105497299,0.956231628468));
#6291 = CARTESIAN_POINT('',(5.008693153023,0.945284));
#6292 = CARTESIAN_POINT('',(5.005035058069,0.928612377802));
#6293 = CARTESIAN_POINT('',(5.003782195731,0.922890554081));
#6294 = CARTESIAN_POINT('',(5.002617157261,0.917168186962));
#6295 = CARTESIAN_POINT('',(5.00158774474,0.911445486917));
#6296 = CARTESIAN_POINT('',(5.0007143311,0.90572267433));
#6297 = CARTESIAN_POINT('',(5.,0.900000010661));
#6298 = ( GEOMETRIC_REPRESENTATION_CONTEXT(2) 
PARAMETRIC_REPRESENTATION_CONTEXT() REPRESENTATION_CONTEXT('2D SPACE',''
  ) );
#6299 = ORIENTED_EDGE('',*,*,#6300,.F.);
#6300 = EDGE_CURVE('',#6301,#6228,#6303,.T.);
#6301 = VERTEX_POINT('',#6302);
#6302 = CARTESIAN_POINT('',(1.282419850201,-3.946884762418,
    -3.521875033247));
#6303 = SURFACE_CURVE('',#6304,(#6319,#6337),.PCURVE_S1.);
#6304 = B_SPLINE_CURVE_WITH_KNOTS('',5,(#6305,#6306,#6307,#6308,#6309,
    #6310,#6311,#6312,#6313,#6314,#6315,#6316,#6317,#6318),
  .UNSPECIFIED.,.F.,.F.,(6,4,4,6),(0.,0.300107249225,0.640140658953,1.),
  .UNSPECIFIED.);
#6305 = CARTESIAN_POINT('',(1.282419850195,-3.94688476242,
    -3.521875033248));
#6306 = CARTESIAN_POINT('',(1.431265645126,-3.89852186015,
    -3.514356250058));
#6307 = CARTESIAN_POINT('',(1.577831792355,-3.843142226941,
    -3.50683317574));
#6308 = CARTESIAN_POINT('',(1.721675664767,-3.780889856685,
    -3.499306173278));
#6309 = CARTESIAN_POINT('',(1.862372089487,-3.711948805125,
    -3.491776709965));
#6310 = CARTESIAN_POINT('',(2.154899829968,-3.551105638639,
    -3.475716302485));
#6311 = CARTESIAN_POINT('',(2.305723906066,-3.457368075851,
    -3.467185270194));
#6312 = CARTESIAN_POINT('',(2.451392053277,-3.355657044295,
    -3.458658338888));
#6313 = CARTESIAN_POINT('',(2.591351964708,-3.24635802349,
    -3.450140585894));
#6314 = CARTESIAN_POINT('',(2.866630990491,-3.006683553349,
    -3.432639843874));
#6315 = CARTESIAN_POINT('',(3.001205786233,-2.875448972057,
    -3.423658482678));
#6316 = CARTESIAN_POINT('',(3.128211136836,-2.736738914963,
    -3.414700728505));
#6317 = CARTESIAN_POINT('',(3.247107109745,-2.591142211028,
    -3.405772880769));
#6318 = CARTESIAN_POINT('',(3.357420690087,-2.43930857207,
    -3.396874986437));
#6319 = PCURVE('',#6210,#6320);
#6320 = DEFINITIONAL_REPRESENTATION('',(#6321),#6336);
#6321 = B_SPLINE_CURVE_WITH_KNOTS('',5,(#6322,#6323,#6324,#6325,#6326,
    #6327,#6328,#6329,#6330,#6331,#6332,#6333,#6334,#6335),
  .UNSPECIFIED.,.F.,.F.,(6,4,4,6),(0.,0.300107249225,0.640140658953,1.),
  .UNSPECIFIED.);
#6322 = CARTESIAN_POINT('',(5.026548074353,4.578124966752));
#6323 = CARTESIAN_POINT('',(5.064260296495,4.585643749942));
#6324 = CARTESIAN_POINT('',(5.101972471244,4.59316682426));
#6325 = CARTESIAN_POINT('',(5.139684574741,4.600693826722));
#6326 = CARTESIAN_POINT('',(5.177396606759,4.608223290035));
#6327 = CARTESIAN_POINT('',(5.257837763432,4.624283697515));
#6328 = CARTESIAN_POINT('',(5.300567018977,4.632814729806));
#6329 = CARTESIAN_POINT('',(5.343296389624,4.641341661112));
#6330 = CARTESIAN_POINT('',(5.386025927195,4.649859414106));
#6331 = CARTESIAN_POINT('',(5.473976874104,4.667360156126));
#6332 = CARTESIAN_POINT('',(5.519198771718,4.676341517322));
#6333 = CARTESIAN_POINT('',(5.564420530107,4.685299271495));
#6334 = CARTESIAN_POINT('',(5.609643544693,4.694227119231));
#6335 = CARTESIAN_POINT('',(5.654866843461,4.703125013563));
#6336 = ( GEOMETRIC_REPRESENTATION_CONTEXT(2) 
PARAMETRIC_REPRESENTATION_CONTEXT() REPRESENTATION_CONTEXT('2D SPACE',''
  ) );
#6337 = PCURVE('',#6338,#6361);
#6338 = ( BOUNDED_SURFACE() B_SPLINE_SURFACE(1,6,(
    (#6339,#6340,#6341,#6342,#6343,#6344,#6345,#6346,#6347,#6348,#6349)
    ,(#6350,#6351,#6352,#6353,#6354,#6355,#6356,#6357,#6358,#6359,#6360
)),.UNSPECIFIED.,.F.,.F.,.F.) B_SPLINE_SURFACE_WITH_KNOTS((2,2),(7,4,7),
(4.,5.),(0.,0.5,1.),.UNSPECIFIED.) GEOMETRIC_REPRESENTATION_ITEM() 
RATIONAL_B_SPLINE_SURFACE((
    (1.,1.,1.,1.,1.,1.,1.,1.,1.,1.,1.)
,(1.,1.,1.,1.,1.,1.,1.,1.,1.,1.,1.
  ))) REPRESENTATION_ITEM('') SURFACE() );
#6339 = CARTESIAN_POINT('',(3.473417653433,-9.727770332372E-12,
    -4.131249999799));
#6340 = CARTESIAN_POINT('',(3.461152214699,1.818260035821,
    -4.027083333128));
#6341 = CARTESIAN_POINT('',(2.366758218361,3.636520071636,
    -3.922916666146));
#6342 = CARTESIAN_POINT('',(-2.062126871299E-02,4.569015683833,
    -3.818749998756));
#6343 = CARTESIAN_POINT('',(-2.335276925242,3.636520071567,
    -3.714583331401));
#6344 = CARTESIAN_POINT('',(-4.61155838081,-1.277453150795E-10,
    -3.506249997396));
#6345 = CARTESIAN_POINT('',(-2.335276925012,-3.636520071757,
    -3.297916664743));
#6346 = CARTESIAN_POINT('',(-2.062126839373E-02,-4.569015683954,
    -3.193749998764));
#6347 = CARTESIAN_POINT('',(2.366758218715,-3.636520071688,
    -3.089583332794));
#6348 = CARTESIAN_POINT('',(3.461152215062,-1.818260035841,
    -2.985416666462));
#6349 = CARTESIAN_POINT('',(3.473417653804,-9.921303863726E-12,
    -2.881249999799));
#6350 = CARTESIAN_POINT('',(4.150000000023,-7.678261650927E-15,-4.521875
    ));
#6351 = CARTESIAN_POINT('',(4.135345393195,2.172436459448,
    -4.417708333329));
#6352 = CARTESIAN_POINT('',(2.827775863534,4.344872918877,
    -4.313541666283));
#6353 = CARTESIAN_POINT('',(-2.463805769299E-02,5.459008095168,
    -4.209374998755));
#6354 = CARTESIAN_POINT('',(-2.790162372571,4.344872918795,
    -4.105208331266));
#6355 = CARTESIAN_POINT('',(-5.509837627137,-1.409859113521E-10,
    -3.896874997129));
#6356 = CARTESIAN_POINT('',(-2.79016237232,-4.344872918998,
    -3.688541664608));
#6357 = CARTESIAN_POINT('',(-2.463805734776E-02,-5.459008095289,
    -3.584374998763));
#6358 = CARTESIAN_POINT('',(2.827775863909,-4.344872918916,
    -3.480208332931));
#6359 = CARTESIAN_POINT('',(4.135345393568,-2.172436459448,
    -3.376041666663));
#6360 = CARTESIAN_POINT('',(4.150000000395,-7.54523003338E-14,-3.271875)
  );
#6361 = DEFINITIONAL_REPRESENTATION('',(#6362),#6377);
#6362 = B_SPLINE_CURVE_WITH_KNOTS('',5,(#6363,#6364,#6365,#6366,#6367,
    #6368,#6369,#6370,#6371,#6372,#6373,#6374,#6375,#6376),
  .UNSPECIFIED.,.F.,.F.,(6,4,4,6),(0.,0.300107249225,0.640140658953,1.),
  .UNSPECIFIED.);
#6363 = CARTESIAN_POINT('',(5.,0.799999972719));
#6364 = CARTESIAN_POINT('',(4.999951680492,0.80599989946));
#6365 = CARTESIAN_POINT('',(4.999891983873,0.811999703755));
#6366 = CARTESIAN_POINT('',(4.99982233013,0.817999538964));
#6367 = CARTESIAN_POINT('',(4.999746988666,0.82399956544));
#6368 = CARTESIAN_POINT('',(4.999589334901,0.836798624693));
#6369 = CARTESIAN_POINT('',(4.999507163007,0.843597771844));
#6370 = CARTESIAN_POINT('',(4.999437800747,0.850397641217));
#6371 = CARTESIAN_POINT('',(4.999394687158,0.857198370649));
#6372 = CARTESIAN_POINT('',(4.999392165755,0.871198176392));
#6373 = CARTESIAN_POINT('',(4.999437475304,0.878397424615));
#6374 = CARTESIAN_POINT('',(4.999546158776,0.885597591569));
#6375 = CARTESIAN_POINT('',(4.999734279675,0.892798657567));
#6376 = CARTESIAN_POINT('',(5.,0.900000010661));
#6377 = ( GEOMETRIC_REPRESENTATION_CONTEXT(2) 
PARAMETRIC_REPRESENTATION_CONTEXT() REPRESENTATION_CONTEXT('2D SPACE',''
  ) );
#6378 = ORIENTED_EDGE('',*,*,#6379,.T.);
#6379 = EDGE_CURVE('',#6301,#6380,#6382,.T.);
#6380 = VERTEX_POINT('',#6381);
#6381 = CARTESIAN_POINT('',(-1.282488033517,-3.946862607679,
    -3.646878402071));
#6382 = SURFACE_CURVE('',#6383,(#6398,#6416),.PCURVE_S1.);
#6383 = B_SPLINE_CURVE_WITH_KNOTS('',5,(#6384,#6385,#6386,#6387,#6388,
    #6389,#6390,#6391,#6392,#6393,#6394,#6395,#6396,#6397),
  .UNSPECIFIED.,.F.,.F.,(6,4,4,6),(0.,0.334926262503,0.694685995981,1.),
  .UNSPECIFIED.);
#6384 = CARTESIAN_POINT('',(1.282419850195,-3.94688476242,
    -3.521875033248));
#6385 = CARTESIAN_POINT('',(1.116298733347,-4.000860753767,
    -3.530245395052));
#6386 = CARTESIAN_POINT('',(0.94733690994,-4.046097124691,
    -3.538615977839));
#6387 = CARTESIAN_POINT('',(0.776150194396,-4.082393910701,
    -3.546986900374));
#6388 = CARTESIAN_POINT('',(0.603369135981,-4.109617410109,
    -3.555358520174));
#6389 = CARTESIAN_POINT('',(0.243024984968,-4.147124363903,
    -3.572723749707));
#6390 = CARTESIAN_POINT('',(5.531302364643E-02,-4.156002379702,
    -3.581717585017));
#6391 = CARTESIAN_POINT('',(-0.132699216994,-4.15425156278,
    -3.590712127041));
#6392 = CARTESIAN_POINT('',(-0.320212990329,-4.141879426141,
    -3.599707532685));
#6393 = CARTESIAN_POINT('',(-0.66446783352,-4.099553089804,
    -3.616337872038));
#6394 = CARTESIAN_POINT('',(-0.82157301923,-4.072542905925,
    -3.623972737366));
#6395 = CARTESIAN_POINT('',(-0.977260228588,-4.038013182813,
    -3.631607863277));
#6396 = CARTESIAN_POINT('',(-1.131053094522,-3.996069566531,
    -3.639243097298));
#6397 = CARTESIAN_POINT('',(-1.282485697019,-3.946863366895,
    -3.646878284266));
#6398 = PCURVE('',#6210,#6399);
#6399 = DEFINITIONAL_REPRESENTATION('',(#6400),#6415);
#6400 = B_SPLINE_CURVE_WITH_KNOTS('',5,(#6401,#6402,#6403,#6404,#6405,
    #6406,#6407,#6408,#6409,#6410,#6411,#6412,#6413,#6414),
  .UNSPECIFIED.,.F.,.F.,(6,4,4,6),(0.,0.334926262503,0.694685995981,1.),
  .UNSPECIFIED.);
#6401 = CARTESIAN_POINT('',(5.026548074353,4.578124966752));
#6402 = CARTESIAN_POINT('',(4.98445890103,4.569754604948));
#6403 = CARTESIAN_POINT('',(4.942369490195,4.561384022161));
#6404 = CARTESIAN_POINT('',(4.900280525332,4.553013099626));
#6405 = CARTESIAN_POINT('',(4.858191123947,4.544641479826));
#6406 = CARTESIAN_POINT('',(4.770892117709,4.527276250293));
#6407 = CARTESIAN_POINT('',(4.725681892545,4.518282414983));
#6408 = CARTESIAN_POINT('',(4.680472339721,4.509287872959));
#6409 = CARTESIAN_POINT('',(4.635262187535,4.500292467315));
#6410 = CARTESIAN_POINT('',(4.55168457133,4.483662127962));
#6411 = CARTESIAN_POINT('',(4.513316700417,4.476027262634));
#6412 = CARTESIAN_POINT('',(4.474948850723,4.468392136723));
#6413 = CARTESIAN_POINT('',(4.436581038149,4.460756902702));
#6414 = CARTESIAN_POINT('',(4.398213203132,4.453121715734));
#6415 = ( GEOMETRIC_REPRESENTATION_CONTEXT(2) 
PARAMETRIC_REPRESENTATION_CONTEXT() REPRESENTATION_CONTEXT('2D SPACE',''
  ) );
#6416 = PCURVE('',#6417,#6440);
#6417 = ( BOUNDED_SURFACE() B_SPLINE_SURFACE(1,6,(
    (#6418,#6419,#6420,#6421,#6422,#6423,#6424,#6425,#6426,#6427,#6428)
    ,(#6429,#6430,#6431,#6432,#6433,#6434,#6435,#6436,#6437,#6438,#6439
)),.UNSPECIFIED.,.F.,.F.,.F.) B_SPLINE_SURFACE_WITH_KNOTS((2,2),(7,4,7),
(5.,6.),(0.,0.5,1.),.UNSPECIFIED.) GEOMETRIC_REPRESENTATION_ITEM() 
RATIONAL_B_SPLINE_SURFACE((
    (1.,1.,1.,1.,1.,1.,1.,1.,1.,1.,1.)
,(1.,1.,1.,1.,1.,1.,1.,1.,1.,1.,1.
  ))) REPRESENTATION_ITEM('') SURFACE() );
#6418 = CARTESIAN_POINT('',(4.150000000023,-7.678261650927E-15,-4.521875
    ));
#6419 = CARTESIAN_POINT('',(4.135345393195,2.172436459448,
    -4.417708333329));
#6420 = CARTESIAN_POINT('',(2.827775863534,4.344872918877,
    -4.313541666283));
#6421 = CARTESIAN_POINT('',(-2.463805769299E-02,5.459008095168,
    -4.209374998755));
#6422 = CARTESIAN_POINT('',(-2.790162372571,4.344872918795,
    -4.105208331266));
#6423 = CARTESIAN_POINT('',(-5.509837627137,-1.409859113521E-10,
    -3.896874997129));
#6424 = CARTESIAN_POINT('',(-2.79016237232,-4.344872918998,
    -3.688541664608));
#6425 = CARTESIAN_POINT('',(-2.463805734776E-02,-5.459008095289,
    -3.584374998763));
#6426 = CARTESIAN_POINT('',(2.827775863909,-4.344872918916,
    -3.480208332931));
#6427 = CARTESIAN_POINT('',(4.135345393568,-2.172436459448,
    -3.376041666663));
#6428 = CARTESIAN_POINT('',(4.150000000395,-7.54523003338E-14,-3.271875)
  );
#6429 = CARTESIAN_POINT('',(4.350000000023,2.859516793721E-12,
    -4.521875000059));
#6430 = CARTESIAN_POINT('',(4.334639147131,2.277132192451,
    -4.417708333388));
#6431 = CARTESIAN_POINT('',(2.964054218277,4.554264384879,
    -4.313541666324));
#6432 = CARTESIAN_POINT('',(-2.58254338883E-02,5.722092822597,
    -4.209374998755));
#6433 = CARTESIAN_POINT('',(-2.924628029095,4.554264384794,
    -4.105208331226));
#6434 = CARTESIAN_POINT('',(-5.775371970616,-1.450034249296E-10,
    -3.89687499705));
#6435 = CARTESIAN_POINT('',(-2.924628028838,-4.554264385,-3.688541664568
    ));
#6436 = CARTESIAN_POINT('',(-2.582543353545E-02,-5.722092822719,
    -3.584374998763));
#6437 = CARTESIAN_POINT('',(2.964054218658,-4.554264384915,
    -3.480208332971));
#6438 = CARTESIAN_POINT('',(4.334639147507,-2.277132192446,
    -3.376041666722));
#6439 = CARTESIAN_POINT('',(4.350000000395,2.828917680835E-12,
    -3.271875000059));
#6440 = DEFINITIONAL_REPRESENTATION('',(#6441),#6456);
#6441 = B_SPLINE_CURVE_WITH_KNOTS('',5,(#6442,#6443,#6444,#6445,#6446,
    #6447,#6448,#6449,#6450,#6451,#6452,#6453,#6454,#6455),
  .UNSPECIFIED.,.F.,.F.,(6,4,4,6),(0.,0.334926262503,0.694685995981,1.),
  .UNSPECIFIED.);
#6442 = CARTESIAN_POINT('',(5.,0.799999972719));
#6443 = CARTESIAN_POINT('',(5.000182432176,0.793303683236));
#6444 = CARTESIAN_POINT('',(5.000316906217,0.786607216967));
#6445 = CARTESIAN_POINT('',(5.000396339527,0.779910478898));
#6446 = CARTESIAN_POINT('',(5.000428054114,0.773213183017));
#6447 = CARTESIAN_POINT('',(5.000420369211,0.759320999306));
#6448 = CARTESIAN_POINT('',(5.000375480059,0.752125931013));
#6449 = CARTESIAN_POINT('',(5.000304953463,0.744930297349));
#6450 = CARTESIAN_POINT('',(5.000229605684,0.73773397279));
#6451 = CARTESIAN_POINT('',(5.000105754215,0.724429701226));
#6452 = CARTESIAN_POINT('',(5.000054849469,0.718321808926));
#6453 = CARTESIAN_POINT('',(5.000018452239,0.71221370816));
#6454 = CARTESIAN_POINT('',(5.000000437665,0.706105520907));
#6455 = CARTESIAN_POINT('',(5.,0.699997371297));
#6456 = ( GEOMETRIC_REPRESENTATION_CONTEXT(2) 
PARAMETRIC_REPRESENTATION_CONTEXT() REPRESENTATION_CONTEXT('2D SPACE',''
  ) );
#6457 = ORIENTED_EDGE('',*,*,#6458,.F.);
#6458 = EDGE_CURVE('',#6459,#6380,#6461,.T.);
#6459 = VERTEX_POINT('',#6460);
#6460 = CARTESIAN_POINT('',(-1.291940536785,-3.943778600456,
    -3.647355180544));
#6461 = SURFACE_CURVE('',#6462,(#6474,#6484),.PCURVE_S1.);
#6462 = ( BOUNDED_CURVE() B_SPLINE_CURVE(6,(#6463,#6464,#6465,#6466,
    #6467,#6468,#6469,#6470,#6471,#6472,#6473),.UNSPECIFIED.,.F.,.F.) 
B_SPLINE_CURVE_WITH_KNOTS((7,4,7),(0.,0.5,1.),.UNSPECIFIED.) CURVE() 
GEOMETRIC_REPRESENTATION_ITEM() RATIONAL_B_SPLINE_CURVE((1.,1.,1.,1.,1.,
1.,1.,1.,1.,1.,1.)) REPRESENTATION_ITEM('') );
#6463 = CARTESIAN_POINT('',(4.150000000023,-7.678261650927E-15,-4.521875
    ));
#6464 = CARTESIAN_POINT('',(4.135345393195,2.172436459448,
    -4.417708333329));
#6465 = CARTESIAN_POINT('',(2.827775863534,4.344872918877,
    -4.313541666283));
#6466 = CARTESIAN_POINT('',(-2.463805769299E-02,5.459008095168,
    -4.209374998755));
#6467 = CARTESIAN_POINT('',(-2.790162372571,4.344872918795,
    -4.105208331266));
#6468 = CARTESIAN_POINT('',(-5.509837627137,-1.409859113521E-10,
    -3.896874997129));
#6469 = CARTESIAN_POINT('',(-2.79016237232,-4.344872918998,
    -3.688541664608));
#6470 = CARTESIAN_POINT('',(-2.463805734776E-02,-5.459008095289,
    -3.584374998763));
#6471 = CARTESIAN_POINT('',(2.827775863909,-4.344872918916,
    -3.480208332931));
#6472 = CARTESIAN_POINT('',(4.135345393568,-2.172436459448,
    -3.376041666663));
#6473 = CARTESIAN_POINT('',(4.150000000395,-7.54523003338E-14,-3.271875)
  );
#6474 = PCURVE('',#6210,#6475);
#6475 = DEFINITIONAL_REPRESENTATION('',(#6476),#6483);
#6476 = B_SPLINE_CURVE_WITH_KNOTS('',5,(#6477,#6478,#6479,#6480,#6481,
    #6482),.UNSPECIFIED.,.F.,.F.,(6,6),(0.699615854272,0.699997277053),
  .PIECEWISE_BEZIER_KNOTS.);
#6477 = CARTESIAN_POINT('',(4.395816735194,4.452644819456));
#6478 = CARTESIAN_POINT('',(4.396295910466,4.45274017515));
#6479 = CARTESIAN_POINT('',(4.396775085696,4.452835530845));
#6480 = CARTESIAN_POINT('',(4.397254260884,4.45293088654));
#6481 = CARTESIAN_POINT('',(4.397733436033,4.453026242234));
#6482 = CARTESIAN_POINT('',(4.398212611144,4.453121597929));
#6483 = ( GEOMETRIC_REPRESENTATION_CONTEXT(2) 
PARAMETRIC_REPRESENTATION_CONTEXT() REPRESENTATION_CONTEXT('2D SPACE',''
  ) );
#6484 = PCURVE('',#6338,#6485);
#6485 = DEFINITIONAL_REPRESENTATION('',(#6486),#6490);
#6486 = LINE('',#6487,#6488);
#6487 = CARTESIAN_POINT('',(5.,0.));
#6488 = VECTOR('',#6489,1.);
#6489 = DIRECTION('',(0.,1.));
#6490 = ( GEOMETRIC_REPRESENTATION_CONTEXT(2) 
PARAMETRIC_REPRESENTATION_CONTEXT() REPRESENTATION_CONTEXT('2D SPACE',''
  ) );
#6491 = ORIENTED_EDGE('',*,*,#6492,.F.);
#6492 = EDGE_CURVE('',#6493,#6459,#6495,.T.);
#6493 = VERTEX_POINT('',#6494);
#6494 = CARTESIAN_POINT('',(-3.357421503362,-2.439307452692,
    -3.77187507742));
#6495 = SURFACE_CURVE('',#6496,(#6509,#6525),.PCURVE_S1.);
#6496 = B_SPLINE_CURVE_WITH_KNOTS('',6,(#6497,#6498,#6499,#6500,#6501,
    #6502,#6503,#6504,#6505,#6506,#6507,#6508),.UNSPECIFIED.,.F.,.F.,(7,
    5,7),(0.,0.363337770845,1.),.UNSPECIFIED.);
#6497 = CARTESIAN_POINT('',(-3.357421503361,-2.439307452694,
    -3.77187507742));
#6498 = CARTESIAN_POINT('',(-3.264966438838,-2.566561039109,
    -3.764336634059));
#6499 = CARTESIAN_POINT('',(-3.166722890896,-2.68961033095,
    -3.75679819428));
#6500 = CARTESIAN_POINT('',(-3.062931359652,-2.808124496697,
    -3.749259624048));
#6501 = CARTESIAN_POINT('',(-2.953855103262,-2.921793557927,
    -3.741720813828));
#6502 = CARTESIAN_POINT('',(-2.839780137918,-3.030328389322,
    -3.73418167859));
#6503 = CARTESIAN_POINT('',(-2.512908258371,-3.314175370321,
    -3.713430957399));
#6504 = CARTESIAN_POINT('',(-2.290386665118,-3.478314980445,
    -3.700217764358));
#6505 = CARTESIAN_POINT('',(-2.055126684512,-3.624417790176,
    -3.687003923915));
#6506 = CARTESIAN_POINT('',(-1.808964152412,-3.75129236132,
    -3.673788629742));
#6507 = CARTESIAN_POINT('',(-1.553863895549,-3.857975253209,
    -3.660571603896));
#6508 = CARTESIAN_POINT('',(-1.291940536785,-3.943778600456,
    -3.647355180544));
#6509 = PCURVE('',#6210,#6510);
#6510 = DEFINITIONAL_REPRESENTATION('',(#6511),#6524);
#6511 = B_SPLINE_CURVE_WITH_KNOTS('',6,(#6512,#6513,#6514,#6515,#6516,
    #6517,#6518,#6519,#6520,#6521,#6522,#6523),.UNSPECIFIED.,.F.,.F.,(7,
    5,7),(0.,0.363337770845,1.),.UNSPECIFIED.);
#6512 = CARTESIAN_POINT('',(3.769910783905,4.32812492258));
#6513 = CARTESIAN_POINT('',(3.807812961599,4.335663365941));
#6514 = CARTESIAN_POINT('',(3.845715220065,4.34320180572));
#6515 = CARTESIAN_POINT('',(3.883617518424,4.350740375952));
#6516 = CARTESIAN_POINT('',(3.921519813583,4.358279186172));
#6517 = CARTESIAN_POINT('',(3.959422060229,4.36581832141));
#6518 = CARTESIAN_POINT('',(4.063738631871,4.386569042601));
#6519 = CARTESIAN_POINT('',(4.130156888109,4.399782235642));
#6520 = CARTESIAN_POINT('',(4.196570617244,4.412996076085));
#6521 = CARTESIAN_POINT('',(4.2629842885,4.426211370258));
#6522 = CARTESIAN_POINT('',(4.329402419053,4.439428396104));
#6523 = CARTESIAN_POINT('',(4.395816735194,4.452644819456));
#6524 = ( GEOMETRIC_REPRESENTATION_CONTEXT(2) 
PARAMETRIC_REPRESENTATION_CONTEXT() REPRESENTATION_CONTEXT('2D SPACE',''
  ) );
#6525 = PCURVE('',#6526,#6549);
#6526 = ( BOUNDED_SURFACE() B_SPLINE_SURFACE(1,6,(
    (#6527,#6528,#6529,#6530,#6531,#6532,#6533,#6534,#6535,#6536,#6537)
    ,(#6538,#6539,#6540,#6541,#6542,#6543,#6544,#6545,#6546,#6547,#6548
)),.UNSPECIFIED.,.F.,.F.,.F.) B_SPLINE_SURFACE_WITH_KNOTS((2,2),(7,4,7),
(5.,6.),(0.,0.5,1.),.UNSPECIFIED.) GEOMETRIC_REPRESENTATION_ITEM() 
RATIONAL_B_SPLINE_SURFACE((
    (1.,1.,1.,1.,1.,1.,1.,1.,1.,1.,1.)
,(1.,1.,1.,1.,1.,1.,1.,1.,1.,1.,1.
  ))) REPRESENTATION_ITEM('') SURFACE() );
#6527 = CARTESIAN_POINT('',(4.150000000023,-7.678261650927E-15,-4.521875
    ));
#6528 = CARTESIAN_POINT('',(4.135345393195,2.172436459448,
    -4.417708333329));
#6529 = CARTESIAN_POINT('',(2.827775863534,4.344872918877,
    -4.313541666283));
#6530 = CARTESIAN_POINT('',(-2.463805769299E-02,5.459008095168,
    -4.209374998755));
#6531 = CARTESIAN_POINT('',(-2.790162372571,4.344872918795,
    -4.105208331266));
#6532 = CARTESIAN_POINT('',(-5.509837627137,-1.409859113521E-10,
    -3.896874997129));
#6533 = CARTESIAN_POINT('',(-2.79016237232,-4.344872918998,
    -3.688541664608));
#6534 = CARTESIAN_POINT('',(-2.463805734776E-02,-5.459008095289,
    -3.584374998763));
#6535 = CARTESIAN_POINT('',(2.827775863909,-4.344872918916,
    -3.480208332931));
#6536 = CARTESIAN_POINT('',(4.135345393568,-2.172436459448,
    -3.376041666663));
#6537 = CARTESIAN_POINT('',(4.150000000395,-7.54523003338E-14,-3.271875)
  );
#6538 = CARTESIAN_POINT('',(4.350000000023,2.859516793721E-12,
    -4.521875000059));
#6539 = CARTESIAN_POINT('',(4.334639147131,2.277132192451,
    -4.417708333388));
#6540 = CARTESIAN_POINT('',(2.964054218277,4.554264384879,
    -4.313541666324));
#6541 = CARTESIAN_POINT('',(-2.58254338883E-02,5.722092822597,
    -4.209374998755));
#6542 = CARTESIAN_POINT('',(-2.924628029095,4.554264384794,
    -4.105208331226));
#6543 = CARTESIAN_POINT('',(-5.775371970616,-1.450034249296E-10,
    -3.89687499705));
#6544 = CARTESIAN_POINT('',(-2.924628028838,-4.554264385,-3.688541664568
    ));
#6545 = CARTESIAN_POINT('',(-2.582543353545E-02,-5.722092822719,
    -3.584374998763));
#6546 = CARTESIAN_POINT('',(2.964054218658,-4.554264384915,
    -3.480208332971));
#6547 = CARTESIAN_POINT('',(4.334639147507,-2.277132192446,
    -3.376041666722));
#6548 = CARTESIAN_POINT('',(4.350000000395,2.828917680835E-12,
    -3.271875000059));
#6549 = DEFINITIONAL_REPRESENTATION('',(#6550),#6563);
#6550 = B_SPLINE_CURVE_WITH_KNOTS('',6,(#6551,#6552,#6553,#6554,#6555,
    #6556,#6557,#6558,#6559,#6560,#6561,#6562),.UNSPECIFIED.,.F.,.F.,(7,
    5,7),(0.,0.363337770845,1.),.UNSPECIFIED.);
#6551 = CARTESIAN_POINT('',(5.,0.599999936281));
#6552 = CARTESIAN_POINT('',(5.000105206718,0.606030690992));
#6553 = CARTESIAN_POINT('',(5.000195685827,0.612061442838));
#6554 = CARTESIAN_POINT('',(5.000264122042,0.618092299048));
#6555 = CARTESIAN_POINT('',(5.00030718017,0.624123347251));
#6556 = CARTESIAN_POINT('',(5.000325505102,0.630154655468));
#6557 = CARTESIAN_POINT('',(5.000320597031,0.646755232498));
#6558 = CARTESIAN_POINT('',(5.000255305468,0.657325786984));
#6559 = CARTESIAN_POINT('',(5.00014880493,0.667896859394));
#6560 = CARTESIAN_POINT('',(5.000051734264,0.678469094791));
#6561 = CARTESIAN_POINT('',(5.000000757049,0.689042715529));
#6562 = CARTESIAN_POINT('',(5.,0.699615854272));
#6563 = ( GEOMETRIC_REPRESENTATION_CONTEXT(2) 
PARAMETRIC_REPRESENTATION_CONTEXT() REPRESENTATION_CONTEXT('2D SPACE',''
  ) );
#6564 = ORIENTED_EDGE('',*,*,#6565,.T.);
#6565 = EDGE_CURVE('',#6493,#6566,#6568,.T.);
#6566 = VERTEX_POINT('',#6567);
#6567 = CARTESIAN_POINT('',(-4.14999994041,-7.032844781921E-04,
    -3.896841275586));
#6568 = SURFACE_CURVE('',#6569,(#6584,#6602),.PCURVE_S1.);
#6569 = B_SPLINE_CURVE_WITH_KNOTS('',5,(#6570,#6571,#6572,#6573,#6574,
    #6575,#6576,#6577,#6578,#6579,#6580,#6581,#6582,#6583),
  .UNSPECIFIED.,.F.,.F.,(6,4,4,6),(0.,0.511868418725,0.815238661049,1.),
  .UNSPECIFIED.);
#6570 = CARTESIAN_POINT('',(-3.357421503361,-2.439307452694,
    -3.77187507742));
#6571 = CARTESIAN_POINT('',(-3.514368477192,-2.223288293549,
    -3.784651329882));
#6572 = CARTESIAN_POINT('',(-3.653946304919,-1.994639405598,
    -3.797423059874));
#6573 = CARTESIAN_POINT('',(-3.774788706105,-1.755243423316,
    -3.810194089781));
#6574 = CARTESIAN_POINT('',(-3.875857583633,-1.507157373789,
    -3.822979160509));
#6575 = CARTESIAN_POINT('',(-4.004214966707,-1.101728524561,
    -3.843367360193));
#6576 = CARTESIAN_POINT('',(-4.044788604655,-0.948581498732,
    -3.850960131629));
#6577 = CARTESIAN_POINT('',(-4.078025753134,-0.793616483179,
    -3.858559144971));
#6578 = CARTESIAN_POINT('',(-4.103826116379,-0.637302116485,
    -3.86616350457));
#6579 = CARTESIAN_POINT('',(-4.133284093954,-0.38438441873,
    -3.878399054009));
#6580 = CARTESIAN_POINT('',(-4.141655119137,-0.288329404029,
    -3.883030278684));
#6581 = CARTESIAN_POINT('',(-4.147234583037,-0.192058374305,
    -3.887660318634));
#6582 = CARTESIAN_POINT('',(-4.150016202722,-9.567919616975E-02,
    -3.892287286402));
#6583 = CARTESIAN_POINT('',(-4.149999940927,7.002163966976E-04,
    -3.89690857238));
#6584 = PCURVE('',#6210,#6585);
#6585 = DEFINITIONAL_REPRESENTATION('',(#6586),#6601);
#6586 = B_SPLINE_CURVE_WITH_KNOTS('',5,(#6587,#6588,#6589,#6590,#6591,
    #6592,#6593,#6594,#6595,#6596,#6597,#6598,#6599,#6600),
  .UNSPECIFIED.,.F.,.F.,(6,4,4,6),(0.,0.511868418725,0.815238661049,1.),
  .UNSPECIFIED.);
#6587 = CARTESIAN_POINT('',(3.769910783905,4.32812492258));
#6588 = CARTESIAN_POINT('',(3.705569991744,4.315348670118));
#6589 = CARTESIAN_POINT('',(3.641227176591,4.302576940126));
#6590 = CARTESIAN_POINT('',(3.576887998782,4.289805910219));
#6591 = CARTESIAN_POINT('',(3.512545481943,4.277020839491));
#6592 = CARTESIAN_POINT('',(3.410072597269,4.256632639807));
#6593 = CARTESIAN_POINT('',(3.371939861773,4.249039868371));
#6594 = CARTESIAN_POINT('',(3.333807554211,4.241440855029));
#6595 = CARTESIAN_POINT('',(3.295675114789,4.23383649543));
#6596 = CARTESIAN_POINT('',(3.23431910464,4.221600945991));
#6597 = CARTESIAN_POINT('',(3.211095382299,4.216969721316));
#6598 = CARTESIAN_POINT('',(3.187871658148,4.212339681366));
#6599 = CARTESIAN_POINT('',(3.164647881912,4.207712713598));
#6600 = CARTESIAN_POINT('',(3.141423926746,4.20309142762));
#6601 = ( GEOMETRIC_REPRESENTATION_CONTEXT(2) 
PARAMETRIC_REPRESENTATION_CONTEXT() REPRESENTATION_CONTEXT('2D SPACE',''
  ) );
#6602 = PCURVE('',#6338,#6603);
#6603 = DEFINITIONAL_REPRESENTATION('',(#6604),#6619);
#6604 = B_SPLINE_CURVE_WITH_KNOTS('',5,(#6605,#6606,#6607,#6608,#6609,
    #6610,#6611,#6612,#6613,#6614,#6615,#6616,#6617,#6618),
  .UNSPECIFIED.,.F.,.F.,(6,4,4,6),(0.,0.511868418725,0.815238661049,1.),
  .UNSPECIFIED.);
#6605 = CARTESIAN_POINT('',(5.,0.599999936281));
#6606 = CARTESIAN_POINT('',(4.999947207157,0.58976243651));
#6607 = CARTESIAN_POINT('',(4.999881698882,0.579524581147));
#6608 = CARTESIAN_POINT('',(4.999814236522,0.569286675205));
#6609 = CARTESIAN_POINT('',(4.999777296447,0.559047074825));
#6610 = CARTESIAN_POINT('',(4.999780999468,0.542737672242));
#6611 = CARTESIAN_POINT('',(4.999796078872,0.536668167397));
#6612 = CARTESIAN_POINT('',(4.999826238077,0.530598381466));
#6613 = CARTESIAN_POINT('',(4.999869205741,0.524528321176));
#6614 = CARTESIAN_POINT('',(4.999937467627,0.514761213457));
#6615 = CARTESIAN_POINT('',(4.99996306468,0.511064232794));
#6616 = CARTESIAN_POINT('',(4.99998553637,0.507367223235));
#6617 = CARTESIAN_POINT('',(5.000000085005,0.503670195469));
#6618 = CARTESIAN_POINT('',(5.,0.499973140123));
#6619 = ( GEOMETRIC_REPRESENTATION_CONTEXT(2) 
PARAMETRIC_REPRESENTATION_CONTEXT() REPRESENTATION_CONTEXT('2D SPACE',''
  ) );
#6620 = ORIENTED_EDGE('',*,*,#6621,.F.);
#6621 = EDGE_CURVE('',#6622,#6566,#6624,.T.);
#6622 = VERTEX_POINT('',#6623);
#6623 = CARTESIAN_POINT('',(-4.149999940927,7.002163966976E-04,
    -3.89690857238));
#6624 = SURFACE_CURVE('',#6625,(#6637,#6647),.PCURVE_S1.);
#6625 = ( BOUNDED_CURVE() B_SPLINE_CURVE(6,(#6626,#6627,#6628,#6629,
    #6630,#6631,#6632,#6633,#6634,#6635,#6636),.UNSPECIFIED.,.F.,.F.) 
B_SPLINE_CURVE_WITH_KNOTS((7,4,7),(0.,0.5,1.),.UNSPECIFIED.) CURVE() 
GEOMETRIC_REPRESENTATION_ITEM() RATIONAL_B_SPLINE_CURVE((1.,1.,1.,1.,1.,
1.,1.,1.,1.,1.,1.)) REPRESENTATION_ITEM('') );
#6626 = CARTESIAN_POINT('',(4.150000000023,-7.678261650927E-15,-4.521875
    ));
#6627 = CARTESIAN_POINT('',(4.135345393195,2.172436459448,
    -4.417708333329));
#6628 = CARTESIAN_POINT('',(2.827775863534,4.344872918877,
    -4.313541666283));
#6629 = CARTESIAN_POINT('',(-2.463805769299E-02,5.459008095168,
    -4.209374998755));
#6630 = CARTESIAN_POINT('',(-2.790162372571,4.344872918795,
    -4.105208331266));
#6631 = CARTESIAN_POINT('',(-5.509837627137,-1.409859113521E-10,
    -3.896874997129));
#6632 = CARTESIAN_POINT('',(-2.79016237232,-4.344872918998,
    -3.688541664608));
#6633 = CARTESIAN_POINT('',(-2.463805734776E-02,-5.459008095289,
    -3.584374998763));
#6634 = CARTESIAN_POINT('',(2.827775863909,-4.344872918916,
    -3.480208332931));
#6635 = CARTESIAN_POINT('',(4.135345393568,-2.172436459448,
    -3.376041666663));
#6636 = CARTESIAN_POINT('',(4.150000000395,-7.54523003338E-14,-3.271875)
  );
#6637 = PCURVE('',#6210,#6638);
#6638 = DEFINITIONAL_REPRESENTATION('',(#6639),#6646);
#6639 = B_SPLINE_CURVE_WITH_KNOTS('',5,(#6640,#6641,#6642,#6643,#6644,
    #6645),.UNSPECIFIED.,.F.,.F.,(6,6),(0.499973140123,0.500026977558),
  .PIECEWISE_BEZIER_KNOTS.);
#6640 = CARTESIAN_POINT('',(3.141423926746,4.20309142762));
#6641 = CARTESIAN_POINT('',(3.141491565343,4.203104886979));
#6642 = CARTESIAN_POINT('',(3.14155920394,4.203118346338));
#6643 = CARTESIAN_POINT('',(3.141626842537,4.203131805697));
#6644 = CARTESIAN_POINT('',(3.141694481133,4.203145265055));
#6645 = CARTESIAN_POINT('',(3.14176211973,4.203158724414));
#6646 = ( GEOMETRIC_REPRESENTATION_CONTEXT(2) 
PARAMETRIC_REPRESENTATION_CONTEXT() REPRESENTATION_CONTEXT('2D SPACE',''
  ) );
#6647 = PCURVE('',#6338,#6648);
#6648 = DEFINITIONAL_REPRESENTATION('',(#6649),#6653);
#6649 = LINE('',#6650,#6651);
#6650 = CARTESIAN_POINT('',(5.,0.));
#6651 = VECTOR('',#6652,1.);
#6652 = DIRECTION('',(0.,1.));
#6653 = ( GEOMETRIC_REPRESENTATION_CONTEXT(2) 
PARAMETRIC_REPRESENTATION_CONTEXT() REPRESENTATION_CONTEXT('2D SPACE',''
  ) );
#6654 = ORIENTED_EDGE('',*,*,#6655,.F.);
#6655 = EDGE_CURVE('',#6656,#6622,#6658,.T.);
#6656 = VERTEX_POINT('',#6657);
#6657 = CARTESIAN_POINT('',(-3.357421553023,2.43930738434,-4.02187491408
    ));
#6658 = SURFACE_CURVE('',#6659,(#6674,#6692),.PCURVE_S1.);
#6659 = B_SPLINE_CURVE_WITH_KNOTS('',5,(#6660,#6661,#6662,#6663,#6664,
    #6665,#6666,#6667,#6668,#6669,#6670,#6671,#6672,#6673),
  .UNSPECIFIED.,.F.,.F.,(6,4,4,6),(0.,0.160084061822,0.500217705834,1.),
  .UNSPECIFIED.);
#6660 = CARTESIAN_POINT('',(-3.357421553037,2.43930738432,
    -4.021874914079));
#6661 = CARTESIAN_POINT('',(-3.406478843142,2.371785757407,
    -4.017868518356));
#6662 = CARTESIAN_POINT('',(-3.453838698706,2.303030897353,
    -4.013861623168));
#6663 = CARTESIAN_POINT('',(-3.49945975005,2.233099756107,
    -4.009854359194));
#6664 = CARTESIAN_POINT('',(-3.543303589196,2.162051212646,
    -4.005846901034));
#6665 = CARTESIAN_POINT('',(-3.67463921706,1.936742914413,
    -3.993324796531));
#6666 = CARTESIAN_POINT('',(-3.755761116086,1.778768728043,
    -3.984810083613));
#6667 = CARTESIAN_POINT('',(-3.828359331333,1.616609035569,
    -3.976297873953));
#6668 = CARTESIAN_POINT('',(-3.892158460146,1.450878843842,
    -3.967790243234));
#6669 = CARTESIAN_POINT('',(-4.027456182349,1.034404225431,
    -3.946797024708));
#6670 = CARTESIAN_POINT('',(-4.088515767436,0.780259070252,
    -3.934317968994));
#6671 = CARTESIAN_POINT('',(-4.129461015185,0.521842238462,
    -3.921855264419));
#6672 = CARTESIAN_POINT('',(-4.149955976202,0.261267677596,
    -3.909402493257));
#6673 = CARTESIAN_POINT('',(-4.149999940927,7.002163966976E-04,
    -3.89690857238));
#6674 = PCURVE('',#6210,#6675);
#6675 = DEFINITIONAL_REPRESENTATION('',(#6676),#6691);
#6676 = B_SPLINE_CURVE_WITH_KNOTS('',5,(#6677,#6678,#6679,#6680,#6681,
    #6682,#6683,#6684,#6685,#6686,#6687,#6688,#6689,#6690),
  .UNSPECIFIED.,.F.,.F.,(6,4,4,6),(0.,0.160084061822,0.500217705834,1.),
  .UNSPECIFIED.);
#6677 = CARTESIAN_POINT('',(2.513274543639,4.078125085921));
#6678 = CARTESIAN_POINT('',(2.533385699134,4.082131481644));
#6679 = CARTESIAN_POINT('',(2.553496845647,4.086138376832));
#6680 = CARTESIAN_POINT('',(2.57360798455,4.090145640806));
#6681 = CARTESIAN_POINT('',(2.593719118186,4.094153098966));
#6682 = CARTESIAN_POINT('',(2.656560752983,4.106675203469));
#6683 = CARTESIAN_POINT('',(2.699291340967,4.115189916387));
#6684 = CARTESIAN_POINT('',(2.742022009485,4.123702126047));
#6685 = CARTESIAN_POINT('',(2.784752744851,4.132209756766));
#6686 = CARTESIAN_POINT('',(2.890270864302,4.153202975292));
#6687 = CARTESIAN_POINT('',(2.953060247045,4.165682031006));
#6688 = CARTESIAN_POINT('',(3.015846694446,4.178144735581));
#6689 = CARTESIAN_POINT('',(3.078636585805,4.190597506743));
#6690 = CARTESIAN_POINT('',(3.141423926746,4.20309142762));
#6691 = ( GEOMETRIC_REPRESENTATION_CONTEXT(2) 
PARAMETRIC_REPRESENTATION_CONTEXT() REPRESENTATION_CONTEXT('2D SPACE',''
  ) );
#6692 = PCURVE('',#6338,#6693);
#6693 = DEFINITIONAL_REPRESENTATION('',(#6694),#6709);
#6694 = B_SPLINE_CURVE_WITH_KNOTS('',5,(#6695,#6696,#6697,#6698,#6699,
    #6700,#6701,#6702,#6703,#6704,#6705,#6706,#6707,#6708),
  .UNSPECIFIED.,.F.,.F.,(6,4,4,6),(0.,0.160084061822,0.500217705834,1.),
  .UNSPECIFIED.);
#6695 = CARTESIAN_POINT('',(5.,0.40000006695));
#6696 = CARTESIAN_POINT('',(4.999983498412,0.403200026771));
#6697 = CARTESIAN_POINT('',(4.999965724603,0.406399988594));
#6698 = CARTESIAN_POINT('',(4.999947072001,0.409599970825));
#6699 = CARTESIAN_POINT('',(4.999928043141,0.412799990823));
#6700 = CARTESIAN_POINT('',(4.999869318802,0.422799323039));
#6701 = CARTESIAN_POINT('',(4.999830096409,0.429598836356));
#6702 = CARTESIAN_POINT('',(4.999798612938,0.436398765482));
#6703 = CARTESIAN_POINT('',(4.999780414194,0.443199182935));
#6704 = CARTESIAN_POINT('',(4.999778308163,0.45999309959));
#6705 = CARTESIAN_POINT('',(4.999813814798,0.46998743997));
#6706 = CARTESIAN_POINT('',(4.999892859167,0.479982304985));
#6707 = CARTESIAN_POINT('',(4.999999770184,0.489977931603));
#6708 = CARTESIAN_POINT('',(5.,0.499973140123));
#6709 = ( GEOMETRIC_REPRESENTATION_CONTEXT(2) 
PARAMETRIC_REPRESENTATION_CONTEXT() REPRESENTATION_CONTEXT('2D SPACE',''
  ) );
#6710 = ORIENTED_EDGE('',*,*,#6711,.T.);
#6711 = EDGE_CURVE('',#6656,#6712,#6714,.T.);
#6712 = VERTEX_POINT('',#6713);
#6713 = CARTESIAN_POINT('',(-1.291819259604,3.943818327524,
    -4.146400935745));
#6714 = SURFACE_CURVE('',#6715,(#6728,#6744),.PCURVE_S1.);
#6715 = B_SPLINE_CURVE_WITH_KNOTS('',6,(#6716,#6717,#6718,#6719,#6720,
    #6721,#6722,#6723,#6724,#6725,#6726,#6727),.UNSPECIFIED.,.F.,.F.,(7,
    5,7),(0.,0.363320231681,1.),.UNSPECIFIED.);
#6716 = CARTESIAN_POINT('',(-3.357421553022,2.439307384341,
    -4.021874914081));
#6717 = CARTESIAN_POINT('',(-3.264966409293,2.566561085222,
    -4.029413364166));
#6718 = CARTESIAN_POINT('',(-3.166722771816,2.689610484209,
    -4.036951810672));
#6719 = CARTESIAN_POINT('',(-3.062931141342,2.808124748895,
    -4.044490387636));
#6720 = CARTESIAN_POINT('',(-2.953854776738,2.921793900051,
    -4.052029204592));
#6721 = CARTESIAN_POINT('',(-2.839779694992,3.03032881162,
    -4.059568346569));
#6722 = CARTESIAN_POINT('',(-2.512891695286,3.314189687254,
    -4.080320088051));
#6723 = CARTESIAN_POINT('',(-2.290351893762,3.478340579455,
    -4.093534295162));
#6724 = CARTESIAN_POINT('',(-2.05507188322,3.624451787133,
    -4.106749149585));
#6725 = CARTESIAN_POINT('',(-1.808887936552,3.75133161976,
    -4.119965457927));
#6726 = CARTESIAN_POINT('',(-1.553765350523,3.858016453015,
    -4.133183498276));
#6727 = CARTESIAN_POINT('',(-1.291819259604,3.943818327524,
    -4.146400935745));
#6728 = PCURVE('',#6210,#6729);
#6729 = DEFINITIONAL_REPRESENTATION('',(#6730),#6743);
#6730 = B_SPLINE_CURVE_WITH_KNOTS('',6,(#6731,#6732,#6733,#6734,#6735,
    #6736,#6737,#6738,#6739,#6740,#6741,#6742),.UNSPECIFIED.,.F.,.F.,(7,
    5,7),(0.,0.363320231681,1.),.UNSPECIFIED.);
#6731 = CARTESIAN_POINT('',(2.513274543633,4.078125085919));
#6732 = CARTESIAN_POINT('',(2.475372332406,4.070586635834));
#6733 = CARTESIAN_POINT('',(2.437470040408,4.063048189328));
#6734 = CARTESIAN_POINT('',(2.399567708516,4.055509612364));
#6735 = CARTESIAN_POINT('',(2.361665379824,4.047970795408));
#6736 = CARTESIAN_POINT('',(2.323763099645,4.040431653431));
#6737 = CARTESIAN_POINT('',(2.219441399863,4.019679911949));
#6738 = CARTESIAN_POINT('',(2.153018047399,4.006465704838));
#6739 = CARTESIAN_POINT('',(2.086599223844,3.993250850415));
#6740 = CARTESIAN_POINT('',(2.020180458307,3.980034542073));
#6741 = CARTESIAN_POINT('',(1.953757231752,3.966816501724));
#6742 = CARTESIAN_POINT('',(1.887337820621,3.953599064255));
#6743 = ( GEOMETRIC_REPRESENTATION_CONTEXT(2) 
PARAMETRIC_REPRESENTATION_CONTEXT() REPRESENTATION_CONTEXT('2D SPACE',''
  ) );
#6744 = PCURVE('',#6745,#6768);
#6745 = ( BOUNDED_SURFACE() B_SPLINE_SURFACE(1,6,(
    (#6746,#6747,#6748,#6749,#6750,#6751,#6752,#6753,#6754,#6755,#6756)
    ,(#6757,#6758,#6759,#6760,#6761,#6762,#6763,#6764,#6765,#6766,#6767
)),.UNSPECIFIED.,.F.,.F.,.F.) B_SPLINE_SURFACE_WITH_KNOTS((2,2),(7,4,7),
(5.,6.),(0.,0.5,1.),.UNSPECIFIED.) GEOMETRIC_REPRESENTATION_ITEM() 
RATIONAL_B_SPLINE_SURFACE((
    (1.,1.,1.,1.,1.,1.,1.,1.,1.,1.,1.)
,(1.,1.,1.,1.,1.,1.,1.,1.,1.,1.,1.
  ))) REPRESENTATION_ITEM('') SURFACE() );
#6746 = CARTESIAN_POINT('',(4.150000000023,-7.678261650927E-15,-4.521875
    ));
#6747 = CARTESIAN_POINT('',(4.135345393195,2.172436459448,
    -4.417708333329));
#6748 = CARTESIAN_POINT('',(2.827775863534,4.344872918877,
    -4.313541666283));
#6749 = CARTESIAN_POINT('',(-2.463805769299E-02,5.459008095168,
    -4.209374998755));
#6750 = CARTESIAN_POINT('',(-2.790162372571,4.344872918795,
    -4.105208331266));
#6751 = CARTESIAN_POINT('',(-5.509837627137,-1.409859113521E-10,
    -3.896874997129));
#6752 = CARTESIAN_POINT('',(-2.79016237232,-4.344872918998,
    -3.688541664608));
#6753 = CARTESIAN_POINT('',(-2.463805734776E-02,-5.459008095289,
    -3.584374998763));
#6754 = CARTESIAN_POINT('',(2.827775863909,-4.344872918916,
    -3.480208332931));
#6755 = CARTESIAN_POINT('',(4.135345393568,-2.172436459448,
    -3.376041666663));
#6756 = CARTESIAN_POINT('',(4.150000000395,-7.54523003338E-14,-3.271875)
  );
#6757 = CARTESIAN_POINT('',(4.350000000023,2.859516793721E-12,
    -4.521875000059));
#6758 = CARTESIAN_POINT('',(4.334639147131,2.277132192451,
    -4.417708333388));
#6759 = CARTESIAN_POINT('',(2.964054218277,4.554264384879,
    -4.313541666324));
#6760 = CARTESIAN_POINT('',(-2.58254338883E-02,5.722092822597,
    -4.209374998755));
#6761 = CARTESIAN_POINT('',(-2.924628029095,4.554264384794,
    -4.105208331226));
#6762 = CARTESIAN_POINT('',(-5.775371970616,-1.450034249296E-10,
    -3.89687499705));
#6763 = CARTESIAN_POINT('',(-2.924628028838,-4.554264385,-3.688541664568
    ));
#6764 = CARTESIAN_POINT('',(-2.582543353545E-02,-5.722092822719,
    -3.584374998763));
#6765 = CARTESIAN_POINT('',(2.964054218658,-4.554264384915,
    -3.480208332971));
#6766 = CARTESIAN_POINT('',(4.334639147507,-2.277132192446,
    -3.376041666722));
#6767 = CARTESIAN_POINT('',(4.350000000395,2.828917680835E-12,
    -3.271875000059));
#6768 = DEFINITIONAL_REPRESENTATION('',(#6769),#6782);
#6769 = B_SPLINE_CURVE_WITH_KNOTS('',6,(#6770,#6771,#6772,#6773,#6774,
    #6775,#6776,#6777,#6778,#6779,#6780,#6781),.UNSPECIFIED.,.F.,.F.,(7,
    5,7),(0.,0.363320231681,1.),.UNSPECIFIED.);
#6770 = CARTESIAN_POINT('',(5.,0.400000066949));
#6771 = CARTESIAN_POINT('',(5.000105206827,0.393969306902));
#6772 = CARTESIAN_POINT('',(5.000195686021,0.38793854972));
#6773 = CARTESIAN_POINT('',(5.00026412228,0.381907688174));
#6774 = CARTESIAN_POINT('',(5.000307180402,0.375876634635));
#6775 = CARTESIAN_POINT('',(5.000325505287,0.369845321081));
#6776 = CARTESIAN_POINT('',(5.000320596795,0.353243927973));
#6777 = CARTESIAN_POINT('',(5.000255295419,0.342672562337));
#6778 = CARTESIAN_POINT('',(5.000148780262,0.332100678855));
#6779 = CARTESIAN_POINT('',(5.000051704606,0.32152763224));
#6780 = CARTESIAN_POINT('',(5.000000737644,0.310953200021));
#6781 = CARTESIAN_POINT('',(5.,0.300379250109));
#6782 = ( GEOMETRIC_REPRESENTATION_CONTEXT(2) 
PARAMETRIC_REPRESENTATION_CONTEXT() REPRESENTATION_CONTEXT('2D SPACE',''
  ) );
#6783 = ORIENTED_EDGE('',*,*,#6784,.F.);
#6784 = EDGE_CURVE('',#6785,#6712,#6787,.T.);
#6785 = VERTEX_POINT('',#6786);
#6786 = CARTESIAN_POINT('',(-1.282605880085,3.946824312832,
    -4.146865652895));
#6787 = SURFACE_CURVE('',#6788,(#6800,#6810),.PCURVE_S1.);
#6788 = ( BOUNDED_CURVE() B_SPLINE_CURVE(6,(#6789,#6790,#6791,#6792,
    #6793,#6794,#6795,#6796,#6797,#6798,#6799),.UNSPECIFIED.,.F.,.F.) 
B_SPLINE_CURVE_WITH_KNOTS((7,4,7),(0.,0.5,1.),.UNSPECIFIED.) CURVE() 
GEOMETRIC_REPRESENTATION_ITEM() RATIONAL_B_SPLINE_CURVE((1.,1.,1.,1.,1.,
1.,1.,1.,1.,1.,1.)) REPRESENTATION_ITEM('') );
#6789 = CARTESIAN_POINT('',(4.150000000023,-7.678261650927E-15,-4.521875
    ));
#6790 = CARTESIAN_POINT('',(4.135345393195,2.172436459448,
    -4.417708333329));
#6791 = CARTESIAN_POINT('',(2.827775863534,4.344872918877,
    -4.313541666283));
#6792 = CARTESIAN_POINT('',(-2.463805769299E-02,5.459008095168,
    -4.209374998755));
#6793 = CARTESIAN_POINT('',(-2.790162372571,4.344872918795,
    -4.105208331266));
#6794 = CARTESIAN_POINT('',(-5.509837627137,-1.409859113521E-10,
    -3.896874997129));
#6795 = CARTESIAN_POINT('',(-2.79016237232,-4.344872918998,
    -3.688541664608));
#6796 = CARTESIAN_POINT('',(-2.463805734776E-02,-5.459008095289,
    -3.584374998763));
#6797 = CARTESIAN_POINT('',(2.827775863909,-4.344872918916,
    -3.480208332931));
#6798 = CARTESIAN_POINT('',(4.135345393568,-2.172436459448,
    -3.376041666663));
#6799 = CARTESIAN_POINT('',(4.150000000395,-7.54523003338E-14,-3.271875)
  );
#6800 = PCURVE('',#6210,#6801);
#6801 = DEFINITIONAL_REPRESENTATION('',(#6802),#6809);
#6802 = B_SPLINE_CURVE_WITH_KNOTS('',5,(#6803,#6804,#6805,#6806,#6807,
    #6808),.UNSPECIFIED.,.F.,.F.,(6,6),(0.300007476391,0.300379250109),
  .PIECEWISE_BEZIER_KNOTS.);
#6803 = CARTESIAN_POINT('',(1.885002554471,3.953134347105));
#6804 = CARTESIAN_POINT('',(1.885469607626,3.953227290535));
#6805 = CARTESIAN_POINT('',(1.885936660817,3.953320233965));
#6806 = CARTESIAN_POINT('',(1.886403714046,3.953413177395));
#6807 = CARTESIAN_POINT('',(1.886870767313,3.953506120825));
#6808 = CARTESIAN_POINT('',(1.887337820621,3.953599064255));
#6809 = ( GEOMETRIC_REPRESENTATION_CONTEXT(2) 
PARAMETRIC_REPRESENTATION_CONTEXT() REPRESENTATION_CONTEXT('2D SPACE',''
  ) );
#6810 = PCURVE('',#6338,#6811);
#6811 = DEFINITIONAL_REPRESENTATION('',(#6812),#6816);
#6812 = LINE('',#6813,#6814);
#6813 = CARTESIAN_POINT('',(5.,0.));
#6814 = VECTOR('',#6815,1.);
#6815 = DIRECTION('',(0.,1.));
#6816 = ( GEOMETRIC_REPRESENTATION_CONTEXT(2) 
PARAMETRIC_REPRESENTATION_CONTEXT() REPRESENTATION_CONTEXT('2D SPACE',''
  ) );
#6817 = ORIENTED_EDGE('',*,*,#6818,.T.);
#6818 = EDGE_CURVE('',#6785,#6819,#6821,.T.);
#6819 = VERTEX_POINT('',#6820);
#6820 = CARTESIAN_POINT('',(1.282420689394,3.946884489748,
    -4.271875007347));
#6821 = SURFACE_CURVE('',#6822,(#6835,#6851),.PCURVE_S1.);
#6822 = B_SPLINE_CURVE_WITH_KNOTS('',6,(#6823,#6824,#6825,#6826,#6827,
    #6828,#6829,#6830,#6831,#6832,#6833,#6834),.UNSPECIFIED.,.F.,.F.,(7,
    5,7),(0.,0.66852461922,1.),.UNSPECIFIED.);
#6823 = CARTESIAN_POINT('',(-1.282607575875,3.946823761749,
    -4.146865567393));
#6824 = CARTESIAN_POINT('',(-1.006282771348,4.036621611636,
    -4.160797922109));
#6825 = CARTESIAN_POINT('',(-0.722393783822,4.103210650624,
    -4.174731421857));
#6826 = CARTESIAN_POINT('',(-0.433420669491,4.145778248566,
    -4.188663117908));
#6827 = CARTESIAN_POINT('',(-0.141891613808,4.16389932618,
    -4.202593227288));
#6828 = CARTESIAN_POINT('',(0.149631917402,4.157466747502,
    -4.216522501359));
#6829 = CARTESIAN_POINT('',(0.581812532927,4.111538469317,
    -4.237354244896));
#6830 = CARTESIAN_POINT('',(0.724436327735,4.090346592616,
    -4.244259058549));
#6831 = CARTESIAN_POINT('',(0.866114539987,4.063220139978,
    -4.251163435412));
#6832 = CARTESIAN_POINT('',(1.006539383494,4.030213609244,
    -4.258067476347));
#6833 = CARTESIAN_POINT('',(1.145407609894,3.991402744165,
    -4.264971314657));
#6834 = CARTESIAN_POINT('',(1.282420689399,3.946884489746,
    -4.271875007347));
#6835 = PCURVE('',#6210,#6836);
#6836 = DEFINITIONAL_REPRESENTATION('',(#6837),#6850);
#6837 = B_SPLINE_CURVE_WITH_KNOTS('',6,(#6838,#6839,#6840,#6841,#6842,
    #6843,#6844,#6845,#6846,#6847,#6848,#6849),.UNSPECIFIED.,.F.,.F.,(7,
    5,7),(0.,0.66852461922,1.),.UNSPECIFIED.);
#6838 = CARTESIAN_POINT('',(1.88500298413,3.953134432607));
#6839 = CARTESIAN_POINT('',(1.814991040044,3.939202077891));
#6840 = CARTESIAN_POINT('',(1.744974114832,3.925268578143));
#6841 = CARTESIAN_POINT('',(1.67496299162,3.911336882092));
#6842 = CARTESIAN_POINT('',(1.604951827804,3.897406772712));
#6843 = CARTESIAN_POINT('',(1.534934784801,3.883477498641));
#6844 = CARTESIAN_POINT('',(1.430208474782,3.862645755104));
#6845 = CARTESIAN_POINT('',(1.395494098029,3.855740941451));
#6846 = CARTESIAN_POINT('',(1.360779878986,3.848836564588));
#6847 = CARTESIAN_POINT('',(1.326065653768,3.841932523653));
#6848 = CARTESIAN_POINT('',(1.291351256168,3.835028685343));
#6849 = CARTESIAN_POINT('',(1.256637020203,3.828124992653));
#6850 = ( GEOMETRIC_REPRESENTATION_CONTEXT(2) 
PARAMETRIC_REPRESENTATION_CONTEXT() REPRESENTATION_CONTEXT('2D SPACE',''
  ) );
#6851 = PCURVE('',#6852,#6875);
#6852 = ( BOUNDED_SURFACE() B_SPLINE_SURFACE(1,6,(
    (#6853,#6854,#6855,#6856,#6857,#6858,#6859,#6860,#6861,#6862,#6863)
    ,(#6864,#6865,#6866,#6867,#6868,#6869,#6870,#6871,#6872,#6873,#6874
)),.UNSPECIFIED.,.F.,.F.,.F.) B_SPLINE_SURFACE_WITH_KNOTS((2,2),(7,4,7),
(5.,6.),(0.,0.5,1.),.UNSPECIFIED.) GEOMETRIC_REPRESENTATION_ITEM() 
RATIONAL_B_SPLINE_SURFACE((
    (1.,1.,1.,1.,1.,1.,1.,1.,1.,1.,1.)
,(1.,1.,1.,1.,1.,1.,1.,1.,1.,1.,1.
  ))) REPRESENTATION_ITEM('') SURFACE() );
#6853 = CARTESIAN_POINT('',(4.150000000023,-7.678261650927E-15,-4.521875
    ));
#6854 = CARTESIAN_POINT('',(4.135345393195,2.172436459448,
    -4.417708333329));
#6855 = CARTESIAN_POINT('',(2.827775863534,4.344872918877,
    -4.313541666283));
#6856 = CARTESIAN_POINT('',(-2.463805769299E-02,5.459008095168,
    -4.209374998755));
#6857 = CARTESIAN_POINT('',(-2.790162372571,4.344872918795,
    -4.105208331266));
#6858 = CARTESIAN_POINT('',(-5.509837627137,-1.409859113521E-10,
    -3.896874997129));
#6859 = CARTESIAN_POINT('',(-2.79016237232,-4.344872918998,
    -3.688541664608));
#6860 = CARTESIAN_POINT('',(-2.463805734776E-02,-5.459008095289,
    -3.584374998763));
#6861 = CARTESIAN_POINT('',(2.827775863909,-4.344872918916,
    -3.480208332931));
#6862 = CARTESIAN_POINT('',(4.135345393568,-2.172436459448,
    -3.376041666663));
#6863 = CARTESIAN_POINT('',(4.150000000395,-7.54523003338E-14,-3.271875)
  );
#6864 = CARTESIAN_POINT('',(4.350000000023,2.859516793721E-12,
    -4.521875000059));
#6865 = CARTESIAN_POINT('',(4.334639147131,2.277132192451,
    -4.417708333388));
#6866 = CARTESIAN_POINT('',(2.964054218277,4.554264384879,
    -4.313541666324));
#6867 = CARTESIAN_POINT('',(-2.58254338883E-02,5.722092822597,
    -4.209374998755));
#6868 = CARTESIAN_POINT('',(-2.924628029095,4.554264384794,
    -4.105208331226));
#6869 = CARTESIAN_POINT('',(-5.775371970616,-1.450034249296E-10,
    -3.89687499705));
#6870 = CARTESIAN_POINT('',(-2.924628028838,-4.554264385,-3.688541664568
    ));
#6871 = CARTESIAN_POINT('',(-2.582543353545E-02,-5.722092822719,
    -3.584374998763));
#6872 = CARTESIAN_POINT('',(2.964054218658,-4.554264384915,
    -3.480208332971));
#6873 = CARTESIAN_POINT('',(4.334639147507,-2.277132192446,
    -3.376041666722));
#6874 = CARTESIAN_POINT('',(4.350000000395,2.828917680835E-12,
    -3.271875000059));
#6875 = DEFINITIONAL_REPRESENTATION('',(#6876),#6889);
#6876 = B_SPLINE_CURVE_WITH_KNOTS('',6,(#6877,#6878,#6879,#6880,#6881,
    #6882,#6883,#6884,#6885,#6886,#6887,#6888),.UNSPECIFIED.,.F.,.F.,(7,
    5,7),(0.,0.66852461922,1.),.UNSPECIFIED.);
#6877 = CARTESIAN_POINT('',(5.,0.300007544793));
#6878 = CARTESIAN_POINT('',(5.000000778087,0.288861661086));
#6879 = CARTESIAN_POINT('',(5.000057518941,0.277714861355));
#6880 = CARTESIAN_POINT('',(5.000175683658,0.266569504583));
#6881 = CARTESIAN_POINT('',(5.000322014628,0.255425417149));
#6882 = CARTESIAN_POINT('',(5.000420772756,0.244281997961));
#6883 = CARTESIAN_POINT('',(5.000426351743,0.227616603235));
#6884 = CARTESIAN_POINT('',(5.000404825388,0.222092752347));
#6885 = CARTESIAN_POINT('',(5.000354008608,0.21656925089));
#6886 = CARTESIAN_POINT('',(5.000269613111,0.211046018175));
#6887 = CARTESIAN_POINT('',(5.00015046622,0.205522947561));
#6888 = CARTESIAN_POINT('',(5.,0.199999993441));
#6889 = ( GEOMETRIC_REPRESENTATION_CONTEXT(2) 
PARAMETRIC_REPRESENTATION_CONTEXT() REPRESENTATION_CONTEXT('2D SPACE',''
  ) );
#6890 = ORIENTED_EDGE('',*,*,#6891,.F.);
#6891 = EDGE_CURVE('',#6892,#6819,#6894,.T.);
#6892 = VERTEX_POINT('',#6893);
#6893 = CARTESIAN_POINT('',(3.357420498628,2.439308835591,
    -4.396874997478));
#6894 = SURFACE_CURVE('',#6895,(#6903,#6914),.PCURVE_S1.);
#6895 = B_SPLINE_CURVE_WITH_KNOTS('',6,(#6896,#6897,#6898,#6899,#6900,
    #6901,#6902),.UNSPECIFIED.,.F.,.F.,(7,7),(0.,1.),
  .PIECEWISE_BEZIER_KNOTS.);
#6896 = CARTESIAN_POINT('',(3.357420498628,2.439308835591,
    -4.396874997478));
#6897 = CARTESIAN_POINT('',(3.102015165527,2.79084410997,-4.375793367908
    ));
#6898 = CARTESIAN_POINT('',(2.802340702318,3.110426570912,
    -4.354861139078));
#6899 = CARTESIAN_POINT('',(2.463583867723,3.39078904141,-4.334109174729
    ));
#6900 = CARTESIAN_POINT('',(2.09226226309,3.626337649616,-4.31339169974)
  );
#6901 = CARTESIAN_POINT('',(1.695702759831,3.812600986124,
    -4.292646687793));
#6902 = CARTESIAN_POINT('',(1.282420689396,3.946884489748,
    -4.271875007347));
#6903 = PCURVE('',#6210,#6904);
#6904 = DEFINITIONAL_REPRESENTATION('',(#6905),#6913);
#6905 = B_SPLINE_CURVE_WITH_KNOTS('',6,(#6906,#6907,#6908,#6909,#6910,
    #6911,#6912),.UNSPECIFIED.,.F.,.F.,(7,7),(0.,1.),
  .PIECEWISE_BEZIER_KNOTS.);
#6906 = CARTESIAN_POINT('',(0.628318542208,3.703125002522));
#6907 = CARTESIAN_POINT('',(0.733022517931,3.724206632092));
#6908 = CARTESIAN_POINT('',(0.837766699179,3.745138860922));
#6909 = CARTESIAN_POINT('',(0.942471770087,3.765890825271));
#6910 = CARTESIAN_POINT('',(1.047177734061,3.78660830026));
#6911 = CARTESIAN_POINT('',(1.151926058556,3.807353312207));
#6912 = CARTESIAN_POINT('',(1.256637020204,3.828124992653));
#6913 = ( GEOMETRIC_REPRESENTATION_CONTEXT(2) 
PARAMETRIC_REPRESENTATION_CONTEXT() REPRESENTATION_CONTEXT('2D SPACE',''
  ) );
#6914 = PCURVE('',#6338,#6915);
#6915 = DEFINITIONAL_REPRESENTATION('',(#6916),#6924);
#6916 = B_SPLINE_CURVE_WITH_KNOTS('',6,(#6917,#6918,#6919,#6920,#6921,
    #6922,#6923),.UNSPECIFIED.,.F.,.F.,(7,7),(0.,1.),
  .PIECEWISE_BEZIER_KNOTS.);
#6917 = CARTESIAN_POINT('',(5.,0.10000000183));
#6918 = CARTESIAN_POINT('',(4.999384786931,0.116673051342));
#6919 = CARTESIAN_POINT('',(4.99916866694,0.133351296837));
#6920 = CARTESIAN_POINT('',(4.999373817149,0.150016977676));
#6921 = CARTESIAN_POINT('',(4.999646905282,0.166676297621));
#6922 = CARTESIAN_POINT('',(4.999865836963,0.183340723234));
#6923 = CARTESIAN_POINT('',(5.,0.199999993442));
#6924 = ( GEOMETRIC_REPRESENTATION_CONTEXT(2) 
PARAMETRIC_REPRESENTATION_CONTEXT() REPRESENTATION_CONTEXT('2D SPACE',''
  ) );
#6925 = ORIENTED_EDGE('',*,*,#6926,.F.);
#6926 = EDGE_CURVE('',#4674,#6892,#6927,.T.);
#6927 = SURFACE_CURVE('',#6928,(#6941,#6957),.PCURVE_S1.);
#6928 = B_SPLINE_CURVE_WITH_KNOTS('',6,(#6929,#6930,#6931,#6932,#6933,
    #6934,#6935,#6936,#6937,#6938,#6939,#6940),.UNSPECIFIED.,.F.,.F.,(7,
    5,7),(0.,0.656838963337,1.),.UNSPECIFIED.);
#6929 = CARTESIAN_POINT('',(4.150000000023,-8.95117313604E-15,-4.521875)
  );
#6930 = CARTESIAN_POINT('',(4.150000000023,0.285325877696,
    -4.508193842393));
#6931 = CARTESIAN_POINT('',(4.12645938499,0.570817404681,-4.494519979698
    ));
#6932 = CARTESIAN_POINT('',(4.079327826744,0.853879615165,
    -4.480844445469));
#6933 = CARTESIAN_POINT('',(4.008976266141,1.132051285953,
    -4.467164541448));
#6934 = CARTESIAN_POINT('',(3.916069778942,1.402991589787,
    -4.453480007231));
#6935 = CARTESIAN_POINT('',(3.741760813867,1.801101852626,
    -4.432640476855));
#6936 = CARTESIAN_POINT('',(3.676053055373,1.935138847438,
    -4.425488193118));
#6937 = CARTESIAN_POINT('',(3.60459304764,2.066278574387,-4.418335230131
    ));
#6938 = CARTESIAN_POINT('',(3.527542005425,2.194214430192,
    -4.411181850983));
#6939 = CARTESIAN_POINT('',(3.4450829056,2.318651886446,-4.404028331158)
  );
#6940 = CARTESIAN_POINT('',(3.357420498627,2.439308835592,
    -4.396874997478));
#6941 = PCURVE('',#6210,#6942);
#6942 = DEFINITIONAL_REPRESENTATION('',(#6943),#6956);
#6943 = B_SPLINE_CURVE_WITH_KNOTS('',6,(#6944,#6945,#6946,#6947,#6948,
    #6949,#6950,#6951,#6952,#6953,#6954,#6955),.UNSPECIFIED.,.F.,.F.,(7,
    5,7),(0.,0.656838963337,1.),.UNSPECIFIED.);
#6944 = CARTESIAN_POINT('',(0.,3.578125));
#6945 = CARTESIAN_POINT('',(6.875322354132E-02,3.591806157607));
#6946 = CARTESIAN_POINT('',(0.137546313806,3.605480020302));
#6947 = CARTESIAN_POINT('',(0.206339315014,3.619155554531));
#6948 = CARTESIAN_POINT('',(0.275126305873,3.632835458552));
#6949 = CARTESIAN_POINT('',(0.343910803377,3.646519992769));
#6950 = CARTESIAN_POINT('',(0.448633206107,3.667359523145));
#6951 = CARTESIAN_POINT('',(0.484570009282,3.674511806882));
#6952 = CARTESIAN_POINT('',(0.520506757025,3.681664769869));
#6953 = CARTESIAN_POINT('',(0.556443734443,3.688818149017));
#6954 = CARTESIAN_POINT('',(0.592381146462,3.695971668842));
#6955 = CARTESIAN_POINT('',(0.628318542208,3.703125002522));
#6956 = ( GEOMETRIC_REPRESENTATION_CONTEXT(2) 
PARAMETRIC_REPRESENTATION_CONTEXT() REPRESENTATION_CONTEXT('2D SPACE',''
  ) );
#6957 = PCURVE('',#6958,#6981);
#6958 = ( BOUNDED_SURFACE() B_SPLINE_SURFACE(1,6,(
    (#6959,#6960,#6961,#6962,#6963,#6964,#6965,#6966,#6967,#6968,#6969)
    ,(#6970,#6971,#6972,#6973,#6974,#6975,#6976,#6977,#6978,#6979,#6980
)),.UNSPECIFIED.,.F.,.F.,.F.) B_SPLINE_SURFACE_WITH_KNOTS((2,2),(7,4,7),
(5.,6.),(0.,0.5,1.),.UNSPECIFIED.) GEOMETRIC_REPRESENTATION_ITEM() 
RATIONAL_B_SPLINE_SURFACE((
    (1.,1.,1.,1.,1.,1.,1.,1.,1.,1.,1.)
,(1.,1.,1.,1.,1.,1.,1.,1.,1.,1.,1.
  ))) REPRESENTATION_ITEM('') SURFACE() );
#6959 = CARTESIAN_POINT('',(4.150000000023,-7.678261650927E-15,-4.521875
    ));
#6960 = CARTESIAN_POINT('',(4.135345393195,2.172436459448,
    -4.417708333329));
#6961 = CARTESIAN_POINT('',(2.827775863534,4.344872918877,
    -4.313541666283));
#6962 = CARTESIAN_POINT('',(-2.463805769299E-02,5.459008095168,
    -4.209374998755));
#6963 = CARTESIAN_POINT('',(-2.790162372571,4.344872918795,
    -4.105208331266));
#6964 = CARTESIAN_POINT('',(-5.509837627137,-1.409859113521E-10,
    -3.896874997129));
#6965 = CARTESIAN_POINT('',(-2.79016237232,-4.344872918998,
    -3.688541664608));
#6966 = CARTESIAN_POINT('',(-2.463805734776E-02,-5.459008095289,
    -3.584374998763));
#6967 = CARTESIAN_POINT('',(2.827775863909,-4.344872918916,
    -3.480208332931));
#6968 = CARTESIAN_POINT('',(4.135345393568,-2.172436459448,
    -3.376041666663));
#6969 = CARTESIAN_POINT('',(4.150000000395,-7.54523003338E-14,-3.271875)
  );
#6970 = CARTESIAN_POINT('',(4.350000000023,2.859516793721E-12,
    -4.521875000059));
#6971 = CARTESIAN_POINT('',(4.334639147131,2.277132192451,
    -4.417708333388));
#6972 = CARTESIAN_POINT('',(2.964054218277,4.554264384879,
    -4.313541666324));
#6973 = CARTESIAN_POINT('',(-2.58254338883E-02,5.722092822597,
    -4.209374998755));
#6974 = CARTESIAN_POINT('',(-2.924628029095,4.554264384794,
    -4.105208331226));
#6975 = CARTESIAN_POINT('',(-5.775371970616,-1.450034249296E-10,
    -3.89687499705));
#6976 = CARTESIAN_POINT('',(-2.924628028838,-4.554264385,-3.688541664568
    ));
#6977 = CARTESIAN_POINT('',(-2.582543353545E-02,-5.722092822719,
    -3.584374998763));
#6978 = CARTESIAN_POINT('',(2.964054218658,-4.554264384915,
    -3.480208332971));
#6979 = CARTESIAN_POINT('',(4.334639147507,-2.277132192446,
    -3.376041666722));
#6980 = CARTESIAN_POINT('',(4.350000000395,2.828917680835E-12,
    -3.271875000059));
#6981 = DEFINITIONAL_REPRESENTATION('',(#6982),#6995);
#6982 = B_SPLINE_CURVE_WITH_KNOTS('',6,(#6983,#6984,#6985,#6986,#6987,
    #6988,#6989,#6990,#6991,#6992,#6993,#6994),.UNSPECIFIED.,.F.,.F.,(7,
    5,7),(0.,0.656838963337,1.),.UNSPECIFIED.);
#6983 = CARTESIAN_POINT('',(5.,0.));
#6984 = CARTESIAN_POINT('',(5.009623615313,1.094492608577E-02));
#6985 = CARTESIAN_POINT('',(5.013063434581,2.18840162357E-02));
#6986 = CARTESIAN_POINT('',(5.012924637774,3.28244436083E-02));
#6987 = CARTESIAN_POINT('',(5.01110550285,4.376836680843E-02));
#6988 = CARTESIAN_POINT('',(5.008693156075,5.471599416016E-02));
#6989 = CARTESIAN_POINT('',(5.005035060595,7.138761842017E-02));
#6990 = CARTESIAN_POINT('',(5.003782197448,7.710944539446E-02));
#6991 = CARTESIAN_POINT('',(5.00261715827,8.283181576707E-02));
#6992 = CARTESIAN_POINT('',(5.00158774522,8.85545190668E-02));
#6993 = CARTESIAN_POINT('',(5.000714331248,9.427733490722E-02));
#6994 = CARTESIAN_POINT('',(5.,0.10000000183));
#6995 = ( GEOMETRIC_REPRESENTATION_CONTEXT(2) 
PARAMETRIC_REPRESENTATION_CONTEXT() REPRESENTATION_CONTEXT('2D SPACE',''
  ) );
#6996 = ORIENTED_EDGE('',*,*,#6196,.F.);
#6997 = ORIENTED_EDGE('',*,*,#6998,.T.);
#6998 = EDGE_CURVE('',#6124,#6999,#7001,.T.);
#6999 = VERTEX_POINT('',#7000);
#7000 = CARTESIAN_POINT('',(3.357420529182,2.439308793537,
    -4.553125000088));
#7001 = SURFACE_CURVE('',#7002,(#7015,#7031),.PCURVE_S1.);
#7002 = B_SPLINE_CURVE_WITH_KNOTS('',6,(#7003,#7004,#7005,#7006,#7007,
    #7008,#7009,#7010,#7011,#7012,#7013,#7014),.UNSPECIFIED.,.F.,.F.,(7,
    5,7),(0.,0.65683898754,1.),.UNSPECIFIED.);
#7003 = CARTESIAN_POINT('',(4.150000000081,-1.777744618181E-14,-4.678125
    ));
#7004 = CARTESIAN_POINT('',(4.150000000081,0.285325882385,
    -4.664443842168));
#7005 = CARTESIAN_POINT('',(4.126459383957,0.570817414536,
    -4.650769979229));
#7006 = CARTESIAN_POINT('',(4.079327824629,0.853879629238,-4.6370944448)
  );
#7007 = CARTESIAN_POINT('',(4.008976261267,1.132051304829,-4.62341454054
    ));
#7008 = CARTESIAN_POINT('',(3.91606977115,1.402991612529,-4.609730006117
    ));
#7009 = CARTESIAN_POINT('',(3.741760806757,1.801101866282,
    -4.588890476178));
#7010 = CARTESIAN_POINT('',(3.676053053798,1.935138848765,
    -4.581738193096));
#7011 = CARTESIAN_POINT('',(3.604593052647,2.066278563897,
    -4.574585230766));
#7012 = CARTESIAN_POINT('',(3.527542018016,2.194214408482,
    -4.567431852276));
#7013 = CARTESIAN_POINT('',(3.445082926727,2.318651854189,
    -4.560278333109));
#7014 = CARTESIAN_POINT('',(3.357420529182,2.439308793537,
    -4.553125000088));
#7015 = PCURVE('',#6210,#7016);
#7016 = DEFINITIONAL_REPRESENTATION('',(#7017),#7030);
#7017 = B_SPLINE_CURVE_WITH_KNOTS('',6,(#7018,#7019,#7020,#7021,#7022,
    #7023,#7024,#7025,#7026,#7027,#7028,#7029),.UNSPECIFIED.,.F.,.F.,(7,
    5,7),(0.,0.65683898754,1.),.UNSPECIFIED.);
#7018 = CARTESIAN_POINT('',(0.,3.421875));
#7019 = CARTESIAN_POINT('',(6.875322467113E-02,3.435556157832));
#7020 = CARTESIAN_POINT('',(0.137546316181,3.449230020771));
#7021 = CARTESIAN_POINT('',(0.206339318433,3.4629055552));
#7022 = CARTESIAN_POINT('',(0.275126310542,3.47658545946));
#7023 = CARTESIAN_POINT('',(0.34391080915,3.490269993883));
#7024 = CARTESIAN_POINT('',(0.448633209808,3.511109523822));
#7025 = CARTESIAN_POINT('',(0.484570009737,3.518261806904));
#7026 = CARTESIAN_POINT('',(0.520506754235,3.525414769234));
#7027 = CARTESIAN_POINT('',(0.556443728408,3.532568147724));
#7028 = CARTESIAN_POINT('',(0.592381137181,3.539721666891));
#7029 = CARTESIAN_POINT('',(0.628318529682,3.546874999912));
#7030 = ( GEOMETRIC_REPRESENTATION_CONTEXT(2) 
PARAMETRIC_REPRESENTATION_CONTEXT() REPRESENTATION_CONTEXT('2D SPACE',''
  ) );
#7031 = PCURVE('',#7032,#7055);
#7032 = ( BOUNDED_SURFACE() B_SPLINE_SURFACE(1,6,(
    (#7033,#7034,#7035,#7036,#7037,#7038,#7039,#7040,#7041,#7042,#7043)
    ,(#7044,#7045,#7046,#7047,#7048,#7049,#7050,#7051,#7052,#7053,#7054
)),.UNSPECIFIED.,.F.,.F.,.F.) B_SPLINE_SURFACE_WITH_KNOTS((2,2),(7,4,7),
(1.,2.),(0.,0.5,1.),.UNSPECIFIED.) GEOMETRIC_REPRESENTATION_ITEM() 
RATIONAL_B_SPLINE_SURFACE((
    (1.,1.,1.,1.,1.,1.,1.,1.,1.,1.,1.)
,(1.,1.,1.,1.,1.,1.,1.,1.,1.,1.,1.
  ))) REPRESENTATION_ITEM('') SURFACE() );
#7033 = CARTESIAN_POINT('',(4.350000000081,1.38893515439E-12,
    -4.67812500003));
#7034 = CARTESIAN_POINT('',(4.33463914719,2.27713219245,-4.573958333361)
  );
#7035 = CARTESIAN_POINT('',(2.964054218338,4.554264384888,-4.4697916665)
  );
#7036 = CARTESIAN_POINT('',(-2.582543383486E-02,5.722092822627,
    -4.365624999375));
#7037 = CARTESIAN_POINT('',(-2.924628029065,4.554264384845,
    -4.261458332278));
#7038 = CARTESIAN_POINT('',(-5.77537197065,-7.243869699136E-11,
    -4.053124998525));
#7039 = CARTESIAN_POINT('',(-2.924628028937,-4.554264384949,
    -3.84479166562));
#7040 = CARTESIAN_POINT('',(-2.582543365855E-02,-5.722092822688,
    -3.740624999383));
#7041 = CARTESIAN_POINT('',(2.964054218528,-4.554264384906,
    -3.636458333147));
#7042 = CARTESIAN_POINT('',(4.334639147379,-2.277132192447,
    -3.532291666694));
#7043 = CARTESIAN_POINT('',(4.350000000267,1.391334189569E-12,
    -3.42812500003));
#7044 = CARTESIAN_POINT('',(4.150000000081,-1.621365286755E-14,-4.678125
    ));
#7045 = CARTESIAN_POINT('',(4.135345393253,2.172436459448,
    -4.573958333331));
#7046 = CARTESIAN_POINT('',(2.827775863593,4.344872918886,-4.46979166648
    ));
#7047 = CARTESIAN_POINT('',(-2.463805764148E-02,5.459008095198,
    -4.365624999376));
#7048 = CARTESIAN_POINT('',(-2.790162372543,4.344872918846,
    -4.261458332298));
#7049 = CARTESIAN_POINT('',(-5.509837627172,-7.0362300867E-11,
    -4.053124998564));
#7050 = CARTESIAN_POINT('',(-2.790162372418,-4.344872918947,
    -3.84479166564));
#7051 = CARTESIAN_POINT('',(-2.463805746893E-02,-5.459008095259,
    -3.740624999384));
#7052 = CARTESIAN_POINT('',(2.82777586378,-4.344872918906,
    -3.636458333127));
#7053 = CARTESIAN_POINT('',(4.13534539344,-2.172436459448,
    -3.532291666665));
#7054 = CARTESIAN_POINT('',(4.150000000267,-5.098954348558E-14,-3.428125
    ));
#7055 = DEFINITIONAL_REPRESENTATION('',(#7056),#7069);
#7056 = B_SPLINE_CURVE_WITH_KNOTS('',6,(#7057,#7058,#7059,#7060,#7061,
    #7062,#7063,#7064,#7065,#7066,#7067,#7068),.UNSPECIFIED.,.F.,.F.,(7,
    5,7),(0.,0.65683898754,1.),.UNSPECIFIED.);
#7057 = CARTESIAN_POINT('',(2.,0.));
#7058 = CARTESIAN_POINT('',(1.990376384529,1.094492626563E-02));
#7059 = CARTESIAN_POINT('',(1.986936566727,2.188401661405E-02));
#7060 = CARTESIAN_POINT('',(1.987075361347,3.282444415216E-02));
#7061 = CARTESIAN_POINT('',(1.988894498019,4.376836755199E-02));
#7062 = CARTESIAN_POINT('',(1.991306844404,5.471599507965E-02));
#7063 = CARTESIAN_POINT('',(1.994964939802,7.13876190104E-02));
#7064 = CARTESIAN_POINT('',(1.996217802821,7.710944546804E-02));
#7065 = CARTESIAN_POINT('',(1.997382841887,8.283181532388E-02));
#7066 = CARTESIAN_POINT('',(1.998412254854,8.855451810679E-02));
#7067 = CARTESIAN_POINT('',(1.999285668774,9.427733343041E-02));
#7068 = CARTESIAN_POINT('',(2.,9.999999983693E-02));
#7069 = ( GEOMETRIC_REPRESENTATION_CONTEXT(2) 
PARAMETRIC_REPRESENTATION_CONTEXT() REPRESENTATION_CONTEXT('2D SPACE',''
  ) );
#7070 = ORIENTED_EDGE('',*,*,#7071,.F.);
#7071 = EDGE_CURVE('',#7072,#6999,#7074,.T.);
#7072 = VERTEX_POINT('',#7073);
#7073 = CARTESIAN_POINT('',(1.282420528677,3.946884541968,
    -4.428124999673));
#7074 = SURFACE_CURVE('',#7075,(#7090,#7108),.PCURVE_S1.);
#7075 = B_SPLINE_CURVE_WITH_KNOTS('',5,(#7076,#7077,#7078,#7079,#7080,
    #7081,#7082,#7083,#7084,#7085,#7086,#7087,#7088,#7089),
  .UNSPECIFIED.,.F.,.F.,(6,4,4,6),(0.,0.300107362823,0.64014090117,1.),
  .UNSPECIFIED.);
#7076 = CARTESIAN_POINT('',(1.282420528676,3.946884541969,
    -4.428124999673));
#7077 = CARTESIAN_POINT('',(1.431266315284,3.898521614114,-4.43564378294
    ));
#7078 = CARTESIAN_POINT('',(1.577832452985,3.843141955713,
    -4.443166857333));
#7079 = CARTESIAN_POINT('',(1.721676314688,3.780889560735,
    -4.450693859866));
#7080 = CARTESIAN_POINT('',(1.862372727551,3.711948484993,
    -4.458223323244));
#7081 = CARTESIAN_POINT('',(2.154900440328,3.551105268255,
    -4.474283730842));
#7082 = CARTESIAN_POINT('',(2.305724500267,3.457367679573,
    -4.482814763182));
#7083 = CARTESIAN_POINT('',(2.451392629953,3.355656623015,
    -4.491341694524));
#7084 = CARTESIAN_POINT('',(2.591352522561,3.24635757819,-4.499859447538
    ));
#7085 = CARTESIAN_POINT('',(2.866631358276,3.006683190377,
    -4.517360180105));
#7086 = CARTESIAN_POINT('',(3.00120599727,2.875448732386,-4.526341531862
    ));
#7087 = CARTESIAN_POINT('',(3.128211206391,2.736738815068,
    -4.535299276635));
#7088 = CARTESIAN_POINT('',(3.247107054828,2.591142265553,
    -4.544227115033));
#7089 = CARTESIAN_POINT('',(3.357420529182,2.439308793537,
    -4.553125000088));
#7090 = PCURVE('',#6210,#7091);
#7091 = DEFINITIONAL_REPRESENTATION('',(#7092),#7107);
#7092 = B_SPLINE_CURVE_WITH_KNOTS('',5,(#7093,#7094,#7095,#7096,#7097,
    #7098,#7099,#7100,#7101,#7102,#7103,#7104,#7105,#7106),
  .UNSPECIFIED.,.F.,.F.,(6,4,4,6),(0.,0.300107362823,0.64014090117,1.),
  .UNSPECIFIED.);
#7093 = CARTESIAN_POINT('',(1.256637060924,3.671875000327));
#7094 = CARTESIAN_POINT('',(1.218924838784,3.66435621706));
#7095 = CARTESIAN_POINT('',(1.181212664037,3.656833142667));
#7096 = CARTESIAN_POINT('',(1.143500560542,3.649306140134));
#7097 = CARTESIAN_POINT('',(1.105788528526,3.641776676756));
#7098 = CARTESIAN_POINT('',(1.025347371869,3.625716269158));
#7099 = CARTESIAN_POINT('',(0.982618116336,3.617185236818));
#7100 = CARTESIAN_POINT('',(0.939888745703,3.608658305476));
#7101 = CARTESIAN_POINT('',(0.897159208144,3.600140552462));
#7102 = CARTESIAN_POINT('',(0.809208308804,3.582639819895));
#7103 = CARTESIAN_POINT('',(0.763986458747,3.573658468138));
#7104 = CARTESIAN_POINT('',(0.718764747916,3.564700723365));
#7105 = CARTESIAN_POINT('',(0.673541780895,3.555772884967));
#7106 = CARTESIAN_POINT('',(0.628318529682,3.546874999912));
#7107 = ( GEOMETRIC_REPRESENTATION_CONTEXT(2) 
PARAMETRIC_REPRESENTATION_CONTEXT() REPRESENTATION_CONTEXT('2D SPACE',''
  ) );
#7108 = PCURVE('',#7109,#7132);
#7109 = ( BOUNDED_SURFACE() B_SPLINE_SURFACE(1,6,(
    (#7110,#7111,#7112,#7113,#7114,#7115,#7116,#7117,#7118,#7119,#7120)
    ,(#7121,#7122,#7123,#7124,#7125,#7126,#7127,#7128,#7129,#7130,#7131
)),.UNSPECIFIED.,.F.,.F.,.F.) B_SPLINE_SURFACE_WITH_KNOTS((2,2),(7,4,7),
(2.,3.),(0.,0.5,1.),.UNSPECIFIED.) GEOMETRIC_REPRESENTATION_ITEM() 
RATIONAL_B_SPLINE_SURFACE((
    (1.,1.,1.,1.,1.,1.,1.,1.,1.,1.,1.)
,(1.,1.,1.,1.,1.,1.,1.,1.,1.,1.,1.
  ))) REPRESENTATION_ITEM('') SURFACE() );
#7110 = CARTESIAN_POINT('',(4.150000000081,-1.621365286755E-14,-4.678125
    ));
#7111 = CARTESIAN_POINT('',(4.135345393253,2.172436459448,
    -4.573958333331));
#7112 = CARTESIAN_POINT('',(2.827775863593,4.344872918886,-4.46979166648
    ));
#7113 = CARTESIAN_POINT('',(-2.463805764148E-02,5.459008095198,
    -4.365624999376));
#7114 = CARTESIAN_POINT('',(-2.790162372543,4.344872918846,
    -4.261458332298));
#7115 = CARTESIAN_POINT('',(-5.509837627172,-7.0362300867E-11,
    -4.053124998564));
#7116 = CARTESIAN_POINT('',(-2.790162372418,-4.344872918947,
    -3.84479166564));
#7117 = CARTESIAN_POINT('',(-2.463805746893E-02,-5.459008095259,
    -3.740624999384));
#7118 = CARTESIAN_POINT('',(2.82777586378,-4.344872918906,
    -3.636458333127));
#7119 = CARTESIAN_POINT('',(4.13534539344,-2.172436459448,
    -3.532291666665));
#7120 = CARTESIAN_POINT('',(4.150000000267,-5.098954348558E-14,-3.428125
    ));
#7121 = CARTESIAN_POINT('',(3.473417653317,-4.759395685994E-12,
    -5.068749999899));
#7122 = CARTESIAN_POINT('',(3.461152214581,1.818260035826,
    -4.964583333231));
#7123 = CARTESIAN_POINT('',(2.366758218241,3.636520071649,
    -4.860416666412));
#7124 = CARTESIAN_POINT('',(-2.062126884213E-02,4.569015683863,
    -4.756249999376));
#7125 = CARTESIAN_POINT('',(-2.335276925393,3.636520071614,
    -4.652083332365));
#7126 = CARTESIAN_POINT('',(-4.611558381019,-6.365739697297E-11,
    -4.443749998698));
#7127 = CARTESIAN_POINT('',(-2.335276925279,-3.63652007171,
    -4.235416665707));
#7128 = CARTESIAN_POINT('',(-2.062126868256E-02,-4.569015683924,
    -4.131249999384));
#7129 = CARTESIAN_POINT('',(2.366758218418,-3.636520071675,
    -4.027083333058));
#7130 = CARTESIAN_POINT('',(3.461152214762,-1.818260035836,
    -3.922916666564));
#7131 = CARTESIAN_POINT('',(3.473417653502,-4.919931069282E-12,
    -3.818749999899));
#7132 = DEFINITIONAL_REPRESENTATION('',(#7133),#7148);
#7133 = B_SPLINE_CURVE_WITH_KNOTS('',5,(#7134,#7135,#7136,#7137,#7138,
    #7139,#7140,#7141,#7142,#7143,#7144,#7145,#7146,#7147),
  .UNSPECIFIED.,.F.,.F.,(6,4,4,6),(0.,0.300107362823,0.64014090117,1.),
  .UNSPECIFIED.);
#7134 = CARTESIAN_POINT('',(2.,0.199999999922));
#7135 = CARTESIAN_POINT('',(2.000048319538,0.194000073182));
#7136 = CARTESIAN_POINT('',(2.000108016185,0.188000268887));
#7137 = CARTESIAN_POINT('',(2.000177669945,0.182000433678));
#7138 = CARTESIAN_POINT('',(2.000253011413,0.176000407201));
#7139 = CARTESIAN_POINT('',(2.000410665144,0.163201347949));
#7140 = CARTESIAN_POINT('',(2.000492836996,0.156402200798));
#7141 = CARTESIAN_POINT('',(2.000562199181,0.149602331425));
#7142 = CARTESIAN_POINT('',(2.000605312659,0.142801601992));
#7143 = CARTESIAN_POINT('',(2.000607833763,0.128801803816));
#7144 = CARTESIAN_POINT('',(2.000562524118,0.121602563162));
#7145 = CARTESIAN_POINT('',(2.000453840667,0.114402403781));
#7146 = CARTESIAN_POINT('',(2.000265719965,0.107201345357));
#7147 = CARTESIAN_POINT('',(2.,9.999999983693E-02));
#7148 = ( GEOMETRIC_REPRESENTATION_CONTEXT(2) 
PARAMETRIC_REPRESENTATION_CONTEXT() REPRESENTATION_CONTEXT('2D SPACE',''
  ) );
#7149 = ORIENTED_EDGE('',*,*,#7150,.T.);
#7150 = EDGE_CURVE('',#7072,#7151,#7153,.T.);
#7151 = VERTEX_POINT('',#7152);
#7152 = CARTESIAN_POINT('',(-1.282568690295,3.946836398272,
    -4.303117528814));
#7153 = SURFACE_CURVE('',#7154,(#7169,#7187),.PCURVE_S1.);
#7154 = B_SPLINE_CURVE_WITH_KNOTS('',5,(#7155,#7156,#7157,#7158,#7159,
    #7160,#7161,#7162,#7163,#7164,#7165,#7166,#7167,#7168),
  .UNSPECIFIED.,.F.,.F.,(6,4,4,6),(0.,0.334917395363,0.694669535772,1.),
  .UNSPECIFIED.);
#7155 = CARTESIAN_POINT('',(1.282420528676,3.946884541969,
    -4.428124999673));
#7156 = CARTESIAN_POINT('',(1.116298938373,4.000860718721,
    -4.419754613471));
#7157 = CARTESIAN_POINT('',(0.947336623494,4.046097224748,
    -4.411384006286));
#7158 = CARTESIAN_POINT('',(0.776149403805,4.082394093706,
    -4.403013059349));
#7159 = CARTESIAN_POINT('',(0.603367834089,4.109617622825,
    -4.394641415141));
#7160 = CARTESIAN_POINT('',(0.243021617521,4.147124631477,-4.37727608669
    ));
#7161 = CARTESIAN_POINT('',(5.53080898713E-02,4.156002550947,
    -4.368282176859));
#7162 = CARTESIAN_POINT('',(-0.13270571076,4.154251460974,
    -4.359287560303));
#7163 = CARTESIAN_POINT('',(-0.320221017934,4.141878875839,
    -4.350292080113));
#7164 = CARTESIAN_POINT('',(-0.664490467989,4.099549936227,
    -4.33366103021));
#7165 = CARTESIAN_POINT('',(-0.821608600856,4.072536507919,
    -4.326025528769));
#7166 = CARTESIAN_POINT('',(-0.977308462211,4.038002296193,
    -4.318389766763));
#7167 = CARTESIAN_POINT('',(-1.131113567451,3.996052978249,
    -4.310753896685));
#7168 = CARTESIAN_POINT('',(-1.282557884995,3.946839909553,
    -4.303118073618));
#7169 = PCURVE('',#6210,#7170);
#7170 = DEFINITIONAL_REPRESENTATION('',(#7171),#7186);
#7171 = B_SPLINE_CURVE_WITH_KNOTS('',5,(#7172,#7173,#7174,#7175,#7176,
    #7177,#7178,#7179,#7180,#7181,#7182,#7183,#7184,#7185),
  .UNSPECIFIED.,.F.,.F.,(6,4,4,6),(0.,0.334917395363,0.694669535772,1.),
  .UNSPECIFIED.);
#7172 = CARTESIAN_POINT('',(1.256637060924,3.671875000327));
#7173 = CARTESIAN_POINT('',(1.298726356554,3.680245386529));
#7174 = CARTESIAN_POINT('',(1.340815889699,3.688615993714));
#7175 = CARTESIAN_POINT('',(1.382904976867,3.696986940651));
#7176 = CARTESIAN_POINT('',(1.424994500562,3.705358584859));
#7177 = CARTESIAN_POINT('',(1.512294003219,3.72272391331));
#7178 = CARTESIAN_POINT('',(1.557504602504,3.731717823141));
#7179 = CARTESIAN_POINT('',(1.602714529423,3.740712439697));
#7180 = CARTESIAN_POINT('',(1.647925055732,3.749707919887));
#7181 = CARTESIAN_POINT('',(1.731506241908,3.76633896979));
#7182 = CARTESIAN_POINT('',(1.769877308913,3.773974471231));
#7183 = CARTESIAN_POINT('',(1.808248354483,3.781610233237));
#7184 = CARTESIAN_POINT('',(1.846619362803,3.789246103315));
#7185 = CARTESIAN_POINT('',(1.884990394063,3.796881926382));
#7186 = ( GEOMETRIC_REPRESENTATION_CONTEXT(2) 
PARAMETRIC_REPRESENTATION_CONTEXT() REPRESENTATION_CONTEXT('2D SPACE',''
  ) );
#7187 = PCURVE('',#7188,#7211);
#7188 = ( BOUNDED_SURFACE() B_SPLINE_SURFACE(1,6,(
    (#7189,#7190,#7191,#7192,#7193,#7194,#7195,#7196,#7197,#7198,#7199)
    ,(#7200,#7201,#7202,#7203,#7204,#7205,#7206,#7207,#7208,#7209,#7210
)),.UNSPECIFIED.,.F.,.F.,.F.) B_SPLINE_SURFACE_WITH_KNOTS((2,2),(7,4,7),
(1.,2.),(0.,0.5,1.),.UNSPECIFIED.) GEOMETRIC_REPRESENTATION_ITEM() 
RATIONAL_B_SPLINE_SURFACE((
    (1.,1.,1.,1.,1.,1.,1.,1.,1.,1.,1.)
,(1.,1.,1.,1.,1.,1.,1.,1.,1.,1.,1.
  ))) REPRESENTATION_ITEM('') SURFACE() );
#7189 = CARTESIAN_POINT('',(4.350000000081,1.38893515439E-12,
    -4.67812500003));
#7190 = CARTESIAN_POINT('',(4.33463914719,2.27713219245,-4.573958333361)
  );
#7191 = CARTESIAN_POINT('',(2.964054218338,4.554264384888,-4.4697916665)
  );
#7192 = CARTESIAN_POINT('',(-2.582543383486E-02,5.722092822627,
    -4.365624999375));
#7193 = CARTESIAN_POINT('',(-2.924628029065,4.554264384845,
    -4.261458332278));
#7194 = CARTESIAN_POINT('',(-5.77537197065,-7.243869699136E-11,
    -4.053124998525));
#7195 = CARTESIAN_POINT('',(-2.924628028937,-4.554264384949,
    -3.84479166562));
#7196 = CARTESIAN_POINT('',(-2.582543365855E-02,-5.722092822688,
    -3.740624999383));
#7197 = CARTESIAN_POINT('',(2.964054218528,-4.554264384906,
    -3.636458333147));
#7198 = CARTESIAN_POINT('',(4.334639147379,-2.277132192447,
    -3.532291666694));
#7199 = CARTESIAN_POINT('',(4.350000000267,1.391334189569E-12,
    -3.42812500003));
#7200 = CARTESIAN_POINT('',(4.150000000081,-1.621365286755E-14,-4.678125
    ));
#7201 = CARTESIAN_POINT('',(4.135345393253,2.172436459448,
    -4.573958333331));
#7202 = CARTESIAN_POINT('',(2.827775863593,4.344872918886,-4.46979166648
    ));
#7203 = CARTESIAN_POINT('',(-2.463805764148E-02,5.459008095198,
    -4.365624999376));
#7204 = CARTESIAN_POINT('',(-2.790162372543,4.344872918846,
    -4.261458332298));
#7205 = CARTESIAN_POINT('',(-5.509837627172,-7.0362300867E-11,
    -4.053124998564));
#7206 = CARTESIAN_POINT('',(-2.790162372418,-4.344872918947,
    -3.84479166564));
#7207 = CARTESIAN_POINT('',(-2.463805746893E-02,-5.459008095259,
    -3.740624999384));
#7208 = CARTESIAN_POINT('',(2.82777586378,-4.344872918906,
    -3.636458333127));
#7209 = CARTESIAN_POINT('',(4.13534539344,-2.172436459448,
    -3.532291666665));
#7210 = CARTESIAN_POINT('',(4.150000000267,-5.098954348558E-14,-3.428125
    ));
#7211 = DEFINITIONAL_REPRESENTATION('',(#7212),#7227);
#7212 = B_SPLINE_CURVE_WITH_KNOTS('',5,(#7213,#7214,#7215,#7216,#7217,
    #7218,#7219,#7220,#7221,#7222,#7223,#7224,#7225,#7226),
  .UNSPECIFIED.,.F.,.F.,(6,4,4,6),(0.,0.334917395363,0.694669535772,1.),
  .UNSPECIFIED.);
#7213 = CARTESIAN_POINT('',(2.,0.199999999922));
#7214 = CARTESIAN_POINT('',(1.999817567177,0.206696308863));
#7215 = CARTESIAN_POINT('',(1.999683092751,0.213392794591));
#7216 = CARTESIAN_POINT('',(1.999603659402,0.220089552121));
#7217 = CARTESIAN_POINT('',(1.999571945032,0.226786867466));
#7218 = CARTESIAN_POINT('',(1.999579630672,0.240679130183));
#7219 = CARTESIAN_POINT('',(1.999624520805,0.247874258026));
#7220 = CARTESIAN_POINT('',(1.999695048563,0.255069951248));
#7221 = CARTESIAN_POINT('',(1.999770397138,0.262266335378));
#7222 = CARTESIAN_POINT('',(1.999894253332,0.275571175259));
#7223 = CARTESIAN_POINT('',(1.999945161276,0.281679576393));
#7224 = CARTESIAN_POINT('',(1.999981558351,0.287788185979));
#7225 = CARTESIAN_POINT('',(1.999999568957,0.293896882023));
#7226 = CARTESIAN_POINT('',(2.,0.300005540459));
#7227 = ( GEOMETRIC_REPRESENTATION_CONTEXT(2) 
PARAMETRIC_REPRESENTATION_CONTEXT() REPRESENTATION_CONTEXT('2D SPACE',''
  ) );
#7228 = ORIENTED_EDGE('',*,*,#7229,.T.);
#7229 = EDGE_CURVE('',#7151,#7230,#7232,.T.);
#7230 = VERTEX_POINT('',#7231);
#7231 = CARTESIAN_POINT('',(-1.291868939699,3.943802054191,
    -4.302648429757));
#7232 = SURFACE_CURVE('',#7233,(#7245,#7255),.PCURVE_S1.);
#7233 = ( BOUNDED_CURVE() B_SPLINE_CURVE(6,(#7234,#7235,#7236,#7237,
    #7238,#7239,#7240,#7241,#7242,#7243,#7244),.UNSPECIFIED.,.F.,.F.) 
B_SPLINE_CURVE_WITH_KNOTS((7,4,7),(0.,0.5,1.),.UNSPECIFIED.) CURVE() 
GEOMETRIC_REPRESENTATION_ITEM() RATIONAL_B_SPLINE_CURVE((1.,1.,1.,1.,1.,
1.,1.,1.,1.,1.,1.)) REPRESENTATION_ITEM('') );
#7234 = CARTESIAN_POINT('',(4.150000000081,-1.621365286755E-14,-4.678125
    ));
#7235 = CARTESIAN_POINT('',(4.135345393253,2.172436459448,
    -4.573958333331));
#7236 = CARTESIAN_POINT('',(2.827775863593,4.344872918886,-4.46979166648
    ));
#7237 = CARTESIAN_POINT('',(-2.463805764148E-02,5.459008095198,
    -4.365624999376));
#7238 = CARTESIAN_POINT('',(-2.790162372543,4.344872918846,
    -4.261458332298));
#7239 = CARTESIAN_POINT('',(-5.509837627172,-7.0362300867E-11,
    -4.053124998564));
#7240 = CARTESIAN_POINT('',(-2.790162372418,-4.344872918947,
    -3.84479166564));
#7241 = CARTESIAN_POINT('',(-2.463805746893E-02,-5.459008095259,
    -3.740624999384));
#7242 = CARTESIAN_POINT('',(2.82777586378,-4.344872918906,
    -3.636458333127));
#7243 = CARTESIAN_POINT('',(4.13534539344,-2.172436459448,
    -3.532291666665));
#7244 = CARTESIAN_POINT('',(4.150000000267,-5.098954348558E-14,-3.428125
    ));
#7245 = PCURVE('',#6210,#7246);
#7246 = DEFINITIONAL_REPRESENTATION('',(#7247),#7254);
#7247 = B_SPLINE_CURVE_WITH_KNOTS('',5,(#7248,#7249,#7250,#7251,#7252,
    #7253),.UNSPECIFIED.,.F.,.F.,(6,6),(0.300005976302,0.300381255546),
  .PIECEWISE_BEZIER_KNOTS.);
#7248 = CARTESIAN_POINT('',(1.884993131773,3.796882471186));
#7249 = CARTESIAN_POINT('',(1.885464588862,3.796976290997));
#7250 = CARTESIAN_POINT('',(1.885936045988,3.797070110809));
#7251 = CARTESIAN_POINT('',(1.886407503152,3.79716393062));
#7252 = CARTESIAN_POINT('',(1.886878960356,3.797257750431));
#7253 = CARTESIAN_POINT('',(1.887350417601,3.797351570243));
#7254 = ( GEOMETRIC_REPRESENTATION_CONTEXT(2) 
PARAMETRIC_REPRESENTATION_CONTEXT() REPRESENTATION_CONTEXT('2D SPACE',''
  ) );
#7255 = PCURVE('',#7109,#7256);
#7256 = DEFINITIONAL_REPRESENTATION('',(#7257),#7261);
#7257 = LINE('',#7258,#7259);
#7258 = CARTESIAN_POINT('',(2.,0.));
#7259 = VECTOR('',#7260,1.);
#7260 = DIRECTION('',(0.,1.));
#7261 = ( GEOMETRIC_REPRESENTATION_CONTEXT(2) 
PARAMETRIC_REPRESENTATION_CONTEXT() REPRESENTATION_CONTEXT('2D SPACE',''
  ) );
#7262 = ORIENTED_EDGE('',*,*,#7263,.F.);
#7263 = EDGE_CURVE('',#7264,#7230,#7266,.T.);
#7264 = VERTEX_POINT('',#7265);
#7265 = CARTESIAN_POINT('',(-3.357421416862,2.43930757175,
    -4.178124926296));
#7266 = SURFACE_CURVE('',#7267,(#7280,#7296),.PCURVE_S1.);
#7267 = B_SPLINE_CURVE_WITH_KNOTS('',6,(#7268,#7269,#7270,#7271,#7272,
    #7273,#7274,#7275,#7276,#7277,#7278,#7279),.UNSPECIFIED.,.F.,.F.,(7,
    5,7),(0.,0.363327254065,1.),.UNSPECIFIED.);
#7268 = CARTESIAN_POINT('',(-3.35742141686,2.439307571752,
    -4.178124926296));
#7269 = CARTESIAN_POINT('',(-3.264966347815,2.566561154902,-4.1856633697
    ));
#7270 = CARTESIAN_POINT('',(-3.166722795498,2.689610443272,
    -4.193201809523));
#7271 = CARTESIAN_POINT('',(-3.06293126004,2.808124605349,
    -4.200740379803));
#7272 = CARTESIAN_POINT('',(-2.953854999606,2.921793662721,
    -4.208279190073));
#7273 = CARTESIAN_POINT('',(-2.839780030401,3.030328490079,
    -4.215818325362));
#7274 = CARTESIAN_POINT('',(-2.512898679198,3.314183675671,
    -4.236569647347));
#7275 = CARTESIAN_POINT('',(-2.290366305832,3.478329988582,
    -4.249783441439));
#7276 = CARTESIAN_POINT('',(-2.055094464155,3.624437792625,
    -4.26299788288));
#7277 = CARTESIAN_POINT('',(-1.808919248981,3.751315499928,
    -4.276213778164));
#7278 = CARTESIAN_POINT('',(-1.553805765515,3.857999560865,
    -4.28943140532));
#7279 = CARTESIAN_POINT('',(-1.291868939699,3.943802054191,
    -4.302648429757));
#7280 = PCURVE('',#6210,#7281);
#7281 = DEFINITIONAL_REPRESENTATION('',(#7282),#7295);
#7282 = B_SPLINE_CURVE_WITH_KNOTS('',6,(#7283,#7284,#7285,#7286,#7287,
    #7288,#7289,#7290,#7291,#7292,#7293,#7294),.UNSPECIFIED.,.F.,.F.,(7,
    5,7),(0.,0.363327254065,1.),.UNSPECIFIED.);
#7283 = CARTESIAN_POINT('',(2.513274487813,3.921875073704));
#7284 = CARTESIAN_POINT('',(2.475372310115,3.9143366303));
#7285 = CARTESIAN_POINT('',(2.437470051646,3.906798190477));
#7286 = CARTESIAN_POINT('',(2.399567753282,3.899259620197));
#7287 = CARTESIAN_POINT('',(2.36166545812,3.891720809927));
#7288 = CARTESIAN_POINT('',(2.323763211471,3.884181674638));
#7289 = CARTESIAN_POINT('',(2.219443620296,3.863430352653));
#7290 = CARTESIAN_POINT('',(2.153022343563,3.850216558561));
#7291 = CARTESIAN_POINT('',(2.086605595008,3.83700211712));
#7292 = CARTESIAN_POINT('',(2.020188904421,3.823786221836));
#7293 = CARTESIAN_POINT('',(1.953767753516,3.81056859468));
#7294 = CARTESIAN_POINT('',(1.887350417601,3.797351570243));
#7295 = ( GEOMETRIC_REPRESENTATION_CONTEXT(2) 
PARAMETRIC_REPRESENTATION_CONTEXT() REPRESENTATION_CONTEXT('2D SPACE',''
  ) );
#7296 = PCURVE('',#7297,#7320);
#7297 = ( BOUNDED_SURFACE() B_SPLINE_SURFACE(1,6,(
    (#7298,#7299,#7300,#7301,#7302,#7303,#7304,#7305,#7306,#7307,#7308)
    ,(#7309,#7310,#7311,#7312,#7313,#7314,#7315,#7316,#7317,#7318,#7319
)),.UNSPECIFIED.,.F.,.F.,.F.) B_SPLINE_SURFACE_WITH_KNOTS((2,2),(7,4,7),
(1.,2.),(0.,0.5,1.),.UNSPECIFIED.) GEOMETRIC_REPRESENTATION_ITEM() 
RATIONAL_B_SPLINE_SURFACE((
    (1.,1.,1.,1.,1.,1.,1.,1.,1.,1.,1.)
,(1.,1.,1.,1.,1.,1.,1.,1.,1.,1.,1.
  ))) REPRESENTATION_ITEM('') SURFACE() );
#7298 = CARTESIAN_POINT('',(4.350000000081,1.38893515439E-12,
    -4.67812500003));
#7299 = CARTESIAN_POINT('',(4.33463914719,2.27713219245,-4.573958333361)
  );
#7300 = CARTESIAN_POINT('',(2.964054218338,4.554264384888,-4.4697916665)
  );
#7301 = CARTESIAN_POINT('',(-2.582543383486E-02,5.722092822627,
    -4.365624999375));
#7302 = CARTESIAN_POINT('',(-2.924628029065,4.554264384845,
    -4.261458332278));
#7303 = CARTESIAN_POINT('',(-5.77537197065,-7.243869699136E-11,
    -4.053124998525));
#7304 = CARTESIAN_POINT('',(-2.924628028937,-4.554264384949,
    -3.84479166562));
#7305 = CARTESIAN_POINT('',(-2.582543365855E-02,-5.722092822688,
    -3.740624999383));
#7306 = CARTESIAN_POINT('',(2.964054218528,-4.554264384906,
    -3.636458333147));
#7307 = CARTESIAN_POINT('',(4.334639147379,-2.277132192447,
    -3.532291666694));
#7308 = CARTESIAN_POINT('',(4.350000000267,1.391334189569E-12,
    -3.42812500003));
#7309 = CARTESIAN_POINT('',(4.150000000081,-1.621365286755E-14,-4.678125
    ));
#7310 = CARTESIAN_POINT('',(4.135345393253,2.172436459448,
    -4.573958333331));
#7311 = CARTESIAN_POINT('',(2.827775863593,4.344872918886,-4.46979166648
    ));
#7312 = CARTESIAN_POINT('',(-2.463805764148E-02,5.459008095198,
    -4.365624999376));
#7313 = CARTESIAN_POINT('',(-2.790162372543,4.344872918846,
    -4.261458332298));
#7314 = CARTESIAN_POINT('',(-5.509837627172,-7.0362300867E-11,
    -4.053124998564));
#7315 = CARTESIAN_POINT('',(-2.790162372418,-4.344872918947,
    -3.84479166564));
#7316 = CARTESIAN_POINT('',(-2.463805746893E-02,-5.459008095259,
    -3.740624999384));
#7317 = CARTESIAN_POINT('',(2.82777586378,-4.344872918906,
    -3.636458333127));
#7318 = CARTESIAN_POINT('',(4.13534539344,-2.172436459448,
    -3.532291666665));
#7319 = CARTESIAN_POINT('',(4.150000000267,-5.098954348558E-14,-3.428125
    ));
#7320 = DEFINITIONAL_REPRESENTATION('',(#7321),#7334);
#7321 = B_SPLINE_CURVE_WITH_KNOTS('',6,(#7322,#7323,#7324,#7325,#7326,
    #7327,#7328,#7329,#7330,#7331,#7332,#7333),.UNSPECIFIED.,.F.,.F.,(7,
    5,7),(0.,0.363327254065,1.),.UNSPECIFIED.);
#7322 = CARTESIAN_POINT('',(2.,0.400000058069));
#7323 = CARTESIAN_POINT('',(1.999894793283,0.393969303357));
#7324 = CARTESIAN_POINT('',(1.999804314179,0.38793855151));
#7325 = CARTESIAN_POINT('',(1.99973587797,0.381907695299));
#7326 = CARTESIAN_POINT('',(1.999692819847,0.375876647095));
#7327 = CARTESIAN_POINT('',(1.99967449492,0.369845338877));
#7328 = CARTESIAN_POINT('',(1.999679403131,0.353244281328));
#7329 = CARTESIAN_POINT('',(1.999744700455,0.342673246081));
#7330 = CARTESIAN_POINT('',(1.999851209632,0.332101692956));
#7331 = CARTESIAN_POINT('',(1.999948283262,0.321528976759));
#7332 = CARTESIAN_POINT('',(1.999999254425,0.310954875065));
#7333 = CARTESIAN_POINT('',(2.,0.300381255546));
#7334 = ( GEOMETRIC_REPRESENTATION_CONTEXT(2) 
PARAMETRIC_REPRESENTATION_CONTEXT() REPRESENTATION_CONTEXT('2D SPACE',''
  ) );
#7335 = ORIENTED_EDGE('',*,*,#7336,.F.);
#7336 = EDGE_CURVE('',#7337,#7264,#7339,.T.);
#7337 = VERTEX_POINT('',#7338);
#7338 = CARTESIAN_POINT('',(-4.149999950775,6.391896629297E-04,
    -4.053155647425));
#7339 = SURFACE_CURVE('',#7340,(#7355,#7373),.PCURVE_S1.);
#7340 = B_SPLINE_CURVE_WITH_KNOTS('',5,(#7341,#7342,#7343,#7344,#7345,
    #7346,#7347,#7348,#7349,#7350,#7351,#7352,#7353,#7354),
  .UNSPECIFIED.,.F.,.F.,(6,4,4,6),(0.,0.18706669903,0.497108223407,1.),
  .UNSPECIFIED.);
#7341 = CARTESIAN_POINT('',(-4.149999950775,6.391896629297E-04,
    -4.053155647425));
#7342 = CARTESIAN_POINT('',(-4.149984928796,9.817082670817E-02,
    -4.057832245557));
#7343 = CARTESIAN_POINT('',(-4.147104719189,0.195701593197,
    -4.062514652951));
#7344 = CARTESIAN_POINT('',(-4.141359397108,0.293119295299,
    -4.067200154148));
#7345 = CARTESIAN_POINT('',(-4.132755583913,0.390312097321,
    -4.071886803264));
#7346 = CARTESIAN_POINT('',(-4.102330820677,0.647696898045,
    -4.084340958464));
#7347 = CARTESIAN_POINT('',(-4.075539187851,0.807302054916,
    -4.092108406895));
#7348 = CARTESIAN_POINT('',(-4.040991755405,0.965475207479,
    -4.099870085284));
#7349 = CARTESIAN_POINT('',(-3.998797345812,1.121717334037,
    -4.107625195131));
#7350 = CARTESIAN_POINT('',(-3.868525442605,1.525043305287,
    -4.127943440549));
#7351 = CARTESIAN_POINT('',(-3.768229890012,1.76819006911,
    -4.140497118668));
#7352 = CARTESIAN_POINT('',(-3.648904215279,2.002885752191,
    -4.153037793966));
#7353 = CARTESIAN_POINT('',(-3.511536943375,2.227185584601,
    -4.165579168058));
#7354 = CARTESIAN_POINT('',(-3.357421416864,2.439307571747,
    -4.178124926296));
#7355 = PCURVE('',#6210,#7356);
#7356 = DEFINITIONAL_REPRESENTATION('',(#7357),#7372);
#7357 = B_SPLINE_CURVE_WITH_KNOTS('',5,(#7358,#7359,#7360,#7361,#7362,
    #7363,#7364,#7365,#7366,#7367,#7368,#7369,#7370,#7371),
  .UNSPECIFIED.,.F.,.F.,(6,4,4,6),(0.,0.18706669903,0.497108223407,1.),
  .UNSPECIFIED.);
#7358 = CARTESIAN_POINT('',(3.141438631984,4.046844352575));
#7359 = CARTESIAN_POINT('',(3.117937032417,4.042167754443));
#7360 = CARTESIAN_POINT('',(3.094435545484,4.037485347049));
#7361 = CARTESIAN_POINT('',(3.070934126294,4.032799845852));
#7362 = CARTESIAN_POINT('',(3.047432737399,4.028113196736));
#7363 = CARTESIAN_POINT('',(2.984980501919,4.015659041536));
#7364 = CARTESIAN_POINT('',(2.946029489518,4.007891593105));
#7365 = CARTESIAN_POINT('',(2.907078653464,4.000129914716));
#7366 = CARTESIAN_POINT('',(2.868127365597,3.992374804869));
#7367 = CARTESIAN_POINT('',(2.765996602043,3.972056559451));
#7368 = CARTESIAN_POINT('',(2.702814987499,3.959502881332));
#7369 = CARTESIAN_POINT('',(2.639636417934,3.946962206034));
#7370 = CARTESIAN_POINT('',(2.576454518204,3.934420831942));
#7371 = CARTESIAN_POINT('',(2.513274487815,3.921875073704));
#7372 = ( GEOMETRIC_REPRESENTATION_CONTEXT(2) 
PARAMETRIC_REPRESENTATION_CONTEXT() REPRESENTATION_CONTEXT('2D SPACE',''
  ) );
#7373 = PCURVE('',#7109,#7374);
#7374 = DEFINITIONAL_REPRESENTATION('',(#7375),#7390);
#7375 = B_SPLINE_CURVE_WITH_KNOTS('',5,(#7376,#7377,#7378,#7379,#7380,
    #7381,#7382,#7383,#7384,#7385,#7386,#7387,#7388,#7389),
  .UNSPECIFIED.,.F.,.F.,(6,4,4,6),(0.,0.18706669903,0.497108223407,1.),
  .UNSPECIFIED.);
#7376 = CARTESIAN_POINT('',(2.,0.499975481073));
#7377 = CARTESIAN_POINT('',(2.000000078531,0.496234227109));
#7378 = CARTESIAN_POINT('',(2.000015083298,0.492492990184));
#7379 = CARTESIAN_POINT('',(2.000038076289,0.488751774536));
#7380 = CARTESIAN_POINT('',(2.000064119342,0.485010593698));
#7381 = CARTESIAN_POINT('',(2.000133622728,0.475068989349));
#7382 = CARTESIAN_POINT('',(2.000177163643,0.468868637144));
#7383 = CARTESIAN_POINT('',(2.000206886794,0.462668582922));
#7384 = CARTESIAN_POINT('',(2.000220748621,0.456468826869));
#7385 = CARTESIAN_POINT('',(2.00021999669,0.440213995572));
#7386 = CARTESIAN_POINT('',(2.00018208029,0.430159204213));
#7387 = CARTESIAN_POINT('',(2.000115960813,0.420106001652));
#7388 = CARTESIAN_POINT('',(2.000051840415,0.410052864771));
#7389 = CARTESIAN_POINT('',(2.,0.400000058069));
#7390 = ( GEOMETRIC_REPRESENTATION_CONTEXT(2) 
PARAMETRIC_REPRESENTATION_CONTEXT() REPRESENTATION_CONTEXT('2D SPACE',''
  ) );
#7391 = ORIENTED_EDGE('',*,*,#7392,.T.);
#7392 = EDGE_CURVE('',#7337,#7393,#7395,.T.);
#7393 = VERTEX_POINT('',#7394);
#7394 = CARTESIAN_POINT('',(-4.149999950305,-6.42244814829E-04,
    -4.053094203622));
#7395 = SURFACE_CURVE('',#7396,(#7408,#7418),.PCURVE_S1.);
#7396 = ( BOUNDED_CURVE() B_SPLINE_CURVE(6,(#7397,#7398,#7399,#7400,
    #7401,#7402,#7403,#7404,#7405,#7406,#7407),.UNSPECIFIED.,.F.,.F.) 
B_SPLINE_CURVE_WITH_KNOTS((7,4,7),(0.,0.5,1.),.UNSPECIFIED.) CURVE() 
GEOMETRIC_REPRESENTATION_ITEM() RATIONAL_B_SPLINE_CURVE((1.,1.,1.,1.,1.,
1.,1.,1.,1.,1.,1.)) REPRESENTATION_ITEM('') );
#7397 = CARTESIAN_POINT('',(4.150000000081,-1.621365286755E-14,-4.678125
    ));
#7398 = CARTESIAN_POINT('',(4.135345393253,2.172436459448,
    -4.573958333331));
#7399 = CARTESIAN_POINT('',(2.827775863593,4.344872918886,-4.46979166648
    ));
#7400 = CARTESIAN_POINT('',(-2.463805764148E-02,5.459008095198,
    -4.365624999376));
#7401 = CARTESIAN_POINT('',(-2.790162372543,4.344872918846,
    -4.261458332298));
#7402 = CARTESIAN_POINT('',(-5.509837627172,-7.0362300867E-11,
    -4.053124998564));
#7403 = CARTESIAN_POINT('',(-2.790162372418,-4.344872918947,
    -3.84479166564));
#7404 = CARTESIAN_POINT('',(-2.463805746893E-02,-5.459008095259,
    -3.740624999384));
#7405 = CARTESIAN_POINT('',(2.82777586378,-4.344872918906,
    -3.636458333127));
#7406 = CARTESIAN_POINT('',(4.13534539344,-2.172436459448,
    -3.532291666665));
#7407 = CARTESIAN_POINT('',(4.150000000267,-5.098954348558E-14,-3.428125
    ));
#7408 = PCURVE('',#6210,#7409);
#7409 = DEFINITIONAL_REPRESENTATION('',(#7410),#7417);
#7410 = B_SPLINE_CURVE_WITH_KNOTS('',5,(#7411,#7412,#7413,#7414,#7415,
    #7416),.UNSPECIFIED.,.F.,.F.,(6,6),(0.499975481073,0.500024636116),
  .PIECEWISE_BEZIER_KNOTS.);
#7411 = CARTESIAN_POINT('',(3.141438631984,4.046844352575));
#7412 = CARTESIAN_POINT('',(3.141500387862,4.046856641336));
#7413 = CARTESIAN_POINT('',(3.141562143741,4.046868930096));
#7414 = CARTESIAN_POINT('',(3.14162389962,4.046881218857));
#7415 = CARTESIAN_POINT('',(3.141685655498,4.046893507618));
#7416 = CARTESIAN_POINT('',(3.141747411377,4.046905796378));
#7417 = ( GEOMETRIC_REPRESENTATION_CONTEXT(2) 
PARAMETRIC_REPRESENTATION_CONTEXT() REPRESENTATION_CONTEXT('2D SPACE',''
  ) );
#7418 = PCURVE('',#7109,#7419);
#7419 = DEFINITIONAL_REPRESENTATION('',(#7420),#7424);
#7420 = LINE('',#7421,#7422);
#7421 = CARTESIAN_POINT('',(2.,0.));
#7422 = VECTOR('',#7423,1.);
#7423 = DIRECTION('',(0.,1.));
#7424 = ( GEOMETRIC_REPRESENTATION_CONTEXT(2) 
PARAMETRIC_REPRESENTATION_CONTEXT() REPRESENTATION_CONTEXT('2D SPACE',''
  ) );
#7425 = ORIENTED_EDGE('',*,*,#7426,.F.);
#7426 = EDGE_CURVE('',#7427,#7393,#7429,.T.);
#7427 = VERTEX_POINT('',#7428);
#7428 = CARTESIAN_POINT('',(-3.357421391942,-2.43930760605,
    -3.928125069447));
#7429 = SURFACE_CURVE('',#7430,(#7445,#7463),.PCURVE_S1.);
#7430 = B_SPLINE_CURVE_WITH_KNOTS('',5,(#7431,#7432,#7433,#7434,#7435,
    #7436,#7437,#7438,#7439,#7440,#7441,#7442,#7443,#7444),
  .UNSPECIFIED.,.F.,.F.,(6,4,4,6),(0.,0.160001838707,0.499960781725,1.),
  .UNSPECIFIED.);
#7431 = CARTESIAN_POINT('',(-3.357421391944,-2.439307606047,
    -3.928125069447));
#7432 = CARTESIAN_POINT('',(-3.406478686509,-2.371785982371,
    -3.932131465147));
#7433 = CARTESIAN_POINT('',(-3.453838546615,-2.303031125443,
    -3.936138360312));
#7434 = CARTESIAN_POINT('',(-3.499459602578,-2.233099987208,
    -3.940145624266));
#7435 = CARTESIAN_POINT('',(-3.543303446418,-2.16205144664,
    -3.944153082406));
#7436 = CARTESIAN_POINT('',(-3.674639089168,-1.936743157067,
    -3.956675186851));
#7437 = CARTESIAN_POINT('',(-3.755760998632,-1.778768976041,
    -3.965189899735));
#7438 = CARTESIAN_POINT('',(-3.828359224592,-1.616609288349,
    -3.973702109367));
#7439 = CARTESIAN_POINT('',(-3.892158364352,-1.450879100823,
    -3.982209740066));
#7440 = CARTESIAN_POINT('',(-4.027538893725,-1.034149678295,
    -4.003215802901));
#7441 = CARTESIAN_POINT('',(-4.08864127037,-0.779736661758,
    -4.015707678385));
#7442 = CARTESIAN_POINT('',(-4.129587224116,-0.52104532826,
    -4.02818316417));
#7443 = CARTESIAN_POINT('',(-4.150040125063,-0.260196206885,
    -4.040648707471));
#7444 = CARTESIAN_POINT('',(-4.149999950775,6.391896629299E-04,
    -4.053155647425));
#7445 = PCURVE('',#6210,#7446);
#7446 = DEFINITIONAL_REPRESENTATION('',(#7447),#7462);
#7447 = B_SPLINE_CURVE_WITH_KNOTS('',5,(#7448,#7449,#7450,#7451,#7452,
    #7453,#7454,#7455,#7456,#7457,#7458,#7459,#7460,#7461),
  .UNSPECIFIED.,.F.,.F.,(6,4,4,6),(0.,0.160001838707,0.499960781725,1.),
  .UNSPECIFIED.);
#7448 = CARTESIAN_POINT('',(3.769910829581,4.171874930553));
#7449 = CARTESIAN_POINT('',(3.749799674086,4.167868534853));
#7450 = CARTESIAN_POINT('',(3.729688527573,4.163861639688));
#7451 = CARTESIAN_POINT('',(3.709577388668,4.159854375734));
#7452 = CARTESIAN_POINT('',(3.689466255032,4.155846917594));
#7453 = CARTESIAN_POINT('',(3.626624620231,4.143324813149));
#7454 = CARTESIAN_POINT('',(3.583894032244,4.134810100265));
#7455 = CARTESIAN_POINT('',(3.541163363723,4.126297890633));
#7456 = CARTESIAN_POINT('',(3.498432628354,4.117790259934));
#7457 = CARTESIAN_POINT('',(3.3928499494,4.096784197099));
#7458 = CARTESIAN_POINT('',(3.329995994236,4.084292321615));
#7459 = CARTESIAN_POINT('',(3.26714499394,4.07181683583));
#7460 = CARTESIAN_POINT('',(3.204290535512,4.059351292529));
#7461 = CARTESIAN_POINT('',(3.141438631984,4.046844352575));
#7462 = ( GEOMETRIC_REPRESENTATION_CONTEXT(2) 
PARAMETRIC_REPRESENTATION_CONTEXT() REPRESENTATION_CONTEXT('2D SPACE',''
  ) );
#7463 = PCURVE('',#7109,#7464);
#7464 = DEFINITIONAL_REPRESENTATION('',(#7465),#7480);
#7465 = B_SPLINE_CURVE_WITH_KNOTS('',5,(#7466,#7467,#7468,#7469,#7470,
    #7471,#7472,#7473,#7474,#7475,#7476,#7477,#7478,#7479),
  .UNSPECIFIED.,.F.,.F.,(6,4,4,6),(0.,0.160001838707,0.499960781725,1.),
  .UNSPECIFIED.);
#7466 = CARTESIAN_POINT('',(2.,0.599999943551));
#7467 = CARTESIAN_POINT('',(2.000016501584,0.59679998373));
#7468 = CARTESIAN_POINT('',(2.00003427539,0.593600021907));
#7469 = CARTESIAN_POINT('',(2.00005292799,0.590400039676));
#7470 = CARTESIAN_POINT('',(2.00007195685,0.587200019678));
#7471 = CARTESIAN_POINT('',(2.00013068119,0.577200687462));
#7472 = CARTESIAN_POINT('',(2.000169903589,0.570401174145));
#7473 = CARTESIAN_POINT('',(2.000201387073,0.563601245019));
#7474 = CARTESIAN_POINT('',(2.000219585835,0.556800827566));
#7475 = CARTESIAN_POINT('',(2.000221693207,0.539996635835));
#7476 = CARTESIAN_POINT('',(2.000186112076,0.529992016337));
#7477 = CARTESIAN_POINT('',(2.000106897268,0.519986873076));
#7478 = CARTESIAN_POINT('',(1.999999789979,0.509980967405));
#7479 = CARTESIAN_POINT('',(2.,0.499975481073));
#7480 = ( GEOMETRIC_REPRESENTATION_CONTEXT(2) 
PARAMETRIC_REPRESENTATION_CONTEXT() REPRESENTATION_CONTEXT('2D SPACE',''
  ) );
#7481 = ORIENTED_EDGE('',*,*,#7482,.T.);
#7482 = EDGE_CURVE('',#7427,#7483,#7485,.T.);
#7483 = VERTEX_POINT('',#7484);
#7484 = CARTESIAN_POINT('',(-1.291929355555,-3.943782263292,
    -3.803604617153));
#7485 = SURFACE_CURVE('',#7486,(#7499,#7515),.PCURVE_S1.);
#7486 = B_SPLINE_CURVE_WITH_KNOTS('',6,(#7487,#7488,#7489,#7490,#7491,
    #7492,#7493,#7494,#7495,#7496,#7497,#7498),.UNSPECIFIED.,.F.,.F.,(7,
    5,7),(0.,0.363335990808,1.),.UNSPECIFIED.);
#7487 = CARTESIAN_POINT('',(-3.357421391936,-2.439307606058,
    -3.928125069446));
#7488 = CARTESIAN_POINT('',(-3.264966362547,-2.566561131891,
    -3.92058662941));
#7489 = CARTESIAN_POINT('',(-3.166722855058,-2.68961036661,
    -3.913048192955));
#7490 = CARTESIAN_POINT('',(-3.062931369282,-2.808124479144,
    -3.905509626046));
#7491 = CARTESIAN_POINT('',(-2.953855163029,-2.921793491488,
    -3.897970819148));
#7492 = CARTESIAN_POINT('',(-2.839780252105,-3.030328278699,
    -3.890431687233));
#7493 = CARTESIAN_POINT('',(-2.512906931551,-3.314176542588,
    -3.869680873524));
#7494 = CARTESIAN_POINT('',(-2.290383628692,-3.478317235414,
    -3.856467584591));
#7495 = CARTESIAN_POINT('',(-2.055121764969,-3.624420856087,
    -3.843253648264));
#7496 = CARTESIAN_POINT('',(-1.808957217492,-3.751295942433,
    -3.830038258189));
#7497 = CARTESIAN_POINT('',(-1.553854857325,-3.85797903631,
    -3.816821136408));
#7498 = CARTESIAN_POINT('',(-1.291929355555,-3.943782263292,
    -3.803604617153));
#7499 = PCURVE('',#6210,#7500);
#7500 = DEFINITIONAL_REPRESENTATION('',(#7501),#7514);
#7501 = B_SPLINE_CURVE_WITH_KNOTS('',6,(#7502,#7503,#7504,#7505,#7506,
    #7507,#7508,#7509,#7510,#7511,#7512,#7513),.UNSPECIFIED.,.F.,.F.,(7,
    5,7),(0.,0.363335990808,1.),.UNSPECIFIED.);
#7502 = CARTESIAN_POINT('',(3.769910829584,4.171874930554));
#7503 = CARTESIAN_POINT('',(3.807812990492,4.17941337059));
#7504 = CARTESIAN_POINT('',(3.845715232172,4.186951807045));
#7505 = CARTESIAN_POINT('',(3.883617513745,4.194490373954));
#7506 = CARTESIAN_POINT('',(3.921519792117,4.202029180852));
#7507 = CARTESIAN_POINT('',(3.959422021976,4.209568312767));
#7508 = CARTESIAN_POINT('',(4.063739058481,4.230319126476));
#7509 = CARTESIAN_POINT('',(4.13015779653,4.243532415409));
#7510 = CARTESIAN_POINT('',(4.1965720073,4.256746351736));
#7511 = CARTESIAN_POINT('',(4.262986160171,4.269961741811));
#7512 = CARTESIAN_POINT('',(4.329404772503,4.283178863592));
#7513 = CARTESIAN_POINT('',(4.39581957035,4.296395382847));
#7514 = ( GEOMETRIC_REPRESENTATION_CONTEXT(2) 
PARAMETRIC_REPRESENTATION_CONTEXT() REPRESENTATION_CONTEXT('2D SPACE',''
  ) );
#7515 = PCURVE('',#7516,#7539);
#7516 = ( BOUNDED_SURFACE() B_SPLINE_SURFACE(1,6,(
    (#7517,#7518,#7519,#7520,#7521,#7522,#7523,#7524,#7525,#7526,#7527)
    ,(#7528,#7529,#7530,#7531,#7532,#7533,#7534,#7535,#7536,#7537,#7538
)),.UNSPECIFIED.,.F.,.F.,.F.) B_SPLINE_SURFACE_WITH_KNOTS((2,2),(7,4,7),
(1.,2.),(0.,0.5,1.),.UNSPECIFIED.) GEOMETRIC_REPRESENTATION_ITEM() 
RATIONAL_B_SPLINE_SURFACE((
    (1.,1.,1.,1.,1.,1.,1.,1.,1.,1.,1.)
,(1.,1.,1.,1.,1.,1.,1.,1.,1.,1.,1.
  ))) REPRESENTATION_ITEM('') SURFACE() );
#7517 = CARTESIAN_POINT('',(4.350000000081,1.38893515439E-12,
    -4.67812500003));
#7518 = CARTESIAN_POINT('',(4.33463914719,2.27713219245,-4.573958333361)
  );
#7519 = CARTESIAN_POINT('',(2.964054218338,4.554264384888,-4.4697916665)
  );
#7520 = CARTESIAN_POINT('',(-2.582543383486E-02,5.722092822627,
    -4.365624999375));
#7521 = CARTESIAN_POINT('',(-2.924628029065,4.554264384845,
    -4.261458332278));
#7522 = CARTESIAN_POINT('',(-5.77537197065,-7.243869699136E-11,
    -4.053124998525));
#7523 = CARTESIAN_POINT('',(-2.924628028937,-4.554264384949,
    -3.84479166562));
#7524 = CARTESIAN_POINT('',(-2.582543365855E-02,-5.722092822688,
    -3.740624999383));
#7525 = CARTESIAN_POINT('',(2.964054218528,-4.554264384906,
    -3.636458333147));
#7526 = CARTESIAN_POINT('',(4.334639147379,-2.277132192447,
    -3.532291666694));
#7527 = CARTESIAN_POINT('',(4.350000000267,1.391334189569E-12,
    -3.42812500003));
#7528 = CARTESIAN_POINT('',(4.150000000081,-1.621365286755E-14,-4.678125
    ));
#7529 = CARTESIAN_POINT('',(4.135345393253,2.172436459448,
    -4.573958333331));
#7530 = CARTESIAN_POINT('',(2.827775863593,4.344872918886,-4.46979166648
    ));
#7531 = CARTESIAN_POINT('',(-2.463805764148E-02,5.459008095198,
    -4.365624999376));
#7532 = CARTESIAN_POINT('',(-2.790162372543,4.344872918846,
    -4.261458332298));
#7533 = CARTESIAN_POINT('',(-5.509837627172,-7.0362300867E-11,
    -4.053124998564));
#7534 = CARTESIAN_POINT('',(-2.790162372418,-4.344872918947,
    -3.84479166564));
#7535 = CARTESIAN_POINT('',(-2.463805746893E-02,-5.459008095259,
    -3.740624999384));
#7536 = CARTESIAN_POINT('',(2.82777586378,-4.344872918906,
    -3.636458333127));
#7537 = CARTESIAN_POINT('',(4.13534539344,-2.172436459448,
    -3.532291666665));
#7538 = CARTESIAN_POINT('',(4.150000000267,-5.098954348558E-14,-3.428125
    ));
#7539 = DEFINITIONAL_REPRESENTATION('',(#7540),#7553);
#7540 = B_SPLINE_CURVE_WITH_KNOTS('',6,(#7541,#7542,#7543,#7544,#7545,
    #7546,#7547,#7548,#7549,#7550,#7551,#7552),.UNSPECIFIED.,.F.,.F.,(7,
    5,7),(0.,0.363335990808,1.),.UNSPECIFIED.);
#7541 = CARTESIAN_POINT('',(2.,0.599999943552));
#7542 = CARTESIAN_POINT('',(1.999894793337,0.606030695592));
#7543 = CARTESIAN_POINT('',(1.999804314276,0.612061444768));
#7544 = CARTESIAN_POINT('',(1.999735878088,0.618092298307));
#7545 = CARTESIAN_POINT('',(1.999692819964,0.624123343839));
#7546 = CARTESIAN_POINT('',(1.999674495012,0.630154649385));
#7547 = CARTESIAN_POINT('',(1.999679403013,0.646755300391));
#7548 = CARTESIAN_POINT('',(1.999744695449,0.657325931564));
#7549 = CARTESIAN_POINT('',(1.999851197344,0.667897080653));
#7550 = CARTESIAN_POINT('',(1.999948268488,0.678469392742));
#7551 = CARTESIAN_POINT('',(1.999999244758,0.689043090197));
#7552 = CARTESIAN_POINT('',(2.,0.699616305632));
#7553 = ( GEOMETRIC_REPRESENTATION_CONTEXT(2) 
PARAMETRIC_REPRESENTATION_CONTEXT() REPRESENTATION_CONTEXT('2D SPACE',''
  ) );
#7554 = ORIENTED_EDGE('',*,*,#7555,.T.);
#7555 = EDGE_CURVE('',#7483,#7556,#7558,.T.);
#7556 = VERTEX_POINT('',#7557);
#7557 = CARTESIAN_POINT('',(-1.28250037861,-3.946858596261,
    -3.80312902531));
#7558 = SURFACE_CURVE('',#7559,(#7571,#7581),.PCURVE_S1.);
#7559 = ( BOUNDED_CURVE() B_SPLINE_CURVE(6,(#7560,#7561,#7562,#7563,
    #7564,#7565,#7566,#7567,#7568,#7569,#7570),.UNSPECIFIED.,.F.,.F.) 
B_SPLINE_CURVE_WITH_KNOTS((7,4,7),(0.,0.5,1.),.UNSPECIFIED.) CURVE() 
GEOMETRIC_REPRESENTATION_ITEM() RATIONAL_B_SPLINE_CURVE((1.,1.,1.,1.,1.,
1.,1.,1.,1.,1.,1.)) REPRESENTATION_ITEM('') );
#7560 = CARTESIAN_POINT('',(4.150000000081,-1.621365286755E-14,-4.678125
    ));
#7561 = CARTESIAN_POINT('',(4.135345393253,2.172436459448,
    -4.573958333331));
#7562 = CARTESIAN_POINT('',(2.827775863593,4.344872918886,-4.46979166648
    ));
#7563 = CARTESIAN_POINT('',(-2.463805764148E-02,5.459008095198,
    -4.365624999376));
#7564 = CARTESIAN_POINT('',(-2.790162372543,4.344872918846,
    -4.261458332298));
#7565 = CARTESIAN_POINT('',(-5.509837627172,-7.0362300867E-11,
    -4.053124998564));
#7566 = CARTESIAN_POINT('',(-2.790162372418,-4.344872918947,
    -3.84479166564));
#7567 = CARTESIAN_POINT('',(-2.463805746893E-02,-5.459008095259,
    -3.740624999384));
#7568 = CARTESIAN_POINT('',(2.82777586378,-4.344872918906,
    -3.636458333127));
#7569 = CARTESIAN_POINT('',(4.13534539344,-2.172436459448,
    -3.532291666665));
#7570 = CARTESIAN_POINT('',(4.150000000267,-5.098954348558E-14,-3.428125
    ));
#7571 = PCURVE('',#6210,#7572);
#7572 = DEFINITIONAL_REPRESENTATION('',(#7573),#7580);
#7573 = B_SPLINE_CURVE_WITH_KNOTS('',5,(#7574,#7575,#7576,#7577,#7578,
    #7579),.UNSPECIFIED.,.F.,.F.,(6,6),(0.699616305632,0.699996779108),
  .PIECEWISE_BEZIER_KNOTS.);
#7574 = CARTESIAN_POINT('',(4.39581957035,4.296395382847));
#7575 = CARTESIAN_POINT('',(4.396297553025,4.296490501216));
#7576 = CARTESIAN_POINT('',(4.396775535658,4.296585619584));
#7577 = CARTESIAN_POINT('',(4.39725351825,4.296680737953));
#7578 = CARTESIAN_POINT('',(4.397731500803,4.296775856322));
#7579 = CARTESIAN_POINT('',(4.398209483318,4.29687097469));
#7580 = ( GEOMETRIC_REPRESENTATION_CONTEXT(2) 
PARAMETRIC_REPRESENTATION_CONTEXT() REPRESENTATION_CONTEXT('2D SPACE',''
  ) );
#7581 = PCURVE('',#7109,#7582);
#7582 = DEFINITIONAL_REPRESENTATION('',(#7583),#7587);
#7583 = LINE('',#7584,#7585);
#7584 = CARTESIAN_POINT('',(2.,0.));
#7585 = VECTOR('',#7586,1.);
#7586 = DIRECTION('',(0.,1.));
#7587 = ( GEOMETRIC_REPRESENTATION_CONTEXT(2) 
PARAMETRIC_REPRESENTATION_CONTEXT() REPRESENTATION_CONTEXT('2D SPACE',''
  ) );
#7588 = ORIENTED_EDGE('',*,*,#7589,.T.);
#7589 = EDGE_CURVE('',#7556,#7590,#7592,.T.);
#7590 = VERTEX_POINT('',#7591);
#7591 = CARTESIAN_POINT('',(1.282420108955,-3.946884678344,
    -3.67812502063));
#7592 = SURFACE_CURVE('',#7593,(#7606,#7622),.PCURVE_S1.);
#7593 = B_SPLINE_CURVE_WITH_KNOTS('',6,(#7594,#7595,#7596,#7597,#7598,
    #7599,#7600,#7601,#7602,#7603,#7604,#7605),.UNSPECIFIED.,.F.,.F.,(7,
    5,7),(0.,0.668578161049,1.),.UNSPECIFIED.);
#7594 = CARTESIAN_POINT('',(-1.282497164924,-3.946859640519,
    -3.803128863276));
#7595 = CARTESIAN_POINT('',(-1.006160084361,-4.036652933077,
    -3.789196016329));
#7596 = CARTESIAN_POINT('',(-0.722258933582,-4.103235563543,
    -3.775262024392));
#7597 = CARTESIAN_POINT('',(-0.433274057257,-4.145794883469,
    -3.761329836668));
#7598 = CARTESIAN_POINT('',(-0.141733923042,-4.163905853721,
    -3.747399235978));
#7599 = CARTESIAN_POINT('',(0.14979972758,-4.157461421944,
    -3.733469470638));
#7600 = CARTESIAN_POINT('',(0.581959035732,-4.11151669433,
    -3.712638660876));
#7601 = CARTESIAN_POINT('',(0.724552629314,-4.090324314444,
    -3.705735272149));
#7602 = CARTESIAN_POINT('',(0.86620084094,-4.063199841071,
    -3.698832319972));
#7603 = CARTESIAN_POINT('',(1.006596079378,-4.030197746029,
    -3.691929703401));
#7604 = CARTESIAN_POINT('',(1.145435284876,-3.991393729745,
    -3.685027289221));
#7605 = CARTESIAN_POINT('',(1.282420108952,-3.946884678345,
    -3.678125020631));
#7606 = PCURVE('',#6210,#7607);
#7607 = DEFINITIONAL_REPRESENTATION('',(#7608),#7621);
#7608 = B_SPLINE_CURVE_WITH_KNOTS('',6,(#7609,#7610,#7611,#7612,#7613,
    #7614,#7615,#7616,#7617,#7618,#7619,#7620),.UNSPECIFIED.,.F.,.F.,(7,
    5,7),(0.,0.668578161049,1.),.UNSPECIFIED.);
#7609 = CARTESIAN_POINT('',(4.398210297556,4.296871136724));
#7610 = CARTESIAN_POINT('',(4.468224715532,4.310803983671));
#7611 = CARTESIAN_POINT('',(4.538244115468,4.324737975608));
#7612 = CARTESIAN_POINT('',(4.608257712384,4.338670163332));
#7613 = CARTESIAN_POINT('',(4.678271349935,4.352600764022));
#7614 = CARTESIAN_POINT('',(4.748290867695,4.366530529362));
#7615 = CARTESIAN_POINT('',(4.853012491121,4.387361339124));
#7616 = CARTESIAN_POINT('',(4.887719705963,4.394264727851));
#7617 = CARTESIAN_POINT('',(4.922426763243,4.401167680028));
#7618 = CARTESIAN_POINT('',(4.957133827418,4.408070296599));
#7619 = CARTESIAN_POINT('',(4.991841064525,4.414972710779));
#7620 = CARTESIAN_POINT('',(5.026548139912,4.421874979369));
#7621 = ( GEOMETRIC_REPRESENTATION_CONTEXT(2) 
PARAMETRIC_REPRESENTATION_CONTEXT() REPRESENTATION_CONTEXT('2D SPACE',''
  ) );
#7622 = PCURVE('',#7623,#7646);
#7623 = ( BOUNDED_SURFACE() B_SPLINE_SURFACE(1,6,(
    (#7624,#7625,#7626,#7627,#7628,#7629,#7630,#7631,#7632,#7633,#7634)
    ,(#7635,#7636,#7637,#7638,#7639,#7640,#7641,#7642,#7643,#7644,#7645
)),.UNSPECIFIED.,.F.,.F.,.F.) B_SPLINE_SURFACE_WITH_KNOTS((2,2),(7,4,7),
(1.,2.),(0.,0.5,1.),.UNSPECIFIED.) GEOMETRIC_REPRESENTATION_ITEM() 
RATIONAL_B_SPLINE_SURFACE((
    (1.,1.,1.,1.,1.,1.,1.,1.,1.,1.,1.)
,(1.,1.,1.,1.,1.,1.,1.,1.,1.,1.,1.
  ))) REPRESENTATION_ITEM('') SURFACE() );
#7624 = CARTESIAN_POINT('',(4.350000000081,1.38893515439E-12,
    -4.67812500003));
#7625 = CARTESIAN_POINT('',(4.33463914719,2.27713219245,-4.573958333361)
  );
#7626 = CARTESIAN_POINT('',(2.964054218338,4.554264384888,-4.4697916665)
  );
#7627 = CARTESIAN_POINT('',(-2.582543383486E-02,5.722092822627,
    -4.365624999375));
#7628 = CARTESIAN_POINT('',(-2.924628029065,4.554264384845,
    -4.261458332278));
#7629 = CARTESIAN_POINT('',(-5.77537197065,-7.243869699136E-11,
    -4.053124998525));
#7630 = CARTESIAN_POINT('',(-2.924628028937,-4.554264384949,
    -3.84479166562));
#7631 = CARTESIAN_POINT('',(-2.582543365855E-02,-5.722092822688,
    -3.740624999383));
#7632 = CARTESIAN_POINT('',(2.964054218528,-4.554264384906,
    -3.636458333147));
#7633 = CARTESIAN_POINT('',(4.334639147379,-2.277132192447,
    -3.532291666694));
#7634 = CARTESIAN_POINT('',(4.350000000267,1.391334189569E-12,
    -3.42812500003));
#7635 = CARTESIAN_POINT('',(4.150000000081,-1.621365286755E-14,-4.678125
    ));
#7636 = CARTESIAN_POINT('',(4.135345393253,2.172436459448,
    -4.573958333331));
#7637 = CARTESIAN_POINT('',(2.827775863593,4.344872918886,-4.46979166648
    ));
#7638 = CARTESIAN_POINT('',(-2.463805764148E-02,5.459008095198,
    -4.365624999376));
#7639 = CARTESIAN_POINT('',(-2.790162372543,4.344872918846,
    -4.261458332298));
#7640 = CARTESIAN_POINT('',(-5.509837627172,-7.0362300867E-11,
    -4.053124998564));
#7641 = CARTESIAN_POINT('',(-2.790162372418,-4.344872918947,
    -3.84479166564));
#7642 = CARTESIAN_POINT('',(-2.463805746893E-02,-5.459008095259,
    -3.740624999384));
#7643 = CARTESIAN_POINT('',(2.82777586378,-4.344872918906,
    -3.636458333127));
#7644 = CARTESIAN_POINT('',(4.13534539344,-2.172436459448,
    -3.532291666665));
#7645 = CARTESIAN_POINT('',(4.150000000267,-5.098954348558E-14,-3.428125
    ));
#7646 = DEFINITIONAL_REPRESENTATION('',(#7647),#7660);
#7647 = B_SPLINE_CURVE_WITH_KNOTS('',6,(#7648,#7649,#7650,#7651,#7652,
    #7653,#7654,#7655,#7656,#7657,#7658,#7659),.UNSPECIFIED.,.F.,.F.,(7,
    5,7),(0.,0.668578161049,1.),.UNSPECIFIED.);
#7648 = CARTESIAN_POINT('',(2.,0.699996908734));
#7649 = CARTESIAN_POINT('',(1.999999203253,0.711143186325));
#7650 = CARTESIAN_POINT('',(1.999942438491,0.722290379908));
#7651 = CARTESIAN_POINT('',(1.999824251187,0.733436130121));
#7652 = CARTESIAN_POINT('',(1.999677913141,0.744580610707));
#7653 = CARTESIAN_POINT('',(1.999579177096,0.755724423014));
#7654 = CARTESIAN_POINT('',(1.999573670941,0.772389070875));
#7655 = CARTESIAN_POINT('',(1.999595216926,0.777911781873));
#7656 = CARTESIAN_POINT('',(1.999646043906,0.783434143631));
#7657 = CARTESIAN_POINT('',(1.999730436234,0.788956236905));
#7658 = CARTESIAN_POINT('',(1.999849564906,0.794478168265));
#7659 = CARTESIAN_POINT('',(2.,0.799999983154));
#7660 = ( GEOMETRIC_REPRESENTATION_CONTEXT(2) 
PARAMETRIC_REPRESENTATION_CONTEXT() REPRESENTATION_CONTEXT('2D SPACE',''
  ) );
#7661 = ORIENTED_EDGE('',*,*,#7662,.F.);
#7662 = EDGE_CURVE('',#7663,#7590,#7665,.T.);
#7663 = VERTEX_POINT('',#7664);
#7664 = CARTESIAN_POINT('',(3.35742062492,-2.439308661766,
    -3.553124991869));
#7665 = SURFACE_CURVE('',#7666,(#7674,#7685),.PCURVE_S1.);
#7666 = B_SPLINE_CURVE_WITH_KNOTS('',6,(#7667,#7668,#7669,#7670,#7671,
    #7672,#7673),.UNSPECIFIED.,.F.,.F.,(7,7),(0.,1.),
  .PIECEWISE_BEZIER_KNOTS.);
#7667 = CARTESIAN_POINT('',(3.357420624919,-2.439308661767,
    -3.553124991869));
#7668 = CARTESIAN_POINT('',(3.102015229227,-2.790844060567,
    -3.574206628053));
#7669 = CARTESIAN_POINT('',(2.802340673681,-3.110426628124,
    -3.595138863393));
#7670 = CARTESIAN_POINT('',(2.463583721631,-3.390789180049,
    -3.615890834075));
#7671 = CARTESIAN_POINT('',(2.092261980817,-3.626337839424,
    -3.636608315416));
#7672 = CARTESIAN_POINT('',(1.695702329866,-3.812601193023,
    -3.657353333766));
#7673 = CARTESIAN_POINT('',(1.282420108948,-3.946884678346,
    -3.678125020631));
#7674 = PCURVE('',#6210,#7675);
#7675 = DEFINITIONAL_REPRESENTATION('',(#7676),#7684);
#7676 = B_SPLINE_CURVE_WITH_KNOTS('',6,(#7677,#7678,#7679,#7680,#7681,
    #7682,#7683),.UNSPECIFIED.,.F.,.F.,(7,7),(0.,1.),
  .PIECEWISE_BEZIER_KNOTS.);
#7677 = CARTESIAN_POINT('',(5.654866816745,4.546875008131));
#7678 = CARTESIAN_POINT('',(5.550162807902,4.525793371947));
#7679 = CARTESIAN_POINT('',(5.445418593474,4.504861136607));
#7680 = CARTESIAN_POINT('',(5.340713489451,4.484109165925));
#7681 = CARTESIAN_POINT('',(5.23600749236,4.463391684584));
#7682 = CARTESIAN_POINT('',(5.131259134683,4.442646666234));
#7683 = CARTESIAN_POINT('',(5.026548139911,4.421874979369));
#7684 = ( GEOMETRIC_REPRESENTATION_CONTEXT(2) 
PARAMETRIC_REPRESENTATION_CONTEXT() REPRESENTATION_CONTEXT('2D SPACE',''
  ) );
#7685 = PCURVE('',#7109,#7686);
#7686 = DEFINITIONAL_REPRESENTATION('',(#7687),#7695);
#7687 = B_SPLINE_CURVE_WITH_KNOTS('',6,(#7688,#7689,#7690,#7691,#7692,
    #7693,#7694),.UNSPECIFIED.,.F.,.F.,(7,7),(0.,1.),
  .PIECEWISE_BEZIER_KNOTS.);
#7688 = CARTESIAN_POINT('',(2.,0.900000006409));
#7689 = CARTESIAN_POINT('',(2.000615213411,0.883326951622));
#7690 = CARTESIAN_POINT('',(2.000831333497,0.866648700841));
#7691 = CARTESIAN_POINT('',(2.000626183024,0.849983014732));
#7692 = CARTESIAN_POINT('',(2.000353094725,0.833323689523));
#7693 = CARTESIAN_POINT('',(2.000134163,0.816659258632));
#7694 = CARTESIAN_POINT('',(2.,0.799999983153));
#7695 = ( GEOMETRIC_REPRESENTATION_CONTEXT(2) 
PARAMETRIC_REPRESENTATION_CONTEXT() REPRESENTATION_CONTEXT('2D SPACE',''
  ) );
#7696 = ORIENTED_EDGE('',*,*,#7697,.F.);
#7697 = EDGE_CURVE('',#7698,#7663,#7700,.T.);
#7698 = VERTEX_POINT('',#7699);
#7699 = CARTESIAN_POINT('',(4.150000000308,-5.820788837476E-14,-3.428125
    ));
#7700 = SURFACE_CURVE('',#7701,(#7714,#7730),.PCURVE_S1.);
#7701 = B_SPLINE_CURVE_WITH_KNOTS('',6,(#7702,#7703,#7704,#7705,#7706,
    #7707,#7708,#7709,#7710,#7711,#7712,#7713),.UNSPECIFIED.,.F.,.F.,(7,
    5,7),(0.,0.656839063882,1.),.UNSPECIFIED.);
#7702 = CARTESIAN_POINT('',(4.150000000267,-5.062616992291E-14,-3.428125
    ));
#7703 = CARTESIAN_POINT('',(4.150000000267,-0.285325897289,
    -3.441806158547));
#7704 = CARTESIAN_POINT('',(4.126459380669,-0.570817445868,
    -3.455480022268));
#7705 = CARTESIAN_POINT('',(4.079327817912,-0.853879673975,
    -3.46915555734));
#7706 = CARTESIAN_POINT('',(4.008976245771,-1.132051364838,
    -3.482835462373));
#7707 = CARTESIAN_POINT('',(3.916069746379,-1.40299168482,
    -3.496519997468));
#7708 = CARTESIAN_POINT('',(3.741760783997,-1.801101910053,
    -3.517359526065));
#7709 = CARTESIAN_POINT('',(3.676053048443,-1.935138853693,
    -3.524511807094));
#7710 = CARTESIAN_POINT('',(3.604593067995,-2.066278531595,
    -3.531664767368));
#7711 = CARTESIAN_POINT('',(3.527542057225,-2.194214340823,
    -3.538818143801));
#7712 = CARTESIAN_POINT('',(3.445082992794,-2.318651753296,
    -3.545971660908));
#7713 = CARTESIAN_POINT('',(3.357420624919,-2.439308661766,
    -3.553124991869));
#7714 = PCURVE('',#6210,#7715);
#7715 = DEFINITIONAL_REPRESENTATION('',(#7716),#7729);
#7716 = B_SPLINE_CURVE_WITH_KNOTS('',6,(#7717,#7718,#7719,#7720,#7721,
    #7722,#7723,#7724,#7725,#7726,#7727,#7728),.UNSPECIFIED.,.F.,.F.,(7,
    5,7),(0.,0.656839063882,1.),.UNSPECIFIED.);
#7717 = CARTESIAN_POINT('',(6.28318530718,4.671875));
#7718 = CARTESIAN_POINT('',(6.214432078917,4.658193841453));
#7719 = CARTESIAN_POINT('',(6.145638983446,4.644519977732));
#7720 = CARTESIAN_POINT('',(6.076845977879,4.63084444266));
#7721 = CARTESIAN_POINT('',(6.008058981793,4.617164537627));
#7722 = CARTESIAN_POINT('',(5.939274479678,4.603480002532));
#7723 = CARTESIAN_POINT('',(5.83455208551,4.582640473935));
#7724 = CARTESIAN_POINT('',(5.798615295803,4.575488192906));
#7725 = CARTESIAN_POINT('',(5.762678561527,4.568335232632));
#7726 = CARTESIAN_POINT('',(5.726741597575,4.561181856199));
#7727 = CARTESIAN_POINT('',(5.690804199024,4.554028339092));
#7728 = CARTESIAN_POINT('',(5.654866816745,4.546875008131));
#7729 = ( GEOMETRIC_REPRESENTATION_CONTEXT(2) 
PARAMETRIC_REPRESENTATION_CONTEXT() REPRESENTATION_CONTEXT('2D SPACE',''
  ) );
#7730 = PCURVE('',#7731,#7754);
#7731 = ( BOUNDED_SURFACE() B_SPLINE_SURFACE(1,6,(
    (#7732,#7733,#7734,#7735,#7736,#7737,#7738,#7739,#7740,#7741,#7742)
    ,(#7743,#7744,#7745,#7746,#7747,#7748,#7749,#7750,#7751,#7752,#7753
)),.UNSPECIFIED.,.F.,.F.,.F.) B_SPLINE_SURFACE_WITH_KNOTS((2,2),(7,4,7),
(1.,2.),(0.,0.5,1.),.UNSPECIFIED.) GEOMETRIC_REPRESENTATION_ITEM() 
RATIONAL_B_SPLINE_SURFACE((
    (1.,1.,1.,1.,1.,1.,1.,1.,1.,1.,1.)
,(1.,1.,1.,1.,1.,1.,1.,1.,1.,1.,1.
  ))) REPRESENTATION_ITEM('') SURFACE() );
#7732 = CARTESIAN_POINT('',(4.350000000081,1.38893515439E-12,
    -4.67812500003));
#7733 = CARTESIAN_POINT('',(4.33463914719,2.27713219245,-4.573958333361)
  );
#7734 = CARTESIAN_POINT('',(2.964054218338,4.554264384888,-4.4697916665)
  );
#7735 = CARTESIAN_POINT('',(-2.582543383486E-02,5.722092822627,
    -4.365624999375));
#7736 = CARTESIAN_POINT('',(-2.924628029065,4.554264384845,
    -4.261458332278));
#7737 = CARTESIAN_POINT('',(-5.77537197065,-7.243869699136E-11,
    -4.053124998525));
#7738 = CARTESIAN_POINT('',(-2.924628028937,-4.554264384949,
    -3.84479166562));
#7739 = CARTESIAN_POINT('',(-2.582543365855E-02,-5.722092822688,
    -3.740624999383));
#7740 = CARTESIAN_POINT('',(2.964054218528,-4.554264384906,
    -3.636458333147));
#7741 = CARTESIAN_POINT('',(4.334639147379,-2.277132192447,
    -3.532291666694));
#7742 = CARTESIAN_POINT('',(4.350000000267,1.391334189569E-12,
    -3.42812500003));
#7743 = CARTESIAN_POINT('',(4.150000000081,-1.621365286755E-14,-4.678125
    ));
#7744 = CARTESIAN_POINT('',(4.135345393253,2.172436459448,
    -4.573958333331));
#7745 = CARTESIAN_POINT('',(2.827775863593,4.344872918886,-4.46979166648
    ));
#7746 = CARTESIAN_POINT('',(-2.463805764148E-02,5.459008095198,
    -4.365624999376));
#7747 = CARTESIAN_POINT('',(-2.790162372543,4.344872918846,
    -4.261458332298));
#7748 = CARTESIAN_POINT('',(-5.509837627172,-7.0362300867E-11,
    -4.053124998564));
#7749 = CARTESIAN_POINT('',(-2.790162372418,-4.344872918947,
    -3.84479166564));
#7750 = CARTESIAN_POINT('',(-2.463805746893E-02,-5.459008095259,
    -3.740624999384));
#7751 = CARTESIAN_POINT('',(2.82777586378,-4.344872918906,
    -3.636458333127));
#7752 = CARTESIAN_POINT('',(4.13534539344,-2.172436459448,
    -3.532291666665));
#7753 = CARTESIAN_POINT('',(4.150000000267,-5.098954348558E-14,-3.428125
    ));
#7754 = DEFINITIONAL_REPRESENTATION('',(#7755),#7768);
#7755 = B_SPLINE_CURVE_WITH_KNOTS('',6,(#7756,#7757,#7758,#7759,#7760,
    #7761,#7762,#7763,#7764,#7765,#7766,#7767),.UNSPECIFIED.,.F.,.F.,(7,
    5,7),(0.,0.656839063882,1.),.UNSPECIFIED.);
#7756 = CARTESIAN_POINT('',(2.,1.));
#7757 = CARTESIAN_POINT('',(1.990376384027,0.989055073163));
#7758 = CARTESIAN_POINT('',(1.986936570914,0.978115982183));
#7759 = CARTESIAN_POINT('',(1.987075358534,0.967175554119));
#7760 = CARTESIAN_POINT('',(1.988894500795,0.956231630084));
#7761 = CARTESIAN_POINT('',(1.991306845931,0.945284001997));
#7762 = CARTESIAN_POINT('',(1.994964941066,0.928612379098));
#7763 = CARTESIAN_POINT('',(1.99621780368,0.922890554268));
#7764 = CARTESIAN_POINT('',(1.997382842392,0.917168186039));
#7765 = CARTESIAN_POINT('',(1.998412255094,0.911445484884));
#7766 = CARTESIAN_POINT('',(1.999285668848,0.905722671188));
#7767 = CARTESIAN_POINT('',(2.,0.900000006409));
#7768 = ( GEOMETRIC_REPRESENTATION_CONTEXT(2) 
PARAMETRIC_REPRESENTATION_CONTEXT() REPRESENTATION_CONTEXT('2D SPACE',''
  ) );
#7769 = ORIENTED_EDGE('',*,*,#7770,.T.);
#7770 = EDGE_CURVE('',#7698,#6226,#7771,.T.);
#7771 = SURFACE_CURVE('',#7772,(#7776,#7783),.PCURVE_S1.);
#7772 = LINE('',#7773,#7774);
#7773 = CARTESIAN_POINT('',(4.15,-1.016456843292E-15,-8.1));
#7774 = VECTOR('',#7775,1.);
#7775 = DIRECTION('',(0.,0.,1.));
#7776 = PCURVE('',#6210,#7777);
#7777 = DEFINITIONAL_REPRESENTATION('',(#7778),#7782);
#7778 = LINE('',#7779,#7780);
#7779 = CARTESIAN_POINT('',(6.28318530718,-0.));
#7780 = VECTOR('',#7781,1.);
#7781 = DIRECTION('',(0.,1.));
#7782 = ( GEOMETRIC_REPRESENTATION_CONTEXT(2) 
PARAMETRIC_REPRESENTATION_CONTEXT() REPRESENTATION_CONTEXT('2D SPACE',''
  ) );
#7783 = PCURVE('',#7784,#7789);
#7784 = CYLINDRICAL_SURFACE('',#7785,4.15);
#7785 = AXIS2_PLACEMENT_3D('',#7786,#7787,#7788);
#7786 = CARTESIAN_POINT('',(0.,0.,-8.1));
#7787 = DIRECTION('',(0.,0.,1.));
#7788 = DIRECTION('',(1.,0.,-0.));
#7789 = DEFINITIONAL_REPRESENTATION('',(#7790),#7794);
#7790 = LINE('',#7791,#7792);
#7791 = CARTESIAN_POINT('',(0.,-0.));
#7792 = VECTOR('',#7793,1.);
#7793 = DIRECTION('',(0.,1.));
#7794 = ( GEOMETRIC_REPRESENTATION_CONTEXT(2) 
PARAMETRIC_REPRESENTATION_CONTEXT() REPRESENTATION_CONTEXT('2D SPACE',''
  ) );
#7795 = ADVANCED_FACE('',(#7796),#7784,.F.);
#7796 = FACE_BOUND('',#7797,.F.);
#7797 = EDGE_LOOP('',(#7798,#7849,#7875,#7922,#7923,#7996,#8075,#8154,
    #8188,#8261,#8394,#8467,#8501,#8580,#8615,#8686,#8709,#8731));
#7798 = ORIENTED_EDGE('',*,*,#7799,.T.);
#7799 = EDGE_CURVE('',#7800,#7802,#7804,.T.);
#7800 = VERTEX_POINT('',#7801);
#7801 = CARTESIAN_POINT('',(4.150000001695,-1.425464660562E-13,-2.178125
    ));
#7802 = VERTEX_POINT('',#7803);
#7803 = CARTESIAN_POINT('',(1.187001245915E-09,4.14999999923,
    -2.362784074879));
#7804 = SURFACE_CURVE('',#7805,(#7814,#7825),.PCURVE_S1.);
#7805 = ( BOUNDED_CURVE() B_SPLINE_CURVE(7,(#7806,#7807,#7808,#7809,
    #7810,#7811,#7812,#7813),.UNSPECIFIED.,.F.,.F.) 
B_SPLINE_CURVE_WITH_KNOTS((8,8),(0.,1.),.PIECEWISE_BEZIER_KNOTS.) CURVE(
) GEOMETRIC_REPRESENTATION_ITEM() RATIONAL_B_SPLINE_CURVE((1.,1.,1.,
0.999999999999,1.000000000001,1.,1.,1.)) REPRESENTATION_ITEM('') );
#7806 = CARTESIAN_POINT('',(4.15000000267,-1.518926601655E-13,-2.178125)
  );
#7807 = CARTESIAN_POINT('',(4.150001327506,0.939930998671,
    -2.204750490541));
#7808 = CARTESIAN_POINT('',(3.901629284382,1.877269408088,
    -2.231302996821));
#7809 = CARTESIAN_POINT('',(3.407379937467,2.733136704131,
    -2.257776846187));
#7810 = CARTESIAN_POINT('',(2.701089675898,3.430329613129,
    -2.284166685933));
#7811 = CARTESIAN_POINT('',(1.846865826191,3.911159566057,
    -2.310467527819));
#7812 = CARTESIAN_POINT('',(0.921708463751,4.150002547008,
    -2.336674741674));
#7813 = CARTESIAN_POINT('',(1.187001245915E-09,4.14999999923,
    -2.362784074879));
#7814 = PCURVE('',#7784,#7815);
#7815 = DEFINITIONAL_REPRESENTATION('',(#7816),#7824);
#7816 = B_SPLINE_CURVE_WITH_KNOTS('',6,(#7817,#7818,#7819,#7820,#7821,
    #7822,#7823),.UNSPECIFIED.,.F.,.F.,(7,7),(0.,1.),
  .PIECEWISE_BEZIER_KNOTS.);
#7817 = CARTESIAN_POINT('',(-3.641531520771E-14,5.921875));
#7818 = CARTESIAN_POINT('',(0.264237630148,5.890811927702));
#7819 = CARTESIAN_POINT('',(0.52760333163,5.859851032925));
#7820 = CARTESIAN_POINT('',(0.790019926164,5.829002246065));
#7821 = CARTESIAN_POINT('',(1.05140169022,5.798274735955));
#7822 = CARTESIAN_POINT('',(1.311681497676,5.76767681386));
#7823 = CARTESIAN_POINT('',(1.570796326509,5.737215925121));
#7824 = ( GEOMETRIC_REPRESENTATION_CONTEXT(2) 
PARAMETRIC_REPRESENTATION_CONTEXT() REPRESENTATION_CONTEXT('2D SPACE',''
  ) );
#7825 = PCURVE('',#7826,#7843);
#7826 = ( BOUNDED_SURFACE() B_SPLINE_SURFACE(1,7,(
    (#7827,#7828,#7829,#7830,#7831,#7832,#7833,#7834)
    ,(#7835,#7836,#7837,#7838,#7839,#7840,#7841,#7842
)),.UNSPECIFIED.,.F.,.F.,.F.) B_SPLINE_SURFACE_WITH_KNOTS((2,2),(8,8),(
    2.,3.),(0.,1.),.PIECEWISE_BEZIER_KNOTS.) 
GEOMETRIC_REPRESENTATION_ITEM() RATIONAL_B_SPLINE_SURFACE((
    (1.,1.,1.,0.999999999999,1.000000000001,1.,1.,1.)
    ,(1.,1.,1.,0.999999999999,1.000000000001,1.,1.,1.
))) REPRESENTATION_ITEM('') SURFACE() );
#7827 = CARTESIAN_POINT('',(4.15000000267,-1.518926601655E-13,-2.178125)
  );
#7828 = CARTESIAN_POINT('',(4.150001327506,0.939930998671,
    -2.204750490541));
#7829 = CARTESIAN_POINT('',(3.901629284382,1.877269408088,
    -2.231302996821));
#7830 = CARTESIAN_POINT('',(3.407379937467,2.733136704131,
    -2.257776846187));
#7831 = CARTESIAN_POINT('',(2.701089675898,3.430329613129,
    -2.284166685933));
#7832 = CARTESIAN_POINT('',(1.846865826191,3.911159566057,
    -2.310467527819));
#7833 = CARTESIAN_POINT('',(0.921708463751,4.150002547008,
    -2.336674741674));
#7834 = CARTESIAN_POINT('',(1.187001245915E-09,4.14999999923,
    -2.362784074879));
#7835 = CARTESIAN_POINT('',(3.473417654454,-1.255813082212E-10,
    -2.568749997387));
#7836 = CARTESIAN_POINT('',(3.562106464647,0.786691391085,
    -2.544172622078));
#7837 = CARTESIAN_POINT('',(3.442659553089,1.618087389267,-2.51966261395
    ));
#7838 = CARTESIAN_POINT('',(3.094910528058,2.427676394,-2.49522521344));
#7839 = CARTESIAN_POINT('',(2.525267415087,3.1386326756,-2.470865354124)
  );
#7840 = CARTESIAN_POINT('',(1.774415930495,3.67893700003,-2.446587650003
    ));
#7841 = CARTESIAN_POINT('',(0.908049490403,4.001527343076,-2.42239636803
    ));
#7842 = CARTESIAN_POINT('',(1.061237826458E-09,4.088492513166,
    -2.398295438516));
#7843 = DEFINITIONAL_REPRESENTATION('',(#7844),#7848);
#7844 = LINE('',#7845,#7846);
#7845 = CARTESIAN_POINT('',(2.,0.));
#7846 = VECTOR('',#7847,1.);
#7847 = DIRECTION('',(0.,1.));
#7848 = ( GEOMETRIC_REPRESENTATION_CONTEXT(2) 
PARAMETRIC_REPRESENTATION_CONTEXT() REPRESENTATION_CONTEXT('2D SPACE',''
  ) );
#7849 = ORIENTED_EDGE('',*,*,#7850,.F.);
#7850 = EDGE_CURVE('',#7851,#7802,#7853,.T.);
#7851 = VERTEX_POINT('',#7852);
#7852 = CARTESIAN_POINT('',(8.029408414869E-10,4.14999999923,
    -2.462215893061));
#7853 = SURFACE_CURVE('',#7854,(#7858,#7864),.PCURVE_S1.);
#7854 = LINE('',#7855,#7856);
#7855 = CARTESIAN_POINT('',(-2.097328415165E-08,4.15,-8.1));
#7856 = VECTOR('',#7857,1.);
#7857 = DIRECTION('',(0.,0.,1.));
#7858 = PCURVE('',#7784,#7859);
#7859 = DEFINITIONAL_REPRESENTATION('',(#7860),#7863);
#7860 = B_SPLINE_CURVE_WITH_KNOTS('',1,(#7861,#7862),.UNSPECIFIED.,.F.,
  .F.,(2,2),(5.611174940434,5.764584031344),.PIECEWISE_BEZIER_KNOTS.);
#7861 = CARTESIAN_POINT('',(1.570796331849,5.611174940434));
#7862 = CARTESIAN_POINT('',(1.570796331849,5.764584031344));
#7863 = ( GEOMETRIC_REPRESENTATION_CONTEXT(2) 
PARAMETRIC_REPRESENTATION_CONTEXT() REPRESENTATION_CONTEXT('2D SPACE',''
  ) );
#7864 = PCURVE('',#7865,#7870);
#7865 = PLANE('',#7866);
#7866 = AXIS2_PLACEMENT_3D('',#7867,#7868,#7869);
#7867 = CARTESIAN_POINT('',(7.995706646706E-10,4.168181817412,
    -2.462215893061));
#7868 = DIRECTION('',(-1.,-1.853597248988E-10,3.862550353106E-09));
#7869 = DIRECTION('',(2.561402475137E-09,-0.780061127057,0.625703314723)
  );
#7870 = DEFINITIONAL_REPRESENTATION('',(#7871),#7874);
#7871 = B_SPLINE_CURVE_WITH_KNOTS('',1,(#7872,#7873),.UNSPECIFIED.,.F.,
  .F.,(2,2),(5.611174940434,5.764584031344),.PIECEWISE_BEZIER_KNOTS.);
#7872 = CARTESIAN_POINT('',(-2.466514701315E-03,-3.213319983614E-02));
#7873 = CARTESIAN_POINT('',(9.352206198909E-02,8.753526851915E-02));
#7874 = ( GEOMETRIC_REPRESENTATION_CONTEXT(2) 
PARAMETRIC_REPRESENTATION_CONTEXT() REPRESENTATION_CONTEXT('2D SPACE',''
  ) );
#7875 = ORIENTED_EDGE('',*,*,#7876,.F.);
#7876 = EDGE_CURVE('',#6226,#7851,#7877,.T.);
#7877 = SURFACE_CURVE('',#7878,(#7887,#7898),.PCURVE_S1.);
#7878 = ( BOUNDED_CURVE() B_SPLINE_CURVE(7,(#7879,#7880,#7881,#7882,
    #7883,#7884,#7885,#7886),.UNSPECIFIED.,.F.,.F.) 
B_SPLINE_CURVE_WITH_KNOTS((8,8),(0.,1.),.PIECEWISE_BEZIER_KNOTS.) CURVE(
) GEOMETRIC_REPRESENTATION_ITEM() RATIONAL_B_SPLINE_CURVE((1.,1.,1.,
0.999999999999,1.000000000001,1.,1.,1.)) REPRESENTATION_ITEM('') );
#7879 = CARTESIAN_POINT('',(4.149999998445,-5.675991211531E-14,-3.271875
    ));
#7880 = CARTESIAN_POINT('',(4.150001323835,0.939930998671,
    -3.155132465202));
#7881 = CARTESIAN_POINT('',(3.901629281263,1.877269408088,
    -3.038709929747));
#7882 = CARTESIAN_POINT('',(3.407379934899,2.733136704131,
    -2.922632277875));
#7883 = CARTESIAN_POINT('',(2.701089673878,3.430329613129,
    -2.806922958768));
#7884 = CARTESIAN_POINT('',(1.846865824719,3.911159566057,
    -2.691603870718));
#7885 = CARTESIAN_POINT('',(0.921708462824,4.150002547008,
    -2.576695295617));
#7886 = CARTESIAN_POINT('',(8.029408414869E-10,4.14999999923,
    -2.462215893061));
#7887 = PCURVE('',#7784,#7888);
#7888 = DEFINITIONAL_REPRESENTATION('',(#7889),#7897);
#7889 = B_SPLINE_CURVE_WITH_KNOTS('',6,(#7890,#7891,#7892,#7893,#7894,
    #7895,#7896),.UNSPECIFIED.,.F.,.F.,(7,7),(0.,1.),
  .PIECEWISE_BEZIER_KNOTS.);
#7890 = CARTESIAN_POINT('',(-1.33226762955E-14,4.828125));
#7891 = CARTESIAN_POINT('',(0.264237630148,4.964324623931));
#7892 = CARTESIAN_POINT('',(0.52760333282,5.100076248729));
#7893 = CARTESIAN_POINT('',(0.790019925891,5.235336327365));
#7894 = CARTESIAN_POINT('',(1.051401690875,5.370064659466));
#7895 = CARTESIAN_POINT('',(1.311681497921,5.504224803956));
#7896 = CARTESIAN_POINT('',(1.570796326601,5.637784106939));
#7897 = ( GEOMETRIC_REPRESENTATION_CONTEXT(2) 
PARAMETRIC_REPRESENTATION_CONTEXT() REPRESENTATION_CONTEXT('2D SPACE',''
  ) );
#7898 = PCURVE('',#7899,#7916);
#7899 = ( BOUNDED_SURFACE() B_SPLINE_SURFACE(1,7,(
    (#7900,#7901,#7902,#7903,#7904,#7905,#7906,#7907)
    ,(#7908,#7909,#7910,#7911,#7912,#7913,#7914,#7915
)),.UNSPECIFIED.,.F.,.F.,.F.) B_SPLINE_SURFACE_WITH_KNOTS((2,2),(8,8),(
    4.,5.),(0.,1.),.PIECEWISE_BEZIER_KNOTS.) 
GEOMETRIC_REPRESENTATION_ITEM() RATIONAL_B_SPLINE_SURFACE((
    (1.,1.,1.,0.999999999999,1.000000000001,1.,1.,1.)
    ,(1.,1.,1.,0.999999999999,1.000000000001,1.,1.,1.
))) REPRESENTATION_ITEM('') SURFACE() );
#7900 = CARTESIAN_POINT('',(3.473417653247,-1.25554127436E-10,
    -2.881249997387));
#7901 = CARTESIAN_POINT('',(3.562106463598,0.786691391085,
    -2.815710329124));
#7902 = CARTESIAN_POINT('',(3.442659552198,1.618087389267,
    -2.750350309072));
#7903 = CARTESIAN_POINT('',(3.094910527325,2.427676394,-2.685183908208)
  );
#7904 = CARTESIAN_POINT('',(2.52526741451,3.1386326756,-2.620224289219)
  );
#7905 = CARTESIAN_POINT('',(1.774415930074,3.67893700003,-2.555483747974
    ));
#7906 = CARTESIAN_POINT('',(0.908049490138,4.001527343076,
    -2.490973669156));
#7907 = CARTESIAN_POINT('',(9.515062823359E-10,4.088492513166,
    -2.426704529425));
#7908 = CARTESIAN_POINT('',(4.149999998445,-5.675991211531E-14,-3.271875
    ));
#7909 = CARTESIAN_POINT('',(4.150001323835,0.939930998671,
    -3.155132465202));
#7910 = CARTESIAN_POINT('',(3.901629281263,1.877269408088,
    -3.038709929747));
#7911 = CARTESIAN_POINT('',(3.407379934899,2.733136704131,
    -2.922632277875));
#7912 = CARTESIAN_POINT('',(2.701089673878,3.430329613129,
    -2.806922958768));
#7913 = CARTESIAN_POINT('',(1.846865824719,3.911159566057,
    -2.691603870718));
#7914 = CARTESIAN_POINT('',(0.921708462824,4.150002547008,
    -2.576695295617));
#7915 = CARTESIAN_POINT('',(8.029408414869E-10,4.14999999923,
    -2.462215893061));
#7916 = DEFINITIONAL_REPRESENTATION('',(#7917),#7921);
#7917 = LINE('',#7918,#7919);
#7918 = CARTESIAN_POINT('',(5.,0.));
#7919 = VECTOR('',#7920,1.);
#7920 = DIRECTION('',(0.,1.));
#7921 = ( GEOMETRIC_REPRESENTATION_CONTEXT(2) 
PARAMETRIC_REPRESENTATION_CONTEXT() REPRESENTATION_CONTEXT('2D SPACE',''
  ) );
#7922 = ORIENTED_EDGE('',*,*,#7770,.F.);
#7923 = ORIENTED_EDGE('',*,*,#7924,.T.);
#7924 = EDGE_CURVE('',#7698,#7925,#7927,.T.);
#7925 = VERTEX_POINT('',#7926);
#7926 = CARTESIAN_POINT('',(3.357420660101,2.439308613342,
    -3.303125010645));
#7927 = SURFACE_CURVE('',#7928,(#7941,#7957),.PCURVE_S1.);
#7928 = B_SPLINE_CURVE_WITH_KNOTS('',6,(#7929,#7930,#7931,#7932,#7933,
    #7934,#7935,#7936,#7937,#7938,#7939,#7940),.UNSPECIFIED.,.F.,.F.,(7,
    5,7),(0.,0.656839093155,1.),.UNSPECIFIED.);
#7929 = CARTESIAN_POINT('',(4.150000000348,-6.668277041655E-14,-3.428125
    ));
#7930 = CARTESIAN_POINT('',(4.150000000348,0.285325903269,
    -3.414443841167));
#7931 = CARTESIAN_POINT('',(4.126459379319,0.570817458494,
    -3.400769977116));
#7932 = CARTESIAN_POINT('',(4.07932781524,0.853879691936,-3.38709444176)
  );
#7933 = CARTESIAN_POINT('',(4.008976239526,1.132051388979,
    -3.373414536375));
#7934 = CARTESIAN_POINT('',(3.916069736425,1.402991713871,
    -3.359730000959));
#7935 = CARTESIAN_POINT('',(3.741760774474,1.801101928503,
    -3.338890472757));
#7936 = CARTESIAN_POINT('',(3.676053045467,1.935138857356,
    -3.331738192472));
#7937 = CARTESIAN_POINT('',(3.604593072818,2.06627852108,-3.324585232938
    ));
#7938 = CARTESIAN_POINT('',(3.52754207105,2.19421431684,-3.317431857244)
  );
#7939 = CARTESIAN_POINT('',(3.445083016763,2.318651716647,
    -3.310278340873));
#7940 = CARTESIAN_POINT('',(3.3574206601,2.439308613344,-3.303125010645)
  );
#7941 = PCURVE('',#7784,#7942);
#7942 = DEFINITIONAL_REPRESENTATION('',(#7943),#7956);
#7943 = B_SPLINE_CURVE_WITH_KNOTS('',6,(#7944,#7945,#7946,#7947,#7948,
    #7949,#7950,#7951,#7952,#7953,#7954,#7955),.UNSPECIFIED.,.F.,.F.,(7,
    5,7),(0.,0.656839093155,1.),.UNSPECIFIED.);
#7944 = CARTESIAN_POINT('',(0.,4.671875));
#7945 = CARTESIAN_POINT('',(6.875322970339E-02,4.685556158833));
#7946 = CARTESIAN_POINT('',(0.137546326777,4.699230022884));
#7947 = CARTESIAN_POINT('',(0.206339333664,4.71290555824));
#7948 = CARTESIAN_POINT('',(0.275126331358,4.726585463625));
#7949 = CARTESIAN_POINT('',(0.343910834876,4.740269999041));
#7950 = CARTESIAN_POINT('',(0.448633226663,4.761109527243));
#7951 = CARTESIAN_POINT('',(0.484570012487,4.768261807528));
#7952 = CARTESIAN_POINT('',(0.52050674288,4.775414767062));
#7953 = CARTESIAN_POINT('',(0.556443702949,4.782568142756));
#7954 = CARTESIAN_POINT('',(0.592381097616,4.789721659127));
#7955 = CARTESIAN_POINT('',(0.628318476012,4.796874989355));
#7956 = ( GEOMETRIC_REPRESENTATION_CONTEXT(2) 
PARAMETRIC_REPRESENTATION_CONTEXT() REPRESENTATION_CONTEXT('2D SPACE',''
  ) );
#7957 = PCURVE('',#7958,#7981);
#7958 = ( BOUNDED_SURFACE() B_SPLINE_SURFACE(1,6,(
    (#7959,#7960,#7961,#7962,#7963,#7964,#7965,#7966,#7967,#7968,#7969)
    ,(#7970,#7971,#7972,#7973,#7974,#7975,#7976,#7977,#7978,#7979,#7980
)),.UNSPECIFIED.,.F.,.F.,.F.) B_SPLINE_SURFACE_WITH_KNOTS((2,2),(7,4,7),
(1.,2.),(0.,0.5,1.),.UNSPECIFIED.) GEOMETRIC_REPRESENTATION_ITEM() 
RATIONAL_B_SPLINE_SURFACE((
    (1.,1.,1.,1.,1.,1.,1.,1.,1.,1.,1.)
,(1.,1.,1.,1.,1.,1.,1.,1.,1.,1.,1.
  ))) REPRESENTATION_ITEM('') SURFACE() );
#7959 = CARTESIAN_POINT('',(4.350000000348,2.801768822108E-12,
    -3.428125000059));
#7960 = CARTESIAN_POINT('',(4.334639147456,2.277132192451,
    -3.323958333388));
#7961 = CARTESIAN_POINT('',(2.964054218603,4.554264384879,
    -3.219791666324));
#7962 = CARTESIAN_POINT('',(-2.58254335632E-02,5.722092822597,
    -3.115624998755));
#7963 = CARTESIAN_POINT('',(-2.92462802877,4.554264384793,
    -3.011458331226));
#7964 = CARTESIAN_POINT('',(-5.775371970291,-1.450611729012E-10,
    -2.80312499705));
#7965 = CARTESIAN_POINT('',(-2.924628028513,-4.554264385,-2.594791664568
    ));
#7966 = CARTESIAN_POINT('',(-2.582543321035E-02,-5.722092822719,
    -2.490624998763));
#7967 = CARTESIAN_POINT('',(2.964054218984,-4.554264384915,
    -2.386458332971));
#7968 = CARTESIAN_POINT('',(4.334639147832,-2.277132192446,
    -2.282291666722));
#7969 = CARTESIAN_POINT('',(4.35000000072,2.771169709222E-12,
    -2.178125000059));
#7970 = CARTESIAN_POINT('',(4.150000000348,-6.542623326394E-14,-3.428125
    ));
#7971 = CARTESIAN_POINT('',(4.13534539352,2.172436459448,-3.323958333329
    ));
#7972 = CARTESIAN_POINT('',(2.827775863859,4.344872918877,
    -3.219791666284));
#7973 = CARTESIAN_POINT('',(-2.46380573679E-02,5.459008095168,
    -3.115624998755));
#7974 = CARTESIAN_POINT('',(-2.790162372246,4.344872918795,
    -3.011458331266));
#7975 = CARTESIAN_POINT('',(-5.509837626812,-1.410436593237E-10,
    -2.803124997129));
#7976 = CARTESIAN_POINT('',(-2.790162371995,-4.344872918998,
    -2.594791664608));
#7977 = CARTESIAN_POINT('',(-2.463805702266E-02,-5.459008095289,
    -2.490624998763));
#7978 = CARTESIAN_POINT('',(2.827775864234,-4.344872918916,
    -2.386458332931));
#7979 = CARTESIAN_POINT('',(4.135345393893,-2.172436459449,
    -2.282291666663));
#7980 = CARTESIAN_POINT('',(4.15000000072,-1.332002719468E-13,-2.178125)
  );
#7981 = DEFINITIONAL_REPRESENTATION('',(#7982),#7995);
#7982 = B_SPLINE_CURVE_WITH_KNOTS('',6,(#7983,#7984,#7985,#7986,#7987,
    #7988,#7989,#7990,#7991,#7992,#7993,#7994),.UNSPECIFIED.,.F.,.F.,(7,
    5,7),(0.,0.656839093155,1.),.UNSPECIFIED.);
#7983 = CARTESIAN_POINT('',(2.,0.));
#7984 = CARTESIAN_POINT('',(1.990376383824,1.094492706672E-02));
#7985 = CARTESIAN_POINT('',(1.986936572757,2.188401830183E-02));
#7986 = CARTESIAN_POINT('',(1.987075357299,3.282444657515E-02));
#7987 = CARTESIAN_POINT('',(1.988894501989,4.376837086706E-02));
#7988 = CARTESIAN_POINT('',(1.991306846564,5.471599917763E-02));
#7989 = CARTESIAN_POINT('',(1.994964941588,7.138762169866E-02));
#7990 = CARTESIAN_POINT('',(1.996217804043,7.710944591103E-02));
#7991 = CARTESIAN_POINT('',(1.997382842613,8.283181352114E-02));
#7992 = CARTESIAN_POINT('',(1.998412255206,8.855451405809E-02));
#7993 = CARTESIAN_POINT('',(1.999285668887,9.427732713576E-02));
#7994 = CARTESIAN_POINT('',(2.,9.999999129671E-02));
#7995 = ( GEOMETRIC_REPRESENTATION_CONTEXT(2) 
PARAMETRIC_REPRESENTATION_CONTEXT() REPRESENTATION_CONTEXT('2D SPACE',''
  ) );
#7996 = ORIENTED_EDGE('',*,*,#7997,.F.);
#7997 = EDGE_CURVE('',#7998,#7925,#8000,.T.);
#7998 = VERTEX_POINT('',#7999);
#7999 = CARTESIAN_POINT('',(1.282420232552,3.946884638185,
    -3.178124984313));
#8000 = SURFACE_CURVE('',#8001,(#8016,#8034),.PCURVE_S1.);
#8001 = B_SPLINE_CURVE_WITH_KNOTS('',5,(#8002,#8003,#8004,#8005,#8006,
    #8007,#8008,#8009,#8010,#8011,#8012,#8013,#8014,#8015),
  .UNSPECIFIED.,.F.,.F.,(6,4,4,6),(0.,0.300107301355,0.640140770093,1.),
  .UNSPECIFIED.);
#8002 = CARTESIAN_POINT('',(1.282420232549,3.946884638186,
    -3.178124984313));
#8003 = CARTESIAN_POINT('',(1.431266022787,3.898521721499,
    -3.185643767601));
#8004 = CARTESIAN_POINT('',(1.577832164643,3.843142074094,
    -3.193166842016));
#8005 = CARTESIAN_POINT('',(1.721676031018,3.780889689908,
    -3.200693844572));
#8006 = CARTESIAN_POINT('',(1.862372449053,3.711948624722,
    -3.208223307974));
#8007 = CARTESIAN_POINT('',(2.154900173915,3.551105429922,
    -3.224283715629));
#8008 = CARTESIAN_POINT('',(2.305724240904,3.457367852544,
    -3.232814748004));
#8009 = CARTESIAN_POINT('',(2.451392378235,3.355656806902,
    -3.241341679384));
#8010 = CARTESIAN_POINT('',(2.591352279056,3.246357772565,
    -3.249859432441));
#8011 = CARTESIAN_POINT('',(2.866631213305,3.006683335261,
    -3.267360170226));
#8012 = CARTESIAN_POINT('',(3.001205934761,2.875448808129,-3.27634152714
    ));
#8013 = CARTESIAN_POINT('',(3.128211217947,2.736738812892,
    -3.285299277044));
#8014 = CARTESIAN_POINT('',(3.247107131122,2.591142177679,
    -3.294227120534));
#8015 = CARTESIAN_POINT('',(3.357420660101,2.439308613343,
    -3.303125010645));
#8016 = PCURVE('',#7784,#8017);
#8017 = DEFINITIONAL_REPRESENTATION('',(#8018),#8033);
#8018 = B_SPLINE_CURVE_WITH_KNOTS('',5,(#8019,#8020,#8021,#8022,#8023,
    #8024,#8025,#8026,#8027,#8028,#8029,#8030,#8031,#8032),
  .UNSPECIFIED.,.F.,.F.,(6,4,4,6),(0.,0.300107301355,0.640140770093,1.),
  .UNSPECIFIED.);
#8019 = CARTESIAN_POINT('',(1.256637135952,4.921875015687));
#8020 = CARTESIAN_POINT('',(1.218924913812,4.914356232399));
#8021 = CARTESIAN_POINT('',(1.181212739065,4.906833157984));
#8022 = CARTESIAN_POINT('',(1.14350063557,4.899306155428));
#8023 = CARTESIAN_POINT('',(1.105788603553,4.891776692026));
#8024 = CARTESIAN_POINT('',(1.025347446891,4.875716284371));
#8025 = CARTESIAN_POINT('',(0.982618191354,4.867185251996));
#8026 = CARTESIAN_POINT('',(0.939888820716,4.858658320616));
#8027 = CARTESIAN_POINT('',(0.897159283153,4.850140567559));
#8028 = CARTESIAN_POINT('',(0.809208358075,4.832639829774));
#8029 = CARTESIAN_POINT('',(0.763986482284,4.82365847286));
#8030 = CARTESIAN_POINT('',(0.718764745718,4.814700722956));
#8031 = CARTESIAN_POINT('',(0.673541752958,4.805772879466));
#8032 = CARTESIAN_POINT('',(0.628318476012,4.796874989355));
#8033 = ( GEOMETRIC_REPRESENTATION_CONTEXT(2) 
PARAMETRIC_REPRESENTATION_CONTEXT() REPRESENTATION_CONTEXT('2D SPACE',''
  ) );
#8034 = PCURVE('',#8035,#8058);
#8035 = ( BOUNDED_SURFACE() B_SPLINE_SURFACE(1,6,(
    (#8036,#8037,#8038,#8039,#8040,#8041,#8042,#8043,#8044,#8045,#8046)
    ,(#8047,#8048,#8049,#8050,#8051,#8052,#8053,#8054,#8055,#8056,#8057
)),.UNSPECIFIED.,.F.,.F.,.F.) B_SPLINE_SURFACE_WITH_KNOTS((2,2),(7,4,7),
(2.,3.),(0.,0.5,1.),.UNSPECIFIED.) GEOMETRIC_REPRESENTATION_ITEM() 
RATIONAL_B_SPLINE_SURFACE((
    (1.,1.,1.,1.,1.,1.,1.,1.,1.,1.,1.)
,(1.,1.,1.,1.,1.,1.,1.,1.,1.,1.,1.
  ))) REPRESENTATION_ITEM('') SURFACE() );
#8036 = CARTESIAN_POINT('',(4.150000000348,-6.542623326394E-14,-3.428125
    ));
#8037 = CARTESIAN_POINT('',(4.13534539352,2.172436459448,-3.323958333329
    ));
#8038 = CARTESIAN_POINT('',(2.827775863859,4.344872918877,
    -3.219791666284));
#8039 = CARTESIAN_POINT('',(-2.46380573679E-02,5.459008095168,
    -3.115624998755));
#8040 = CARTESIAN_POINT('',(-2.790162372246,4.344872918795,
    -3.011458331266));
#8041 = CARTESIAN_POINT('',(-5.509837626812,-1.410436593237E-10,
    -2.803124997129));
#8042 = CARTESIAN_POINT('',(-2.790162371995,-4.344872918998,
    -2.594791664608));
#8043 = CARTESIAN_POINT('',(-2.463805702266E-02,-5.459008095289,
    -2.490624998763));
#8044 = CARTESIAN_POINT('',(2.827775864234,-4.344872918916,
    -2.386458332931));
#8045 = CARTESIAN_POINT('',(4.135345393893,-2.172436459449,
    -2.282291666663));
#8046 = CARTESIAN_POINT('',(4.15000000072,-1.332002719468E-13,-2.178125)
  );
#8047 = CARTESIAN_POINT('',(3.473417653526,-9.744269752833E-12,
    -3.818749999799));
#8048 = CARTESIAN_POINT('',(3.461152214792,1.818260035821,
    -3.714583333128));
#8049 = CARTESIAN_POINT('',(2.366758218454,3.636520071636,
    -3.610416666146));
#8050 = CARTESIAN_POINT('',(-2.06212686201E-02,4.569015683833,
    -3.506249998756));
#8051 = CARTESIAN_POINT('',(-2.335276925149,3.636520071567,
    -3.402083331401));
#8052 = CARTESIAN_POINT('',(-4.611558380717,-1.277618145E-10,
    -3.193749997396));
#8053 = CARTESIAN_POINT('',(-2.335276924919,-3.636520071757,
    -2.985416664743));
#8054 = CARTESIAN_POINT('',(-2.062126830084E-02,-4.569015683954,
    -2.881249998764));
#8055 = CARTESIAN_POINT('',(2.366758218808,-3.636520071688,
    -2.777083332794));
#8056 = CARTESIAN_POINT('',(3.461152215155,-1.818260035841,
    -2.672916666462));
#8057 = CARTESIAN_POINT('',(3.473417653897,-9.937803284187E-12,
    -2.568749999799));
#8058 = DEFINITIONAL_REPRESENTATION('',(#8059),#8074);
#8059 = B_SPLINE_CURVE_WITH_KNOTS('',5,(#8060,#8061,#8062,#8063,#8064,
    #8065,#8066,#8067,#8068,#8069,#8070,#8071,#8072,#8073),
  .UNSPECIFIED.,.F.,.F.,(6,4,4,6),(0.,0.300107301355,0.640140770093,1.),
  .UNSPECIFIED.);
#8060 = CARTESIAN_POINT('',(2.,0.200000011869));
#8061 = CARTESIAN_POINT('',(2.000048319536,0.194000085129));
#8062 = CARTESIAN_POINT('',(2.000108016182,0.188000280833));
#8063 = CARTESIAN_POINT('',(2.000177669946,0.182000445624));
#8064 = CARTESIAN_POINT('',(2.000253011423,0.176000419148));
#8065 = CARTESIAN_POINT('',(2.00041066519,0.163201359895));
#8066 = CARTESIAN_POINT('',(2.000492837071,0.156402212745));
#8067 = CARTESIAN_POINT('',(2.000562199298,0.149602343371));
#8068 = CARTESIAN_POINT('',(2.000605312834,0.142801613939));
#8069 = CARTESIAN_POINT('',(2.000607834088,0.128801811668));
#8070 = CARTESIAN_POINT('',(2.000562524484,0.121602566918));
#8071 = CARTESIAN_POINT('',(2.000453841006,0.114402403438));
#8072 = CARTESIAN_POINT('',(2.000265720179,0.107201340916));
#8073 = CARTESIAN_POINT('',(2.,9.999999129668E-02));
#8074 = ( GEOMETRIC_REPRESENTATION_CONTEXT(2) 
PARAMETRIC_REPRESENTATION_CONTEXT() REPRESENTATION_CONTEXT('2D SPACE',''
  ) );
#8075 = ORIENTED_EDGE('',*,*,#8076,.T.);
#8076 = EDGE_CURVE('',#7998,#8077,#8079,.T.);
#8077 = VERTEX_POINT('',#8078);
#8078 = CARTESIAN_POINT('',(-1.282789710767,3.946764568346,
    -3.053106384029));
#8079 = SURFACE_CURVE('',#8080,(#8095,#8113),.PCURVE_S1.);
#8080 = B_SPLINE_CURVE_WITH_KNOTS('',5,(#8081,#8082,#8083,#8084,#8085,
    #8086,#8087,#8088,#8089,#8090,#8091,#8092,#8093,#8094),
  .UNSPECIFIED.,.F.,.F.,(6,4,4,6),(0.,0.334886289533,0.694605331474,1.),
  .UNSPECIFIED.);
#8081 = CARTESIAN_POINT('',(1.282420232554,3.946884638184,
    -3.178124984313));
#8082 = CARTESIAN_POINT('',(1.116298559836,4.000860827936,
    -3.169754594138));
#8083 = CARTESIAN_POINT('',(0.947336160514,4.046097338504,
    -3.161383982977));
#8084 = CARTESIAN_POINT('',(0.776148855247,4.082394203306,
    -3.153013032065));
#8085 = CARTESIAN_POINT('',(0.603367199724,4.109617719463,
    -3.144641383881));
#8086 = CARTESIAN_POINT('',(0.243020643777,4.14712469995,-3.127276039331
    ));
#8087 = CARTESIAN_POINT('',(5.530686073692E-02,4.156002584458,
    -3.118282117377));
#8088 = CARTESIAN_POINT('',(-0.132707193162,4.15425143078,
    -3.109287488697));
#8089 = CARTESIAN_POINT('',(-0.320222748262,4.141878753488,
    -3.100291996379));
#8090 = CARTESIAN_POINT('',(-0.664540420812,4.099543717634,
    -3.083658615895));
#8091 = CARTESIAN_POINT('',(-0.821705971046,4.072519707923,
    -3.07602079559));
#8092 = CARTESIAN_POINT('',(-0.977452233103,4.0379703666,-3.068382714764
    ));
#8093 = CARTESIAN_POINT('',(-1.131302292884,3.996001480659,
    -3.060744525983));
#8094 = CARTESIAN_POINT('',(-1.282789710767,3.946764568346,
    -3.053106384029));
#8095 = PCURVE('',#7784,#8096);
#8096 = DEFINITIONAL_REPRESENTATION('',(#8097),#8112);
#8097 = B_SPLINE_CURVE_WITH_KNOTS('',5,(#8098,#8099,#8100,#8101,#8102,
    #8103,#8104,#8105,#8106,#8107,#8108,#8109,#8110,#8111),
  .UNSPECIFIED.,.F.,.F.,(6,4,4,6),(0.,0.334886289533,0.694605331474,1.),
  .UNSPECIFIED.);
#8098 = CARTESIAN_POINT('',(1.256637135951,4.921875015687));
#8099 = CARTESIAN_POINT('',(1.298726451436,4.930245405862));
#8100 = CARTESIAN_POINT('',(1.340816004437,4.938616017023));
#8101 = CARTESIAN_POINT('',(1.38290511146,4.946986967935));
#8102 = CARTESIAN_POINT('',(1.424994655011,4.955358616119));
#8103 = CARTESIAN_POINT('',(1.512294238303,4.972723960669));
#8104 = CARTESIAN_POINT('',(1.55750489837,4.981717882623));
#8105 = CARTESIAN_POINT('',(1.602714886068,4.990712511303));
#8106 = CARTESIAN_POINT('',(1.64792547316,4.999708003621));
#8107 = CARTESIAN_POINT('',(1.731518371631,5.016341384105));
#8108 = CARTESIAN_POINT('',(1.769901090989,5.02397920441));
#8109 = CARTESIAN_POINT('',(1.808283788116,5.031617285236));
#8110 = CARTESIAN_POINT('',(1.846666447522,5.039255474017));
#8111 = CARTESIAN_POINT('',(1.885049131683,5.046893615971));
#8112 = ( GEOMETRIC_REPRESENTATION_CONTEXT(2) 
PARAMETRIC_REPRESENTATION_CONTEXT() REPRESENTATION_CONTEXT('2D SPACE',''
  ) );
#8113 = PCURVE('',#8114,#8137);
#8114 = ( BOUNDED_SURFACE() B_SPLINE_SURFACE(1,6,(
    (#8115,#8116,#8117,#8118,#8119,#8120,#8121,#8122,#8123,#8124,#8125)
    ,(#8126,#8127,#8128,#8129,#8130,#8131,#8132,#8133,#8134,#8135,#8136
)),.UNSPECIFIED.,.F.,.F.,.F.) B_SPLINE_SURFACE_WITH_KNOTS((2,2),(7,4,7),
(1.,2.),(0.,0.5,1.),.UNSPECIFIED.) GEOMETRIC_REPRESENTATION_ITEM() 
RATIONAL_B_SPLINE_SURFACE((
    (1.,1.,1.,1.,1.,1.,1.,1.,1.,1.,1.)
,(1.,1.,1.,1.,1.,1.,1.,1.,1.,1.,1.
  ))) REPRESENTATION_ITEM('') SURFACE() );
#8115 = CARTESIAN_POINT('',(4.350000000348,2.801768822108E-12,
    -3.428125000059));
#8116 = CARTESIAN_POINT('',(4.334639147456,2.277132192451,
    -3.323958333388));
#8117 = CARTESIAN_POINT('',(2.964054218603,4.554264384879,
    -3.219791666324));
#8118 = CARTESIAN_POINT('',(-2.58254335632E-02,5.722092822597,
    -3.115624998755));
#8119 = CARTESIAN_POINT('',(-2.92462802877,4.554264384793,
    -3.011458331226));
#8120 = CARTESIAN_POINT('',(-5.775371970291,-1.450611729012E-10,
    -2.80312499705));
#8121 = CARTESIAN_POINT('',(-2.924628028513,-4.554264385,-2.594791664568
    ));
#8122 = CARTESIAN_POINT('',(-2.582543321035E-02,-5.722092822719,
    -2.490624998763));
#8123 = CARTESIAN_POINT('',(2.964054218984,-4.554264384915,
    -2.386458332971));
#8124 = CARTESIAN_POINT('',(4.334639147832,-2.277132192446,
    -2.282291666722));
#8125 = CARTESIAN_POINT('',(4.35000000072,2.771169709222E-12,
    -2.178125000059));
#8126 = CARTESIAN_POINT('',(4.150000000348,-6.542623326394E-14,-3.428125
    ));
#8127 = CARTESIAN_POINT('',(4.13534539352,2.172436459448,-3.323958333329
    ));
#8128 = CARTESIAN_POINT('',(2.827775863859,4.344872918877,
    -3.219791666284));
#8129 = CARTESIAN_POINT('',(-2.46380573679E-02,5.459008095168,
    -3.115624998755));
#8130 = CARTESIAN_POINT('',(-2.790162372246,4.344872918795,
    -3.011458331266));
#8131 = CARTESIAN_POINT('',(-5.509837626812,-1.410436593237E-10,
    -2.803124997129));
#8132 = CARTESIAN_POINT('',(-2.790162371995,-4.344872918998,
    -2.594791664608));
#8133 = CARTESIAN_POINT('',(-2.463805702266E-02,-5.459008095289,
    -2.490624998763));
#8134 = CARTESIAN_POINT('',(2.827775864234,-4.344872918916,
    -2.386458332931));
#8135 = CARTESIAN_POINT('',(4.135345393893,-2.172436459449,
    -2.282291666663));
#8136 = CARTESIAN_POINT('',(4.15000000072,-1.332002719468E-13,-2.178125)
  );
#8137 = DEFINITIONAL_REPRESENTATION('',(#8138),#8153);
#8138 = B_SPLINE_CURVE_WITH_KNOTS('',5,(#8139,#8140,#8141,#8142,#8143,
    #8144,#8145,#8146,#8147,#8148,#8149,#8150,#8151,#8152),
  .UNSPECIFIED.,.F.,.F.,(6,4,4,6),(0.,0.334886289533,0.694605331474,1.),
  .UNSPECIFIED.);
#8139 = CARTESIAN_POINT('',(2.,0.200000011869));
#8140 = CARTESIAN_POINT('',(1.999817567099,0.206696323969));
#8141 = CARTESIAN_POINT('',(1.999683092646,0.213392812857));
#8142 = CARTESIAN_POINT('',(1.999603659321,0.220089573546));
#8143 = CARTESIAN_POINT('',(1.999571945002,0.226786892053));
#8144 = CARTESIAN_POINT('',(1.999579630759,0.240679167606));
#8145 = CARTESIAN_POINT('',(1.999624521028,0.247874305125));
#8146 = CARTESIAN_POINT('',(1.999695048924,0.255070008024));
#8147 = CARTESIAN_POINT('',(1.999770397555,0.262266401833));
#8148 = CARTESIAN_POINT('',(1.999894270842,0.275573106138));
#8149 = CARTESIAN_POINT('',(1.9999451923,0.281683362345));
#8150 = CARTESIAN_POINT('',(1.999981591359,0.287793826969));
#8151 = CARTESIAN_POINT('',(1.999999590362,0.293904377956));
#8152 = CARTESIAN_POINT('',(2.,0.300014891483));
#8153 = ( GEOMETRIC_REPRESENTATION_CONTEXT(2) 
PARAMETRIC_REPRESENTATION_CONTEXT() REPRESENTATION_CONTEXT('2D SPACE',''
  ) );
#8154 = ORIENTED_EDGE('',*,*,#8155,.T.);
#8155 = EDGE_CURVE('',#8077,#8156,#8158,.T.);
#8156 = VERTEX_POINT('',#8157);
#8157 = CARTESIAN_POINT('',(-1.291626102575,3.943881591933,
    -3.052660682088));
#8158 = SURFACE_CURVE('',#8159,(#8171,#8181),.PCURVE_S1.);
#8159 = ( BOUNDED_CURVE() B_SPLINE_CURVE(6,(#8160,#8161,#8162,#8163,
    #8164,#8165,#8166,#8167,#8168,#8169,#8170),.UNSPECIFIED.,.F.,.F.) 
B_SPLINE_CURVE_WITH_KNOTS((7,4,7),(0.,0.5,1.),.UNSPECIFIED.) CURVE() 
GEOMETRIC_REPRESENTATION_ITEM() RATIONAL_B_SPLINE_CURVE((1.,1.,1.,1.,1.,
1.,1.,1.,1.,1.,1.)) REPRESENTATION_ITEM('') );
#8160 = CARTESIAN_POINT('',(4.150000000348,-6.542623326394E-14,-3.428125
    ));
#8161 = CARTESIAN_POINT('',(4.13534539352,2.172436459448,-3.323958333329
    ));
#8162 = CARTESIAN_POINT('',(2.827775863859,4.344872918877,
    -3.219791666284));
#8163 = CARTESIAN_POINT('',(-2.46380573679E-02,5.459008095168,
    -3.115624998755));
#8164 = CARTESIAN_POINT('',(-2.790162372246,4.344872918795,
    -3.011458331266));
#8165 = CARTESIAN_POINT('',(-5.509837626812,-1.410436593237E-10,
    -2.803124997129));
#8166 = CARTESIAN_POINT('',(-2.790162371995,-4.344872918998,
    -2.594791664608));
#8167 = CARTESIAN_POINT('',(-2.463805702266E-02,-5.459008095289,
    -2.490624998763));
#8168 = CARTESIAN_POINT('',(2.827775864234,-4.344872918916,
    -2.386458332931));
#8169 = CARTESIAN_POINT('',(4.135345393893,-2.172436459449,
    -2.282291666663));
#8170 = CARTESIAN_POINT('',(4.15000000072,-1.332002719468E-13,-2.178125)
  );
#8171 = PCURVE('',#7784,#8172);
#8172 = DEFINITIONAL_REPRESENTATION('',(#8173),#8180);
#8173 = B_SPLINE_CURVE_WITH_KNOTS('',5,(#8174,#8175,#8176,#8177,#8178,
    #8179),.UNSPECIFIED.,.F.,.F.,(6,6),(0.300014891483,0.300371453034),
  .PIECEWISE_BEZIER_KNOTS.);
#8174 = CARTESIAN_POINT('',(1.885049131683,5.046893615971));
#8175 = CARTESIAN_POINT('',(1.885497074048,5.046982756359));
#8176 = CARTESIAN_POINT('',(1.885945016446,5.047071896747));
#8177 = CARTESIAN_POINT('',(1.886392958878,5.047161037135));
#8178 = CARTESIAN_POINT('',(1.886840901347,5.047250177524));
#8179 = CARTESIAN_POINT('',(1.887288843852,5.047339317912));
#8180 = ( GEOMETRIC_REPRESENTATION_CONTEXT(2) 
PARAMETRIC_REPRESENTATION_CONTEXT() REPRESENTATION_CONTEXT('2D SPACE',''
  ) );
#8181 = PCURVE('',#8035,#8182);
#8182 = DEFINITIONAL_REPRESENTATION('',(#8183),#8187);
#8183 = LINE('',#8184,#8185);
#8184 = CARTESIAN_POINT('',(2.,0.));
#8185 = VECTOR('',#8186,1.);
#8186 = DIRECTION('',(0.,1.));
#8187 = ( GEOMETRIC_REPRESENTATION_CONTEXT(2) 
PARAMETRIC_REPRESENTATION_CONTEXT() REPRESENTATION_CONTEXT('2D SPACE',''
  ) );
#8188 = ORIENTED_EDGE('',*,*,#8189,.F.);
#8189 = EDGE_CURVE('',#8190,#8156,#8192,.T.);
#8190 = VERTEX_POINT('',#8191);
#8191 = CARTESIAN_POINT('',(-3.357422708708,2.439305793674,
    -2.928124819841));
#8192 = SURFACE_CURVE('',#8193,(#8206,#8222),.PCURVE_S1.);
#8193 = B_SPLINE_CURVE_WITH_KNOTS('',6,(#8194,#8195,#8196,#8197,#8198,
    #8199,#8200,#8201,#8202,#8203,#8204,#8205),.UNSPECIFIED.,.F.,.F.,(7,
    5,7),(0.,0.363295222283,1.),.UNSPECIFIED.);
#8194 = CARTESIAN_POINT('',(-3.357422708721,2.439305793657,
    -2.92812481984));
#8195 = CARTESIAN_POINT('',(-3.264967051638,2.566560327896,
    -2.935663316698));
#8196 = CARTESIAN_POINT('',(-3.166722826978,2.68961051082,
    -2.943201809976));
#8197 = CARTESIAN_POINT('',(-3.062930539821,2.808125503739,
    -2.950740433713));
#8198 = CARTESIAN_POINT('',(-2.953853453931,2.921795321653,
    -2.958279297445));
#8199 = CARTESIAN_POINT('',(-2.83977759176,3.030330833254,
    -2.965818486204));
#8200 = CARTESIAN_POINT('',(-2.512864794584,3.314212704923,
    -2.986571785029));
#8201 = CARTESIAN_POINT('',(-2.290297743317,3.478380264254,
    -2.999787503443));
#8202 = CARTESIAN_POINT('',(-2.054987779563,3.624503831388,
    -3.013003869034));
#8203 = CARTESIAN_POINT('',(-1.808771828331,3.751391340801,
    -3.026221688826));
#8204 = CARTESIAN_POINT('',(-1.553615888083,3.858078895427,
    -3.039441241111));
#8205 = CARTESIAN_POINT('',(-1.291635857288,3.943878397234,
    -3.052660189886));
#8206 = PCURVE('',#7784,#8207);
#8207 = DEFINITIONAL_REPRESENTATION('',(#8208),#8221);
#8208 = B_SPLINE_CURVE_WITH_KNOTS('',6,(#8209,#8210,#8211,#8212,#8213,
    #8214,#8215,#8216,#8217,#8218,#8219,#8220),.UNSPECIFIED.,.F.,.F.,(7,
    5,7),(0.,0.363295222283,1.),.UNSPECIFIED.);
#8209 = CARTESIAN_POINT('',(2.513275017415,5.17187518016));
#8210 = CARTESIAN_POINT('',(2.475372571021,5.164336683302));
#8211 = CARTESIAN_POINT('',(2.437470043855,5.156798190024));
#8212 = CARTESIAN_POINT('',(2.399567476793,5.149259566287));
#8213 = CARTESIAN_POINT('',(2.36166491293,5.141720702555));
#8214 = CARTESIAN_POINT('',(2.323762397582,5.134181513796));
#8215 = CARTESIAN_POINT('',(2.219432868945,5.113428214971));
#8216 = CARTESIAN_POINT('',(2.15300192046,5.100212496557));
#8217 = CARTESIAN_POINT('',(2.086575503535,5.086996130966));
#8218 = CARTESIAN_POINT('',(2.020149144771,5.073778311174));
#8219 = CARTESIAN_POINT('',(1.953718322431,5.060558758889));
#8220 = CARTESIAN_POINT('',(1.887291317232,5.047339810114));
#8221 = ( GEOMETRIC_REPRESENTATION_CONTEXT(2) 
PARAMETRIC_REPRESENTATION_CONTEXT() REPRESENTATION_CONTEXT('2D SPACE',''
  ) );
#8222 = PCURVE('',#8223,#8246);
#8223 = ( BOUNDED_SURFACE() B_SPLINE_SURFACE(1,6,(
    (#8224,#8225,#8226,#8227,#8228,#8229,#8230,#8231,#8232,#8233,#8234)
    ,(#8235,#8236,#8237,#8238,#8239,#8240,#8241,#8242,#8243,#8244,#8245
)),.UNSPECIFIED.,.F.,.F.,.F.) B_SPLINE_SURFACE_WITH_KNOTS((2,2),(7,4,7),
(1.,2.),(0.,0.5,1.),.UNSPECIFIED.) GEOMETRIC_REPRESENTATION_ITEM() 
RATIONAL_B_SPLINE_SURFACE((
    (1.,1.,1.,1.,1.,1.,1.,1.,1.,1.,1.)
,(1.,1.,1.,1.,1.,1.,1.,1.,1.,1.,1.
  ))) REPRESENTATION_ITEM('') SURFACE() );
#8224 = CARTESIAN_POINT('',(4.350000000348,2.801768822108E-12,
    -3.428125000059));
#8225 = CARTESIAN_POINT('',(4.334639147456,2.277132192451,
    -3.323958333388));
#8226 = CARTESIAN_POINT('',(2.964054218603,4.554264384879,
    -3.219791666324));
#8227 = CARTESIAN_POINT('',(-2.58254335632E-02,5.722092822597,
    -3.115624998755));
#8228 = CARTESIAN_POINT('',(-2.92462802877,4.554264384793,
    -3.011458331226));
#8229 = CARTESIAN_POINT('',(-5.775371970291,-1.450611729012E-10,
    -2.80312499705));
#8230 = CARTESIAN_POINT('',(-2.924628028513,-4.554264385,-2.594791664568
    ));
#8231 = CARTESIAN_POINT('',(-2.582543321035E-02,-5.722092822719,
    -2.490624998763));
#8232 = CARTESIAN_POINT('',(2.964054218984,-4.554264384915,
    -2.386458332971));
#8233 = CARTESIAN_POINT('',(4.334639147832,-2.277132192446,
    -2.282291666722));
#8234 = CARTESIAN_POINT('',(4.35000000072,2.771169709222E-12,
    -2.178125000059));
#8235 = CARTESIAN_POINT('',(4.150000000348,-6.542623326394E-14,-3.428125
    ));
#8236 = CARTESIAN_POINT('',(4.13534539352,2.172436459448,-3.323958333329
    ));
#8237 = CARTESIAN_POINT('',(2.827775863859,4.344872918877,
    -3.219791666284));
#8238 = CARTESIAN_POINT('',(-2.46380573679E-02,5.459008095168,
    -3.115624998755));
#8239 = CARTESIAN_POINT('',(-2.790162372246,4.344872918795,
    -3.011458331266));
#8240 = CARTESIAN_POINT('',(-5.509837626812,-1.410436593237E-10,
    -2.803124997129));
#8241 = CARTESIAN_POINT('',(-2.790162371995,-4.344872918998,
    -2.594791664608));
#8242 = CARTESIAN_POINT('',(-2.463805702266E-02,-5.459008095289,
    -2.490624998763));
#8243 = CARTESIAN_POINT('',(2.827775864234,-4.344872918916,
    -2.386458332931));
#8244 = CARTESIAN_POINT('',(4.135345393893,-2.172436459449,
    -2.282291666663));
#8245 = CARTESIAN_POINT('',(4.15000000072,-1.332002719468E-13,-2.178125)
  );
#8246 = DEFINITIONAL_REPRESENTATION('',(#8247),#8260);
#8247 = B_SPLINE_CURVE_WITH_KNOTS('',6,(#8248,#8249,#8250,#8251,#8252,
    #8253,#8254,#8255,#8256,#8257,#8258,#8259),.UNSPECIFIED.,.F.,.F.,(7,
    5,7),(0.,0.363295222283,1.),.UNSPECIFIED.);
#8248 = CARTESIAN_POINT('',(2.,0.400000142341));
#8249 = CARTESIAN_POINT('',(1.999894792404,0.393969344876));
#8250 = CARTESIAN_POINT('',(1.999804312566,0.387938550278));
#8251 = CARTESIAN_POINT('',(1.999735875945,0.381907651313));
#8252 = CARTESIAN_POINT('',(1.999692817806,0.375876560353));
#8253 = CARTESIAN_POINT('',(1.999674493215,0.369845209373));
#8254 = CARTESIAN_POINT('',(1.999679403355,0.35324257039));
#8255 = CARTESIAN_POINT('',(1.999744719866,0.342669995713));
#8256 = CARTESIAN_POINT('',(1.999851257055,0.332096903296));
#8257 = CARTESIAN_POINT('',(1.999948340089,0.321522647521));
#8258 = CARTESIAN_POINT('',(1.999999291536,0.310947005753));
#8259 = CARTESIAN_POINT('',(2.,0.300371846796));
#8260 = ( GEOMETRIC_REPRESENTATION_CONTEXT(2) 
PARAMETRIC_REPRESENTATION_CONTEXT() REPRESENTATION_CONTEXT('2D SPACE',''
  ) );
#8261 = ORIENTED_EDGE('',*,*,#8262,.F.);
#8262 = EDGE_CURVE('',#8263,#8190,#8265,.T.);
#8263 = VERTEX_POINT('',#8264);
#8264 = CARTESIAN_POINT('',(-3.35742265875,-2.439305862436,
    -2.678125171635));
#8265 = SURFACE_CURVE('',#8266,(#8292,#8343),.PCURVE_S1.);
#8266 = B_SPLINE_CURVE_WITH_KNOTS('',5,(#8267,#8268,#8269,#8270,#8271,
    #8272,#8273,#8274,#8275,#8276,#8277,#8278,#8279,#8280,#8281,#8282,
    #8283,#8284,#8285,#8286,#8287,#8288,#8289,#8290,#8291),
  .UNSPECIFIED.,.F.,.F.,(6,4,4,3,4,4,6),(0.,0.159972506298,
    0.499869126057,1.,1.187234974739,1.497067443259,1.999140451927),
  .UNSPECIFIED.);
#8267 = CARTESIAN_POINT('',(-3.357422658749,-2.439305862437,
    -2.678125171635));
#8268 = CARTESIAN_POINT('',(-3.406479918242,-2.371784213293,
    -2.682131567335));
#8269 = CARTESIAN_POINT('',(-3.453839742636,-2.303029331777,
    -2.686138462498));
#8270 = CARTESIAN_POINT('',(-3.499460762277,-2.233098169858,
    -2.690145726448));
#8271 = CARTESIAN_POINT('',(-3.543304569215,-2.162049606529,
    -2.694153184581));
#8272 = CARTESIAN_POINT('',(-3.674640094909,-1.936741248835,
    -2.706675288992));
#8273 = CARTESIAN_POINT('',(-3.755761922299,-1.778767025762,
    -2.71519000184));
#8274 = CARTESIAN_POINT('',(-3.828360064019,-1.616607300451,
    -2.723702211418));
#8275 = CARTESIAN_POINT('',(-3.892159117695,-1.450877079877,
    -2.732209842047));
#8276 = CARTESIAN_POINT('',(-4.027568982188,-1.034056621262,
    -2.753220490017));
#8277 = CARTESIAN_POINT('',(-4.088686486725,-0.779547944935,
    -2.765716942086));
#8278 = CARTESIAN_POINT('',(-4.129632531306,-0.520758591316,
    -2.778196989952));
#8279 = CARTESIAN_POINT('',(-4.157721443374,-0.162121550157,
    -2.795335543905));
#8280 = CARTESIAN_POINT('',(-4.147072920582,0.196488916388,
    -2.812552475788));
#8281 = CARTESIAN_POINT('',(-4.141298213585,0.294059042206,
    -2.817245375588));
#8282 = CARTESIAN_POINT('',(-4.132656050269,0.391402874717,
    -2.821939415999));
#8283 = CARTESIAN_POINT('',(-4.102135767642,0.648931115283,
    -2.834400954328));
#8284 = CARTESIAN_POINT('',(-4.07529610828,0.80852825111,-2.842168378156
    ));
#8285 = CARTESIAN_POINT('',(-4.040701075595,0.966691049343,
    -2.849930020676));
#8286 = CARTESIAN_POINT('',(-3.998459642446,1.122920519762,
    -2.857685092639));
#8287 = CARTESIAN_POINT('',(-3.868143332206,1.525969270515,
    -2.877991249957));
#8288 = CARTESIAN_POINT('',(-3.76788918208,1.768859910542,
    -2.890532911794));
#8289 = CARTESIAN_POINT('',(-3.648643097328,2.003311882246,
    -2.903061622925));
#8290 = CARTESIAN_POINT('',(-3.51139106658,2.227386130922,
    -2.915591032718));
#8291 = CARTESIAN_POINT('',(-3.357422708717,2.439305793662,
    -2.92812481984));
#8292 = PCURVE('',#7784,#8293);
#8293 = DEFINITIONAL_REPRESENTATION('',(#8294),#8342);
#8294 = B_SPLINE_CURVE_WITH_KNOTS('',3,(#8295,#8296,#8297,#8298,#8299,
    #8300,#8301,#8302,#8303,#8304,#8305,#8306,#8307,#8308,#8309,#8310,
    #8311,#8312,#8313,#8314,#8315,#8316,#8317,#8318,#8319,#8320,#8321,
    #8322,#8323,#8324,#8325,#8326,#8327,#8328,#8329,#8330,#8331,#8332,
    #8333,#8334,#8335,#8336,#8337,#8338,#8339,#8340,#8341),
  .UNSPECIFIED.,.F.,.F.,(4,1,1,1,1,1,1,1,1,1,1,1,1,1,1,1,1,1,1,1,1,1,1,1
    ,1,1,1,1,1,1,1,1,1,1,1,1,1,1,1,1,1,1,1,1,4),(0.,4.543501027107E-02,
    9.087002054214E-02,0.136305030813,0.181740041084,0.227175051355,
    0.272610061626,0.318045071898,0.363480082169,0.40891509244,
    0.454350102711,0.499785112982,0.545220123253,0.590655133524,
    0.636090143795,0.681525154066,0.726960164337,0.772395174608,
    0.817830184879,0.86326519515,0.908700205421,0.954135215693,
    0.999570225964,1.045005236235,1.090440246506,1.135875256777,
    1.181310267048,1.226745277319,1.27218028759,1.317615297861,
    1.363050308132,1.408485318403,1.453920328674,1.499355338945,
    1.544790349216,1.590225359488,1.635660369759,1.68109538003,
    1.726530390301,1.771965400572,1.817400410843,1.862835421114,
    1.908270431385,1.953705441656,1.999140451927),
  .QUASI_UNIFORM_KNOTS.);
#8295 = CARTESIAN_POINT('',(3.769910310251,5.421874828365));
#8296 = CARTESIAN_POINT('',(3.760390438487,5.419978352947));
#8297 = CARTESIAN_POINT('',(3.741350701537,5.416185122645));
#8298 = CARTESIAN_POINT('',(3.712791110535,5.410494673367));
#8299 = CARTESIAN_POINT('',(3.684231526347,5.404803840868));
#8300 = CARTESIAN_POINT('',(3.655671949406,5.399112894639));
#8301 = CARTESIAN_POINT('',(3.627112307925,5.393422097346));
#8302 = CARTESIAN_POINT('',(3.598552668778,5.387731809056));
#8303 = CARTESIAN_POINT('',(3.56999303023,5.382042355572));
#8304 = CARTESIAN_POINT('',(3.541433372337,5.376354048671));
#8305 = CARTESIAN_POINT('',(3.512873674372,5.370667182487));
#8306 = CARTESIAN_POINT('',(3.484313909114,5.364982027753));
#8307 = CARTESIAN_POINT('',(3.455754162979,5.359298858451));
#8308 = CARTESIAN_POINT('',(3.427194274877,5.353617850963));
#8309 = CARTESIAN_POINT('',(3.398634184478,5.347939062094));
#8310 = CARTESIAN_POINT('',(3.370074062709,5.342262521677));
#8311 = CARTESIAN_POINT('',(3.341513941917,5.336588103328));
#8312 = CARTESIAN_POINT('',(3.312953835058,5.330915526243));
#8313 = CARTESIAN_POINT('',(3.284393724606,5.32524432186));
#8314 = CARTESIAN_POINT('',(3.255833586874,5.319573810018));
#8315 = CARTESIAN_POINT('',(3.227273407139,5.313903072271));
#8316 = CARTESIAN_POINT('',(3.198713197193,5.308230927074));
#8317 = CARTESIAN_POINT('',(3.170153012249,5.302555900343));
#8318 = CARTESIAN_POINT('',(3.141592966713,5.296876212623));
#8319 = CARTESIAN_POINT('',(3.113033252719,5.291189704467));
#8320 = CARTESIAN_POINT('',(3.084473682654,5.285498521541));
#8321 = CARTESIAN_POINT('',(3.055914156078,5.279804527896));
#8322 = CARTESIAN_POINT('',(3.027354646468,5.274109258237));
#8323 = CARTESIAN_POINT('',(2.998795121538,5.268413921485));
#8324 = CARTESIAN_POINT('',(2.970235551115,5.26271948585));
#8325 = CARTESIAN_POINT('',(2.941675960725,5.257026680297));
#8326 = CARTESIAN_POINT('',(2.913116327983,5.251336014655));
#8327 = CARTESIAN_POINT('',(2.884556637525,5.245647811812));
#8328 = CARTESIAN_POINT('',(2.855996861381,5.239962231155));
#8329 = CARTESIAN_POINT('',(2.827437084288,5.234279314946));
#8330 = CARTESIAN_POINT('',(2.798877120881,5.228598951235));
#8331 = CARTESIAN_POINT('',(2.770316973886,5.222920952555));
#8332 = CARTESIAN_POINT('',(2.741756794613,5.217245094947));
#8333 = CARTESIAN_POINT('',(2.713196617361,5.211571086167));
#8334 = CARTESIAN_POINT('',(2.6846364509,5.205898593734));
#8335 = CARTESIAN_POINT('',(2.656076274866,5.200227256899));
#8336 = CARTESIAN_POINT('',(2.627516062255,5.194556703096));
#8337 = CARTESIAN_POINT('',(2.598955794337,5.188886562533));
#8338 = CARTESIAN_POINT('',(2.570395480355,5.183216485743));
#8339 = CARTESIAN_POINT('',(2.541835165065,5.177546151171));
#8340 = CARTESIAN_POINT('',(2.522795040609,5.173765590145));
#8341 = CARTESIAN_POINT('',(2.513275017413,5.17187518016));
#8342 = ( GEOMETRIC_REPRESENTATION_CONTEXT(2) 
PARAMETRIC_REPRESENTATION_CONTEXT() REPRESENTATION_CONTEXT('2D SPACE',''
  ) );
#8343 = PCURVE('',#8035,#8344);
#8344 = DEFINITIONAL_REPRESENTATION('',(#8345),#8393);
#8345 = B_SPLINE_CURVE_WITH_KNOTS('',3,(#8346,#8347,#8348,#8349,#8350,
    #8351,#8352,#8353,#8354,#8355,#8356,#8357,#8358,#8359,#8360,#8361,
    #8362,#8363,#8364,#8365,#8366,#8367,#8368,#8369,#8370,#8371,#8372,
    #8373,#8374,#8375,#8376,#8377,#8378,#8379,#8380,#8381,#8382,#8383,
    #8384,#8385,#8386,#8387,#8388,#8389,#8390,#8391,#8392),
  .UNSPECIFIED.,.F.,.F.,(4,1,1,1,1,1,1,1,1,1,1,1,1,1,1,1,1,1,1,1,1,1,1,1
    ,1,1,1,1,1,1,1,1,1,1,1,1,1,1,1,1,1,1,1,1,4),(0.,4.543501027107E-02,
    9.087002054214E-02,0.136305030813,0.181740041084,0.227175051355,
    0.272610061626,0.318045071898,0.363480082169,0.40891509244,
    0.454350102711,0.499785112982,0.545220123253,0.590655133524,
    0.636090143795,0.681525154066,0.726960164337,0.772395174608,
    0.817830184879,0.86326519515,0.908700205421,0.954135215693,
    0.999570225964,1.045005236235,1.090440246506,1.135875256777,
    1.181310267048,1.226745277319,1.27218028759,1.317615297861,
    1.363050308132,1.408485318403,1.453920328674,1.499355338945,
    1.544790349216,1.590225359488,1.635660369759,1.68109538003,
    1.726530390301,1.771965400572,1.817400410843,1.862835421114,
    1.908270431385,1.953705441656,1.999140451927),
  .QUASI_UNIFORM_KNOTS.);
#8346 = CARTESIAN_POINT('',(2.,0.599999860908));
#8347 = CARTESIAN_POINT('',(2.000007803626,0.598485119199));
#8348 = CARTESIAN_POINT('',(2.000024122896,0.595455634727));
#8349 = CARTESIAN_POINT('',(2.000050059374,0.590911380437));
#8350 = CARTESIAN_POINT('',(2.000076808085,0.586367073399));
#8351 = CARTESIAN_POINT('',(2.00010360767,0.581822691037));
#8352 = CARTESIAN_POINT('',(2.000129653374,0.577278200757));
#8353 = CARTESIAN_POINT('',(2.000154039729,0.572733594151));
#8354 = CARTESIAN_POINT('',(2.000175893164,0.56818885438));
#8355 = CARTESIAN_POINT('',(2.000194350294,0.563643964624));
#8356 = CARTESIAN_POINT('',(2.000208581686,0.559098911226));
#8357 = CARTESIAN_POINT('',(2.000217831426,0.554553683097));
#8358 = CARTESIAN_POINT('',(2.000221443107,0.550008291088));
#8359 = CARTESIAN_POINT('',(2.000219019099,0.545462710693));
#8360 = CARTESIAN_POINT('',(2.00021027309,0.540916937221));
#8361 = CARTESIAN_POINT('',(2.000195210232,0.53637100671));
#8362 = CARTESIAN_POINT('',(2.000174237538,0.531824936791));
#8363 = CARTESIAN_POINT('',(2.000148171935,0.527278745214));
#8364 = CARTESIAN_POINT('',(2.000118292271,0.522732447482));
#8365 = CARTESIAN_POINT('',(2.000086395818,0.518186059944));
#8366 = CARTESIAN_POINT('',(2.000054869883,0.513639601219));
#8367 = CARTESIAN_POINT('',(2.00002677385,0.509093093832));
#8368 = CARTESIAN_POINT('',(2.000005937552,0.504546565397));
#8369 = CARTESIAN_POINT('',(1.999997053974,0.500000049837));
#8370 = CARTESIAN_POINT('',(2.00000584478,0.495453587087));
#8371 = CARTESIAN_POINT('',(2.000026687656,0.490907156539));
#8372 = CARTESIAN_POINT('',(2.000054832239,0.486360757907));
#8373 = CARTESIAN_POINT('',(2.000086404754,0.481814405822));
#8374 = CARTESIAN_POINT('',(2.000118340699,0.477268115803));
#8375 = CARTESIAN_POINT('',(2.000148218348,0.472721904029));
#8376 = CARTESIAN_POINT('',(2.000174244986,0.468175794678));
#8377 = CARTESIAN_POINT('',(2.000195173922,0.463629802465));
#8378 = CARTESIAN_POINT('',(2.000210219508,0.459083940602));
#8379 = CARTESIAN_POINT('',(2.000218995764,0.4545382171));
#8380 = CARTESIAN_POINT('',(2.000221442284,0.449992654287));
#8381 = CARTESIAN_POINT('',(2.000217859415,0.445447227734));
#8382 = CARTESIAN_POINT('',(2.000208641883,0.440901938854));
#8383 = CARTESIAN_POINT('',(2.000194393517,0.436356808792));
#8384 = CARTESIAN_POINT('',(2.000175889886,0.431811836297));
#8385 = CARTESIAN_POINT('',(2.000153994116,0.427267012455));
#8386 = CARTESIAN_POINT('',(2.000129603028,0.422722320408));
#8387 = CARTESIAN_POINT('',(2.000103602961,0.418177739286));
#8388 = CARTESIAN_POINT('',(2.00007684114,0.413633247007));
#8389 = CARTESIAN_POINT('',(2.000050109688,0.409088823862));
#8390 = CARTESIAN_POINT('',(2.000024147357,0.4045444543));
#8391 = CARTESIAN_POINT('',(2.00000780947,0.401514908151));
#8392 = CARTESIAN_POINT('',(2.,0.400000142341));
#8393 = ( GEOMETRIC_REPRESENTATION_CONTEXT(2) 
PARAMETRIC_REPRESENTATION_CONTEXT() REPRESENTATION_CONTEXT('2D SPACE',''
  ) );
#8394 = ORIENTED_EDGE('',*,*,#8395,.T.);
#8395 = EDGE_CURVE('',#8263,#8396,#8398,.T.);
#8396 = VERTEX_POINT('',#8397);
#8397 = CARTESIAN_POINT('',(-1.291762219984,-3.943837010707,
    -2.553596182916));
#8398 = SURFACE_CURVE('',#8399,(#8412,#8428),.PCURVE_S1.);
#8399 = B_SPLINE_CURVE_WITH_KNOTS('',6,(#8400,#8401,#8402,#8403,#8404,
    #8405,#8406,#8407,#8408,#8409,#8410,#8411),.UNSPECIFIED.,.F.,.F.,(7,
    5,7),(0.,0.36331350602,1.),.UNSPECIFIED.);
#8400 = CARTESIAN_POINT('',(-3.357422658749,-2.439305862438,
    -2.678125171635));
#8401 = CARTESIAN_POINT('',(-3.264967081124,-2.566560281829,
    -2.670586681523));
#8402 = CARTESIAN_POINT('',(-3.166722946285,-2.689610357251,
    -2.663048194996));
#8403 = CARTESIAN_POINT('',(-3.062930758677,-2.808125250899,
    -2.655509578012));
#8404 = CARTESIAN_POINT('',(-2.953853781349,-2.921794978586,
    -2.647970721036));
#8405 = CARTESIAN_POINT('',(-2.839778035956,-3.030330409743,
    -2.640431539039));
#8406 = CARTESIAN_POINT('',(-2.512882032286,-3.3141978024,
    -2.619679303241));
#8407 = CARTESIAN_POINT('',(-2.290333955845,-3.478353602878,
    -2.606464641632));
#8408 = CARTESIAN_POINT('',(-2.055044865649,-3.624468417145,
    -2.593249332752));
#8409 = CARTESIAN_POINT('',(-1.808851231154,-3.751350442705,
    -2.580032569867));
#8410 = CARTESIAN_POINT('',(-1.553718560868,-3.85803597392,
    -2.566814074838));
#8411 = CARTESIAN_POINT('',(-1.291762219984,-3.943837010707,
    -2.553596182916));
#8412 = PCURVE('',#7784,#8413);
#8413 = DEFINITIONAL_REPRESENTATION('',(#8414),#8427);
#8414 = B_SPLINE_CURVE_WITH_KNOTS('',6,(#8415,#8416,#8417,#8418,#8419,
    #8420,#8421,#8422,#8423,#8424,#8425,#8426),.UNSPECIFIED.,.F.,.F.,(7,
    5,7),(0.,0.36331350602,1.),.UNSPECIFIED.);
#8415 = CARTESIAN_POINT('',(3.769910310251,5.421874828365));
#8416 = CARTESIAN_POINT('',(3.807812723002,5.429413318477));
#8417 = CARTESIAN_POINT('',(3.845715216525,5.436951805004));
#8418 = CARTESIAN_POINT('',(3.883617749944,5.444490421988));
#8419 = CARTESIAN_POINT('',(3.921520280164,5.452029278964));
#8420 = CARTESIAN_POINT('',(3.95942276187,5.459568460961));
#8421 = CARTESIAN_POINT('',(4.06374694753,5.480320696759));
#8422 = CARTESIAN_POINT('',(4.130172584993,5.493535358368));
#8423 = CARTESIAN_POINT('',(4.196593692779,5.506750667248));
#8424 = CARTESIAN_POINT('',(4.263014742553,5.519967430133));
#8425 = CARTESIAN_POINT('',(4.329440254105,5.533185925162));
#8426 = CARTESIAN_POINT('',(4.395861949568,5.546403817084));
#8427 = ( GEOMETRIC_REPRESENTATION_CONTEXT(2) 
PARAMETRIC_REPRESENTATION_CONTEXT() REPRESENTATION_CONTEXT('2D SPACE',''
  ) );
#8428 = PCURVE('',#8429,#8452);
#8429 = ( BOUNDED_SURFACE() B_SPLINE_SURFACE(1,6,(
    (#8430,#8431,#8432,#8433,#8434,#8435,#8436,#8437,#8438,#8439,#8440)
    ,(#8441,#8442,#8443,#8444,#8445,#8446,#8447,#8448,#8449,#8450,#8451
)),.UNSPECIFIED.,.F.,.F.,.F.) B_SPLINE_SURFACE_WITH_KNOTS((2,2),(7,4,7),
(1.,2.),(0.,0.5,1.),.UNSPECIFIED.) GEOMETRIC_REPRESENTATION_ITEM() 
RATIONAL_B_SPLINE_SURFACE((
    (1.,1.,1.,1.,1.,1.,1.,1.,1.,1.,1.)
,(1.,1.,1.,1.,1.,1.,1.,1.,1.,1.,1.
  ))) REPRESENTATION_ITEM('') SURFACE() );
#8430 = CARTESIAN_POINT('',(4.350000000348,2.801768822108E-12,
    -3.428125000059));
#8431 = CARTESIAN_POINT('',(4.334639147456,2.277132192451,
    -3.323958333388));
#8432 = CARTESIAN_POINT('',(2.964054218603,4.554264384879,
    -3.219791666324));
#8433 = CARTESIAN_POINT('',(-2.58254335632E-02,5.722092822597,
    -3.115624998755));
#8434 = CARTESIAN_POINT('',(-2.92462802877,4.554264384793,
    -3.011458331226));
#8435 = CARTESIAN_POINT('',(-5.775371970291,-1.450611729012E-10,
    -2.80312499705));
#8436 = CARTESIAN_POINT('',(-2.924628028513,-4.554264385,-2.594791664568
    ));
#8437 = CARTESIAN_POINT('',(-2.582543321035E-02,-5.722092822719,
    -2.490624998763));
#8438 = CARTESIAN_POINT('',(2.964054218984,-4.554264384915,
    -2.386458332971));
#8439 = CARTESIAN_POINT('',(4.334639147832,-2.277132192446,
    -2.282291666722));
#8440 = CARTESIAN_POINT('',(4.35000000072,2.771169709222E-12,
    -2.178125000059));
#8441 = CARTESIAN_POINT('',(4.150000000348,-6.542623326394E-14,-3.428125
    ));
#8442 = CARTESIAN_POINT('',(4.13534539352,2.172436459448,-3.323958333329
    ));
#8443 = CARTESIAN_POINT('',(2.827775863859,4.344872918877,
    -3.219791666284));
#8444 = CARTESIAN_POINT('',(-2.46380573679E-02,5.459008095168,
    -3.115624998755));
#8445 = CARTESIAN_POINT('',(-2.790162372246,4.344872918795,
    -3.011458331266));
#8446 = CARTESIAN_POINT('',(-5.509837626812,-1.410436593237E-10,
    -2.803124997129));
#8447 = CARTESIAN_POINT('',(-2.790162371995,-4.344872918998,
    -2.594791664608));
#8448 = CARTESIAN_POINT('',(-2.463805702266E-02,-5.459008095289,
    -2.490624998763));
#8449 = CARTESIAN_POINT('',(2.827775864234,-4.344872918916,
    -2.386458332931));
#8450 = CARTESIAN_POINT('',(4.135345393893,-2.172436459449,
    -2.282291666663));
#8451 = CARTESIAN_POINT('',(4.15000000072,-1.332002719468E-13,-2.178125)
  );
#8452 = DEFINITIONAL_REPRESENTATION('',(#8453),#8466);
#8453 = B_SPLINE_CURVE_WITH_KNOTS('',6,(#8454,#8455,#8456,#8457,#8458,
    #8459,#8460,#8461,#8462,#8463,#8464,#8465),.UNSPECIFIED.,.F.,.F.,(7,
    5,7),(0.,0.36331350602,1.),.UNSPECIFIED.);
#8454 = CARTESIAN_POINT('',(2.,0.599999860908));
#8455 = CARTESIAN_POINT('',(1.999894792513,0.60603065302));
#8456 = CARTESIAN_POINT('',(1.99980431276,0.612061442266));
#8457 = CARTESIAN_POINT('',(1.999735876183,0.618092335877));
#8458 = CARTESIAN_POINT('',(1.999692818039,0.624123421484));
#8459 = CARTESIAN_POINT('',(1.999674493402,0.630154767109));
#8460 = CARTESIAN_POINT('',(1.999679403108,0.646756555825));
#8461 = CARTESIAN_POINT('',(1.999744709394,0.657328285165));
#8462 = CARTESIAN_POINT('',(1.999851231347,0.667900532325));
#8463 = CARTESIAN_POINT('',(1.999948309181,0.678473942691));
#8464 = CARTESIAN_POINT('',(1.999999271313,0.689048738775));
#8465 = CARTESIAN_POINT('',(2.,0.699623052374));
#8466 = ( GEOMETRIC_REPRESENTATION_CONTEXT(2) 
PARAMETRIC_REPRESENTATION_CONTEXT() REPRESENTATION_CONTEXT('2D SPACE',''
  ) );
#8467 = ORIENTED_EDGE('',*,*,#8468,.T.);
#8468 = EDGE_CURVE('',#8396,#8469,#8471,.T.);
#8469 = VERTEX_POINT('',#8470);
#8470 = CARTESIAN_POINT('',(-1.282669124376,-3.946803759677,
    -2.553137532703));
#8471 = SURFACE_CURVE('',#8472,(#8484,#8494),.PCURVE_S1.);
#8472 = ( BOUNDED_CURVE() B_SPLINE_CURVE(6,(#8473,#8474,#8475,#8476,
    #8477,#8478,#8479,#8480,#8481,#8482,#8483),.UNSPECIFIED.,.F.,.F.) 
B_SPLINE_CURVE_WITH_KNOTS((7,4,7),(0.,0.5,1.),.UNSPECIFIED.) CURVE() 
GEOMETRIC_REPRESENTATION_ITEM() RATIONAL_B_SPLINE_CURVE((1.,1.,1.,1.,1.,
1.,1.,1.,1.,1.,1.)) REPRESENTATION_ITEM('') );
#8473 = CARTESIAN_POINT('',(4.150000000348,-6.542623326394E-14,-3.428125
    ));
#8474 = CARTESIAN_POINT('',(4.13534539352,2.172436459448,-3.323958333329
    ));
#8475 = CARTESIAN_POINT('',(2.827775863859,4.344872918877,
    -3.219791666284));
#8476 = CARTESIAN_POINT('',(-2.46380573679E-02,5.459008095168,
    -3.115624998755));
#8477 = CARTESIAN_POINT('',(-2.790162372246,4.344872918795,
    -3.011458331266));
#8478 = CARTESIAN_POINT('',(-5.509837626812,-1.410436593237E-10,
    -2.803124997129));
#8479 = CARTESIAN_POINT('',(-2.790162371995,-4.344872918998,
    -2.594791664608));
#8480 = CARTESIAN_POINT('',(-2.463805702266E-02,-5.459008095289,
    -2.490624998763));
#8481 = CARTESIAN_POINT('',(2.827775864234,-4.344872918916,
    -2.386458332931));
#8482 = CARTESIAN_POINT('',(4.135345393893,-2.172436459449,
    -2.282291666663));
#8483 = CARTESIAN_POINT('',(4.15000000072,-1.332002719468E-13,-2.178125)
  );
#8484 = PCURVE('',#7784,#8485);
#8485 = DEFINITIONAL_REPRESENTATION('',(#8486),#8493);
#8486 = B_SPLINE_CURVE_WITH_KNOTS('',5,(#8487,#8488,#8489,#8490,#8491,
    #8492),.UNSPECIFIED.,.F.,.F.,(6,6),(0.699623052374,0.699989972547),
  .PIECEWISE_BEZIER_KNOTS.);
#8487 = CARTESIAN_POINT('',(4.395861949568,5.546403817084));
#8488 = CARTESIAN_POINT('',(4.396322905445,5.546495547126));
#8489 = CARTESIAN_POINT('',(4.396783861282,5.546587277169));
#8490 = CARTESIAN_POINT('',(4.397244817081,5.546679007212));
#8491 = CARTESIAN_POINT('',(4.397705772844,5.546770737254));
#8492 = CARTESIAN_POINT('',(4.398166728572,5.546862467297));
#8493 = ( GEOMETRIC_REPRESENTATION_CONTEXT(2) 
PARAMETRIC_REPRESENTATION_CONTEXT() REPRESENTATION_CONTEXT('2D SPACE',''
  ) );
#8494 = PCURVE('',#8035,#8495);
#8495 = DEFINITIONAL_REPRESENTATION('',(#8496),#8500);
#8496 = LINE('',#8497,#8498);
#8497 = CARTESIAN_POINT('',(2.,0.));
#8498 = VECTOR('',#8499,1.);
#8499 = DIRECTION('',(0.,1.));
#8500 = ( GEOMETRIC_REPRESENTATION_CONTEXT(2) 
PARAMETRIC_REPRESENTATION_CONTEXT() REPRESENTATION_CONTEXT('2D SPACE',''
  ) );
#8501 = ORIENTED_EDGE('',*,*,#8502,.F.);
#8502 = EDGE_CURVE('',#8503,#8469,#8505,.T.);
#8503 = VERTEX_POINT('',#8504);
#8504 = CARTESIAN_POINT('',(1.28241939284,-3.946884911024,
    -2.428125056307));
#8505 = SURFACE_CURVE('',#8506,(#8521,#8539),.PCURVE_S1.);
#8506 = B_SPLINE_CURVE_WITH_KNOTS('',5,(#8507,#8508,#8509,#8510,#8511,
    #8512,#8513,#8514,#8515,#8516,#8517,#8518,#8519,#8520),
  .UNSPECIFIED.,.F.,.F.,(6,4,4,6),(0.,0.334902268261,0.694635937047,1.),
  .UNSPECIFIED.);
#8507 = CARTESIAN_POINT('',(1.282419392847,-3.946884911022,
    -2.428125056307));
#8508 = CARTESIAN_POINT('',(1.116298342607,-4.000860859444,
    -2.436495414441));
#8509 = CARTESIAN_POINT('',(0.947336589314,-4.046097194782,
    -2.444865993557));
#8510 = CARTESIAN_POINT('',(0.776149946601,-4.082393952877,
    -2.453236912421));
#8511 = CARTESIAN_POINT('',(0.603368962912,-4.109617432263,
    -2.46160852855));
#8512 = CARTESIAN_POINT('',(0.243025120215,-4.147124345379,
    -2.478973743183));
#8513 = CARTESIAN_POINT('',(5.531339443018E-02,-4.156002358836,
    -2.487967567263));
#8514 = CARTESIAN_POINT('',(-0.132698610674,-4.15425156621,
    -2.496962098055));
#8515 = CARTESIAN_POINT('',(-0.320212151464,-4.141879480383,
    -2.505957492465));
#8516 = CARTESIAN_POINT('',(-0.664503939678,-4.099548692037,
    -2.522589616033));
#8517 = CARTESIAN_POINT('',(-0.821645863703,-4.072530412999,
    -2.530226277127));
#8518 = CARTESIAN_POINT('',(-0.977369028928,-4.037989071998,
    -2.537863198774));
#8519 = CARTESIAN_POINT('',(-1.131196735674,-3.996030399801,
    -2.545500228441));
#8520 = CARTESIAN_POINT('',(-1.282662747874,-3.946805831963,
    -2.553137211197));
#8521 = PCURVE('',#7784,#8522);
#8522 = DEFINITIONAL_REPRESENTATION('',(#8523),#8538);
#8523 = B_SPLINE_CURVE_WITH_KNOTS('',5,(#8524,#8525,#8526,#8527,#8528,
    #8529,#8530,#8531,#8532,#8533,#8534,#8535,#8536,#8537),
  .UNSPECIFIED.,.F.,.F.,(6,4,4,6),(0.,0.334902268261,0.694635937047,1.),
  .UNSPECIFIED.);
#8524 = CARTESIAN_POINT('',(5.026547958477,5.671874943693));
#8525 = CARTESIAN_POINT('',(4.984458803615,5.663504585559));
#8526 = CARTESIAN_POINT('',(4.942369411241,5.655134006443));
#8527 = CARTESIAN_POINT('',(4.900280464838,5.646763087579));
#8528 = CARTESIAN_POINT('',(4.858191081915,5.63839147145));
#8529 = CARTESIAN_POINT('',(4.770892150585,5.621026256817));
#8530 = CARTESIAN_POINT('',(4.72568198187,5.612032432737));
#8531 = CARTESIAN_POINT('',(4.680472485492,5.603037901945));
#8532 = CARTESIAN_POINT('',(4.635262389755,5.594042507535));
#8533 = CARTESIAN_POINT('',(4.551675806758,5.577410383967));
#8534 = CARTESIAN_POINT('',(4.513298911958,5.569773722873));
#8535 = CARTESIAN_POINT('',(4.474922038991,5.562136801226));
#8536 = CARTESIAN_POINT('',(4.436545203508,5.554499771559));
#8537 = CARTESIAN_POINT('',(4.398168344182,5.546862788803));
#8538 = ( GEOMETRIC_REPRESENTATION_CONTEXT(2) 
PARAMETRIC_REPRESENTATION_CONTEXT() REPRESENTATION_CONTEXT('2D SPACE',''
  ) );
#8539 = PCURVE('',#8540,#8563);
#8540 = ( BOUNDED_SURFACE() B_SPLINE_SURFACE(1,6,(
    (#8541,#8542,#8543,#8544,#8545,#8546,#8547,#8548,#8549,#8550,#8551)
    ,(#8552,#8553,#8554,#8555,#8556,#8557,#8558,#8559,#8560,#8561,#8562
)),.UNSPECIFIED.,.F.,.F.,.F.) B_SPLINE_SURFACE_WITH_KNOTS((2,2),(7,4,7),
(1.,2.),(0.,0.5,1.),.UNSPECIFIED.) GEOMETRIC_REPRESENTATION_ITEM() 
RATIONAL_B_SPLINE_SURFACE((
    (1.,1.,1.,1.,1.,1.,1.,1.,1.,1.,1.)
,(1.,1.,1.,1.,1.,1.,1.,1.,1.,1.,1.
  ))) REPRESENTATION_ITEM('') SURFACE() );
#8541 = CARTESIAN_POINT('',(4.350000000348,2.801768822108E-12,
    -3.428125000059));
#8542 = CARTESIAN_POINT('',(4.334639147456,2.277132192451,
    -3.323958333388));
#8543 = CARTESIAN_POINT('',(2.964054218603,4.554264384879,
    -3.219791666324));
#8544 = CARTESIAN_POINT('',(-2.58254335632E-02,5.722092822597,
    -3.115624998755));
#8545 = CARTESIAN_POINT('',(-2.92462802877,4.554264384793,
    -3.011458331226));
#8546 = CARTESIAN_POINT('',(-5.775371970291,-1.450611729012E-10,
    -2.80312499705));
#8547 = CARTESIAN_POINT('',(-2.924628028513,-4.554264385,-2.594791664568
    ));
#8548 = CARTESIAN_POINT('',(-2.582543321035E-02,-5.722092822719,
    -2.490624998763));
#8549 = CARTESIAN_POINT('',(2.964054218984,-4.554264384915,
    -2.386458332971));
#8550 = CARTESIAN_POINT('',(4.334639147832,-2.277132192446,
    -2.282291666722));
#8551 = CARTESIAN_POINT('',(4.35000000072,2.771169709222E-12,
    -2.178125000059));
#8552 = CARTESIAN_POINT('',(4.150000000348,-6.542623326394E-14,-3.428125
    ));
#8553 = CARTESIAN_POINT('',(4.13534539352,2.172436459448,-3.323958333329
    ));
#8554 = CARTESIAN_POINT('',(2.827775863859,4.344872918877,
    -3.219791666284));
#8555 = CARTESIAN_POINT('',(-2.46380573679E-02,5.459008095168,
    -3.115624998755));
#8556 = CARTESIAN_POINT('',(-2.790162372246,4.344872918795,
    -3.011458331266));
#8557 = CARTESIAN_POINT('',(-5.509837626812,-1.410436593237E-10,
    -2.803124997129));
#8558 = CARTESIAN_POINT('',(-2.790162371995,-4.344872918998,
    -2.594791664608));
#8559 = CARTESIAN_POINT('',(-2.463805702266E-02,-5.459008095289,
    -2.490624998763));
#8560 = CARTESIAN_POINT('',(2.827775864234,-4.344872918916,
    -2.386458332931));
#8561 = CARTESIAN_POINT('',(4.135345393893,-2.172436459449,
    -2.282291666663));
#8562 = CARTESIAN_POINT('',(4.15000000072,-1.332002719468E-13,-2.178125)
  );
#8563 = DEFINITIONAL_REPRESENTATION('',(#8564),#8579);
#8564 = B_SPLINE_CURVE_WITH_KNOTS('',5,(#8565,#8566,#8567,#8568,#8569,
    #8570,#8571,#8572,#8573,#8574,#8575,#8576,#8577,#8578),
  .UNSPECIFIED.,.F.,.F.,(6,4,4,6),(0.,0.334902268261,0.694635937047,1.),
  .UNSPECIFIED.);
#8565 = CARTESIAN_POINT('',(2.,0.799999954272));
#8566 = CARTESIAN_POINT('',(1.999817567945,0.793303667725));
#8567 = CARTESIAN_POINT('',(1.999683093993,0.786607204393));
#8568 = CARTESIAN_POINT('',(1.999603660716,0.77991046926));
#8569 = CARTESIAN_POINT('',(1.99957194611,0.773213176317));
#8570 = CARTESIAN_POINT('',(1.999579630899,0.759321004525));
#8571 = CARTESIAN_POINT('',(1.999624519882,0.752125945216));
#8572 = CARTESIAN_POINT('',(1.999695046259,0.744930320538));
#8573 = CARTESIAN_POINT('',(1.999770393853,0.737734004966));
#8574 = CARTESIAN_POINT('',(1.999894258545,0.72442830603));
#8575 = CARTESIAN_POINT('',(1.999945173903,0.718318977117));
#8576 = CARTESIAN_POINT('',(1.999981572873,0.712209439763));
#8577 = CARTESIAN_POINT('',(1.999999578691,0.706099815993));
#8578 = CARTESIAN_POINT('',(2.,0.699990229752));
#8579 = ( GEOMETRIC_REPRESENTATION_CONTEXT(2) 
PARAMETRIC_REPRESENTATION_CONTEXT() REPRESENTATION_CONTEXT('2D SPACE',''
  ) );
#8580 = ORIENTED_EDGE('',*,*,#8581,.F.);
#8581 = EDGE_CURVE('',#8582,#8503,#8584,.T.);
#8582 = VERTEX_POINT('',#8583);
#8583 = CARTESIAN_POINT('',(3.357420851602,-2.439308349764,
    -2.303124973266));
#8584 = SURFACE_CURVE('',#8585,(#8593,#8604),.PCURVE_S1.);
#8585 = B_SPLINE_CURVE_WITH_KNOTS('',6,(#8586,#8587,#8588,#8589,#8590,
    #8591,#8592),.UNSPECIFIED.,.F.,.F.,(7,7),(0.,1.),
  .PIECEWISE_BEZIER_KNOTS.);
#8586 = CARTESIAN_POINT('',(3.357420851601,-2.439308349765,
    -2.303124973266));
#8587 = CARTESIAN_POINT('',(3.1020153771,-2.790843925735,-2.324206618717
    ));
#8588 = CARTESIAN_POINT('',(2.802340701012,-3.110426646844,
    -2.345138863201));
#8589 = CARTESIAN_POINT('',(2.463583592919,-3.390789318405,
    -2.365890842787));
#8590 = CARTESIAN_POINT('',(2.092261669261,-3.626338056362,
    -2.386608333056));
#8591 = CARTESIAN_POINT('',(1.695701818523,-3.812601442068,
    -2.407353360411));
#8592 = CARTESIAN_POINT('',(1.282419392851,-3.94688491102,
    -2.428125056307));
#8593 = PCURVE('',#7784,#8594);
#8594 = DEFINITIONAL_REPRESENTATION('',(#8595),#8603);
#8595 = B_SPLINE_CURVE_WITH_KNOTS('',6,(#8596,#8597,#8598,#8599,#8600,
    #8601,#8602),.UNSPECIFIED.,.F.,.F.,(7,7),(0.,1.),
  .PIECEWISE_BEZIER_KNOTS.);
#8596 = CARTESIAN_POINT('',(5.654866909674,5.796875026734));
#8597 = CARTESIAN_POINT('',(5.550162855131,5.775793381283));
#8598 = CARTESIAN_POINT('',(5.445418594921,5.754861136799));
#8599 = CARTESIAN_POINT('',(5.340713445203,5.734109157213));
#8600 = CARTESIAN_POINT('',(5.236007402417,5.713391666944));
#8601 = CARTESIAN_POINT('',(5.131258998954,5.692646639589));
#8602 = CARTESIAN_POINT('',(5.026547958478,5.671874943693));
#8603 = ( GEOMETRIC_REPRESENTATION_CONTEXT(2) 
PARAMETRIC_REPRESENTATION_CONTEXT() REPRESENTATION_CONTEXT('2D SPACE',''
  ) );
#8604 = PCURVE('',#8035,#8605);
#8605 = DEFINITIONAL_REPRESENTATION('',(#8606),#8614);
#8606 = B_SPLINE_CURVE_WITH_KNOTS('',6,(#8607,#8608,#8609,#8610,#8611,
    #8612,#8613),.UNSPECIFIED.,.F.,.F.,(7,7),(0.,1.),
  .PIECEWISE_BEZIER_KNOTS.);
#8607 = CARTESIAN_POINT('',(2.,0.900000021197));
#8608 = CARTESIAN_POINT('',(2.000615213935,0.883326959131));
#8609 = CARTESIAN_POINT('',(2.000831334203,0.866648701055));
#8610 = CARTESIAN_POINT('',(2.000626183377,0.849983007673));
#8611 = CARTESIAN_POINT('',(2.000353094826,0.833323675197));
#8612 = CARTESIAN_POINT('',(2.000134162998,0.816659237023));
#8613 = CARTESIAN_POINT('',(2.,0.799999954272));
#8614 = ( GEOMETRIC_REPRESENTATION_CONTEXT(2) 
PARAMETRIC_REPRESENTATION_CONTEXT() REPRESENTATION_CONTEXT('2D SPACE',''
  ) );
#8615 = ORIENTED_EDGE('',*,*,#8616,.F.);
#8616 = EDGE_CURVE('',#7800,#8582,#8617,.T.);
#8617 = SURFACE_CURVE('',#8618,(#8631,#8647),.PCURVE_S1.);
#8618 = B_SPLINE_CURVE_WITH_KNOTS('',6,(#8619,#8620,#8621,#8622,#8623,
    #8624,#8625,#8626,#8627,#8628,#8629,#8630),.UNSPECIFIED.,.F.,.F.,(7,
    5,7),(0.,0.656839245813,1.),.UNSPECIFIED.);
#8619 = CARTESIAN_POINT('',(4.15000000072,-1.341149413747E-13,-2.178125)
  );
#8620 = CARTESIAN_POINT('',(4.15000000072,-0.28532593306,-2.191806160262
    ));
#8621 = CARTESIAN_POINT('',(4.126459372745,-0.570817521127,
    -2.205480025876));
#8622 = CARTESIAN_POINT('',(4.079327801813,-0.85387978136,
    -2.219155562517));
#8623 = CARTESIAN_POINT('',(4.008976208551,-1.132051508934,
    -2.232835469448));
#8624 = CARTESIAN_POINT('',(3.916069686911,-1.402991858377,
    -2.246520006205));
#8625 = CARTESIAN_POINT('',(3.741760728993,-1.801102015964,
    -2.267359531725));
#8626 = CARTESIAN_POINT('',(3.676053034796,-1.935138867142,
    -2.274511807903));
#8627 = CARTESIAN_POINT('',(3.60459310355,-2.066278456414,
    -2.281664763326));
#8628 = CARTESIAN_POINT('',(3.527542149502,-2.194214181469,
    -2.288818134906));
#8629 = CARTESIAN_POINT('',(3.445083148929,-2.318651514816,
    -2.295971647159));
#8630 = CARTESIAN_POINT('',(3.357420851602,-2.439308349764,
    -2.303124973266));
#8631 = PCURVE('',#7784,#8632);
#8632 = DEFINITIONAL_REPRESENTATION('',(#8633),#8646);
#8633 = B_SPLINE_CURVE_WITH_KNOTS('',6,(#8634,#8635,#8636,#8637,#8638,
    #8639,#8640,#8641,#8642,#8643,#8644,#8645),.UNSPECIFIED.,.F.,.F.,(7,
    5,7),(0.,0.656839245813,1.),.UNSPECIFIED.);
#8634 = CARTESIAN_POINT('',(6.28318530718,5.921875));
#8635 = CARTESIAN_POINT('',(6.214432070298,5.908193839738));
#8636 = CARTESIAN_POINT('',(6.145638965306,5.894519974124));
#8637 = CARTESIAN_POINT('',(6.076845951792,5.880844437483));
#8638 = CARTESIAN_POINT('',(6.008058946149,5.867164530552));
#8639 = CARTESIAN_POINT('',(5.939274435621,5.853479993795));
#8640 = CARTESIAN_POINT('',(5.834552056816,5.832640468275));
#8641 = CARTESIAN_POINT('',(5.798615291433,5.825488192097));
#8642 = CARTESIAN_POINT('',(5.762678581481,5.818335236674));
#8643 = CARTESIAN_POINT('',(5.726741641854,5.811181865094));
#8644 = CARTESIAN_POINT('',(5.690804267629,5.804028352841));
#8645 = CARTESIAN_POINT('',(5.654866909674,5.796875026734));
#8646 = ( GEOMETRIC_REPRESENTATION_CONTEXT(2) 
PARAMETRIC_REPRESENTATION_CONTEXT() REPRESENTATION_CONTEXT('2D SPACE',''
  ) );
#8647 = PCURVE('',#8648,#8671);
#8648 = ( BOUNDED_SURFACE() B_SPLINE_SURFACE(1,6,(
    (#8649,#8650,#8651,#8652,#8653,#8654,#8655,#8656,#8657,#8658,#8659)
    ,(#8660,#8661,#8662,#8663,#8664,#8665,#8666,#8667,#8668,#8669,#8670
)),.UNSPECIFIED.,.F.,.F.,.F.) B_SPLINE_SURFACE_WITH_KNOTS((2,2),(7,4,7),
(1.,2.),(0.,0.5,1.),.UNSPECIFIED.) GEOMETRIC_REPRESENTATION_ITEM() 
RATIONAL_B_SPLINE_SURFACE((
    (1.,1.,1.,1.,1.,1.,1.,1.,1.,1.,1.)
,(1.,1.,1.,1.,1.,1.,1.,1.,1.,1.,1.
  ))) REPRESENTATION_ITEM('') SURFACE() );
#8649 = CARTESIAN_POINT('',(4.350000000348,2.801768822108E-12,
    -3.428125000059));
#8650 = CARTESIAN_POINT('',(4.334639147456,2.277132192451,
    -3.323958333388));
#8651 = CARTESIAN_POINT('',(2.964054218603,4.554264384879,
    -3.219791666324));
#8652 = CARTESIAN_POINT('',(-2.58254335632E-02,5.722092822597,
    -3.115624998755));
#8653 = CARTESIAN_POINT('',(-2.92462802877,4.554264384793,
    -3.011458331226));
#8654 = CARTESIAN_POINT('',(-5.775371970291,-1.450611729012E-10,
    -2.80312499705));
#8655 = CARTESIAN_POINT('',(-2.924628028513,-4.554264385,-2.594791664568
    ));
#8656 = CARTESIAN_POINT('',(-2.582543321035E-02,-5.722092822719,
    -2.490624998763));
#8657 = CARTESIAN_POINT('',(2.964054218984,-4.554264384915,
    -2.386458332971));
#8658 = CARTESIAN_POINT('',(4.334639147832,-2.277132192446,
    -2.282291666722));
#8659 = CARTESIAN_POINT('',(4.35000000072,2.771169709222E-12,
    -2.178125000059));
#8660 = CARTESIAN_POINT('',(4.150000000348,-6.542623326394E-14,-3.428125
    ));
#8661 = CARTESIAN_POINT('',(4.13534539352,2.172436459448,-3.323958333329
    ));
#8662 = CARTESIAN_POINT('',(2.827775863859,4.344872918877,
    -3.219791666284));
#8663 = CARTESIAN_POINT('',(-2.46380573679E-02,5.459008095168,
    -3.115624998755));
#8664 = CARTESIAN_POINT('',(-2.790162372246,4.344872918795,
    -3.011458331266));
#8665 = CARTESIAN_POINT('',(-5.509837626812,-1.410436593237E-10,
    -2.803124997129));
#8666 = CARTESIAN_POINT('',(-2.790162371995,-4.344872918998,
    -2.594791664608));
#8667 = CARTESIAN_POINT('',(-2.463805702266E-02,-5.459008095289,
    -2.490624998763));
#8668 = CARTESIAN_POINT('',(2.827775864234,-4.344872918916,
    -2.386458332931));
#8669 = CARTESIAN_POINT('',(4.135345393893,-2.172436459449,
    -2.282291666663));
#8670 = CARTESIAN_POINT('',(4.15000000072,-1.332002719468E-13,-2.178125)
  );
#8671 = DEFINITIONAL_REPRESENTATION('',(#8672),#8685);
#8672 = B_SPLINE_CURVE_WITH_KNOTS('',6,(#8673,#8674,#8675,#8676,#8677,
    #8678,#8679,#8680,#8681,#8682,#8683,#8684),.UNSPECIFIED.,.F.,.F.,(7,
    5,7),(0.,0.656839245813,1.),.UNSPECIFIED.);
#8673 = CARTESIAN_POINT('',(2.,1.));
#8674 = CARTESIAN_POINT('',(1.99037638282,0.989055071791));
#8675 = CARTESIAN_POINT('',(1.986936581132,0.978115979294));
#8676 = CARTESIAN_POINT('',(1.987075351673,0.967175549969));
#8677 = CARTESIAN_POINT('',(1.98889450754,0.956231624408));
#8678 = CARTESIAN_POINT('',(1.991306849618,0.945283994979));
#8679 = CARTESIAN_POINT('',(1.994964944115,0.928612374522));
#8680 = CARTESIAN_POINT('',(1.996217805761,0.922890553563));
#8681 = CARTESIAN_POINT('',(1.997382843622,0.917168189208));
#8682 = CARTESIAN_POINT('',(1.998412255685,0.911445491926));
#8683 = CARTESIAN_POINT('',(1.999285669035,0.905722682104));
#8684 = CARTESIAN_POINT('',(2.,0.900000021197));
#8685 = ( GEOMETRIC_REPRESENTATION_CONTEXT(2) 
PARAMETRIC_REPRESENTATION_CONTEXT() REPRESENTATION_CONTEXT('2D SPACE',''
  ) );
#8686 = ORIENTED_EDGE('',*,*,#8687,.T.);
#8687 = EDGE_CURVE('',#7800,#8688,#8690,.T.);
#8688 = VERTEX_POINT('',#8689);
#8689 = CARTESIAN_POINT('',(4.15,-1.016456843292E-15,-2.1));
#8690 = SEAM_CURVE('',#8691,(#8695,#8702),.PCURVE_S1.);
#8691 = LINE('',#8692,#8693);
#8692 = CARTESIAN_POINT('',(4.15,-1.016456843292E-15,-8.1));
#8693 = VECTOR('',#8694,1.);
#8694 = DIRECTION('',(0.,0.,1.));
#8695 = PCURVE('',#7784,#8696);
#8696 = DEFINITIONAL_REPRESENTATION('',(#8697),#8701);
#8697 = LINE('',#8698,#8699);
#8698 = CARTESIAN_POINT('',(6.28318530718,-0.));
#8699 = VECTOR('',#8700,1.);
#8700 = DIRECTION('',(0.,1.));
#8701 = ( GEOMETRIC_REPRESENTATION_CONTEXT(2) 
PARAMETRIC_REPRESENTATION_CONTEXT() REPRESENTATION_CONTEXT('2D SPACE',''
  ) );
#8702 = PCURVE('',#7784,#8703);
#8703 = DEFINITIONAL_REPRESENTATION('',(#8704),#8708);
#8704 = LINE('',#8705,#8706);
#8705 = CARTESIAN_POINT('',(0.,-0.));
#8706 = VECTOR('',#8707,1.);
#8707 = DIRECTION('',(0.,1.));
#8708 = ( GEOMETRIC_REPRESENTATION_CONTEXT(2) 
PARAMETRIC_REPRESENTATION_CONTEXT() REPRESENTATION_CONTEXT('2D SPACE',''
  ) );
#8709 = ORIENTED_EDGE('',*,*,#8710,.F.);
#8710 = EDGE_CURVE('',#8688,#8688,#8711,.T.);
#8711 = SURFACE_CURVE('',#8712,(#8717,#8724),.PCURVE_S1.);
#8712 = CIRCLE('',#8713,4.15);
#8713 = AXIS2_PLACEMENT_3D('',#8714,#8715,#8716);
#8714 = CARTESIAN_POINT('',(0.,0.,-2.1));
#8715 = DIRECTION('',(0.,0.,1.));
#8716 = DIRECTION('',(1.,0.,-0.));
#8717 = PCURVE('',#7784,#8718);
#8718 = DEFINITIONAL_REPRESENTATION('',(#8719),#8723);
#8719 = LINE('',#8720,#8721);
#8720 = CARTESIAN_POINT('',(0.,6.));
#8721 = VECTOR('',#8722,1.);
#8722 = DIRECTION('',(1.,0.));
#8723 = ( GEOMETRIC_REPRESENTATION_CONTEXT(2) 
PARAMETRIC_REPRESENTATION_CONTEXT() REPRESENTATION_CONTEXT('2D SPACE',''
  ) );
#8724 = PCURVE('',#63,#8725);
#8725 = DEFINITIONAL_REPRESENTATION('',(#8726),#8730);
#8726 = CIRCLE('',#8727,4.15);
#8727 = AXIS2_PLACEMENT_2D('',#8728,#8729);
#8728 = CARTESIAN_POINT('',(0.,0.));
#8729 = DIRECTION('',(1.,0.));
#8730 = ( GEOMETRIC_REPRESENTATION_CONTEXT(2) 
PARAMETRIC_REPRESENTATION_CONTEXT() REPRESENTATION_CONTEXT('2D SPACE',''
  ) );
#8731 = ORIENTED_EDGE('',*,*,#8687,.F.);
#8732 = ADVANCED_FACE('',(#8733),#8648,.F.);
#8733 = FACE_BOUND('',#8734,.F.);
#8734 = EDGE_LOOP('',(#8735,#8764));
#8735 = ORIENTED_EDGE('',*,*,#8736,.T.);
#8736 = EDGE_CURVE('',#8582,#7800,#8737,.T.);
#8737 = SURFACE_CURVE('',#8738,(#8750,#8757),.PCURVE_S1.);
#8738 = ( BOUNDED_CURVE() B_SPLINE_CURVE(6,(#8739,#8740,#8741,#8742,
    #8743,#8744,#8745,#8746,#8747,#8748,#8749),.UNSPECIFIED.,.F.,.F.) 
B_SPLINE_CURVE_WITH_KNOTS((7,4,7),(0.,0.5,1.),.UNSPECIFIED.) CURVE() 
GEOMETRIC_REPRESENTATION_ITEM() RATIONAL_B_SPLINE_CURVE((1.,1.,1.,1.,1.,
1.,1.,1.,1.,1.,1.)) REPRESENTATION_ITEM('') );
#8739 = CARTESIAN_POINT('',(4.150000000348,-6.542623326394E-14,-3.428125
    ));
#8740 = CARTESIAN_POINT('',(4.13534539352,2.172436459448,-3.323958333329
    ));
#8741 = CARTESIAN_POINT('',(2.827775863859,4.344872918877,
    -3.219791666284));
#8742 = CARTESIAN_POINT('',(-2.46380573679E-02,5.459008095168,
    -3.115624998755));
#8743 = CARTESIAN_POINT('',(-2.790162372246,4.344872918795,
    -3.011458331266));
#8744 = CARTESIAN_POINT('',(-5.509837626812,-1.410436593237E-10,
    -2.803124997129));
#8745 = CARTESIAN_POINT('',(-2.790162371995,-4.344872918998,
    -2.594791664608));
#8746 = CARTESIAN_POINT('',(-2.463805702266E-02,-5.459008095289,
    -2.490624998763));
#8747 = CARTESIAN_POINT('',(2.827775864234,-4.344872918916,
    -2.386458332931));
#8748 = CARTESIAN_POINT('',(4.135345393893,-2.172436459449,
    -2.282291666663));
#8749 = CARTESIAN_POINT('',(4.15000000072,-1.332002719468E-13,-2.178125)
  );
#8750 = PCURVE('',#8648,#8751);
#8751 = DEFINITIONAL_REPRESENTATION('',(#8752),#8756);
#8752 = LINE('',#8753,#8754);
#8753 = CARTESIAN_POINT('',(2.,0.));
#8754 = VECTOR('',#8755,1.);
#8755 = DIRECTION('',(0.,1.));
#8756 = ( GEOMETRIC_REPRESENTATION_CONTEXT(2) 
PARAMETRIC_REPRESENTATION_CONTEXT() REPRESENTATION_CONTEXT('2D SPACE',''
  ) );
#8757 = PCURVE('',#8035,#8758);
#8758 = DEFINITIONAL_REPRESENTATION('',(#8759),#8763);
#8759 = LINE('',#8760,#8761);
#8760 = CARTESIAN_POINT('',(2.,0.));
#8761 = VECTOR('',#8762,1.);
#8762 = DIRECTION('',(0.,1.));
#8763 = ( GEOMETRIC_REPRESENTATION_CONTEXT(2) 
PARAMETRIC_REPRESENTATION_CONTEXT() REPRESENTATION_CONTEXT('2D SPACE',''
  ) );
#8764 = ORIENTED_EDGE('',*,*,#8616,.T.);
#8765 = ADVANCED_FACE('',(#8766),#8540,.F.);
#8766 = FACE_BOUND('',#8767,.F.);
#8767 = EDGE_LOOP('',(#8768,#8797));
#8768 = ORIENTED_EDGE('',*,*,#8769,.T.);
#8769 = EDGE_CURVE('',#8469,#8503,#8770,.T.);
#8770 = SURFACE_CURVE('',#8771,(#8783,#8790),.PCURVE_S1.);
#8771 = ( BOUNDED_CURVE() B_SPLINE_CURVE(6,(#8772,#8773,#8774,#8775,
    #8776,#8777,#8778,#8779,#8780,#8781,#8782),.UNSPECIFIED.,.F.,.F.) 
B_SPLINE_CURVE_WITH_KNOTS((7,4,7),(0.,0.5,1.),.UNSPECIFIED.) CURVE() 
GEOMETRIC_REPRESENTATION_ITEM() RATIONAL_B_SPLINE_CURVE((1.,1.,1.,1.,1.,
1.,1.,1.,1.,1.,1.)) REPRESENTATION_ITEM('') );
#8772 = CARTESIAN_POINT('',(4.150000000348,-6.542623326394E-14,-3.428125
    ));
#8773 = CARTESIAN_POINT('',(4.13534539352,2.172436459448,-3.323958333329
    ));
#8774 = CARTESIAN_POINT('',(2.827775863859,4.344872918877,
    -3.219791666284));
#8775 = CARTESIAN_POINT('',(-2.46380573679E-02,5.459008095168,
    -3.115624998755));
#8776 = CARTESIAN_POINT('',(-2.790162372246,4.344872918795,
    -3.011458331266));
#8777 = CARTESIAN_POINT('',(-5.509837626812,-1.410436593237E-10,
    -2.803124997129));
#8778 = CARTESIAN_POINT('',(-2.790162371995,-4.344872918998,
    -2.594791664608));
#8779 = CARTESIAN_POINT('',(-2.463805702266E-02,-5.459008095289,
    -2.490624998763));
#8780 = CARTESIAN_POINT('',(2.827775864234,-4.344872918916,
    -2.386458332931));
#8781 = CARTESIAN_POINT('',(4.135345393893,-2.172436459449,
    -2.282291666663));
#8782 = CARTESIAN_POINT('',(4.15000000072,-1.332002719468E-13,-2.178125)
  );
#8783 = PCURVE('',#8540,#8784);
#8784 = DEFINITIONAL_REPRESENTATION('',(#8785),#8789);
#8785 = LINE('',#8786,#8787);
#8786 = CARTESIAN_POINT('',(2.,0.));
#8787 = VECTOR('',#8788,1.);
#8788 = DIRECTION('',(0.,1.));
#8789 = ( GEOMETRIC_REPRESENTATION_CONTEXT(2) 
PARAMETRIC_REPRESENTATION_CONTEXT() REPRESENTATION_CONTEXT('2D SPACE',''
  ) );
#8790 = PCURVE('',#8035,#8791);
#8791 = DEFINITIONAL_REPRESENTATION('',(#8792),#8796);
#8792 = LINE('',#8793,#8794);
#8793 = CARTESIAN_POINT('',(2.,0.));
#8794 = VECTOR('',#8795,1.);
#8795 = DIRECTION('',(0.,1.));
#8796 = ( GEOMETRIC_REPRESENTATION_CONTEXT(2) 
PARAMETRIC_REPRESENTATION_CONTEXT() REPRESENTATION_CONTEXT('2D SPACE',''
  ) );
#8797 = ORIENTED_EDGE('',*,*,#8502,.T.);
#8798 = ADVANCED_FACE('',(#8799),#8429,.F.);
#8799 = FACE_BOUND('',#8800,.F.);
#8800 = EDGE_LOOP('',(#8801,#8830));
#8801 = ORIENTED_EDGE('',*,*,#8802,.T.);
#8802 = EDGE_CURVE('',#8263,#8396,#8803,.T.);
#8803 = SURFACE_CURVE('',#8804,(#8816,#8823),.PCURVE_S1.);
#8804 = ( BOUNDED_CURVE() B_SPLINE_CURVE(6,(#8805,#8806,#8807,#8808,
    #8809,#8810,#8811,#8812,#8813,#8814,#8815),.UNSPECIFIED.,.F.,.F.) 
B_SPLINE_CURVE_WITH_KNOTS((7,4,7),(0.,0.5,1.),.UNSPECIFIED.) CURVE() 
GEOMETRIC_REPRESENTATION_ITEM() RATIONAL_B_SPLINE_CURVE((1.,1.,1.,1.,1.,
1.,1.,1.,1.,1.,1.)) REPRESENTATION_ITEM('') );
#8805 = CARTESIAN_POINT('',(4.150000000348,-6.542623326394E-14,-3.428125
    ));
#8806 = CARTESIAN_POINT('',(4.13534539352,2.172436459448,-3.323958333329
    ));
#8807 = CARTESIAN_POINT('',(2.827775863859,4.344872918877,
    -3.219791666284));
#8808 = CARTESIAN_POINT('',(-2.46380573679E-02,5.459008095168,
    -3.115624998755));
#8809 = CARTESIAN_POINT('',(-2.790162372246,4.344872918795,
    -3.011458331266));
#8810 = CARTESIAN_POINT('',(-5.509837626812,-1.410436593237E-10,
    -2.803124997129));
#8811 = CARTESIAN_POINT('',(-2.790162371995,-4.344872918998,
    -2.594791664608));
#8812 = CARTESIAN_POINT('',(-2.463805702266E-02,-5.459008095289,
    -2.490624998763));
#8813 = CARTESIAN_POINT('',(2.827775864234,-4.344872918916,
    -2.386458332931));
#8814 = CARTESIAN_POINT('',(4.135345393893,-2.172436459449,
    -2.282291666663));
#8815 = CARTESIAN_POINT('',(4.15000000072,-1.332002719468E-13,-2.178125)
  );
#8816 = PCURVE('',#8429,#8817);
#8817 = DEFINITIONAL_REPRESENTATION('',(#8818),#8822);
#8818 = LINE('',#8819,#8820);
#8819 = CARTESIAN_POINT('',(2.,0.));
#8820 = VECTOR('',#8821,1.);
#8821 = DIRECTION('',(0.,1.));
#8822 = ( GEOMETRIC_REPRESENTATION_CONTEXT(2) 
PARAMETRIC_REPRESENTATION_CONTEXT() REPRESENTATION_CONTEXT('2D SPACE',''
  ) );
#8823 = PCURVE('',#8035,#8824);
#8824 = DEFINITIONAL_REPRESENTATION('',(#8825),#8829);
#8825 = LINE('',#8826,#8827);
#8826 = CARTESIAN_POINT('',(2.,0.));
#8827 = VECTOR('',#8828,1.);
#8828 = DIRECTION('',(0.,1.));
#8829 = ( GEOMETRIC_REPRESENTATION_CONTEXT(2) 
PARAMETRIC_REPRESENTATION_CONTEXT() REPRESENTATION_CONTEXT('2D SPACE',''
  ) );
#8830 = ORIENTED_EDGE('',*,*,#8395,.F.);
#8831 = ADVANCED_FACE('',(#8832),#8223,.F.);
#8832 = FACE_BOUND('',#8833,.F.);
#8833 = EDGE_LOOP('',(#8834,#8835));
#8834 = ORIENTED_EDGE('',*,*,#8189,.T.);
#8835 = ORIENTED_EDGE('',*,*,#8836,.T.);
#8836 = EDGE_CURVE('',#8156,#8190,#8837,.T.);
#8837 = SURFACE_CURVE('',#8838,(#8850,#8857),.PCURVE_S1.);
#8838 = ( BOUNDED_CURVE() B_SPLINE_CURVE(6,(#8839,#8840,#8841,#8842,
    #8843,#8844,#8845,#8846,#8847,#8848,#8849),.UNSPECIFIED.,.F.,.F.) 
B_SPLINE_CURVE_WITH_KNOTS((7,4,7),(0.,0.5,1.),.UNSPECIFIED.) CURVE() 
GEOMETRIC_REPRESENTATION_ITEM() RATIONAL_B_SPLINE_CURVE((1.,1.,1.,1.,1.,
1.,1.,1.,1.,1.,1.)) REPRESENTATION_ITEM('') );
#8839 = CARTESIAN_POINT('',(4.150000000348,-6.542623326394E-14,-3.428125
    ));
#8840 = CARTESIAN_POINT('',(4.13534539352,2.172436459448,-3.323958333329
    ));
#8841 = CARTESIAN_POINT('',(2.827775863859,4.344872918877,
    -3.219791666284));
#8842 = CARTESIAN_POINT('',(-2.46380573679E-02,5.459008095168,
    -3.115624998755));
#8843 = CARTESIAN_POINT('',(-2.790162372246,4.344872918795,
    -3.011458331266));
#8844 = CARTESIAN_POINT('',(-5.509837626812,-1.410436593237E-10,
    -2.803124997129));
#8845 = CARTESIAN_POINT('',(-2.790162371995,-4.344872918998,
    -2.594791664608));
#8846 = CARTESIAN_POINT('',(-2.463805702266E-02,-5.459008095289,
    -2.490624998763));
#8847 = CARTESIAN_POINT('',(2.827775864234,-4.344872918916,
    -2.386458332931));
#8848 = CARTESIAN_POINT('',(4.135345393893,-2.172436459449,
    -2.282291666663));
#8849 = CARTESIAN_POINT('',(4.15000000072,-1.332002719468E-13,-2.178125)
  );
#8850 = PCURVE('',#8223,#8851);
#8851 = DEFINITIONAL_REPRESENTATION('',(#8852),#8856);
#8852 = LINE('',#8853,#8854);
#8853 = CARTESIAN_POINT('',(2.,0.));
#8854 = VECTOR('',#8855,1.);
#8855 = DIRECTION('',(0.,1.));
#8856 = ( GEOMETRIC_REPRESENTATION_CONTEXT(2) 
PARAMETRIC_REPRESENTATION_CONTEXT() REPRESENTATION_CONTEXT('2D SPACE',''
  ) );
#8857 = PCURVE('',#8035,#8858);
#8858 = DEFINITIONAL_REPRESENTATION('',(#8859),#8863);
#8859 = LINE('',#8860,#8861);
#8860 = CARTESIAN_POINT('',(2.,0.));
#8861 = VECTOR('',#8862,1.);
#8862 = DIRECTION('',(0.,1.));
#8863 = ( GEOMETRIC_REPRESENTATION_CONTEXT(2) 
PARAMETRIC_REPRESENTATION_CONTEXT() REPRESENTATION_CONTEXT('2D SPACE',''
  ) );
#8864 = ADVANCED_FACE('',(#8865),#8114,.F.);
#8865 = FACE_BOUND('',#8866,.F.);
#8866 = EDGE_LOOP('',(#8867,#8868));
#8867 = ORIENTED_EDGE('',*,*,#8076,.F.);
#8868 = ORIENTED_EDGE('',*,*,#8869,.T.);
#8869 = EDGE_CURVE('',#7998,#8077,#8870,.T.);
#8870 = SURFACE_CURVE('',#8871,(#8883,#8890),.PCURVE_S1.);
#8871 = ( BOUNDED_CURVE() B_SPLINE_CURVE(6,(#8872,#8873,#8874,#8875,
    #8876,#8877,#8878,#8879,#8880,#8881,#8882),.UNSPECIFIED.,.F.,.F.) 
B_SPLINE_CURVE_WITH_KNOTS((7,4,7),(0.,0.5,1.),.UNSPECIFIED.) CURVE() 
GEOMETRIC_REPRESENTATION_ITEM() RATIONAL_B_SPLINE_CURVE((1.,1.,1.,1.,1.,
1.,1.,1.,1.,1.,1.)) REPRESENTATION_ITEM('') );
#8872 = CARTESIAN_POINT('',(4.150000000348,-6.542623326394E-14,-3.428125
    ));
#8873 = CARTESIAN_POINT('',(4.13534539352,2.172436459448,-3.323958333329
    ));
#8874 = CARTESIAN_POINT('',(2.827775863859,4.344872918877,
    -3.219791666284));
#8875 = CARTESIAN_POINT('',(-2.46380573679E-02,5.459008095168,
    -3.115624998755));
#8876 = CARTESIAN_POINT('',(-2.790162372246,4.344872918795,
    -3.011458331266));
#8877 = CARTESIAN_POINT('',(-5.509837626812,-1.410436593237E-10,
    -2.803124997129));
#8878 = CARTESIAN_POINT('',(-2.790162371995,-4.344872918998,
    -2.594791664608));
#8879 = CARTESIAN_POINT('',(-2.463805702266E-02,-5.459008095289,
    -2.490624998763));
#8880 = CARTESIAN_POINT('',(2.827775864234,-4.344872918916,
    -2.386458332931));
#8881 = CARTESIAN_POINT('',(4.135345393893,-2.172436459449,
    -2.282291666663));
#8882 = CARTESIAN_POINT('',(4.15000000072,-1.332002719468E-13,-2.178125)
  );
#8883 = PCURVE('',#8114,#8884);
#8884 = DEFINITIONAL_REPRESENTATION('',(#8885),#8889);
#8885 = LINE('',#8886,#8887);
#8886 = CARTESIAN_POINT('',(2.,0.));
#8887 = VECTOR('',#8888,1.);
#8888 = DIRECTION('',(0.,1.));
#8889 = ( GEOMETRIC_REPRESENTATION_CONTEXT(2) 
PARAMETRIC_REPRESENTATION_CONTEXT() REPRESENTATION_CONTEXT('2D SPACE',''
  ) );
#8890 = PCURVE('',#8035,#8891);
#8891 = DEFINITIONAL_REPRESENTATION('',(#8892),#8896);
#8892 = LINE('',#8893,#8894);
#8893 = CARTESIAN_POINT('',(2.,0.));
#8894 = VECTOR('',#8895,1.);
#8895 = DIRECTION('',(0.,1.));
#8896 = ( GEOMETRIC_REPRESENTATION_CONTEXT(2) 
PARAMETRIC_REPRESENTATION_CONTEXT() REPRESENTATION_CONTEXT('2D SPACE',''
  ) );
#8897 = ADVANCED_FACE('',(#8898),#8035,.F.);
#8898 = FACE_BOUND('',#8899,.F.);
#8899 = EDGE_LOOP('',(#8900,#8929,#8950,#9004,#9023,#9024,#9025,#9026,
    #9027,#9028,#9029,#9030,#9031,#9032));
#8900 = ORIENTED_EDGE('',*,*,#8901,.F.);
#8901 = EDGE_CURVE('',#7698,#7925,#8902,.T.);
#8902 = SURFACE_CURVE('',#8903,(#8915,#8922),.PCURVE_S1.);
#8903 = ( BOUNDED_CURVE() B_SPLINE_CURVE(6,(#8904,#8905,#8906,#8907,
    #8908,#8909,#8910,#8911,#8912,#8913,#8914),.UNSPECIFIED.,.F.,.F.) 
B_SPLINE_CURVE_WITH_KNOTS((7,4,7),(0.,0.5,1.),.UNSPECIFIED.) CURVE() 
GEOMETRIC_REPRESENTATION_ITEM() RATIONAL_B_SPLINE_CURVE((1.,1.,1.,1.,1.,
1.,1.,1.,1.,1.,1.)) REPRESENTATION_ITEM('') );
#8904 = CARTESIAN_POINT('',(4.150000000348,-6.542623326394E-14,-3.428125
    ));
#8905 = CARTESIAN_POINT('',(4.13534539352,2.172436459448,-3.323958333329
    ));
#8906 = CARTESIAN_POINT('',(2.827775863859,4.344872918877,
    -3.219791666284));
#8907 = CARTESIAN_POINT('',(-2.46380573679E-02,5.459008095168,
    -3.115624998755));
#8908 = CARTESIAN_POINT('',(-2.790162372246,4.344872918795,
    -3.011458331266));
#8909 = CARTESIAN_POINT('',(-5.509837626812,-1.410436593237E-10,
    -2.803124997129));
#8910 = CARTESIAN_POINT('',(-2.790162371995,-4.344872918998,
    -2.594791664608));
#8911 = CARTESIAN_POINT('',(-2.463805702266E-02,-5.459008095289,
    -2.490624998763));
#8912 = CARTESIAN_POINT('',(2.827775864234,-4.344872918916,
    -2.386458332931));
#8913 = CARTESIAN_POINT('',(4.135345393893,-2.172436459449,
    -2.282291666663));
#8914 = CARTESIAN_POINT('',(4.15000000072,-1.332002719468E-13,-2.178125)
  );
#8915 = PCURVE('',#8035,#8916);
#8916 = DEFINITIONAL_REPRESENTATION('',(#8917),#8921);
#8917 = LINE('',#8918,#8919);
#8918 = CARTESIAN_POINT('',(2.,0.));
#8919 = VECTOR('',#8920,1.);
#8920 = DIRECTION('',(0.,1.));
#8921 = ( GEOMETRIC_REPRESENTATION_CONTEXT(2) 
PARAMETRIC_REPRESENTATION_CONTEXT() REPRESENTATION_CONTEXT('2D SPACE',''
  ) );
#8922 = PCURVE('',#7958,#8923);
#8923 = DEFINITIONAL_REPRESENTATION('',(#8924),#8928);
#8924 = LINE('',#8925,#8926);
#8925 = CARTESIAN_POINT('',(2.,0.));
#8926 = VECTOR('',#8927,1.);
#8927 = DIRECTION('',(0.,1.));
#8928 = ( GEOMETRIC_REPRESENTATION_CONTEXT(2) 
PARAMETRIC_REPRESENTATION_CONTEXT() REPRESENTATION_CONTEXT('2D SPACE',''
  ) );
#8929 = ORIENTED_EDGE('',*,*,#8930,.T.);
#8930 = EDGE_CURVE('',#7698,#8931,#8933,.T.);
#8931 = VERTEX_POINT('',#8932);
#8932 = CARTESIAN_POINT('',(3.473417653514,-7.332100411058E-12,
    -3.818749999849));
#8933 = SURFACE_CURVE('',#8934,(#8937,#8943),.PCURVE_S1.);
#8934 = B_SPLINE_CURVE_WITH_KNOTS('',1,(#8935,#8936),.UNSPECIFIED.,.F.,
  .F.,(2,2),(2.,3.),.PIECEWISE_BEZIER_KNOTS.);
#8935 = CARTESIAN_POINT('',(4.150000000267,-5.098954348558E-14,-3.428125
    ));
#8936 = CARTESIAN_POINT('',(3.473417653502,-4.919931069282E-12,
    -3.818749999899));
#8937 = PCURVE('',#8035,#8938);
#8938 = DEFINITIONAL_REPRESENTATION('',(#8939),#8942);
#8939 = B_SPLINE_CURVE_WITH_KNOTS('',1,(#8940,#8941),.UNSPECIFIED.,.F.,
  .F.,(2,2),(2.,3.),.PIECEWISE_BEZIER_KNOTS.);
#8940 = CARTESIAN_POINT('',(2.,0.));
#8941 = CARTESIAN_POINT('',(3.,0.));
#8942 = ( GEOMETRIC_REPRESENTATION_CONTEXT(2) 
PARAMETRIC_REPRESENTATION_CONTEXT() REPRESENTATION_CONTEXT('2D SPACE',''
  ) );
#8943 = PCURVE('',#7109,#8944);
#8944 = DEFINITIONAL_REPRESENTATION('',(#8945),#8949);
#8945 = LINE('',#8946,#8947);
#8946 = CARTESIAN_POINT('',(0.,1.));
#8947 = VECTOR('',#8948,1.);
#8948 = DIRECTION('',(1.,0.));
#8949 = ( GEOMETRIC_REPRESENTATION_CONTEXT(2) 
PARAMETRIC_REPRESENTATION_CONTEXT() REPRESENTATION_CONTEXT('2D SPACE',''
  ) );
#8950 = ORIENTED_EDGE('',*,*,#8951,.T.);
#8951 = EDGE_CURVE('',#8931,#8952,#8954,.T.);
#8952 = VERTEX_POINT('',#8953);
#8953 = CARTESIAN_POINT('',(3.473417654176,-6.775955575268E-11,
    -2.568749998593));
#8954 = SURFACE_CURVE('',#8955,(#8967,#8974),.PCURVE_S1.);
#8955 = ( BOUNDED_CURVE() B_SPLINE_CURVE(6,(#8956,#8957,#8958,#8959,
    #8960,#8961,#8962,#8963,#8964,#8965,#8966),.UNSPECIFIED.,.F.,.F.) 
B_SPLINE_CURVE_WITH_KNOTS((7,4,7),(0.,0.5,1.),.UNSPECIFIED.) CURVE() 
GEOMETRIC_REPRESENTATION_ITEM() RATIONAL_B_SPLINE_CURVE((1.,1.,1.,1.,1.,
1.,1.,1.,1.,1.,1.)) REPRESENTATION_ITEM('') );
#8956 = CARTESIAN_POINT('',(3.473417653526,-9.744269752833E-12,
    -3.818749999799));
#8957 = CARTESIAN_POINT('',(3.461152214792,1.818260035821,
    -3.714583333128));
#8958 = CARTESIAN_POINT('',(2.366758218454,3.636520071636,
    -3.610416666146));
#8959 = CARTESIAN_POINT('',(-2.06212686201E-02,4.569015683833,
    -3.506249998756));
#8960 = CARTESIAN_POINT('',(-2.335276925149,3.636520071567,
    -3.402083331401));
#8961 = CARTESIAN_POINT('',(-4.611558380717,-1.277618145E-10,
    -3.193749997396));
#8962 = CARTESIAN_POINT('',(-2.335276924919,-3.636520071757,
    -2.985416664743));
#8963 = CARTESIAN_POINT('',(-2.062126830084E-02,-4.569015683954,
    -2.881249998764));
#8964 = CARTESIAN_POINT('',(2.366758218808,-3.636520071688,
    -2.777083332794));
#8965 = CARTESIAN_POINT('',(3.461152215155,-1.818260035841,
    -2.672916666462));
#8966 = CARTESIAN_POINT('',(3.473417653897,-9.937803284187E-12,
    -2.568749999799));
#8967 = PCURVE('',#8035,#8968);
#8968 = DEFINITIONAL_REPRESENTATION('',(#8969),#8973);
#8969 = LINE('',#8970,#8971);
#8970 = CARTESIAN_POINT('',(3.,0.));
#8971 = VECTOR('',#8972,1.);
#8972 = DIRECTION('',(0.,1.));
#8973 = ( GEOMETRIC_REPRESENTATION_CONTEXT(2) 
PARAMETRIC_REPRESENTATION_CONTEXT() REPRESENTATION_CONTEXT('2D SPACE',''
  ) );
#8974 = PCURVE('',#8975,#8998);
#8975 = ( BOUNDED_SURFACE() B_SPLINE_SURFACE(1,6,(
    (#8976,#8977,#8978,#8979,#8980,#8981,#8982,#8983,#8984,#8985,#8986)
    ,(#8987,#8988,#8989,#8990,#8991,#8992,#8993,#8994,#8995,#8996,#8997
)),.UNSPECIFIED.,.F.,.F.,.F.) B_SPLINE_SURFACE_WITH_KNOTS((2,2),(7,4,7),
(3.,4.),(0.,0.5,1.),.UNSPECIFIED.) GEOMETRIC_REPRESENTATION_ITEM() 
RATIONAL_B_SPLINE_SURFACE((
    (1.,1.,1.,1.,1.,1.,1.,1.,1.,1.,1.)
,(1.,1.,1.,1.,1.,1.,1.,1.,1.,1.,1.
  ))) REPRESENTATION_ITEM('') SURFACE() );
#8976 = CARTESIAN_POINT('',(3.473417653526,-9.744269752833E-12,
    -3.818749999799));
#8977 = CARTESIAN_POINT('',(3.461152214792,1.818260035821,
    -3.714583333128));
#8978 = CARTESIAN_POINT('',(2.366758218454,3.636520071636,
    -3.610416666146));
#8979 = CARTESIAN_POINT('',(-2.06212686201E-02,4.569015683833,
    -3.506249998756));
#8980 = CARTESIAN_POINT('',(-2.335276925149,3.636520071567,
    -3.402083331401));
#8981 = CARTESIAN_POINT('',(-4.611558380717,-1.277618145E-10,
    -3.193749997396));
#8982 = CARTESIAN_POINT('',(-2.335276924919,-3.636520071757,
    -2.985416664743));
#8983 = CARTESIAN_POINT('',(-2.062126830084E-02,-4.569015683954,
    -2.881249998764));
#8984 = CARTESIAN_POINT('',(2.366758218808,-3.636520071688,
    -2.777083332794));
#8985 = CARTESIAN_POINT('',(3.461152215155,-1.818260035841,
    -2.672916666462));
#8986 = CARTESIAN_POINT('',(3.473417653897,-9.937803284187E-12,
    -2.568749999799));
#8987 = CARTESIAN_POINT('',(3.473417653433,-9.727770332372E-12,
    -4.131249999799));
#8988 = CARTESIAN_POINT('',(3.461152214699,1.818260035821,
    -4.027083333128));
#8989 = CARTESIAN_POINT('',(2.366758218361,3.636520071636,
    -3.922916666146));
#8990 = CARTESIAN_POINT('',(-2.062126871299E-02,4.569015683833,
    -3.818749998756));
#8991 = CARTESIAN_POINT('',(-2.335276925242,3.636520071567,
    -3.714583331401));
#8992 = CARTESIAN_POINT('',(-4.61155838081,-1.277453150795E-10,
    -3.506249997396));
#8993 = CARTESIAN_POINT('',(-2.335276925012,-3.636520071757,
    -3.297916664743));
#8994 = CARTESIAN_POINT('',(-2.062126839373E-02,-4.569015683954,
    -3.193749998764));
#8995 = CARTESIAN_POINT('',(2.366758218715,-3.636520071688,
    -3.089583332794));
#8996 = CARTESIAN_POINT('',(3.461152215062,-1.818260035841,
    -2.985416666462));
#8997 = CARTESIAN_POINT('',(3.473417653804,-9.921303863726E-12,
    -2.881249999799));
#8998 = DEFINITIONAL_REPRESENTATION('',(#8999),#9003);
#8999 = LINE('',#9000,#9001);
#9000 = CARTESIAN_POINT('',(3.,0.));
#9001 = VECTOR('',#9002,1.);
#9002 = DIRECTION('',(0.,1.));
#9003 = ( GEOMETRIC_REPRESENTATION_CONTEXT(2) 
PARAMETRIC_REPRESENTATION_CONTEXT() REPRESENTATION_CONTEXT('2D SPACE',''
  ) );
#9004 = ORIENTED_EDGE('',*,*,#9005,.F.);
#9005 = EDGE_CURVE('',#7800,#8952,#9006,.T.);
#9006 = SURFACE_CURVE('',#9007,(#9010,#9017),.PCURVE_S1.);
#9007 = B_SPLINE_CURVE_WITH_KNOTS('',1,(#9008,#9009),.UNSPECIFIED.,.F.,
  .F.,(2,2),(2.,3.),.PIECEWISE_BEZIER_KNOTS.);
#9008 = CARTESIAN_POINT('',(4.15000000072,-1.332002719468E-13,-2.178125)
  );
#9009 = CARTESIAN_POINT('',(3.473417653897,-9.937803284187E-12,
    -2.568749999799));
#9010 = PCURVE('',#8035,#9011);
#9011 = DEFINITIONAL_REPRESENTATION('',(#9012),#9016);
#9012 = LINE('',#9013,#9014);
#9013 = CARTESIAN_POINT('',(0.,1.));
#9014 = VECTOR('',#9015,1.);
#9015 = DIRECTION('',(1.,0.));
#9016 = ( GEOMETRIC_REPRESENTATION_CONTEXT(2) 
PARAMETRIC_REPRESENTATION_CONTEXT() REPRESENTATION_CONTEXT('2D SPACE',''
  ) );
#9017 = PCURVE('',#7826,#9018);
#9018 = DEFINITIONAL_REPRESENTATION('',(#9019),#9022);
#9019 = B_SPLINE_CURVE_WITH_KNOTS('',1,(#9020,#9021),.UNSPECIFIED.,.F.,
  .F.,(2,2),(2.,3.),.PIECEWISE_BEZIER_KNOTS.);
#9020 = CARTESIAN_POINT('',(2.,0.));
#9021 = CARTESIAN_POINT('',(3.,0.));
#9022 = ( GEOMETRIC_REPRESENTATION_CONTEXT(2) 
PARAMETRIC_REPRESENTATION_CONTEXT() REPRESENTATION_CONTEXT('2D SPACE',''
  ) );
#9023 = ORIENTED_EDGE('',*,*,#8736,.F.);
#9024 = ORIENTED_EDGE('',*,*,#8581,.T.);
#9025 = ORIENTED_EDGE('',*,*,#8769,.F.);
#9026 = ORIENTED_EDGE('',*,*,#8468,.F.);
#9027 = ORIENTED_EDGE('',*,*,#8802,.F.);
#9028 = ORIENTED_EDGE('',*,*,#8262,.T.);
#9029 = ORIENTED_EDGE('',*,*,#8836,.F.);
#9030 = ORIENTED_EDGE('',*,*,#8155,.F.);
#9031 = ORIENTED_EDGE('',*,*,#8869,.F.);
#9032 = ORIENTED_EDGE('',*,*,#7997,.T.);
#9033 = ADVANCED_FACE('',(#9034),#8975,.F.);
#9034 = FACE_BOUND('',#9035,.F.);
#9035 = EDGE_LOOP('',(#9036,#9080,#9111,#9147));
#9036 = ORIENTED_EDGE('',*,*,#9037,.T.);
#9037 = EDGE_CURVE('',#8931,#9038,#9040,.T.);
#9038 = VERTEX_POINT('',#9039);
#9039 = CARTESIAN_POINT('',(3.473417653444,-7.319725759105E-12,
    -4.131249999849));
#9040 = SURFACE_CURVE('',#9041,(#9044,#9050),.PCURVE_S1.);
#9041 = B_SPLINE_CURVE_WITH_KNOTS('',1,(#9042,#9043),.UNSPECIFIED.,.F.,
  .F.,(2,2),(3.,4.),.PIECEWISE_BEZIER_KNOTS.);
#9042 = CARTESIAN_POINT('',(3.473417653502,-4.919931069282E-12,
    -3.818749999899));
#9043 = CARTESIAN_POINT('',(3.473417653456,-4.911681185838E-12,
    -4.131249999899));
#9044 = PCURVE('',#8975,#9045);
#9045 = DEFINITIONAL_REPRESENTATION('',(#9046),#9049);
#9046 = B_SPLINE_CURVE_WITH_KNOTS('',1,(#9047,#9048),.UNSPECIFIED.,.F.,
  .F.,(2,2),(3.,4.),.PIECEWISE_BEZIER_KNOTS.);
#9047 = CARTESIAN_POINT('',(3.,0.));
#9048 = CARTESIAN_POINT('',(4.,0.));
#9049 = ( GEOMETRIC_REPRESENTATION_CONTEXT(2) 
PARAMETRIC_REPRESENTATION_CONTEXT() REPRESENTATION_CONTEXT('2D SPACE',''
  ) );
#9050 = PCURVE('',#9051,#9074);
#9051 = ( BOUNDED_SURFACE() B_SPLINE_SURFACE(1,6,(
    (#9052,#9053,#9054,#9055,#9056,#9057,#9058,#9059,#9060,#9061,#9062)
    ,(#9063,#9064,#9065,#9066,#9067,#9068,#9069,#9070,#9071,#9072,#9073
)),.UNSPECIFIED.,.F.,.F.,.F.) B_SPLINE_SURFACE_WITH_KNOTS((2,2),(7,4,7),
(3.,4.),(0.,0.5,1.),.UNSPECIFIED.) GEOMETRIC_REPRESENTATION_ITEM() 
RATIONAL_B_SPLINE_SURFACE((
    (1.,1.,1.,1.,1.,1.,1.,1.,1.,1.,1.)
,(1.,1.,1.,1.,1.,1.,1.,1.,1.,1.,1.
  ))) REPRESENTATION_ITEM('') SURFACE() );
#9052 = CARTESIAN_POINT('',(3.473417653317,-4.759395685994E-12,
    -5.068749999899));
#9053 = CARTESIAN_POINT('',(3.461152214581,1.818260035826,
    -4.964583333231));
#9054 = CARTESIAN_POINT('',(2.366758218241,3.636520071649,
    -4.860416666412));
#9055 = CARTESIAN_POINT('',(-2.062126884213E-02,4.569015683863,
    -4.756249999376));
#9056 = CARTESIAN_POINT('',(-2.335276925393,3.636520071614,
    -4.652083332365));
#9057 = CARTESIAN_POINT('',(-4.611558381019,-6.365739697297E-11,
    -4.443749998698));
#9058 = CARTESIAN_POINT('',(-2.335276925279,-3.63652007171,
    -4.235416665707));
#9059 = CARTESIAN_POINT('',(-2.062126868256E-02,-4.569015683924,
    -4.131249999384));
#9060 = CARTESIAN_POINT('',(2.366758218418,-3.636520071675,
    -4.027083333058));
#9061 = CARTESIAN_POINT('',(3.461152214762,-1.818260035836,
    -3.922916666564));
#9062 = CARTESIAN_POINT('',(3.473417653502,-4.919931069282E-12,
    -3.818749999899));
#9063 = CARTESIAN_POINT('',(3.47341765327,-4.751145802549E-12,
    -5.381249999899));
#9064 = CARTESIAN_POINT('',(3.461152214534,1.818260035826,
    -5.277083333231));
#9065 = CARTESIAN_POINT('',(2.366758218194,3.636520071649,
    -5.172916666412));
#9066 = CARTESIAN_POINT('',(-2.062126888858E-02,4.569015683863,
    -5.068749999376));
#9067 = CARTESIAN_POINT('',(-2.33527692544,3.636520071614,
    -4.964583332365));
#9068 = CARTESIAN_POINT('',(-4.611558381065,-6.364914708953E-11,
    -4.756249998698));
#9069 = CARTESIAN_POINT('',(-2.335276925325,-3.63652007171,
    -4.547916665707));
#9070 = CARTESIAN_POINT('',(-2.0621268729E-02,-4.569015683923,
    -4.443749999384));
#9071 = CARTESIAN_POINT('',(2.366758218371,-3.636520071675,
    -4.339583333058));
#9072 = CARTESIAN_POINT('',(3.461152214716,-1.818260035836,
    -4.235416666564));
#9073 = CARTESIAN_POINT('',(3.473417653456,-4.911681185838E-12,
    -4.131249999899));
#9074 = DEFINITIONAL_REPRESENTATION('',(#9075),#9079);
#9075 = LINE('',#9076,#9077);
#9076 = CARTESIAN_POINT('',(0.,1.));
#9077 = VECTOR('',#9078,1.);
#9078 = DIRECTION('',(1.,0.));
#9079 = ( GEOMETRIC_REPRESENTATION_CONTEXT(2) 
PARAMETRIC_REPRESENTATION_CONTEXT() REPRESENTATION_CONTEXT('2D SPACE',''
  ) );
#9080 = ORIENTED_EDGE('',*,*,#9081,.T.);
#9081 = EDGE_CURVE('',#9038,#9082,#9084,.T.);
#9082 = VERTEX_POINT('',#9083);
#9083 = CARTESIAN_POINT('',(3.473417653526,-6.773771564987E-11,
    -2.881249998593));
#9084 = SURFACE_CURVE('',#9085,(#9097,#9104),.PCURVE_S1.);
#9085 = ( BOUNDED_CURVE() B_SPLINE_CURVE(6,(#9086,#9087,#9088,#9089,
    #9090,#9091,#9092,#9093,#9094,#9095,#9096),.UNSPECIFIED.,.F.,.F.) 
B_SPLINE_CURVE_WITH_KNOTS((7,4,7),(0.,0.5,1.),.UNSPECIFIED.) CURVE() 
GEOMETRIC_REPRESENTATION_ITEM() RATIONAL_B_SPLINE_CURVE((1.,1.,1.,1.,1.,
1.,1.,1.,1.,1.,1.)) REPRESENTATION_ITEM('') );
#9086 = CARTESIAN_POINT('',(3.473417653433,-9.727770332372E-12,
    -4.131249999799));
#9087 = CARTESIAN_POINT('',(3.461152214699,1.818260035821,
    -4.027083333128));
#9088 = CARTESIAN_POINT('',(2.366758218361,3.636520071636,
    -3.922916666146));
#9089 = CARTESIAN_POINT('',(-2.062126871299E-02,4.569015683833,
    -3.818749998756));
#9090 = CARTESIAN_POINT('',(-2.335276925242,3.636520071567,
    -3.714583331401));
#9091 = CARTESIAN_POINT('',(-4.61155838081,-1.277453150795E-10,
    -3.506249997396));
#9092 = CARTESIAN_POINT('',(-2.335276925012,-3.636520071757,
    -3.297916664743));
#9093 = CARTESIAN_POINT('',(-2.062126839373E-02,-4.569015683954,
    -3.193749998764));
#9094 = CARTESIAN_POINT('',(2.366758218715,-3.636520071688,
    -3.089583332794));
#9095 = CARTESIAN_POINT('',(3.461152215062,-1.818260035841,
    -2.985416666462));
#9096 = CARTESIAN_POINT('',(3.473417653804,-9.921303863726E-12,
    -2.881249999799));
#9097 = PCURVE('',#8975,#9098);
#9098 = DEFINITIONAL_REPRESENTATION('',(#9099),#9103);
#9099 = LINE('',#9100,#9101);
#9100 = CARTESIAN_POINT('',(4.,0.));
#9101 = VECTOR('',#9102,1.);
#9102 = DIRECTION('',(0.,1.));
#9103 = ( GEOMETRIC_REPRESENTATION_CONTEXT(2) 
PARAMETRIC_REPRESENTATION_CONTEXT() REPRESENTATION_CONTEXT('2D SPACE',''
  ) );
#9104 = PCURVE('',#6338,#9105);
#9105 = DEFINITIONAL_REPRESENTATION('',(#9106),#9110);
#9106 = LINE('',#9107,#9108);
#9107 = CARTESIAN_POINT('',(4.,0.));
#9108 = VECTOR('',#9109,1.);
#9109 = DIRECTION('',(0.,1.));
#9110 = ( GEOMETRIC_REPRESENTATION_CONTEXT(2) 
PARAMETRIC_REPRESENTATION_CONTEXT() REPRESENTATION_CONTEXT('2D SPACE',''
  ) );
#9111 = ORIENTED_EDGE('',*,*,#9112,.F.);
#9112 = EDGE_CURVE('',#8952,#9082,#9113,.T.);
#9113 = SURFACE_CURVE('',#9114,(#9117,#9124),.PCURVE_S1.);
#9114 = B_SPLINE_CURVE_WITH_KNOTS('',1,(#9115,#9116),.UNSPECIFIED.,.F.,
  .F.,(2,2),(3.,4.),.PIECEWISE_BEZIER_KNOTS.);
#9115 = CARTESIAN_POINT('',(3.473417653897,-9.937803284187E-12,
    -2.568749999799));
#9116 = CARTESIAN_POINT('',(3.473417653804,-9.921303863726E-12,
    -2.881249999799));
#9117 = PCURVE('',#8975,#9118);
#9118 = DEFINITIONAL_REPRESENTATION('',(#9119),#9123);
#9119 = LINE('',#9120,#9121);
#9120 = CARTESIAN_POINT('',(0.,1.));
#9121 = VECTOR('',#9122,1.);
#9122 = DIRECTION('',(1.,0.));
#9123 = ( GEOMETRIC_REPRESENTATION_CONTEXT(2) 
PARAMETRIC_REPRESENTATION_CONTEXT() REPRESENTATION_CONTEXT('2D SPACE',''
  ) );
#9124 = PCURVE('',#9125,#9142);
#9125 = ( BOUNDED_SURFACE() B_SPLINE_SURFACE(1,7,(
    (#9126,#9127,#9128,#9129,#9130,#9131,#9132,#9133)
    ,(#9134,#9135,#9136,#9137,#9138,#9139,#9140,#9141
)),.UNSPECIFIED.,.F.,.F.,.F.) B_SPLINE_SURFACE_WITH_KNOTS((2,2),(8,8),(
    3.,4.),(0.,1.),.PIECEWISE_BEZIER_KNOTS.) 
GEOMETRIC_REPRESENTATION_ITEM() RATIONAL_B_SPLINE_SURFACE((
    (1.,1.,1.,0.999999999999,1.000000000001,1.,1.,1.)
    ,(1.,1.,1.,0.999999999999,1.000000000001,1.,1.,1.
))) REPRESENTATION_ITEM('') SURFACE() );
#9126 = CARTESIAN_POINT('',(3.473417654454,-1.255813082212E-10,
    -2.568749997387));
#9127 = CARTESIAN_POINT('',(3.562106464647,0.786691391085,
    -2.544172622078));
#9128 = CARTESIAN_POINT('',(3.442659553089,1.618087389267,-2.51966261395
    ));
#9129 = CARTESIAN_POINT('',(3.094910528058,2.427676394,-2.49522521344));
#9130 = CARTESIAN_POINT('',(2.525267415087,3.1386326756,-2.470865354124)
  );
#9131 = CARTESIAN_POINT('',(1.774415930495,3.67893700003,-2.446587650003
    ));
#9132 = CARTESIAN_POINT('',(0.908049490403,4.001527343076,-2.42239636803
    ));
#9133 = CARTESIAN_POINT('',(1.061237826458E-09,4.088492513166,
    -2.398295438516));
#9134 = CARTESIAN_POINT('',(3.473417653247,-1.25554127436E-10,
    -2.881249997387));
#9135 = CARTESIAN_POINT('',(3.562106463598,0.786691391085,
    -2.815710329124));
#9136 = CARTESIAN_POINT('',(3.442659552198,1.618087389267,
    -2.750350309072));
#9137 = CARTESIAN_POINT('',(3.094910527325,2.427676394,-2.685183908208)
  );
#9138 = CARTESIAN_POINT('',(2.52526741451,3.1386326756,-2.620224289219)
  );
#9139 = CARTESIAN_POINT('',(1.774415930074,3.67893700003,-2.555483747974
    ));
#9140 = CARTESIAN_POINT('',(0.908049490138,4.001527343076,
    -2.490973669156));
#9141 = CARTESIAN_POINT('',(9.515062823359E-10,4.088492513166,
    -2.426704529425));
#9142 = DEFINITIONAL_REPRESENTATION('',(#9143),#9146);
#9143 = B_SPLINE_CURVE_WITH_KNOTS('',1,(#9144,#9145),.UNSPECIFIED.,.F.,
  .F.,(2,2),(3.,4.),.PIECEWISE_BEZIER_KNOTS.);
#9144 = CARTESIAN_POINT('',(3.,0.));
#9145 = CARTESIAN_POINT('',(4.,0.));
#9146 = ( GEOMETRIC_REPRESENTATION_CONTEXT(2) 
PARAMETRIC_REPRESENTATION_CONTEXT() REPRESENTATION_CONTEXT('2D SPACE',''
  ) );
#9147 = ORIENTED_EDGE('',*,*,#8951,.F.);
#9148 = ADVANCED_FACE('',(#9149),#9125,.F.);
#9149 = FACE_BOUND('',#9150,.F.);
#9150 = EDGE_LOOP('',(#9151,#9152,#9180,#9201));
#9151 = ORIENTED_EDGE('',*,*,#9112,.T.);
#9152 = ORIENTED_EDGE('',*,*,#9153,.T.);
#9153 = EDGE_CURVE('',#9082,#9154,#9156,.T.);
#9154 = VERTEX_POINT('',#9155);
#9155 = CARTESIAN_POINT('',(9.515062823359E-10,4.088492513166,
    -2.426704529425));
#9156 = SURFACE_CURVE('',#9157,(#9166,#9173),.PCURVE_S1.);
#9157 = ( BOUNDED_CURVE() B_SPLINE_CURVE(7,(#9158,#9159,#9160,#9161,
    #9162,#9163,#9164,#9165),.UNSPECIFIED.,.F.,.F.) 
B_SPLINE_CURVE_WITH_KNOTS((8,8),(0.,1.),.PIECEWISE_BEZIER_KNOTS.) CURVE(
) GEOMETRIC_REPRESENTATION_ITEM() RATIONAL_B_SPLINE_CURVE((1.,1.,1.,
0.999999999999,1.000000000001,1.,1.,1.)) REPRESENTATION_ITEM('') );
#9158 = CARTESIAN_POINT('',(3.473417653247,-1.25554127436E-10,
    -2.881249997387));
#9159 = CARTESIAN_POINT('',(3.562106463598,0.786691391085,
    -2.815710329124));
#9160 = CARTESIAN_POINT('',(3.442659552198,1.618087389267,
    -2.750350309072));
#9161 = CARTESIAN_POINT('',(3.094910527325,2.427676394,-2.685183908208)
  );
#9162 = CARTESIAN_POINT('',(2.52526741451,3.1386326756,-2.620224289219)
  );
#9163 = CARTESIAN_POINT('',(1.774415930074,3.67893700003,-2.555483747974
    ));
#9164 = CARTESIAN_POINT('',(0.908049490138,4.001527343076,
    -2.490973669156));
#9165 = CARTESIAN_POINT('',(9.515062823359E-10,4.088492513166,
    -2.426704529425));
#9166 = PCURVE('',#9125,#9167);
#9167 = DEFINITIONAL_REPRESENTATION('',(#9168),#9172);
#9168 = LINE('',#9169,#9170);
#9169 = CARTESIAN_POINT('',(4.,0.));
#9170 = VECTOR('',#9171,1.);
#9171 = DIRECTION('',(0.,1.));
#9172 = ( GEOMETRIC_REPRESENTATION_CONTEXT(2) 
PARAMETRIC_REPRESENTATION_CONTEXT() REPRESENTATION_CONTEXT('2D SPACE',''
  ) );
#9173 = PCURVE('',#7899,#9174);
#9174 = DEFINITIONAL_REPRESENTATION('',(#9175),#9179);
#9175 = LINE('',#9176,#9177);
#9176 = CARTESIAN_POINT('',(4.,0.));
#9177 = VECTOR('',#9178,1.);
#9178 = DIRECTION('',(0.,1.));
#9179 = ( GEOMETRIC_REPRESENTATION_CONTEXT(2) 
PARAMETRIC_REPRESENTATION_CONTEXT() REPRESENTATION_CONTEXT('2D SPACE',''
  ) );
#9180 = ORIENTED_EDGE('',*,*,#9181,.F.);
#9181 = EDGE_CURVE('',#9182,#9154,#9184,.T.);
#9182 = VERTEX_POINT('',#9183);
#9183 = CARTESIAN_POINT('',(1.061237826458E-09,4.088492513166,
    -2.398295438516));
#9184 = SURFACE_CURVE('',#9185,(#9188,#9195),.PCURVE_S1.);
#9185 = B_SPLINE_CURVE_WITH_KNOTS('',1,(#9186,#9187),.UNSPECIFIED.,.F.,
  .F.,(2,2),(3.,4.),.PIECEWISE_BEZIER_KNOTS.);
#9186 = CARTESIAN_POINT('',(1.061237826458E-09,4.088492513166,
    -2.398295438516));
#9187 = CARTESIAN_POINT('',(9.515062823359E-10,4.088492513166,
    -2.426704529425));
#9188 = PCURVE('',#9125,#9189);
#9189 = DEFINITIONAL_REPRESENTATION('',(#9190),#9194);
#9190 = LINE('',#9191,#9192);
#9191 = CARTESIAN_POINT('',(0.,1.));
#9192 = VECTOR('',#9193,1.);
#9193 = DIRECTION('',(1.,0.));
#9194 = ( GEOMETRIC_REPRESENTATION_CONTEXT(2) 
PARAMETRIC_REPRESENTATION_CONTEXT() REPRESENTATION_CONTEXT('2D SPACE',''
  ) );
#9195 = PCURVE('',#7865,#9196);
#9196 = DEFINITIONAL_REPRESENTATION('',(#9197),#9200);
#9197 = B_SPLINE_CURVE_WITH_KNOTS('',1,(#9198,#9199),.UNSPECIFIED.,.F.,
  .F.,(2,2),(3.,4.),.PIECEWISE_BEZIER_KNOTS.);
#9198 = CARTESIAN_POINT('',(0.102157768772,-3.832848097222E-18));
#9199 = CARTESIAN_POINT('',(8.438210642214E-02,-2.21608274732E-02));
#9200 = ( GEOMETRIC_REPRESENTATION_CONTEXT(2) 
PARAMETRIC_REPRESENTATION_CONTEXT() REPRESENTATION_CONTEXT('2D SPACE',''
  ) );
#9201 = ORIENTED_EDGE('',*,*,#9202,.F.);
#9202 = EDGE_CURVE('',#8952,#9182,#9203,.T.);
#9203 = SURFACE_CURVE('',#9204,(#9213,#9220),.PCURVE_S1.);
#9204 = ( BOUNDED_CURVE() B_SPLINE_CURVE(7,(#9205,#9206,#9207,#9208,
    #9209,#9210,#9211,#9212),.UNSPECIFIED.,.F.,.F.) 
B_SPLINE_CURVE_WITH_KNOTS((8,8),(0.,1.),.PIECEWISE_BEZIER_KNOTS.) CURVE(
) GEOMETRIC_REPRESENTATION_ITEM() RATIONAL_B_SPLINE_CURVE((1.,1.,1.,
0.999999999999,1.000000000001,1.,1.,1.)) REPRESENTATION_ITEM('') );
#9205 = CARTESIAN_POINT('',(3.473417654454,-1.255813082212E-10,
    -2.568749997387));
#9206 = CARTESIAN_POINT('',(3.562106464647,0.786691391085,
    -2.544172622078));
#9207 = CARTESIAN_POINT('',(3.442659553089,1.618087389267,-2.51966261395
    ));
#9208 = CARTESIAN_POINT('',(3.094910528058,2.427676394,-2.49522521344));
#9209 = CARTESIAN_POINT('',(2.525267415087,3.1386326756,-2.470865354124)
  );
#9210 = CARTESIAN_POINT('',(1.774415930495,3.67893700003,-2.446587650003
    ));
#9211 = CARTESIAN_POINT('',(0.908049490403,4.001527343076,-2.42239636803
    ));
#9212 = CARTESIAN_POINT('',(1.061237826458E-09,4.088492513166,
    -2.398295438516));
#9213 = PCURVE('',#9125,#9214);
#9214 = DEFINITIONAL_REPRESENTATION('',(#9215),#9219);
#9215 = LINE('',#9216,#9217);
#9216 = CARTESIAN_POINT('',(3.,0.));
#9217 = VECTOR('',#9218,1.);
#9218 = DIRECTION('',(0.,1.));
#9219 = ( GEOMETRIC_REPRESENTATION_CONTEXT(2) 
PARAMETRIC_REPRESENTATION_CONTEXT() REPRESENTATION_CONTEXT('2D SPACE',''
  ) );
#9220 = PCURVE('',#7826,#9221);
#9221 = DEFINITIONAL_REPRESENTATION('',(#9222),#9226);
#9222 = LINE('',#9223,#9224);
#9223 = CARTESIAN_POINT('',(3.,0.));
#9224 = VECTOR('',#9225,1.);
#9225 = DIRECTION('',(0.,1.));
#9226 = ( GEOMETRIC_REPRESENTATION_CONTEXT(2) 
PARAMETRIC_REPRESENTATION_CONTEXT() REPRESENTATION_CONTEXT('2D SPACE',''
  ) );
#9227 = ADVANCED_FACE('',(#9228),#9051,.F.);
#9228 = FACE_BOUND('',#9229,.F.);
#9229 = EDGE_LOOP('',(#9230,#9276,#9305,#9306));
#9230 = ORIENTED_EDGE('',*,*,#9231,.T.);
#9231 = EDGE_CURVE('',#9232,#9234,#9236,.T.);
#9232 = VERTEX_POINT('',#9233);
#9233 = CARTESIAN_POINT('',(3.473417653305,-2.347226257612E-12,
    -5.06874999995));
#9234 = VERTEX_POINT('',#9235);
#9235 = CARTESIAN_POINT('',(3.473417653282,-2.34310131589E-12,
    -5.38124999995));
#9236 = SURFACE_CURVE('',#9237,(#9240,#9246),.PCURVE_S1.);
#9237 = B_SPLINE_CURVE_WITH_KNOTS('',1,(#9238,#9239),.UNSPECIFIED.,.F.,
  .F.,(2,2),(3.,4.),.PIECEWISE_BEZIER_KNOTS.);
#9238 = CARTESIAN_POINT('',(3.473417653293,6.494317076905E-14,-5.06875)
  );
#9239 = CARTESIAN_POINT('',(3.473417653293,6.494317076905E-14,-5.38125)
  );
#9240 = PCURVE('',#9051,#9241);
#9241 = DEFINITIONAL_REPRESENTATION('',(#9242),#9245);
#9242 = B_SPLINE_CURVE_WITH_KNOTS('',1,(#9243,#9244),.UNSPECIFIED.,.F.,
  .F.,(2,2),(3.,4.),.PIECEWISE_BEZIER_KNOTS.);
#9243 = CARTESIAN_POINT('',(3.,0.));
#9244 = CARTESIAN_POINT('',(4.,0.));
#9245 = ( GEOMETRIC_REPRESENTATION_CONTEXT(2) 
PARAMETRIC_REPRESENTATION_CONTEXT() REPRESENTATION_CONTEXT('2D SPACE',''
  ) );
#9246 = PCURVE('',#9247,#9270);
#9247 = ( BOUNDED_SURFACE() B_SPLINE_SURFACE(1,6,(
    (#9248,#9249,#9250,#9251,#9252,#9253,#9254,#9255,#9256,#9257,#9258)
    ,(#9259,#9260,#9261,#9262,#9263,#9264,#9265,#9266,#9267,#9268,#9269
)),.UNSPECIFIED.,.F.,.F.,.F.) B_SPLINE_SURFACE_WITH_KNOTS((2,2),(7,4,7),
(3.,4.),(0.,0.5,1.),.UNSPECIFIED.) GEOMETRIC_REPRESENTATION_ITEM() 
RATIONAL_B_SPLINE_SURFACE((
    (1.,1.,1.,1.,1.,1.,1.,1.,1.,1.,1.)
,(1.,1.,1.,1.,1.,1.,1.,1.,1.,1.,1.
  ))) REPRESENTATION_ITEM('') SURFACE() );
#9248 = CARTESIAN_POINT('',(3.473417653293,1.924790202791E-13,-6.31875)
  );
#9249 = CARTESIAN_POINT('',(3.461152214555,1.818260035831,
    -6.214583333333));
#9250 = CARTESIAN_POINT('',(2.366758218213,3.636520071662,
    -6.110416666677));
#9251 = CARTESIAN_POINT('',(-2.06212688784E-02,4.569015683894,
    -6.006249999996));
#9252 = CARTESIAN_POINT('',(-2.335276925452,3.636520071662,
    -5.902083333329));
#9253 = CARTESIAN_POINT('',(-4.611558381135,4.140218863057E-13,-5.69375)
  );
#9254 = CARTESIAN_POINT('',(-2.335276925452,-3.636520071662,
    -5.485416666671));
#9255 = CARTESIAN_POINT('',(-2.062126887851E-02,-4.569015683893,
    -5.381250000004));
#9256 = CARTESIAN_POINT('',(2.366758218213,-3.636520071662,
    -5.277083333323));
#9257 = CARTESIAN_POINT('',(3.461152214555,-1.818260035831,
    -5.172916666667));
#9258 = CARTESIAN_POINT('',(3.473417653293,6.494317076905E-14,-5.06875)
  );
#9259 = CARTESIAN_POINT('',(3.473417653293,1.924790202791E-13,-6.63125)
  );
#9260 = CARTESIAN_POINT('',(3.461152214555,1.818260035831,
    -6.527083333333));
#9261 = CARTESIAN_POINT('',(2.366758218213,3.636520071662,
    -6.422916666677));
#9262 = CARTESIAN_POINT('',(-2.06212688784E-02,4.569015683894,
    -6.318749999996));
#9263 = CARTESIAN_POINT('',(-2.335276925452,3.636520071662,
    -6.214583333329));
#9264 = CARTESIAN_POINT('',(-4.611558381135,4.140218863057E-13,-6.00625)
  );
#9265 = CARTESIAN_POINT('',(-2.335276925452,-3.636520071662,
    -5.797916666671));
#9266 = CARTESIAN_POINT('',(-2.062126887851E-02,-4.569015683893,
    -5.693750000004));
#9267 = CARTESIAN_POINT('',(2.366758218213,-3.636520071662,
    -5.589583333323));
#9268 = CARTESIAN_POINT('',(3.461152214555,-1.818260035831,
    -5.485416666667));
#9269 = CARTESIAN_POINT('',(3.473417653293,6.494317076905E-14,-5.38125)
  );
#9270 = DEFINITIONAL_REPRESENTATION('',(#9271),#9275);
#9271 = LINE('',#9272,#9273);
#9272 = CARTESIAN_POINT('',(0.,1.));
#9273 = VECTOR('',#9274,1.);
#9274 = DIRECTION('',(1.,0.));
#9275 = ( GEOMETRIC_REPRESENTATION_CONTEXT(2) 
PARAMETRIC_REPRESENTATION_CONTEXT() REPRESENTATION_CONTEXT('2D SPACE',''
  ) );
#9276 = ORIENTED_EDGE('',*,*,#9277,.T.);
#9277 = EDGE_CURVE('',#9234,#9038,#9278,.T.);
#9278 = SURFACE_CURVE('',#9279,(#9291,#9298),.PCURVE_S1.);
#9279 = ( BOUNDED_CURVE() B_SPLINE_CURVE(6,(#9280,#9281,#9282,#9283,
    #9284,#9285,#9286,#9287,#9288,#9289,#9290),.UNSPECIFIED.,.F.,.F.) 
B_SPLINE_CURVE_WITH_KNOTS((7,4,7),(0.,0.5,1.),.UNSPECIFIED.) CURVE() 
GEOMETRIC_REPRESENTATION_ITEM() RATIONAL_B_SPLINE_CURVE((1.,1.,1.,1.,1.,
1.,1.,1.,1.,1.,1.)) REPRESENTATION_ITEM('') );
#9280 = CARTESIAN_POINT('',(3.47341765327,-4.751145802549E-12,
    -5.381249999899));
#9281 = CARTESIAN_POINT('',(3.461152214534,1.818260035826,
    -5.277083333231));
#9282 = CARTESIAN_POINT('',(2.366758218194,3.636520071649,
    -5.172916666412));
#9283 = CARTESIAN_POINT('',(-2.062126888858E-02,4.569015683863,
    -5.068749999376));
#9284 = CARTESIAN_POINT('',(-2.33527692544,3.636520071614,
    -4.964583332365));
#9285 = CARTESIAN_POINT('',(-4.611558381065,-6.364914708953E-11,
    -4.756249998698));
#9286 = CARTESIAN_POINT('',(-2.335276925325,-3.63652007171,
    -4.547916665707));
#9287 = CARTESIAN_POINT('',(-2.0621268729E-02,-4.569015683923,
    -4.443749999384));
#9288 = CARTESIAN_POINT('',(2.366758218371,-3.636520071675,
    -4.339583333058));
#9289 = CARTESIAN_POINT('',(3.461152214716,-1.818260035836,
    -4.235416666564));
#9290 = CARTESIAN_POINT('',(3.473417653456,-4.911681185838E-12,
    -4.131249999899));
#9291 = PCURVE('',#9051,#9292);
#9292 = DEFINITIONAL_REPRESENTATION('',(#9293),#9297);
#9293 = LINE('',#9294,#9295);
#9294 = CARTESIAN_POINT('',(4.,0.));
#9295 = VECTOR('',#9296,1.);
#9296 = DIRECTION('',(0.,1.));
#9297 = ( GEOMETRIC_REPRESENTATION_CONTEXT(2) 
PARAMETRIC_REPRESENTATION_CONTEXT() REPRESENTATION_CONTEXT('2D SPACE',''
  ) );
#9298 = PCURVE('',#4786,#9299);
#9299 = DEFINITIONAL_REPRESENTATION('',(#9300),#9304);
#9300 = LINE('',#9301,#9302);
#9301 = CARTESIAN_POINT('',(4.,0.));
#9302 = VECTOR('',#9303,1.);
#9303 = DIRECTION('',(0.,1.));
#9304 = ( GEOMETRIC_REPRESENTATION_CONTEXT(2) 
PARAMETRIC_REPRESENTATION_CONTEXT() REPRESENTATION_CONTEXT('2D SPACE',''
  ) );
#9305 = ORIENTED_EDGE('',*,*,#9037,.F.);
#9306 = ORIENTED_EDGE('',*,*,#9307,.F.);
#9307 = EDGE_CURVE('',#9232,#8931,#9308,.T.);
#9308 = SURFACE_CURVE('',#9309,(#9321,#9328),.PCURVE_S1.);
#9309 = ( BOUNDED_CURVE() B_SPLINE_CURVE(6,(#9310,#9311,#9312,#9313,
    #9314,#9315,#9316,#9317,#9318,#9319,#9320),.UNSPECIFIED.,.F.,.F.) 
B_SPLINE_CURVE_WITH_KNOTS((7,4,7),(0.,0.5,1.),.UNSPECIFIED.) CURVE() 
GEOMETRIC_REPRESENTATION_ITEM() RATIONAL_B_SPLINE_CURVE((1.,1.,1.,1.,1.,
1.,1.,1.,1.,1.,1.)) REPRESENTATION_ITEM('') );
#9310 = CARTESIAN_POINT('',(3.473417653317,-4.759395685994E-12,
    -5.068749999899));
#9311 = CARTESIAN_POINT('',(3.461152214581,1.818260035826,
    -4.964583333231));
#9312 = CARTESIAN_POINT('',(2.366758218241,3.636520071649,
    -4.860416666412));
#9313 = CARTESIAN_POINT('',(-2.062126884213E-02,4.569015683863,
    -4.756249999376));
#9314 = CARTESIAN_POINT('',(-2.335276925393,3.636520071614,
    -4.652083332365));
#9315 = CARTESIAN_POINT('',(-4.611558381019,-6.365739697297E-11,
    -4.443749998698));
#9316 = CARTESIAN_POINT('',(-2.335276925279,-3.63652007171,
    -4.235416665707));
#9317 = CARTESIAN_POINT('',(-2.062126868256E-02,-4.569015683924,
    -4.131249999384));
#9318 = CARTESIAN_POINT('',(2.366758218418,-3.636520071675,
    -4.027083333058));
#9319 = CARTESIAN_POINT('',(3.461152214762,-1.818260035836,
    -3.922916666564));
#9320 = CARTESIAN_POINT('',(3.473417653502,-4.919931069282E-12,
    -3.818749999899));
#9321 = PCURVE('',#9051,#9322);
#9322 = DEFINITIONAL_REPRESENTATION('',(#9323),#9327);
#9323 = LINE('',#9324,#9325);
#9324 = CARTESIAN_POINT('',(3.,0.));
#9325 = VECTOR('',#9326,1.);
#9326 = DIRECTION('',(0.,1.));
#9327 = ( GEOMETRIC_REPRESENTATION_CONTEXT(2) 
PARAMETRIC_REPRESENTATION_CONTEXT() REPRESENTATION_CONTEXT('2D SPACE',''
  ) );
#9328 = PCURVE('',#7109,#9329);
#9329 = DEFINITIONAL_REPRESENTATION('',(#9330),#9334);
#9330 = LINE('',#9331,#9332);
#9331 = CARTESIAN_POINT('',(3.,0.));
#9332 = VECTOR('',#9333,1.);
#9333 = DIRECTION('',(0.,1.));
#9334 = ( GEOMETRIC_REPRESENTATION_CONTEXT(2) 
PARAMETRIC_REPRESENTATION_CONTEXT() REPRESENTATION_CONTEXT('2D SPACE',''
  ) );
#9335 = ADVANCED_FACE('',(#9336),#9247,.F.);
#9336 = FACE_BOUND('',#9337,.F.);
#9337 = EDGE_LOOP('',(#9338,#9378,#9407,#9408));
#9338 = ORIENTED_EDGE('',*,*,#9339,.T.);
#9339 = EDGE_CURVE('',#9340,#9342,#9344,.T.);
#9340 = VERTEX_POINT('',#9341);
#9341 = CARTESIAN_POINT('',(3.473417653015,5.800081429416E-11,
    -6.318750001206));
#9342 = VERTEX_POINT('',#9343);
#9343 = CARTESIAN_POINT('',(3.473417653572,5.800201003493E-11,
    -6.631250001206));
#9344 = SURFACE_CURVE('',#9345,(#9348,#9355),.PCURVE_S1.);
#9345 = B_SPLINE_CURVE_WITH_KNOTS('',1,(#9346,#9347),.UNSPECIFIED.,.F.,
  .F.,(2,2),(3.,4.),.PIECEWISE_BEZIER_KNOTS.);
#9346 = CARTESIAN_POINT('',(3.473417653293,1.924790202791E-13,-6.31875)
  );
#9347 = CARTESIAN_POINT('',(3.473417653293,1.924790202791E-13,-6.63125)
  );
#9348 = PCURVE('',#9247,#9349);
#9349 = DEFINITIONAL_REPRESENTATION('',(#9350),#9354);
#9350 = LINE('',#9351,#9352);
#9351 = CARTESIAN_POINT('',(0.,0.));
#9352 = VECTOR('',#9353,1.);
#9353 = DIRECTION('',(1.,0.));
#9354 = ( GEOMETRIC_REPRESENTATION_CONTEXT(2) 
PARAMETRIC_REPRESENTATION_CONTEXT() REPRESENTATION_CONTEXT('2D SPACE',''
  ) );
#9355 = PCURVE('',#9356,#9373);
#9356 = ( BOUNDED_SURFACE() B_SPLINE_SURFACE(1,7,(
    (#9357,#9358,#9359,#9360,#9361,#9362,#9363,#9364)
    ,(#9365,#9366,#9367,#9368,#9369,#9370,#9371,#9372
)),.UNSPECIFIED.,.F.,.F.,.F.) B_SPLINE_SURFACE_WITH_KNOTS((2,2),(8,8),(
    3.,4.),(0.,1.),.PIECEWISE_BEZIER_KNOTS.) 
GEOMETRIC_REPRESENTATION_ITEM() RATIONAL_B_SPLINE_SURFACE((
    (1.,1.,1.,1.,1.,1.,1.,1.)
,(1.,1.,1.,1.,1.,1.,1.,1.))) REPRESENTATION_ITEM('') SURFACE() );
#9357 = CARTESIAN_POINT('',(3.473417652736,1.15809149568E-10,
    -6.318750002412));
#9358 = CARTESIAN_POINT('',(3.562108226247,-0.786707035064,
    -6.38429097382));
#9359 = CARTESIAN_POINT('',(3.442654275459,-1.618115761801,
    -6.449651900127));
#9360 = CARTESIAN_POINT('',(3.094892614733,-2.427709378975,
    -6.514818784349));
#9361 = CARTESIAN_POINT('',(2.525238248821,-3.138659330254,
    -6.579778441217));
#9362 = CARTESIAN_POINT('',(1.774385332902,-3.678950344911,
    -6.64451855586));
#9363 = CARTESIAN_POINT('',(0.908029733192,-4.001529237589,
    -6.709027728148));
#9364 = CARTESIAN_POINT('',(3.63684633491E-10,-4.088492513226,
    -6.773295469339));
#9365 = CARTESIAN_POINT('',(3.47341765385,1.158115410496E-10,
    -6.631250002412));
#9366 = CARTESIAN_POINT('',(3.562108227215,-0.786707035064,
    -6.655827866417));
#9367 = CARTESIAN_POINT('',(3.442654276281,-1.618115761801,
    -6.680338214368));
#9368 = CARTESIAN_POINT('',(3.09489261541,-2.427709378975,
    -6.704775796072));
#9369 = CARTESIAN_POINT('',(2.525238249353,-3.138659330254,
    -6.729135669488));
#9370 = CARTESIAN_POINT('',(1.77438533329,-3.678950344911,
    -6.753413213492));
#9371 = CARTESIAN_POINT('',(0.908029733437,-4.001529237589,
    -6.777604155356));
#9372 = CARTESIAN_POINT('',(4.649543459364E-10,-4.088492513226,
    -6.801704560248));
#9373 = DEFINITIONAL_REPRESENTATION('',(#9374),#9377);
#9374 = B_SPLINE_CURVE_WITH_KNOTS('',1,(#9375,#9376),.UNSPECIFIED.,.F.,
  .F.,(2,2),(3.,4.),.PIECEWISE_BEZIER_KNOTS.);
#9375 = CARTESIAN_POINT('',(3.,0.));
#9376 = CARTESIAN_POINT('',(4.,0.));
#9377 = ( GEOMETRIC_REPRESENTATION_CONTEXT(2) 
PARAMETRIC_REPRESENTATION_CONTEXT() REPRESENTATION_CONTEXT('2D SPACE',''
  ) );
#9378 = ORIENTED_EDGE('',*,*,#9379,.T.);
#9379 = EDGE_CURVE('',#9342,#9234,#9380,.T.);
#9380 = SURFACE_CURVE('',#9381,(#9393,#9400),.PCURVE_S1.);
#9381 = ( BOUNDED_CURVE() B_SPLINE_CURVE(6,(#9382,#9383,#9384,#9385,
    #9386,#9387,#9388,#9389,#9390,#9391,#9392),.UNSPECIFIED.,.F.,.F.) 
B_SPLINE_CURVE_WITH_KNOTS((7,4,7),(0.,0.5,1.),.UNSPECIFIED.) CURVE() 
GEOMETRIC_REPRESENTATION_ITEM() RATIONAL_B_SPLINE_CURVE((1.,1.,1.,1.,1.,
1.,1.,1.,1.,1.,1.)) REPRESENTATION_ITEM('') );
#9382 = CARTESIAN_POINT('',(3.473417653293,1.924790202791E-13,-6.63125)
  );
#9383 = CARTESIAN_POINT('',(3.461152214555,1.818260035831,
    -6.527083333333));
#9384 = CARTESIAN_POINT('',(2.366758218213,3.636520071662,
    -6.422916666677));
#9385 = CARTESIAN_POINT('',(-2.06212688784E-02,4.569015683894,
    -6.318749999996));
#9386 = CARTESIAN_POINT('',(-2.335276925452,3.636520071662,
    -6.214583333329));
#9387 = CARTESIAN_POINT('',(-4.611558381135,4.140218863057E-13,-6.00625)
  );
#9388 = CARTESIAN_POINT('',(-2.335276925452,-3.636520071662,
    -5.797916666671));
#9389 = CARTESIAN_POINT('',(-2.062126887851E-02,-4.569015683893,
    -5.693750000004));
#9390 = CARTESIAN_POINT('',(2.366758218213,-3.636520071662,
    -5.589583333323));
#9391 = CARTESIAN_POINT('',(3.461152214555,-1.818260035831,
    -5.485416666667));
#9392 = CARTESIAN_POINT('',(3.473417653293,6.494317076905E-14,-5.38125)
  );
#9393 = PCURVE('',#9247,#9394);
#9394 = DEFINITIONAL_REPRESENTATION('',(#9395),#9399);
#9395 = LINE('',#9396,#9397);
#9396 = CARTESIAN_POINT('',(4.,0.));
#9397 = VECTOR('',#9398,1.);
#9398 = DIRECTION('',(0.,1.));
#9399 = ( GEOMETRIC_REPRESENTATION_CONTEXT(2) 
PARAMETRIC_REPRESENTATION_CONTEXT() REPRESENTATION_CONTEXT('2D SPACE',''
  ) );
#9400 = PCURVE('',#3864,#9401);
#9401 = DEFINITIONAL_REPRESENTATION('',(#9402),#9406);
#9402 = LINE('',#9403,#9404);
#9403 = CARTESIAN_POINT('',(4.,0.));
#9404 = VECTOR('',#9405,1.);
#9405 = DIRECTION('',(0.,1.));
#9406 = ( GEOMETRIC_REPRESENTATION_CONTEXT(2) 
PARAMETRIC_REPRESENTATION_CONTEXT() REPRESENTATION_CONTEXT('2D SPACE',''
  ) );
#9407 = ORIENTED_EDGE('',*,*,#9231,.F.);
#9408 = ORIENTED_EDGE('',*,*,#9409,.F.);
#9409 = EDGE_CURVE('',#9340,#9232,#9410,.T.);
#9410 = SURFACE_CURVE('',#9411,(#9423,#9430),.PCURVE_S1.);
#9411 = ( BOUNDED_CURVE() B_SPLINE_CURVE(6,(#9412,#9413,#9414,#9415,
    #9416,#9417,#9418,#9419,#9420,#9421,#9422),.UNSPECIFIED.,.F.,.F.) 
B_SPLINE_CURVE_WITH_KNOTS((7,4,7),(0.,0.5,1.),.UNSPECIFIED.) CURVE() 
GEOMETRIC_REPRESENTATION_ITEM() RATIONAL_B_SPLINE_CURVE((1.,1.,1.,1.,1.,
1.,1.,1.,1.,1.,1.)) REPRESENTATION_ITEM('') );
#9412 = CARTESIAN_POINT('',(3.473417653293,1.924790202791E-13,-6.31875)
  );
#9413 = CARTESIAN_POINT('',(3.461152214555,1.818260035831,
    -6.214583333333));
#9414 = CARTESIAN_POINT('',(2.366758218213,3.636520071662,
    -6.110416666677));
#9415 = CARTESIAN_POINT('',(-2.06212688784E-02,4.569015683894,
    -6.006249999996));
#9416 = CARTESIAN_POINT('',(-2.335276925452,3.636520071662,
    -5.902083333329));
#9417 = CARTESIAN_POINT('',(-4.611558381135,4.140218863057E-13,-5.69375)
  );
#9418 = CARTESIAN_POINT('',(-2.335276925452,-3.636520071662,
    -5.485416666671));
#9419 = CARTESIAN_POINT('',(-2.062126887851E-02,-4.569015683893,
    -5.381250000004));
#9420 = CARTESIAN_POINT('',(2.366758218213,-3.636520071662,
    -5.277083333323));
#9421 = CARTESIAN_POINT('',(3.461152214555,-1.818260035831,
    -5.172916666667));
#9422 = CARTESIAN_POINT('',(3.473417653293,6.494317076905E-14,-5.06875)
  );
#9423 = PCURVE('',#9247,#9424);
#9424 = DEFINITIONAL_REPRESENTATION('',(#9425),#9429);
#9425 = LINE('',#9426,#9427);
#9426 = CARTESIAN_POINT('',(3.,0.));
#9427 = VECTOR('',#9428,1.);
#9428 = DIRECTION('',(0.,1.));
#9429 = ( GEOMETRIC_REPRESENTATION_CONTEXT(2) 
PARAMETRIC_REPRESENTATION_CONTEXT() REPRESENTATION_CONTEXT('2D SPACE',''
  ) );
#9430 = PCURVE('',#5563,#9431);
#9431 = DEFINITIONAL_REPRESENTATION('',(#9432),#9436);
#9432 = LINE('',#9433,#9434);
#9433 = CARTESIAN_POINT('',(3.,0.));
#9434 = VECTOR('',#9435,1.);
#9435 = DIRECTION('',(0.,1.));
#9436 = ( GEOMETRIC_REPRESENTATION_CONTEXT(2) 
PARAMETRIC_REPRESENTATION_CONTEXT() REPRESENTATION_CONTEXT('2D SPACE',''
  ) );
#9437 = ADVANCED_FACE('',(#9438),#9356,.T.);
#9438 = FACE_BOUND('',#9439,.T.);
#9439 = EDGE_LOOP('',(#9440,#9441,#9469,#9490));
#9440 = ORIENTED_EDGE('',*,*,#9339,.T.);
#9441 = ORIENTED_EDGE('',*,*,#9442,.T.);
#9442 = EDGE_CURVE('',#9342,#9443,#9445,.T.);
#9443 = VERTEX_POINT('',#9444);
#9444 = CARTESIAN_POINT('',(4.649543459364E-10,-4.088492513226,
    -6.801704560248));
#9445 = SURFACE_CURVE('',#9446,(#9455,#9462),.PCURVE_S1.);
#9446 = ( BOUNDED_CURVE() B_SPLINE_CURVE(7,(#9447,#9448,#9449,#9450,
    #9451,#9452,#9453,#9454),.UNSPECIFIED.,.F.,.F.) 
B_SPLINE_CURVE_WITH_KNOTS((8,8),(0.,1.),.PIECEWISE_BEZIER_KNOTS.) CURVE(
) GEOMETRIC_REPRESENTATION_ITEM() RATIONAL_B_SPLINE_CURVE((1.,1.,1.,1.,
1.,1.,1.,1.)) REPRESENTATION_ITEM('') );
#9447 = CARTESIAN_POINT('',(3.47341765385,1.158115410496E-10,
    -6.631250002412));
#9448 = CARTESIAN_POINT('',(3.562108227215,-0.786707035064,
    -6.655827866417));
#9449 = CARTESIAN_POINT('',(3.442654276281,-1.618115761801,
    -6.680338214368));
#9450 = CARTESIAN_POINT('',(3.09489261541,-2.427709378975,
    -6.704775796072));
#9451 = CARTESIAN_POINT('',(2.525238249353,-3.138659330254,
    -6.729135669488));
#9452 = CARTESIAN_POINT('',(1.77438533329,-3.678950344911,
    -6.753413213492));
#9453 = CARTESIAN_POINT('',(0.908029733437,-4.001529237589,
    -6.777604155356));
#9454 = CARTESIAN_POINT('',(4.649543459364E-10,-4.088492513226,
    -6.801704560248));
#9455 = PCURVE('',#9356,#9456);
#9456 = DEFINITIONAL_REPRESENTATION('',(#9457),#9461);
#9457 = LINE('',#9458,#9459);
#9458 = CARTESIAN_POINT('',(4.,0.));
#9459 = VECTOR('',#9460,1.);
#9460 = DIRECTION('',(0.,1.));
#9461 = ( GEOMETRIC_REPRESENTATION_CONTEXT(2) 
PARAMETRIC_REPRESENTATION_CONTEXT() REPRESENTATION_CONTEXT('2D SPACE',''
  ) );
#9462 = PCURVE('',#4545,#9463);
#9463 = DEFINITIONAL_REPRESENTATION('',(#9464),#9468);
#9464 = LINE('',#9465,#9466);
#9465 = CARTESIAN_POINT('',(4.,0.));
#9466 = VECTOR('',#9467,1.);
#9467 = DIRECTION('',(0.,1.));
#9468 = ( GEOMETRIC_REPRESENTATION_CONTEXT(2) 
PARAMETRIC_REPRESENTATION_CONTEXT() REPRESENTATION_CONTEXT('2D SPACE',''
  ) );
#9469 = ORIENTED_EDGE('',*,*,#9470,.F.);
#9470 = EDGE_CURVE('',#9471,#9443,#9473,.T.);
#9471 = VERTEX_POINT('',#9472);
#9472 = CARTESIAN_POINT('',(3.63684633491E-10,-4.088492513226,
    -6.773295469339));
#9473 = SURFACE_CURVE('',#9474,(#9477,#9484),.PCURVE_S1.);
#9474 = B_SPLINE_CURVE_WITH_KNOTS('',1,(#9475,#9476),.UNSPECIFIED.,.F.,
  .F.,(2,2),(3.,4.),.PIECEWISE_BEZIER_KNOTS.);
#9475 = CARTESIAN_POINT('',(3.63684633491E-10,-4.088492513226,
    -6.773295469339));
#9476 = CARTESIAN_POINT('',(4.649543459364E-10,-4.088492513226,
    -6.801704560248));
#9477 = PCURVE('',#9356,#9478);
#9478 = DEFINITIONAL_REPRESENTATION('',(#9479),#9483);
#9479 = LINE('',#9480,#9481);
#9480 = CARTESIAN_POINT('',(0.,1.));
#9481 = VECTOR('',#9482,1.);
#9482 = DIRECTION('',(1.,0.));
#9483 = ( GEOMETRIC_REPRESENTATION_CONTEXT(2) 
PARAMETRIC_REPRESENTATION_CONTEXT() REPRESENTATION_CONTEXT('2D SPACE',''
  ) );
#9484 = PCURVE('',#4584,#9485);
#9485 = DEFINITIONAL_REPRESENTATION('',(#9486),#9489);
#9486 = B_SPLINE_CURVE_WITH_KNOTS('',1,(#9487,#9488),.UNSPECIFIED.,.F.,
  .F.,(2,2),(3.,4.),.PIECEWISE_BEZIER_KNOTS.);
#9487 = CARTESIAN_POINT('',(0.102157768772,-3.832848097222E-18));
#9488 = CARTESIAN_POINT('',(8.438210642214E-02,-2.21608274732E-02));
#9489 = ( GEOMETRIC_REPRESENTATION_CONTEXT(2) 
PARAMETRIC_REPRESENTATION_CONTEXT() REPRESENTATION_CONTEXT('2D SPACE',''
  ) );
#9490 = ORIENTED_EDGE('',*,*,#9491,.F.);
#9491 = EDGE_CURVE('',#9340,#9471,#9492,.T.);
#9492 = SURFACE_CURVE('',#9493,(#9502,#9509),.PCURVE_S1.);
#9493 = ( BOUNDED_CURVE() B_SPLINE_CURVE(7,(#9494,#9495,#9496,#9497,
    #9498,#9499,#9500,#9501),.UNSPECIFIED.,.F.,.F.) 
B_SPLINE_CURVE_WITH_KNOTS((8,8),(0.,1.),.PIECEWISE_BEZIER_KNOTS.) CURVE(
) GEOMETRIC_REPRESENTATION_ITEM() RATIONAL_B_SPLINE_CURVE((1.,1.,1.,1.,
1.,1.,1.,1.)) REPRESENTATION_ITEM('') );
#9494 = CARTESIAN_POINT('',(3.473417652736,1.15809149568E-10,
    -6.318750002412));
#9495 = CARTESIAN_POINT('',(3.562108226247,-0.786707035064,
    -6.38429097382));
#9496 = CARTESIAN_POINT('',(3.442654275459,-1.618115761801,
    -6.449651900127));
#9497 = CARTESIAN_POINT('',(3.094892614733,-2.427709378975,
    -6.514818784349));
#9498 = CARTESIAN_POINT('',(2.525238248821,-3.138659330254,
    -6.579778441217));
#9499 = CARTESIAN_POINT('',(1.774385332902,-3.678950344911,
    -6.64451855586));
#9500 = CARTESIAN_POINT('',(0.908029733192,-4.001529237589,
    -6.709027728148));
#9501 = CARTESIAN_POINT('',(3.63684633491E-10,-4.088492513226,
    -6.773295469339));
#9502 = PCURVE('',#9356,#9503);
#9503 = DEFINITIONAL_REPRESENTATION('',(#9504),#9508);
#9504 = LINE('',#9505,#9506);
#9505 = CARTESIAN_POINT('',(3.,0.));
#9506 = VECTOR('',#9507,1.);
#9507 = DIRECTION('',(0.,1.));
#9508 = ( GEOMETRIC_REPRESENTATION_CONTEXT(2) 
PARAMETRIC_REPRESENTATION_CONTEXT() REPRESENTATION_CONTEXT('2D SPACE',''
  ) );
#9509 = PCURVE('',#4620,#9510);
#9510 = DEFINITIONAL_REPRESENTATION('',(#9511),#9515);
#9511 = LINE('',#9512,#9513);
#9512 = CARTESIAN_POINT('',(3.,0.));
#9513 = VECTOR('',#9514,1.);
#9514 = DIRECTION('',(0.,1.));
#9515 = ( GEOMETRIC_REPRESENTATION_CONTEXT(2) 
PARAMETRIC_REPRESENTATION_CONTEXT() REPRESENTATION_CONTEXT('2D SPACE',''
  ) );
#9516 = ADVANCED_FACE('',(#9517),#7958,.F.);
#9517 = FACE_BOUND('',#9518,.F.);
#9518 = EDGE_LOOP('',(#9519,#9520));
#9519 = ORIENTED_EDGE('',*,*,#7924,.F.);
#9520 = ORIENTED_EDGE('',*,*,#8901,.T.);
#9521 = ADVANCED_FACE('',(#9522),#7899,.F.);
#9522 = FACE_BOUND('',#9523,.F.);
#9523 = EDGE_LOOP('',(#9524,#9543,#9544,#9563));
#9524 = ORIENTED_EDGE('',*,*,#9525,.T.);
#9525 = EDGE_CURVE('',#9082,#6226,#9526,.T.);
#9526 = SURFACE_CURVE('',#9527,(#9530,#9536),.PCURVE_S1.);
#9527 = B_SPLINE_CURVE_WITH_KNOTS('',1,(#9528,#9529),.UNSPECIFIED.,.F.,
  .F.,(2,2),(4.,5.),.PIECEWISE_BEZIER_KNOTS.);
#9528 = CARTESIAN_POINT('',(3.473417653804,-9.921303863726E-12,
    -2.881249999799));
#9529 = CARTESIAN_POINT('',(4.150000000395,-7.54523003338E-14,-3.271875)
  );
#9530 = PCURVE('',#7899,#9531);
#9531 = DEFINITIONAL_REPRESENTATION('',(#9532),#9535);
#9532 = B_SPLINE_CURVE_WITH_KNOTS('',1,(#9533,#9534),.UNSPECIFIED.,.F.,
  .F.,(2,2),(4.,5.),.PIECEWISE_BEZIER_KNOTS.);
#9533 = CARTESIAN_POINT('',(4.,0.));
#9534 = CARTESIAN_POINT('',(5.,0.));
#9535 = ( GEOMETRIC_REPRESENTATION_CONTEXT(2) 
PARAMETRIC_REPRESENTATION_CONTEXT() REPRESENTATION_CONTEXT('2D SPACE',''
  ) );
#9536 = PCURVE('',#6338,#9537);
#9537 = DEFINITIONAL_REPRESENTATION('',(#9538),#9542);
#9538 = LINE('',#9539,#9540);
#9539 = CARTESIAN_POINT('',(0.,1.));
#9540 = VECTOR('',#9541,1.);
#9541 = DIRECTION('',(1.,0.));
#9542 = ( GEOMETRIC_REPRESENTATION_CONTEXT(2) 
PARAMETRIC_REPRESENTATION_CONTEXT() REPRESENTATION_CONTEXT('2D SPACE',''
  ) );
#9543 = ORIENTED_EDGE('',*,*,#7876,.T.);
#9544 = ORIENTED_EDGE('',*,*,#9545,.F.);
#9545 = EDGE_CURVE('',#9154,#7851,#9546,.T.);
#9546 = SURFACE_CURVE('',#9547,(#9550,#9557),.PCURVE_S1.);
#9547 = B_SPLINE_CURVE_WITH_KNOTS('',1,(#9548,#9549),.UNSPECIFIED.,.F.,
  .F.,(2,2),(4.,5.),.PIECEWISE_BEZIER_KNOTS.);
#9548 = CARTESIAN_POINT('',(9.515062823359E-10,4.088492513166,
    -2.426704529425));
#9549 = CARTESIAN_POINT('',(8.029408414869E-10,4.14999999923,
    -2.462215893061));
#9550 = PCURVE('',#7899,#9551);
#9551 = DEFINITIONAL_REPRESENTATION('',(#9552),#9556);
#9552 = LINE('',#9553,#9554);
#9553 = CARTESIAN_POINT('',(0.,1.));
#9554 = VECTOR('',#9555,1.);
#9555 = DIRECTION('',(1.,0.));
#9556 = ( GEOMETRIC_REPRESENTATION_CONTEXT(2) 
PARAMETRIC_REPRESENTATION_CONTEXT() REPRESENTATION_CONTEXT('2D SPACE',''
  ) );
#9557 = PCURVE('',#7865,#9558);
#9558 = DEFINITIONAL_REPRESENTATION('',(#9559),#9562);
#9559 = B_SPLINE_CURVE_WITH_KNOTS('',1,(#9560,#9561),.UNSPECIFIED.,.F.,
  .F.,(2,2),(4.,5.),.PIECEWISE_BEZIER_KNOTS.);
#9560 = CARTESIAN_POINT('',(8.438210642214E-02,-2.21608274732E-02));
#9561 = CARTESIAN_POINT('',(1.418292958285E-02,-1.137642390405E-02));
#9562 = ( GEOMETRIC_REPRESENTATION_CONTEXT(2) 
PARAMETRIC_REPRESENTATION_CONTEXT() REPRESENTATION_CONTEXT('2D SPACE',''
  ) );
#9563 = ORIENTED_EDGE('',*,*,#9153,.F.);
#9564 = ADVANCED_FACE('',(#9565),#7865,.T.);
#9565 = FACE_BOUND('',#9566,.T.);
#9566 = EDGE_LOOP('',(#9567,#9568,#9569,#9570));
#9567 = ORIENTED_EDGE('',*,*,#7850,.F.);
#9568 = ORIENTED_EDGE('',*,*,#9545,.F.);
#9569 = ORIENTED_EDGE('',*,*,#9181,.F.);
#9570 = ORIENTED_EDGE('',*,*,#9571,.F.);
#9571 = EDGE_CURVE('',#7802,#9182,#9572,.T.);
#9572 = SURFACE_CURVE('',#9573,(#9576,#9582),.PCURVE_S1.);
#9573 = B_SPLINE_CURVE_WITH_KNOTS('',1,(#9574,#9575),.UNSPECIFIED.,.F.,
  .F.,(2,2),(2.,3.),.PIECEWISE_BEZIER_KNOTS.);
#9574 = CARTESIAN_POINT('',(1.187001245915E-09,4.14999999923,
    -2.362784074879));
#9575 = CARTESIAN_POINT('',(1.061237826458E-09,4.088492513166,
    -2.398295438516));
#9576 = PCURVE('',#7865,#9577);
#9577 = DEFINITIONAL_REPRESENTATION('',(#9578),#9581);
#9578 = B_SPLINE_CURVE_WITH_KNOTS('',1,(#9579,#9580),.UNSPECIFIED.,.F.,
  .F.,(2,2),(2.,3.),.PIECEWISE_BEZIER_KNOTS.);
#9579 = CARTESIAN_POINT('',(7.639774780812E-02,6.618647225216E-02));
#9580 = CARTESIAN_POINT('',(0.102157768772,-3.832848097222E-18));
#9581 = ( GEOMETRIC_REPRESENTATION_CONTEXT(2) 
PARAMETRIC_REPRESENTATION_CONTEXT() REPRESENTATION_CONTEXT('2D SPACE',''
  ) );
#9582 = PCURVE('',#7826,#9583);
#9583 = DEFINITIONAL_REPRESENTATION('',(#9584),#9588);
#9584 = LINE('',#9585,#9586);
#9585 = CARTESIAN_POINT('',(0.,1.));
#9586 = VECTOR('',#9587,1.);
#9587 = DIRECTION('',(1.,0.));
#9588 = ( GEOMETRIC_REPRESENTATION_CONTEXT(2) 
PARAMETRIC_REPRESENTATION_CONTEXT() REPRESENTATION_CONTEXT('2D SPACE',''
  ) );
#9589 = ADVANCED_FACE('',(#9590),#7826,.F.);
#9590 = FACE_BOUND('',#9591,.F.);
#9591 = EDGE_LOOP('',(#9592,#9593,#9594,#9595));
#9592 = ORIENTED_EDGE('',*,*,#9005,.T.);
#9593 = ORIENTED_EDGE('',*,*,#9202,.T.);
#9594 = ORIENTED_EDGE('',*,*,#9571,.F.);
#9595 = ORIENTED_EDGE('',*,*,#7799,.F.);
#9596 = ADVANCED_FACE('',(#9597),#7731,.F.);
#9597 = FACE_BOUND('',#9598,.F.);
#9598 = EDGE_LOOP('',(#9599,#9628));
#9599 = ORIENTED_EDGE('',*,*,#9600,.T.);
#9600 = EDGE_CURVE('',#7663,#7698,#9601,.T.);
#9601 = SURFACE_CURVE('',#9602,(#9614,#9621),.PCURVE_S1.);
#9602 = ( BOUNDED_CURVE() B_SPLINE_CURVE(6,(#9603,#9604,#9605,#9606,
    #9607,#9608,#9609,#9610,#9611,#9612,#9613),.UNSPECIFIED.,.F.,.F.) 
B_SPLINE_CURVE_WITH_KNOTS((7,4,7),(0.,0.5,1.),.UNSPECIFIED.) CURVE() 
GEOMETRIC_REPRESENTATION_ITEM() RATIONAL_B_SPLINE_CURVE((1.,1.,1.,1.,1.,
1.,1.,1.,1.,1.,1.)) REPRESENTATION_ITEM('') );
#9603 = CARTESIAN_POINT('',(4.150000000081,-1.621365286755E-14,-4.678125
    ));
#9604 = CARTESIAN_POINT('',(4.135345393253,2.172436459448,
    -4.573958333331));
#9605 = CARTESIAN_POINT('',(2.827775863593,4.344872918886,-4.46979166648
    ));
#9606 = CARTESIAN_POINT('',(-2.463805764148E-02,5.459008095198,
    -4.365624999376));
#9607 = CARTESIAN_POINT('',(-2.790162372543,4.344872918846,
    -4.261458332298));
#9608 = CARTESIAN_POINT('',(-5.509837627172,-7.0362300867E-11,
    -4.053124998564));
#9609 = CARTESIAN_POINT('',(-2.790162372418,-4.344872918947,
    -3.84479166564));
#9610 = CARTESIAN_POINT('',(-2.463805746893E-02,-5.459008095259,
    -3.740624999384));
#9611 = CARTESIAN_POINT('',(2.82777586378,-4.344872918906,
    -3.636458333127));
#9612 = CARTESIAN_POINT('',(4.13534539344,-2.172436459448,
    -3.532291666665));
#9613 = CARTESIAN_POINT('',(4.150000000267,-5.098954348558E-14,-3.428125
    ));
#9614 = PCURVE('',#7731,#9615);
#9615 = DEFINITIONAL_REPRESENTATION('',(#9616),#9620);
#9616 = LINE('',#9617,#9618);
#9617 = CARTESIAN_POINT('',(2.,0.));
#9618 = VECTOR('',#9619,1.);
#9619 = DIRECTION('',(0.,1.));
#9620 = ( GEOMETRIC_REPRESENTATION_CONTEXT(2) 
PARAMETRIC_REPRESENTATION_CONTEXT() REPRESENTATION_CONTEXT('2D SPACE',''
  ) );
#9621 = PCURVE('',#7109,#9622);
#9622 = DEFINITIONAL_REPRESENTATION('',(#9623),#9627);
#9623 = LINE('',#9624,#9625);
#9624 = CARTESIAN_POINT('',(2.,0.));
#9625 = VECTOR('',#9626,1.);
#9626 = DIRECTION('',(0.,1.));
#9627 = ( GEOMETRIC_REPRESENTATION_CONTEXT(2) 
PARAMETRIC_REPRESENTATION_CONTEXT() REPRESENTATION_CONTEXT('2D SPACE',''
  ) );
#9628 = ORIENTED_EDGE('',*,*,#7697,.T.);
#9629 = ADVANCED_FACE('',(#9630),#7623,.F.);
#9630 = FACE_BOUND('',#9631,.F.);
#9631 = EDGE_LOOP('',(#9632,#9661));
#9632 = ORIENTED_EDGE('',*,*,#9633,.T.);
#9633 = EDGE_CURVE('',#7556,#7590,#9634,.T.);
#9634 = SURFACE_CURVE('',#9635,(#9647,#9654),.PCURVE_S1.);
#9635 = ( BOUNDED_CURVE() B_SPLINE_CURVE(6,(#9636,#9637,#9638,#9639,
    #9640,#9641,#9642,#9643,#9644,#9645,#9646),.UNSPECIFIED.,.F.,.F.) 
B_SPLINE_CURVE_WITH_KNOTS((7,4,7),(0.,0.5,1.),.UNSPECIFIED.) CURVE() 
GEOMETRIC_REPRESENTATION_ITEM() RATIONAL_B_SPLINE_CURVE((1.,1.,1.,1.,1.,
1.,1.,1.,1.,1.,1.)) REPRESENTATION_ITEM('') );
#9636 = CARTESIAN_POINT('',(4.150000000081,-1.621365286755E-14,-4.678125
    ));
#9637 = CARTESIAN_POINT('',(4.135345393253,2.172436459448,
    -4.573958333331));
#9638 = CARTESIAN_POINT('',(2.827775863593,4.344872918886,-4.46979166648
    ));
#9639 = CARTESIAN_POINT('',(-2.463805764148E-02,5.459008095198,
    -4.365624999376));
#9640 = CARTESIAN_POINT('',(-2.790162372543,4.344872918846,
    -4.261458332298));
#9641 = CARTESIAN_POINT('',(-5.509837627172,-7.0362300867E-11,
    -4.053124998564));
#9642 = CARTESIAN_POINT('',(-2.790162372418,-4.344872918947,
    -3.84479166564));
#9643 = CARTESIAN_POINT('',(-2.463805746893E-02,-5.459008095259,
    -3.740624999384));
#9644 = CARTESIAN_POINT('',(2.82777586378,-4.344872918906,
    -3.636458333127));
#9645 = CARTESIAN_POINT('',(4.13534539344,-2.172436459448,
    -3.532291666665));
#9646 = CARTESIAN_POINT('',(4.150000000267,-5.098954348558E-14,-3.428125
    ));
#9647 = PCURVE('',#7623,#9648);
#9648 = DEFINITIONAL_REPRESENTATION('',(#9649),#9653);
#9649 = LINE('',#9650,#9651);
#9650 = CARTESIAN_POINT('',(2.,0.));
#9651 = VECTOR('',#9652,1.);
#9652 = DIRECTION('',(0.,1.));
#9653 = ( GEOMETRIC_REPRESENTATION_CONTEXT(2) 
PARAMETRIC_REPRESENTATION_CONTEXT() REPRESENTATION_CONTEXT('2D SPACE',''
  ) );
#9654 = PCURVE('',#7109,#9655);
#9655 = DEFINITIONAL_REPRESENTATION('',(#9656),#9660);
#9656 = LINE('',#9657,#9658);
#9657 = CARTESIAN_POINT('',(2.,0.));
#9658 = VECTOR('',#9659,1.);
#9659 = DIRECTION('',(0.,1.));
#9660 = ( GEOMETRIC_REPRESENTATION_CONTEXT(2) 
PARAMETRIC_REPRESENTATION_CONTEXT() REPRESENTATION_CONTEXT('2D SPACE',''
  ) );
#9661 = ORIENTED_EDGE('',*,*,#7589,.F.);
#9662 = ADVANCED_FACE('',(#9663),#7516,.F.);
#9663 = FACE_BOUND('',#9664,.F.);
#9664 = EDGE_LOOP('',(#9665,#9694));
#9665 = ORIENTED_EDGE('',*,*,#9666,.T.);
#9666 = EDGE_CURVE('',#7427,#7483,#9667,.T.);
#9667 = SURFACE_CURVE('',#9668,(#9680,#9687),.PCURVE_S1.);
#9668 = ( BOUNDED_CURVE() B_SPLINE_CURVE(6,(#9669,#9670,#9671,#9672,
    #9673,#9674,#9675,#9676,#9677,#9678,#9679),.UNSPECIFIED.,.F.,.F.) 
B_SPLINE_CURVE_WITH_KNOTS((7,4,7),(0.,0.5,1.),.UNSPECIFIED.) CURVE() 
GEOMETRIC_REPRESENTATION_ITEM() RATIONAL_B_SPLINE_CURVE((1.,1.,1.,1.,1.,
1.,1.,1.,1.,1.,1.)) REPRESENTATION_ITEM('') );
#9669 = CARTESIAN_POINT('',(4.150000000081,-1.621365286755E-14,-4.678125
    ));
#9670 = CARTESIAN_POINT('',(4.135345393253,2.172436459448,
    -4.573958333331));
#9671 = CARTESIAN_POINT('',(2.827775863593,4.344872918886,-4.46979166648
    ));
#9672 = CARTESIAN_POINT('',(-2.463805764148E-02,5.459008095198,
    -4.365624999376));
#9673 = CARTESIAN_POINT('',(-2.790162372543,4.344872918846,
    -4.261458332298));
#9674 = CARTESIAN_POINT('',(-5.509837627172,-7.0362300867E-11,
    -4.053124998564));
#9675 = CARTESIAN_POINT('',(-2.790162372418,-4.344872918947,
    -3.84479166564));
#9676 = CARTESIAN_POINT('',(-2.463805746893E-02,-5.459008095259,
    -3.740624999384));
#9677 = CARTESIAN_POINT('',(2.82777586378,-4.344872918906,
    -3.636458333127));
#9678 = CARTESIAN_POINT('',(4.13534539344,-2.172436459448,
    -3.532291666665));
#9679 = CARTESIAN_POINT('',(4.150000000267,-5.098954348558E-14,-3.428125
    ));
#9680 = PCURVE('',#7516,#9681);
#9681 = DEFINITIONAL_REPRESENTATION('',(#9682),#9686);
#9682 = LINE('',#9683,#9684);
#9683 = CARTESIAN_POINT('',(2.,0.));
#9684 = VECTOR('',#9685,1.);
#9685 = DIRECTION('',(0.,1.));
#9686 = ( GEOMETRIC_REPRESENTATION_CONTEXT(2) 
PARAMETRIC_REPRESENTATION_CONTEXT() REPRESENTATION_CONTEXT('2D SPACE',''
  ) );
#9687 = PCURVE('',#7109,#9688);
#9688 = DEFINITIONAL_REPRESENTATION('',(#9689),#9693);
#9689 = LINE('',#9690,#9691);
#9690 = CARTESIAN_POINT('',(2.,0.));
#9691 = VECTOR('',#9692,1.);
#9692 = DIRECTION('',(0.,1.));
#9693 = ( GEOMETRIC_REPRESENTATION_CONTEXT(2) 
PARAMETRIC_REPRESENTATION_CONTEXT() REPRESENTATION_CONTEXT('2D SPACE',''
  ) );
#9694 = ORIENTED_EDGE('',*,*,#7482,.F.);
#9695 = ADVANCED_FACE('',(#9696),#7297,.F.);
#9696 = FACE_BOUND('',#9697,.F.);
#9697 = EDGE_LOOP('',(#9698,#9699));
#9698 = ORIENTED_EDGE('',*,*,#7263,.T.);
#9699 = ORIENTED_EDGE('',*,*,#9700,.T.);
#9700 = EDGE_CURVE('',#7230,#7264,#9701,.T.);
#9701 = SURFACE_CURVE('',#9702,(#9714,#9721),.PCURVE_S1.);
#9702 = ( BOUNDED_CURVE() B_SPLINE_CURVE(6,(#9703,#9704,#9705,#9706,
    #9707,#9708,#9709,#9710,#9711,#9712,#9713),.UNSPECIFIED.,.F.,.F.) 
B_SPLINE_CURVE_WITH_KNOTS((7,4,7),(0.,0.5,1.),.UNSPECIFIED.) CURVE() 
GEOMETRIC_REPRESENTATION_ITEM() RATIONAL_B_SPLINE_CURVE((1.,1.,1.,1.,1.,
1.,1.,1.,1.,1.,1.)) REPRESENTATION_ITEM('') );
#9703 = CARTESIAN_POINT('',(4.150000000081,-1.621365286755E-14,-4.678125
    ));
#9704 = CARTESIAN_POINT('',(4.135345393253,2.172436459448,
    -4.573958333331));
#9705 = CARTESIAN_POINT('',(2.827775863593,4.344872918886,-4.46979166648
    ));
#9706 = CARTESIAN_POINT('',(-2.463805764148E-02,5.459008095198,
    -4.365624999376));
#9707 = CARTESIAN_POINT('',(-2.790162372543,4.344872918846,
    -4.261458332298));
#9708 = CARTESIAN_POINT('',(-5.509837627172,-7.0362300867E-11,
    -4.053124998564));
#9709 = CARTESIAN_POINT('',(-2.790162372418,-4.344872918947,
    -3.84479166564));
#9710 = CARTESIAN_POINT('',(-2.463805746893E-02,-5.459008095259,
    -3.740624999384));
#9711 = CARTESIAN_POINT('',(2.82777586378,-4.344872918906,
    -3.636458333127));
#9712 = CARTESIAN_POINT('',(4.13534539344,-2.172436459448,
    -3.532291666665));
#9713 = CARTESIAN_POINT('',(4.150000000267,-5.098954348558E-14,-3.428125
    ));
#9714 = PCURVE('',#7297,#9715);
#9715 = DEFINITIONAL_REPRESENTATION('',(#9716),#9720);
#9716 = LINE('',#9717,#9718);
#9717 = CARTESIAN_POINT('',(2.,0.));
#9718 = VECTOR('',#9719,1.);
#9719 = DIRECTION('',(0.,1.));
#9720 = ( GEOMETRIC_REPRESENTATION_CONTEXT(2) 
PARAMETRIC_REPRESENTATION_CONTEXT() REPRESENTATION_CONTEXT('2D SPACE',''
  ) );
#9721 = PCURVE('',#7109,#9722);
#9722 = DEFINITIONAL_REPRESENTATION('',(#9723),#9727);
#9723 = LINE('',#9724,#9725);
#9724 = CARTESIAN_POINT('',(2.,0.));
#9725 = VECTOR('',#9726,1.);
#9726 = DIRECTION('',(0.,1.));
#9727 = ( GEOMETRIC_REPRESENTATION_CONTEXT(2) 
PARAMETRIC_REPRESENTATION_CONTEXT() REPRESENTATION_CONTEXT('2D SPACE',''
  ) );
#9728 = ADVANCED_FACE('',(#9729),#7188,.F.);
#9729 = FACE_BOUND('',#9730,.F.);
#9730 = EDGE_LOOP('',(#9731,#9732));
#9731 = ORIENTED_EDGE('',*,*,#7150,.F.);
#9732 = ORIENTED_EDGE('',*,*,#9733,.T.);
#9733 = EDGE_CURVE('',#7072,#7151,#9734,.T.);
#9734 = SURFACE_CURVE('',#9735,(#9747,#9754),.PCURVE_S1.);
#9735 = ( BOUNDED_CURVE() B_SPLINE_CURVE(6,(#9736,#9737,#9738,#9739,
    #9740,#9741,#9742,#9743,#9744,#9745,#9746),.UNSPECIFIED.,.F.,.F.) 
B_SPLINE_CURVE_WITH_KNOTS((7,4,7),(0.,0.5,1.),.UNSPECIFIED.) CURVE() 
GEOMETRIC_REPRESENTATION_ITEM() RATIONAL_B_SPLINE_CURVE((1.,1.,1.,1.,1.,
1.,1.,1.,1.,1.,1.)) REPRESENTATION_ITEM('') );
#9736 = CARTESIAN_POINT('',(4.150000000081,-1.621365286755E-14,-4.678125
    ));
#9737 = CARTESIAN_POINT('',(4.135345393253,2.172436459448,
    -4.573958333331));
#9738 = CARTESIAN_POINT('',(2.827775863593,4.344872918886,-4.46979166648
    ));
#9739 = CARTESIAN_POINT('',(-2.463805764148E-02,5.459008095198,
    -4.365624999376));
#9740 = CARTESIAN_POINT('',(-2.790162372543,4.344872918846,
    -4.261458332298));
#9741 = CARTESIAN_POINT('',(-5.509837627172,-7.0362300867E-11,
    -4.053124998564));
#9742 = CARTESIAN_POINT('',(-2.790162372418,-4.344872918947,
    -3.84479166564));
#9743 = CARTESIAN_POINT('',(-2.463805746893E-02,-5.459008095259,
    -3.740624999384));
#9744 = CARTESIAN_POINT('',(2.82777586378,-4.344872918906,
    -3.636458333127));
#9745 = CARTESIAN_POINT('',(4.13534539344,-2.172436459448,
    -3.532291666665));
#9746 = CARTESIAN_POINT('',(4.150000000267,-5.098954348558E-14,-3.428125
    ));
#9747 = PCURVE('',#7188,#9748);
#9748 = DEFINITIONAL_REPRESENTATION('',(#9749),#9753);
#9749 = LINE('',#9750,#9751);
#9750 = CARTESIAN_POINT('',(2.,0.));
#9751 = VECTOR('',#9752,1.);
#9752 = DIRECTION('',(0.,1.));
#9753 = ( GEOMETRIC_REPRESENTATION_CONTEXT(2) 
PARAMETRIC_REPRESENTATION_CONTEXT() REPRESENTATION_CONTEXT('2D SPACE',''
  ) );
#9754 = PCURVE('',#7109,#9755);
#9755 = DEFINITIONAL_REPRESENTATION('',(#9756),#9760);
#9756 = LINE('',#9757,#9758);
#9757 = CARTESIAN_POINT('',(2.,0.));
#9758 = VECTOR('',#9759,1.);
#9759 = DIRECTION('',(0.,1.));
#9760 = ( GEOMETRIC_REPRESENTATION_CONTEXT(2) 
PARAMETRIC_REPRESENTATION_CONTEXT() REPRESENTATION_CONTEXT('2D SPACE',''
  ) );
#9761 = ADVANCED_FACE('',(#9762),#7109,.F.);
#9762 = FACE_BOUND('',#9763,.F.);
#9763 = EDGE_LOOP('',(#9764,#9793,#9812,#9813,#9814,#9815,#9816,#9817,
    #9818,#9819,#9820,#9821,#9822,#9823,#9824,#9825));
#9764 = ORIENTED_EDGE('',*,*,#9765,.F.);
#9765 = EDGE_CURVE('',#6124,#6999,#9766,.T.);
#9766 = SURFACE_CURVE('',#9767,(#9779,#9786),.PCURVE_S1.);
#9767 = ( BOUNDED_CURVE() B_SPLINE_CURVE(6,(#9768,#9769,#9770,#9771,
    #9772,#9773,#9774,#9775,#9776,#9777,#9778),.UNSPECIFIED.,.F.,.F.) 
B_SPLINE_CURVE_WITH_KNOTS((7,4,7),(0.,0.5,1.),.UNSPECIFIED.) CURVE() 
GEOMETRIC_REPRESENTATION_ITEM() RATIONAL_B_SPLINE_CURVE((1.,1.,1.,1.,1.,
1.,1.,1.,1.,1.,1.)) REPRESENTATION_ITEM('') );
#9768 = CARTESIAN_POINT('',(4.150000000081,-1.621365286755E-14,-4.678125
    ));
#9769 = CARTESIAN_POINT('',(4.135345393253,2.172436459448,
    -4.573958333331));
#9770 = CARTESIAN_POINT('',(2.827775863593,4.344872918886,-4.46979166648
    ));
#9771 = CARTESIAN_POINT('',(-2.463805764148E-02,5.459008095198,
    -4.365624999376));
#9772 = CARTESIAN_POINT('',(-2.790162372543,4.344872918846,
    -4.261458332298));
#9773 = CARTESIAN_POINT('',(-5.509837627172,-7.0362300867E-11,
    -4.053124998564));
#9774 = CARTESIAN_POINT('',(-2.790162372418,-4.344872918947,
    -3.84479166564));
#9775 = CARTESIAN_POINT('',(-2.463805746893E-02,-5.459008095259,
    -3.740624999384));
#9776 = CARTESIAN_POINT('',(2.82777586378,-4.344872918906,
    -3.636458333127));
#9777 = CARTESIAN_POINT('',(4.13534539344,-2.172436459448,
    -3.532291666665));
#9778 = CARTESIAN_POINT('',(4.150000000267,-5.098954348558E-14,-3.428125
    ));
#9779 = PCURVE('',#7109,#9780);
#9780 = DEFINITIONAL_REPRESENTATION('',(#9781),#9785);
#9781 = LINE('',#9782,#9783);
#9782 = CARTESIAN_POINT('',(2.,0.));
#9783 = VECTOR('',#9784,1.);
#9784 = DIRECTION('',(0.,1.));
#9785 = ( GEOMETRIC_REPRESENTATION_CONTEXT(2) 
PARAMETRIC_REPRESENTATION_CONTEXT() REPRESENTATION_CONTEXT('2D SPACE',''
  ) );
#9786 = PCURVE('',#7032,#9787);
#9787 = DEFINITIONAL_REPRESENTATION('',(#9788),#9792);
#9788 = LINE('',#9789,#9790);
#9789 = CARTESIAN_POINT('',(2.,0.));
#9790 = VECTOR('',#9791,1.);
#9791 = DIRECTION('',(0.,1.));
#9792 = ( GEOMETRIC_REPRESENTATION_CONTEXT(2) 
PARAMETRIC_REPRESENTATION_CONTEXT() REPRESENTATION_CONTEXT('2D SPACE',''
  ) );
#9793 = ORIENTED_EDGE('',*,*,#9794,.T.);
#9794 = EDGE_CURVE('',#6124,#9232,#9795,.T.);
#9795 = SURFACE_CURVE('',#9796,(#9799,#9805),.PCURVE_S1.);
#9796 = B_SPLINE_CURVE_WITH_KNOTS('',1,(#9797,#9798),.UNSPECIFIED.,.F.,
  .F.,(2,2),(2.,3.),.PIECEWISE_BEZIER_KNOTS.);
#9797 = CARTESIAN_POINT('',(4.15,-1.7763568394E-15,-4.678125));
#9798 = CARTESIAN_POINT('',(3.473417653293,6.494317076905E-14,-5.06875)
  );
#9799 = PCURVE('',#7109,#9800);
#9800 = DEFINITIONAL_REPRESENTATION('',(#9801),#9804);
#9801 = B_SPLINE_CURVE_WITH_KNOTS('',1,(#9802,#9803),.UNSPECIFIED.,.F.,
  .F.,(2,2),(2.,3.),.PIECEWISE_BEZIER_KNOTS.);
#9802 = CARTESIAN_POINT('',(2.,0.));
#9803 = CARTESIAN_POINT('',(3.,0.));
#9804 = ( GEOMETRIC_REPRESENTATION_CONTEXT(2) 
PARAMETRIC_REPRESENTATION_CONTEXT() REPRESENTATION_CONTEXT('2D SPACE',''
  ) );
#9805 = PCURVE('',#5563,#9806);
#9806 = DEFINITIONAL_REPRESENTATION('',(#9807),#9811);
#9807 = LINE('',#9808,#9809);
#9808 = CARTESIAN_POINT('',(0.,1.));
#9809 = VECTOR('',#9810,1.);
#9810 = DIRECTION('',(1.,0.));
#9811 = ( GEOMETRIC_REPRESENTATION_CONTEXT(2) 
PARAMETRIC_REPRESENTATION_CONTEXT() REPRESENTATION_CONTEXT('2D SPACE',''
  ) );
#9812 = ORIENTED_EDGE('',*,*,#9307,.T.);
#9813 = ORIENTED_EDGE('',*,*,#8930,.F.);
#9814 = ORIENTED_EDGE('',*,*,#9600,.F.);
#9815 = ORIENTED_EDGE('',*,*,#7662,.T.);
#9816 = ORIENTED_EDGE('',*,*,#9633,.F.);
#9817 = ORIENTED_EDGE('',*,*,#7555,.F.);
#9818 = ORIENTED_EDGE('',*,*,#9666,.F.);
#9819 = ORIENTED_EDGE('',*,*,#7426,.T.);
#9820 = ORIENTED_EDGE('',*,*,#7392,.F.);
#9821 = ORIENTED_EDGE('',*,*,#7336,.T.);
#9822 = ORIENTED_EDGE('',*,*,#9700,.F.);
#9823 = ORIENTED_EDGE('',*,*,#7229,.F.);
#9824 = ORIENTED_EDGE('',*,*,#9733,.F.);
#9825 = ORIENTED_EDGE('',*,*,#7071,.T.);
#9826 = ADVANCED_FACE('',(#9827),#7032,.F.);
#9827 = FACE_BOUND('',#9828,.F.);
#9828 = EDGE_LOOP('',(#9829,#9830));
#9829 = ORIENTED_EDGE('',*,*,#6998,.F.);
#9830 = ORIENTED_EDGE('',*,*,#9765,.T.);
#9831 = ADVANCED_FACE('',(#9832),#6958,.F.);
#9832 = FACE_BOUND('',#9833,.F.);
#9833 = EDGE_LOOP('',(#9834,#9863));
#9834 = ORIENTED_EDGE('',*,*,#9835,.F.);
#9835 = EDGE_CURVE('',#4674,#6892,#9836,.T.);
#9836 = SURFACE_CURVE('',#9837,(#9849,#9856),.PCURVE_S1.);
#9837 = ( BOUNDED_CURVE() B_SPLINE_CURVE(6,(#9838,#9839,#9840,#9841,
    #9842,#9843,#9844,#9845,#9846,#9847,#9848),.UNSPECIFIED.,.F.,.F.) 
B_SPLINE_CURVE_WITH_KNOTS((7,4,7),(0.,0.5,1.),.UNSPECIFIED.) CURVE() 
GEOMETRIC_REPRESENTATION_ITEM() RATIONAL_B_SPLINE_CURVE((1.,1.,1.,1.,1.,
1.,1.,1.,1.,1.,1.)) REPRESENTATION_ITEM('') );
#9838 = CARTESIAN_POINT('',(4.150000000023,-7.678261650927E-15,-4.521875
    ));
#9839 = CARTESIAN_POINT('',(4.135345393195,2.172436459448,
    -4.417708333329));
#9840 = CARTESIAN_POINT('',(2.827775863534,4.344872918877,
    -4.313541666283));
#9841 = CARTESIAN_POINT('',(-2.463805769299E-02,5.459008095168,
    -4.209374998755));
#9842 = CARTESIAN_POINT('',(-2.790162372571,4.344872918795,
    -4.105208331266));
#9843 = CARTESIAN_POINT('',(-5.509837627137,-1.409859113521E-10,
    -3.896874997129));
#9844 = CARTESIAN_POINT('',(-2.79016237232,-4.344872918998,
    -3.688541664608));
#9845 = CARTESIAN_POINT('',(-2.463805734776E-02,-5.459008095289,
    -3.584374998763));
#9846 = CARTESIAN_POINT('',(2.827775863909,-4.344872918916,
    -3.480208332931));
#9847 = CARTESIAN_POINT('',(4.135345393568,-2.172436459448,
    -3.376041666663));
#9848 = CARTESIAN_POINT('',(4.150000000395,-7.54523003338E-14,-3.271875)
  );
#9849 = PCURVE('',#6958,#9850);
#9850 = DEFINITIONAL_REPRESENTATION('',(#9851),#9855);
#9851 = LINE('',#9852,#9853);
#9852 = CARTESIAN_POINT('',(5.,0.));
#9853 = VECTOR('',#9854,1.);
#9854 = DIRECTION('',(0.,1.));
#9855 = ( GEOMETRIC_REPRESENTATION_CONTEXT(2) 
PARAMETRIC_REPRESENTATION_CONTEXT() REPRESENTATION_CONTEXT('2D SPACE',''
  ) );
#9856 = PCURVE('',#6338,#9857);
#9857 = DEFINITIONAL_REPRESENTATION('',(#9858),#9862);
#9858 = LINE('',#9859,#9860);
#9859 = CARTESIAN_POINT('',(5.,0.));
#9860 = VECTOR('',#9861,1.);
#9861 = DIRECTION('',(0.,1.));
#9862 = ( GEOMETRIC_REPRESENTATION_CONTEXT(2) 
PARAMETRIC_REPRESENTATION_CONTEXT() REPRESENTATION_CONTEXT('2D SPACE',''
  ) );
#9863 = ORIENTED_EDGE('',*,*,#6926,.T.);
#9864 = ADVANCED_FACE('',(#9865),#6852,.F.);
#9865 = FACE_BOUND('',#9866,.F.);
#9866 = EDGE_LOOP('',(#9867,#9896));
#9867 = ORIENTED_EDGE('',*,*,#9868,.F.);
#9868 = EDGE_CURVE('',#6819,#6785,#9869,.T.);
#9869 = SURFACE_CURVE('',#9870,(#9882,#9889),.PCURVE_S1.);
#9870 = ( BOUNDED_CURVE() B_SPLINE_CURVE(6,(#9871,#9872,#9873,#9874,
    #9875,#9876,#9877,#9878,#9879,#9880,#9881),.UNSPECIFIED.,.F.,.F.) 
B_SPLINE_CURVE_WITH_KNOTS((7,4,7),(0.,0.5,1.),.UNSPECIFIED.) CURVE() 
GEOMETRIC_REPRESENTATION_ITEM() RATIONAL_B_SPLINE_CURVE((1.,1.,1.,1.,1.,
1.,1.,1.,1.,1.,1.)) REPRESENTATION_ITEM('') );
#9871 = CARTESIAN_POINT('',(4.150000000023,-7.678261650927E-15,-4.521875
    ));
#9872 = CARTESIAN_POINT('',(4.135345393195,2.172436459448,
    -4.417708333329));
#9873 = CARTESIAN_POINT('',(2.827775863534,4.344872918877,
    -4.313541666283));
#9874 = CARTESIAN_POINT('',(-2.463805769299E-02,5.459008095168,
    -4.209374998755));
#9875 = CARTESIAN_POINT('',(-2.790162372571,4.344872918795,
    -4.105208331266));
#9876 = CARTESIAN_POINT('',(-5.509837627137,-1.409859113521E-10,
    -3.896874997129));
#9877 = CARTESIAN_POINT('',(-2.79016237232,-4.344872918998,
    -3.688541664608));
#9878 = CARTESIAN_POINT('',(-2.463805734776E-02,-5.459008095289,
    -3.584374998763));
#9879 = CARTESIAN_POINT('',(2.827775863909,-4.344872918916,
    -3.480208332931));
#9880 = CARTESIAN_POINT('',(4.135345393568,-2.172436459448,
    -3.376041666663));
#9881 = CARTESIAN_POINT('',(4.150000000395,-7.54523003338E-14,-3.271875)
  );
#9882 = PCURVE('',#6852,#9883);
#9883 = DEFINITIONAL_REPRESENTATION('',(#9884),#9888);
#9884 = LINE('',#9885,#9886);
#9885 = CARTESIAN_POINT('',(5.,0.));
#9886 = VECTOR('',#9887,1.);
#9887 = DIRECTION('',(0.,1.));
#9888 = ( GEOMETRIC_REPRESENTATION_CONTEXT(2) 
PARAMETRIC_REPRESENTATION_CONTEXT() REPRESENTATION_CONTEXT('2D SPACE',''
  ) );
#9889 = PCURVE('',#6338,#9890);
#9890 = DEFINITIONAL_REPRESENTATION('',(#9891),#9895);
#9891 = LINE('',#9892,#9893);
#9892 = CARTESIAN_POINT('',(5.,0.));
#9893 = VECTOR('',#9894,1.);
#9894 = DIRECTION('',(0.,1.));
#9895 = ( GEOMETRIC_REPRESENTATION_CONTEXT(2) 
PARAMETRIC_REPRESENTATION_CONTEXT() REPRESENTATION_CONTEXT('2D SPACE',''
  ) );
#9896 = ORIENTED_EDGE('',*,*,#6818,.F.);
#9897 = ADVANCED_FACE('',(#9898),#6745,.F.);
#9898 = FACE_BOUND('',#9899,.F.);
#9899 = EDGE_LOOP('',(#9900,#9929));
#9900 = ORIENTED_EDGE('',*,*,#9901,.F.);
#9901 = EDGE_CURVE('',#6712,#6656,#9902,.T.);
#9902 = SURFACE_CURVE('',#9903,(#9915,#9922),.PCURVE_S1.);
#9903 = ( BOUNDED_CURVE() B_SPLINE_CURVE(6,(#9904,#9905,#9906,#9907,
    #9908,#9909,#9910,#9911,#9912,#9913,#9914),.UNSPECIFIED.,.F.,.F.) 
B_SPLINE_CURVE_WITH_KNOTS((7,4,7),(0.,0.5,1.),.UNSPECIFIED.) CURVE() 
GEOMETRIC_REPRESENTATION_ITEM() RATIONAL_B_SPLINE_CURVE((1.,1.,1.,1.,1.,
1.,1.,1.,1.,1.,1.)) REPRESENTATION_ITEM('') );
#9904 = CARTESIAN_POINT('',(4.150000000023,-7.678261650927E-15,-4.521875
    ));
#9905 = CARTESIAN_POINT('',(4.135345393195,2.172436459448,
    -4.417708333329));
#9906 = CARTESIAN_POINT('',(2.827775863534,4.344872918877,
    -4.313541666283));
#9907 = CARTESIAN_POINT('',(-2.463805769299E-02,5.459008095168,
    -4.209374998755));
#9908 = CARTESIAN_POINT('',(-2.790162372571,4.344872918795,
    -4.105208331266));
#9909 = CARTESIAN_POINT('',(-5.509837627137,-1.409859113521E-10,
    -3.896874997129));
#9910 = CARTESIAN_POINT('',(-2.79016237232,-4.344872918998,
    -3.688541664608));
#9911 = CARTESIAN_POINT('',(-2.463805734776E-02,-5.459008095289,
    -3.584374998763));
#9912 = CARTESIAN_POINT('',(2.827775863909,-4.344872918916,
    -3.480208332931));
#9913 = CARTESIAN_POINT('',(4.135345393568,-2.172436459448,
    -3.376041666663));
#9914 = CARTESIAN_POINT('',(4.150000000395,-7.54523003338E-14,-3.271875)
  );
#9915 = PCURVE('',#6745,#9916);
#9916 = DEFINITIONAL_REPRESENTATION('',(#9917),#9921);
#9917 = LINE('',#9918,#9919);
#9918 = CARTESIAN_POINT('',(5.,0.));
#9919 = VECTOR('',#9920,1.);
#9920 = DIRECTION('',(0.,1.));
#9921 = ( GEOMETRIC_REPRESENTATION_CONTEXT(2) 
PARAMETRIC_REPRESENTATION_CONTEXT() REPRESENTATION_CONTEXT('2D SPACE',''
  ) );
#9922 = PCURVE('',#6338,#9923);
#9923 = DEFINITIONAL_REPRESENTATION('',(#9924),#9928);
#9924 = LINE('',#9925,#9926);
#9925 = CARTESIAN_POINT('',(5.,0.));
#9926 = VECTOR('',#9927,1.);
#9927 = DIRECTION('',(0.,1.));
#9928 = ( GEOMETRIC_REPRESENTATION_CONTEXT(2) 
PARAMETRIC_REPRESENTATION_CONTEXT() REPRESENTATION_CONTEXT('2D SPACE',''
  ) );
#9929 = ORIENTED_EDGE('',*,*,#6711,.F.);
#9930 = ADVANCED_FACE('',(#9931),#6526,.F.);
#9931 = FACE_BOUND('',#9932,.F.);
#9932 = EDGE_LOOP('',(#9933,#9934));
#9933 = ORIENTED_EDGE('',*,*,#6492,.T.);
#9934 = ORIENTED_EDGE('',*,*,#9935,.F.);
#9935 = EDGE_CURVE('',#6493,#6459,#9936,.T.);
#9936 = SURFACE_CURVE('',#9937,(#9949,#9956),.PCURVE_S1.);
#9937 = ( BOUNDED_CURVE() B_SPLINE_CURVE(6,(#9938,#9939,#9940,#9941,
    #9942,#9943,#9944,#9945,#9946,#9947,#9948),.UNSPECIFIED.,.F.,.F.) 
B_SPLINE_CURVE_WITH_KNOTS((7,4,7),(0.,0.5,1.),.UNSPECIFIED.) CURVE() 
GEOMETRIC_REPRESENTATION_ITEM() RATIONAL_B_SPLINE_CURVE((1.,1.,1.,1.,1.,
1.,1.,1.,1.,1.,1.)) REPRESENTATION_ITEM('') );
#9938 = CARTESIAN_POINT('',(4.150000000023,-7.678261650927E-15,-4.521875
    ));
#9939 = CARTESIAN_POINT('',(4.135345393195,2.172436459448,
    -4.417708333329));
#9940 = CARTESIAN_POINT('',(2.827775863534,4.344872918877,
    -4.313541666283));
#9941 = CARTESIAN_POINT('',(-2.463805769299E-02,5.459008095168,
    -4.209374998755));
#9942 = CARTESIAN_POINT('',(-2.790162372571,4.344872918795,
    -4.105208331266));
#9943 = CARTESIAN_POINT('',(-5.509837627137,-1.409859113521E-10,
    -3.896874997129));
#9944 = CARTESIAN_POINT('',(-2.79016237232,-4.344872918998,
    -3.688541664608));
#9945 = CARTESIAN_POINT('',(-2.463805734776E-02,-5.459008095289,
    -3.584374998763));
#9946 = CARTESIAN_POINT('',(2.827775863909,-4.344872918916,
    -3.480208332931));
#9947 = CARTESIAN_POINT('',(4.135345393568,-2.172436459448,
    -3.376041666663));
#9948 = CARTESIAN_POINT('',(4.150000000395,-7.54523003338E-14,-3.271875)
  );
#9949 = PCURVE('',#6526,#9950);
#9950 = DEFINITIONAL_REPRESENTATION('',(#9951),#9955);
#9951 = LINE('',#9952,#9953);
#9952 = CARTESIAN_POINT('',(5.,0.));
#9953 = VECTOR('',#9954,1.);
#9954 = DIRECTION('',(0.,1.));
#9955 = ( GEOMETRIC_REPRESENTATION_CONTEXT(2) 
PARAMETRIC_REPRESENTATION_CONTEXT() REPRESENTATION_CONTEXT('2D SPACE',''
  ) );
#9956 = PCURVE('',#6338,#9957);
#9957 = DEFINITIONAL_REPRESENTATION('',(#9958),#9962);
#9958 = LINE('',#9959,#9960);
#9959 = CARTESIAN_POINT('',(5.,0.));
#9960 = VECTOR('',#9961,1.);
#9961 = DIRECTION('',(0.,1.));
#9962 = ( GEOMETRIC_REPRESENTATION_CONTEXT(2) 
PARAMETRIC_REPRESENTATION_CONTEXT() REPRESENTATION_CONTEXT('2D SPACE',''
  ) );
#9963 = ADVANCED_FACE('',(#9964),#6417,.F.);
#9964 = FACE_BOUND('',#9965,.F.);
#9965 = EDGE_LOOP('',(#9966,#9967));
#9966 = ORIENTED_EDGE('',*,*,#6379,.F.);
#9967 = ORIENTED_EDGE('',*,*,#9968,.F.);
#9968 = EDGE_CURVE('',#6380,#6301,#9969,.T.);
#9969 = SURFACE_CURVE('',#9970,(#9982,#9989),.PCURVE_S1.);
#9970 = ( BOUNDED_CURVE() B_SPLINE_CURVE(6,(#9971,#9972,#9973,#9974,
    #9975,#9976,#9977,#9978,#9979,#9980,#9981),.UNSPECIFIED.,.F.,.F.) 
B_SPLINE_CURVE_WITH_KNOTS((7,4,7),(0.,0.5,1.),.UNSPECIFIED.) CURVE() 
GEOMETRIC_REPRESENTATION_ITEM() RATIONAL_B_SPLINE_CURVE((1.,1.,1.,1.,1.,
1.,1.,1.,1.,1.,1.)) REPRESENTATION_ITEM('') );
#9971 = CARTESIAN_POINT('',(4.150000000023,-7.678261650927E-15,-4.521875
    ));
#9972 = CARTESIAN_POINT('',(4.135345393195,2.172436459448,
    -4.417708333329));
#9973 = CARTESIAN_POINT('',(2.827775863534,4.344872918877,
    -4.313541666283));
#9974 = CARTESIAN_POINT('',(-2.463805769299E-02,5.459008095168,
    -4.209374998755));
#9975 = CARTESIAN_POINT('',(-2.790162372571,4.344872918795,
    -4.105208331266));
#9976 = CARTESIAN_POINT('',(-5.509837627137,-1.409859113521E-10,
    -3.896874997129));
#9977 = CARTESIAN_POINT('',(-2.79016237232,-4.344872918998,
    -3.688541664608));
#9978 = CARTESIAN_POINT('',(-2.463805734776E-02,-5.459008095289,
    -3.584374998763));
#9979 = CARTESIAN_POINT('',(2.827775863909,-4.344872918916,
    -3.480208332931));
#9980 = CARTESIAN_POINT('',(4.135345393568,-2.172436459448,
    -3.376041666663));
#9981 = CARTESIAN_POINT('',(4.150000000395,-7.54523003338E-14,-3.271875)
  );
#9982 = PCURVE('',#6417,#9983);
#9983 = DEFINITIONAL_REPRESENTATION('',(#9984),#9988);
#9984 = LINE('',#9985,#9986);
#9985 = CARTESIAN_POINT('',(5.,0.));
#9986 = VECTOR('',#9987,1.);
#9987 = DIRECTION('',(0.,1.));
#9988 = ( GEOMETRIC_REPRESENTATION_CONTEXT(2) 
PARAMETRIC_REPRESENTATION_CONTEXT() REPRESENTATION_CONTEXT('2D SPACE',''
  ) );
#9989 = PCURVE('',#6338,#9990);
#9990 = DEFINITIONAL_REPRESENTATION('',(#9991),#9995);
#9991 = LINE('',#9992,#9993);
#9992 = CARTESIAN_POINT('',(5.,0.));
#9993 = VECTOR('',#9994,1.);
#9994 = DIRECTION('',(0.,1.));
#9995 = ( GEOMETRIC_REPRESENTATION_CONTEXT(2) 
PARAMETRIC_REPRESENTATION_CONTEXT() REPRESENTATION_CONTEXT('2D SPACE',''
  ) );
#9996 = ADVANCED_FACE('',(#9997),#6338,.F.);
#9997 = FACE_BOUND('',#9998,.F.);
#9998 = EDGE_LOOP('',(#9999,#10000,#10019,#10020,#10021,#10022,#10023,
    #10024,#10025,#10026,#10027,#10028,#10029,#10030,#10031,#10060));
#9999 = ORIENTED_EDGE('',*,*,#9081,.F.);
#10000 = ORIENTED_EDGE('',*,*,#10001,.T.);
#10001 = EDGE_CURVE('',#9038,#4674,#10002,.T.);
#10002 = SURFACE_CURVE('',#10003,(#10006,#10012),.PCURVE_S1.);
#10003 = B_SPLINE_CURVE_WITH_KNOTS('',1,(#10004,#10005),.UNSPECIFIED.,
  .F.,.F.,(2,2),(4.,5.),.PIECEWISE_BEZIER_KNOTS.);
#10004 = CARTESIAN_POINT('',(3.473417653456,-4.911681185838E-12,
    -4.131249999899));
#10005 = CARTESIAN_POINT('',(4.150000000104,-2.211495142928E-14,
    -4.521875));
#10006 = PCURVE('',#6338,#10007);
#10007 = DEFINITIONAL_REPRESENTATION('',(#10008),#10011);
#10008 = B_SPLINE_CURVE_WITH_KNOTS('',1,(#10009,#10010),.UNSPECIFIED.,
  .F.,.F.,(2,2),(4.,5.),.PIECEWISE_BEZIER_KNOTS.);
#10009 = CARTESIAN_POINT('',(4.,0.));
#10010 = CARTESIAN_POINT('',(5.,0.));
#10011 = ( GEOMETRIC_REPRESENTATION_CONTEXT(2) 
PARAMETRIC_REPRESENTATION_CONTEXT() REPRESENTATION_CONTEXT('2D SPACE',''
  ) );
#10012 = PCURVE('',#4786,#10013);
#10013 = DEFINITIONAL_REPRESENTATION('',(#10014),#10018);
#10014 = LINE('',#10015,#10016);
#10015 = CARTESIAN_POINT('',(0.,1.));
#10016 = VECTOR('',#10017,1.);
#10017 = DIRECTION('',(1.,0.));
#10018 = ( GEOMETRIC_REPRESENTATION_CONTEXT(2) 
PARAMETRIC_REPRESENTATION_CONTEXT() REPRESENTATION_CONTEXT('2D SPACE',''
  ) );
#10019 = ORIENTED_EDGE('',*,*,#9835,.T.);
#10020 = ORIENTED_EDGE('',*,*,#6891,.T.);
#10021 = ORIENTED_EDGE('',*,*,#9868,.T.);
#10022 = ORIENTED_EDGE('',*,*,#6784,.T.);
#10023 = ORIENTED_EDGE('',*,*,#9901,.T.);
#10024 = ORIENTED_EDGE('',*,*,#6655,.T.);
#10025 = ORIENTED_EDGE('',*,*,#6621,.T.);
#10026 = ORIENTED_EDGE('',*,*,#6565,.F.);
#10027 = ORIENTED_EDGE('',*,*,#9935,.T.);
#10028 = ORIENTED_EDGE('',*,*,#6458,.T.);
#10029 = ORIENTED_EDGE('',*,*,#9968,.T.);
#10030 = ORIENTED_EDGE('',*,*,#6300,.T.);
#10031 = ORIENTED_EDGE('',*,*,#10032,.T.);
#10032 = EDGE_CURVE('',#6228,#6226,#10033,.T.);
#10033 = SURFACE_CURVE('',#10034,(#10046,#10053),.PCURVE_S1.);
#10034 = ( BOUNDED_CURVE() B_SPLINE_CURVE(6,(#10035,#10036,#10037,#10038
    ,#10039,#10040,#10041,#10042,#10043,#10044,#10045),.UNSPECIFIED.,.F.
,.F.) B_SPLINE_CURVE_WITH_KNOTS((7,4,7),(0.,0.5,1.),.UNSPECIFIED.) CURVE
() GEOMETRIC_REPRESENTATION_ITEM() RATIONAL_B_SPLINE_CURVE((1.,1.,1.,1.,
1.,1.,1.,1.,1.,1.,1.)) REPRESENTATION_ITEM('') );
#10035 = CARTESIAN_POINT('',(4.150000000023,-7.678261650927E-15,
    -4.521875));
#10036 = CARTESIAN_POINT('',(4.135345393195,2.172436459448,
    -4.417708333329));
#10037 = CARTESIAN_POINT('',(2.827775863534,4.344872918877,
    -4.313541666283));
#10038 = CARTESIAN_POINT('',(-2.463805769299E-02,5.459008095168,
    -4.209374998755));
#10039 = CARTESIAN_POINT('',(-2.790162372571,4.344872918795,
    -4.105208331266));
#10040 = CARTESIAN_POINT('',(-5.509837627137,-1.409859113521E-10,
    -3.896874997129));
#10041 = CARTESIAN_POINT('',(-2.79016237232,-4.344872918998,
    -3.688541664608));
#10042 = CARTESIAN_POINT('',(-2.463805734776E-02,-5.459008095289,
    -3.584374998763));
#10043 = CARTESIAN_POINT('',(2.827775863909,-4.344872918916,
    -3.480208332931));
#10044 = CARTESIAN_POINT('',(4.135345393568,-2.172436459448,
    -3.376041666663));
#10045 = CARTESIAN_POINT('',(4.150000000395,-7.54523003338E-14,-3.271875
    ));
#10046 = PCURVE('',#6338,#10047);
#10047 = DEFINITIONAL_REPRESENTATION('',(#10048),#10052);
#10048 = LINE('',#10049,#10050);
#10049 = CARTESIAN_POINT('',(5.,0.));
#10050 = VECTOR('',#10051,1.);
#10051 = DIRECTION('',(0.,1.));
#10052 = ( GEOMETRIC_REPRESENTATION_CONTEXT(2) 
PARAMETRIC_REPRESENTATION_CONTEXT() REPRESENTATION_CONTEXT('2D SPACE',''
  ) );
#10053 = PCURVE('',#6261,#10054);
#10054 = DEFINITIONAL_REPRESENTATION('',(#10055),#10059);
#10055 = LINE('',#10056,#10057);
#10056 = CARTESIAN_POINT('',(5.,0.));
#10057 = VECTOR('',#10058,1.);
#10058 = DIRECTION('',(0.,1.));
#10059 = ( GEOMETRIC_REPRESENTATION_CONTEXT(2) 
PARAMETRIC_REPRESENTATION_CONTEXT() REPRESENTATION_CONTEXT('2D SPACE',''
  ) );
#10060 = ORIENTED_EDGE('',*,*,#9525,.F.);
#10061 = ADVANCED_FACE('',(#10062),#6261,.F.);
#10062 = FACE_BOUND('',#10063,.F.);
#10063 = EDGE_LOOP('',(#10064,#10065));
#10064 = ORIENTED_EDGE('',*,*,#6225,.F.);
#10065 = ORIENTED_EDGE('',*,*,#10032,.F.);
#10066 = ADVANCED_FACE('',(#10067),#6157,.F.);
#10067 = FACE_BOUND('',#10068,.F.);
#10068 = EDGE_LOOP('',(#10069,#10098));
#10069 = ORIENTED_EDGE('',*,*,#10070,.T.);
#10070 = EDGE_CURVE('',#6089,#6124,#10071,.T.);
#10071 = SURFACE_CURVE('',#10072,(#10084,#10091),.PCURVE_S1.);
#10072 = ( BOUNDED_CURVE() B_SPLINE_CURVE(6,(#10073,#10074,#10075,#10076
    ,#10077,#10078,#10079,#10080,#10081,#10082,#10083),.UNSPECIFIED.,.F.
,.F.) B_SPLINE_CURVE_WITH_KNOTS((7,4,7),(0.,0.5,1.),.UNSPECIFIED.) CURVE
() GEOMETRIC_REPRESENTATION_ITEM() RATIONAL_B_SPLINE_CURVE((1.,1.,1.,1.,
1.,1.,1.,1.,1.,1.,1.)) REPRESENTATION_ITEM('') );
#10073 = CARTESIAN_POINT('',(4.15,0.,-5.928125));
#10074 = CARTESIAN_POINT('',(4.135345393172,2.172436459448,
    -5.823958333333));
#10075 = CARTESIAN_POINT('',(2.827775863512,4.344872918896,
    -5.719791666677));
#10076 = CARTESIAN_POINT('',(-2.463805772928E-02,5.459008095229,
    -5.615624999996));
#10077 = CARTESIAN_POINT('',(-2.790162372654,4.344872918896,
    -5.511458333329));
#10078 = CARTESIAN_POINT('',(-5.509837627346,2.860593549839E-13,
    -5.303125));
#10079 = CARTESIAN_POINT('',(-2.790162372654,-4.344872918897,
    -5.094791666671));
#10080 = CARTESIAN_POINT('',(-2.463805772944E-02,-5.459008095228,
    -4.990625000004));
#10081 = CARTESIAN_POINT('',(2.827775863512,-4.344872918897,
    -4.886458333323));
#10082 = CARTESIAN_POINT('',(4.135345393172,-2.172436459448,
    -4.782291666667));
#10083 = CARTESIAN_POINT('',(4.15,-1.7763568394E-15,-4.678125));
#10084 = PCURVE('',#6157,#10085);
#10085 = DEFINITIONAL_REPRESENTATION('',(#10086),#10090);
#10086 = LINE('',#10087,#10088);
#10087 = CARTESIAN_POINT('',(2.,0.));
#10088 = VECTOR('',#10089,1.);
#10089 = DIRECTION('',(0.,1.));
#10090 = ( GEOMETRIC_REPRESENTATION_CONTEXT(2) 
PARAMETRIC_REPRESENTATION_CONTEXT() REPRESENTATION_CONTEXT('2D SPACE',''
  ) );
#10091 = PCURVE('',#5563,#10092);
#10092 = DEFINITIONAL_REPRESENTATION('',(#10093),#10097);
#10093 = LINE('',#10094,#10095);
#10094 = CARTESIAN_POINT('',(2.,0.));
#10095 = VECTOR('',#10096,1.);
#10096 = DIRECTION('',(0.,1.));
#10097 = ( GEOMETRIC_REPRESENTATION_CONTEXT(2) 
PARAMETRIC_REPRESENTATION_CONTEXT() REPRESENTATION_CONTEXT('2D SPACE',''
  ) );
#10098 = ORIENTED_EDGE('',*,*,#6123,.T.);
#10099 = ADVANCED_FACE('',(#10100),#6047,.F.);
#10100 = FACE_BOUND('',#10101,.F.);
#10101 = EDGE_LOOP('',(#10102,#10131));
#10102 = ORIENTED_EDGE('',*,*,#10103,.T.);
#10103 = EDGE_CURVE('',#5976,#6010,#10104,.T.);
#10104 = SURFACE_CURVE('',#10105,(#10117,#10124),.PCURVE_S1.);
#10105 = ( BOUNDED_CURVE() B_SPLINE_CURVE(6,(#10106,#10107,#10108,#10109
    ,#10110,#10111,#10112,#10113,#10114,#10115,#10116),.UNSPECIFIED.,.F.
,.F.) B_SPLINE_CURVE_WITH_KNOTS((7,4,7),(0.,0.5,1.),.UNSPECIFIED.) CURVE
() GEOMETRIC_REPRESENTATION_ITEM() RATIONAL_B_SPLINE_CURVE((1.,1.,1.,1.,
1.,1.,1.,1.,1.,1.,1.)) REPRESENTATION_ITEM('') );
#10106 = CARTESIAN_POINT('',(4.15,0.,-5.928125));
#10107 = CARTESIAN_POINT('',(4.135345393172,2.172436459448,
    -5.823958333333));
#10108 = CARTESIAN_POINT('',(2.827775863512,4.344872918896,
    -5.719791666677));
#10109 = CARTESIAN_POINT('',(-2.463805772928E-02,5.459008095229,
    -5.615624999996));
#10110 = CARTESIAN_POINT('',(-2.790162372654,4.344872918896,
    -5.511458333329));
#10111 = CARTESIAN_POINT('',(-5.509837627346,2.860593549839E-13,
    -5.303125));
#10112 = CARTESIAN_POINT('',(-2.790162372654,-4.344872918897,
    -5.094791666671));
#10113 = CARTESIAN_POINT('',(-2.463805772944E-02,-5.459008095228,
    -4.990625000004));
#10114 = CARTESIAN_POINT('',(2.827775863512,-4.344872918897,
    -4.886458333323));
#10115 = CARTESIAN_POINT('',(4.135345393172,-2.172436459448,
    -4.782291666667));
#10116 = CARTESIAN_POINT('',(4.15,-1.7763568394E-15,-4.678125));
#10117 = PCURVE('',#6047,#10118);
#10118 = DEFINITIONAL_REPRESENTATION('',(#10119),#10123);
#10119 = LINE('',#10120,#10121);
#10120 = CARTESIAN_POINT('',(2.,0.));
#10121 = VECTOR('',#10122,1.);
#10122 = DIRECTION('',(0.,1.));
#10123 = ( GEOMETRIC_REPRESENTATION_CONTEXT(2) 
PARAMETRIC_REPRESENTATION_CONTEXT() REPRESENTATION_CONTEXT('2D SPACE',''
  ) );
#10124 = PCURVE('',#5563,#10125);
#10125 = DEFINITIONAL_REPRESENTATION('',(#10126),#10130);
#10126 = LINE('',#10127,#10128);
#10127 = CARTESIAN_POINT('',(2.,0.));
#10128 = VECTOR('',#10129,1.);
#10129 = DIRECTION('',(0.,1.));
#10130 = ( GEOMETRIC_REPRESENTATION_CONTEXT(2) 
PARAMETRIC_REPRESENTATION_CONTEXT() REPRESENTATION_CONTEXT('2D SPACE',''
  ) );
#10131 = ORIENTED_EDGE('',*,*,#6009,.T.);
#10132 = ADVANCED_FACE('',(#10133),#5936,.F.);
#10133 = FACE_BOUND('',#10134,.F.);
#10134 = EDGE_LOOP('',(#10135,#10164));
#10135 = ORIENTED_EDGE('',*,*,#10136,.T.);
#10136 = EDGE_CURVE('',#5847,#5903,#10137,.T.);
#10137 = SURFACE_CURVE('',#10138,(#10150,#10157),.PCURVE_S1.);
#10138 = ( BOUNDED_CURVE() B_SPLINE_CURVE(6,(#10139,#10140,#10141,#10142
    ,#10143,#10144,#10145,#10146,#10147,#10148,#10149),.UNSPECIFIED.,.F.
,.F.) B_SPLINE_CURVE_WITH_KNOTS((7,4,7),(0.,0.5,1.),.UNSPECIFIED.) CURVE
() GEOMETRIC_REPRESENTATION_ITEM() RATIONAL_B_SPLINE_CURVE((1.,1.,1.,1.,
1.,1.,1.,1.,1.,1.,1.)) REPRESENTATION_ITEM('') );
#10139 = CARTESIAN_POINT('',(4.15,0.,-5.928125));
#10140 = CARTESIAN_POINT('',(4.135345393172,2.172436459448,
    -5.823958333333));
#10141 = CARTESIAN_POINT('',(2.827775863512,4.344872918896,
    -5.719791666677));
#10142 = CARTESIAN_POINT('',(-2.463805772928E-02,5.459008095229,
    -5.615624999996));
#10143 = CARTESIAN_POINT('',(-2.790162372654,4.344872918896,
    -5.511458333329));
#10144 = CARTESIAN_POINT('',(-5.509837627346,2.860593549839E-13,
    -5.303125));
#10145 = CARTESIAN_POINT('',(-2.790162372654,-4.344872918897,
    -5.094791666671));
#10146 = CARTESIAN_POINT('',(-2.463805772944E-02,-5.459008095228,
    -4.990625000004));
#10147 = CARTESIAN_POINT('',(2.827775863512,-4.344872918897,
    -4.886458333323));
#10148 = CARTESIAN_POINT('',(4.135345393172,-2.172436459448,
    -4.782291666667));
#10149 = CARTESIAN_POINT('',(4.15,-1.7763568394E-15,-4.678125));
#10150 = PCURVE('',#5936,#10151);
#10151 = DEFINITIONAL_REPRESENTATION('',(#10152),#10156);
#10152 = LINE('',#10153,#10154);
#10153 = CARTESIAN_POINT('',(2.,0.));
#10154 = VECTOR('',#10155,1.);
#10155 = DIRECTION('',(0.,1.));
#10156 = ( GEOMETRIC_REPRESENTATION_CONTEXT(2) 
PARAMETRIC_REPRESENTATION_CONTEXT() REPRESENTATION_CONTEXT('2D SPACE',''
  ) );
#10157 = PCURVE('',#5563,#10158);
#10158 = DEFINITIONAL_REPRESENTATION('',(#10159),#10163);
#10159 = LINE('',#10160,#10161);
#10160 = CARTESIAN_POINT('',(2.,0.));
#10161 = VECTOR('',#10162,1.);
#10162 = DIRECTION('',(0.,1.));
#10163 = ( GEOMETRIC_REPRESENTATION_CONTEXT(2) 
PARAMETRIC_REPRESENTATION_CONTEXT() REPRESENTATION_CONTEXT('2D SPACE',''
  ) );
#10164 = ORIENTED_EDGE('',*,*,#5902,.F.);
#10165 = ADVANCED_FACE('',(#10166),#5751,.F.);
#10166 = FACE_BOUND('',#10167,.F.);
#10167 = EDGE_LOOP('',(#10168,#10169));
#10168 = ORIENTED_EDGE('',*,*,#5717,.T.);
#10169 = ORIENTED_EDGE('',*,*,#10170,.T.);
#10170 = EDGE_CURVE('',#5684,#5718,#10171,.T.);
#10171 = SURFACE_CURVE('',#10172,(#10184,#10191),.PCURVE_S1.);
#10172 = ( BOUNDED_CURVE() B_SPLINE_CURVE(6,(#10173,#10174,#10175,#10176
    ,#10177,#10178,#10179,#10180,#10181,#10182,#10183),.UNSPECIFIED.,.F.
,.F.) B_SPLINE_CURVE_WITH_KNOTS((7,4,7),(0.,0.5,1.),.UNSPECIFIED.) CURVE
() GEOMETRIC_REPRESENTATION_ITEM() RATIONAL_B_SPLINE_CURVE((1.,1.,1.,1.,
1.,1.,1.,1.,1.,1.,1.)) REPRESENTATION_ITEM('') );
#10173 = CARTESIAN_POINT('',(4.15,0.,-5.928125));
#10174 = CARTESIAN_POINT('',(4.135345393172,2.172436459448,
    -5.823958333333));
#10175 = CARTESIAN_POINT('',(2.827775863512,4.344872918896,
    -5.719791666677));
#10176 = CARTESIAN_POINT('',(-2.463805772928E-02,5.459008095229,
    -5.615624999996));
#10177 = CARTESIAN_POINT('',(-2.790162372654,4.344872918896,
    -5.511458333329));
#10178 = CARTESIAN_POINT('',(-5.509837627346,2.860593549839E-13,
    -5.303125));
#10179 = CARTESIAN_POINT('',(-2.790162372654,-4.344872918897,
    -5.094791666671));
#10180 = CARTESIAN_POINT('',(-2.463805772944E-02,-5.459008095228,
    -4.990625000004));
#10181 = CARTESIAN_POINT('',(2.827775863512,-4.344872918897,
    -4.886458333323));
#10182 = CARTESIAN_POINT('',(4.135345393172,-2.172436459448,
    -4.782291666667));
#10183 = CARTESIAN_POINT('',(4.15,-1.7763568394E-15,-4.678125));
#10184 = PCURVE('',#5751,#10185);
#10185 = DEFINITIONAL_REPRESENTATION('',(#10186),#10190);
#10186 = LINE('',#10187,#10188);
#10187 = CARTESIAN_POINT('',(2.,0.));
#10188 = VECTOR('',#10189,1.);
#10189 = DIRECTION('',(0.,1.));
#10190 = ( GEOMETRIC_REPRESENTATION_CONTEXT(2) 
PARAMETRIC_REPRESENTATION_CONTEXT() REPRESENTATION_CONTEXT('2D SPACE',''
  ) );
#10191 = PCURVE('',#5563,#10192);
#10192 = DEFINITIONAL_REPRESENTATION('',(#10193),#10197);
#10193 = LINE('',#10194,#10195);
#10194 = CARTESIAN_POINT('',(2.,0.));
#10195 = VECTOR('',#10196,1.);
#10196 = DIRECTION('',(0.,1.));
#10197 = ( GEOMETRIC_REPRESENTATION_CONTEXT(2) 
PARAMETRIC_REPRESENTATION_CONTEXT() REPRESENTATION_CONTEXT('2D SPACE',''
  ) );
#10198 = ADVANCED_FACE('',(#10199),#5642,.F.);
#10199 = FACE_BOUND('',#10200,.F.);
#10200 = EDGE_LOOP('',(#10201,#10202));
#10201 = ORIENTED_EDGE('',*,*,#5604,.F.);
#10202 = ORIENTED_EDGE('',*,*,#10203,.T.);
#10203 = EDGE_CURVE('',#5526,#5605,#10204,.T.);
#10204 = SURFACE_CURVE('',#10205,(#10217,#10224),.PCURVE_S1.);
#10205 = ( BOUNDED_CURVE() B_SPLINE_CURVE(6,(#10206,#10207,#10208,#10209
    ,#10210,#10211,#10212,#10213,#10214,#10215,#10216),.UNSPECIFIED.,.F.
,.F.) B_SPLINE_CURVE_WITH_KNOTS((7,4,7),(0.,0.5,1.),.UNSPECIFIED.) CURVE
() GEOMETRIC_REPRESENTATION_ITEM() RATIONAL_B_SPLINE_CURVE((1.,1.,1.,1.,
1.,1.,1.,1.,1.,1.,1.)) REPRESENTATION_ITEM('') );
#10206 = CARTESIAN_POINT('',(4.15,0.,-5.928125));
#10207 = CARTESIAN_POINT('',(4.135345393172,2.172436459448,
    -5.823958333333));
#10208 = CARTESIAN_POINT('',(2.827775863512,4.344872918896,
    -5.719791666677));
#10209 = CARTESIAN_POINT('',(-2.463805772928E-02,5.459008095229,
    -5.615624999996));
#10210 = CARTESIAN_POINT('',(-2.790162372654,4.344872918896,
    -5.511458333329));
#10211 = CARTESIAN_POINT('',(-5.509837627346,2.860593549839E-13,
    -5.303125));
#10212 = CARTESIAN_POINT('',(-2.790162372654,-4.344872918897,
    -5.094791666671));
#10213 = CARTESIAN_POINT('',(-2.463805772944E-02,-5.459008095228,
    -4.990625000004));
#10214 = CARTESIAN_POINT('',(2.827775863512,-4.344872918897,
    -4.886458333323));
#10215 = CARTESIAN_POINT('',(4.135345393172,-2.172436459448,
    -4.782291666667));
#10216 = CARTESIAN_POINT('',(4.15,-1.7763568394E-15,-4.678125));
#10217 = PCURVE('',#5642,#10218);
#10218 = DEFINITIONAL_REPRESENTATION('',(#10219),#10223);
#10219 = LINE('',#10220,#10221);
#10220 = CARTESIAN_POINT('',(2.,0.));
#10221 = VECTOR('',#10222,1.);
#10222 = DIRECTION('',(0.,1.));
#10223 = ( GEOMETRIC_REPRESENTATION_CONTEXT(2) 
PARAMETRIC_REPRESENTATION_CONTEXT() REPRESENTATION_CONTEXT('2D SPACE',''
  ) );
#10224 = PCURVE('',#5563,#10225);
#10225 = DEFINITIONAL_REPRESENTATION('',(#10226),#10230);
#10226 = LINE('',#10227,#10228);
#10227 = CARTESIAN_POINT('',(2.,0.));
#10228 = VECTOR('',#10229,1.);
#10229 = DIRECTION('',(0.,1.));
#10230 = ( GEOMETRIC_REPRESENTATION_CONTEXT(2) 
PARAMETRIC_REPRESENTATION_CONTEXT() REPRESENTATION_CONTEXT('2D SPACE',''
  ) );
#10231 = ADVANCED_FACE('',(#10232),#5563,.F.);
#10232 = FACE_BOUND('',#10233,.F.);
#10233 = EDGE_LOOP('',(#10234,#10263,#10282,#10283,#10284,#10285,#10286,
    #10287,#10288,#10289,#10290,#10291,#10292,#10293,#10294));
#10234 = ORIENTED_EDGE('',*,*,#10235,.F.);
#10235 = EDGE_CURVE('',#4596,#5453,#10236,.T.);
#10236 = SURFACE_CURVE('',#10237,(#10249,#10256),.PCURVE_S1.);
#10237 = ( BOUNDED_CURVE() B_SPLINE_CURVE(6,(#10238,#10239,#10240,#10241
    ,#10242,#10243,#10244,#10245,#10246,#10247,#10248),.UNSPECIFIED.,.F.
,.F.) B_SPLINE_CURVE_WITH_KNOTS((7,4,7),(0.,0.5,1.),.UNSPECIFIED.) CURVE
() GEOMETRIC_REPRESENTATION_ITEM() RATIONAL_B_SPLINE_CURVE((1.,1.,1.,1.,
1.,1.,1.,1.,1.,1.,1.)) REPRESENTATION_ITEM('') );
#10238 = CARTESIAN_POINT('',(4.15,0.,-5.928125));
#10239 = CARTESIAN_POINT('',(4.135345393172,2.172436459448,
    -5.823958333333));
#10240 = CARTESIAN_POINT('',(2.827775863512,4.344872918896,
    -5.719791666677));
#10241 = CARTESIAN_POINT('',(-2.463805772928E-02,5.459008095229,
    -5.615624999996));
#10242 = CARTESIAN_POINT('',(-2.790162372654,4.344872918896,
    -5.511458333329));
#10243 = CARTESIAN_POINT('',(-5.509837627346,2.860593549839E-13,
    -5.303125));
#10244 = CARTESIAN_POINT('',(-2.790162372654,-4.344872918897,
    -5.094791666671));
#10245 = CARTESIAN_POINT('',(-2.463805772944E-02,-5.459008095228,
    -4.990625000004));
#10246 = CARTESIAN_POINT('',(2.827775863512,-4.344872918897,
    -4.886458333323));
#10247 = CARTESIAN_POINT('',(4.135345393172,-2.172436459448,
    -4.782291666667));
#10248 = CARTESIAN_POINT('',(4.15,-1.7763568394E-15,-4.678125));
#10249 = PCURVE('',#5563,#10250);
#10250 = DEFINITIONAL_REPRESENTATION('',(#10251),#10255);
#10251 = LINE('',#10252,#10253);
#10252 = CARTESIAN_POINT('',(2.,0.));
#10253 = VECTOR('',#10254,1.);
#10254 = DIRECTION('',(0.,1.));
#10255 = ( GEOMETRIC_REPRESENTATION_CONTEXT(2) 
PARAMETRIC_REPRESENTATION_CONTEXT() REPRESENTATION_CONTEXT('2D SPACE',''
  ) );
#10256 = PCURVE('',#5486,#10257);
#10257 = DEFINITIONAL_REPRESENTATION('',(#10258),#10262);
#10258 = LINE('',#10259,#10260);
#10259 = CARTESIAN_POINT('',(2.,0.));
#10260 = VECTOR('',#10261,1.);
#10261 = DIRECTION('',(0.,1.));
#10262 = ( GEOMETRIC_REPRESENTATION_CONTEXT(2) 
PARAMETRIC_REPRESENTATION_CONTEXT() REPRESENTATION_CONTEXT('2D SPACE',''
  ) );
#10263 = ORIENTED_EDGE('',*,*,#10264,.T.);
#10264 = EDGE_CURVE('',#4596,#9340,#10265,.T.);
#10265 = SURFACE_CURVE('',#10266,(#10269,#10276),.PCURVE_S1.);
#10266 = B_SPLINE_CURVE_WITH_KNOTS('',1,(#10267,#10268),.UNSPECIFIED.,
  .F.,.F.,(2,2),(2.,3.),.PIECEWISE_BEZIER_KNOTS.);
#10267 = CARTESIAN_POINT('',(4.15,0.,-5.928125));
#10268 = CARTESIAN_POINT('',(3.473417653293,1.924790202791E-13,-6.31875)
  );
#10269 = PCURVE('',#5563,#10270);
#10270 = DEFINITIONAL_REPRESENTATION('',(#10271),#10275);
#10271 = LINE('',#10272,#10273);
#10272 = CARTESIAN_POINT('',(0.,0.));
#10273 = VECTOR('',#10274,1.);
#10274 = DIRECTION('',(1.,0.));
#10275 = ( GEOMETRIC_REPRESENTATION_CONTEXT(2) 
PARAMETRIC_REPRESENTATION_CONTEXT() REPRESENTATION_CONTEXT('2D SPACE',''
  ) );
#10276 = PCURVE('',#4620,#10277);
#10277 = DEFINITIONAL_REPRESENTATION('',(#10278),#10281);
#10278 = B_SPLINE_CURVE_WITH_KNOTS('',1,(#10279,#10280),.UNSPECIFIED.,
  .F.,.F.,(2,2),(2.,3.),.PIECEWISE_BEZIER_KNOTS.);
#10279 = CARTESIAN_POINT('',(2.,0.));
#10280 = CARTESIAN_POINT('',(3.,0.));
#10281 = ( GEOMETRIC_REPRESENTATION_CONTEXT(2) 
PARAMETRIC_REPRESENTATION_CONTEXT() REPRESENTATION_CONTEXT('2D SPACE',''
  ) );
#10282 = ORIENTED_EDGE('',*,*,#9409,.T.);
#10283 = ORIENTED_EDGE('',*,*,#9794,.F.);
#10284 = ORIENTED_EDGE('',*,*,#10070,.F.);
#10285 = ORIENTED_EDGE('',*,*,#6088,.T.);
#10286 = ORIENTED_EDGE('',*,*,#10103,.F.);
#10287 = ORIENTED_EDGE('',*,*,#5975,.F.);
#10288 = ORIENTED_EDGE('',*,*,#10136,.F.);
#10289 = ORIENTED_EDGE('',*,*,#5846,.T.);
#10290 = ORIENTED_EDGE('',*,*,#5790,.F.);
#10291 = ORIENTED_EDGE('',*,*,#10170,.F.);
#10292 = ORIENTED_EDGE('',*,*,#5683,.F.);
#10293 = ORIENTED_EDGE('',*,*,#10203,.F.);
#10294 = ORIENTED_EDGE('',*,*,#5525,.T.);
#10295 = ADVANCED_FACE('',(#10296),#5486,.F.);
#10296 = FACE_BOUND('',#10297,.F.);
#10297 = EDGE_LOOP('',(#10298,#10299));
#10298 = ORIENTED_EDGE('',*,*,#5452,.F.);
#10299 = ORIENTED_EDGE('',*,*,#10235,.T.);
#10300 = ADVANCED_FACE('',(#10301),#5412,.F.);
#10301 = FACE_BOUND('',#10302,.F.);
#10302 = EDGE_LOOP('',(#10303,#10332));
#10303 = ORIENTED_EDGE('',*,*,#10304,.F.);
#10304 = EDGE_CURVE('',#3752,#5346,#10305,.T.);
#10305 = SURFACE_CURVE('',#10306,(#10318,#10325),.PCURVE_S1.);
#10306 = ( BOUNDED_CURVE() B_SPLINE_CURVE(6,(#10307,#10308,#10309,#10310
    ,#10311,#10312,#10313,#10314,#10315,#10316,#10317),.UNSPECIFIED.,.F.
,.F.) B_SPLINE_CURVE_WITH_KNOTS((7,4,7),(0.,0.5,1.),.UNSPECIFIED.) CURVE
() GEOMETRIC_REPRESENTATION_ITEM() RATIONAL_B_SPLINE_CURVE((1.,1.,1.,1.,
1.,1.,1.,1.,1.,1.,1.)) REPRESENTATION_ITEM('') );
#10307 = CARTESIAN_POINT('',(4.149999999919,1.266093918875E-14,-5.771875
    ));
#10308 = CARTESIAN_POINT('',(4.135345393091,2.172436459448,
    -5.667708333331));
#10309 = CARTESIAN_POINT('',(2.82777586343,4.344872918886,-5.56354166648
    ));
#10310 = CARTESIAN_POINT('',(-2.463805780402E-02,5.459008095198,
    -5.459374999376));
#10311 = CARTESIAN_POINT('',(-2.790162372705,4.344872918846,
    -5.355208332298));
#10312 = CARTESIAN_POINT('',(-5.509837627334,-7.033342627495E-11,
    -5.146874998564));
#10313 = CARTESIAN_POINT('',(-2.79016237258,-4.344872918947,
    -4.93854166564));
#10314 = CARTESIAN_POINT('',(-2.463805763148E-02,-5.459008095259,
    -4.834374999383));
#10315 = CARTESIAN_POINT('',(2.827775863618,-4.344872918906,
    -4.730208333127));
#10316 = CARTESIAN_POINT('',(4.135345393277,-2.172436459448,
    -4.626041666665));
#10317 = CARTESIAN_POINT('',(4.150000000104,-2.211495142928E-14,
    -4.521875));
#10318 = PCURVE('',#5412,#10319);
#10319 = DEFINITIONAL_REPRESENTATION('',(#10320),#10324);
#10320 = LINE('',#10321,#10322);
#10321 = CARTESIAN_POINT('',(5.,0.));
#10322 = VECTOR('',#10323,1.);
#10323 = DIRECTION('',(0.,1.));
#10324 = ( GEOMETRIC_REPRESENTATION_CONTEXT(2) 
PARAMETRIC_REPRESENTATION_CONTEXT() REPRESENTATION_CONTEXT('2D SPACE',''
  ) );
#10325 = PCURVE('',#4786,#10326);
#10326 = DEFINITIONAL_REPRESENTATION('',(#10327),#10331);
#10327 = LINE('',#10328,#10329);
#10328 = CARTESIAN_POINT('',(5.,0.));
#10329 = VECTOR('',#10330,1.);
#10330 = DIRECTION('',(0.,1.));
#10331 = ( GEOMETRIC_REPRESENTATION_CONTEXT(2) 
PARAMETRIC_REPRESENTATION_CONTEXT() REPRESENTATION_CONTEXT('2D SPACE',''
  ) );
#10332 = ORIENTED_EDGE('',*,*,#5380,.T.);
#10333 = ADVANCED_FACE('',(#10334),#5304,.F.);
#10334 = FACE_BOUND('',#10335,.F.);
#10335 = EDGE_LOOP('',(#10336,#10365));
#10336 = ORIENTED_EDGE('',*,*,#10337,.F.);
#10337 = EDGE_CURVE('',#5267,#5233,#10338,.T.);
#10338 = SURFACE_CURVE('',#10339,(#10351,#10358),.PCURVE_S1.);
#10339 = ( BOUNDED_CURVE() B_SPLINE_CURVE(6,(#10340,#10341,#10342,#10343
    ,#10344,#10345,#10346,#10347,#10348,#10349,#10350),.UNSPECIFIED.,.F.
,.F.) B_SPLINE_CURVE_WITH_KNOTS((7,4,7),(0.,0.5,1.),.UNSPECIFIED.) CURVE
() GEOMETRIC_REPRESENTATION_ITEM() RATIONAL_B_SPLINE_CURVE((1.,1.,1.,1.,
1.,1.,1.,1.,1.,1.,1.)) REPRESENTATION_ITEM('') );
#10340 = CARTESIAN_POINT('',(4.149999999919,1.266093918875E-14,-5.771875
    ));
#10341 = CARTESIAN_POINT('',(4.135345393091,2.172436459448,
    -5.667708333331));
#10342 = CARTESIAN_POINT('',(2.82777586343,4.344872918886,-5.56354166648
    ));
#10343 = CARTESIAN_POINT('',(-2.463805780402E-02,5.459008095198,
    -5.459374999376));
#10344 = CARTESIAN_POINT('',(-2.790162372705,4.344872918846,
    -5.355208332298));
#10345 = CARTESIAN_POINT('',(-5.509837627334,-7.033342627495E-11,
    -5.146874998564));
#10346 = CARTESIAN_POINT('',(-2.79016237258,-4.344872918947,
    -4.93854166564));
#10347 = CARTESIAN_POINT('',(-2.463805763148E-02,-5.459008095259,
    -4.834374999383));
#10348 = CARTESIAN_POINT('',(2.827775863618,-4.344872918906,
    -4.730208333127));
#10349 = CARTESIAN_POINT('',(4.135345393277,-2.172436459448,
    -4.626041666665));
#10350 = CARTESIAN_POINT('',(4.150000000104,-2.211495142928E-14,
    -4.521875));
#10351 = PCURVE('',#5304,#10352);
#10352 = DEFINITIONAL_REPRESENTATION('',(#10353),#10357);
#10353 = LINE('',#10354,#10355);
#10354 = CARTESIAN_POINT('',(5.,0.));
#10355 = VECTOR('',#10356,1.);
#10356 = DIRECTION('',(0.,1.));
#10357 = ( GEOMETRIC_REPRESENTATION_CONTEXT(2) 
PARAMETRIC_REPRESENTATION_CONTEXT() REPRESENTATION_CONTEXT('2D SPACE',''
  ) );
#10358 = PCURVE('',#4786,#10359);
#10359 = DEFINITIONAL_REPRESENTATION('',(#10360),#10364);
#10360 = LINE('',#10361,#10362);
#10361 = CARTESIAN_POINT('',(5.,0.));
#10362 = VECTOR('',#10363,1.);
#10363 = DIRECTION('',(0.,1.));
#10364 = ( GEOMETRIC_REPRESENTATION_CONTEXT(2) 
PARAMETRIC_REPRESENTATION_CONTEXT() REPRESENTATION_CONTEXT('2D SPACE',''
  ) );
#10365 = ORIENTED_EDGE('',*,*,#5266,.T.);
#10366 = ADVANCED_FACE('',(#10367),#5193,.F.);
#10367 = FACE_BOUND('',#10368,.F.);
#10368 = EDGE_LOOP('',(#10369,#10398));
#10369 = ORIENTED_EDGE('',*,*,#10370,.F.);
#10370 = EDGE_CURVE('',#5160,#5104,#10371,.T.);
#10371 = SURFACE_CURVE('',#10372,(#10384,#10391),.PCURVE_S1.);
#10372 = ( BOUNDED_CURVE() B_SPLINE_CURVE(6,(#10373,#10374,#10375,#10376
    ,#10377,#10378,#10379,#10380,#10381,#10382,#10383),.UNSPECIFIED.,.F.
,.F.) B_SPLINE_CURVE_WITH_KNOTS((7,4,7),(0.,0.5,1.),.UNSPECIFIED.) CURVE
() GEOMETRIC_REPRESENTATION_ITEM() RATIONAL_B_SPLINE_CURVE((1.,1.,1.,1.,
1.,1.,1.,1.,1.,1.,1.)) REPRESENTATION_ITEM('') );
#10373 = CARTESIAN_POINT('',(4.149999999919,1.266093918875E-14,-5.771875
    ));
#10374 = CARTESIAN_POINT('',(4.135345393091,2.172436459448,
    -5.667708333331));
#10375 = CARTESIAN_POINT('',(2.82777586343,4.344872918886,-5.56354166648
    ));
#10376 = CARTESIAN_POINT('',(-2.463805780402E-02,5.459008095198,
    -5.459374999376));
#10377 = CARTESIAN_POINT('',(-2.790162372705,4.344872918846,
    -5.355208332298));
#10378 = CARTESIAN_POINT('',(-5.509837627334,-7.033342627495E-11,
    -5.146874998564));
#10379 = CARTESIAN_POINT('',(-2.79016237258,-4.344872918947,
    -4.93854166564));
#10380 = CARTESIAN_POINT('',(-2.463805763148E-02,-5.459008095259,
    -4.834374999383));
#10381 = CARTESIAN_POINT('',(2.827775863618,-4.344872918906,
    -4.730208333127));
#10382 = CARTESIAN_POINT('',(4.135345393277,-2.172436459448,
    -4.626041666665));
#10383 = CARTESIAN_POINT('',(4.150000000104,-2.211495142928E-14,
    -4.521875));
#10384 = PCURVE('',#5193,#10385);
#10385 = DEFINITIONAL_REPRESENTATION('',(#10386),#10390);
#10386 = LINE('',#10387,#10388);
#10387 = CARTESIAN_POINT('',(5.,0.));
#10388 = VECTOR('',#10389,1.);
#10389 = DIRECTION('',(0.,1.));
#10390 = ( GEOMETRIC_REPRESENTATION_CONTEXT(2) 
PARAMETRIC_REPRESENTATION_CONTEXT() REPRESENTATION_CONTEXT('2D SPACE',''
  ) );
#10391 = PCURVE('',#4786,#10392);
#10392 = DEFINITIONAL_REPRESENTATION('',(#10393),#10397);
#10393 = LINE('',#10394,#10395);
#10394 = CARTESIAN_POINT('',(5.,0.));
#10395 = VECTOR('',#10396,1.);
#10396 = DIRECTION('',(0.,1.));
#10397 = ( GEOMETRIC_REPRESENTATION_CONTEXT(2) 
PARAMETRIC_REPRESENTATION_CONTEXT() REPRESENTATION_CONTEXT('2D SPACE',''
  ) );
#10398 = ORIENTED_EDGE('',*,*,#5159,.F.);
#10399 = ADVANCED_FACE('',(#10400),#4974,.F.);
#10400 = FACE_BOUND('',#10401,.F.);
#10401 = EDGE_LOOP('',(#10402,#10403));
#10402 = ORIENTED_EDGE('',*,*,#4940,.T.);
#10403 = ORIENTED_EDGE('',*,*,#10404,.F.);
#10404 = EDGE_CURVE('',#4941,#4907,#10405,.T.);
#10405 = SURFACE_CURVE('',#10406,(#10418,#10425),.PCURVE_S1.);
#10406 = ( BOUNDED_CURVE() B_SPLINE_CURVE(6,(#10407,#10408,#10409,#10410
    ,#10411,#10412,#10413,#10414,#10415,#10416,#10417),.UNSPECIFIED.,.F.
,.F.) B_SPLINE_CURVE_WITH_KNOTS((7,4,7),(0.,0.5,1.),.UNSPECIFIED.) CURVE
() GEOMETRIC_REPRESENTATION_ITEM() RATIONAL_B_SPLINE_CURVE((1.,1.,1.,1.,
1.,1.,1.,1.,1.,1.,1.)) REPRESENTATION_ITEM('') );
#10407 = CARTESIAN_POINT('',(4.149999999919,1.266093918875E-14,-5.771875
    ));
#10408 = CARTESIAN_POINT('',(4.135345393091,2.172436459448,
    -5.667708333331));
#10409 = CARTESIAN_POINT('',(2.82777586343,4.344872918886,-5.56354166648
    ));
#10410 = CARTESIAN_POINT('',(-2.463805780402E-02,5.459008095198,
    -5.459374999376));
#10411 = CARTESIAN_POINT('',(-2.790162372705,4.344872918846,
    -5.355208332298));
#10412 = CARTESIAN_POINT('',(-5.509837627334,-7.033342627495E-11,
    -5.146874998564));
#10413 = CARTESIAN_POINT('',(-2.79016237258,-4.344872918947,
    -4.93854166564));
#10414 = CARTESIAN_POINT('',(-2.463805763148E-02,-5.459008095259,
    -4.834374999383));
#10415 = CARTESIAN_POINT('',(2.827775863618,-4.344872918906,
    -4.730208333127));
#10416 = CARTESIAN_POINT('',(4.135345393277,-2.172436459448,
    -4.626041666665));
#10417 = CARTESIAN_POINT('',(4.150000000104,-2.211495142928E-14,
    -4.521875));
#10418 = PCURVE('',#4974,#10419);
#10419 = DEFINITIONAL_REPRESENTATION('',(#10420),#10424);
#10420 = LINE('',#10421,#10422);
#10421 = CARTESIAN_POINT('',(5.,0.));
#10422 = VECTOR('',#10423,1.);
#10423 = DIRECTION('',(0.,1.));
#10424 = ( GEOMETRIC_REPRESENTATION_CONTEXT(2) 
PARAMETRIC_REPRESENTATION_CONTEXT() REPRESENTATION_CONTEXT('2D SPACE',''
  ) );
#10425 = PCURVE('',#4786,#10426);
#10426 = DEFINITIONAL_REPRESENTATION('',(#10427),#10431);
#10427 = LINE('',#10428,#10429);
#10428 = CARTESIAN_POINT('',(5.,0.));
#10429 = VECTOR('',#10430,1.);
#10430 = DIRECTION('',(0.,1.));
#10431 = ( GEOMETRIC_REPRESENTATION_CONTEXT(2) 
PARAMETRIC_REPRESENTATION_CONTEXT() REPRESENTATION_CONTEXT('2D SPACE',''
  ) );
#10432 = ADVANCED_FACE('',(#10433),#4865,.F.);
#10433 = FACE_BOUND('',#10434,.F.);
#10434 = EDGE_LOOP('',(#10435,#10436));
#10435 = ORIENTED_EDGE('',*,*,#4827,.F.);
#10436 = ORIENTED_EDGE('',*,*,#10437,.F.);
#10437 = EDGE_CURVE('',#4828,#4749,#10438,.T.);
#10438 = SURFACE_CURVE('',#10439,(#10451,#10458),.PCURVE_S1.);
#10439 = ( BOUNDED_CURVE() B_SPLINE_CURVE(6,(#10440,#10441,#10442,#10443
    ,#10444,#10445,#10446,#10447,#10448,#10449,#10450),.UNSPECIFIED.,.F.
,.F.) B_SPLINE_CURVE_WITH_KNOTS((7,4,7),(0.,0.5,1.),.UNSPECIFIED.) CURVE
() GEOMETRIC_REPRESENTATION_ITEM() RATIONAL_B_SPLINE_CURVE((1.,1.,1.,1.,
1.,1.,1.,1.,1.,1.,1.)) REPRESENTATION_ITEM('') );
#10440 = CARTESIAN_POINT('',(4.149999999919,1.266093918875E-14,-5.771875
    ));
#10441 = CARTESIAN_POINT('',(4.135345393091,2.172436459448,
    -5.667708333331));
#10442 = CARTESIAN_POINT('',(2.82777586343,4.344872918886,-5.56354166648
    ));
#10443 = CARTESIAN_POINT('',(-2.463805780402E-02,5.459008095198,
    -5.459374999376));
#10444 = CARTESIAN_POINT('',(-2.790162372705,4.344872918846,
    -5.355208332298));
#10445 = CARTESIAN_POINT('',(-5.509837627334,-7.033342627495E-11,
    -5.146874998564));
#10446 = CARTESIAN_POINT('',(-2.79016237258,-4.344872918947,
    -4.93854166564));
#10447 = CARTESIAN_POINT('',(-2.463805763148E-02,-5.459008095259,
    -4.834374999383));
#10448 = CARTESIAN_POINT('',(2.827775863618,-4.344872918906,
    -4.730208333127));
#10449 = CARTESIAN_POINT('',(4.135345393277,-2.172436459448,
    -4.626041666665));
#10450 = CARTESIAN_POINT('',(4.150000000104,-2.211495142928E-14,
    -4.521875));
#10451 = PCURVE('',#4865,#10452);
#10452 = DEFINITIONAL_REPRESENTATION('',(#10453),#10457);
#10453 = LINE('',#10454,#10455);
#10454 = CARTESIAN_POINT('',(5.,0.));
#10455 = VECTOR('',#10456,1.);
#10456 = DIRECTION('',(0.,1.));
#10457 = ( GEOMETRIC_REPRESENTATION_CONTEXT(2) 
PARAMETRIC_REPRESENTATION_CONTEXT() REPRESENTATION_CONTEXT('2D SPACE',''
  ) );
#10458 = PCURVE('',#4786,#10459);
#10459 = DEFINITIONAL_REPRESENTATION('',(#10460),#10464);
#10460 = LINE('',#10461,#10462);
#10461 = CARTESIAN_POINT('',(5.,0.));
#10462 = VECTOR('',#10463,1.);
#10463 = DIRECTION('',(0.,1.));
#10464 = ( GEOMETRIC_REPRESENTATION_CONTEXT(2) 
PARAMETRIC_REPRESENTATION_CONTEXT() REPRESENTATION_CONTEXT('2D SPACE',''
  ) );
#10465 = ADVANCED_FACE('',(#10466),#4786,.F.);
#10466 = FACE_BOUND('',#10467,.F.);
#10467 = EDGE_LOOP('',(#10468,#10469,#10488,#10489,#10490,#10491,#10492,
    #10493,#10494,#10495,#10496,#10497,#10498,#10499,#10500,#10529));
#10468 = ORIENTED_EDGE('',*,*,#9277,.F.);
#10469 = ORIENTED_EDGE('',*,*,#10470,.T.);
#10470 = EDGE_CURVE('',#9234,#3752,#10471,.T.);
#10471 = SURFACE_CURVE('',#10472,(#10475,#10481),.PCURVE_S1.);
#10472 = B_SPLINE_CURVE_WITH_KNOTS('',1,(#10473,#10474),.UNSPECIFIED.,
  .F.,.F.,(2,2),(4.,5.),.PIECEWISE_BEZIER_KNOTS.);
#10473 = CARTESIAN_POINT('',(3.473417653293,6.494317076905E-14,-5.38125)
  );
#10474 = CARTESIAN_POINT('',(4.15,-1.7763568394E-15,-5.771875));
#10475 = PCURVE('',#4786,#10476);
#10476 = DEFINITIONAL_REPRESENTATION('',(#10477),#10480);
#10477 = B_SPLINE_CURVE_WITH_KNOTS('',1,(#10478,#10479),.UNSPECIFIED.,
  .F.,.F.,(2,2),(4.,5.),.PIECEWISE_BEZIER_KNOTS.);
#10478 = CARTESIAN_POINT('',(4.,0.));
#10479 = CARTESIAN_POINT('',(5.,0.));
#10480 = ( GEOMETRIC_REPRESENTATION_CONTEXT(2) 
PARAMETRIC_REPRESENTATION_CONTEXT() REPRESENTATION_CONTEXT('2D SPACE',''
  ) );
#10481 = PCURVE('',#3864,#10482);
#10482 = DEFINITIONAL_REPRESENTATION('',(#10483),#10487);
#10483 = LINE('',#10484,#10485);
#10484 = CARTESIAN_POINT('',(0.,1.));
#10485 = VECTOR('',#10486,1.);
#10486 = DIRECTION('',(1.,0.));
#10487 = ( GEOMETRIC_REPRESENTATION_CONTEXT(2) 
PARAMETRIC_REPRESENTATION_CONTEXT() REPRESENTATION_CONTEXT('2D SPACE',''
  ) );
#10488 = ORIENTED_EDGE('',*,*,#10304,.T.);
#10489 = ORIENTED_EDGE('',*,*,#5345,.T.);
#10490 = ORIENTED_EDGE('',*,*,#10337,.T.);
#10491 = ORIENTED_EDGE('',*,*,#5232,.T.);
#10492 = ORIENTED_EDGE('',*,*,#10370,.T.);
#10493 = ORIENTED_EDGE('',*,*,#5103,.T.);
#10494 = ORIENTED_EDGE('',*,*,#5069,.T.);
#10495 = ORIENTED_EDGE('',*,*,#5013,.F.);
#10496 = ORIENTED_EDGE('',*,*,#10404,.T.);
#10497 = ORIENTED_EDGE('',*,*,#4906,.T.);
#10498 = ORIENTED_EDGE('',*,*,#10437,.T.);
#10499 = ORIENTED_EDGE('',*,*,#4748,.T.);
#10500 = ORIENTED_EDGE('',*,*,#10501,.T.);
#10501 = EDGE_CURVE('',#4676,#4674,#10502,.T.);
#10502 = SURFACE_CURVE('',#10503,(#10515,#10522),.PCURVE_S1.);
#10503 = ( BOUNDED_CURVE() B_SPLINE_CURVE(6,(#10504,#10505,#10506,#10507
    ,#10508,#10509,#10510,#10511,#10512,#10513,#10514),.UNSPECIFIED.,.F.
,.F.) B_SPLINE_CURVE_WITH_KNOTS((7,4,7),(0.,0.5,1.),.UNSPECIFIED.) CURVE
() GEOMETRIC_REPRESENTATION_ITEM() RATIONAL_B_SPLINE_CURVE((1.,1.,1.,1.,
1.,1.,1.,1.,1.,1.,1.)) REPRESENTATION_ITEM('') );
#10504 = CARTESIAN_POINT('',(4.149999999919,1.266093918875E-14,-5.771875
    ));
#10505 = CARTESIAN_POINT('',(4.135345393091,2.172436459448,
    -5.667708333331));
#10506 = CARTESIAN_POINT('',(2.82777586343,4.344872918886,-5.56354166648
    ));
#10507 = CARTESIAN_POINT('',(-2.463805780402E-02,5.459008095198,
    -5.459374999376));
#10508 = CARTESIAN_POINT('',(-2.790162372705,4.344872918846,
    -5.355208332298));
#10509 = CARTESIAN_POINT('',(-5.509837627334,-7.033342627495E-11,
    -5.146874998564));
#10510 = CARTESIAN_POINT('',(-2.79016237258,-4.344872918947,
    -4.93854166564));
#10511 = CARTESIAN_POINT('',(-2.463805763148E-02,-5.459008095259,
    -4.834374999383));
#10512 = CARTESIAN_POINT('',(2.827775863618,-4.344872918906,
    -4.730208333127));
#10513 = CARTESIAN_POINT('',(4.135345393277,-2.172436459448,
    -4.626041666665));
#10514 = CARTESIAN_POINT('',(4.150000000104,-2.211495142928E-14,
    -4.521875));
#10515 = PCURVE('',#4786,#10516);
#10516 = DEFINITIONAL_REPRESENTATION('',(#10517),#10521);
#10517 = LINE('',#10518,#10519);
#10518 = CARTESIAN_POINT('',(5.,0.));
#10519 = VECTOR('',#10520,1.);
#10520 = DIRECTION('',(0.,1.));
#10521 = ( GEOMETRIC_REPRESENTATION_CONTEXT(2) 
PARAMETRIC_REPRESENTATION_CONTEXT() REPRESENTATION_CONTEXT('2D SPACE',''
  ) );
#10522 = PCURVE('',#4709,#10523);
#10523 = DEFINITIONAL_REPRESENTATION('',(#10524),#10528);
#10524 = LINE('',#10525,#10526);
#10525 = CARTESIAN_POINT('',(5.,0.));
#10526 = VECTOR('',#10527,1.);
#10527 = DIRECTION('',(0.,1.));
#10528 = ( GEOMETRIC_REPRESENTATION_CONTEXT(2) 
PARAMETRIC_REPRESENTATION_CONTEXT() REPRESENTATION_CONTEXT('2D SPACE',''
  ) );
#10529 = ORIENTED_EDGE('',*,*,#10001,.F.);
#10530 = ADVANCED_FACE('',(#10531),#4709,.F.);
#10531 = FACE_BOUND('',#10532,.F.);
#10532 = EDGE_LOOP('',(#10533,#10534));
#10533 = ORIENTED_EDGE('',*,*,#4673,.F.);
#10534 = ORIENTED_EDGE('',*,*,#10501,.F.);
#10535 = ADVANCED_FACE('',(#10536),#4620,.T.);
#10536 = FACE_BOUND('',#10537,.T.);
#10537 = EDGE_LOOP('',(#10538,#10539,#10540,#10559));
#10538 = ORIENTED_EDGE('',*,*,#10264,.T.);
#10539 = ORIENTED_EDGE('',*,*,#9491,.T.);
#10540 = ORIENTED_EDGE('',*,*,#10541,.F.);
#10541 = EDGE_CURVE('',#4570,#9471,#10542,.T.);
#10542 = SURFACE_CURVE('',#10543,(#10546,#10553),.PCURVE_S1.);
#10543 = B_SPLINE_CURVE_WITH_KNOTS('',1,(#10544,#10545),.UNSPECIFIED.,
  .F.,.F.,(2,2),(2.,3.),.PIECEWISE_BEZIER_KNOTS.);
#10544 = CARTESIAN_POINT('',(2.265740318957E-10,-4.14999999929,
    -6.737784105703));
#10545 = CARTESIAN_POINT('',(3.63684633491E-10,-4.088492513226,
    -6.773295469339));
#10546 = PCURVE('',#4620,#10547);
#10547 = DEFINITIONAL_REPRESENTATION('',(#10548),#10552);
#10548 = LINE('',#10549,#10550);
#10549 = CARTESIAN_POINT('',(0.,1.));
#10550 = VECTOR('',#10551,1.);
#10551 = DIRECTION('',(1.,0.));
#10552 = ( GEOMETRIC_REPRESENTATION_CONTEXT(2) 
PARAMETRIC_REPRESENTATION_CONTEXT() REPRESENTATION_CONTEXT('2D SPACE',''
  ) );
#10553 = PCURVE('',#4584,#10554);
#10554 = DEFINITIONAL_REPRESENTATION('',(#10555),#10558);
#10555 = B_SPLINE_CURVE_WITH_KNOTS('',1,(#10556,#10557),.UNSPECIFIED.,
  .F.,.F.,(2,2),(2.,3.),.PIECEWISE_BEZIER_KNOTS.);
#10556 = CARTESIAN_POINT('',(7.639774780812E-02,6.618647225216E-02));
#10557 = CARTESIAN_POINT('',(0.102157768772,-3.832848097222E-18));
#10558 = ( GEOMETRIC_REPRESENTATION_CONTEXT(2) 
PARAMETRIC_REPRESENTATION_CONTEXT() REPRESENTATION_CONTEXT('2D SPACE',''
  ) );
#10559 = ORIENTED_EDGE('',*,*,#4595,.F.);
#10560 = ADVANCED_FACE('',(#10561),#4584,.F.);
#10561 = FACE_BOUND('',#10562,.F.);
#10562 = EDGE_LOOP('',(#10563,#10564,#10583,#10584));
#10563 = ORIENTED_EDGE('',*,*,#4569,.F.);
#10564 = ORIENTED_EDGE('',*,*,#10565,.F.);
#10565 = EDGE_CURVE('',#9443,#4521,#10566,.T.);
#10566 = SURFACE_CURVE('',#10567,(#10570,#10576),.PCURVE_S1.);
#10567 = B_SPLINE_CURVE_WITH_KNOTS('',1,(#10568,#10569),.UNSPECIFIED.,
  .F.,.F.,(2,2),(4.,5.),.PIECEWISE_BEZIER_KNOTS.);
#10568 = CARTESIAN_POINT('',(4.649543459364E-10,-4.088492513226,
    -6.801704560248));
#10569 = CARTESIAN_POINT('',(5.810180254548E-10,-4.14999999929,
    -6.837215923884));
#10570 = PCURVE('',#4584,#10571);
#10571 = DEFINITIONAL_REPRESENTATION('',(#10572),#10575);
#10572 = B_SPLINE_CURVE_WITH_KNOTS('',1,(#10573,#10574),.UNSPECIFIED.,
  .F.,.F.,(2,2),(4.,5.),.PIECEWISE_BEZIER_KNOTS.);
#10573 = CARTESIAN_POINT('',(8.438210642214E-02,-2.21608274732E-02));
#10574 = CARTESIAN_POINT('',(1.418292958285E-02,-1.137642390405E-02));
#10575 = ( GEOMETRIC_REPRESENTATION_CONTEXT(2) 
PARAMETRIC_REPRESENTATION_CONTEXT() REPRESENTATION_CONTEXT('2D SPACE',''
  ) );
#10576 = PCURVE('',#4545,#10577);
#10577 = DEFINITIONAL_REPRESENTATION('',(#10578),#10582);
#10578 = LINE('',#10579,#10580);
#10579 = CARTESIAN_POINT('',(0.,1.));
#10580 = VECTOR('',#10581,1.);
#10581 = DIRECTION('',(1.,0.));
#10582 = ( GEOMETRIC_REPRESENTATION_CONTEXT(2) 
PARAMETRIC_REPRESENTATION_CONTEXT() REPRESENTATION_CONTEXT('2D SPACE',''
  ) );
#10583 = ORIENTED_EDGE('',*,*,#9470,.F.);
#10584 = ORIENTED_EDGE('',*,*,#10541,.F.);
#10585 = ADVANCED_FACE('',(#10586),#4545,.T.);
#10586 = FACE_BOUND('',#10587,.T.);
#10587 = EDGE_LOOP('',(#10588,#10607,#10608,#10609));
#10588 = ORIENTED_EDGE('',*,*,#10589,.T.);
#10589 = EDGE_CURVE('',#9342,#4425,#10590,.T.);
#10590 = SURFACE_CURVE('',#10591,(#10594,#10600),.PCURVE_S1.);
#10591 = B_SPLINE_CURVE_WITH_KNOTS('',1,(#10592,#10593),.UNSPECIFIED.,
  .F.,.F.,(2,2),(4.,5.),.PIECEWISE_BEZIER_KNOTS.);
#10592 = CARTESIAN_POINT('',(3.473417653293,1.924790202791E-13,-6.63125)
  );
#10593 = CARTESIAN_POINT('',(4.15,0.,-7.021875));
#10594 = PCURVE('',#4545,#10595);
#10595 = DEFINITIONAL_REPRESENTATION('',(#10596),#10599);
#10596 = B_SPLINE_CURVE_WITH_KNOTS('',1,(#10597,#10598),.UNSPECIFIED.,
  .F.,.F.,(2,2),(4.,5.),.PIECEWISE_BEZIER_KNOTS.);
#10597 = CARTESIAN_POINT('',(4.,0.));
#10598 = CARTESIAN_POINT('',(5.,0.));
#10599 = ( GEOMETRIC_REPRESENTATION_CONTEXT(2) 
PARAMETRIC_REPRESENTATION_CONTEXT() REPRESENTATION_CONTEXT('2D SPACE',''
  ) );
#10600 = PCURVE('',#3864,#10601);
#10601 = DEFINITIONAL_REPRESENTATION('',(#10602),#10606);
#10602 = LINE('',#10603,#10604);
#10603 = CARTESIAN_POINT('',(0.,0.));
#10604 = VECTOR('',#10605,1.);
#10605 = DIRECTION('',(1.,0.));
#10606 = ( GEOMETRIC_REPRESENTATION_CONTEXT(2) 
PARAMETRIC_REPRESENTATION_CONTEXT() REPRESENTATION_CONTEXT('2D SPACE',''
  ) );
#10607 = ORIENTED_EDGE('',*,*,#4520,.T.);
#10608 = ORIENTED_EDGE('',*,*,#10565,.F.);
#10609 = ORIENTED_EDGE('',*,*,#9442,.F.);
#10610 = ADVANCED_FACE('',(#10611),#4458,.F.);
#10611 = FACE_BOUND('',#10612,.F.);
#10612 = EDGE_LOOP('',(#10613,#10642));
#10613 = ORIENTED_EDGE('',*,*,#10614,.F.);
#10614 = EDGE_CURVE('',#4425,#4390,#10615,.T.);
#10615 = SURFACE_CURVE('',#10616,(#10628,#10635),.PCURVE_S1.);
#10616 = ( BOUNDED_CURVE() B_SPLINE_CURVE(6,(#10617,#10618,#10619,#10620
    ,#10621,#10622,#10623,#10624,#10625,#10626,#10627),.UNSPECIFIED.,.F.
,.F.) B_SPLINE_CURVE_WITH_KNOTS((7,4,7),(0.,0.5,1.),.UNSPECIFIED.) CURVE
() GEOMETRIC_REPRESENTATION_ITEM() RATIONAL_B_SPLINE_CURVE((1.,1.,1.,1.,
1.,1.,1.,1.,1.,1.,1.)) REPRESENTATION_ITEM('') );
#10617 = CARTESIAN_POINT('',(4.15,0.,-7.021875));
#10618 = CARTESIAN_POINT('',(4.135345393172,2.172436459448,
    -6.917708333333));
#10619 = CARTESIAN_POINT('',(2.827775863512,4.344872918896,
    -6.813541666677));
#10620 = CARTESIAN_POINT('',(-2.463805772928E-02,5.459008095229,
    -6.709374999996));
#10621 = CARTESIAN_POINT('',(-2.790162372654,4.344872918896,
    -6.605208333329));
#10622 = CARTESIAN_POINT('',(-5.509837627346,2.860593549839E-13,
    -6.396875));
#10623 = CARTESIAN_POINT('',(-2.790162372654,-4.344872918897,
    -6.188541666671));
#10624 = CARTESIAN_POINT('',(-2.463805772944E-02,-5.459008095228,
    -6.084375000004));
#10625 = CARTESIAN_POINT('',(2.827775863512,-4.344872918897,
    -5.980208333323));
#10626 = CARTESIAN_POINT('',(4.135345393172,-2.172436459448,
    -5.876041666667));
#10627 = CARTESIAN_POINT('',(4.15,-1.7763568394E-15,-5.771875));
#10628 = PCURVE('',#4458,#10629);
#10629 = DEFINITIONAL_REPRESENTATION('',(#10630),#10634);
#10630 = LINE('',#10631,#10632);
#10631 = CARTESIAN_POINT('',(5.,0.));
#10632 = VECTOR('',#10633,1.);
#10633 = DIRECTION('',(0.,1.));
#10634 = ( GEOMETRIC_REPRESENTATION_CONTEXT(2) 
PARAMETRIC_REPRESENTATION_CONTEXT() REPRESENTATION_CONTEXT('2D SPACE',''
  ) );
#10635 = PCURVE('',#3864,#10636);
#10636 = DEFINITIONAL_REPRESENTATION('',(#10637),#10641);
#10637 = LINE('',#10638,#10639);
#10638 = CARTESIAN_POINT('',(5.,0.));
#10639 = VECTOR('',#10640,1.);
#10640 = DIRECTION('',(0.,1.));
#10641 = ( GEOMETRIC_REPRESENTATION_CONTEXT(2) 
PARAMETRIC_REPRESENTATION_CONTEXT() REPRESENTATION_CONTEXT('2D SPACE',''
  ) );
#10642 = ORIENTED_EDGE('',*,*,#4424,.T.);
#10643 = ADVANCED_FACE('',(#10644),#4348,.F.);
#10644 = FACE_BOUND('',#10645,.F.);
#10645 = EDGE_LOOP('',(#10646,#10675));
#10646 = ORIENTED_EDGE('',*,*,#10647,.F.);
#10647 = EDGE_CURVE('',#4311,#4277,#10648,.T.);
#10648 = SURFACE_CURVE('',#10649,(#10661,#10668),.PCURVE_S1.);
#10649 = ( BOUNDED_CURVE() B_SPLINE_CURVE(6,(#10650,#10651,#10652,#10653
    ,#10654,#10655,#10656,#10657,#10658,#10659,#10660),.UNSPECIFIED.,.F.
,.F.) B_SPLINE_CURVE_WITH_KNOTS((7,4,7),(0.,0.5,1.),.UNSPECIFIED.) CURVE
() GEOMETRIC_REPRESENTATION_ITEM() RATIONAL_B_SPLINE_CURVE((1.,1.,1.,1.,
1.,1.,1.,1.,1.,1.,1.)) REPRESENTATION_ITEM('') );
#10650 = CARTESIAN_POINT('',(4.15,0.,-7.021875));
#10651 = CARTESIAN_POINT('',(4.135345393172,2.172436459448,
    -6.917708333333));
#10652 = CARTESIAN_POINT('',(2.827775863512,4.344872918896,
    -6.813541666677));
#10653 = CARTESIAN_POINT('',(-2.463805772928E-02,5.459008095229,
    -6.709374999996));
#10654 = CARTESIAN_POINT('',(-2.790162372654,4.344872918896,
    -6.605208333329));
#10655 = CARTESIAN_POINT('',(-5.509837627346,2.860593549839E-13,
    -6.396875));
#10656 = CARTESIAN_POINT('',(-2.790162372654,-4.344872918897,
    -6.188541666671));
#10657 = CARTESIAN_POINT('',(-2.463805772944E-02,-5.459008095228,
    -6.084375000004));
#10658 = CARTESIAN_POINT('',(2.827775863512,-4.344872918897,
    -5.980208333323));
#10659 = CARTESIAN_POINT('',(4.135345393172,-2.172436459448,
    -5.876041666667));
#10660 = CARTESIAN_POINT('',(4.15,-1.7763568394E-15,-5.771875));
#10661 = PCURVE('',#4348,#10662);
#10662 = DEFINITIONAL_REPRESENTATION('',(#10663),#10667);
#10663 = LINE('',#10664,#10665);
#10664 = CARTESIAN_POINT('',(5.,0.));
#10665 = VECTOR('',#10666,1.);
#10666 = DIRECTION('',(0.,1.));
#10667 = ( GEOMETRIC_REPRESENTATION_CONTEXT(2) 
PARAMETRIC_REPRESENTATION_CONTEXT() REPRESENTATION_CONTEXT('2D SPACE',''
  ) );
#10668 = PCURVE('',#3864,#10669);
#10669 = DEFINITIONAL_REPRESENTATION('',(#10670),#10674);
#10670 = LINE('',#10671,#10672);
#10671 = CARTESIAN_POINT('',(5.,0.));
#10672 = VECTOR('',#10673,1.);
#10673 = DIRECTION('',(0.,1.));
#10674 = ( GEOMETRIC_REPRESENTATION_CONTEXT(2) 
PARAMETRIC_REPRESENTATION_CONTEXT() REPRESENTATION_CONTEXT('2D SPACE',''
  ) );
#10675 = ORIENTED_EDGE('',*,*,#4310,.T.);
#10676 = ADVANCED_FACE('',(#10677),#4237,.F.);
#10677 = FACE_BOUND('',#10678,.F.);
#10678 = EDGE_LOOP('',(#10679,#10708));
#10679 = ORIENTED_EDGE('',*,*,#10680,.F.);
#10680 = EDGE_CURVE('',#4204,#4148,#10681,.T.);
#10681 = SURFACE_CURVE('',#10682,(#10694,#10701),.PCURVE_S1.);
#10682 = ( BOUNDED_CURVE() B_SPLINE_CURVE(6,(#10683,#10684,#10685,#10686
    ,#10687,#10688,#10689,#10690,#10691,#10692,#10693),.UNSPECIFIED.,.F.
,.F.) B_SPLINE_CURVE_WITH_KNOTS((7,4,7),(0.,0.5,1.),.UNSPECIFIED.) CURVE
() GEOMETRIC_REPRESENTATION_ITEM() RATIONAL_B_SPLINE_CURVE((1.,1.,1.,1.,
1.,1.,1.,1.,1.,1.,1.)) REPRESENTATION_ITEM('') );
#10683 = CARTESIAN_POINT('',(4.15,0.,-7.021875));
#10684 = CARTESIAN_POINT('',(4.135345393172,2.172436459448,
    -6.917708333333));
#10685 = CARTESIAN_POINT('',(2.827775863512,4.344872918896,
    -6.813541666677));
#10686 = CARTESIAN_POINT('',(-2.463805772928E-02,5.459008095229,
    -6.709374999996));
#10687 = CARTESIAN_POINT('',(-2.790162372654,4.344872918896,
    -6.605208333329));
#10688 = CARTESIAN_POINT('',(-5.509837627346,2.860593549839E-13,
    -6.396875));
#10689 = CARTESIAN_POINT('',(-2.790162372654,-4.344872918897,
    -6.188541666671));
#10690 = CARTESIAN_POINT('',(-2.463805772944E-02,-5.459008095228,
    -6.084375000004));
#10691 = CARTESIAN_POINT('',(2.827775863512,-4.344872918897,
    -5.980208333323));
#10692 = CARTESIAN_POINT('',(4.135345393172,-2.172436459448,
    -5.876041666667));
#10693 = CARTESIAN_POINT('',(4.15,-1.7763568394E-15,-5.771875));
#10694 = PCURVE('',#4237,#10695);
#10695 = DEFINITIONAL_REPRESENTATION('',(#10696),#10700);
#10696 = LINE('',#10697,#10698);
#10697 = CARTESIAN_POINT('',(5.,0.));
#10698 = VECTOR('',#10699,1.);
#10699 = DIRECTION('',(0.,1.));
#10700 = ( GEOMETRIC_REPRESENTATION_CONTEXT(2) 
PARAMETRIC_REPRESENTATION_CONTEXT() REPRESENTATION_CONTEXT('2D SPACE',''
  ) );
#10701 = PCURVE('',#3864,#10702);
#10702 = DEFINITIONAL_REPRESENTATION('',(#10703),#10707);
#10703 = LINE('',#10704,#10705);
#10704 = CARTESIAN_POINT('',(5.,0.));
#10705 = VECTOR('',#10706,1.);
#10706 = DIRECTION('',(0.,1.));
#10707 = ( GEOMETRIC_REPRESENTATION_CONTEXT(2) 
PARAMETRIC_REPRESENTATION_CONTEXT() REPRESENTATION_CONTEXT('2D SPACE',''
  ) );
#10708 = ORIENTED_EDGE('',*,*,#4203,.F.);
#10709 = ADVANCED_FACE('',(#10710),#4052,.F.);
#10710 = FACE_BOUND('',#10711,.F.);
#10711 = EDGE_LOOP('',(#10712,#10713));
#10712 = ORIENTED_EDGE('',*,*,#4018,.T.);
#10713 = ORIENTED_EDGE('',*,*,#10714,.F.);
#10714 = EDGE_CURVE('',#4019,#3985,#10715,.T.);
#10715 = SURFACE_CURVE('',#10716,(#10728,#10735),.PCURVE_S1.);
#10716 = ( BOUNDED_CURVE() B_SPLINE_CURVE(6,(#10717,#10718,#10719,#10720
    ,#10721,#10722,#10723,#10724,#10725,#10726,#10727),.UNSPECIFIED.,.F.
,.F.) B_SPLINE_CURVE_WITH_KNOTS((7,4,7),(0.,0.5,1.),.UNSPECIFIED.) CURVE
() GEOMETRIC_REPRESENTATION_ITEM() RATIONAL_B_SPLINE_CURVE((1.,1.,1.,1.,
1.,1.,1.,1.,1.,1.,1.)) REPRESENTATION_ITEM('') );
#10717 = CARTESIAN_POINT('',(4.15,0.,-7.021875));
#10718 = CARTESIAN_POINT('',(4.135345393172,2.172436459448,
    -6.917708333333));
#10719 = CARTESIAN_POINT('',(2.827775863512,4.344872918896,
    -6.813541666677));
#10720 = CARTESIAN_POINT('',(-2.463805772928E-02,5.459008095229,
    -6.709374999996));
#10721 = CARTESIAN_POINT('',(-2.790162372654,4.344872918896,
    -6.605208333329));
#10722 = CARTESIAN_POINT('',(-5.509837627346,2.860593549839E-13,
    -6.396875));
#10723 = CARTESIAN_POINT('',(-2.790162372654,-4.344872918897,
    -6.188541666671));
#10724 = CARTESIAN_POINT('',(-2.463805772944E-02,-5.459008095228,
    -6.084375000004));
#10725 = CARTESIAN_POINT('',(2.827775863512,-4.344872918897,
    -5.980208333323));
#10726 = CARTESIAN_POINT('',(4.135345393172,-2.172436459448,
    -5.876041666667));
#10727 = CARTESIAN_POINT('',(4.15,-1.7763568394E-15,-5.771875));
#10728 = PCURVE('',#4052,#10729);
#10729 = DEFINITIONAL_REPRESENTATION('',(#10730),#10734);
#10730 = LINE('',#10731,#10732);
#10731 = CARTESIAN_POINT('',(5.,0.));
#10732 = VECTOR('',#10733,1.);
#10733 = DIRECTION('',(0.,1.));
#10734 = ( GEOMETRIC_REPRESENTATION_CONTEXT(2) 
PARAMETRIC_REPRESENTATION_CONTEXT() REPRESENTATION_CONTEXT('2D SPACE',''
  ) );
#10735 = PCURVE('',#3864,#10736);
#10736 = DEFINITIONAL_REPRESENTATION('',(#10737),#10741);
#10737 = LINE('',#10738,#10739);
#10738 = CARTESIAN_POINT('',(5.,0.));
#10739 = VECTOR('',#10740,1.);
#10740 = DIRECTION('',(0.,1.));
#10741 = ( GEOMETRIC_REPRESENTATION_CONTEXT(2) 
PARAMETRIC_REPRESENTATION_CONTEXT() REPRESENTATION_CONTEXT('2D SPACE',''
  ) );
#10742 = ADVANCED_FACE('',(#10743),#3943,.F.);
#10743 = FACE_BOUND('',#10744,.F.);
#10744 = EDGE_LOOP('',(#10745,#10746));
#10745 = ORIENTED_EDGE('',*,*,#3905,.F.);
#10746 = ORIENTED_EDGE('',*,*,#10747,.F.);
#10747 = EDGE_CURVE('',#3906,#3827,#10748,.T.);
#10748 = SURFACE_CURVE('',#10749,(#10761,#10768),.PCURVE_S1.);
#10749 = ( BOUNDED_CURVE() B_SPLINE_CURVE(6,(#10750,#10751,#10752,#10753
    ,#10754,#10755,#10756,#10757,#10758,#10759,#10760),.UNSPECIFIED.,.F.
,.F.) B_SPLINE_CURVE_WITH_KNOTS((7,4,7),(0.,0.5,1.),.UNSPECIFIED.) CURVE
() GEOMETRIC_REPRESENTATION_ITEM() RATIONAL_B_SPLINE_CURVE((1.,1.,1.,1.,
1.,1.,1.,1.,1.,1.,1.)) REPRESENTATION_ITEM('') );
#10750 = CARTESIAN_POINT('',(4.15,0.,-7.021875));
#10751 = CARTESIAN_POINT('',(4.135345393172,2.172436459448,
    -6.917708333333));
#10752 = CARTESIAN_POINT('',(2.827775863512,4.344872918896,
    -6.813541666677));
#10753 = CARTESIAN_POINT('',(-2.463805772928E-02,5.459008095229,
    -6.709374999996));
#10754 = CARTESIAN_POINT('',(-2.790162372654,4.344872918896,
    -6.605208333329));
#10755 = CARTESIAN_POINT('',(-5.509837627346,2.860593549839E-13,
    -6.396875));
#10756 = CARTESIAN_POINT('',(-2.790162372654,-4.344872918897,
    -6.188541666671));
#10757 = CARTESIAN_POINT('',(-2.463805772944E-02,-5.459008095228,
    -6.084375000004));
#10758 = CARTESIAN_POINT('',(2.827775863512,-4.344872918897,
    -5.980208333323));
#10759 = CARTESIAN_POINT('',(4.135345393172,-2.172436459448,
    -5.876041666667));
#10760 = CARTESIAN_POINT('',(4.15,-1.7763568394E-15,-5.771875));
#10761 = PCURVE('',#3943,#10762);
#10762 = DEFINITIONAL_REPRESENTATION('',(#10763),#10767);
#10763 = LINE('',#10764,#10765);
#10764 = CARTESIAN_POINT('',(5.,0.));
#10765 = VECTOR('',#10766,1.);
#10766 = DIRECTION('',(0.,1.));
#10767 = ( GEOMETRIC_REPRESENTATION_CONTEXT(2) 
PARAMETRIC_REPRESENTATION_CONTEXT() REPRESENTATION_CONTEXT('2D SPACE',''
  ) );
#10768 = PCURVE('',#3864,#10769);
#10769 = DEFINITIONAL_REPRESENTATION('',(#10770),#10774);
#10770 = LINE('',#10771,#10772);
#10771 = CARTESIAN_POINT('',(5.,0.));
#10772 = VECTOR('',#10773,1.);
#10773 = DIRECTION('',(0.,1.));
#10774 = ( GEOMETRIC_REPRESENTATION_CONTEXT(2) 
PARAMETRIC_REPRESENTATION_CONTEXT() REPRESENTATION_CONTEXT('2D SPACE',''
  ) );
#10775 = ADVANCED_FACE('',(#10776),#3864,.F.);
#10776 = FACE_BOUND('',#10777,.F.);
#10777 = EDGE_LOOP('',(#10778,#10779,#10780,#10781,#10782,#10783,#10784,
    #10785,#10786,#10787,#10788,#10789,#10790,#10791,#10820));
#10778 = ORIENTED_EDGE('',*,*,#9379,.F.);
#10779 = ORIENTED_EDGE('',*,*,#10589,.T.);
#10780 = ORIENTED_EDGE('',*,*,#10614,.T.);
#10781 = ORIENTED_EDGE('',*,*,#4389,.T.);
#10782 = ORIENTED_EDGE('',*,*,#10647,.T.);
#10783 = ORIENTED_EDGE('',*,*,#4276,.T.);
#10784 = ORIENTED_EDGE('',*,*,#10680,.T.);
#10785 = ORIENTED_EDGE('',*,*,#4147,.T.);
#10786 = ORIENTED_EDGE('',*,*,#4091,.F.);
#10787 = ORIENTED_EDGE('',*,*,#10714,.T.);
#10788 = ORIENTED_EDGE('',*,*,#3984,.T.);
#10789 = ORIENTED_EDGE('',*,*,#10747,.T.);
#10790 = ORIENTED_EDGE('',*,*,#3826,.T.);
#10791 = ORIENTED_EDGE('',*,*,#10792,.T.);
#10792 = EDGE_CURVE('',#3754,#3752,#10793,.T.);
#10793 = SURFACE_CURVE('',#10794,(#10806,#10813),.PCURVE_S1.);
#10794 = ( BOUNDED_CURVE() B_SPLINE_CURVE(6,(#10795,#10796,#10797,#10798
    ,#10799,#10800,#10801,#10802,#10803,#10804,#10805),.UNSPECIFIED.,.F.
,.F.) B_SPLINE_CURVE_WITH_KNOTS((7,4,7),(0.,0.5,1.),.UNSPECIFIED.) CURVE
() GEOMETRIC_REPRESENTATION_ITEM() RATIONAL_B_SPLINE_CURVE((1.,1.,1.,1.,
1.,1.,1.,1.,1.,1.,1.)) REPRESENTATION_ITEM('') );
#10795 = CARTESIAN_POINT('',(4.15,0.,-7.021875));
#10796 = CARTESIAN_POINT('',(4.135345393172,2.172436459448,
    -6.917708333333));
#10797 = CARTESIAN_POINT('',(2.827775863512,4.344872918896,
    -6.813541666677));
#10798 = CARTESIAN_POINT('',(-2.463805772928E-02,5.459008095229,
    -6.709374999996));
#10799 = CARTESIAN_POINT('',(-2.790162372654,4.344872918896,
    -6.605208333329));
#10800 = CARTESIAN_POINT('',(-5.509837627346,2.860593549839E-13,
    -6.396875));
#10801 = CARTESIAN_POINT('',(-2.790162372654,-4.344872918897,
    -6.188541666671));
#10802 = CARTESIAN_POINT('',(-2.463805772944E-02,-5.459008095228,
    -6.084375000004));
#10803 = CARTESIAN_POINT('',(2.827775863512,-4.344872918897,
    -5.980208333323));
#10804 = CARTESIAN_POINT('',(4.135345393172,-2.172436459448,
    -5.876041666667));
#10805 = CARTESIAN_POINT('',(4.15,-1.7763568394E-15,-5.771875));
#10806 = PCURVE('',#3864,#10807);
#10807 = DEFINITIONAL_REPRESENTATION('',(#10808),#10812);
#10808 = LINE('',#10809,#10810);
#10809 = CARTESIAN_POINT('',(5.,0.));
#10810 = VECTOR('',#10811,1.);
#10811 = DIRECTION('',(0.,1.));
#10812 = ( GEOMETRIC_REPRESENTATION_CONTEXT(2) 
PARAMETRIC_REPRESENTATION_CONTEXT() REPRESENTATION_CONTEXT('2D SPACE',''
  ) );
#10813 = PCURVE('',#3787,#10814);
#10814 = DEFINITIONAL_REPRESENTATION('',(#10815),#10819);
#10815 = LINE('',#10816,#10817);
#10816 = CARTESIAN_POINT('',(5.,0.));
#10817 = VECTOR('',#10818,1.);
#10818 = DIRECTION('',(0.,1.));
#10819 = ( GEOMETRIC_REPRESENTATION_CONTEXT(2) 
PARAMETRIC_REPRESENTATION_CONTEXT() REPRESENTATION_CONTEXT('2D SPACE',''
  ) );
#10820 = ORIENTED_EDGE('',*,*,#10470,.F.);
#10821 = ADVANCED_FACE('',(#10822),#3787,.F.);
#10822 = FACE_BOUND('',#10823,.F.);
#10823 = EDGE_LOOP('',(#10824,#10825));
#10824 = ORIENTED_EDGE('',*,*,#3751,.F.);
#10825 = ORIENTED_EDGE('',*,*,#10792,.F.);
#10826 = ADVANCED_FACE('',(#10827),#143,.F.);
#10827 = FACE_BOUND('',#10828,.F.);
#10828 = EDGE_LOOP('',(#10829,#10830,#10831,#10832));
#10829 = ORIENTED_EDGE('',*,*,#3601,.F.);
#10830 = ORIENTED_EDGE('',*,*,#3650,.T.);
#10831 = ORIENTED_EDGE('',*,*,#130,.T.);
#10832 = ORIENTED_EDGE('',*,*,#10833,.F.);
#10833 = EDGE_CURVE('',#3578,#42,#10834,.T.);
#10834 = SURFACE_CURVE('',#10835,(#10840,#10847),.PCURVE_S1.);
#10835 = CIRCLE('',#10836,0.7);
#10836 = AXIS2_PLACEMENT_3D('',#10837,#10838,#10839);
#10837 = CARTESIAN_POINT('',(8.017184358199,2.148198074351,-2.1));
#10838 = DIRECTION('',(0.,0.,1.));
#10839 = DIRECTION('',(0.965925826289,0.258819045103,-0.));
#10840 = PCURVE('',#143,#10841);
#10841 = DEFINITIONAL_REPRESENTATION('',(#10842),#10846);
#10842 = LINE('',#10843,#10844);
#10843 = CARTESIAN_POINT('',(0.,5.5));
#10844 = VECTOR('',#10845,1.);
#10845 = DIRECTION('',(1.,0.));
#10846 = ( GEOMETRIC_REPRESENTATION_CONTEXT(2) 
PARAMETRIC_REPRESENTATION_CONTEXT() REPRESENTATION_CONTEXT('2D SPACE',''
  ) );
#10847 = PCURVE('',#63,#10848);
#10848 = DEFINITIONAL_REPRESENTATION('',(#10849),#10853);
#10849 = CIRCLE('',#10850,0.7);
#10850 = AXIS2_PLACEMENT_2D('',#10851,#10852);
#10851 = CARTESIAN_POINT('',(8.017184358199,2.148198074351));
#10852 = DIRECTION('',(0.965925826289,0.258819045103));
#10853 = ( GEOMETRIC_REPRESENTATION_CONTEXT(2) 
PARAMETRIC_REPRESENTATION_CONTEXT() REPRESENTATION_CONTEXT('2D SPACE',''
  ) );
#10854 = ADVANCED_FACE('',(#10855,#10905),#63,.T.);
#10855 = FACE_BOUND('',#10856,.T.);
#10856 = EDGE_LOOP('',(#10857,#10858,#10859,#10860,#10861,#10862,#10863,
    #10864,#10865,#10866,#10867,#10868,#10869,#10870,#10871,#10872,
    #10873,#10874,#10875,#10876,#10877,#10878,#10879,#10880,#10881,
    #10882,#10883,#10884,#10885,#10886,#10887,#10888,#10889,#10890,
    #10891,#10892,#10893,#10894,#10895,#10896,#10897,#10898,#10899,
    #10900,#10901,#10902,#10903,#10904));
#10857 = ORIENTED_EDGE('',*,*,#208,.F.);
#10858 = ORIENTED_EDGE('',*,*,#39,.T.);
#10859 = ORIENTED_EDGE('',*,*,#10833,.F.);
#10860 = ORIENTED_EDGE('',*,*,#3577,.T.);
#10861 = ORIENTED_EDGE('',*,*,#3501,.F.);
#10862 = ORIENTED_EDGE('',*,*,#3425,.T.);
#10863 = ORIENTED_EDGE('',*,*,#3349,.F.);
#10864 = ORIENTED_EDGE('',*,*,#3273,.T.);
#10865 = ORIENTED_EDGE('',*,*,#3197,.F.);
#10866 = ORIENTED_EDGE('',*,*,#3121,.T.);
#10867 = ORIENTED_EDGE('',*,*,#3045,.F.);
#10868 = ORIENTED_EDGE('',*,*,#2969,.T.);
#10869 = ORIENTED_EDGE('',*,*,#2893,.F.);
#10870 = ORIENTED_EDGE('',*,*,#2817,.T.);
#10871 = ORIENTED_EDGE('',*,*,#2741,.F.);
#10872 = ORIENTED_EDGE('',*,*,#2665,.T.);
#10873 = ORIENTED_EDGE('',*,*,#2589,.F.);
#10874 = ORIENTED_EDGE('',*,*,#2513,.T.);
#10875 = ORIENTED_EDGE('',*,*,#2437,.F.);
#10876 = ORIENTED_EDGE('',*,*,#2361,.T.);
#10877 = ORIENTED_EDGE('',*,*,#2285,.F.);
#10878 = ORIENTED_EDGE('',*,*,#2209,.T.);
#10879 = ORIENTED_EDGE('',*,*,#2133,.F.);
#10880 = ORIENTED_EDGE('',*,*,#2057,.T.);
#10881 = ORIENTED_EDGE('',*,*,#1981,.F.);
#10882 = ORIENTED_EDGE('',*,*,#1905,.T.);
#10883 = ORIENTED_EDGE('',*,*,#1829,.F.);
#10884 = ORIENTED_EDGE('',*,*,#1753,.T.);
#10885 = ORIENTED_EDGE('',*,*,#1677,.F.);
#10886 = ORIENTED_EDGE('',*,*,#1601,.T.);
#10887 = ORIENTED_EDGE('',*,*,#1525,.F.);
#10888 = ORIENTED_EDGE('',*,*,#1449,.T.);
#10889 = ORIENTED_EDGE('',*,*,#1373,.F.);
#10890 = ORIENTED_EDGE('',*,*,#1297,.T.);
#10891 = ORIENTED_EDGE('',*,*,#1221,.F.);
#10892 = ORIENTED_EDGE('',*,*,#1145,.T.);
#10893 = ORIENTED_EDGE('',*,*,#1069,.F.);
#10894 = ORIENTED_EDGE('',*,*,#993,.T.);
#10895 = ORIENTED_EDGE('',*,*,#917,.F.);
#10896 = ORIENTED_EDGE('',*,*,#841,.T.);
#10897 = ORIENTED_EDGE('',*,*,#765,.F.);
#10898 = ORIENTED_EDGE('',*,*,#689,.T.);
#10899 = ORIENTED_EDGE('',*,*,#613,.F.);
#10900 = ORIENTED_EDGE('',*,*,#537,.T.);
#10901 = ORIENTED_EDGE('',*,*,#461,.F.);
#10902 = ORIENTED_EDGE('',*,*,#385,.T.);
#10903 = ORIENTED_EDGE('',*,*,#309,.F.);
#10904 = ORIENTED_EDGE('',*,*,#233,.T.);
#10905 = FACE_BOUND('',#10906,.T.);
#10906 = EDGE_LOOP('',(#10907));
#10907 = ORIENTED_EDGE('',*,*,#8710,.F.);
#10908 = ( GEOMETRIC_REPRESENTATION_CONTEXT(3) 
GLOBAL_UNCERTAINTY_ASSIGNED_CONTEXT((#10912)) 
GLOBAL_UNIT_ASSIGNED_CONTEXT((#10909,#10910,#10911)) 
REPRESENTATION_CONTEXT('Context #1',
  '3D Context with UNIT and UNCERTAINTY') );
#10909 = ( LENGTH_UNIT() NAMED_UNIT(*) SI_UNIT(.MILLI.,.METRE.) );
#10910 = ( NAMED_UNIT(*) PLANE_ANGLE_UNIT() SI_UNIT($,.RADIAN.) );
#10911 = ( NAMED_UNIT(*) SI_UNIT($,.STERADIAN.) SOLID_ANGLE_UNIT() );
#10912 = UNCERTAINTY_MEASURE_WITH_UNIT(LENGTH_MEASURE(2.E-06),#10909,
  'distance_accuracy_value','confusion accuracy');
#10913 = CONTEXT_DEPENDENT_SHAPE_REPRESENTATION(#10914,#10916);
#10914 = ( REPRESENTATION_RELATIONSHIP('','',#32,#10) 
REPRESENTATION_RELATIONSHIP_WITH_TRANSFORMATION(#10915) 
SHAPE_REPRESENTATION_RELATIONSHIP() );
#10915 = ITEM_DEFINED_TRANSFORMATION('','',#11,#15);
#10916 = PRODUCT_DEFINITION_SHAPE('Placement','Placement of an item',
  #10917);
#10917 = NEXT_ASSEMBLY_USAGE_OCCURRENCE('5','=>[0:1:1:2]','',#5,#27,$);
#10918 = PRODUCT_RELATED_PRODUCT_CATEGORY('part',$,(#29));
ENDSEC;
END-ISO-10303-21;
