ISO-10303-21;
HEADER;
FILE_DESCRIPTION(('Open CASCADE Model'),'2;1');
FILE_NAME('Open CASCADE Shape Model','2026-09-28T17:40:47',('Author'),(
    'Open CASCADE'),'Open CASCADE STEP processor 8.0','build123d',
  'Unknown');
FILE_SCHEMA(('AUTOMOTIVE_DESIGN { 1 0 10303 214 1 1 1 1 }'));
ENDSEC;
DATA;
#1 = APPLICATION_PROTOCOL_DEFINITION('international standard',
  'automotive_design',2000,#2);
#2 = APPLICATION_CONTEXT(
  'core data for automotive mechanical design processes');
#3 = SHAPE_DEFINITION_REPRESENTATION(#4,#10);
#4 = PRODUCT_DEFINITION_SHAPE('','',#5);
#5 = PRODUCT_DEFINITION('design','',#6,#9);
#6 = PRODUCT_DEFINITION_FORMATION('','',#7);
#7 = PRODUCT('COMPOUND','COMPOUND','',(#8));
#8 = PRODUCT_CONTEXT('',#2,'mechanical');
#9 = PRODUCT_DEFINITION_CONTEXT('part definition',#2,'design');
#10 = ADVANCED_BREP_SHAPE_REPRESENTATION('',(#11,#15),#17783);
#11 = AXIS2_PLACEMENT_3D('',#12,#13,#14);
#12 = CARTESIAN_POINT('',(0.,0.,0.));
#13 = DIRECTION('',(0.,0.,1.));
#14 = DIRECTION('',(1.,0.,-0.));
#15 = MANIFOLD_SOLID_BREP('',#16);
#16 = CLOSED_SHELL('',(#17,#703,#824,#1545,#1620,#1696,#1745,#3780,#3866
    ,#3913,#4017,#4428,#4477,#5110,#5159,#5209,#5577,#5602,#5649,#6060,
    #6137,#6186,#6792,#6874,#6975,#7118,#7261,#7404,#7547,#7690,#7833,
    #7976,#8119,#8262,#8405,#8472,#8499,#8526,#8553,#8580,#8607,#8634,
    #8661,#8688,#8715,#8742,#8769,#8776,#8784,#8831,#8954,#9001,#9048,
    #9191,#9238,#9381,#9428,#9571,#9618,#9761,#9808,#9951,#9998,#10141,
    #10188,#10331,#10378,#10521,#10568,#10711,#10758,#10901,#10948,
    #10973,#11000,#11071,#11118,#11165,#11254,#11301,#11390,#11437,
    #11526,#11573,#11662,#11709,#11798,#11845,#11934,#11981,#12070,
    #12117,#12206,#12253,#12342,#12389,#12478,#12503,#12626,#12673,
    #12720,#12863,#12910,#13053,#13100,#13243,#13290,#13433,#13480,
    #13623,#13670,#13813,#13860,#14003,#14050,#14193,#14240,#14383,
    #14430,#14573,#14620,#14645,#14672,#14741,#14768,#14795,#14822,
    #14849,#14876,#14903,#14930,#14957,#14984,#15011,#15038,#15045,
    #15114,#15203,#15292,#15381,#15470,#15559,#15648,#15737,#15826,
    #15915,#15982,#16051,#16078,#16105,#16132,#16159,#16186,#16213,
    #16240,#16267,#16294,#16321,#16348,#16355,#16424,#16513,#16602,
    #16691,#16780,#16869,#16958,#17047,#17136,#17225,#17292,#17347,
    #17353,#17360,#17366,#17373,#17379,#17386,#17392,#17399,#17405,
    #17412,#17418,#17425,#17431,#17438,#17444,#17451,#17457,#17464,
    #17470,#17477,#17483,#17491,#17499,#17505,#17512,#17518,#17525,
    #17531,#17538,#17544,#17551,#17557,#17564,#17570,#17577,#17583,
    #17590,#17596,#17603,#17609,#17616,#17622,#17629,#17635,#17643,
    #17649,#17656,#17662,#17669,#17675,#17682,#17688,#17695,#17701,
    #17708,#17714,#17721,#17727,#17734,#17740,#17747,#17753,#17760,
    #17766,#17773,#17779));
#17 = ADVANCED_FACE('',(#18),#32,.T.);
#18 = FACE_BOUND('',#19,.T.);
#19 = EDGE_LOOP('',(#20,#50,#79,#105,#134,#160,#187,#188,#217,#243,#272,
    #300,#329,#357,#386,#412,#441,#467,#491,#519,#548,#574,#603,#629,
    #653,#681));
#20 = ORIENTED_EDGE('',*,*,#21,.T.);
#21 = EDGE_CURVE('',#22,#24,#26,.T.);
#22 = VERTEX_POINT('',#23);
#23 = CARTESIAN_POINT('',(35.,-8.572527594031E-15,69.3));
#24 = VERTEX_POINT('',#25);
#25 = CARTESIAN_POINT('',(35.,-1.141004481811E-14,70.));
#26 = SEAM_CURVE('',#27,(#31,#43),.PCURVE_S1.);
#27 = LINE('',#28,#29);
#28 = CARTESIAN_POINT('',(35.,-8.572527594031E-15,67.5));
#29 = VECTOR('',#30,1.);
#30 = DIRECTION('',(0.,0.,1.));
#31 = PCURVE('',#32,#37);
#32 = CYLINDRICAL_SURFACE('',#33,35.);
#33 = AXIS2_PLACEMENT_3D('',#34,#35,#36);
#34 = CARTESIAN_POINT('',(0.,0.,67.5));
#35 = DIRECTION('',(0.,0.,1.));
#36 = DIRECTION('',(1.,0.,-0.));
#37 = DEFINITIONAL_REPRESENTATION('',(#38),#42);
#38 = LINE('',#39,#40);
#39 = CARTESIAN_POINT('',(6.28318530718,-0.));
#40 = VECTOR('',#41,1.);
#41 = DIRECTION('',(0.,1.));
#42 = ( GEOMETRIC_REPRESENTATION_CONTEXT(2) 
PARAMETRIC_REPRESENTATION_CONTEXT() REPRESENTATION_CONTEXT('2D SPACE',''
  ) );
#43 = PCURVE('',#32,#44);
#44 = DEFINITIONAL_REPRESENTATION('',(#45),#49);
#45 = LINE('',#46,#47);
#46 = CARTESIAN_POINT('',(0.,-0.));
#47 = VECTOR('',#48,1.);
#48 = DIRECTION('',(0.,1.));
#49 = ( GEOMETRIC_REPRESENTATION_CONTEXT(2) 
PARAMETRIC_REPRESENTATION_CONTEXT() REPRESENTATION_CONTEXT('2D SPACE',''
  ) );
#50 = ORIENTED_EDGE('',*,*,#51,.F.);
#51 = EDGE_CURVE('',#52,#24,#54,.T.);
#52 = VERTEX_POINT('',#53);
#53 = CARTESIAN_POINT('',(-30.61510464022,16.962174620851,70.));
#54 = SURFACE_CURVE('',#55,(#60,#67),.PCURVE_S1.);
#55 = CIRCLE('',#56,35.);
#56 = AXIS2_PLACEMENT_3D('',#57,#58,#59);
#57 = CARTESIAN_POINT('',(0.,0.,70.));
#58 = DIRECTION('',(0.,0.,1.));
#59 = DIRECTION('',(-0.874717275435,0.484633560596,0.));
#60 = PCURVE('',#32,#61);
#61 = DEFINITIONAL_REPRESENTATION('',(#62),#66);
#62 = LINE('',#63,#64);
#63 = CARTESIAN_POINT('',(2.635648457801,2.5));
#64 = VECTOR('',#65,1.);
#65 = DIRECTION('',(1.,0.));
#66 = ( GEOMETRIC_REPRESENTATION_CONTEXT(2) 
PARAMETRIC_REPRESENTATION_CONTEXT() REPRESENTATION_CONTEXT('2D SPACE',''
  ) );
#67 = PCURVE('',#68,#73);
#68 = TOROIDAL_SURFACE('',#69,34.5,0.5);
#69 = AXIS2_PLACEMENT_3D('',#70,#71,#72);
#70 = CARTESIAN_POINT('',(0.,0.,70.));
#71 = DIRECTION('',(0.,0.,1.));
#72 = DIRECTION('',(-0.874717275435,0.484633560596,0.));
#73 = DEFINITIONAL_REPRESENTATION('',(#74),#78);
#74 = LINE('',#75,#76);
#75 = CARTESIAN_POINT('',(0.,0.));
#76 = VECTOR('',#77,1.);
#77 = DIRECTION('',(1.,0.));
#78 = ( GEOMETRIC_REPRESENTATION_CONTEXT(2) 
PARAMETRIC_REPRESENTATION_CONTEXT() REPRESENTATION_CONTEXT('2D SPACE',''
  ) );
#79 = ORIENTED_EDGE('',*,*,#80,.F.);
#80 = EDGE_CURVE('',#81,#52,#83,.T.);
#81 = VERTEX_POINT('',#82);
#82 = CARTESIAN_POINT('',(-30.61510464022,16.962174620851,69.3));
#83 = SURFACE_CURVE('',#84,(#88,#94),.PCURVE_S1.);
#84 = LINE('',#85,#86);
#85 = CARTESIAN_POINT('',(-30.61510464022,16.962174620851,67.5));
#86 = VECTOR('',#87,1.);
#87 = DIRECTION('',(0.,0.,1.));
#88 = PCURVE('',#32,#89);
#89 = DEFINITIONAL_REPRESENTATION('',(#90),#93);
#90 = B_SPLINE_CURVE_WITH_KNOTS('',1,(#91,#92),.UNSPECIFIED.,.F.,.F.,(2,
    2),(1.58,3.0000006),.PIECEWISE_BEZIER_KNOTS.);
#91 = CARTESIAN_POINT('',(2.635648457801,1.58));
#92 = CARTESIAN_POINT('',(2.635648457801,3.0000006));
#93 = ( GEOMETRIC_REPRESENTATION_CONTEXT(2) 
PARAMETRIC_REPRESENTATION_CONTEXT() REPRESENTATION_CONTEXT('2D SPACE',''
  ) );
#94 = PCURVE('',#95,#100);
#95 = PLANE('',#96);
#96 = AXIS2_PLACEMENT_3D('',#97,#98,#99);
#97 = CARTESIAN_POINT('',(-31.28017837961,17.140380592229,69.3));
#98 = DIRECTION('',(0.258819045103,0.965925826289,0.));
#99 = DIRECTION('',(0.,0.,1.));
#100 = DEFINITIONAL_REPRESENTATION('',(#101),#104);
#101 = B_SPLINE_CURVE_WITH_KNOTS('',1,(#102,#103),.UNSPECIFIED.,.F.,.F.,
  (2,2),(1.58,3.0000006),.PIECEWISE_BEZIER_KNOTS.);
#102 = CARTESIAN_POINT('',(-0.22,0.688535000611));
#103 = CARTESIAN_POINT('',(1.2000006,0.688535000611));
#104 = ( GEOMETRIC_REPRESENTATION_CONTEXT(2) 
PARAMETRIC_REPRESENTATION_CONTEXT() REPRESENTATION_CONTEXT('2D SPACE',''
  ) );
#105 = ORIENTED_EDGE('',*,*,#106,.F.);
#106 = EDGE_CURVE('',#107,#81,#109,.T.);
#107 = VERTEX_POINT('',#108);
#108 = CARTESIAN_POINT('',(-29.94004596066,18.127152227352,69.3));
#109 = SURFACE_CURVE('',#110,(#115,#122),.PCURVE_S1.);
#110 = CIRCLE('',#111,35.);
#111 = AXIS2_PLACEMENT_3D('',#112,#113,#114);
#112 = CARTESIAN_POINT('',(0.,0.,69.3));
#113 = DIRECTION('',(0.,0.,1.));
#114 = DIRECTION('',(1.,0.,-0.));
#115 = PCURVE('',#32,#116);
#116 = DEFINITIONAL_REPRESENTATION('',(#117),#121);
#117 = LINE('',#118,#119);
#118 = CARTESIAN_POINT('',(0.,1.8));
#119 = VECTOR('',#120,1.);
#120 = DIRECTION('',(1.,0.));
#121 = ( GEOMETRIC_REPRESENTATION_CONTEXT(2) 
PARAMETRIC_REPRESENTATION_CONTEXT() REPRESENTATION_CONTEXT('2D SPACE',''
  ) );
#122 = PCURVE('',#123,#128);
#123 = PLANE('',#124);
#124 = AXIS2_PLACEMENT_3D('',#125,#126,#127);
#125 = CARTESIAN_POINT('',(-31.28017837961,17.140380592229,69.3));
#126 = DIRECTION('',(0.,0.,1.));
#127 = DIRECTION('',(0.965925826289,-0.258819045103,0.));
#128 = DEFINITIONAL_REPRESENTATION('',(#129),#133);
#129 = CIRCLE('',#130,35.);
#130 = AXIS2_PLACEMENT_2D('',#131,#132);
#131 = CARTESIAN_POINT('',(34.650589085375,-8.460430387609));
#132 = DIRECTION('',(0.965925826289,0.258819045103));
#133 = ( GEOMETRIC_REPRESENTATION_CONTEXT(2) 
PARAMETRIC_REPRESENTATION_CONTEXT() REPRESENTATION_CONTEXT('2D SPACE',''
  ) );
#134 = ORIENTED_EDGE('',*,*,#135,.T.);
#135 = EDGE_CURVE('',#107,#136,#138,.T.);
#136 = VERTEX_POINT('',#137);
#137 = CARTESIAN_POINT('',(-29.94004596066,18.127152227352,70.));
#138 = SURFACE_CURVE('',#139,(#143,#149),.PCURVE_S1.);
#139 = LINE('',#140,#141);
#140 = CARTESIAN_POINT('',(-29.94004596066,18.127152227352,67.5));
#141 = VECTOR('',#142,1.);
#142 = DIRECTION('',(0.,0.,1.));
#143 = PCURVE('',#32,#144);
#144 = DEFINITIONAL_REPRESENTATION('',(#145),#148);
#145 = B_SPLINE_CURVE_WITH_KNOTS('',1,(#146,#147),.UNSPECIFIED.,.F.,.F.,
  (2,2),(1.58,3.0000006),.PIECEWISE_BEZIER_KNOTS.);
#146 = CARTESIAN_POINT('',(2.597176621703,1.58));
#147 = CARTESIAN_POINT('',(2.597176621703,3.0000006));
#148 = ( GEOMETRIC_REPRESENTATION_CONTEXT(2) 
PARAMETRIC_REPRESENTATION_CONTEXT() REPRESENTATION_CONTEXT('2D SPACE',''
  ) );
#149 = PCURVE('',#150,#155);
#150 = PLANE('',#151);
#151 = AXIS2_PLACEMENT_3D('',#152,#153,#154);
#152 = CARTESIAN_POINT('',(-30.94371362098,18.396084166405,69.3));
#153 = DIRECTION('',(0.258819045103,0.965925826289,0.));
#154 = DIRECTION('',(0.,0.,1.));
#155 = DEFINITIONAL_REPRESENTATION('',(#156),#159);
#156 = B_SPLINE_CURVE_WITH_KNOTS('',1,(#157,#158),.UNSPECIFIED.,.F.,.F.,
  (2,2),(1.58,3.0000006),.PIECEWISE_BEZIER_KNOTS.);
#157 = CARTESIAN_POINT('',(-0.22,1.039073221781));
#158 = CARTESIAN_POINT('',(1.2000006,1.039073221781));
#159 = ( GEOMETRIC_REPRESENTATION_CONTEXT(2) 
PARAMETRIC_REPRESENTATION_CONTEXT() REPRESENTATION_CONTEXT('2D SPACE',''
  ) );
#160 = ORIENTED_EDGE('',*,*,#161,.F.);
#161 = EDGE_CURVE('',#24,#136,#162,.T.);
#162 = SURFACE_CURVE('',#163,(#168,#175),.PCURVE_S1.);
#163 = CIRCLE('',#164,35.);
#164 = AXIS2_PLACEMENT_3D('',#165,#166,#167);
#165 = CARTESIAN_POINT('',(0.,0.,70.));
#166 = DIRECTION('',(0.,0.,1.));
#167 = DIRECTION('',(1.,0.,-0.));
#168 = PCURVE('',#32,#169);
#169 = DEFINITIONAL_REPRESENTATION('',(#170),#174);
#170 = LINE('',#171,#172);
#171 = CARTESIAN_POINT('',(0.,2.5));
#172 = VECTOR('',#173,1.);
#173 = DIRECTION('',(1.,0.));
#174 = ( GEOMETRIC_REPRESENTATION_CONTEXT(2) 
PARAMETRIC_REPRESENTATION_CONTEXT() REPRESENTATION_CONTEXT('2D SPACE',''
  ) );
#175 = PCURVE('',#176,#181);
#176 = TOROIDAL_SURFACE('',#177,34.5,0.5);
#177 = AXIS2_PLACEMENT_3D('',#178,#179,#180);
#178 = CARTESIAN_POINT('',(0.,0.,70.));
#179 = DIRECTION('',(0.,0.,1.));
#180 = DIRECTION('',(1.,0.,-0.));
#181 = DEFINITIONAL_REPRESENTATION('',(#182),#186);
#182 = LINE('',#183,#184);
#183 = CARTESIAN_POINT('',(0.,0.));
#184 = VECTOR('',#185,1.);
#185 = DIRECTION('',(1.,0.));
#186 = ( GEOMETRIC_REPRESENTATION_CONTEXT(2) 
PARAMETRIC_REPRESENTATION_CONTEXT() REPRESENTATION_CONTEXT('2D SPACE',''
  ) );
#187 = ORIENTED_EDGE('',*,*,#21,.F.);
#188 = ORIENTED_EDGE('',*,*,#189,.T.);
#189 = EDGE_CURVE('',#22,#190,#192,.T.);
#190 = VERTEX_POINT('',#191);
#191 = CARTESIAN_POINT('',(33.416627982598,10.408120592722,69.3));
#192 = SURFACE_CURVE('',#193,(#198,#205),.PCURVE_S1.);
#193 = CIRCLE('',#194,35.);
#194 = AXIS2_PLACEMENT_3D('',#195,#196,#197);
#195 = CARTESIAN_POINT('',(0.,0.,69.3));
#196 = DIRECTION('',(0.,0.,1.));
#197 = DIRECTION('',(1.,0.,-0.));
#198 = PCURVE('',#32,#199);
#199 = DEFINITIONAL_REPRESENTATION('',(#200),#204);
#200 = LINE('',#201,#202);
#201 = CARTESIAN_POINT('',(0.,1.8));
#202 = VECTOR('',#203,1.);
#203 = DIRECTION('',(1.,0.));
#204 = ( GEOMETRIC_REPRESENTATION_CONTEXT(2) 
PARAMETRIC_REPRESENTATION_CONTEXT() REPRESENTATION_CONTEXT('2D SPACE',''
  ) );
#205 = PCURVE('',#206,#211);
#206 = PLANE('',#207);
#207 = AXIS2_PLACEMENT_3D('',#208,#209,#210);
#208 = CARTESIAN_POINT('',(30.232331393345,-11.21328139709,69.3));
#209 = DIRECTION('',(0.,0.,1.));
#210 = DIRECTION('',(1.,0.,-0.));
#211 = DEFINITIONAL_REPRESENTATION('',(#212),#216);
#212 = CIRCLE('',#213,35.);
#213 = AXIS2_PLACEMENT_2D('',#214,#215);
#214 = CARTESIAN_POINT('',(-30.23233139334,11.213281397091));
#215 = DIRECTION('',(1.,0.));
#216 = ( GEOMETRIC_REPRESENTATION_CONTEXT(2) 
PARAMETRIC_REPRESENTATION_CONTEXT() REPRESENTATION_CONTEXT('2D SPACE',''
  ) );
#217 = ORIENTED_EDGE('',*,*,#218,.F.);
#218 = EDGE_CURVE('',#219,#190,#221,.T.);
#219 = VERTEX_POINT('',#220);
#220 = CARTESIAN_POINT('',(33.416627982598,10.408120592722,68.3));
#221 = SURFACE_CURVE('',#222,(#226,#232),.PCURVE_S1.);
#222 = LINE('',#223,#224);
#223 = CARTESIAN_POINT('',(33.416627982598,10.408120592722,67.5));
#224 = VECTOR('',#225,1.);
#225 = DIRECTION('',(0.,0.,1.));
#226 = PCURVE('',#32,#227);
#227 = DEFINITIONAL_REPRESENTATION('',(#228),#231);
#228 = B_SPLINE_CURVE_WITH_KNOTS('',1,(#229,#230),.UNSPECIFIED.,.F.,.F.,
  (2,2),(0.7,1.9),.PIECEWISE_BEZIER_KNOTS.);
#229 = CARTESIAN_POINT('',(0.301941960595,0.7));
#230 = CARTESIAN_POINT('',(0.301941960595,1.9));
#231 = ( GEOMETRIC_REPRESENTATION_CONTEXT(2) 
PARAMETRIC_REPRESENTATION_CONTEXT() REPRESENTATION_CONTEXT('2D SPACE',''
  ) );
#232 = PCURVE('',#233,#238);
#233 = PLANE('',#234);
#234 = AXIS2_PLACEMENT_3D('',#235,#236,#237);
#235 = CARTESIAN_POINT('',(34.371388782101,10.7054954668,68.3));
#236 = DIRECTION('',(0.297374874078,-0.954760799503,0.));
#237 = DIRECTION('',(-0.954760799503,-0.297374874078,0.));
#238 = DEFINITIONAL_REPRESENTATION('',(#239),#242);
#239 = B_SPLINE_CURVE_WITH_KNOTS('',1,(#240,#241),.UNSPECIFIED.,.F.,.F.,
  (2,2),(0.7,1.9),.PIECEWISE_BEZIER_KNOTS.);
#240 = CARTESIAN_POINT('',(1.,9.999999999999E-02));
#241 = CARTESIAN_POINT('',(1.,-1.1));
#242 = ( GEOMETRIC_REPRESENTATION_CONTEXT(2) 
PARAMETRIC_REPRESENTATION_CONTEXT() REPRESENTATION_CONTEXT('2D SPACE',''
  ) );
#243 = ORIENTED_EDGE('',*,*,#244,.F.);
#244 = EDGE_CURVE('',#245,#219,#247,.T.);
#245 = VERTEX_POINT('',#246);
#246 = CARTESIAN_POINT('',(35.,-8.572527594031E-15,68.3));
#247 = SURFACE_CURVE('',#248,(#253,#260),.PCURVE_S1.);
#248 = CIRCLE('',#249,35.);
#249 = AXIS2_PLACEMENT_3D('',#250,#251,#252);
#250 = CARTESIAN_POINT('',(0.,0.,68.3));
#251 = DIRECTION('',(0.,0.,1.));
#252 = DIRECTION('',(1.,0.,-0.));
#253 = PCURVE('',#32,#254);
#254 = DEFINITIONAL_REPRESENTATION('',(#255),#259);
#255 = LINE('',#256,#257);
#256 = CARTESIAN_POINT('',(0.,0.8));
#257 = VECTOR('',#258,1.);
#258 = DIRECTION('',(1.,0.));
#259 = ( GEOMETRIC_REPRESENTATION_CONTEXT(2) 
PARAMETRIC_REPRESENTATION_CONTEXT() REPRESENTATION_CONTEXT('2D SPACE',''
  ) );
#260 = PCURVE('',#261,#266);
#261 = PLANE('',#262);
#262 = AXIS2_PLACEMENT_3D('',#263,#264,#265);
#263 = CARTESIAN_POINT('',(30.232331393345,-11.21328139709,68.3));
#264 = DIRECTION('',(0.,0.,1.));
#265 = DIRECTION('',(1.,0.,-0.));
#266 = DEFINITIONAL_REPRESENTATION('',(#267),#271);
#267 = CIRCLE('',#268,35.);
#268 = AXIS2_PLACEMENT_2D('',#269,#270);
#269 = CARTESIAN_POINT('',(-30.23233139334,11.213281397091));
#270 = DIRECTION('',(1.,0.));
#271 = ( GEOMETRIC_REPRESENTATION_CONTEXT(2) 
PARAMETRIC_REPRESENTATION_CONTEXT() REPRESENTATION_CONTEXT('2D SPACE',''
  ) );
#272 = ORIENTED_EDGE('',*,*,#273,.F.);
#273 = EDGE_CURVE('',#274,#245,#276,.T.);
#274 = VERTEX_POINT('',#275);
#275 = CARTESIAN_POINT('',(35.,-8.572527594031E-15,67.5));
#276 = SURFACE_CURVE('',#277,(#281,#288),.PCURVE_S1.);
#277 = LINE('',#278,#279);
#278 = CARTESIAN_POINT('',(35.,-8.572527594031E-15,67.5));
#279 = VECTOR('',#280,1.);
#280 = DIRECTION('',(0.,0.,1.));
#281 = PCURVE('',#32,#282);
#282 = DEFINITIONAL_REPRESENTATION('',(#283),#287);
#283 = LINE('',#284,#285);
#284 = CARTESIAN_POINT('',(0.,-0.));
#285 = VECTOR('',#286,1.);
#286 = DIRECTION('',(0.,1.));
#287 = ( GEOMETRIC_REPRESENTATION_CONTEXT(2) 
PARAMETRIC_REPRESENTATION_CONTEXT() REPRESENTATION_CONTEXT('2D SPACE',''
  ) );
#288 = PCURVE('',#289,#294);
#289 = CYLINDRICAL_SURFACE('',#290,35.);
#290 = AXIS2_PLACEMENT_3D('',#291,#292,#293);
#291 = CARTESIAN_POINT('',(0.,0.,67.5));
#292 = DIRECTION('',(0.,0.,1.));
#293 = DIRECTION('',(1.,0.,-0.));
#294 = DEFINITIONAL_REPRESENTATION('',(#295),#299);
#295 = LINE('',#296,#297);
#296 = CARTESIAN_POINT('',(6.28318530718,-0.));
#297 = VECTOR('',#298,1.);
#298 = DIRECTION('',(0.,1.));
#299 = ( GEOMETRIC_REPRESENTATION_CONTEXT(2) 
PARAMETRIC_REPRESENTATION_CONTEXT() REPRESENTATION_CONTEXT('2D SPACE',''
  ) );
#300 = ORIENTED_EDGE('',*,*,#301,.T.);
#301 = EDGE_CURVE('',#274,#302,#304,.T.);
#302 = VERTEX_POINT('',#303);
#303 = CARTESIAN_POINT('',(16.431504697506,30.903165750062,67.5));
#304 = SURFACE_CURVE('',#305,(#310,#317),.PCURVE_S1.);
#305 = CIRCLE('',#306,35.);
#306 = AXIS2_PLACEMENT_3D('',#307,#308,#309);
#307 = CARTESIAN_POINT('',(0.,0.,67.5));
#308 = DIRECTION('',(0.,0.,1.));
#309 = DIRECTION('',(1.,0.,-0.));
#310 = PCURVE('',#32,#311);
#311 = DEFINITIONAL_REPRESENTATION('',(#312),#316);
#312 = LINE('',#313,#314);
#313 = CARTESIAN_POINT('',(0.,0.));
#314 = VECTOR('',#315,1.);
#315 = DIRECTION('',(1.,0.));
#316 = ( GEOMETRIC_REPRESENTATION_CONTEXT(2) 
PARAMETRIC_REPRESENTATION_CONTEXT() REPRESENTATION_CONTEXT('2D SPACE',''
  ) );
#317 = PCURVE('',#318,#323);
#318 = PLANE('',#319);
#319 = AXIS2_PLACEMENT_3D('',#320,#321,#322);
#320 = CARTESIAN_POINT('',(0.,0.,67.5));
#321 = DIRECTION('',(0.,0.,1.));
#322 = DIRECTION('',(1.,0.,-0.));
#323 = DEFINITIONAL_REPRESENTATION('',(#324),#328);
#324 = CIRCLE('',#325,35.);
#325 = AXIS2_PLACEMENT_2D('',#326,#327);
#326 = CARTESIAN_POINT('',(0.,0.));
#327 = DIRECTION('',(1.,0.));
#328 = ( GEOMETRIC_REPRESENTATION_CONTEXT(2) 
PARAMETRIC_REPRESENTATION_CONTEXT() REPRESENTATION_CONTEXT('2D SPACE',''
  ) );
#329 = ORIENTED_EDGE('',*,*,#330,.T.);
#330 = EDGE_CURVE('',#302,#331,#333,.T.);
#331 = VERTEX_POINT('',#332);
#332 = CARTESIAN_POINT('',(16.431504697506,30.903165750062,69.3));
#333 = SURFACE_CURVE('',#334,(#338,#345),.PCURVE_S1.);
#334 = LINE('',#335,#336);
#335 = CARTESIAN_POINT('',(16.431504697506,30.903165750062,67.5));
#336 = VECTOR('',#337,1.);
#337 = DIRECTION('',(1.973729821556E-15,-1.973729821556E-15,1.));
#338 = PCURVE('',#32,#339);
#339 = DEFINITIONAL_REPRESENTATION('',(#340),#344);
#340 = LINE('',#341,#342);
#341 = CARTESIAN_POINT('',(1.082104136236,0.));
#342 = VECTOR('',#343,1.);
#343 = DIRECTION('',(0.,1.));
#344 = ( GEOMETRIC_REPRESENTATION_CONTEXT(2) 
PARAMETRIC_REPRESENTATION_CONTEXT() REPRESENTATION_CONTEXT('2D SPACE',''
  ) );
#345 = PCURVE('',#346,#351);
#346 = PLANE('',#347);
#347 = AXIS2_PLACEMENT_3D('',#348,#349,#350);
#348 = CARTESIAN_POINT('',(15.868138822163,29.843628638632,68.3));
#349 = DIRECTION('',(-0.882947592859,0.469471562786,0.));
#350 = DIRECTION('',(0.469471562786,0.882947592859,0.));
#351 = DEFINITIONAL_REPRESENTATION('',(#352),#356);
#352 = LINE('',#353,#354);
#353 = CARTESIAN_POINT('',(1.2,0.8));
#354 = VECTOR('',#355,1.);
#355 = DIRECTION('',(-8.160899710537E-16,-1.));
#356 = ( GEOMETRIC_REPRESENTATION_CONTEXT(2) 
PARAMETRIC_REPRESENTATION_CONTEXT() REPRESENTATION_CONTEXT('2D SPACE',''
  ) );
#357 = ORIENTED_EDGE('',*,*,#358,.T.);
#358 = EDGE_CURVE('',#331,#359,#361,.T.);
#359 = VERTEX_POINT('',#360);
#360 = CARTESIAN_POINT('',(-25.72201083024,23.735588445382,69.3));
#361 = SURFACE_CURVE('',#362,(#367,#374),.PCURVE_S1.);
#362 = CIRCLE('',#363,35.);
#363 = AXIS2_PLACEMENT_3D('',#364,#365,#366);
#364 = CARTESIAN_POINT('',(0.,0.,69.3));
#365 = DIRECTION('',(0.,0.,1.));
#366 = DIRECTION('',(1.,0.,-0.));
#367 = PCURVE('',#32,#368);
#368 = DEFINITIONAL_REPRESENTATION('',(#369),#373);
#369 = LINE('',#370,#371);
#370 = CARTESIAN_POINT('',(0.,1.8));
#371 = VECTOR('',#372,1.);
#372 = DIRECTION('',(1.,0.));
#373 = ( GEOMETRIC_REPRESENTATION_CONTEXT(2) 
PARAMETRIC_REPRESENTATION_CONTEXT() REPRESENTATION_CONTEXT('2D SPACE',''
  ) );
#374 = PCURVE('',#375,#380);
#375 = PLANE('',#376);
#376 = AXIS2_PLACEMENT_3D('',#377,#378,#379);
#377 = CARTESIAN_POINT('',(-5.405179147008,31.788607700812,69.3));
#378 = DIRECTION('',(0.,0.,1.));
#379 = DIRECTION('',(1.,0.,-0.));
#380 = DEFINITIONAL_REPRESENTATION('',(#381),#385);
#381 = CIRCLE('',#382,35.);
#382 = AXIS2_PLACEMENT_2D('',#383,#384);
#383 = CARTESIAN_POINT('',(5.405179147008,-31.78860770081));
#384 = DIRECTION('',(1.,0.));
#385 = ( GEOMETRIC_REPRESENTATION_CONTEXT(2) 
PARAMETRIC_REPRESENTATION_CONTEXT() REPRESENTATION_CONTEXT('2D SPACE',''
  ) );
#386 = ORIENTED_EDGE('',*,*,#387,.F.);
#387 = EDGE_CURVE('',#388,#359,#390,.T.);
#388 = VERTEX_POINT('',#389);
#389 = CARTESIAN_POINT('',(-25.72201083024,23.735588445382,68.3));
#390 = SURFACE_CURVE('',#391,(#395,#401),.PCURVE_S1.);
#391 = LINE('',#392,#393);
#392 = CARTESIAN_POINT('',(-25.72201083024,23.735588445382,67.5));
#393 = VECTOR('',#394,1.);
#394 = DIRECTION('',(0.,0.,1.));
#395 = PCURVE('',#32,#396);
#396 = DEFINITIONAL_REPRESENTATION('',(#397),#400);
#397 = B_SPLINE_CURVE_WITH_KNOTS('',1,(#398,#399),.UNSPECIFIED.,.F.,.F.,
  (2,2),(0.7,1.9),.PIECEWISE_BEZIER_KNOTS.);
#398 = CARTESIAN_POINT('',(2.396337062988,0.7));
#399 = CARTESIAN_POINT('',(2.396337062988,1.9));
#400 = ( GEOMETRIC_REPRESENTATION_CONTEXT(2) 
PARAMETRIC_REPRESENTATION_CONTEXT() REPRESENTATION_CONTEXT('2D SPACE',''
  ) );
#401 = PCURVE('',#402,#407);
#402 = PLANE('',#403);
#403 = AXIS2_PLACEMENT_3D('',#404,#405,#406);
#404 = CARTESIAN_POINT('',(-26.45692542539,24.413748115251,68.3));
#405 = DIRECTION('',(0.678159669868,0.73491459515,-0.));
#406 = DIRECTION('',(0.73491459515,-0.678159669868,0.));
#407 = DEFINITIONAL_REPRESENTATION('',(#408),#411);
#408 = B_SPLINE_CURVE_WITH_KNOTS('',1,(#409,#410),.UNSPECIFIED.,.F.,.F.,
  (2,2),(0.7,1.9),.PIECEWISE_BEZIER_KNOTS.);
#409 = CARTESIAN_POINT('',(1.,9.999999999999E-02));
#410 = CARTESIAN_POINT('',(1.,-1.1));
#411 = ( GEOMETRIC_REPRESENTATION_CONTEXT(2) 
PARAMETRIC_REPRESENTATION_CONTEXT() REPRESENTATION_CONTEXT('2D SPACE',''
  ) );
#412 = ORIENTED_EDGE('',*,*,#413,.F.);
#413 = EDGE_CURVE('',#414,#388,#416,.T.);
#414 = VERTEX_POINT('',#415);
#415 = CARTESIAN_POINT('',(-4.871058533602,34.659382405955,68.3));
#416 = SURFACE_CURVE('',#417,(#422,#429),.PCURVE_S1.);
#417 = CIRCLE('',#418,35.);
#418 = AXIS2_PLACEMENT_3D('',#419,#420,#421);
#419 = CARTESIAN_POINT('',(0.,0.,68.3));
#420 = DIRECTION('',(0.,0.,1.));
#421 = DIRECTION('',(1.,0.,-0.));
#422 = PCURVE('',#32,#423);
#423 = DEFINITIONAL_REPRESENTATION('',(#424),#428);
#424 = LINE('',#425,#426);
#425 = CARTESIAN_POINT('',(0.,0.8));
#426 = VECTOR('',#427,1.);
#427 = DIRECTION('',(1.,0.));
#428 = ( GEOMETRIC_REPRESENTATION_CONTEXT(2) 
PARAMETRIC_REPRESENTATION_CONTEXT() REPRESENTATION_CONTEXT('2D SPACE',''
  ) );
#429 = PCURVE('',#430,#435);
#430 = PLANE('',#431);
#431 = AXIS2_PLACEMENT_3D('',#432,#433,#434);
#432 = CARTESIAN_POINT('',(-5.405179147008,31.788607700812,68.3));
#433 = DIRECTION('',(0.,0.,1.));
#434 = DIRECTION('',(1.,0.,-0.));
#435 = DEFINITIONAL_REPRESENTATION('',(#436),#440);
#436 = CIRCLE('',#437,35.);
#437 = AXIS2_PLACEMENT_2D('',#438,#439);
#438 = CARTESIAN_POINT('',(5.405179147008,-31.78860770081));
#439 = DIRECTION('',(1.,0.));
#440 = ( GEOMETRIC_REPRESENTATION_CONTEXT(2) 
PARAMETRIC_REPRESENTATION_CONTEXT() REPRESENTATION_CONTEXT('2D SPACE',''
  ) );
#441 = ORIENTED_EDGE('',*,*,#442,.F.);
#442 = EDGE_CURVE('',#443,#414,#445,.T.);
#443 = VERTEX_POINT('',#444);
#444 = CARTESIAN_POINT('',(-4.871058533602,34.659382405955,67.5));
#445 = SURFACE_CURVE('',#446,(#450,#456),.PCURVE_S1.);
#446 = LINE('',#447,#448);
#447 = CARTESIAN_POINT('',(-4.871058533602,34.659382405955,67.5));
#448 = VECTOR('',#449,1.);
#449 = DIRECTION('',(0.,0.,1.));
#450 = PCURVE('',#32,#451);
#451 = DEFINITIONAL_REPRESENTATION('',(#452),#455);
#452 = B_SPLINE_CURVE_WITH_KNOTS('',1,(#453,#454),.UNSPECIFIED.,.F.,.F.,
  (2,2),(-6.000000070117E-07,0.991),.PIECEWISE_BEZIER_KNOTS.);
#453 = CARTESIAN_POINT('',(1.710422666954,-6.000000070117E-07));
#454 = CARTESIAN_POINT('',(1.710422666954,0.991));
#455 = ( GEOMETRIC_REPRESENTATION_CONTEXT(2) 
PARAMETRIC_REPRESENTATION_CONTEXT() REPRESENTATION_CONTEXT('2D SPACE',''
  ) );
#456 = PCURVE('',#457,#462);
#457 = PLANE('',#458);
#458 = AXIS2_PLACEMENT_3D('',#459,#460,#461);
#459 = CARTESIAN_POINT('',(-5.010231634562,35.649650474697,66.5));
#460 = DIRECTION('',(0.990268068742,0.13917310096,-0.));
#461 = DIRECTION('',(0.13917310096,-0.990268068742,0.));
#462 = DEFINITIONAL_REPRESENTATION('',(#463),#466);
#463 = B_SPLINE_CURVE_WITH_KNOTS('',1,(#464,#465),.UNSPECIFIED.,.F.,.F.,
  (2,2),(-6.000000070117E-07,0.991),.PIECEWISE_BEZIER_KNOTS.);
#464 = CARTESIAN_POINT('',(1.,-0.9999994));
#465 = CARTESIAN_POINT('',(1.,-1.991));
#466 = ( GEOMETRIC_REPRESENTATION_CONTEXT(2) 
PARAMETRIC_REPRESENTATION_CONTEXT() REPRESENTATION_CONTEXT('2D SPACE',''
  ) );
#467 = ORIENTED_EDGE('',*,*,#468,.T.);
#468 = EDGE_CURVE('',#443,#469,#471,.T.);
#469 = VERTEX_POINT('',#470);
#470 = CARTESIAN_POINT('',(-34.97867894566,-1.221482384588,67.5));
#471 = SURFACE_CURVE('',#472,(#477,#484),.PCURVE_S1.);
#472 = CIRCLE('',#473,35.);
#473 = AXIS2_PLACEMENT_3D('',#474,#475,#476);
#474 = CARTESIAN_POINT('',(0.,0.,67.5));
#475 = DIRECTION('',(0.,0.,1.));
#476 = DIRECTION('',(1.,0.,-0.));
#477 = PCURVE('',#32,#478);
#478 = DEFINITIONAL_REPRESENTATION('',(#479),#483);
#479 = LINE('',#480,#481);
#480 = CARTESIAN_POINT('',(0.,0.));
#481 = VECTOR('',#482,1.);
#482 = DIRECTION('',(1.,0.));
#483 = ( GEOMETRIC_REPRESENTATION_CONTEXT(2) 
PARAMETRIC_REPRESENTATION_CONTEXT() REPRESENTATION_CONTEXT('2D SPACE',''
  ) );
#484 = PCURVE('',#318,#485);
#485 = DEFINITIONAL_REPRESENTATION('',(#486),#490);
#486 = CIRCLE('',#487,35.);
#487 = AXIS2_PLACEMENT_2D('',#488,#489);
#488 = CARTESIAN_POINT('',(0.,0.));
#489 = DIRECTION('',(1.,0.));
#490 = ( GEOMETRIC_REPRESENTATION_CONTEXT(2) 
PARAMETRIC_REPRESENTATION_CONTEXT() REPRESENTATION_CONTEXT('2D SPACE',''
  ) );
#491 = ORIENTED_EDGE('',*,*,#492,.T.);
#492 = EDGE_CURVE('',#469,#493,#495,.T.);
#493 = VERTEX_POINT('',#494);
#494 = CARTESIAN_POINT('',(-34.97867894566,-1.221482384588,69.3));
#495 = SURFACE_CURVE('',#496,(#500,#507),.PCURVE_S1.);
#496 = LINE('',#497,#498);
#497 = CARTESIAN_POINT('',(-34.97867894566,-1.221482384588,67.5));
#498 = VECTOR('',#499,1.);
#499 = DIRECTION('',(0.,-1.110223024625E-15,1.));
#500 = PCURVE('',#32,#501);
#501 = DEFINITIONAL_REPRESENTATION('',(#502),#506);
#502 = LINE('',#503,#504);
#503 = CARTESIAN_POINT('',(3.17649923863,0.));
#504 = VECTOR('',#505,1.);
#505 = DIRECTION('',(0.,1.));
#506 = ( GEOMETRIC_REPRESENTATION_CONTEXT(2) 
PARAMETRIC_REPRESENTATION_CONTEXT() REPRESENTATION_CONTEXT('2D SPACE',''
  ) );
#507 = PCURVE('',#508,#513);
#508 = PLANE('',#509);
#509 = AXIS2_PLACEMENT_3D('',#510,#511,#512);
#510 = CARTESIAN_POINT('',(-33.77940995324,-1.179602988545,68.3));
#511 = DIRECTION('',(3.48994967025E-02,-0.999390827019,0.));
#512 = DIRECTION('',(-0.999390827019,-3.48994967025E-02,0.));
#513 = DEFINITIONAL_REPRESENTATION('',(#514),#518);
#514 = LINE('',#515,#516);
#515 = CARTESIAN_POINT('',(1.2,0.8));
#516 = VECTOR('',#517,1.);
#517 = DIRECTION('',(3.874622478695E-17,-1.));
#518 = ( GEOMETRIC_REPRESENTATION_CONTEXT(2) 
PARAMETRIC_REPRESENTATION_CONTEXT() REPRESENTATION_CONTEXT('2D SPACE',''
  ) );
#519 = ORIENTED_EDGE('',*,*,#520,.T.);
#520 = EDGE_CURVE('',#493,#521,#523,.T.);
#521 = VERTEX_POINT('',#522);
#522 = CARTESIAN_POINT('',(-7.694617152349,-34.1437090381,69.3));
#523 = SURFACE_CURVE('',#524,(#529,#536),.PCURVE_S1.);
#524 = CIRCLE('',#525,35.);
#525 = AXIS2_PLACEMENT_3D('',#526,#527,#528);
#526 = CARTESIAN_POINT('',(0.,0.,69.3));
#527 = DIRECTION('',(0.,0.,1.));
#528 = DIRECTION('',(1.,0.,-0.));
#529 = PCURVE('',#32,#530);
#530 = DEFINITIONAL_REPRESENTATION('',(#531),#535);
#531 = LINE('',#532,#533);
#532 = CARTESIAN_POINT('',(0.,1.8));
#533 = VECTOR('',#534,1.);
#534 = DIRECTION('',(1.,0.));
#535 = ( GEOMETRIC_REPRESENTATION_CONTEXT(2) 
PARAMETRIC_REPRESENTATION_CONTEXT() REPRESENTATION_CONTEXT('2D SPACE',''
  ) );
#536 = PCURVE('',#537,#542);
#537 = PLANE('',#538);
#538 = AXIS2_PLACEMENT_3D('',#539,#540,#541);
#539 = CARTESIAN_POINT('',(-24.82715224633,-20.57532630372,69.3));
#540 = DIRECTION('',(0.,0.,1.));
#541 = DIRECTION('',(1.,0.,-0.));
#542 = DEFINITIONAL_REPRESENTATION('',(#543),#547);
#543 = CIRCLE('',#544,35.);
#544 = AXIS2_PLACEMENT_2D('',#545,#546);
#545 = CARTESIAN_POINT('',(24.827152246337,20.575326303721));
#546 = DIRECTION('',(1.,0.));
#547 = ( GEOMETRIC_REPRESENTATION_CONTEXT(2) 
PARAMETRIC_REPRESENTATION_CONTEXT() REPRESENTATION_CONTEXT('2D SPACE',''
  ) );
#548 = ORIENTED_EDGE('',*,*,#549,.F.);
#549 = EDGE_CURVE('',#550,#521,#552,.T.);
#550 = VERTEX_POINT('',#551);
#551 = CARTESIAN_POINT('',(-7.694617152349,-34.1437090381,68.3));
#552 = SURFACE_CURVE('',#553,(#557,#563),.PCURVE_S1.);
#553 = LINE('',#554,#555);
#554 = CARTESIAN_POINT('',(-7.694617152349,-34.1437090381,67.5));
#555 = VECTOR('',#556,1.);
#556 = DIRECTION('',(0.,0.,1.));
#557 = PCURVE('',#32,#558);
#558 = DEFINITIONAL_REPRESENTATION('',(#559),#562);
#559 = B_SPLINE_CURVE_WITH_KNOTS('',1,(#560,#561),.UNSPECIFIED.,.F.,.F.,
  (2,2),(0.7,1.9),.PIECEWISE_BEZIER_KNOTS.);
#560 = CARTESIAN_POINT('',(4.490732165381,0.7));
#561 = CARTESIAN_POINT('',(4.490732165381,1.9));
#562 = ( GEOMETRIC_REPRESENTATION_CONTEXT(2) 
PARAMETRIC_REPRESENTATION_CONTEXT() REPRESENTATION_CONTEXT('2D SPACE',''
  ) );
#563 = PCURVE('',#564,#569);
#564 = PLANE('',#565);
#565 = AXIS2_PLACEMENT_3D('',#566,#567,#568);
#566 = CARTESIAN_POINT('',(-7.914463356702,-35.11924358205,68.3));
#567 = DIRECTION('',(-0.975534543946,0.219846204353,0.));
#568 = DIRECTION('',(0.219846204353,0.975534543946,0.));
#569 = DEFINITIONAL_REPRESENTATION('',(#570),#573);
#570 = B_SPLINE_CURVE_WITH_KNOTS('',1,(#571,#572),.UNSPECIFIED.,.F.,.F.,
  (2,2),(0.7,1.9),.PIECEWISE_BEZIER_KNOTS.);
#571 = CARTESIAN_POINT('',(1.,9.999999999999E-02));
#572 = CARTESIAN_POINT('',(1.,-1.1));
#573 = ( GEOMETRIC_REPRESENTATION_CONTEXT(2) 
PARAMETRIC_REPRESENTATION_CONTEXT() REPRESENTATION_CONTEXT('2D SPACE',''
  ) );
#574 = ORIENTED_EDGE('',*,*,#575,.F.);
#575 = EDGE_CURVE('',#576,#550,#578,.T.);
#576 = VERTEX_POINT('',#577);
#577 = CARTESIAN_POINT('',(-27.58037637623,-21.54815163639,68.3));
#578 = SURFACE_CURVE('',#579,(#584,#591),.PCURVE_S1.);
#579 = CIRCLE('',#580,35.);
#580 = AXIS2_PLACEMENT_3D('',#581,#582,#583);
#581 = CARTESIAN_POINT('',(0.,0.,68.3));
#582 = DIRECTION('',(0.,0.,1.));
#583 = DIRECTION('',(1.,0.,-0.));
#584 = PCURVE('',#32,#585);
#585 = DEFINITIONAL_REPRESENTATION('',(#586),#590);
#586 = LINE('',#587,#588);
#587 = CARTESIAN_POINT('',(0.,0.8));
#588 = VECTOR('',#589,1.);
#589 = DIRECTION('',(1.,0.));
#590 = ( GEOMETRIC_REPRESENTATION_CONTEXT(2) 
PARAMETRIC_REPRESENTATION_CONTEXT() REPRESENTATION_CONTEXT('2D SPACE',''
  ) );
#591 = PCURVE('',#592,#597);
#592 = PLANE('',#593);
#593 = AXIS2_PLACEMENT_3D('',#594,#595,#596);
#594 = CARTESIAN_POINT('',(-24.82715224633,-20.57532630372,68.3));
#595 = DIRECTION('',(0.,0.,1.));
#596 = DIRECTION('',(1.,0.,-0.));
#597 = DEFINITIONAL_REPRESENTATION('',(#598),#602);
#598 = CIRCLE('',#599,35.);
#599 = AXIS2_PLACEMENT_2D('',#600,#601);
#600 = CARTESIAN_POINT('',(24.827152246337,20.575326303721));
#601 = DIRECTION('',(1.,0.));
#602 = ( GEOMETRIC_REPRESENTATION_CONTEXT(2) 
PARAMETRIC_REPRESENTATION_CONTEXT() REPRESENTATION_CONTEXT('2D SPACE',''
  ) );
#603 = ORIENTED_EDGE('',*,*,#604,.F.);
#604 = EDGE_CURVE('',#605,#576,#607,.T.);
#605 = VERTEX_POINT('',#606);
#606 = CARTESIAN_POINT('',(-27.58037637623,-21.54815163639,67.5));
#607 = SURFACE_CURVE('',#608,(#612,#618),.PCURVE_S1.);
#608 = LINE('',#609,#610);
#609 = CARTESIAN_POINT('',(-27.58037637623,-21.54815163639,67.5));
#610 = VECTOR('',#611,1.);
#611 = DIRECTION('',(0.,0.,1.));
#612 = PCURVE('',#32,#613);
#613 = DEFINITIONAL_REPRESENTATION('',(#614),#617);
#614 = B_SPLINE_CURVE_WITH_KNOTS('',1,(#615,#616),.UNSPECIFIED.,.F.,.F.,
  (2,2),(-6.000000070117E-07,0.991),.PIECEWISE_BEZIER_KNOTS.);
#615 = CARTESIAN_POINT('',(3.804817769348,-6.000000070117E-07));
#616 = CARTESIAN_POINT('',(3.804817769348,0.991));
#617 = ( GEOMETRIC_REPRESENTATION_CONTEXT(2) 
PARAMETRIC_REPRESENTATION_CONTEXT() REPRESENTATION_CONTEXT('2D SPACE',''
  ) );
#618 = PCURVE('',#619,#624);
#619 = PLANE('',#620);
#620 = AXIS2_PLACEMENT_3D('',#621,#622,#623);
#621 = CARTESIAN_POINT('',(-28.36838712984,-22.16381311172,66.5));
#622 = DIRECTION('',(-0.615661475326,0.788010753607,0.));
#623 = DIRECTION('',(0.788010753607,0.615661475326,0.));
#624 = DEFINITIONAL_REPRESENTATION('',(#625),#628);
#625 = B_SPLINE_CURVE_WITH_KNOTS('',1,(#626,#627),.UNSPECIFIED.,.F.,.F.,
  (2,2),(-6.000000070117E-07,0.991),.PIECEWISE_BEZIER_KNOTS.);
#626 = CARTESIAN_POINT('',(1.,-0.9999994));
#627 = CARTESIAN_POINT('',(1.,-1.991));
#628 = ( GEOMETRIC_REPRESENTATION_CONTEXT(2) 
PARAMETRIC_REPRESENTATION_CONTEXT() REPRESENTATION_CONTEXT('2D SPACE',''
  ) );
#629 = ORIENTED_EDGE('',*,*,#630,.T.);
#630 = EDGE_CURVE('',#605,#631,#633,.T.);
#631 = VERTEX_POINT('',#632);
#632 = CARTESIAN_POINT('',(18.547174248162,-29.68168336547,67.5));
#633 = SURFACE_CURVE('',#634,(#639,#646),.PCURVE_S1.);
#634 = CIRCLE('',#635,35.);
#635 = AXIS2_PLACEMENT_3D('',#636,#637,#638);
#636 = CARTESIAN_POINT('',(0.,0.,67.5));
#637 = DIRECTION('',(0.,0.,1.));
#638 = DIRECTION('',(1.,0.,-0.));
#639 = PCURVE('',#32,#640);
#640 = DEFINITIONAL_REPRESENTATION('',(#641),#645);
#641 = LINE('',#642,#643);
#642 = CARTESIAN_POINT('',(0.,0.));
#643 = VECTOR('',#644,1.);
#644 = DIRECTION('',(1.,0.));
#645 = ( GEOMETRIC_REPRESENTATION_CONTEXT(2) 
PARAMETRIC_REPRESENTATION_CONTEXT() REPRESENTATION_CONTEXT('2D SPACE',''
  ) );
#646 = PCURVE('',#318,#647);
#647 = DEFINITIONAL_REPRESENTATION('',(#648),#652);
#648 = CIRCLE('',#649,35.);
#649 = AXIS2_PLACEMENT_2D('',#650,#651);
#650 = CARTESIAN_POINT('',(0.,0.));
#651 = DIRECTION('',(1.,0.));
#652 = ( GEOMETRIC_REPRESENTATION_CONTEXT(2) 
PARAMETRIC_REPRESENTATION_CONTEXT() REPRESENTATION_CONTEXT('2D SPACE',''
  ) );
#653 = ORIENTED_EDGE('',*,*,#654,.T.);
#654 = EDGE_CURVE('',#631,#655,#657,.T.);
#655 = VERTEX_POINT('',#656);
#656 = CARTESIAN_POINT('',(18.547174248162,-29.68168336547,69.3));
#657 = SURFACE_CURVE('',#658,(#662,#669),.PCURVE_S1.);
#658 = LINE('',#659,#660);
#659 = CARTESIAN_POINT('',(18.547174248162,-29.68168336547,67.5));
#660 = VECTOR('',#661,1.);
#661 = DIRECTION('',(1.973729821556E-15,1.973729821556E-15,1.));
#662 = PCURVE('',#32,#663);
#663 = DEFINITIONAL_REPRESENTATION('',(#664),#668);
#664 = LINE('',#665,#666);
#665 = CARTESIAN_POINT('',(5.270894341023,0.));
#666 = VECTOR('',#667,1.);
#667 = DIRECTION('',(0.,1.));
#668 = ( GEOMETRIC_REPRESENTATION_CONTEXT(2) 
PARAMETRIC_REPRESENTATION_CONTEXT() REPRESENTATION_CONTEXT('2D SPACE',''
  ) );
#669 = PCURVE('',#670,#675);
#670 = PLANE('',#671);
#671 = AXIS2_PLACEMENT_3D('',#672,#673,#674);
#672 = CARTESIAN_POINT('',(17.911271131082,-28.66402565008,68.3));
#673 = DIRECTION('',(0.848048096156,0.529919264233,-0.));
#674 = DIRECTION('',(0.529919264233,-0.848048096156,0.));
#675 = DEFINITIONAL_REPRESENTATION('',(#676),#680);
#676 = LINE('',#677,#678);
#677 = CARTESIAN_POINT('',(1.2,0.8));
#678 = VECTOR('',#679,1.);
#679 = DIRECTION('',(-6.279003626636E-16,-1.));
#680 = ( GEOMETRIC_REPRESENTATION_CONTEXT(2) 
PARAMETRIC_REPRESENTATION_CONTEXT() REPRESENTATION_CONTEXT('2D SPACE',''
  ) );
#681 = ORIENTED_EDGE('',*,*,#682,.T.);
#682 = EDGE_CURVE('',#655,#22,#683,.T.);
#683 = SURFACE_CURVE('',#684,(#689,#696),.PCURVE_S1.);
#684 = CIRCLE('',#685,35.);
#685 = AXIS2_PLACEMENT_3D('',#686,#687,#688);
#686 = CARTESIAN_POINT('',(0.,0.,69.3));
#687 = DIRECTION('',(0.,0.,1.));
#688 = DIRECTION('',(1.,0.,-0.));
#689 = PCURVE('',#32,#690);
#690 = DEFINITIONAL_REPRESENTATION('',(#691),#695);
#691 = LINE('',#692,#693);
#692 = CARTESIAN_POINT('',(0.,1.8));
#693 = VECTOR('',#694,1.);
#694 = DIRECTION('',(1.,0.));
#695 = ( GEOMETRIC_REPRESENTATION_CONTEXT(2) 
PARAMETRIC_REPRESENTATION_CONTEXT() REPRESENTATION_CONTEXT('2D SPACE',''
  ) );
#696 = PCURVE('',#206,#697);
#697 = DEFINITIONAL_REPRESENTATION('',(#698),#702);
#698 = CIRCLE('',#699,35.);
#699 = AXIS2_PLACEMENT_2D('',#700,#701);
#700 = CARTESIAN_POINT('',(-30.23233139334,11.213281397091));
#701 = DIRECTION('',(1.,0.));
#702 = ( GEOMETRIC_REPRESENTATION_CONTEXT(2) 
PARAMETRIC_REPRESENTATION_CONTEXT() REPRESENTATION_CONTEXT('2D SPACE',''
  ) );
#703 = ADVANCED_FACE('',(#704),#68,.T.);
#704 = FACE_BOUND('',#705,.T.);
#705 = EDGE_LOOP('',(#706,#774,#775,#797));
#706 = ORIENTED_EDGE('',*,*,#707,.F.);
#707 = EDGE_CURVE('',#52,#708,#710,.T.);
#708 = VERTEX_POINT('',#709);
#709 = CARTESIAN_POINT('',(-30.11715742257,16.828750066008,70.5));
#710 = SURFACE_CURVE('',#711,(#730,#752),.PCURVE_S1.);
#711 = B_SPLINE_CURVE_WITH_KNOTS('',5,(#712,#713,#714,#715,#716,#717,
    #718,#719,#720,#721,#722,#723,#724,#725,#726,#727,#728,#729),
  .UNSPECIFIED.,.F.,.F.,(6,4,4,4,6),(0.,0.253914535836,0.506626562069,
    0.75292429158,1.),.UNSPECIFIED.);
#712 = CARTESIAN_POINT('',(-30.61510464022,16.962174620851,70.));
#713 = CARTESIAN_POINT('',(-30.61510464022,16.962174620851,
    70.040010466283));
#714 = CARTESIAN_POINT('',(-30.61112076085,16.961107143591,
    70.080021788039));
#715 = CARTESIAN_POINT('',(-30.60315272969,16.958972116078,
    70.119491008709));
#716 = CARTESIAN_POINT('',(-30.59131326217,16.955799740317,
    70.157881387868));
#717 = CARTESIAN_POINT('',(-30.56039561534,16.947515381816,
    70.231342363634));
#718 = CARTESIAN_POINT('',(-30.54135137066,16.942412491835,
    70.266429253403));
#719 = CARTESIAN_POINT('',(-30.51889684602,16.936395820091,
    70.299472842952));
#720 = CARTESIAN_POINT('',(-30.49333982153,16.929547836017,
    70.330038305094));
#721 = CARTESIAN_POINT('',(-30.4374965465,16.914584675569,
    70.384792780078));
#722 = CARTESIAN_POINT('',(-30.40734596629,16.906505851951,
    70.409124748864));
#723 = CARTESIAN_POINT('',(-30.3749579804,16.897827517287,
    70.430431755293));
#724 = CARTESIAN_POINT('',(-30.34074137901,16.888659206577,
    70.448456208558));
#725 = CARTESIAN_POINT('',(-30.269421409,16.86954907821,70.477638694897)
  );
#726 = CARTESIAN_POINT('',(-30.23230845764,16.859604692863,
    70.488775180968));
#727 = CARTESIAN_POINT('',(-30.19424425224,16.849405419766,
    70.496258503227));
#728 = CARTESIAN_POINT('',(-30.15570200922,16.839078056875,70.5));
#729 = CARTESIAN_POINT('',(-30.11715742257,16.828750066008,70.5));
#730 = PCURVE('',#68,#731);
#731 = DEFINITIONAL_REPRESENTATION('',(#732),#751);
#732 = B_SPLINE_CURVE_WITH_KNOTS('',5,(#733,#734,#735,#736,#737,#738,
    #739,#740,#741,#742,#743,#744,#745,#746,#747,#748,#749,#750),
  .UNSPECIFIED.,.F.,.F.,(6,4,4,4,6),(0.,0.253914535836,0.506626562069,
    0.75292429158,1.),.UNSPECIFIED.);
#733 = CARTESIAN_POINT('',(0.,0.));
#734 = CARTESIAN_POINT('',(0.,8.002093256555E-02));
#735 = CARTESIAN_POINT('',(-2.848535030875E-05,0.160043546292));
#736 = CARTESIAN_POINT('',(-8.545681682204E-05,0.240049651848));
#737 = CARTESIAN_POINT('',(-1.701777395278E-04,0.320032567537));
#738 = CARTESIAN_POINT('',(-3.917416267569E-04,0.479544899981));
#739 = CARTESIAN_POINT('',(-5.283401339193E-04,0.559077746614));
#740 = CARTESIAN_POINT('',(-6.896149035631E-04,0.638563388083));
#741 = CARTESIAN_POINT('',(-8.735187108151E-04,0.718001992521));
#742 = CARTESIAN_POINT('',(-1.276265166717E-03,0.874762023711));
#743 = CARTESIAN_POINT('',(-1.494108409814E-03,0.952088323669));
#744 = CARTESIAN_POINT('',(-1.728632820837E-03,1.029365800458));
#745 = CARTESIAN_POINT('',(-1.97702836505E-03,1.106602982363));
#746 = CARTESIAN_POINT('',(-2.496167461037E-03,1.261251683123));
#747 = CARTESIAN_POINT('',(-2.76698492078E-03,1.338664743691));
#748 = CARTESIAN_POINT('',(-3.045507680432E-03,1.416050821779));
#749 = CARTESIAN_POINT('',(-3.328339613003E-03,1.493424700065));
#750 = CARTESIAN_POINT('',(-3.611983795677E-03,1.570796326795));
#751 = ( GEOMETRIC_REPRESENTATION_CONTEXT(2) 
PARAMETRIC_REPRESENTATION_CONTEXT() REPRESENTATION_CONTEXT('2D SPACE',''
  ) );
#752 = PCURVE('',#95,#753);
#753 = DEFINITIONAL_REPRESENTATION('',(#754),#773);
#754 = B_SPLINE_CURVE_WITH_KNOTS('',5,(#755,#756,#757,#758,#759,#760,
    #761,#762,#763,#764,#765,#766,#767,#768,#769,#770,#771,#772),
  .UNSPECIFIED.,.F.,.F.,(6,4,4,4,6),(0.,0.253914535836,0.506626562069,
    0.75292429158,1.),.UNSPECIFIED.);
#755 = CARTESIAN_POINT('',(0.7,0.688535000611));
#756 = CARTESIAN_POINT('',(0.740010466283,0.688535000611));
#757 = CARTESIAN_POINT('',(0.780021788039,0.692659416029));
#758 = CARTESIAN_POINT('',(0.819491008709,0.700908528889));
#759 = CARTESIAN_POINT('',(0.857881387868,0.713165647599));
#760 = CARTESIAN_POINT('',(0.931342363634,0.745173950923));
#761 = CARTESIAN_POINT('',(0.966429253403,0.764890003808));
#762 = CARTESIAN_POINT('',(0.999472842952,0.788136638311));
#763 = CARTESIAN_POINT('',(1.030038305094,0.814595217011));
#764 = CARTESIAN_POINT('',(1.084792780078,0.87240842949));
#765 = CARTESIAN_POINT('',(1.109124748864,0.903622607003));
#766 = CARTESIAN_POINT('',(1.130431755293,0.93715311733));
#767 = CARTESIAN_POINT('',(1.148456208558,0.972576749722));
#768 = CARTESIAN_POINT('',(1.177638694897,1.046412615854));
#769 = CARTESIAN_POINT('',(1.188775180968,1.084834770386));
#770 = CARTESIAN_POINT('',(1.196258503227,1.124241735563));
#771 = CARTESIAN_POINT('',(1.2,1.1641436017));
#772 = CARTESIAN_POINT('',(1.2,1.204047894148));
#773 = ( GEOMETRIC_REPRESENTATION_CONTEXT(2) 
PARAMETRIC_REPRESENTATION_CONTEXT() REPRESENTATION_CONTEXT('2D SPACE',''
  ) );
#774 = ORIENTED_EDGE('',*,*,#51,.T.);
#775 = ORIENTED_EDGE('',*,*,#776,.T.);
#776 = EDGE_CURVE('',#24,#777,#779,.T.);
#777 = VERTEX_POINT('',#778);
#778 = CARTESIAN_POINT('',(34.5,-7.728285856105E-15,70.5));
#779 = SURFACE_CURVE('',#780,(#785,#791),.PCURVE_S1.);
#780 = CIRCLE('',#781,0.5);
#781 = AXIS2_PLACEMENT_3D('',#782,#783,#784);
#782 = CARTESIAN_POINT('',(34.5,-9.575673587392E-15,70.));
#783 = DIRECTION('',(-2.775557561563E-16,-1.,0.));
#784 = DIRECTION('',(1.,-2.775557561563E-16,-0.));
#785 = PCURVE('',#68,#786);
#786 = DEFINITIONAL_REPRESENTATION('',(#787),#790);
#787 = B_SPLINE_CURVE_WITH_KNOTS('',1,(#788,#789),.UNSPECIFIED.,.F.,.F.,
  (2,2),(0.,1.570796326795),.PIECEWISE_BEZIER_KNOTS.);
#788 = CARTESIAN_POINT('',(3.647536849378,0.));
#789 = CARTESIAN_POINT('',(3.647536849378,1.570796326795));
#790 = ( GEOMETRIC_REPRESENTATION_CONTEXT(2) 
PARAMETRIC_REPRESENTATION_CONTEXT() REPRESENTATION_CONTEXT('2D SPACE',''
  ) );
#791 = PCURVE('',#176,#792);
#792 = DEFINITIONAL_REPRESENTATION('',(#793),#796);
#793 = B_SPLINE_CURVE_WITH_KNOTS('',1,(#794,#795),.UNSPECIFIED.,.F.,.F.,
  (2,2),(0.,1.570796326795),.PIECEWISE_BEZIER_KNOTS.);
#794 = CARTESIAN_POINT('',(0.,0.));
#795 = CARTESIAN_POINT('',(0.,1.570796326795));
#796 = ( GEOMETRIC_REPRESENTATION_CONTEXT(2) 
PARAMETRIC_REPRESENTATION_CONTEXT() REPRESENTATION_CONTEXT('2D SPACE',''
  ) );
#797 = ORIENTED_EDGE('',*,*,#798,.F.);
#798 = EDGE_CURVE('',#708,#777,#799,.T.);
#799 = SURFACE_CURVE('',#800,(#805,#812),.PCURVE_S1.);
#800 = CIRCLE('',#801,34.5);
#801 = AXIS2_PLACEMENT_3D('',#802,#803,#804);
#802 = CARTESIAN_POINT('',(0.,0.,70.5));
#803 = DIRECTION('',(0.,0.,1.));
#804 = DIRECTION('',(-0.874717275435,0.484633560596,0.));
#805 = PCURVE('',#68,#806);
#806 = DEFINITIONAL_REPRESENTATION('',(#807),#811);
#807 = LINE('',#808,#809);
#808 = CARTESIAN_POINT('',(0.,1.570796326795));
#809 = VECTOR('',#810,1.);
#810 = DIRECTION('',(1.,0.));
#811 = ( GEOMETRIC_REPRESENTATION_CONTEXT(2) 
PARAMETRIC_REPRESENTATION_CONTEXT() REPRESENTATION_CONTEXT('2D SPACE',''
  ) );
#812 = PCURVE('',#813,#818);
#813 = PLANE('',#814);
#814 = AXIS2_PLACEMENT_3D('',#815,#816,#817);
#815 = CARTESIAN_POINT('',(0.,0.,70.5));
#816 = DIRECTION('',(0.,0.,1.));
#817 = DIRECTION('',(1.,0.,-0.));
#818 = DEFINITIONAL_REPRESENTATION('',(#819),#823);
#819 = CIRCLE('',#820,34.5);
#820 = AXIS2_PLACEMENT_2D('',#821,#822);
#821 = CARTESIAN_POINT('',(0.,0.));
#822 = DIRECTION('',(-0.874717275435,0.484633560596));
#823 = ( GEOMETRIC_REPRESENTATION_CONTEXT(2) 
PARAMETRIC_REPRESENTATION_CONTEXT() REPRESENTATION_CONTEXT('2D SPACE',''
  ) );
#824 = ADVANCED_FACE('',(#825),#206,.F.);
#825 = FACE_BOUND('',#826,.F.);
#826 = EDGE_LOOP('',(#827,#850,#851,#852,#875,#903,#931,#959,#987,#1015,
    #1043,#1071,#1099,#1127,#1155,#1183,#1211,#1239,#1267,#1295,#1323,
    #1351,#1379,#1407,#1435,#1463,#1491,#1519));
#827 = ORIENTED_EDGE('',*,*,#828,.T.);
#828 = EDGE_CURVE('',#829,#655,#831,.T.);
#829 = VERTEX_POINT('',#830);
#830 = CARTESIAN_POINT('',(17.911271131082,-28.66402565008,69.3));
#831 = SURFACE_CURVE('',#832,(#836,#843),.PCURVE_S1.);
#832 = LINE('',#833,#834);
#833 = CARTESIAN_POINT('',(17.911271131082,-28.66402565008,69.3));
#834 = VECTOR('',#835,1.);
#835 = DIRECTION('',(0.529919264233,-0.848048096156,0.));
#836 = PCURVE('',#206,#837);
#837 = DEFINITIONAL_REPRESENTATION('',(#838),#842);
#838 = LINE('',#839,#840);
#839 = CARTESIAN_POINT('',(-12.32106026226,-17.45074425299));
#840 = VECTOR('',#841,1.);
#841 = DIRECTION('',(0.529919264233,-0.848048096156));
#842 = ( GEOMETRIC_REPRESENTATION_CONTEXT(2) 
PARAMETRIC_REPRESENTATION_CONTEXT() REPRESENTATION_CONTEXT('2D SPACE',''
  ) );
#843 = PCURVE('',#670,#844);
#844 = DEFINITIONAL_REPRESENTATION('',(#845),#849);
#845 = LINE('',#846,#847);
#846 = CARTESIAN_POINT('',(0.,-1.));
#847 = VECTOR('',#848,1.);
#848 = DIRECTION('',(1.,0.));
#849 = ( GEOMETRIC_REPRESENTATION_CONTEXT(2) 
PARAMETRIC_REPRESENTATION_CONTEXT() REPRESENTATION_CONTEXT('2D SPACE',''
  ) );
#850 = ORIENTED_EDGE('',*,*,#682,.T.);
#851 = ORIENTED_EDGE('',*,*,#189,.T.);
#852 = ORIENTED_EDGE('',*,*,#853,.T.);
#853 = EDGE_CURVE('',#190,#854,#856,.T.);
#854 = VERTEX_POINT('',#855);
#855 = CARTESIAN_POINT('',(32.270915023195,10.051270743829,69.3));
#856 = SURFACE_CURVE('',#857,(#861,#868),.PCURVE_S1.);
#857 = LINE('',#858,#859);
#858 = CARTESIAN_POINT('',(34.371388782101,10.7054954668,69.3));
#859 = VECTOR('',#860,1.);
#860 = DIRECTION('',(-0.954760799503,-0.297374874078,0.));
#861 = PCURVE('',#206,#862);
#862 = DEFINITIONAL_REPRESENTATION('',(#863),#867);
#863 = LINE('',#864,#865);
#864 = CARTESIAN_POINT('',(4.139057388756,21.918776863891));
#865 = VECTOR('',#866,1.);
#866 = DIRECTION('',(-0.954760799503,-0.297374874078));
#867 = ( GEOMETRIC_REPRESENTATION_CONTEXT(2) 
PARAMETRIC_REPRESENTATION_CONTEXT() REPRESENTATION_CONTEXT('2D SPACE',''
  ) );
#868 = PCURVE('',#233,#869);
#869 = DEFINITIONAL_REPRESENTATION('',(#870),#874);
#870 = LINE('',#871,#872);
#871 = CARTESIAN_POINT('',(0.,-1.));
#872 = VECTOR('',#873,1.);
#873 = DIRECTION('',(1.,0.));
#874 = ( GEOMETRIC_REPRESENTATION_CONTEXT(2) 
PARAMETRIC_REPRESENTATION_CONTEXT() REPRESENTATION_CONTEXT('2D SPACE',''
  ) );
#875 = ORIENTED_EDGE('',*,*,#876,.T.);
#876 = EDGE_CURVE('',#854,#877,#879,.T.);
#877 = VERTEX_POINT('',#878);
#878 = CARTESIAN_POINT('',(32.772672509674,8.269941751526,69.3));
#879 = SURFACE_CURVE('',#880,(#884,#891),.PCURVE_S1.);
#880 = LINE('',#881,#882);
#881 = CARTESIAN_POINT('',(32.270915023195,10.051270743829,69.3));
#882 = VECTOR('',#883,1.);
#883 = DIRECTION('',(0.271125472597,-0.962544013596,0.));
#884 = PCURVE('',#206,#885);
#885 = DEFINITIONAL_REPRESENTATION('',(#886),#890);
#886 = LINE('',#887,#888);
#887 = CARTESIAN_POINT('',(2.038583629849,21.26455214092));
#888 = VECTOR('',#889,1.);
#889 = DIRECTION('',(0.271125472597,-0.962544013596));
#890 = ( GEOMETRIC_REPRESENTATION_CONTEXT(2) 
PARAMETRIC_REPRESENTATION_CONTEXT() REPRESENTATION_CONTEXT('2D SPACE',''
  ) );
#891 = PCURVE('',#892,#897);
#892 = PLANE('',#893);
#893 = AXIS2_PLACEMENT_3D('',#894,#895,#896);
#894 = CARTESIAN_POINT('',(32.270915023195,10.051270743829,68.3));
#895 = DIRECTION('',(0.962544013596,0.271125472597,-0.));
#896 = DIRECTION('',(0.271125472597,-0.962544013596,0.));
#897 = DEFINITIONAL_REPRESENTATION('',(#898),#902);
#898 = LINE('',#899,#900);
#899 = CARTESIAN_POINT('',(0.,-1.));
#900 = VECTOR('',#901,1.);
#901 = DIRECTION('',(1.,0.));
#902 = ( GEOMETRIC_REPRESENTATION_CONTEXT(2) 
PARAMETRIC_REPRESENTATION_CONTEXT() REPRESENTATION_CONTEXT('2D SPACE',''
  ) );
#903 = ORIENTED_EDGE('',*,*,#904,.T.);
#904 = EDGE_CURVE('',#877,#905,#907,.T.);
#905 = VERTEX_POINT('',#906);
#906 = CARTESIAN_POINT('',(33.17618158501,6.463820498625,69.3));
#907 = SURFACE_CURVE('',#908,(#912,#919),.PCURVE_S1.);
#908 = LINE('',#909,#910);
#909 = CARTESIAN_POINT('',(32.772672509674,8.269941751526,69.3));
#910 = VECTOR('',#911,1.);
#911 = DIRECTION('',(0.218036784094,-0.975940551869,0.));
#912 = PCURVE('',#206,#913);
#913 = DEFINITIONAL_REPRESENTATION('',(#914),#918);
#914 = LINE('',#915,#916);
#915 = CARTESIAN_POINT('',(2.540341116329,19.483223148617));
#916 = VECTOR('',#917,1.);
#917 = DIRECTION('',(0.218036784094,-0.975940551869));
#918 = ( GEOMETRIC_REPRESENTATION_CONTEXT(2) 
PARAMETRIC_REPRESENTATION_CONTEXT() REPRESENTATION_CONTEXT('2D SPACE',''
  ) );
#919 = PCURVE('',#920,#925);
#920 = PLANE('',#921);
#921 = AXIS2_PLACEMENT_3D('',#922,#923,#924);
#922 = CARTESIAN_POINT('',(32.772672509674,8.269941751526,68.3));
#923 = DIRECTION('',(0.975940551869,0.218036784094,-0.));
#924 = DIRECTION('',(0.218036784094,-0.975940551869,0.));
#925 = DEFINITIONAL_REPRESENTATION('',(#926),#930);
#926 = LINE('',#927,#928);
#927 = CARTESIAN_POINT('',(0.,-1.));
#928 = VECTOR('',#929,1.);
#929 = DIRECTION('',(1.,0.));
#930 = ( GEOMETRIC_REPRESENTATION_CONTEXT(2) 
PARAMETRIC_REPRESENTATION_CONTEXT() REPRESENTATION_CONTEXT('2D SPACE',''
  ) );
#931 = ORIENTED_EDGE('',*,*,#932,.T.);
#932 = EDGE_CURVE('',#905,#933,#935,.T.);
#933 = VERTEX_POINT('',#934);
#934 = CARTESIAN_POINT('',(33.480232578994,4.638321512837,69.3));
#935 = SURFACE_CURVE('',#936,(#940,#947),.PCURVE_S1.);
#936 = LINE('',#937,#938);
#937 = CARTESIAN_POINT('',(33.17618158501,6.463820498625,69.3));
#938 = VECTOR('',#939,1.);
#939 = DIRECTION('',(0.164294448332,-0.986411341301,0.));
#940 = PCURVE('',#206,#941);
#941 = DEFINITIONAL_REPRESENTATION('',(#942),#946);
#942 = LINE('',#943,#944);
#943 = CARTESIAN_POINT('',(2.943850191665,17.677101895716));
#944 = VECTOR('',#945,1.);
#945 = DIRECTION('',(0.164294448332,-0.986411341301));
#946 = ( GEOMETRIC_REPRESENTATION_CONTEXT(2) 
PARAMETRIC_REPRESENTATION_CONTEXT() REPRESENTATION_CONTEXT('2D SPACE',''
  ) );
#947 = PCURVE('',#948,#953);
#948 = PLANE('',#949);
#949 = AXIS2_PLACEMENT_3D('',#950,#951,#952);
#950 = CARTESIAN_POINT('',(33.17618158501,6.463820498625,68.3));
#951 = DIRECTION('',(0.986411341301,0.164294448332,-0.));
#952 = DIRECTION('',(0.164294448332,-0.986411341301,0.));
#953 = DEFINITIONAL_REPRESENTATION('',(#954),#958);
#954 = LINE('',#955,#956);
#955 = CARTESIAN_POINT('',(0.,-1.));
#956 = VECTOR('',#957,1.);
#957 = DIRECTION('',(1.,0.));
#958 = ( GEOMETRIC_REPRESENTATION_CONTEXT(2) 
PARAMETRIC_REPRESENTATION_CONTEXT() REPRESENTATION_CONTEXT('2D SPACE',''
  ) );
#959 = ORIENTED_EDGE('',*,*,#960,.T.);
#960 = EDGE_CURVE('',#933,#961,#963,.T.);
#961 = VERTEX_POINT('',#962);
#962 = CARTESIAN_POINT('',(33.683913984424,2.798917413913,69.3));
#963 = SURFACE_CURVE('',#964,(#968,#975),.PCURVE_S1.);
#964 = LINE('',#965,#966);
#965 = CARTESIAN_POINT('',(33.480232578994,4.638321512837,69.3));
#966 = VECTOR('',#967,1.);
#967 = DIRECTION('',(0.110059578171,-0.993924991764,0.));
#968 = PCURVE('',#206,#969);
#969 = DEFINITIONAL_REPRESENTATION('',(#970),#974);
#970 = LINE('',#971,#972);
#971 = CARTESIAN_POINT('',(3.247901185649,15.851602909928));
#972 = VECTOR('',#973,1.);
#973 = DIRECTION('',(0.110059578171,-0.993924991764));
#974 = ( GEOMETRIC_REPRESENTATION_CONTEXT(2) 
PARAMETRIC_REPRESENTATION_CONTEXT() REPRESENTATION_CONTEXT('2D SPACE',''
  ) );
#975 = PCURVE('',#976,#981);
#976 = PLANE('',#977);
#977 = AXIS2_PLACEMENT_3D('',#978,#979,#980);
#978 = CARTESIAN_POINT('',(33.480232578994,4.638321512837,68.3));
#979 = DIRECTION('',(0.993924991764,0.110059578171,-0.));
#980 = DIRECTION('',(0.110059578171,-0.993924991764,0.));
#981 = DEFINITIONAL_REPRESENTATION('',(#982),#986);
#982 = LINE('',#983,#984);
#983 = CARTESIAN_POINT('',(0.,-1.));
#984 = VECTOR('',#985,1.);
#985 = DIRECTION('',(1.,0.));
#986 = ( GEOMETRIC_REPRESENTATION_CONTEXT(2) 
PARAMETRIC_REPRESENTATION_CONTEXT() REPRESENTATION_CONTEXT('2D SPACE',''
  ) );
#987 = ORIENTED_EDGE('',*,*,#988,.T.);
#988 = EDGE_CURVE('',#961,#989,#991,.T.);
#989 = VERTEX_POINT('',#990);
#990 = CARTESIAN_POINT('',(33.786615189686,0.95112250741,69.3));
#991 = SURFACE_CURVE('',#992,(#996,#1003),.PCURVE_S1.);
#992 = LINE('',#993,#994);
#993 = CARTESIAN_POINT('',(33.683913984424,2.798917413913,69.3));
#994 = VECTOR('',#995,1.);
#995 = DIRECTION('',(5.549476303395E-02,-0.998458978264,0.));
#996 = PCURVE('',#206,#997);
#997 = DEFINITIONAL_REPRESENTATION('',(#998),#1002);
#998 = LINE('',#999,#1000);
#999 = CARTESIAN_POINT('',(3.451582591079,14.012198811003));
#1000 = VECTOR('',#1001,1.);
#1001 = DIRECTION('',(5.549476303395E-02,-0.998458978264));
#1002 = ( GEOMETRIC_REPRESENTATION_CONTEXT(2) 
PARAMETRIC_REPRESENTATION_CONTEXT() REPRESENTATION_CONTEXT('2D SPACE',''
  ) );
#1003 = PCURVE('',#1004,#1009);
#1004 = PLANE('',#1005);
#1005 = AXIS2_PLACEMENT_3D('',#1006,#1007,#1008);
#1006 = CARTESIAN_POINT('',(33.683913984424,2.798917413913,68.3));
#1007 = DIRECTION('',(0.998458978264,5.549476303395E-02,-0.));
#1008 = DIRECTION('',(5.549476303395E-02,-0.998458978264,0.));
#1009 = DEFINITIONAL_REPRESENTATION('',(#1010),#1014);
#1010 = LINE('',#1011,#1012);
#1011 = CARTESIAN_POINT('',(0.,-1.));
#1012 = VECTOR('',#1013,1.);
#1013 = DIRECTION('',(1.,0.));
#1014 = ( GEOMETRIC_REPRESENTATION_CONTEXT(2) 
PARAMETRIC_REPRESENTATION_CONTEXT() REPRESENTATION_CONTEXT('2D SPACE',''
  ) );
#1015 = ORIENTED_EDGE('',*,*,#1016,.T.);
#1016 = EDGE_CURVE('',#989,#1017,#1019,.T.);
#1017 = VERTEX_POINT('',#1018);
#1018 = CARTESIAN_POINT('',(33.788028309291,-0.89952374651,69.3));
#1019 = SURFACE_CURVE('',#1020,(#1024,#1031),.PCURVE_S1.);
#1020 = LINE('',#1021,#1022);
#1021 = CARTESIAN_POINT('',(33.786615189686,0.95112250741,69.3));
#1022 = VECTOR('',#1023,1.);
#1023 = DIRECTION('',(7.635814735454E-04,-0.999999708472,0.));
#1024 = PCURVE('',#206,#1025);
#1025 = DEFINITIONAL_REPRESENTATION('',(#1026),#1030);
#1026 = LINE('',#1027,#1028);
#1027 = CARTESIAN_POINT('',(3.554283796341,12.164403904501));
#1028 = VECTOR('',#1029,1.);
#1029 = DIRECTION('',(7.635814735454E-04,-0.999999708472));
#1030 = ( GEOMETRIC_REPRESENTATION_CONTEXT(2) 
PARAMETRIC_REPRESENTATION_CONTEXT() REPRESENTATION_CONTEXT('2D SPACE',''
  ) );
#1031 = PCURVE('',#1032,#1037);
#1032 = PLANE('',#1033);
#1033 = AXIS2_PLACEMENT_3D('',#1034,#1035,#1036);
#1034 = CARTESIAN_POINT('',(33.786615189686,0.95112250741,68.3));
#1035 = DIRECTION('',(0.999999708472,7.635814735454E-04,-0.));
#1036 = DIRECTION('',(7.635814735454E-04,-0.999999708472,0.));
#1037 = DEFINITIONAL_REPRESENTATION('',(#1038),#1042);
#1038 = LINE('',#1039,#1040);
#1039 = CARTESIAN_POINT('',(0.,-1.));
#1040 = VECTOR('',#1041,1.);
#1041 = DIRECTION('',(1.,0.));
#1042 = ( GEOMETRIC_REPRESENTATION_CONTEXT(2) 
PARAMETRIC_REPRESENTATION_CONTEXT() REPRESENTATION_CONTEXT('2D SPACE',''
  ) );
#1043 = ORIENTED_EDGE('',*,*,#1044,.T.);
#1044 = EDGE_CURVE('',#1017,#1045,#1047,.T.);
#1045 = VERTEX_POINT('',#1046);
#1046 = CARTESIAN_POINT('',(33.688149106884,-2.747473339704,69.3));
#1047 = SURFACE_CURVE('',#1048,(#1052,#1059),.PCURVE_S1.);
#1048 = LINE('',#1049,#1050);
#1049 = CARTESIAN_POINT('',(33.788028309291,-0.89952374651,69.3));
#1050 = VECTOR('',#1051,1.);
#1051 = DIRECTION('',(-5.39698892095E-02,-0.998542563469,0.));
#1052 = PCURVE('',#206,#1053);
#1053 = DEFINITIONAL_REPRESENTATION('',(#1054),#1058);
#1054 = LINE('',#1055,#1056);
#1055 = CARTESIAN_POINT('',(3.555696915946,10.31375765058));
#1056 = VECTOR('',#1057,1.);
#1057 = DIRECTION('',(-5.39698892095E-02,-0.998542563469));
#1058 = ( GEOMETRIC_REPRESENTATION_CONTEXT(2) 
PARAMETRIC_REPRESENTATION_CONTEXT() REPRESENTATION_CONTEXT('2D SPACE',''
  ) );
#1059 = PCURVE('',#1060,#1065);
#1060 = PLANE('',#1061);
#1061 = AXIS2_PLACEMENT_3D('',#1062,#1063,#1064);
#1062 = CARTESIAN_POINT('',(33.788028309291,-0.89952374651,68.3));
#1063 = DIRECTION('',(0.998542563469,-5.39698892095E-02,0.));
#1064 = DIRECTION('',(-5.39698892095E-02,-0.998542563469,0.));
#1065 = DEFINITIONAL_REPRESENTATION('',(#1066),#1070);
#1066 = LINE('',#1067,#1068);
#1067 = CARTESIAN_POINT('',(0.,-1.));
#1068 = VECTOR('',#1069,1.);
#1069 = DIRECTION('',(1.,0.));
#1070 = ( GEOMETRIC_REPRESENTATION_CONTEXT(2) 
PARAMETRIC_REPRESENTATION_CONTEXT() REPRESENTATION_CONTEXT('2D SPACE',''
  ) );
#1071 = ORIENTED_EDGE('',*,*,#1072,.T.);
#1072 = EDGE_CURVE('',#1045,#1073,#1075,.T.);
#1073 = VERTEX_POINT('',#1074);
#1074 = CARTESIAN_POINT('',(33.487277007935,-4.58718634828,69.3));
#1075 = SURFACE_CURVE('',#1076,(#1080,#1087),.PCURVE_S1.);
#1076 = LINE('',#1077,#1078);
#1077 = CARTESIAN_POINT('',(33.688149106884,-2.747473339704,69.3));
#1078 = VECTOR('',#1079,1.);
#1079 = DIRECTION('',(-0.108541564852,-0.994091911595,0.));
#1080 = PCURVE('',#206,#1081);
#1081 = DEFINITIONAL_REPRESENTATION('',(#1082),#1086);
#1082 = LINE('',#1083,#1084);
#1083 = CARTESIAN_POINT('',(3.455817713538,8.465808057387));
#1084 = VECTOR('',#1085,1.);
#1085 = DIRECTION('',(-0.108541564852,-0.994091911595));
#1086 = ( GEOMETRIC_REPRESENTATION_CONTEXT(2) 
PARAMETRIC_REPRESENTATION_CONTEXT() REPRESENTATION_CONTEXT('2D SPACE',''
  ) );
#1087 = PCURVE('',#1088,#1093);
#1088 = PLANE('',#1089);
#1089 = AXIS2_PLACEMENT_3D('',#1090,#1091,#1092);
#1090 = CARTESIAN_POINT('',(33.688149106884,-2.747473339704,68.3));
#1091 = DIRECTION('',(0.994091911595,-0.108541564852,0.));
#1092 = DIRECTION('',(-0.108541564852,-0.994091911595,0.));
#1093 = DEFINITIONAL_REPRESENTATION('',(#1094),#1098);
#1094 = LINE('',#1095,#1096);
#1095 = CARTESIAN_POINT('',(0.,-1.));
#1096 = VECTOR('',#1097,1.);
#1097 = DIRECTION('',(1.,0.));
#1098 = ( GEOMETRIC_REPRESENTATION_CONTEXT(2) 
PARAMETRIC_REPRESENTATION_CONTEXT() REPRESENTATION_CONTEXT('2D SPACE',''
  ) );
#1099 = ORIENTED_EDGE('',*,*,#1100,.T.);
#1100 = EDGE_CURVE('',#1073,#1101,#1103,.T.);
#1101 = VERTEX_POINT('',#1102);
#1102 = CARTESIAN_POINT('',(33.186014202107,-6.413147540606,69.3));
#1103 = SURFACE_CURVE('',#1104,(#1108,#1115),.PCURVE_S1.);
#1104 = LINE('',#1105,#1106);
#1105 = CARTESIAN_POINT('',(33.487277007935,-4.58718634828,69.3));
#1106 = VECTOR('',#1107,1.);
#1107 = DIRECTION('',(-0.162787846334,-0.986661095354,0.));
#1108 = PCURVE('',#206,#1109);
#1109 = DEFINITIONAL_REPRESENTATION('',(#1110),#1114);
#1110 = LINE('',#1111,#1112);
#1111 = CARTESIAN_POINT('',(3.25494561459,6.626095048811));
#1112 = VECTOR('',#1113,1.);
#1113 = DIRECTION('',(-0.162787846334,-0.986661095354));
#1114 = ( GEOMETRIC_REPRESENTATION_CONTEXT(2) 
PARAMETRIC_REPRESENTATION_CONTEXT() REPRESENTATION_CONTEXT('2D SPACE',''
  ) );
#1115 = PCURVE('',#1116,#1121);
#1116 = PLANE('',#1117);
#1117 = AXIS2_PLACEMENT_3D('',#1118,#1119,#1120);
#1118 = CARTESIAN_POINT('',(33.487277007935,-4.58718634828,68.3));
#1119 = DIRECTION('',(0.986661095354,-0.162787846334,0.));
#1120 = DIRECTION('',(-0.162787846334,-0.986661095354,0.));
#1121 = DEFINITIONAL_REPRESENTATION('',(#1122),#1126);
#1122 = LINE('',#1123,#1124);
#1123 = CARTESIAN_POINT('',(0.,-1.));
#1124 = VECTOR('',#1125,1.);
#1125 = DIRECTION('',(1.,0.));
#1126 = ( GEOMETRIC_REPRESENTATION_CONTEXT(2) 
PARAMETRIC_REPRESENTATION_CONTEXT() REPRESENTATION_CONTEXT('2D SPACE',''
  ) );
#1127 = ORIENTED_EDGE('',*,*,#1128,.T.);
#1128 = EDGE_CURVE('',#1101,#1129,#1131,.T.);
#1129 = VERTEX_POINT('',#1130);
#1130 = CARTESIAN_POINT('',(32.78526383796,-8.219882911294,69.3));
#1131 = SURFACE_CURVE('',#1132,(#1136,#1143),.PCURVE_S1.);
#1132 = LINE('',#1133,#1134);
#1133 = CARTESIAN_POINT('',(33.186014202107,-6.413147540606,69.3));
#1134 = VECTOR('',#1135,1.);
#1135 = DIRECTION('',(-0.216546110024,-0.976272391412,0.));
#1136 = PCURVE('',#206,#1137);
#1137 = DEFINITIONAL_REPRESENTATION('',(#1138),#1142);
#1138 = LINE('',#1139,#1140);
#1139 = CARTESIAN_POINT('',(2.953682808761,4.800133856485));
#1140 = VECTOR('',#1141,1.);
#1141 = DIRECTION('',(-0.216546110024,-0.976272391412));
#1142 = ( GEOMETRIC_REPRESENTATION_CONTEXT(2) 
PARAMETRIC_REPRESENTATION_CONTEXT() REPRESENTATION_CONTEXT('2D SPACE',''
  ) );
#1143 = PCURVE('',#1144,#1149);
#1144 = PLANE('',#1145);
#1145 = AXIS2_PLACEMENT_3D('',#1146,#1147,#1148);
#1146 = CARTESIAN_POINT('',(33.186014202107,-6.413147540606,68.3));
#1147 = DIRECTION('',(0.976272391412,-0.216546110024,0.));
#1148 = DIRECTION('',(-0.216546110024,-0.976272391412,0.));
#1149 = DEFINITIONAL_REPRESENTATION('',(#1150),#1154);
#1150 = LINE('',#1151,#1152);
#1151 = CARTESIAN_POINT('',(0.,-1.));
#1152 = VECTOR('',#1153,1.);
#1153 = DIRECTION('',(1.,0.));
#1154 = ( GEOMETRIC_REPRESENTATION_CONTEXT(2) 
PARAMETRIC_REPRESENTATION_CONTEXT() REPRESENTATION_CONTEXT('2D SPACE',''
  ) );
#1155 = ORIENTED_EDGE('',*,*,#1156,.T.);
#1156 = EDGE_CURVE('',#1129,#1157,#1159,.T.);
#1157 = VERTEX_POINT('',#1158);
#1158 = CARTESIAN_POINT('',(32.286227315426,-10.00197609158,69.3));
#1159 = SURFACE_CURVE('',#1160,(#1164,#1171),.PCURVE_S1.);
#1160 = LINE('',#1161,#1162);
#1161 = CARTESIAN_POINT('',(32.78526383796,-8.219882911294,69.3));
#1162 = VECTOR('',#1163,1.);
#1163 = DIRECTION('',(-0.26965519531,-0.962956943816,0.));
#1164 = PCURVE('',#206,#1165);
#1165 = DEFINITIONAL_REPRESENTATION('',(#1166),#1170);
#1166 = LINE('',#1167,#1168);
#1167 = CARTESIAN_POINT('',(2.552932444614,2.993398485797));
#1168 = VECTOR('',#1169,1.);
#1169 = DIRECTION('',(-0.26965519531,-0.962956943816));
#1170 = ( GEOMETRIC_REPRESENTATION_CONTEXT(2) 
PARAMETRIC_REPRESENTATION_CONTEXT() REPRESENTATION_CONTEXT('2D SPACE',''
  ) );
#1171 = PCURVE('',#1172,#1177);
#1172 = PLANE('',#1173);
#1173 = AXIS2_PLACEMENT_3D('',#1174,#1175,#1176);
#1174 = CARTESIAN_POINT('',(32.78526383796,-8.219882911294,68.3));
#1175 = DIRECTION('',(0.962956943816,-0.26965519531,0.));
#1176 = DIRECTION('',(-0.26965519531,-0.962956943816,0.));
#1177 = DEFINITIONAL_REPRESENTATION('',(#1178),#1182);
#1178 = LINE('',#1179,#1180);
#1179 = CARTESIAN_POINT('',(0.,-1.));
#1180 = VECTOR('',#1181,1.);
#1181 = DIRECTION('',(1.,0.));
#1182 = ( GEOMETRIC_REPRESENTATION_CONTEXT(2) 
PARAMETRIC_REPRESENTATION_CONTEXT() REPRESENTATION_CONTEXT('2D SPACE',''
  ) );
#1183 = ORIENTED_EDGE('',*,*,#1184,.T.);
#1184 = EDGE_CURVE('',#1157,#1185,#1187,.T.);
#1185 = VERTEX_POINT('',#1186);
#1186 = CARTESIAN_POINT('',(31.690400684163,-11.75408458695,69.3));
#1187 = SURFACE_CURVE('',#1188,(#1192,#1199),.PCURVE_S1.);
#1188 = LINE('',#1189,#1190);
#1189 = CARTESIAN_POINT('',(32.286227315426,-10.00197609158,69.3));
#1190 = VECTOR('',#1191,1.);
#1191 = DIRECTION('',(-0.321955887734,-0.946754670627,0.));
#1192 = PCURVE('',#206,#1193);
#1193 = DEFINITIONAL_REPRESENTATION('',(#1194),#1198);
#1194 = LINE('',#1195,#1196);
#1195 = CARTESIAN_POINT('',(2.053895922081,1.211305305507));
#1196 = VECTOR('',#1197,1.);
#1197 = DIRECTION('',(-0.321955887734,-0.946754670627));
#1198 = ( GEOMETRIC_REPRESENTATION_CONTEXT(2) 
PARAMETRIC_REPRESENTATION_CONTEXT() REPRESENTATION_CONTEXT('2D SPACE',''
  ) );
#1199 = PCURVE('',#1200,#1205);
#1200 = PLANE('',#1201);
#1201 = AXIS2_PLACEMENT_3D('',#1202,#1203,#1204);
#1202 = CARTESIAN_POINT('',(32.286227315426,-10.00197609158,68.3));
#1203 = DIRECTION('',(0.946754670627,-0.321955887734,0.));
#1204 = DIRECTION('',(-0.321955887734,-0.946754670627,0.));
#1205 = DEFINITIONAL_REPRESENTATION('',(#1206),#1210);
#1206 = LINE('',#1207,#1208);
#1207 = CARTESIAN_POINT('',(0.,-1.));
#1208 = VECTOR('',#1209,1.);
#1209 = DIRECTION('',(1.,0.));
#1210 = ( GEOMETRIC_REPRESENTATION_CONTEXT(2) 
PARAMETRIC_REPRESENTATION_CONTEXT() REPRESENTATION_CONTEXT('2D SPACE',''
  ) );
#1211 = ORIENTED_EDGE('',*,*,#1212,.T.);
#1212 = EDGE_CURVE('',#1185,#1213,#1215,.T.);
#1213 = VERTEX_POINT('',#1214);
#1214 = CARTESIAN_POINT('',(30.999570158579,-13.47095579323,69.3));
#1215 = SURFACE_CURVE('',#1216,(#1220,#1227),.PCURVE_S1.);
#1216 = LINE('',#1217,#1218);
#1217 = CARTESIAN_POINT('',(31.690400684163,-11.75408458695,69.3));
#1218 = VECTOR('',#1219,1.);
#1219 = DIRECTION('',(-0.373291396302,-0.927714144253,0.));
#1220 = PCURVE('',#206,#1221);
#1221 = DEFINITIONAL_REPRESENTATION('',(#1222),#1226);
#1222 = LINE('',#1223,#1224);
#1223 = CARTESIAN_POINT('',(1.458069290818,-0.540803189859));
#1224 = VECTOR('',#1225,1.);
#1225 = DIRECTION('',(-0.373291396302,-0.927714144253));
#1226 = ( GEOMETRIC_REPRESENTATION_CONTEXT(2) 
PARAMETRIC_REPRESENTATION_CONTEXT() REPRESENTATION_CONTEXT('2D SPACE',''
  ) );
#1227 = PCURVE('',#1228,#1233);
#1228 = PLANE('',#1229);
#1229 = AXIS2_PLACEMENT_3D('',#1230,#1231,#1232);
#1230 = CARTESIAN_POINT('',(31.690400684163,-11.75408458695,68.3));
#1231 = DIRECTION('',(0.927714144253,-0.373291396302,0.));
#1232 = DIRECTION('',(-0.373291396302,-0.927714144253,0.));
#1233 = DEFINITIONAL_REPRESENTATION('',(#1234),#1238);
#1234 = LINE('',#1235,#1236);
#1235 = CARTESIAN_POINT('',(0.,-1.));
#1236 = VECTOR('',#1237,1.);
#1237 = DIRECTION('',(1.,0.));
#1238 = ( GEOMETRIC_REPRESENTATION_CONTEXT(2) 
PARAMETRIC_REPRESENTATION_CONTEXT() REPRESENTATION_CONTEXT('2D SPACE',''
  ) );
#1239 = ORIENTED_EDGE('',*,*,#1240,.T.);
#1240 = EDGE_CURVE('',#1213,#1241,#1243,.T.);
#1241 = VERTEX_POINT('',#1242);
#1242 = CARTESIAN_POINT('',(30.215806762984,-15.14744274331,69.3));
#1243 = SURFACE_CURVE('',#1244,(#1248,#1255),.PCURVE_S1.);
#1244 = LINE('',#1245,#1246);
#1245 = CARTESIAN_POINT('',(30.999570158579,-13.47095579323,69.3));
#1246 = VECTOR('',#1247,1.);
#1247 = DIRECTION('',(-0.423507823521,-0.905892445832,0.));
#1248 = PCURVE('',#206,#1249);
#1249 = DEFINITIONAL_REPRESENTATION('',(#1250),#1254);
#1250 = LINE('',#1251,#1252);
#1251 = CARTESIAN_POINT('',(0.767238765234,-2.257674396146));
#1252 = VECTOR('',#1253,1.);
#1253 = DIRECTION('',(-0.423507823521,-0.905892445832));
#1254 = ( GEOMETRIC_REPRESENTATION_CONTEXT(2) 
PARAMETRIC_REPRESENTATION_CONTEXT() REPRESENTATION_CONTEXT('2D SPACE',''
  ) );
#1255 = PCURVE('',#1256,#1261);
#1256 = PLANE('',#1257);
#1257 = AXIS2_PLACEMENT_3D('',#1258,#1259,#1260);
#1258 = CARTESIAN_POINT('',(30.999570158579,-13.47095579323,68.3));
#1259 = DIRECTION('',(0.905892445832,-0.423507823521,0.));
#1260 = DIRECTION('',(-0.423507823521,-0.905892445832,0.));
#1261 = DEFINITIONAL_REPRESENTATION('',(#1262),#1266);
#1262 = LINE('',#1263,#1264);
#1263 = CARTESIAN_POINT('',(0.,-1.));
#1264 = VECTOR('',#1265,1.);
#1265 = DIRECTION('',(1.,0.));
#1266 = ( GEOMETRIC_REPRESENTATION_CONTEXT(2) 
PARAMETRIC_REPRESENTATION_CONTEXT() REPRESENTATION_CONTEXT('2D SPACE',''
  ) );
#1267 = ORIENTED_EDGE('',*,*,#1268,.T.);
#1268 = EDGE_CURVE('',#1241,#1269,#1271,.T.);
#1269 = VERTEX_POINT('',#1270);
#1270 = CARTESIAN_POINT('',(29.341460122918,-16.77851953705,69.3));
#1271 = SURFACE_CURVE('',#1272,(#1276,#1283),.PCURVE_S1.);
#1272 = LINE('',#1273,#1274);
#1273 = CARTESIAN_POINT('',(30.215806762984,-15.14744274331,69.3));
#1274 = VECTOR('',#1275,1.);
#1275 = DIRECTION('',(-0.472454626764,-0.881354994114,0.));
#1276 = PCURVE('',#206,#1277);
#1277 = DEFINITIONAL_REPRESENTATION('',(#1278),#1282);
#1278 = LINE('',#1279,#1280);
#1279 = CARTESIAN_POINT('',(-1.652463036145E-02,-3.934161346225));
#1280 = VECTOR('',#1281,1.);
#1281 = DIRECTION('',(-0.472454626764,-0.881354994114));
#1282 = ( GEOMETRIC_REPRESENTATION_CONTEXT(2) 
PARAMETRIC_REPRESENTATION_CONTEXT() REPRESENTATION_CONTEXT('2D SPACE',''
  ) );
#1283 = PCURVE('',#1284,#1289);
#1284 = PLANE('',#1285);
#1285 = AXIS2_PLACEMENT_3D('',#1286,#1287,#1288);
#1286 = CARTESIAN_POINT('',(30.215806762984,-15.14744274331,68.3));
#1287 = DIRECTION('',(0.881354994114,-0.472454626764,0.));
#1288 = DIRECTION('',(-0.472454626764,-0.881354994114,0.));
#1289 = DEFINITIONAL_REPRESENTATION('',(#1290),#1294);
#1290 = LINE('',#1291,#1292);
#1291 = CARTESIAN_POINT('',(0.,-1.));
#1292 = VECTOR('',#1293,1.);
#1293 = DIRECTION('',(1.,0.));
#1294 = ( GEOMETRIC_REPRESENTATION_CONTEXT(2) 
PARAMETRIC_REPRESENTATION_CONTEXT() REPRESENTATION_CONTEXT('2D SPACE',''
  ) );
#1295 = ORIENTED_EDGE('',*,*,#1296,.T.);
#1296 = EDGE_CURVE('',#1269,#1297,#1299,.T.);
#1297 = VERTEX_POINT('',#1298);
#1298 = CARTESIAN_POINT('',(28.379151421263,-18.35929640833,69.3));
#1299 = SURFACE_CURVE('',#1300,(#1304,#1311),.PCURVE_S1.);
#1300 = LINE('',#1301,#1302);
#1301 = CARTESIAN_POINT('',(29.341460122918,-16.77851953705,69.3));
#1302 = VECTOR('',#1303,1.);
#1303 = DIRECTION('',(-0.519985069581,-0.854175349336,0.));
#1304 = PCURVE('',#206,#1305);
#1305 = DEFINITIONAL_REPRESENTATION('',(#1306),#1310);
#1306 = LINE('',#1307,#1308);
#1307 = CARTESIAN_POINT('',(-0.890871270427,-5.565238139961));
#1308 = VECTOR('',#1309,1.);
#1309 = DIRECTION('',(-0.519985069581,-0.854175349336));
#1310 = ( GEOMETRIC_REPRESENTATION_CONTEXT(2) 
PARAMETRIC_REPRESENTATION_CONTEXT() REPRESENTATION_CONTEXT('2D SPACE',''
  ) );
#1311 = PCURVE('',#1312,#1317);
#1312 = PLANE('',#1313);
#1313 = AXIS2_PLACEMENT_3D('',#1314,#1315,#1316);
#1314 = CARTESIAN_POINT('',(29.341460122918,-16.77851953705,68.3));
#1315 = DIRECTION('',(0.854175349336,-0.519985069581,0.));
#1316 = DIRECTION('',(-0.519985069581,-0.854175349336,0.));
#1317 = DEFINITIONAL_REPRESENTATION('',(#1318),#1322);
#1318 = LINE('',#1319,#1320);
#1319 = CARTESIAN_POINT('',(0.,-1.));
#1320 = VECTOR('',#1321,1.);
#1321 = DIRECTION('',(1.,0.));
#1322 = ( GEOMETRIC_REPRESENTATION_CONTEXT(2) 
PARAMETRIC_REPRESENTATION_CONTEXT() REPRESENTATION_CONTEXT('2D SPACE',''
  ) );
#1323 = ORIENTED_EDGE('',*,*,#1324,.T.);
#1324 = EDGE_CURVE('',#1297,#1325,#1327,.T.);
#1325 = VERTEX_POINT('',#1326);
#1326 = CARTESIAN_POINT('',(27.331765540262,-19.88503438398,69.3));
#1327 = SURFACE_CURVE('',#1328,(#1332,#1339),.PCURVE_S1.);
#1328 = LINE('',#1329,#1330);
#1329 = CARTESIAN_POINT('',(28.379151421263,-18.35929640833,69.3));
#1330 = VECTOR('',#1331,1.);
#1331 = DIRECTION('',(-0.565956661593,-0.824434992706,0.));
#1332 = PCURVE('',#206,#1333);
#1333 = DEFINITIONAL_REPRESENTATION('',(#1334),#1338);
#1334 = LINE('',#1335,#1336);
#1335 = CARTESIAN_POINT('',(-1.853179972082,-7.146015011242));
#1336 = VECTOR('',#1337,1.);
#1337 = DIRECTION('',(-0.565956661593,-0.824434992706));
#1338 = ( GEOMETRIC_REPRESENTATION_CONTEXT(2) 
PARAMETRIC_REPRESENTATION_CONTEXT() REPRESENTATION_CONTEXT('2D SPACE',''
  ) );
#1339 = PCURVE('',#1340,#1345);
#1340 = PLANE('',#1341);
#1341 = AXIS2_PLACEMENT_3D('',#1342,#1343,#1344);
#1342 = CARTESIAN_POINT('',(28.379151421263,-18.35929640833,68.3));
#1343 = DIRECTION('',(0.824434992706,-0.565956661593,0.));
#1344 = DIRECTION('',(-0.565956661593,-0.824434992706,0.));
#1345 = DEFINITIONAL_REPRESENTATION('',(#1346),#1350);
#1346 = LINE('',#1347,#1348);
#1347 = CARTESIAN_POINT('',(0.,-1.));
#1348 = VECTOR('',#1349,1.);
#1349 = DIRECTION('',(1.,0.));
#1350 = ( GEOMETRIC_REPRESENTATION_CONTEXT(2) 
PARAMETRIC_REPRESENTATION_CONTEXT() REPRESENTATION_CONTEXT('2D SPACE',''
  ) );
#1351 = ORIENTED_EDGE('',*,*,#1352,.T.);
#1352 = EDGE_CURVE('',#1325,#1353,#1355,.T.);
#1353 = VERTEX_POINT('',#1354);
#1354 = CARTESIAN_POINT('',(26.202442412999,-21.35115949061,69.3));
#1355 = SURFACE_CURVE('',#1356,(#1360,#1367),.PCURVE_S1.);
#1356 = LINE('',#1357,#1358);
#1357 = CARTESIAN_POINT('',(27.331765540262,-19.88503438398,69.3));
#1358 = VECTOR('',#1359,1.);
#1359 = DIRECTION('',(-0.610231585664,-0.792223082129,0.));
#1360 = PCURVE('',#206,#1361);
#1361 = DEFINITIONAL_REPRESENTATION('',(#1362),#1366);
#1362 = LINE('',#1363,#1364);
#1363 = CARTESIAN_POINT('',(-2.900565853083,-8.671752986891));
#1364 = VECTOR('',#1365,1.);
#1365 = DIRECTION('',(-0.610231585664,-0.792223082129));
#1366 = ( GEOMETRIC_REPRESENTATION_CONTEXT(2) 
PARAMETRIC_REPRESENTATION_CONTEXT() REPRESENTATION_CONTEXT('2D SPACE',''
  ) );
#1367 = PCURVE('',#1368,#1373);
#1368 = PLANE('',#1369);
#1369 = AXIS2_PLACEMENT_3D('',#1370,#1371,#1372);
#1370 = CARTESIAN_POINT('',(27.331765540262,-19.88503438398,68.3));
#1371 = DIRECTION('',(0.792223082129,-0.610231585664,0.));
#1372 = DIRECTION('',(-0.610231585664,-0.792223082129,0.));
#1373 = DEFINITIONAL_REPRESENTATION('',(#1374),#1378);
#1374 = LINE('',#1375,#1376);
#1375 = CARTESIAN_POINT('',(0.,-1.));
#1376 = VECTOR('',#1377,1.);
#1377 = DIRECTION('',(1.,0.));
#1378 = ( GEOMETRIC_REPRESENTATION_CONTEXT(2) 
PARAMETRIC_REPRESENTATION_CONTEXT() REPRESENTATION_CONTEXT('2D SPACE',''
  ) );
#1379 = ORIENTED_EDGE('',*,*,#1380,.T.);
#1380 = EDGE_CURVE('',#1353,#1381,#1383,.T.);
#1381 = VERTEX_POINT('',#1382);
#1382 = CARTESIAN_POINT('',(24.994567610268,-22.75327646682,69.3));
#1383 = SURFACE_CURVE('',#1384,(#1388,#1395),.PCURVE_S1.);
#1384 = LINE('',#1385,#1386);
#1385 = CARTESIAN_POINT('',(26.202442412999,-21.35115949061,69.3));
#1386 = VECTOR('',#1387,1.);
#1387 = DIRECTION('',(-0.652677111059,-0.75763618492,0.));
#1388 = PCURVE('',#206,#1389);
#1389 = DEFINITIONAL_REPRESENTATION('',(#1390),#1394);
#1390 = LINE('',#1391,#1392);
#1391 = CARTESIAN_POINT('',(-4.029888980346,-10.13787809351));
#1392 = VECTOR('',#1393,1.);
#1393 = DIRECTION('',(-0.652677111059,-0.75763618492));
#1394 = ( GEOMETRIC_REPRESENTATION_CONTEXT(2) 
PARAMETRIC_REPRESENTATION_CONTEXT() REPRESENTATION_CONTEXT('2D SPACE',''
  ) );
#1395 = PCURVE('',#1396,#1401);
#1396 = PLANE('',#1397);
#1397 = AXIS2_PLACEMENT_3D('',#1398,#1399,#1400);
#1398 = CARTESIAN_POINT('',(26.202442412999,-21.35115949061,68.3));
#1399 = DIRECTION('',(0.75763618492,-0.652677111059,0.));
#1400 = DIRECTION('',(-0.652677111059,-0.75763618492,0.));
#1401 = DEFINITIONAL_REPRESENTATION('',(#1402),#1406);
#1402 = LINE('',#1403,#1404);
#1403 = CARTESIAN_POINT('',(0.,-1.));
#1404 = VECTOR('',#1405,1.);
#1405 = DIRECTION('',(1.,0.));
#1406 = ( GEOMETRIC_REPRESENTATION_CONTEXT(2) 
PARAMETRIC_REPRESENTATION_CONTEXT() REPRESENTATION_CONTEXT('2D SPACE',''
  ) );
#1407 = ORIENTED_EDGE('',*,*,#1408,.T.);
#1408 = EDGE_CURVE('',#1381,#1409,#1411,.T.);
#1409 = VERTEX_POINT('',#1410);
#1410 = CARTESIAN_POINT('',(23.711762191055,-24.08718193967,69.3));
#1411 = SURFACE_CURVE('',#1412,(#1416,#1423),.PCURVE_S1.);
#1412 = LINE('',#1413,#1414);
#1413 = CARTESIAN_POINT('',(24.994567610268,-22.75327646682,69.3));
#1414 = VECTOR('',#1415,1.);
#1415 = DIRECTION('',(-0.693165991351,-0.720777988311,0.));
#1416 = PCURVE('',#206,#1417);
#1417 = DEFINITIONAL_REPRESENTATION('',(#1418),#1422);
#1418 = LINE('',#1419,#1420);
#1419 = CARTESIAN_POINT('',(-5.237763783077,-11.53999506973));
#1420 = VECTOR('',#1421,1.);
#1421 = DIRECTION('',(-0.693165991351,-0.720777988311));
#1422 = ( GEOMETRIC_REPRESENTATION_CONTEXT(2) 
PARAMETRIC_REPRESENTATION_CONTEXT() REPRESENTATION_CONTEXT('2D SPACE',''
  ) );
#1423 = PCURVE('',#1424,#1429);
#1424 = PLANE('',#1425);
#1425 = AXIS2_PLACEMENT_3D('',#1426,#1427,#1428);
#1426 = CARTESIAN_POINT('',(24.994567610268,-22.75327646682,68.3));
#1427 = DIRECTION('',(0.720777988311,-0.693165991351,0.));
#1428 = DIRECTION('',(-0.693165991351,-0.720777988311,0.));
#1429 = DEFINITIONAL_REPRESENTATION('',(#1430),#1434);
#1430 = LINE('',#1431,#1432);
#1431 = CARTESIAN_POINT('',(0.,-1.));
#1432 = VECTOR('',#1433,1.);
#1433 = DIRECTION('',(1.,0.));
#1434 = ( GEOMETRIC_REPRESENTATION_CONTEXT(2) 
PARAMETRIC_REPRESENTATION_CONTEXT() REPRESENTATION_CONTEXT('2D SPACE',''
  ) );
#1435 = ORIENTED_EDGE('',*,*,#1436,.T.);
#1436 = EDGE_CURVE('',#1409,#1437,#1439,.T.);
#1437 = VERTEX_POINT('',#1438);
#1438 = CARTESIAN_POINT('',(22.357871847046,-25.34887702583,69.3));
#1439 = SURFACE_CURVE('',#1440,(#1444,#1451),.PCURVE_S1.);
#1440 = LINE('',#1441,#1442);
#1441 = CARTESIAN_POINT('',(23.711762191055,-24.08718193967,69.3));
#1442 = VECTOR('',#1443,1.);
#1443 = DIRECTION('',(-0.731576845896,-0.681758988609,0.));
#1444 = PCURVE('',#206,#1445);
#1445 = DEFINITIONAL_REPRESENTATION('',(#1446),#1450);
#1446 = LINE('',#1447,#1448);
#1447 = CARTESIAN_POINT('',(-6.52056920229,-12.87390054258));
#1448 = VECTOR('',#1449,1.);
#1449 = DIRECTION('',(-0.731576845896,-0.681758988609));
#1450 = ( GEOMETRIC_REPRESENTATION_CONTEXT(2) 
PARAMETRIC_REPRESENTATION_CONTEXT() REPRESENTATION_CONTEXT('2D SPACE',''
  ) );
#1451 = PCURVE('',#1452,#1457);
#1452 = PLANE('',#1453);
#1453 = AXIS2_PLACEMENT_3D('',#1454,#1455,#1456);
#1454 = CARTESIAN_POINT('',(23.711762191055,-24.08718193967,68.3));
#1455 = DIRECTION('',(0.681758988609,-0.731576845896,0.));
#1456 = DIRECTION('',(-0.731576845896,-0.681758988609,0.));
#1457 = DEFINITIONAL_REPRESENTATION('',(#1458),#1462);
#1458 = LINE('',#1459,#1460);
#1459 = CARTESIAN_POINT('',(0.,-1.));
#1460 = VECTOR('',#1461,1.);
#1461 = DIRECTION('',(1.,0.));
#1462 = ( GEOMETRIC_REPRESENTATION_CONTEXT(2) 
PARAMETRIC_REPRESENTATION_CONTEXT() REPRESENTATION_CONTEXT('2D SPACE',''
  ) );
#1463 = ORIENTED_EDGE('',*,*,#1464,.T.);
#1464 = EDGE_CURVE('',#1437,#1465,#1467,.T.);
#1465 = VERTEX_POINT('',#1466);
#1466 = CARTESIAN_POINT('',(20.936955373724,-26.53457931979,69.3));
#1467 = SURFACE_CURVE('',#1468,(#1472,#1479),.PCURVE_S1.);
#1468 = LINE('',#1469,#1470);
#1469 = CARTESIAN_POINT('',(22.357871847046,-25.34887702583,69.3));
#1470 = VECTOR('',#1471,1.);
#1471 = DIRECTION('',(-0.76779452371,-0.64069615994,0.));
#1472 = PCURVE('',#206,#1473);
#1473 = DEFINITIONAL_REPRESENTATION('',(#1474),#1478);
#1474 = LINE('',#1475,#1476);
#1475 = CARTESIAN_POINT('',(-7.874459546299,-14.13559562874));
#1476 = VECTOR('',#1477,1.);
#1477 = DIRECTION('',(-0.76779452371,-0.64069615994));
#1478 = ( GEOMETRIC_REPRESENTATION_CONTEXT(2) 
PARAMETRIC_REPRESENTATION_CONTEXT() REPRESENTATION_CONTEXT('2D SPACE',''
  ) );
#1479 = PCURVE('',#1480,#1485);
#1480 = PLANE('',#1481);
#1481 = AXIS2_PLACEMENT_3D('',#1482,#1483,#1484);
#1482 = CARTESIAN_POINT('',(22.357871847046,-25.34887702583,68.3));
#1483 = DIRECTION('',(0.64069615994,-0.76779452371,0.));
#1484 = DIRECTION('',(-0.76779452371,-0.64069615994,0.));
#1485 = DEFINITIONAL_REPRESENTATION('',(#1486),#1490);
#1486 = LINE('',#1487,#1488);
#1487 = CARTESIAN_POINT('',(0.,-1.));
#1488 = VECTOR('',#1489,1.);
#1489 = DIRECTION('',(1.,0.));
#1490 = ( GEOMETRIC_REPRESENTATION_CONTEXT(2) 
PARAMETRIC_REPRESENTATION_CONTEXT() REPRESENTATION_CONTEXT('2D SPACE',''
  ) );
#1491 = ORIENTED_EDGE('',*,*,#1492,.T.);
#1492 = EDGE_CURVE('',#1465,#1493,#1495,.T.);
#1493 = VERTEX_POINT('',#1494);
#1494 = CARTESIAN_POINT('',(19.453272502604,-27.640734233,69.3));
#1495 = SURFACE_CURVE('',#1496,(#1500,#1507),.PCURVE_S1.);
#1496 = LINE('',#1497,#1498);
#1497 = CARTESIAN_POINT('',(20.936955373724,-26.53457931979,69.3));
#1498 = VECTOR('',#1499,1.);
#1499 = DIRECTION('',(-0.801710448683,-0.597712603575,0.));
#1500 = PCURVE('',#206,#1501);
#1501 = DEFINITIONAL_REPRESENTATION('',(#1502),#1506);
#1502 = LINE('',#1503,#1504);
#1503 = CARTESIAN_POINT('',(-9.295376019621,-15.3212979227));
#1504 = VECTOR('',#1505,1.);
#1505 = DIRECTION('',(-0.801710448683,-0.597712603575));
#1506 = ( GEOMETRIC_REPRESENTATION_CONTEXT(2) 
PARAMETRIC_REPRESENTATION_CONTEXT() REPRESENTATION_CONTEXT('2D SPACE',''
  ) );
#1507 = PCURVE('',#1508,#1513);
#1508 = PLANE('',#1509);
#1509 = AXIS2_PLACEMENT_3D('',#1510,#1511,#1512);
#1510 = CARTESIAN_POINT('',(20.936955373724,-26.53457931979,68.3));
#1511 = DIRECTION('',(0.597712603575,-0.801710448683,0.));
#1512 = DIRECTION('',(-0.801710448683,-0.597712603575,0.));
#1513 = DEFINITIONAL_REPRESENTATION('',(#1514),#1518);
#1514 = LINE('',#1515,#1516);
#1515 = CARTESIAN_POINT('',(0.,-1.));
#1516 = VECTOR('',#1517,1.);
#1517 = DIRECTION('',(1.,0.));
#1518 = ( GEOMETRIC_REPRESENTATION_CONTEXT(2) 
PARAMETRIC_REPRESENTATION_CONTEXT() REPRESENTATION_CONTEXT('2D SPACE',''
  ) );
#1519 = ORIENTED_EDGE('',*,*,#1520,.T.);
#1520 = EDGE_CURVE('',#1493,#829,#1521,.T.);
#1521 = SURFACE_CURVE('',#1522,(#1526,#1533),.PCURVE_S1.);
#1522 = LINE('',#1523,#1524);
#1523 = CARTESIAN_POINT('',(19.453272502604,-27.640734233,69.3));
#1524 = VECTOR('',#1525,1.);
#1525 = DIRECTION('',(-0.833222945076,-0.552937178891,0.));
#1526 = PCURVE('',#206,#1527);
#1527 = DEFINITIONAL_REPRESENTATION('',(#1528),#1532);
#1528 = LINE('',#1529,#1530);
#1529 = CARTESIAN_POINT('',(-10.77905889074,-16.42745283591));
#1530 = VECTOR('',#1531,1.);
#1531 = DIRECTION('',(-0.833222945076,-0.552937178891));
#1532 = ( GEOMETRIC_REPRESENTATION_CONTEXT(2) 
PARAMETRIC_REPRESENTATION_CONTEXT() REPRESENTATION_CONTEXT('2D SPACE',''
  ) );
#1533 = PCURVE('',#1534,#1539);
#1534 = PLANE('',#1535);
#1535 = AXIS2_PLACEMENT_3D('',#1536,#1537,#1538);
#1536 = CARTESIAN_POINT('',(19.453272502604,-27.640734233,68.3));
#1537 = DIRECTION('',(0.552937178891,-0.833222945076,0.));
#1538 = DIRECTION('',(-0.833222945076,-0.552937178891,0.));
#1539 = DEFINITIONAL_REPRESENTATION('',(#1540),#1544);
#1540 = LINE('',#1541,#1542);
#1541 = CARTESIAN_POINT('',(0.,-1.));
#1542 = VECTOR('',#1543,1.);
#1543 = DIRECTION('',(1.,0.));
#1544 = ( GEOMETRIC_REPRESENTATION_CONTEXT(2) 
PARAMETRIC_REPRESENTATION_CONTEXT() REPRESENTATION_CONTEXT('2D SPACE',''
  ) );
#1545 = ADVANCED_FACE('',(#1546),#95,.T.);
#1546 = FACE_BOUND('',#1547,.T.);
#1547 = EDGE_LOOP('',(#1548,#1569,#1597,#1618,#1619));
#1548 = ORIENTED_EDGE('',*,*,#1549,.F.);
#1549 = EDGE_CURVE('',#1550,#708,#1552,.T.);
#1550 = VERTEX_POINT('',#1551);
#1551 = CARTESIAN_POINT('',(-30.02447480544,16.803915833595,70.5));
#1552 = SURFACE_CURVE('',#1553,(#1557,#1563),.PCURVE_S1.);
#1553 = LINE('',#1554,#1555);
#1554 = CARTESIAN_POINT('',(-14.54522893277,12.65626440257,70.5));
#1555 = VECTOR('',#1556,1.);
#1556 = DIRECTION('',(-0.965925826289,0.258819045103,0.));
#1557 = PCURVE('',#95,#1558);
#1558 = DEFINITIONAL_REPRESENTATION('',(#1559),#1562);
#1559 = B_SPLINE_CURVE_WITH_KNOTS('',1,(#1560,#1561),.UNSPECIFIED.,.F.,
  .F.,(2,2),(16.025294542688,17.325294542688),.PIECEWISE_BEZIER_KNOTS.);
#1560 = CARTESIAN_POINT('',(1.2,1.3));
#1561 = CARTESIAN_POINT('',(1.2,0.));
#1562 = ( GEOMETRIC_REPRESENTATION_CONTEXT(2) 
PARAMETRIC_REPRESENTATION_CONTEXT() REPRESENTATION_CONTEXT('2D SPACE',''
  ) );
#1563 = PCURVE('',#813,#1564);
#1564 = DEFINITIONAL_REPRESENTATION('',(#1565),#1568);
#1565 = B_SPLINE_CURVE_WITH_KNOTS('',1,(#1566,#1567),.UNSPECIFIED.,.F.,
  .F.,(2,2),(16.025294542688,17.325294542688),.PIECEWISE_BEZIER_KNOTS.);
#1566 = CARTESIAN_POINT('',(-30.02447480544,16.803915833595));
#1567 = CARTESIAN_POINT('',(-31.28017837961,17.140380592229));
#1568 = ( GEOMETRIC_REPRESENTATION_CONTEXT(2) 
PARAMETRIC_REPRESENTATION_CONTEXT() REPRESENTATION_CONTEXT('2D SPACE',''
  ) );
#1569 = ORIENTED_EDGE('',*,*,#1570,.F.);
#1570 = EDGE_CURVE('',#1571,#1550,#1573,.T.);
#1571 = VERTEX_POINT('',#1572);
#1572 = CARTESIAN_POINT('',(-30.02447480544,16.803915833595,69.3));
#1573 = SURFACE_CURVE('',#1574,(#1578,#1585),.PCURVE_S1.);
#1574 = LINE('',#1575,#1576);
#1575 = CARTESIAN_POINT('',(-30.02447480544,16.803915833595,69.3));
#1576 = VECTOR('',#1577,1.);
#1577 = DIRECTION('',(0.,0.,1.));
#1578 = PCURVE('',#95,#1579);
#1579 = DEFINITIONAL_REPRESENTATION('',(#1580),#1584);
#1580 = LINE('',#1581,#1582);
#1581 = CARTESIAN_POINT('',(0.,1.3));
#1582 = VECTOR('',#1583,1.);
#1583 = DIRECTION('',(1.,0.));
#1584 = ( GEOMETRIC_REPRESENTATION_CONTEXT(2) 
PARAMETRIC_REPRESENTATION_CONTEXT() REPRESENTATION_CONTEXT('2D SPACE',''
  ) );
#1585 = PCURVE('',#1586,#1591);
#1586 = PLANE('',#1587);
#1587 = AXIS2_PLACEMENT_3D('',#1588,#1589,#1590);
#1588 = CARTESIAN_POINT('',(-30.02447480544,16.803915833595,69.3));
#1589 = DIRECTION('',(0.965925826289,-0.258819045103,0.));
#1590 = DIRECTION('',(0.,0.,1.));
#1591 = DEFINITIONAL_REPRESENTATION('',(#1592),#1596);
#1592 = LINE('',#1593,#1594);
#1593 = CARTESIAN_POINT('',(0.,0.));
#1594 = VECTOR('',#1595,1.);
#1595 = DIRECTION('',(1.,0.));
#1596 = ( GEOMETRIC_REPRESENTATION_CONTEXT(2) 
PARAMETRIC_REPRESENTATION_CONTEXT() REPRESENTATION_CONTEXT('2D SPACE',''
  ) );
#1597 = ORIENTED_EDGE('',*,*,#1598,.F.);
#1598 = EDGE_CURVE('',#81,#1571,#1599,.T.);
#1599 = SURFACE_CURVE('',#1600,(#1604,#1611),.PCURVE_S1.);
#1600 = LINE('',#1601,#1602);
#1601 = CARTESIAN_POINT('',(-31.28017837961,17.140380592229,69.3));
#1602 = VECTOR('',#1603,1.);
#1603 = DIRECTION('',(0.965925826289,-0.258819045103,0.));
#1604 = PCURVE('',#95,#1605);
#1605 = DEFINITIONAL_REPRESENTATION('',(#1606),#1610);
#1606 = LINE('',#1607,#1608);
#1607 = CARTESIAN_POINT('',(0.,0.));
#1608 = VECTOR('',#1609,1.);
#1609 = DIRECTION('',(0.,1.));
#1610 = ( GEOMETRIC_REPRESENTATION_CONTEXT(2) 
PARAMETRIC_REPRESENTATION_CONTEXT() REPRESENTATION_CONTEXT('2D SPACE',''
  ) );
#1611 = PCURVE('',#123,#1612);
#1612 = DEFINITIONAL_REPRESENTATION('',(#1613),#1617);
#1613 = LINE('',#1614,#1615);
#1614 = CARTESIAN_POINT('',(0.,0.));
#1615 = VECTOR('',#1616,1.);
#1616 = DIRECTION('',(1.,0.));
#1617 = ( GEOMETRIC_REPRESENTATION_CONTEXT(2) 
PARAMETRIC_REPRESENTATION_CONTEXT() REPRESENTATION_CONTEXT('2D SPACE',''
  ) );
#1618 = ORIENTED_EDGE('',*,*,#80,.T.);
#1619 = ORIENTED_EDGE('',*,*,#707,.T.);
#1620 = ADVANCED_FACE('',(#1621),#670,.T.);
#1621 = FACE_BOUND('',#1622,.T.);
#1622 = EDGE_LOOP('',(#1623,#1624,#1646,#1674,#1695));
#1623 = ORIENTED_EDGE('',*,*,#654,.F.);
#1624 = ORIENTED_EDGE('',*,*,#1625,.T.);
#1625 = EDGE_CURVE('',#631,#1626,#1628,.T.);
#1626 = VERTEX_POINT('',#1627);
#1627 = CARTESIAN_POINT('',(17.911271131082,-28.66402565008,67.5));
#1628 = SURFACE_CURVE('',#1629,(#1633,#1640),.PCURVE_S1.);
#1629 = LINE('',#1630,#1631);
#1630 = CARTESIAN_POINT('',(8.955635565541,-14.33201282504,67.5));
#1631 = VECTOR('',#1632,1.);
#1632 = DIRECTION('',(-0.529919264233,0.848048096156,0.));
#1633 = PCURVE('',#670,#1634);
#1634 = DEFINITIONAL_REPRESENTATION('',(#1635),#1639);
#1635 = LINE('',#1636,#1637);
#1636 = CARTESIAN_POINT('',(-16.9,0.8));
#1637 = VECTOR('',#1638,1.);
#1638 = DIRECTION('',(-1.,-0.));
#1639 = ( GEOMETRIC_REPRESENTATION_CONTEXT(2) 
PARAMETRIC_REPRESENTATION_CONTEXT() REPRESENTATION_CONTEXT('2D SPACE',''
  ) );
#1640 = PCURVE('',#318,#1641);
#1641 = DEFINITIONAL_REPRESENTATION('',(#1642),#1645);
#1642 = B_SPLINE_CURVE_WITH_KNOTS('',1,(#1643,#1644),.UNSPECIFIED.,.F.,
  .F.,(2,2),(-19.1,-16.9),.PIECEWISE_BEZIER_KNOTS.);
#1643 = CARTESIAN_POINT('',(19.077093512395,-30.52973146163));
#1644 = CARTESIAN_POINT('',(17.911271131082,-28.66402565008));
#1645 = ( GEOMETRIC_REPRESENTATION_CONTEXT(2) 
PARAMETRIC_REPRESENTATION_CONTEXT() REPRESENTATION_CONTEXT('2D SPACE',''
  ) );
#1646 = ORIENTED_EDGE('',*,*,#1647,.T.);
#1647 = EDGE_CURVE('',#1626,#1648,#1650,.T.);
#1648 = VERTEX_POINT('',#1649);
#1649 = CARTESIAN_POINT('',(17.911271131082,-28.66402565008,68.3));
#1650 = SURFACE_CURVE('',#1651,(#1655,#1662),.PCURVE_S1.);
#1651 = LINE('',#1652,#1653);
#1652 = CARTESIAN_POINT('',(17.911271131082,-28.66402565008,66.5));
#1653 = VECTOR('',#1654,1.);
#1654 = DIRECTION('',(0.,0.,1.));
#1655 = PCURVE('',#670,#1656);
#1656 = DEFINITIONAL_REPRESENTATION('',(#1657),#1661);
#1657 = LINE('',#1658,#1659);
#1658 = CARTESIAN_POINT('',(0.,1.8));
#1659 = VECTOR('',#1660,1.);
#1660 = DIRECTION('',(0.,-1.));
#1661 = ( GEOMETRIC_REPRESENTATION_CONTEXT(2) 
PARAMETRIC_REPRESENTATION_CONTEXT() REPRESENTATION_CONTEXT('2D SPACE',''
  ) );
#1662 = PCURVE('',#1663,#1668);
#1663 = PLANE('',#1664);
#1664 = AXIS2_PLACEMENT_3D('',#1665,#1666,#1667);
#1665 = CARTESIAN_POINT('',(18.655470103548,-28.18534078587,66.5));
#1666 = DIRECTION('',(0.540974471368,-0.841039012964,0.));
#1667 = DIRECTION('',(-0.841039012964,-0.540974471368,0.));
#1668 = DEFINITIONAL_REPRESENTATION('',(#1669),#1673);
#1669 = LINE('',#1670,#1671);
#1670 = CARTESIAN_POINT('',(0.884856660623,0.));
#1671 = VECTOR('',#1672,1.);
#1672 = DIRECTION('',(0.,-1.));
#1673 = ( GEOMETRIC_REPRESENTATION_CONTEXT(2) 
PARAMETRIC_REPRESENTATION_CONTEXT() REPRESENTATION_CONTEXT('2D SPACE',''
  ) );
#1674 = ORIENTED_EDGE('',*,*,#1675,.T.);
#1675 = EDGE_CURVE('',#1648,#829,#1676,.T.);
#1676 = SURFACE_CURVE('',#1677,(#1681,#1688),.PCURVE_S1.);
#1677 = LINE('',#1678,#1679);
#1678 = CARTESIAN_POINT('',(17.911271131082,-28.66402565008,68.3));
#1679 = VECTOR('',#1680,1.);
#1680 = DIRECTION('',(0.,0.,1.));
#1681 = PCURVE('',#670,#1682);
#1682 = DEFINITIONAL_REPRESENTATION('',(#1683),#1687);
#1683 = LINE('',#1684,#1685);
#1684 = CARTESIAN_POINT('',(0.,0.));
#1685 = VECTOR('',#1686,1.);
#1686 = DIRECTION('',(0.,-1.));
#1687 = ( GEOMETRIC_REPRESENTATION_CONTEXT(2) 
PARAMETRIC_REPRESENTATION_CONTEXT() REPRESENTATION_CONTEXT('2D SPACE',''
  ) );
#1688 = PCURVE('',#1534,#1689);
#1689 = DEFINITIONAL_REPRESENTATION('',(#1690),#1694);
#1690 = LINE('',#1691,#1692);
#1691 = CARTESIAN_POINT('',(1.850646793437,0.));
#1692 = VECTOR('',#1693,1.);
#1693 = DIRECTION('',(0.,-1.));
#1694 = ( GEOMETRIC_REPRESENTATION_CONTEXT(2) 
PARAMETRIC_REPRESENTATION_CONTEXT() REPRESENTATION_CONTEXT('2D SPACE',''
  ) );
#1695 = ORIENTED_EDGE('',*,*,#828,.T.);
#1696 = ADVANCED_FACE('',(#1697),#123,.T.);
#1697 = FACE_BOUND('',#1698,.T.);
#1698 = EDGE_LOOP('',(#1699,#1722,#1723,#1724));
#1699 = ORIENTED_EDGE('',*,*,#1700,.F.);
#1700 = EDGE_CURVE('',#107,#1701,#1703,.T.);
#1701 = VERTEX_POINT('',#1702);
#1702 = CARTESIAN_POINT('',(-29.6880100468,18.059619407771,69.3));
#1703 = SURFACE_CURVE('',#1704,(#1708,#1715),.PCURVE_S1.);
#1704 = LINE('',#1705,#1706);
#1705 = CARTESIAN_POINT('',(-30.94371362098,18.396084166405,69.3));
#1706 = VECTOR('',#1707,1.);
#1707 = DIRECTION('',(0.965925826289,-0.258819045103,0.));
#1708 = PCURVE('',#123,#1709);
#1709 = DEFINITIONAL_REPRESENTATION('',(#1710),#1714);
#1710 = LINE('',#1711,#1712);
#1711 = CARTESIAN_POINT('',(0.,1.3));
#1712 = VECTOR('',#1713,1.);
#1713 = DIRECTION('',(1.,0.));
#1714 = ( GEOMETRIC_REPRESENTATION_CONTEXT(2) 
PARAMETRIC_REPRESENTATION_CONTEXT() REPRESENTATION_CONTEXT('2D SPACE',''
  ) );
#1715 = PCURVE('',#150,#1716);
#1716 = DEFINITIONAL_REPRESENTATION('',(#1717),#1721);
#1717 = LINE('',#1718,#1719);
#1718 = CARTESIAN_POINT('',(0.,0.));
#1719 = VECTOR('',#1720,1.);
#1720 = DIRECTION('',(0.,1.));
#1721 = ( GEOMETRIC_REPRESENTATION_CONTEXT(2) 
PARAMETRIC_REPRESENTATION_CONTEXT() REPRESENTATION_CONTEXT('2D SPACE',''
  ) );
#1722 = ORIENTED_EDGE('',*,*,#106,.T.);
#1723 = ORIENTED_EDGE('',*,*,#1598,.T.);
#1724 = ORIENTED_EDGE('',*,*,#1725,.T.);
#1725 = EDGE_CURVE('',#1571,#1701,#1726,.T.);
#1726 = SURFACE_CURVE('',#1727,(#1731,#1738),.PCURVE_S1.);
#1727 = LINE('',#1728,#1729);
#1728 = CARTESIAN_POINT('',(-30.02447480544,16.803915833595,69.3));
#1729 = VECTOR('',#1730,1.);
#1730 = DIRECTION('',(0.258819045103,0.965925826289,0.));
#1731 = PCURVE('',#123,#1732);
#1732 = DEFINITIONAL_REPRESENTATION('',(#1733),#1737);
#1733 = LINE('',#1734,#1735);
#1734 = CARTESIAN_POINT('',(1.3,0.));
#1735 = VECTOR('',#1736,1.);
#1736 = DIRECTION('',(0.,1.));
#1737 = ( GEOMETRIC_REPRESENTATION_CONTEXT(2) 
PARAMETRIC_REPRESENTATION_CONTEXT() REPRESENTATION_CONTEXT('2D SPACE',''
  ) );
#1738 = PCURVE('',#1586,#1739);
#1739 = DEFINITIONAL_REPRESENTATION('',(#1740),#1744);
#1740 = LINE('',#1741,#1742);
#1741 = CARTESIAN_POINT('',(0.,0.));
#1742 = VECTOR('',#1743,1.);
#1743 = DIRECTION('',(0.,-1.));
#1744 = ( GEOMETRIC_REPRESENTATION_CONTEXT(2) 
PARAMETRIC_REPRESENTATION_CONTEXT() REPRESENTATION_CONTEXT('2D SPACE',''
  ) );
#1745 = ADVANCED_FACE('',(#1746,#3749),#318,.F.);
#1746 = FACE_BOUND('',#1747,.F.);
#1747 = EDGE_LOOP('',(#1748,#1776,#1795,#1796,#1818,#1844,#1870,#1896,
    #1922,#1948,#1974,#2000,#2026,#2052,#2078,#2104,#2130,#2156,#2182,
    #2208,#2234,#2260,#2286,#2312,#2338,#2364,#2390,#2416,#2442,#2461,
    #2462,#2463,#2484,#2510,#2536,#2562,#2588,#2614,#2640,#2666,#2692,
    #2718,#2744,#2770,#2796,#2822,#2848,#2874,#2900,#2926,#2952,#2978,
    #3004,#3030,#3056,#3082,#3108,#3130,#3131,#3153,#3179,#3205,#3231,
    #3257,#3283,#3309,#3335,#3361,#3387,#3413,#3439,#3465,#3491,#3517,
    #3543,#3569,#3595,#3621,#3647,#3673,#3699,#3725));
#1748 = ORIENTED_EDGE('',*,*,#1749,.T.);
#1749 = EDGE_CURVE('',#1750,#1752,#1754,.T.);
#1750 = VERTEX_POINT('',#1751);
#1751 = CARTESIAN_POINT('',(-3.826268625355,33.582728721869,67.5));
#1752 = VERTEX_POINT('',#1753);
#1753 = CARTESIAN_POINT('',(-4.70405081245,33.471060723465,67.5));
#1754 = SURFACE_CURVE('',#1755,(#1759,#1765),.PCURVE_S1.);
#1755 = LINE('',#1756,#1757);
#1756 = CARTESIAN_POINT('',(-4.484605265677,33.498977723066,67.5));
#1757 = VECTOR('',#1758,1.);
#1758 = DIRECTION('',(-0.99200494968,-0.126198969136,0.));
#1759 = PCURVE('',#318,#1760);
#1760 = DEFINITIONAL_REPRESENTATION('',(#1761),#1764);
#1761 = B_SPLINE_CURVE_WITH_KNOTS('',1,(#1762,#1763),.UNSPECIFIED.,.F.,
  .F.,(2,2),(-0.663642495467,0.221214165156),.PIECEWISE_BEZIER_KNOTS.);
#1762 = CARTESIAN_POINT('',(-3.826268625355,33.582728721869));
#1763 = CARTESIAN_POINT('',(-4.70405081245,33.471060723465));
#1764 = ( GEOMETRIC_REPRESENTATION_CONTEXT(2) 
PARAMETRIC_REPRESENTATION_CONTEXT() REPRESENTATION_CONTEXT('2D SPACE',''
  ) );
#1765 = PCURVE('',#1766,#1771);
#1766 = PLANE('',#1767);
#1767 = AXIS2_PLACEMENT_3D('',#1768,#1769,#1770);
#1768 = CARTESIAN_POINT('',(-4.70405081245,33.471060723465,66.5));
#1769 = DIRECTION('',(-0.126198969136,0.99200494968,0.));
#1770 = DIRECTION('',(0.99200494968,0.126198969136,0.));
#1771 = DEFINITIONAL_REPRESENTATION('',(#1772),#1775);
#1772 = B_SPLINE_CURVE_WITH_KNOTS('',1,(#1773,#1774),.UNSPECIFIED.,.F.,
  .F.,(2,2),(-0.663642495467,0.221214165156),.PIECEWISE_BEZIER_KNOTS.);
#1773 = CARTESIAN_POINT('',(0.884856660623,-1.));
#1774 = CARTESIAN_POINT('',(0.,-1.));
#1775 = ( GEOMETRIC_REPRESENTATION_CONTEXT(2) 
PARAMETRIC_REPRESENTATION_CONTEXT() REPRESENTATION_CONTEXT('2D SPACE',''
  ) );
#1776 = ORIENTED_EDGE('',*,*,#1777,.T.);
#1777 = EDGE_CURVE('',#1752,#443,#1778,.T.);
#1778 = SURFACE_CURVE('',#1779,(#1783,#1789),.PCURVE_S1.);
#1779 = LINE('',#1780,#1781);
#1780 = CARTESIAN_POINT('',(-2.505115817281,17.824825237348,67.5));
#1781 = VECTOR('',#1782,1.);
#1782 = DIRECTION('',(-0.13917310096,0.990268068742,0.));
#1783 = PCURVE('',#318,#1784);
#1784 = DEFINITIONAL_REPRESENTATION('',(#1785),#1788);
#1785 = B_SPLINE_CURVE_WITH_KNOTS('',1,(#1786,#1787),.UNSPECIFIED.,.F.,
  .F.,(2,2),(15.8,17.343965038152),.PIECEWISE_BEZIER_KNOTS.);
#1786 = CARTESIAN_POINT('',(-4.70405081245,33.471060723465));
#1787 = CARTESIAN_POINT('',(-4.918929214584,35.));
#1788 = ( GEOMETRIC_REPRESENTATION_CONTEXT(2) 
PARAMETRIC_REPRESENTATION_CONTEXT() REPRESENTATION_CONTEXT('2D SPACE',''
  ) );
#1789 = PCURVE('',#457,#1790);
#1790 = DEFINITIONAL_REPRESENTATION('',(#1791),#1794);
#1791 = B_SPLINE_CURVE_WITH_KNOTS('',1,(#1792,#1793),.UNSPECIFIED.,.F.,
  .F.,(2,2),(15.8,17.343965038152),.PIECEWISE_BEZIER_KNOTS.);
#1792 = CARTESIAN_POINT('',(2.2,-1.));
#1793 = CARTESIAN_POINT('',(0.656034961848,-1.));
#1794 = ( GEOMETRIC_REPRESENTATION_CONTEXT(2) 
PARAMETRIC_REPRESENTATION_CONTEXT() REPRESENTATION_CONTEXT('2D SPACE',''
  ) );
#1795 = ORIENTED_EDGE('',*,*,#468,.T.);
#1796 = ORIENTED_EDGE('',*,*,#1797,.T.);
#1797 = EDGE_CURVE('',#469,#1798,#1800,.T.);
#1798 = VERTEX_POINT('',#1799);
#1799 = CARTESIAN_POINT('',(-33.77940995324,-1.179602988545,67.5));
#1800 = SURFACE_CURVE('',#1801,(#1805,#1811),.PCURVE_S1.);
#1801 = LINE('',#1802,#1803);
#1802 = CARTESIAN_POINT('',(-16.88970497662,-0.589801494272,67.5));
#1803 = VECTOR('',#1804,1.);
#1804 = DIRECTION('',(0.999390827019,3.48994967025E-02,-0.));
#1805 = PCURVE('',#318,#1806);
#1806 = DEFINITIONAL_REPRESENTATION('',(#1807),#1810);
#1807 = B_SPLINE_CURVE_WITH_KNOTS('',1,(#1808,#1809),.UNSPECIFIED.,.F.,
  .F.,(2,2),(-18.12133405045,-16.9),.PIECEWISE_BEZIER_KNOTS.);
#1808 = CARTESIAN_POINT('',(-35.,-1.222226932211));
#1809 = CARTESIAN_POINT('',(-33.77940995324,-1.179602988545));
#1810 = ( GEOMETRIC_REPRESENTATION_CONTEXT(2) 
PARAMETRIC_REPRESENTATION_CONTEXT() REPRESENTATION_CONTEXT('2D SPACE',''
  ) );
#1811 = PCURVE('',#508,#1812);
#1812 = DEFINITIONAL_REPRESENTATION('',(#1813),#1817);
#1813 = LINE('',#1814,#1815);
#1814 = CARTESIAN_POINT('',(-16.9,0.8));
#1815 = VECTOR('',#1816,1.);
#1816 = DIRECTION('',(-1.,0.));
#1817 = ( GEOMETRIC_REPRESENTATION_CONTEXT(2) 
PARAMETRIC_REPRESENTATION_CONTEXT() REPRESENTATION_CONTEXT('2D SPACE',''
  ) );
#1818 = ORIENTED_EDGE('',*,*,#1819,.T.);
#1819 = EDGE_CURVE('',#1798,#1820,#1822,.T.);
#1820 = VERTEX_POINT('',#1821);
#1821 = CARTESIAN_POINT('',(-33.73695618665,-2.063440636278,67.5));
#1822 = SURFACE_CURVE('',#1823,(#1827,#1833),.PCURVE_S1.);
#1823 = LINE('',#1824,#1825);
#1824 = CARTESIAN_POINT('',(-33.7475696283,-1.842481224345,67.5));
#1825 = VECTOR('',#1826,1.);
#1826 = DIRECTION('',(4.797812852135E-02,-0.998848386485,0.));
#1827 = PCURVE('',#318,#1828);
#1828 = DEFINITIONAL_REPRESENTATION('',(#1829),#1832);
#1829 = B_SPLINE_CURVE_WITH_KNOTS('',1,(#1830,#1831),.UNSPECIFIED.,.F.,
  .F.,(2,2),(-0.663642495467,0.221214165156),.PIECEWISE_BEZIER_KNOTS.);
#1830 = CARTESIAN_POINT('',(-33.77940995324,-1.179602988545));
#1831 = CARTESIAN_POINT('',(-33.73695618665,-2.063440636278));
#1832 = ( GEOMETRIC_REPRESENTATION_CONTEXT(2) 
PARAMETRIC_REPRESENTATION_CONTEXT() REPRESENTATION_CONTEXT('2D SPACE',''
  ) );
#1833 = PCURVE('',#1834,#1839);
#1834 = PLANE('',#1835);
#1835 = AXIS2_PLACEMENT_3D('',#1836,#1837,#1838);
#1836 = CARTESIAN_POINT('',(-33.73695618665,-2.063440636278,66.5));
#1837 = DIRECTION('',(-0.998848386485,-4.797812852135E-02,0.));
#1838 = DIRECTION('',(-4.797812852135E-02,0.998848386485,0.));
#1839 = DEFINITIONAL_REPRESENTATION('',(#1840),#1843);
#1840 = B_SPLINE_CURVE_WITH_KNOTS('',1,(#1841,#1842),.UNSPECIFIED.,.F.,
  .F.,(2,2),(-0.663642495467,0.221214165156),.PIECEWISE_BEZIER_KNOTS.);
#1841 = CARTESIAN_POINT('',(0.884856660623,-1.));
#1842 = CARTESIAN_POINT('',(0.,-1.));
#1843 = ( GEOMETRIC_REPRESENTATION_CONTEXT(2) 
PARAMETRIC_REPRESENTATION_CONTEXT() REPRESENTATION_CONTEXT('2D SPACE',''
  ) );
#1844 = ORIENTED_EDGE('',*,*,#1845,.T.);
#1845 = EDGE_CURVE('',#1820,#1846,#1848,.T.);
#1846 = VERTEX_POINT('',#1847);
#1847 = CARTESIAN_POINT('',(-33.6713807955,-2.945864104871,67.5));
#1848 = SURFACE_CURVE('',#1849,(#1853,#1859),.PCURVE_S1.);
#1849 = LINE('',#1850,#1851);
#1850 = CARTESIAN_POINT('',(-33.68777464329,-2.725258237723,67.5));
#1851 = VECTOR('',#1852,1.);
#1852 = DIRECTION('',(7.41084901954E-02,-0.997250185099,0.));
#1853 = PCURVE('',#318,#1854);
#1854 = DEFINITIONAL_REPRESENTATION('',(#1855),#1858);
#1855 = B_SPLINE_CURVE_WITH_KNOTS('',1,(#1856,#1857),.UNSPECIFIED.,.F.,
  .F.,(2,2),(-0.663642495467,0.221214165156),.PIECEWISE_BEZIER_KNOTS.);
#1856 = CARTESIAN_POINT('',(-33.73695618665,-2.063440636278));
#1857 = CARTESIAN_POINT('',(-33.6713807955,-2.945864104871));
#1858 = ( GEOMETRIC_REPRESENTATION_CONTEXT(2) 
PARAMETRIC_REPRESENTATION_CONTEXT() REPRESENTATION_CONTEXT('2D SPACE',''
  ) );
#1859 = PCURVE('',#1860,#1865);
#1860 = PLANE('',#1861);
#1861 = AXIS2_PLACEMENT_3D('',#1862,#1863,#1864);
#1862 = CARTESIAN_POINT('',(-33.6713807955,-2.945864104871,66.5));
#1863 = DIRECTION('',(-0.997250185099,-7.41084901954E-02,0.));
#1864 = DIRECTION('',(-7.41084901954E-02,0.997250185099,0.));
#1865 = DEFINITIONAL_REPRESENTATION('',(#1866),#1869);
#1866 = B_SPLINE_CURVE_WITH_KNOTS('',1,(#1867,#1868),.UNSPECIFIED.,.F.,
  .F.,(2,2),(-0.663642495467,0.221214165156),.PIECEWISE_BEZIER_KNOTS.);
#1867 = CARTESIAN_POINT('',(0.884856660623,-1.));
#1868 = CARTESIAN_POINT('',(0.,-1.));
#1869 = ( GEOMETRIC_REPRESENTATION_CONTEXT(2) 
PARAMETRIC_REPRESENTATION_CONTEXT() REPRESENTATION_CONTEXT('2D SPACE',''
  ) );
#1870 = ORIENTED_EDGE('',*,*,#1871,.T.);
#1871 = EDGE_CURVE('',#1846,#1872,#1874,.T.);
#1872 = VERTEX_POINT('',#1873);
#1873 = CARTESIAN_POINT('',(-33.58272872186,-3.826268625355,67.5));
#1874 = SURFACE_CURVE('',#1875,(#1879,#1885),.PCURVE_S1.);
#1875 = LINE('',#1876,#1877);
#1876 = CARTESIAN_POINT('',(-33.60489174027,-3.606167495234,67.5));
#1877 = VECTOR('',#1878,1.);
#1878 = DIRECTION('',(0.100188061612,-0.994968518251,0.));
#1879 = PCURVE('',#318,#1880);
#1880 = DEFINITIONAL_REPRESENTATION('',(#1881),#1884);
#1881 = B_SPLINE_CURVE_WITH_KNOTS('',1,(#1882,#1883),.UNSPECIFIED.,.F.,
  .F.,(2,2),(-0.663642495467,0.221214165156),.PIECEWISE_BEZIER_KNOTS.);
#1882 = CARTESIAN_POINT('',(-33.6713807955,-2.945864104871));
#1883 = CARTESIAN_POINT('',(-33.58272872186,-3.826268625355));
#1884 = ( GEOMETRIC_REPRESENTATION_CONTEXT(2) 
PARAMETRIC_REPRESENTATION_CONTEXT() REPRESENTATION_CONTEXT('2D SPACE',''
  ) );
#1885 = PCURVE('',#1886,#1891);
#1886 = PLANE('',#1887);
#1887 = AXIS2_PLACEMENT_3D('',#1888,#1889,#1890);
#1888 = CARTESIAN_POINT('',(-33.58272872186,-3.826268625355,66.5));
#1889 = DIRECTION('',(-0.994968518251,-0.100188061612,0.));
#1890 = DIRECTION('',(-0.100188061612,0.994968518251,0.));
#1891 = DEFINITIONAL_REPRESENTATION('',(#1892),#1895);
#1892 = B_SPLINE_CURVE_WITH_KNOTS('',1,(#1893,#1894),.UNSPECIFIED.,.F.,
  .F.,(2,2),(-0.663642495467,0.221214165156),.PIECEWISE_BEZIER_KNOTS.);
#1893 = CARTESIAN_POINT('',(0.884856660623,-1.));
#1894 = CARTESIAN_POINT('',(0.,-1.));
#1895 = ( GEOMETRIC_REPRESENTATION_CONTEXT(2) 
PARAMETRIC_REPRESENTATION_CONTEXT() REPRESENTATION_CONTEXT('2D SPACE',''
  ) );
#1896 = ORIENTED_EDGE('',*,*,#1897,.T.);
#1897 = EDGE_CURVE('',#1872,#1898,#1900,.T.);
#1898 = VERTEX_POINT('',#1899);
#1899 = CARTESIAN_POINT('',(-33.47106072346,-4.70405081245,67.5));
#1900 = SURFACE_CURVE('',#1901,(#1905,#1911),.PCURVE_S1.);
#1901 = LINE('',#1902,#1903);
#1902 = CARTESIAN_POINT('',(-33.49897772306,-4.484605265677,67.5));
#1903 = VECTOR('',#1904,1.);
#1904 = DIRECTION('',(0.126198969136,-0.99200494968,0.));
#1905 = PCURVE('',#318,#1906);
#1906 = DEFINITIONAL_REPRESENTATION('',(#1907),#1910);
#1907 = B_SPLINE_CURVE_WITH_KNOTS('',1,(#1908,#1909),.UNSPECIFIED.,.F.,
  .F.,(2,2),(-0.663642495467,0.221214165156),.PIECEWISE_BEZIER_KNOTS.);
#1908 = CARTESIAN_POINT('',(-33.58272872186,-3.826268625355));
#1909 = CARTESIAN_POINT('',(-33.47106072346,-4.70405081245));
#1910 = ( GEOMETRIC_REPRESENTATION_CONTEXT(2) 
PARAMETRIC_REPRESENTATION_CONTEXT() REPRESENTATION_CONTEXT('2D SPACE',''
  ) );
#1911 = PCURVE('',#1912,#1917);
#1912 = PLANE('',#1913);
#1913 = AXIS2_PLACEMENT_3D('',#1914,#1915,#1916);
#1914 = CARTESIAN_POINT('',(-33.47106072346,-4.70405081245,66.5));
#1915 = DIRECTION('',(-0.99200494968,-0.126198969136,0.));
#1916 = DIRECTION('',(-0.126198969136,0.99200494968,0.));
#1917 = DEFINITIONAL_REPRESENTATION('',(#1918),#1921);
#1918 = B_SPLINE_CURVE_WITH_KNOTS('',1,(#1919,#1920),.UNSPECIFIED.,.F.,
  .F.,(2,2),(-0.663642495467,0.221214165156),.PIECEWISE_BEZIER_KNOTS.);
#1919 = CARTESIAN_POINT('',(0.884856660623,-1.));
#1920 = CARTESIAN_POINT('',(0.,-1.));
#1921 = ( GEOMETRIC_REPRESENTATION_CONTEXT(2) 
PARAMETRIC_REPRESENTATION_CONTEXT() REPRESENTATION_CONTEXT('2D SPACE',''
  ) );
#1922 = ORIENTED_EDGE('',*,*,#1923,.T.);
#1923 = EDGE_CURVE('',#1898,#1924,#1926,.T.);
#1924 = VERTEX_POINT('',#1925);
#1925 = CARTESIAN_POINT('',(-33.33645333195,-5.578609078091,67.5));
#1926 = SURFACE_CURVE('',#1927,(#1931,#1937),.PCURVE_S1.);
#1927 = LINE('',#1928,#1929);
#1928 = CARTESIAN_POINT('',(-33.37010517983,-5.359969511681,67.5));
#1929 = VECTOR('',#1930,1.);
#1930 = DIRECTION('',(0.15212338619,-0.988361510468,0.));
#1931 = PCURVE('',#318,#1932);
#1932 = DEFINITIONAL_REPRESENTATION('',(#1933),#1936);
#1933 = B_SPLINE_CURVE_WITH_KNOTS('',1,(#1934,#1935),.UNSPECIFIED.,.F.,
  .F.,(2,2),(-0.663642495467,0.221214165156),.PIECEWISE_BEZIER_KNOTS.);
#1934 = CARTESIAN_POINT('',(-33.47106072346,-4.70405081245));
#1935 = CARTESIAN_POINT('',(-33.33645333195,-5.578609078091));
#1936 = ( GEOMETRIC_REPRESENTATION_CONTEXT(2) 
PARAMETRIC_REPRESENTATION_CONTEXT() REPRESENTATION_CONTEXT('2D SPACE',''
  ) );
#1937 = PCURVE('',#1938,#1943);
#1938 = PLANE('',#1939);
#1939 = AXIS2_PLACEMENT_3D('',#1940,#1941,#1942);
#1940 = CARTESIAN_POINT('',(-33.33645333195,-5.578609078091,66.5));
#1941 = DIRECTION('',(-0.988361510468,-0.15212338619,0.));
#1942 = DIRECTION('',(-0.15212338619,0.988361510468,0.));
#1943 = DEFINITIONAL_REPRESENTATION('',(#1944),#1947);
#1944 = B_SPLINE_CURVE_WITH_KNOTS('',1,(#1945,#1946),.UNSPECIFIED.,.F.,
  .F.,(2,2),(-0.663642495467,0.221214165156),.PIECEWISE_BEZIER_KNOTS.);
#1945 = CARTESIAN_POINT('',(0.884856660623,-1.));
#1946 = CARTESIAN_POINT('',(0.,-1.));
#1947 = ( GEOMETRIC_REPRESENTATION_CONTEXT(2) 
PARAMETRIC_REPRESENTATION_CONTEXT() REPRESENTATION_CONTEXT('2D SPACE',''
  ) );
#1948 = ORIENTED_EDGE('',*,*,#1949,.T.);
#1949 = EDGE_CURVE('',#1924,#1950,#1952,.T.);
#1950 = VERTEX_POINT('',#1951);
#1951 = CARTESIAN_POINT('',(-33.17899880053,-6.449344043727,67.5));
#1952 = SURFACE_CURVE('',#1953,(#1957,#1963),.PCURVE_S1.);
#1953 = LINE('',#1954,#1955);
#1954 = CARTESIAN_POINT('',(-33.21836243338,-6.231660302318,67.5));
#1955 = VECTOR('',#1956,1.);
#1956 = DIRECTION('',(0.177943545474,-0.984040697646,0.));
#1957 = PCURVE('',#318,#1958);
#1958 = DEFINITIONAL_REPRESENTATION('',(#1959),#1962);
#1959 = B_SPLINE_CURVE_WITH_KNOTS('',1,(#1960,#1961),.UNSPECIFIED.,.F.,
  .F.,(2,2),(-0.663642495467,0.221214165156),.PIECEWISE_BEZIER_KNOTS.);
#1960 = CARTESIAN_POINT('',(-33.33645333195,-5.578609078091));
#1961 = CARTESIAN_POINT('',(-33.17899880053,-6.449344043727));
#1962 = ( GEOMETRIC_REPRESENTATION_CONTEXT(2) 
PARAMETRIC_REPRESENTATION_CONTEXT() REPRESENTATION_CONTEXT('2D SPACE',''
  ) );
#1963 = PCURVE('',#1964,#1969);
#1964 = PLANE('',#1965);
#1965 = AXIS2_PLACEMENT_3D('',#1966,#1967,#1968);
#1966 = CARTESIAN_POINT('',(-33.17899880053,-6.449344043727,66.5));
#1967 = DIRECTION('',(-0.984040697646,-0.177943545474,0.));
#1968 = DIRECTION('',(-0.177943545474,0.984040697646,0.));
#1969 = DEFINITIONAL_REPRESENTATION('',(#1970),#1973);
#1970 = B_SPLINE_CURVE_WITH_KNOTS('',1,(#1971,#1972),.UNSPECIFIED.,.F.,
  .F.,(2,2),(-0.663642495467,0.221214165156),.PIECEWISE_BEZIER_KNOTS.);
#1971 = CARTESIAN_POINT('',(0.884856660623,-1.));
#1972 = CARTESIAN_POINT('',(0.,-1.));
#1973 = ( GEOMETRIC_REPRESENTATION_CONTEXT(2) 
PARAMETRIC_REPRESENTATION_CONTEXT() REPRESENTATION_CONTEXT('2D SPACE',''
  ) );
#1974 = ORIENTED_EDGE('',*,*,#1975,.T.);
#1975 = EDGE_CURVE('',#1950,#1976,#1978,.T.);
#1976 = VERTEX_POINT('',#1977);
#1977 = CARTESIAN_POINT('',(-32.99880504065,-7.315658951108,67.5));
#1978 = SURFACE_CURVE('',#1979,(#1983,#1989),.PCURVE_S1.);
#1979 = LINE('',#1980,#1981);
#1980 = CARTESIAN_POINT('',(-33.04385348062,-7.099080224263,67.5));
#1981 = VECTOR('',#1982,1.);
#1982 = DIRECTION('',(0.20364175114,-0.979045472485,0.));
#1983 = PCURVE('',#318,#1984);
#1984 = DEFINITIONAL_REPRESENTATION('',(#1985),#1988);
#1985 = B_SPLINE_CURVE_WITH_KNOTS('',1,(#1986,#1987),.UNSPECIFIED.,.F.,
  .F.,(2,2),(-0.663642495467,0.221214165156),.PIECEWISE_BEZIER_KNOTS.);
#1986 = CARTESIAN_POINT('',(-33.17899880053,-6.449344043727));
#1987 = CARTESIAN_POINT('',(-32.99880504065,-7.315658951108));
#1988 = ( GEOMETRIC_REPRESENTATION_CONTEXT(2) 
PARAMETRIC_REPRESENTATION_CONTEXT() REPRESENTATION_CONTEXT('2D SPACE',''
  ) );
#1989 = PCURVE('',#1990,#1995);
#1990 = PLANE('',#1991);
#1991 = AXIS2_PLACEMENT_3D('',#1992,#1993,#1994);
#1992 = CARTESIAN_POINT('',(-32.99880504065,-7.315658951108,66.5));
#1993 = DIRECTION('',(-0.979045472485,-0.20364175114,0.));
#1994 = DIRECTION('',(-0.20364175114,0.979045472485,0.));
#1995 = DEFINITIONAL_REPRESENTATION('',(#1996),#1999);
#1996 = B_SPLINE_CURVE_WITH_KNOTS('',1,(#1997,#1998),.UNSPECIFIED.,.F.,
  .F.,(2,2),(-0.663642495467,0.221214165156),.PIECEWISE_BEZIER_KNOTS.);
#1997 = CARTESIAN_POINT('',(0.884856660623,-1.));
#1998 = CARTESIAN_POINT('',(0.,-1.));
#1999 = ( GEOMETRIC_REPRESENTATION_CONTEXT(2) 
PARAMETRIC_REPRESENTATION_CONTEXT() REPRESENTATION_CONTEXT('2D SPACE',''
  ) );
#2000 = ORIENTED_EDGE('',*,*,#2001,.T.);
#2001 = EDGE_CURVE('',#1976,#2002,#2004,.T.);
#2002 = VERTEX_POINT('',#2003);
#2003 = CARTESIAN_POINT('',(-32.79599554812,-8.176960071269,67.5));
#2004 = SURFACE_CURVE('',#2005,(#2009,#2015),.PCURVE_S1.);
#2005 = LINE('',#2006,#2007);
#2006 = CARTESIAN_POINT('',(-32.84669792126,-7.961634791228,67.5));
#2007 = VECTOR('',#2008,1.);
#2008 = DIRECTION('',(0.229200390922,-0.97337925846,0.));
#2009 = PCURVE('',#318,#2010);
#2010 = DEFINITIONAL_REPRESENTATION('',(#2011),#2014);
#2011 = B_SPLINE_CURVE_WITH_KNOTS('',1,(#2012,#2013),.UNSPECIFIED.,.F.,
  .F.,(2,2),(-0.663642495467,0.221214165156),.PIECEWISE_BEZIER_KNOTS.);
#2012 = CARTESIAN_POINT('',(-32.99880504065,-7.315658951108));
#2013 = CARTESIAN_POINT('',(-32.79599554812,-8.176960071269));
#2014 = ( GEOMETRIC_REPRESENTATION_CONTEXT(2) 
PARAMETRIC_REPRESENTATION_CONTEXT() REPRESENTATION_CONTEXT('2D SPACE',''
  ) );
#2015 = PCURVE('',#2016,#2021);
#2016 = PLANE('',#2017);
#2017 = AXIS2_PLACEMENT_3D('',#2018,#2019,#2020);
#2018 = CARTESIAN_POINT('',(-32.79599554812,-8.176960071269,66.5));
#2019 = DIRECTION('',(-0.97337925846,-0.229200390922,0.));
#2020 = DIRECTION('',(-0.229200390922,0.97337925846,0.));
#2021 = DEFINITIONAL_REPRESENTATION('',(#2022),#2025);
#2022 = B_SPLINE_CURVE_WITH_KNOTS('',1,(#2023,#2024),.UNSPECIFIED.,.F.,
  .F.,(2,2),(-0.663642495467,0.221214165156),.PIECEWISE_BEZIER_KNOTS.);
#2023 = CARTESIAN_POINT('',(0.884856660623,-1.));
#2024 = CARTESIAN_POINT('',(0.,-1.));
#2025 = ( GEOMETRIC_REPRESENTATION_CONTEXT(2) 
PARAMETRIC_REPRESENTATION_CONTEXT() REPRESENTATION_CONTEXT('2D SPACE',''
  ) );
#2026 = ORIENTED_EDGE('',*,*,#2027,.T.);
#2027 = EDGE_CURVE('',#2002,#2028,#2030,.T.);
#2028 = VERTEX_POINT('',#2029);
#2029 = CARTESIAN_POINT('',(-32.57070931845,-9.032657111445,67.5));
#2030 = SURFACE_CURVE('',#2031,(#2035,#2041),.PCURVE_S1.);
#2031 = LINE('',#2032,#2033);
#2032 = CARTESIAN_POINT('',(-32.62703087587,-8.818732851401,67.5));
#2033 = VECTOR('',#2034,1.);
#2034 = DIRECTION('',(0.254601948206,-0.967045938914,0.));
#2035 = PCURVE('',#318,#2036);
#2036 = DEFINITIONAL_REPRESENTATION('',(#2037),#2040);
#2037 = B_SPLINE_CURVE_WITH_KNOTS('',1,(#2038,#2039),.UNSPECIFIED.,.F.,
  .F.,(2,2),(-0.663642495467,0.221214165156),.PIECEWISE_BEZIER_KNOTS.);
#2038 = CARTESIAN_POINT('',(-32.79599554812,-8.176960071269));
#2039 = CARTESIAN_POINT('',(-32.57070931845,-9.032657111445));
#2040 = ( GEOMETRIC_REPRESENTATION_CONTEXT(2) 
PARAMETRIC_REPRESENTATION_CONTEXT() REPRESENTATION_CONTEXT('2D SPACE',''
  ) );
#2041 = PCURVE('',#2042,#2047);
#2042 = PLANE('',#2043);
#2043 = AXIS2_PLACEMENT_3D('',#2044,#2045,#2046);
#2044 = CARTESIAN_POINT('',(-32.57070931845,-9.032657111445,66.5));
#2045 = DIRECTION('',(-0.967045938914,-0.254601948206,0.));
#2046 = DIRECTION('',(-0.254601948206,0.967045938914,0.));
#2047 = DEFINITIONAL_REPRESENTATION('',(#2048),#2051);
#2048 = B_SPLINE_CURVE_WITH_KNOTS('',1,(#2049,#2050),.UNSPECIFIED.,.F.,
  .F.,(2,2),(-0.663642495467,0.221214165156),.PIECEWISE_BEZIER_KNOTS.);
#2049 = CARTESIAN_POINT('',(0.884856660623,-1.));
#2050 = CARTESIAN_POINT('',(0.,-1.));
#2051 = ( GEOMETRIC_REPRESENTATION_CONTEXT(2) 
PARAMETRIC_REPRESENTATION_CONTEXT() REPRESENTATION_CONTEXT('2D SPACE',''
  ) );
#2052 = ORIENTED_EDGE('',*,*,#2053,.T.);
#2053 = EDGE_CURVE('',#2028,#2054,#2056,.T.);
#2054 = VERTEX_POINT('',#2055);
#2055 = CARTESIAN_POINT('',(-32.32310075155,-9.882163619628,67.5));
#2056 = SURFACE_CURVE('',#2057,(#2061,#2067),.PCURVE_S1.);
#2057 = LINE('',#2058,#2059);
#2058 = CARTESIAN_POINT('',(-32.38500289327,-9.669786992583,67.5));
#2059 = VECTOR('',#2060,1.);
#2060 = DIRECTION('',(0.279829014031,-0.960049854386,0.));
#2061 = PCURVE('',#318,#2062);
#2062 = DEFINITIONAL_REPRESENTATION('',(#2063),#2066);
#2063 = B_SPLINE_CURVE_WITH_KNOTS('',1,(#2064,#2065),.UNSPECIFIED.,.F.,
  .F.,(2,2),(-0.663642495467,0.221214165156),.PIECEWISE_BEZIER_KNOTS.);
#2064 = CARTESIAN_POINT('',(-32.57070931845,-9.032657111445));
#2065 = CARTESIAN_POINT('',(-32.32310075155,-9.882163619628));
#2066 = ( GEOMETRIC_REPRESENTATION_CONTEXT(2) 
PARAMETRIC_REPRESENTATION_CONTEXT() REPRESENTATION_CONTEXT('2D SPACE',''
  ) );
#2067 = PCURVE('',#2068,#2073);
#2068 = PLANE('',#2069);
#2069 = AXIS2_PLACEMENT_3D('',#2070,#2071,#2072);
#2070 = CARTESIAN_POINT('',(-32.32310075155,-9.882163619628,66.5));
#2071 = DIRECTION('',(-0.960049854386,-0.279829014031,0.));
#2072 = DIRECTION('',(-0.279829014031,0.960049854386,0.));
#2073 = DEFINITIONAL_REPRESENTATION('',(#2074),#2077);
#2074 = B_SPLINE_CURVE_WITH_KNOTS('',1,(#2075,#2076),.UNSPECIFIED.,.F.,
  .F.,(2,2),(-0.663642495467,0.221214165156),.PIECEWISE_BEZIER_KNOTS.);
#2075 = CARTESIAN_POINT('',(0.884856660623,-1.));
#2076 = CARTESIAN_POINT('',(0.,-1.));
#2077 = ( GEOMETRIC_REPRESENTATION_CONTEXT(2) 
PARAMETRIC_REPRESENTATION_CONTEXT() REPRESENTATION_CONTEXT('2D SPACE',''
  ) );
#2078 = ORIENTED_EDGE('',*,*,#2079,.T.);
#2079 = EDGE_CURVE('',#2054,#2080,#2082,.T.);
#2080 = VERTEX_POINT('',#2081);
#2081 = CARTESIAN_POINT('',(-32.05333954597,-10.72489738649,67.5));
#2082 = SURFACE_CURVE('',#2083,(#2087,#2093),.PCURVE_S1.);
#2083 = LINE('',#2084,#2085);
#2084 = CARTESIAN_POINT('',(-32.12077984736,-10.51421394477,67.5));
#2085 = VECTOR('',#2086,1.);
#2086 = DIRECTION('',(0.304864299028,-0.952395799643,0.));
#2087 = PCURVE('',#318,#2088);
#2088 = DEFINITIONAL_REPRESENTATION('',(#2089),#2092);
#2089 = B_SPLINE_CURVE_WITH_KNOTS('',1,(#2090,#2091),.UNSPECIFIED.,.F.,
  .F.,(2,2),(-0.663642495467,0.221214165156),.PIECEWISE_BEZIER_KNOTS.);
#2090 = CARTESIAN_POINT('',(-32.32310075155,-9.882163619628));
#2091 = CARTESIAN_POINT('',(-32.05333954597,-10.72489738649));
#2092 = ( GEOMETRIC_REPRESENTATION_CONTEXT(2) 
PARAMETRIC_REPRESENTATION_CONTEXT() REPRESENTATION_CONTEXT('2D SPACE',''
  ) );
#2093 = PCURVE('',#2094,#2099);
#2094 = PLANE('',#2095);
#2095 = AXIS2_PLACEMENT_3D('',#2096,#2097,#2098);
#2096 = CARTESIAN_POINT('',(-32.05333954597,-10.72489738649,66.5));
#2097 = DIRECTION('',(-0.952395799643,-0.304864299028,0.));
#2098 = DIRECTION('',(-0.304864299028,0.952395799643,0.));
#2099 = DEFINITIONAL_REPRESENTATION('',(#2100),#2103);
#2100 = B_SPLINE_CURVE_WITH_KNOTS('',1,(#2101,#2102),.UNSPECIFIED.,.F.,
  .F.,(2,2),(-0.663642495467,0.221214165156),.PIECEWISE_BEZIER_KNOTS.);
#2101 = CARTESIAN_POINT('',(0.884856660623,-1.));
#2102 = CARTESIAN_POINT('',(0.,-1.));
#2103 = ( GEOMETRIC_REPRESENTATION_CONTEXT(2) 
PARAMETRIC_REPRESENTATION_CONTEXT() REPRESENTATION_CONTEXT('2D SPACE',''
  ) );
#2104 = ORIENTED_EDGE('',*,*,#2105,.T.);
#2105 = EDGE_CURVE('',#2080,#2106,#2108,.T.);
#2106 = VERTEX_POINT('',#2107);
#2107 = CARTESIAN_POINT('',(-31.76161058256,-11.5602808444,67.5));
#2108 = SURFACE_CURVE('',#2109,(#2113,#2119),.PCURVE_S1.);
#2109 = LINE('',#2110,#2111);
#2110 = CARTESIAN_POINT('',(-31.83454282341,-11.35143497992,67.5));
#2111 = VECTOR('',#2112,1.);
#2112 = DIRECTION('',(0.329690645263,-0.944089020393,0.));
#2113 = PCURVE('',#318,#2114);
#2114 = DEFINITIONAL_REPRESENTATION('',(#2115),#2118);
#2115 = B_SPLINE_CURVE_WITH_KNOTS('',1,(#2116,#2117),.UNSPECIFIED.,.F.,
  .F.,(2,2),(-0.663642495467,0.221214165156),.PIECEWISE_BEZIER_KNOTS.);
#2116 = CARTESIAN_POINT('',(-32.05333954597,-10.72489738649));
#2117 = CARTESIAN_POINT('',(-31.76161058256,-11.5602808444));
#2118 = ( GEOMETRIC_REPRESENTATION_CONTEXT(2) 
PARAMETRIC_REPRESENTATION_CONTEXT() REPRESENTATION_CONTEXT('2D SPACE',''
  ) );
#2119 = PCURVE('',#2120,#2125);
#2120 = PLANE('',#2121);
#2121 = AXIS2_PLACEMENT_3D('',#2122,#2123,#2124);
#2122 = CARTESIAN_POINT('',(-31.76161058256,-11.5602808444,66.5));
#2123 = DIRECTION('',(-0.944089020393,-0.329690645263,0.));
#2124 = DIRECTION('',(-0.329690645263,0.944089020393,0.));
#2125 = DEFINITIONAL_REPRESENTATION('',(#2126),#2129);
#2126 = B_SPLINE_CURVE_WITH_KNOTS('',1,(#2127,#2128),.UNSPECIFIED.,.F.,
  .F.,(2,2),(-0.663642495467,0.221214165156),.PIECEWISE_BEZIER_KNOTS.);
#2127 = CARTESIAN_POINT('',(0.884856660623,-1.));
#2128 = CARTESIAN_POINT('',(0.,-1.));
#2129 = ( GEOMETRIC_REPRESENTATION_CONTEXT(2) 
PARAMETRIC_REPRESENTATION_CONTEXT() REPRESENTATION_CONTEXT('2D SPACE',''
  ) );
#2130 = ORIENTED_EDGE('',*,*,#2131,.T.);
#2131 = EDGE_CURVE('',#2106,#2132,#2134,.T.);
#2132 = VERTEX_POINT('',#2133);
#2133 = CARTESIAN_POINT('',(-31.44811379779,-12.38774146328,67.5));
#2134 = SURFACE_CURVE('',#2135,(#2139,#2145),.PCURVE_S1.);
#2135 = LINE('',#2136,#2137);
#2136 = CARTESIAN_POINT('',(-31.52648799398,-12.18087630856,67.5));
#2137 = VECTOR('',#2138,1.);
#2138 = DIRECTION('',(0.354291037998,-0.935135209686,0.));
#2139 = PCURVE('',#318,#2140);
#2140 = DEFINITIONAL_REPRESENTATION('',(#2141),#2144);
#2141 = B_SPLINE_CURVE_WITH_KNOTS('',1,(#2142,#2143),.UNSPECIFIED.,.F.,
  .F.,(2,2),(-0.663642495467,0.221214165156),.PIECEWISE_BEZIER_KNOTS.);
#2142 = CARTESIAN_POINT('',(-31.76161058256,-11.5602808444));
#2143 = CARTESIAN_POINT('',(-31.44811379779,-12.38774146328));
#2144 = ( GEOMETRIC_REPRESENTATION_CONTEXT(2) 
PARAMETRIC_REPRESENTATION_CONTEXT() REPRESENTATION_CONTEXT('2D SPACE',''
  ) );
#2145 = PCURVE('',#2146,#2151);
#2146 = PLANE('',#2147);
#2147 = AXIS2_PLACEMENT_3D('',#2148,#2149,#2150);
#2148 = CARTESIAN_POINT('',(-31.44811379779,-12.38774146328,66.5));
#2149 = DIRECTION('',(-0.935135209686,-0.354291037998,0.));
#2150 = DIRECTION('',(-0.354291037998,0.935135209686,0.));
#2151 = DEFINITIONAL_REPRESENTATION('',(#2152),#2155);
#2152 = B_SPLINE_CURVE_WITH_KNOTS('',1,(#2153,#2154),.UNSPECIFIED.,.F.,
  .F.,(2,2),(-0.663642495467,0.221214165156),.PIECEWISE_BEZIER_KNOTS.);
#2153 = CARTESIAN_POINT('',(0.884856660623,-1.));
#2154 = CARTESIAN_POINT('',(0.,-1.));
#2155 = ( GEOMETRIC_REPRESENTATION_CONTEXT(2) 
PARAMETRIC_REPRESENTATION_CONTEXT() REPRESENTATION_CONTEXT('2D SPACE',''
  ) );
#2156 = ORIENTED_EDGE('',*,*,#2157,.T.);
#2157 = EDGE_CURVE('',#2132,#2158,#2160,.T.);
#2158 = VERTEX_POINT('',#2159);
#2159 = CARTESIAN_POINT('',(-31.11306404669,-13.20671214293,67.5));
#2160 = SURFACE_CURVE('',#2161,(#2165,#2171),.PCURVE_S1.);
#2161 = LINE('',#2162,#2163);
#2162 = CARTESIAN_POINT('',(-31.19682648446,-13.00196947302,67.5));
#2163 = VECTOR('',#2164,1.);
#2164 = DIRECTION('',(0.378648617352,-0.925540504018,0.));
#2165 = PCURVE('',#318,#2166);
#2166 = DEFINITIONAL_REPRESENTATION('',(#2167),#2170);
#2167 = B_SPLINE_CURVE_WITH_KNOTS('',1,(#2168,#2169),.UNSPECIFIED.,.F.,
  .F.,(2,2),(-0.663642495467,0.221214165156),.PIECEWISE_BEZIER_KNOTS.);
#2168 = CARTESIAN_POINT('',(-31.44811379779,-12.38774146328));
#2169 = CARTESIAN_POINT('',(-31.11306404669,-13.20671214293));
#2170 = ( GEOMETRIC_REPRESENTATION_CONTEXT(2) 
PARAMETRIC_REPRESENTATION_CONTEXT() REPRESENTATION_CONTEXT('2D SPACE',''
  ) );
#2171 = PCURVE('',#2172,#2177);
#2172 = PLANE('',#2173);
#2173 = AXIS2_PLACEMENT_3D('',#2174,#2175,#2176);
#2174 = CARTESIAN_POINT('',(-31.11306404669,-13.20671214293,66.5));
#2175 = DIRECTION('',(-0.925540504018,-0.378648617352,0.));
#2176 = DIRECTION('',(-0.378648617352,0.925540504018,0.));
#2177 = DEFINITIONAL_REPRESENTATION('',(#2178),#2181);
#2178 = B_SPLINE_CURVE_WITH_KNOTS('',1,(#2179,#2180),.UNSPECIFIED.,.F.,
  .F.,(2,2),(-0.663642495467,0.221214165156),.PIECEWISE_BEZIER_KNOTS.);
#2179 = CARTESIAN_POINT('',(0.884856660623,-1.));
#2180 = CARTESIAN_POINT('',(0.,-1.));
#2181 = ( GEOMETRIC_REPRESENTATION_CONTEXT(2) 
PARAMETRIC_REPRESENTATION_CONTEXT() REPRESENTATION_CONTEXT('2D SPACE',''
  ) );
#2182 = ORIENTED_EDGE('',*,*,#2183,.T.);
#2183 = EDGE_CURVE('',#2158,#2184,#2186,.T.);
#2184 = VERTEX_POINT('',#2185);
#2185 = CARTESIAN_POINT('',(-30.75669095562,-14.01663160178,67.5));
#2186 = SURFACE_CURVE('',#2187,(#2191,#2197),.PCURVE_S1.);
#2187 = LINE('',#2188,#2189);
#2188 = CARTESIAN_POINT('',(-30.84578422839,-13.81415173707,67.5));
#2189 = VECTOR('',#2190,1.);
#2190 = DIRECTION('',(0.402746689859,-0.915311479119,0.));
#2191 = PCURVE('',#318,#2192);
#2192 = DEFINITIONAL_REPRESENTATION('',(#2193),#2196);
#2193 = B_SPLINE_CURVE_WITH_KNOTS('',1,(#2194,#2195),.UNSPECIFIED.,.F.,
  .F.,(2,2),(-0.663642495467,0.221214165156),.PIECEWISE_BEZIER_KNOTS.);
#2194 = CARTESIAN_POINT('',(-31.11306404669,-13.20671214293));
#2195 = CARTESIAN_POINT('',(-30.75669095562,-14.01663160178));
#2196 = ( GEOMETRIC_REPRESENTATION_CONTEXT(2) 
PARAMETRIC_REPRESENTATION_CONTEXT() REPRESENTATION_CONTEXT('2D SPACE',''
  ) );
#2197 = PCURVE('',#2198,#2203);
#2198 = PLANE('',#2199);
#2199 = AXIS2_PLACEMENT_3D('',#2200,#2201,#2202);
#2200 = CARTESIAN_POINT('',(-30.75669095562,-14.01663160178,66.5));
#2201 = DIRECTION('',(-0.915311479119,-0.402746689859,0.));
#2202 = DIRECTION('',(-0.402746689859,0.915311479119,0.));
#2203 = DEFINITIONAL_REPRESENTATION('',(#2204),#2207);
#2204 = B_SPLINE_CURVE_WITH_KNOTS('',1,(#2205,#2206),.UNSPECIFIED.,.F.,
  .F.,(2,2),(-0.663642495467,0.221214165156),.PIECEWISE_BEZIER_KNOTS.);
#2205 = CARTESIAN_POINT('',(0.884856660623,-1.));
#2206 = CARTESIAN_POINT('',(0.,-1.));
#2207 = ( GEOMETRIC_REPRESENTATION_CONTEXT(2) 
PARAMETRIC_REPRESENTATION_CONTEXT() REPRESENTATION_CONTEXT('2D SPACE',''
  ) );
#2208 = ORIENTED_EDGE('',*,*,#2209,.T.);
#2209 = EDGE_CURVE('',#2184,#2210,#2212,.T.);
#2210 = VERTEX_POINT('',#2211);
#2211 = CARTESIAN_POINT('',(-30.37923876491,-14.81694476147,67.5));
#2212 = SURFACE_CURVE('',#2213,(#2217,#2223),.PCURVE_S1.);
#2213 = LINE('',#2214,#2215);
#2214 = CARTESIAN_POINT('',(-30.47360181259,-14.61686647154,67.5));
#2215 = VECTOR('',#2216,1.);
#2216 = DIRECTION('',(0.426568739901,-0.904455145454,0.));
#2217 = PCURVE('',#318,#2218);
#2218 = DEFINITIONAL_REPRESENTATION('',(#2219),#2222);
#2219 = B_SPLINE_CURVE_WITH_KNOTS('',1,(#2220,#2221),.UNSPECIFIED.,.F.,
  .F.,(2,2),(-0.663642495467,0.221214165156),.PIECEWISE_BEZIER_KNOTS.);
#2220 = CARTESIAN_POINT('',(-30.75669095562,-14.01663160178));
#2221 = CARTESIAN_POINT('',(-30.37923876491,-14.81694476147));
#2222 = ( GEOMETRIC_REPRESENTATION_CONTEXT(2) 
PARAMETRIC_REPRESENTATION_CONTEXT() REPRESENTATION_CONTEXT('2D SPACE',''
  ) );
#2223 = PCURVE('',#2224,#2229);
#2224 = PLANE('',#2225);
#2225 = AXIS2_PLACEMENT_3D('',#2226,#2227,#2228);
#2226 = CARTESIAN_POINT('',(-30.37923876491,-14.81694476147,66.5));
#2227 = DIRECTION('',(-0.904455145454,-0.426568739901,0.));
#2228 = DIRECTION('',(-0.426568739901,0.904455145454,0.));
#2229 = DEFINITIONAL_REPRESENTATION('',(#2230),#2233);
#2230 = B_SPLINE_CURVE_WITH_KNOTS('',1,(#2231,#2232),.UNSPECIFIED.,.F.,
  .F.,(2,2),(-0.663642495467,0.221214165156),.PIECEWISE_BEZIER_KNOTS.);
#2231 = CARTESIAN_POINT('',(0.884856660623,-1.));
#2232 = CARTESIAN_POINT('',(0.,-1.));
#2233 = ( GEOMETRIC_REPRESENTATION_CONTEXT(2) 
PARAMETRIC_REPRESENTATION_CONTEXT() REPRESENTATION_CONTEXT('2D SPACE',''
  ) );
#2234 = ORIENTED_EDGE('',*,*,#2235,.T.);
#2235 = EDGE_CURVE('',#2210,#2236,#2238,.T.);
#2236 = VERTEX_POINT('',#2237);
#2237 = CARTESIAN_POINT('',(-29.98096616142,-15.60710312734,67.5));
#2238 = SURFACE_CURVE('',#2239,(#2243,#2249),.PCURVE_S1.);
#2239 = LINE('',#2240,#2241);
#2240 = CARTESIAN_POINT('',(-30.08053431229,-15.40956353587,67.5));
#2241 = VECTOR('',#2242,1.);
#2242 = DIRECTION('',(0.450098441037,-0.892978943411,0.));
#2243 = PCURVE('',#318,#2244);
#2244 = DEFINITIONAL_REPRESENTATION('',(#2245),#2248);
#2245 = B_SPLINE_CURVE_WITH_KNOTS('',1,(#2246,#2247),.UNSPECIFIED.,.F.,
  .F.,(2,2),(-0.663642495467,0.221214165156),.PIECEWISE_BEZIER_KNOTS.);
#2246 = CARTESIAN_POINT('',(-30.37923876491,-14.81694476147));
#2247 = CARTESIAN_POINT('',(-29.98096616142,-15.60710312734));
#2248 = ( GEOMETRIC_REPRESENTATION_CONTEXT(2) 
PARAMETRIC_REPRESENTATION_CONTEXT() REPRESENTATION_CONTEXT('2D SPACE',''
  ) );
#2249 = PCURVE('',#2250,#2255);
#2250 = PLANE('',#2251);
#2251 = AXIS2_PLACEMENT_3D('',#2252,#2253,#2254);
#2252 = CARTESIAN_POINT('',(-29.98096616142,-15.60710312734,66.5));
#2253 = DIRECTION('',(-0.892978943411,-0.450098441037,0.));
#2254 = DIRECTION('',(-0.450098441037,0.892978943411,0.));
#2255 = DEFINITIONAL_REPRESENTATION('',(#2256),#2259);
#2256 = B_SPLINE_CURVE_WITH_KNOTS('',1,(#2257,#2258),.UNSPECIFIED.,.F.,
  .F.,(2,2),(-0.663642495467,0.221214165156),.PIECEWISE_BEZIER_KNOTS.);
#2257 = CARTESIAN_POINT('',(0.884856660623,-1.));
#2258 = CARTESIAN_POINT('',(0.,-1.));
#2259 = ( GEOMETRIC_REPRESENTATION_CONTEXT(2) 
PARAMETRIC_REPRESENTATION_CONTEXT() REPRESENTATION_CONTEXT('2D SPACE',''
  ) );
#2260 = ORIENTED_EDGE('',*,*,#2261,.T.);
#2261 = EDGE_CURVE('',#2236,#2262,#2264,.T.);
#2262 = VERTEX_POINT('',#2263);
#2263 = CARTESIAN_POINT('',(-29.56214610131,-16.38656516432,67.5));
#2264 = SURFACE_CURVE('',#2265,(#2269,#2275),.PCURVE_S1.);
#2265 = LINE('',#2266,#2267);
#2266 = CARTESIAN_POINT('',(-29.66685111634,-16.19169965508,67.5));
#2267 = VECTOR('',#2268,1.);
#2268 = DIRECTION('',(0.473319667185,-0.880890738205,0.));
#2269 = PCURVE('',#318,#2270);
#2270 = DEFINITIONAL_REPRESENTATION('',(#2271),#2274);
#2271 = B_SPLINE_CURVE_WITH_KNOTS('',1,(#2272,#2273),.UNSPECIFIED.,.F.,
  .F.,(2,2),(-0.663642495467,0.221214165156),.PIECEWISE_BEZIER_KNOTS.);
#2272 = CARTESIAN_POINT('',(-29.98096616142,-15.60710312734));
#2273 = CARTESIAN_POINT('',(-29.56214610131,-16.38656516432));
#2274 = ( GEOMETRIC_REPRESENTATION_CONTEXT(2) 
PARAMETRIC_REPRESENTATION_CONTEXT() REPRESENTATION_CONTEXT('2D SPACE',''
  ) );
#2275 = PCURVE('',#2276,#2281);
#2276 = PLANE('',#2277);
#2277 = AXIS2_PLACEMENT_3D('',#2278,#2279,#2280);
#2278 = CARTESIAN_POINT('',(-29.56214610131,-16.38656516432,66.5));
#2279 = DIRECTION('',(-0.880890738205,-0.473319667185,0.));
#2280 = DIRECTION('',(-0.473319667185,0.880890738205,0.));
#2281 = DEFINITIONAL_REPRESENTATION('',(#2282),#2285);
#2282 = B_SPLINE_CURVE_WITH_KNOTS('',1,(#2283,#2284),.UNSPECIFIED.,.F.,
  .F.,(2,2),(-0.663642495467,0.221214165156),.PIECEWISE_BEZIER_KNOTS.);
#2283 = CARTESIAN_POINT('',(0.884856660623,-1.));
#2284 = CARTESIAN_POINT('',(0.,-1.));
#2285 = ( GEOMETRIC_REPRESENTATION_CONTEXT(2) 
PARAMETRIC_REPRESENTATION_CONTEXT() REPRESENTATION_CONTEXT('2D SPACE',''
  ) );
#2286 = ORIENTED_EDGE('',*,*,#2287,.T.);
#2287 = EDGE_CURVE('',#2262,#2288,#2290,.T.);
#2288 = VERTEX_POINT('',#2289);
#2289 = CARTESIAN_POINT('',(-29.12306562292,-17.15479666807,67.5));
#2290 = SURFACE_CURVE('',#2291,(#2295,#2301),.PCURVE_S1.);
#2291 = LINE('',#2292,#2293);
#2292 = CARTESIAN_POINT('',(-29.23283574252,-16.96273879213,67.5));
#2293 = VECTOR('',#2294,1.);
#2294 = DIRECTION('',(0.496216503675,-0.868198814489,0.));
#2295 = PCURVE('',#318,#2296);
#2296 = DEFINITIONAL_REPRESENTATION('',(#2297),#2300);
#2297 = B_SPLINE_CURVE_WITH_KNOTS('',1,(#2298,#2299),.UNSPECIFIED.,.F.,
  .F.,(2,2),(-0.663642495467,0.221214165156),.PIECEWISE_BEZIER_KNOTS.);
#2298 = CARTESIAN_POINT('',(-29.56214610131,-16.38656516432));
#2299 = CARTESIAN_POINT('',(-29.12306562292,-17.15479666807));
#2300 = ( GEOMETRIC_REPRESENTATION_CONTEXT(2) 
PARAMETRIC_REPRESENTATION_CONTEXT() REPRESENTATION_CONTEXT('2D SPACE',''
  ) );
#2301 = PCURVE('',#2302,#2307);
#2302 = PLANE('',#2303);
#2303 = AXIS2_PLACEMENT_3D('',#2304,#2305,#2306);
#2304 = CARTESIAN_POINT('',(-29.12306562292,-17.15479666807,66.5));
#2305 = DIRECTION('',(-0.868198814489,-0.496216503675,0.));
#2306 = DIRECTION('',(-0.496216503675,0.868198814489,0.));
#2307 = DEFINITIONAL_REPRESENTATION('',(#2308),#2311);
#2308 = B_SPLINE_CURVE_WITH_KNOTS('',1,(#2309,#2310),.UNSPECIFIED.,.F.,
  .F.,(2,2),(-0.663642495467,0.221214165156),.PIECEWISE_BEZIER_KNOTS.);
#2309 = CARTESIAN_POINT('',(0.884856660623,-1.));
#2310 = CARTESIAN_POINT('',(0.,-1.));
#2311 = ( GEOMETRIC_REPRESENTATION_CONTEXT(2) 
PARAMETRIC_REPRESENTATION_CONTEXT() REPRESENTATION_CONTEXT('2D SPACE',''
  ) );
#2312 = ORIENTED_EDGE('',*,*,#2313,.T.);
#2313 = EDGE_CURVE('',#2288,#2314,#2316,.T.);
#2314 = VERTEX_POINT('',#2315);
#2315 = CARTESIAN_POINT('',(-28.66402565008,-17.91127113108,67.5));
#2316 = SURFACE_CURVE('',#2317,(#2321,#2327),.PCURVE_S1.);
#2317 = LINE('',#2318,#2319);
#2318 = CARTESIAN_POINT('',(-28.77878564329,-17.72215251533,67.5));
#2319 = VECTOR('',#2320,1.);
#2320 = DIRECTION('',(0.518773258161,-0.854911870673,0.));
#2321 = PCURVE('',#318,#2322);
#2322 = DEFINITIONAL_REPRESENTATION('',(#2323),#2326);
#2323 = B_SPLINE_CURVE_WITH_KNOTS('',1,(#2324,#2325),.UNSPECIFIED.,.F.,
  .F.,(2,2),(-0.663642495467,0.221214165156),.PIECEWISE_BEZIER_KNOTS.);
#2324 = CARTESIAN_POINT('',(-29.12306562292,-17.15479666807));
#2325 = CARTESIAN_POINT('',(-28.66402565008,-17.91127113108));
#2326 = ( GEOMETRIC_REPRESENTATION_CONTEXT(2) 
PARAMETRIC_REPRESENTATION_CONTEXT() REPRESENTATION_CONTEXT('2D SPACE',''
  ) );
#2327 = PCURVE('',#2328,#2333);
#2328 = PLANE('',#2329);
#2329 = AXIS2_PLACEMENT_3D('',#2330,#2331,#2332);
#2330 = CARTESIAN_POINT('',(-28.66402565008,-17.91127113108,66.5));
#2331 = DIRECTION('',(-0.854911870673,-0.518773258161,0.));
#2332 = DIRECTION('',(-0.518773258161,0.854911870673,0.));
#2333 = DEFINITIONAL_REPRESENTATION('',(#2334),#2337);
#2334 = B_SPLINE_CURVE_WITH_KNOTS('',1,(#2335,#2336),.UNSPECIFIED.,.F.,
  .F.,(2,2),(-0.663642495467,0.221214165156),.PIECEWISE_BEZIER_KNOTS.);
#2335 = CARTESIAN_POINT('',(0.884856660623,-1.));
#2336 = CARTESIAN_POINT('',(0.,-1.));
#2337 = ( GEOMETRIC_REPRESENTATION_CONTEXT(2) 
PARAMETRIC_REPRESENTATION_CONTEXT() REPRESENTATION_CONTEXT('2D SPACE',''
  ) );
#2338 = ORIENTED_EDGE('',*,*,#2339,.T.);
#2339 = EDGE_CURVE('',#2314,#2340,#2342,.T.);
#2340 = VERTEX_POINT('',#2341);
#2341 = CARTESIAN_POINT('',(-28.18534078587,-18.65547010354,67.5));
#2342 = SURFACE_CURVE('',#2343,(#2347,#2353),.PCURVE_S1.);
#2343 = LINE('',#2344,#2345);
#2344 = CARTESIAN_POINT('',(-28.30501200192,-18.46942036043,67.5));
#2345 = VECTOR('',#2346,1.);
#2346 = DIRECTION('',(0.540974471368,-0.841039012964,0.));
#2347 = PCURVE('',#318,#2348);
#2348 = DEFINITIONAL_REPRESENTATION('',(#2349),#2352);
#2349 = B_SPLINE_CURVE_WITH_KNOTS('',1,(#2350,#2351),.UNSPECIFIED.,.F.,
  .F.,(2,2),(-0.663642495467,0.221214165156),.PIECEWISE_BEZIER_KNOTS.);
#2350 = CARTESIAN_POINT('',(-28.66402565008,-17.91127113108));
#2351 = CARTESIAN_POINT('',(-28.18534078587,-18.65547010354));
#2352 = ( GEOMETRIC_REPRESENTATION_CONTEXT(2) 
PARAMETRIC_REPRESENTATION_CONTEXT() REPRESENTATION_CONTEXT('2D SPACE',''
  ) );
#2353 = PCURVE('',#2354,#2359);
#2354 = PLANE('',#2355);
#2355 = AXIS2_PLACEMENT_3D('',#2356,#2357,#2358);
#2356 = CARTESIAN_POINT('',(-28.18534078587,-18.65547010354,66.5));
#2357 = DIRECTION('',(-0.841039012964,-0.540974471368,0.));
#2358 = DIRECTION('',(-0.540974471368,0.841039012964,0.));
#2359 = DEFINITIONAL_REPRESENTATION('',(#2360),#2363);
#2360 = B_SPLINE_CURVE_WITH_KNOTS('',1,(#2361,#2362),.UNSPECIFIED.,.F.,
  .F.,(2,2),(-0.663642495467,0.221214165156),.PIECEWISE_BEZIER_KNOTS.);
#2361 = CARTESIAN_POINT('',(0.884856660623,-1.));
#2362 = CARTESIAN_POINT('',(0.,-1.));
#2363 = ( GEOMETRIC_REPRESENTATION_CONTEXT(2) 
PARAMETRIC_REPRESENTATION_CONTEXT() REPRESENTATION_CONTEXT('2D SPACE',''
  ) );
#2364 = ORIENTED_EDGE('',*,*,#2365,.T.);
#2365 = EDGE_CURVE('',#2340,#2366,#2368,.T.);
#2366 = VERTEX_POINT('',#2367);
#2367 = CARTESIAN_POINT('',(-27.68733909696,-19.38688354866,67.5));
#2368 = SURFACE_CURVE('',#2369,(#2373,#2379),.PCURVE_S1.);
#2369 = LINE('',#2370,#2371);
#2370 = CARTESIAN_POINT('',(-27.81183951919,-19.20403018738,67.5));
#2371 = VECTOR('',#2372,1.);
#2372 = DIRECTION('',(0.562804927695,-0.826589749127,0.));
#2373 = PCURVE('',#318,#2374);
#2374 = DEFINITIONAL_REPRESENTATION('',(#2375),#2378);
#2375 = B_SPLINE_CURVE_WITH_KNOTS('',1,(#2376,#2377),.UNSPECIFIED.,.F.,
  .F.,(2,2),(-0.663642495467,0.221214165156),.PIECEWISE_BEZIER_KNOTS.);
#2376 = CARTESIAN_POINT('',(-28.18534078587,-18.65547010354));
#2377 = CARTESIAN_POINT('',(-27.68733909696,-19.38688354866));
#2378 = ( GEOMETRIC_REPRESENTATION_CONTEXT(2) 
PARAMETRIC_REPRESENTATION_CONTEXT() REPRESENTATION_CONTEXT('2D SPACE',''
  ) );
#2379 = PCURVE('',#2380,#2385);
#2380 = PLANE('',#2381);
#2381 = AXIS2_PLACEMENT_3D('',#2382,#2383,#2384);
#2382 = CARTESIAN_POINT('',(-27.68733909696,-19.38688354866,66.5));
#2383 = DIRECTION('',(-0.826589749127,-0.562804927695,0.));
#2384 = DIRECTION('',(-0.562804927695,0.826589749127,0.));
#2385 = DEFINITIONAL_REPRESENTATION('',(#2386),#2389);
#2386 = B_SPLINE_CURVE_WITH_KNOTS('',1,(#2387,#2388),.UNSPECIFIED.,.F.,
  .F.,(2,2),(-0.663642495467,0.221214165156),.PIECEWISE_BEZIER_KNOTS.);
#2387 = CARTESIAN_POINT('',(0.884856660623,-1.));
#2388 = CARTESIAN_POINT('',(0.,-1.));
#2389 = ( GEOMETRIC_REPRESENTATION_CONTEXT(2) 
PARAMETRIC_REPRESENTATION_CONTEXT() REPRESENTATION_CONTEXT('2D SPACE',''
  ) );
#2390 = ORIENTED_EDGE('',*,*,#2391,.T.);
#2391 = EDGE_CURVE('',#2366,#2392,#2394,.T.);
#2392 = VERTEX_POINT('',#2393);
#2393 = CARTESIAN_POINT('',(-27.17036188886,-20.10501019219,67.5));
#2394 = SURFACE_CURVE('',#2395,(#2399,#2405),.PCURVE_S1.);
#2395 = LINE('',#2396,#2397);
#2396 = CARTESIAN_POINT('',(-27.29960619088,-19.92547853131,67.5));
#2397 = VECTOR('',#2398,1.);
#2398 = DIRECTION('',(0.584249665637,-0.811573981965,0.));
#2399 = PCURVE('',#318,#2400);
#2400 = DEFINITIONAL_REPRESENTATION('',(#2401),#2404);
#2401 = B_SPLINE_CURVE_WITH_KNOTS('',1,(#2402,#2403),.UNSPECIFIED.,.F.,
  .F.,(2,2),(-0.663642495467,0.221214165156),.PIECEWISE_BEZIER_KNOTS.);
#2402 = CARTESIAN_POINT('',(-27.68733909696,-19.38688354866));
#2403 = CARTESIAN_POINT('',(-27.17036188886,-20.10501019219));
#2404 = ( GEOMETRIC_REPRESENTATION_CONTEXT(2) 
PARAMETRIC_REPRESENTATION_CONTEXT() REPRESENTATION_CONTEXT('2D SPACE',''
  ) );
#2405 = PCURVE('',#2406,#2411);
#2406 = PLANE('',#2407);
#2407 = AXIS2_PLACEMENT_3D('',#2408,#2409,#2410);
#2408 = CARTESIAN_POINT('',(-27.17036188886,-20.10501019219,66.5));
#2409 = DIRECTION('',(-0.811573981965,-0.584249665637,0.));
#2410 = DIRECTION('',(-0.584249665637,0.811573981965,0.));
#2411 = DEFINITIONAL_REPRESENTATION('',(#2412),#2415);
#2412 = B_SPLINE_CURVE_WITH_KNOTS('',1,(#2413,#2414),.UNSPECIFIED.,.F.,
  .F.,(2,2),(-0.663642495467,0.221214165156),.PIECEWISE_BEZIER_KNOTS.);
#2413 = CARTESIAN_POINT('',(0.884856660623,-1.));
#2414 = CARTESIAN_POINT('',(0.,-1.));
#2415 = ( GEOMETRIC_REPRESENTATION_CONTEXT(2) 
PARAMETRIC_REPRESENTATION_CONTEXT() REPRESENTATION_CONTEXT('2D SPACE',''
  ) );
#2416 = ORIENTED_EDGE('',*,*,#2417,.T.);
#2417 = EDGE_CURVE('',#2392,#2418,#2420,.T.);
#2418 = VERTEX_POINT('',#2419);
#2419 = CARTESIAN_POINT('',(-26.6347634719,-20.809357866,67.5));
#2420 = SURFACE_CURVE('',#2421,(#2425,#2431),.PCURVE_S1.);
#2421 = LINE('',#2422,#2423);
#2422 = CARTESIAN_POINT('',(-26.76866307614,-20.63327094755,67.5));
#2423 = VECTOR('',#2424,1.);
#2424 = DIRECTION('',(0.605293988043,-0.796002002535,0.));
#2425 = PCURVE('',#318,#2426);
#2426 = DEFINITIONAL_REPRESENTATION('',(#2427),#2430);
#2427 = B_SPLINE_CURVE_WITH_KNOTS('',1,(#2428,#2429),.UNSPECIFIED.,.F.,
  .F.,(2,2),(-0.663642495467,0.221214165156),.PIECEWISE_BEZIER_KNOTS.);
#2428 = CARTESIAN_POINT('',(-27.17036188886,-20.10501019219));
#2429 = CARTESIAN_POINT('',(-26.6347634719,-20.809357866));
#2430 = ( GEOMETRIC_REPRESENTATION_CONTEXT(2) 
PARAMETRIC_REPRESENTATION_CONTEXT() REPRESENTATION_CONTEXT('2D SPACE',''
  ) );
#2431 = PCURVE('',#2432,#2437);
#2432 = PLANE('',#2433);
#2433 = AXIS2_PLACEMENT_3D('',#2434,#2435,#2436);
#2434 = CARTESIAN_POINT('',(-26.6347634719,-20.809357866,66.5));
#2435 = DIRECTION('',(-0.796002002535,-0.605293988043,0.));
#2436 = DIRECTION('',(-0.605293988043,0.796002002535,0.));
#2437 = DEFINITIONAL_REPRESENTATION('',(#2438),#2441);
#2438 = B_SPLINE_CURVE_WITH_KNOTS('',1,(#2439,#2440),.UNSPECIFIED.,.F.,
  .F.,(2,2),(-0.663642495467,0.221214165156),.PIECEWISE_BEZIER_KNOTS.);
#2439 = CARTESIAN_POINT('',(0.884856660623,-1.));
#2440 = CARTESIAN_POINT('',(0.,-1.));
#2441 = ( GEOMETRIC_REPRESENTATION_CONTEXT(2) 
PARAMETRIC_REPRESENTATION_CONTEXT() REPRESENTATION_CONTEXT('2D SPACE',''
  ) );
#2442 = ORIENTED_EDGE('',*,*,#2443,.T.);
#2443 = EDGE_CURVE('',#2418,#605,#2444,.T.);
#2444 = SURFACE_CURVE('',#2445,(#2449,#2455),.PCURVE_S1.);
#2445 = LINE('',#2446,#2447);
#2446 = CARTESIAN_POINT('',(-14.18419356492,-11.08190655586,67.5));
#2447 = VECTOR('',#2448,1.);
#2448 = DIRECTION('',(-0.788010753607,-0.615661475326,0.));
#2449 = PCURVE('',#318,#2450);
#2450 = DEFINITIONAL_REPRESENTATION('',(#2451),#2454);
#2451 = B_SPLINE_CURVE_WITH_KNOTS('',1,(#2452,#2453),.UNSPECIFIED.,.F.,
  .F.,(2,2),(15.8,18.),.PIECEWISE_BEZIER_KNOTS.);
#2452 = CARTESIAN_POINT('',(-26.6347634719,-20.809357866));
#2453 = CARTESIAN_POINT('',(-28.36838712984,-22.16381311172));
#2454 = ( GEOMETRIC_REPRESENTATION_CONTEXT(2) 
PARAMETRIC_REPRESENTATION_CONTEXT() REPRESENTATION_CONTEXT('2D SPACE',''
  ) );
#2455 = PCURVE('',#619,#2456);
#2456 = DEFINITIONAL_REPRESENTATION('',(#2457),#2460);
#2457 = B_SPLINE_CURVE_WITH_KNOTS('',1,(#2458,#2459),.UNSPECIFIED.,.F.,
  .F.,(2,2),(15.8,18.),.PIECEWISE_BEZIER_KNOTS.);
#2458 = CARTESIAN_POINT('',(2.2,-1.));
#2459 = CARTESIAN_POINT('',(0.,-1.));
#2460 = ( GEOMETRIC_REPRESENTATION_CONTEXT(2) 
PARAMETRIC_REPRESENTATION_CONTEXT() REPRESENTATION_CONTEXT('2D SPACE',''
  ) );
#2461 = ORIENTED_EDGE('',*,*,#630,.T.);
#2462 = ORIENTED_EDGE('',*,*,#1625,.T.);
#2463 = ORIENTED_EDGE('',*,*,#2464,.T.);
#2464 = EDGE_CURVE('',#1626,#2465,#2467,.T.);
#2465 = VERTEX_POINT('',#2466);
#2466 = CARTESIAN_POINT('',(18.655470103548,-28.18534078587,67.5));
#2467 = SURFACE_CURVE('',#2468,(#2472,#2478),.PCURVE_S1.);
#2468 = LINE('',#2469,#2470);
#2469 = CARTESIAN_POINT('',(18.469420360431,-28.30501200192,67.5));
#2470 = VECTOR('',#2471,1.);
#2471 = DIRECTION('',(0.841039012964,0.540974471368,-0.));
#2472 = PCURVE('',#318,#2473);
#2473 = DEFINITIONAL_REPRESENTATION('',(#2474),#2477);
#2474 = B_SPLINE_CURVE_WITH_KNOTS('',1,(#2475,#2476),.UNSPECIFIED.,.F.,
  .F.,(2,2),(-0.663642495467,0.221214165156),.PIECEWISE_BEZIER_KNOTS.);
#2475 = CARTESIAN_POINT('',(17.911271131082,-28.66402565008));
#2476 = CARTESIAN_POINT('',(18.655470103548,-28.18534078587));
#2477 = ( GEOMETRIC_REPRESENTATION_CONTEXT(2) 
PARAMETRIC_REPRESENTATION_CONTEXT() REPRESENTATION_CONTEXT('2D SPACE',''
  ) );
#2478 = PCURVE('',#1663,#2479);
#2479 = DEFINITIONAL_REPRESENTATION('',(#2480),#2483);
#2480 = B_SPLINE_CURVE_WITH_KNOTS('',1,(#2481,#2482),.UNSPECIFIED.,.F.,
  .F.,(2,2),(-0.663642495467,0.221214165156),.PIECEWISE_BEZIER_KNOTS.);
#2481 = CARTESIAN_POINT('',(0.884856660623,-1.));
#2482 = CARTESIAN_POINT('',(0.,-1.));
#2483 = ( GEOMETRIC_REPRESENTATION_CONTEXT(2) 
PARAMETRIC_REPRESENTATION_CONTEXT() REPRESENTATION_CONTEXT('2D SPACE',''
  ) );
#2484 = ORIENTED_EDGE('',*,*,#2485,.T.);
#2485 = EDGE_CURVE('',#2465,#2486,#2488,.T.);
#2486 = VERTEX_POINT('',#2487);
#2487 = CARTESIAN_POINT('',(19.386883548665,-27.68733909696,67.5));
#2488 = SURFACE_CURVE('',#2489,(#2493,#2499),.PCURVE_S1.);
#2489 = LINE('',#2490,#2491);
#2490 = CARTESIAN_POINT('',(19.204030187386,-27.81183951919,67.5));
#2491 = VECTOR('',#2492,1.);
#2492 = DIRECTION('',(0.826589749127,0.562804927695,-0.));
#2493 = PCURVE('',#318,#2494);
#2494 = DEFINITIONAL_REPRESENTATION('',(#2495),#2498);
#2495 = B_SPLINE_CURVE_WITH_KNOTS('',1,(#2496,#2497),.UNSPECIFIED.,.F.,
  .F.,(2,2),(-0.663642495467,0.221214165156),.PIECEWISE_BEZIER_KNOTS.);
#2496 = CARTESIAN_POINT('',(18.655470103548,-28.18534078587));
#2497 = CARTESIAN_POINT('',(19.386883548665,-27.68733909696));
#2498 = ( GEOMETRIC_REPRESENTATION_CONTEXT(2) 
PARAMETRIC_REPRESENTATION_CONTEXT() REPRESENTATION_CONTEXT('2D SPACE',''
  ) );
#2499 = PCURVE('',#2500,#2505);
#2500 = PLANE('',#2501);
#2501 = AXIS2_PLACEMENT_3D('',#2502,#2503,#2504);
#2502 = CARTESIAN_POINT('',(19.386883548665,-27.68733909696,66.5));
#2503 = DIRECTION('',(0.562804927695,-0.826589749127,0.));
#2504 = DIRECTION('',(-0.826589749127,-0.562804927695,0.));
#2505 = DEFINITIONAL_REPRESENTATION('',(#2506),#2509);
#2506 = B_SPLINE_CURVE_WITH_KNOTS('',1,(#2507,#2508),.UNSPECIFIED.,.F.,
  .F.,(2,2),(-0.663642495467,0.221214165156),.PIECEWISE_BEZIER_KNOTS.);
#2507 = CARTESIAN_POINT('',(0.884856660623,-1.));
#2508 = CARTESIAN_POINT('',(0.,-1.));
#2509 = ( GEOMETRIC_REPRESENTATION_CONTEXT(2) 
PARAMETRIC_REPRESENTATION_CONTEXT() REPRESENTATION_CONTEXT('2D SPACE',''
  ) );
#2510 = ORIENTED_EDGE('',*,*,#2511,.T.);
#2511 = EDGE_CURVE('',#2486,#2512,#2514,.T.);
#2512 = VERTEX_POINT('',#2513);
#2513 = CARTESIAN_POINT('',(20.105010192195,-27.17036188886,67.5));
#2514 = SURFACE_CURVE('',#2515,(#2519,#2525),.PCURVE_S1.);
#2515 = LINE('',#2516,#2517);
#2516 = CARTESIAN_POINT('',(19.925478531313,-27.29960619088,67.5));
#2517 = VECTOR('',#2518,1.);
#2518 = DIRECTION('',(0.811573981965,0.584249665637,-0.));
#2519 = PCURVE('',#318,#2520);
#2520 = DEFINITIONAL_REPRESENTATION('',(#2521),#2524);
#2521 = B_SPLINE_CURVE_WITH_KNOTS('',1,(#2522,#2523),.UNSPECIFIED.,.F.,
  .F.,(2,2),(-0.663642495467,0.221214165156),.PIECEWISE_BEZIER_KNOTS.);
#2522 = CARTESIAN_POINT('',(19.386883548665,-27.68733909696));
#2523 = CARTESIAN_POINT('',(20.105010192195,-27.17036188886));
#2524 = ( GEOMETRIC_REPRESENTATION_CONTEXT(2) 
PARAMETRIC_REPRESENTATION_CONTEXT() REPRESENTATION_CONTEXT('2D SPACE',''
  ) );
#2525 = PCURVE('',#2526,#2531);
#2526 = PLANE('',#2527);
#2527 = AXIS2_PLACEMENT_3D('',#2528,#2529,#2530);
#2528 = CARTESIAN_POINT('',(20.105010192195,-27.17036188886,66.5));
#2529 = DIRECTION('',(0.584249665637,-0.811573981965,0.));
#2530 = DIRECTION('',(-0.811573981965,-0.584249665637,0.));
#2531 = DEFINITIONAL_REPRESENTATION('',(#2532),#2535);
#2532 = B_SPLINE_CURVE_WITH_KNOTS('',1,(#2533,#2534),.UNSPECIFIED.,.F.,
  .F.,(2,2),(-0.663642495467,0.221214165156),.PIECEWISE_BEZIER_KNOTS.);
#2533 = CARTESIAN_POINT('',(0.884856660623,-1.));
#2534 = CARTESIAN_POINT('',(0.,-1.));
#2535 = ( GEOMETRIC_REPRESENTATION_CONTEXT(2) 
PARAMETRIC_REPRESENTATION_CONTEXT() REPRESENTATION_CONTEXT('2D SPACE',''
  ) );
#2536 = ORIENTED_EDGE('',*,*,#2537,.T.);
#2537 = EDGE_CURVE('',#2512,#2538,#2540,.T.);
#2538 = VERTEX_POINT('',#2539);
#2539 = CARTESIAN_POINT('',(20.809357866007,-26.6347634719,67.5));
#2540 = SURFACE_CURVE('',#2541,(#2545,#2551),.PCURVE_S1.);
#2541 = LINE('',#2542,#2543);
#2542 = CARTESIAN_POINT('',(20.633270947554,-26.76866307614,67.5));
#2543 = VECTOR('',#2544,1.);
#2544 = DIRECTION('',(0.796002002535,0.605293988043,-0.));
#2545 = PCURVE('',#318,#2546);
#2546 = DEFINITIONAL_REPRESENTATION('',(#2547),#2550);
#2547 = B_SPLINE_CURVE_WITH_KNOTS('',1,(#2548,#2549),.UNSPECIFIED.,.F.,
  .F.,(2,2),(-0.663642495467,0.221214165156),.PIECEWISE_BEZIER_KNOTS.);
#2548 = CARTESIAN_POINT('',(20.105010192195,-27.17036188886));
#2549 = CARTESIAN_POINT('',(20.809357866007,-26.6347634719));
#2550 = ( GEOMETRIC_REPRESENTATION_CONTEXT(2) 
PARAMETRIC_REPRESENTATION_CONTEXT() REPRESENTATION_CONTEXT('2D SPACE',''
  ) );
#2551 = PCURVE('',#2552,#2557);
#2552 = PLANE('',#2553);
#2553 = AXIS2_PLACEMENT_3D('',#2554,#2555,#2556);
#2554 = CARTESIAN_POINT('',(20.809357866007,-26.6347634719,66.5));
#2555 = DIRECTION('',(0.605293988043,-0.796002002535,0.));
#2556 = DIRECTION('',(-0.796002002535,-0.605293988043,0.));
#2557 = DEFINITIONAL_REPRESENTATION('',(#2558),#2561);
#2558 = B_SPLINE_CURVE_WITH_KNOTS('',1,(#2559,#2560),.UNSPECIFIED.,.F.,
  .F.,(2,2),(-0.663642495467,0.221214165156),.PIECEWISE_BEZIER_KNOTS.);
#2559 = CARTESIAN_POINT('',(0.884856660623,-1.));
#2560 = CARTESIAN_POINT('',(0.,-1.));
#2561 = ( GEOMETRIC_REPRESENTATION_CONTEXT(2) 
PARAMETRIC_REPRESENTATION_CONTEXT() REPRESENTATION_CONTEXT('2D SPACE',''
  ) );
#2562 = ORIENTED_EDGE('',*,*,#2563,.T.);
#2563 = EDGE_CURVE('',#2538,#2564,#2566,.T.);
#2564 = VERTEX_POINT('',#2565);
#2565 = CARTESIAN_POINT('',(21.499443845388,-26.0809109185,67.5));
#2566 = SURFACE_CURVE('',#2567,(#2571,#2577),.PCURVE_S1.);
#2567 = LINE('',#2568,#2569);
#2568 = CARTESIAN_POINT('',(21.326922350543,-26.21937405685,67.5));
#2569 = VECTOR('',#2570,1.);
#2570 = DIRECTION('',(0.779884483093,0.625923472184,-0.));
#2571 = PCURVE('',#318,#2572);
#2572 = DEFINITIONAL_REPRESENTATION('',(#2573),#2576);
#2573 = B_SPLINE_CURVE_WITH_KNOTS('',1,(#2574,#2575),.UNSPECIFIED.,.F.,
  .F.,(2,2),(-0.663642495467,0.221214165156),.PIECEWISE_BEZIER_KNOTS.);
#2574 = CARTESIAN_POINT('',(20.809357866007,-26.6347634719));
#2575 = CARTESIAN_POINT('',(21.499443845388,-26.0809109185));
#2576 = ( GEOMETRIC_REPRESENTATION_CONTEXT(2) 
PARAMETRIC_REPRESENTATION_CONTEXT() REPRESENTATION_CONTEXT('2D SPACE',''
  ) );
#2577 = PCURVE('',#2578,#2583);
#2578 = PLANE('',#2579);
#2579 = AXIS2_PLACEMENT_3D('',#2580,#2581,#2582);
#2580 = CARTESIAN_POINT('',(21.499443845388,-26.0809109185,66.5));
#2581 = DIRECTION('',(0.625923472184,-0.779884483093,0.));
#2582 = DIRECTION('',(-0.779884483093,-0.625923472184,0.));
#2583 = DEFINITIONAL_REPRESENTATION('',(#2584),#2587);
#2584 = B_SPLINE_CURVE_WITH_KNOTS('',1,(#2585,#2586),.UNSPECIFIED.,.F.,
  .F.,(2,2),(-0.663642495467,0.221214165156),.PIECEWISE_BEZIER_KNOTS.);
#2585 = CARTESIAN_POINT('',(0.884856660623,-1.));
#2586 = CARTESIAN_POINT('',(0.,-1.));
#2587 = ( GEOMETRIC_REPRESENTATION_CONTEXT(2) 
PARAMETRIC_REPRESENTATION_CONTEXT() REPRESENTATION_CONTEXT('2D SPACE',''
  ) );
#2588 = ORIENTED_EDGE('',*,*,#2589,.T.);
#2589 = EDGE_CURVE('',#2564,#2590,#2592,.T.);
#2590 = VERTEX_POINT('',#2591);
#2591 = CARTESIAN_POINT('',(22.174795179879,-25.50918381153,67.5));
#2592 = SURFACE_CURVE('',#2593,(#2597,#2603),.PCURVE_S1.);
#2593 = LINE('',#2594,#2595);
#2594 = CARTESIAN_POINT('',(22.005957346256,-25.65211558827,67.5));
#2595 = VECTOR('',#2596,1.);
#2596 = DIRECTION('',(0.763232469783,0.646123979643,-0.));
#2597 = PCURVE('',#318,#2598);
#2598 = DEFINITIONAL_REPRESENTATION('',(#2599),#2602);
#2599 = B_SPLINE_CURVE_WITH_KNOTS('',1,(#2600,#2601),.UNSPECIFIED.,.F.,
  .F.,(2,2),(-0.663642495467,0.221214165156),.PIECEWISE_BEZIER_KNOTS.);
#2600 = CARTESIAN_POINT('',(21.499443845388,-26.0809109185));
#2601 = CARTESIAN_POINT('',(22.174795179879,-25.50918381153));
#2602 = ( GEOMETRIC_REPRESENTATION_CONTEXT(2) 
PARAMETRIC_REPRESENTATION_CONTEXT() REPRESENTATION_CONTEXT('2D SPACE',''
  ) );
#2603 = PCURVE('',#2604,#2609);
#2604 = PLANE('',#2605);
#2605 = AXIS2_PLACEMENT_3D('',#2606,#2607,#2608);
#2606 = CARTESIAN_POINT('',(22.174795179879,-25.50918381153,66.5));
#2607 = DIRECTION('',(0.646123979643,-0.763232469783,0.));
#2608 = DIRECTION('',(-0.763232469783,-0.646123979643,0.));
#2609 = DEFINITIONAL_REPRESENTATION('',(#2610),#2613);
#2610 = B_SPLINE_CURVE_WITH_KNOTS('',1,(#2611,#2612),.UNSPECIFIED.,.F.,
  .F.,(2,2),(-0.663642495467,0.221214165156),.PIECEWISE_BEZIER_KNOTS.);
#2611 = CARTESIAN_POINT('',(0.884856660623,-1.));
#2612 = CARTESIAN_POINT('',(0.,-1.));
#2613 = ( GEOMETRIC_REPRESENTATION_CONTEXT(2) 
PARAMETRIC_REPRESENTATION_CONTEXT() REPRESENTATION_CONTEXT('2D SPACE',''
  ) );
#2614 = ORIENTED_EDGE('',*,*,#2615,.T.);
#2615 = EDGE_CURVE('',#2590,#2616,#2618,.T.);
#2616 = VERTEX_POINT('',#2617);
#2617 = CARTESIAN_POINT('',(22.834949017409,-24.91997398418,67.5));
#2618 = SURFACE_CURVE('',#2619,(#2623,#2629),.PCURVE_S1.);
#2619 = LINE('',#2620,#2621);
#2620 = CARTESIAN_POINT('',(22.669910558027,-25.06727644101,67.5));
#2621 = VECTOR('',#2622,1.);
#2622 = DIRECTION('',(0.746057375062,0.665881666001,-0.));
#2623 = PCURVE('',#318,#2624);
#2624 = DEFINITIONAL_REPRESENTATION('',(#2625),#2628);
#2625 = B_SPLINE_CURVE_WITH_KNOTS('',1,(#2626,#2627),.UNSPECIFIED.,.F.,
  .F.,(2,2),(-0.663642495467,0.221214165156),.PIECEWISE_BEZIER_KNOTS.);
#2626 = CARTESIAN_POINT('',(22.174795179879,-25.50918381153));
#2627 = CARTESIAN_POINT('',(22.834949017409,-24.91997398418));
#2628 = ( GEOMETRIC_REPRESENTATION_CONTEXT(2) 
PARAMETRIC_REPRESENTATION_CONTEXT() REPRESENTATION_CONTEXT('2D SPACE',''
  ) );
#2629 = PCURVE('',#2630,#2635);
#2630 = PLANE('',#2631);
#2631 = AXIS2_PLACEMENT_3D('',#2632,#2633,#2634);
#2632 = CARTESIAN_POINT('',(22.834949017409,-24.91997398418,66.5));
#2633 = DIRECTION('',(0.665881666001,-0.746057375062,0.));
#2634 = DIRECTION('',(-0.746057375062,-0.665881666001,0.));
#2635 = DEFINITIONAL_REPRESENTATION('',(#2636),#2639);
#2636 = B_SPLINE_CURVE_WITH_KNOTS('',1,(#2637,#2638),.UNSPECIFIED.,.F.,
  .F.,(2,2),(-0.663642495467,0.221214165156),.PIECEWISE_BEZIER_KNOTS.);
#2637 = CARTESIAN_POINT('',(0.884856660623,-1.));
#2638 = CARTESIAN_POINT('',(0.,-1.));
#2639 = ( GEOMETRIC_REPRESENTATION_CONTEXT(2) 
PARAMETRIC_REPRESENTATION_CONTEXT() REPRESENTATION_CONTEXT('2D SPACE',''
  ) );
#2640 = ORIENTED_EDGE('',*,*,#2641,.T.);
#2641 = EDGE_CURVE('',#2616,#2642,#2644,.T.);
#2642 = VERTEX_POINT('',#2643);
#2643 = CARTESIAN_POINT('',(23.479452921514,-24.31368525144,67.5));
#2644 = SURFACE_CURVE('',#2645,(#2649,#2655),.PCURVE_S1.);
#2645 = LINE('',#2646,#2647);
#2646 = CARTESIAN_POINT('',(23.318326945488,-24.46525743463,67.5));
#2647 = VECTOR('',#2648,1.);
#2648 = DIRECTION('',(0.728370969882,0.685182990326,-0.));
#2649 = PCURVE('',#318,#2650);
#2650 = DEFINITIONAL_REPRESENTATION('',(#2651),#2654);
#2651 = B_SPLINE_CURVE_WITH_KNOTS('',1,(#2652,#2653),.UNSPECIFIED.,.F.,
  .F.,(2,2),(-0.663642495467,0.221214165156),.PIECEWISE_BEZIER_KNOTS.);
#2652 = CARTESIAN_POINT('',(22.834949017409,-24.91997398418));
#2653 = CARTESIAN_POINT('',(23.479452921514,-24.31368525144));
#2654 = ( GEOMETRIC_REPRESENTATION_CONTEXT(2) 
PARAMETRIC_REPRESENTATION_CONTEXT() REPRESENTATION_CONTEXT('2D SPACE',''
  ) );
#2655 = PCURVE('',#2656,#2661);
#2656 = PLANE('',#2657);
#2657 = AXIS2_PLACEMENT_3D('',#2658,#2659,#2660);
#2658 = CARTESIAN_POINT('',(23.479452921514,-24.31368525144,66.5));
#2659 = DIRECTION('',(0.685182990326,-0.728370969882,0.));
#2660 = DIRECTION('',(-0.728370969882,-0.685182990326,0.));
#2661 = DEFINITIONAL_REPRESENTATION('',(#2662),#2665);
#2662 = B_SPLINE_CURVE_WITH_KNOTS('',1,(#2663,#2664),.UNSPECIFIED.,.F.,
  .F.,(2,2),(-0.663642495467,0.221214165156),.PIECEWISE_BEZIER_KNOTS.);
#2663 = CARTESIAN_POINT('',(0.884856660623,-1.));
#2664 = CARTESIAN_POINT('',(0.,-1.));
#2665 = ( GEOMETRIC_REPRESENTATION_CONTEXT(2) 
PARAMETRIC_REPRESENTATION_CONTEXT() REPRESENTATION_CONTEXT('2D SPACE',''
  ) );
#2666 = ORIENTED_EDGE('',*,*,#2667,.T.);
#2667 = EDGE_CURVE('',#2642,#2668,#2670,.T.);
#2668 = VERTEX_POINT('',#2669);
#2669 = CARTESIAN_POINT('',(24.107865181411,-23.69073313333,67.5));
#2670 = SURFACE_CURVE('',#2671,(#2675,#2681),.PCURVE_S1.);
#2671 = LINE('',#2672,#2673);
#2672 = CARTESIAN_POINT('',(23.950762116437,-23.84647116286,67.5));
#2673 = VECTOR('',#2674,1.);
#2674 = DIRECTION('',(0.710185375623,0.704014724456,-0.));
#2675 = PCURVE('',#318,#2676);
#2676 = DEFINITIONAL_REPRESENTATION('',(#2677),#2680);
#2677 = B_SPLINE_CURVE_WITH_KNOTS('',1,(#2678,#2679),.UNSPECIFIED.,.F.,
  .F.,(2,2),(-0.663642495467,0.221214165156),.PIECEWISE_BEZIER_KNOTS.);
#2678 = CARTESIAN_POINT('',(23.479452921514,-24.31368525144));
#2679 = CARTESIAN_POINT('',(24.107865181411,-23.69073313333));
#2680 = ( GEOMETRIC_REPRESENTATION_CONTEXT(2) 
PARAMETRIC_REPRESENTATION_CONTEXT() REPRESENTATION_CONTEXT('2D SPACE',''
  ) );
#2681 = PCURVE('',#2682,#2687);
#2682 = PLANE('',#2683);
#2683 = AXIS2_PLACEMENT_3D('',#2684,#2685,#2686);
#2684 = CARTESIAN_POINT('',(24.107865181411,-23.69073313333,66.5));
#2685 = DIRECTION('',(0.704014724456,-0.710185375623,0.));
#2686 = DIRECTION('',(-0.710185375623,-0.704014724456,0.));
#2687 = DEFINITIONAL_REPRESENTATION('',(#2688),#2691);
#2688 = B_SPLINE_CURVE_WITH_KNOTS('',1,(#2689,#2690),.UNSPECIFIED.,.F.,
  .F.,(2,2),(-0.663642495467,0.221214165156),.PIECEWISE_BEZIER_KNOTS.);
#2689 = CARTESIAN_POINT('',(0.884856660623,-1.));
#2690 = CARTESIAN_POINT('',(0.,-1.));
#2691 = ( GEOMETRIC_REPRESENTATION_CONTEXT(2) 
PARAMETRIC_REPRESENTATION_CONTEXT() REPRESENTATION_CONTEXT('2D SPACE',''
  ) );
#2692 = ORIENTED_EDGE('',*,*,#2693,.T.);
#2693 = EDGE_CURVE('',#2668,#2694,#2696,.T.);
#2694 = VERTEX_POINT('',#2695);
#2695 = CARTESIAN_POINT('',(24.719755114728,-23.05154457011,67.5));
#2696 = SURFACE_CURVE('',#2697,(#2701,#2707),.PCURVE_S1.);
#2697 = LINE('',#2698,#2699);
#2698 = CARTESIAN_POINT('',(24.566782631399,-23.21134171091,67.5));
#2699 = VECTOR('',#2700,1.);
#2700 = DIRECTION('',(0.691513055782,0.72236396206,-0.));
#2701 = PCURVE('',#318,#2702);
#2702 = DEFINITIONAL_REPRESENTATION('',(#2703),#2706);
#2703 = B_SPLINE_CURVE_WITH_KNOTS('',1,(#2704,#2705),.UNSPECIFIED.,.F.,
  .F.,(2,2),(-0.663642495467,0.221214165156),.PIECEWISE_BEZIER_KNOTS.);
#2704 = CARTESIAN_POINT('',(24.107865181411,-23.69073313333));
#2705 = CARTESIAN_POINT('',(24.719755114728,-23.05154457011));
#2706 = ( GEOMETRIC_REPRESENTATION_CONTEXT(2) 
PARAMETRIC_REPRESENTATION_CONTEXT() REPRESENTATION_CONTEXT('2D SPACE',''
  ) );
#2707 = PCURVE('',#2708,#2713);
#2708 = PLANE('',#2709);
#2709 = AXIS2_PLACEMENT_3D('',#2710,#2711,#2712);
#2710 = CARTESIAN_POINT('',(24.719755114728,-23.05154457011,66.5));
#2711 = DIRECTION('',(0.72236396206,-0.691513055782,0.));
#2712 = DIRECTION('',(-0.691513055782,-0.72236396206,0.));
#2713 = DEFINITIONAL_REPRESENTATION('',(#2714),#2717);
#2714 = B_SPLINE_CURVE_WITH_KNOTS('',1,(#2715,#2716),.UNSPECIFIED.,.F.,
  .F.,(2,2),(-0.663642495467,0.221214165156),.PIECEWISE_BEZIER_KNOTS.);
#2715 = CARTESIAN_POINT('',(0.884856660623,-1.));
#2716 = CARTESIAN_POINT('',(0.,-1.));
#2717 = ( GEOMETRIC_REPRESENTATION_CONTEXT(2) 
PARAMETRIC_REPRESENTATION_CONTEXT() REPRESENTATION_CONTEXT('2D SPACE',''
  ) );
#2718 = ORIENTED_EDGE('',*,*,#2719,.T.);
#2719 = EDGE_CURVE('',#2694,#2720,#2722,.T.);
#2720 = VERTEX_POINT('',#2721);
#2721 = CARTESIAN_POINT('',(25.314703362668,-22.39655762969,67.5));
#2722 = SURFACE_CURVE('',#2723,(#2727,#2733),.PCURVE_S1.);
#2723 = LINE('',#2724,#2725);
#2724 = CARTESIAN_POINT('',(25.165966300683,-22.56030436479,67.5));
#2725 = VECTOR('',#2726,1.);
#2726 = DIRECTION('',(0.672366807435,0.740218127487,-0.));
#2727 = PCURVE('',#318,#2728);
#2728 = DEFINITIONAL_REPRESENTATION('',(#2729),#2732);
#2729 = B_SPLINE_CURVE_WITH_KNOTS('',1,(#2730,#2731),.UNSPECIFIED.,.F.,
  .F.,(2,2),(-0.663642495467,0.221214165156),.PIECEWISE_BEZIER_KNOTS.);
#2730 = CARTESIAN_POINT('',(24.719755114728,-23.05154457011));
#2731 = CARTESIAN_POINT('',(25.314703362668,-22.39655762969));
#2732 = ( GEOMETRIC_REPRESENTATION_CONTEXT(2) 
PARAMETRIC_REPRESENTATION_CONTEXT() REPRESENTATION_CONTEXT('2D SPACE',''
  ) );
#2733 = PCURVE('',#2734,#2739);
#2734 = PLANE('',#2735);
#2735 = AXIS2_PLACEMENT_3D('',#2736,#2737,#2738);
#2736 = CARTESIAN_POINT('',(25.314703362668,-22.39655762969,66.5));
#2737 = DIRECTION('',(0.740218127487,-0.672366807435,0.));
#2738 = DIRECTION('',(-0.672366807435,-0.740218127487,0.));
#2739 = DEFINITIONAL_REPRESENTATION('',(#2740),#2743);
#2740 = B_SPLINE_CURVE_WITH_KNOTS('',1,(#2741,#2742),.UNSPECIFIED.,.F.,
  .F.,(2,2),(-0.663642495467,0.221214165156),.PIECEWISE_BEZIER_KNOTS.);
#2741 = CARTESIAN_POINT('',(0.884856660623,-1.));
#2742 = CARTESIAN_POINT('',(0.,-1.));
#2743 = ( GEOMETRIC_REPRESENTATION_CONTEXT(2) 
PARAMETRIC_REPRESENTATION_CONTEXT() REPRESENTATION_CONTEXT('2D SPACE',''
  ) );
#2744 = ORIENTED_EDGE('',*,*,#2745,.T.);
#2745 = EDGE_CURVE('',#2720,#2746,#2748,.T.);
#2746 = VERTEX_POINT('',#2747);
#2747 = CARTESIAN_POINT('',(25.892302177421,-21.7262212074,67.5));
#2748 = SURFACE_CURVE('',#2749,(#2753,#2759),.PCURVE_S1.);
#2749 = LINE('',#2750,#2751);
#2750 = CARTESIAN_POINT('',(25.747902473733,-21.89380531297,67.5));
#2751 = VECTOR('',#2752,1.);
#2752 = DIRECTION('',(0.652759752463,0.757564984384,-0.));
#2753 = PCURVE('',#318,#2754);
#2754 = DEFINITIONAL_REPRESENTATION('',(#2755),#2758);
#2755 = B_SPLINE_CURVE_WITH_KNOTS('',1,(#2756,#2757),.UNSPECIFIED.,.F.,
  .F.,(2,2),(-0.663642495467,0.221214165156),.PIECEWISE_BEZIER_KNOTS.);
#2756 = CARTESIAN_POINT('',(25.314703362668,-22.39655762969));
#2757 = CARTESIAN_POINT('',(25.892302177421,-21.7262212074));
#2758 = ( GEOMETRIC_REPRESENTATION_CONTEXT(2) 
PARAMETRIC_REPRESENTATION_CONTEXT() REPRESENTATION_CONTEXT('2D SPACE',''
  ) );
#2759 = PCURVE('',#2760,#2765);
#2760 = PLANE('',#2761);
#2761 = AXIS2_PLACEMENT_3D('',#2762,#2763,#2764);
#2762 = CARTESIAN_POINT('',(25.892302177421,-21.7262212074,66.5));
#2763 = DIRECTION('',(0.757564984384,-0.652759752463,0.));
#2764 = DIRECTION('',(-0.652759752463,-0.757564984384,0.));
#2765 = DEFINITIONAL_REPRESENTATION('',(#2766),#2769);
#2766 = B_SPLINE_CURVE_WITH_KNOTS('',1,(#2767,#2768),.UNSPECIFIED.,.F.,
  .F.,(2,2),(-0.663642495467,0.221214165156),.PIECEWISE_BEZIER_KNOTS.);
#2767 = CARTESIAN_POINT('',(0.884856660623,-1.));
#2768 = CARTESIAN_POINT('',(0.,-1.));
#2769 = ( GEOMETRIC_REPRESENTATION_CONTEXT(2) 
PARAMETRIC_REPRESENTATION_CONTEXT() REPRESENTATION_CONTEXT('2D SPACE',''
  ) );
#2770 = ORIENTED_EDGE('',*,*,#2771,.T.);
#2771 = EDGE_CURVE('',#2746,#2772,#2774,.T.);
#2772 = VERTEX_POINT('',#2773);
#2773 = CARTESIAN_POINT('',(26.452155701612,-21.04099471835,67.5));
#2774 = SURFACE_CURVE('',#2775,(#2779,#2785),.PCURVE_S1.);
#2775 = LINE('',#2776,#2777);
#2776 = CARTESIAN_POINT('',(26.312192320564,-21.21230134061,67.5));
#2777 = VECTOR('',#2778,1.);
#2778 = DIRECTION('',(0.632705328563,0.774392644082,-0.));
#2779 = PCURVE('',#318,#2780);
#2780 = DEFINITIONAL_REPRESENTATION('',(#2781),#2784);
#2781 = B_SPLINE_CURVE_WITH_KNOTS('',1,(#2782,#2783),.UNSPECIFIED.,.F.,
  .F.,(2,2),(-0.663642495467,0.221214165156),.PIECEWISE_BEZIER_KNOTS.);
#2782 = CARTESIAN_POINT('',(25.892302177421,-21.7262212074));
#2783 = CARTESIAN_POINT('',(26.452155701612,-21.04099471835));
#2784 = ( GEOMETRIC_REPRESENTATION_CONTEXT(2) 
PARAMETRIC_REPRESENTATION_CONTEXT() REPRESENTATION_CONTEXT('2D SPACE',''
  ) );
#2785 = PCURVE('',#2786,#2791);
#2786 = PLANE('',#2787);
#2787 = AXIS2_PLACEMENT_3D('',#2788,#2789,#2790);
#2788 = CARTESIAN_POINT('',(26.452155701612,-21.04099471835,66.5));
#2789 = DIRECTION('',(0.774392644082,-0.632705328563,0.));
#2790 = DIRECTION('',(-0.632705328563,-0.774392644082,0.));
#2791 = DEFINITIONAL_REPRESENTATION('',(#2792),#2795);
#2792 = B_SPLINE_CURVE_WITH_KNOTS('',1,(#2793,#2794),.UNSPECIFIED.,.F.,
  .F.,(2,2),(-0.663642495467,0.221214165156),.PIECEWISE_BEZIER_KNOTS.);
#2793 = CARTESIAN_POINT('',(0.884856660623,-1.));
#2794 = CARTESIAN_POINT('',(0.,-1.));
#2795 = ( GEOMETRIC_REPRESENTATION_CONTEXT(2) 
PARAMETRIC_REPRESENTATION_CONTEXT() REPRESENTATION_CONTEXT('2D SPACE',''
  ) );
#2796 = ORIENTED_EDGE('',*,*,#2797,.T.);
#2797 = EDGE_CURVE('',#2772,#2798,#2800,.T.);
#2798 = VERTEX_POINT('',#2799);
#2799 = CARTESIAN_POINT('',(26.993880239598,-20.34134778253,67.5));
#2800 = SURFACE_CURVE('',#2801,(#2805,#2811),.PCURVE_S1.);
#2801 = LINE('',#2802,#2803);
#2802 = CARTESIAN_POINT('',(26.858449105102,-20.51625951649,67.5));
#2803 = VECTOR('',#2804,1.);
#2804 = DIRECTION('',(0.612217280034,0.790689573744,-0.));
#2805 = PCURVE('',#318,#2806);
#2806 = DEFINITIONAL_REPRESENTATION('',(#2807),#2810);
#2807 = B_SPLINE_CURVE_WITH_KNOTS('',1,(#2808,#2809),.UNSPECIFIED.,.F.,
  .F.,(2,2),(-0.663642495467,0.221214165156),.PIECEWISE_BEZIER_KNOTS.);
#2808 = CARTESIAN_POINT('',(26.452155701612,-21.04099471835));
#2809 = CARTESIAN_POINT('',(26.993880239599,-20.34134778253));
#2810 = ( GEOMETRIC_REPRESENTATION_CONTEXT(2) 
PARAMETRIC_REPRESENTATION_CONTEXT() REPRESENTATION_CONTEXT('2D SPACE',''
  ) );
#2811 = PCURVE('',#2812,#2817);
#2812 = PLANE('',#2813);
#2813 = AXIS2_PLACEMENT_3D('',#2814,#2815,#2816);
#2814 = CARTESIAN_POINT('',(26.993880239598,-20.34134778253,66.5));
#2815 = DIRECTION('',(0.790689573744,-0.612217280034,0.));
#2816 = DIRECTION('',(-0.612217280034,-0.790689573744,0.));
#2817 = DEFINITIONAL_REPRESENTATION('',(#2818),#2821);
#2818 = B_SPLINE_CURVE_WITH_KNOTS('',1,(#2819,#2820),.UNSPECIFIED.,.F.,
  .F.,(2,2),(-0.663642495467,0.221214165156),.PIECEWISE_BEZIER_KNOTS.);
#2819 = CARTESIAN_POINT('',(0.884856660623,-1.));
#2820 = CARTESIAN_POINT('',(0.,-1.));
#2821 = ( GEOMETRIC_REPRESENTATION_CONTEXT(2) 
PARAMETRIC_REPRESENTATION_CONTEXT() REPRESENTATION_CONTEXT('2D SPACE',''
  ) );
#2822 = ORIENTED_EDGE('',*,*,#2823,.T.);
#2823 = EDGE_CURVE('',#2798,#2824,#2826,.T.);
#2824 = VERTEX_POINT('',#2825);
#2825 = CARTESIAN_POINT('',(27.517104520444,-19.62775990303,67.5));
#2826 = SURFACE_CURVE('',#2827,(#2831,#2837),.PCURVE_S1.);
#2827 = LINE('',#2828,#2829);
#2828 = CARTESIAN_POINT('',(27.386298450232,-19.8061568729,67.5));
#2829 = VECTOR('',#2830,1.);
#2830 = DIRECTION('',(0.591309648364,0.806444604267,-0.));
#2831 = PCURVE('',#318,#2832);
#2832 = DEFINITIONAL_REPRESENTATION('',(#2833),#2836);
#2833 = B_SPLINE_CURVE_WITH_KNOTS('',1,(#2834,#2835),.UNSPECIFIED.,.F.,
  .F.,(2,2),(-0.663642495467,0.221214165156),.PIECEWISE_BEZIER_KNOTS.);
#2834 = CARTESIAN_POINT('',(26.993880239599,-20.34134778253));
#2835 = CARTESIAN_POINT('',(27.517104520444,-19.62775990303));
#2836 = ( GEOMETRIC_REPRESENTATION_CONTEXT(2) 
PARAMETRIC_REPRESENTATION_CONTEXT() REPRESENTATION_CONTEXT('2D SPACE',''
  ) );
#2837 = PCURVE('',#2838,#2843);
#2838 = PLANE('',#2839);
#2839 = AXIS2_PLACEMENT_3D('',#2840,#2841,#2842);
#2840 = CARTESIAN_POINT('',(27.517104520444,-19.62775990303,66.5));
#2841 = DIRECTION('',(0.806444604267,-0.591309648364,0.));
#2842 = DIRECTION('',(-0.591309648364,-0.806444604267,0.));
#2843 = DEFINITIONAL_REPRESENTATION('',(#2844),#2847);
#2844 = B_SPLINE_CURVE_WITH_KNOTS('',1,(#2845,#2846),.UNSPECIFIED.,.F.,
  .F.,(2,2),(-0.663642495467,0.221214165156),.PIECEWISE_BEZIER_KNOTS.);
#2845 = CARTESIAN_POINT('',(0.884856660623,-1.));
#2846 = CARTESIAN_POINT('',(0.,-1.));
#2847 = ( GEOMETRIC_REPRESENTATION_CONTEXT(2) 
PARAMETRIC_REPRESENTATION_CONTEXT() REPRESENTATION_CONTEXT('2D SPACE',''
  ) );
#2848 = ORIENTED_EDGE('',*,*,#2849,.T.);
#2849 = EDGE_CURVE('',#2824,#2850,#2852,.T.);
#2850 = VERTEX_POINT('',#2851);
#2851 = CARTESIAN_POINT('',(28.02146995236,-18.90072013731,67.5));
#2852 = SURFACE_CURVE('',#2853,(#2857,#2863),.PCURVE_S1.);
#2853 = LINE('',#2854,#2855);
#2854 = CARTESIAN_POINT('',(27.895378594381,-19.08248007874,67.5));
#2855 = VECTOR('',#2856,1.);
#2856 = DIRECTION('',(0.569996762596,0.821646937942,-0.));
#2857 = PCURVE('',#318,#2858);
#2858 = DEFINITIONAL_REPRESENTATION('',(#2859),#2862);
#2859 = B_SPLINE_CURVE_WITH_KNOTS('',1,(#2860,#2861),.UNSPECIFIED.,.F.,
  .F.,(2,2),(-0.663642495467,0.221214165156),.PIECEWISE_BEZIER_KNOTS.);
#2860 = CARTESIAN_POINT('',(27.517104520444,-19.62775990303));
#2861 = CARTESIAN_POINT('',(28.02146995236,-18.90072013731));
#2862 = ( GEOMETRIC_REPRESENTATION_CONTEXT(2) 
PARAMETRIC_REPRESENTATION_CONTEXT() REPRESENTATION_CONTEXT('2D SPACE',''
  ) );
#2863 = PCURVE('',#2864,#2869);
#2864 = PLANE('',#2865);
#2865 = AXIS2_PLACEMENT_3D('',#2866,#2867,#2868);
#2866 = CARTESIAN_POINT('',(28.02146995236,-18.90072013731,66.5));
#2867 = DIRECTION('',(0.821646937942,-0.569996762596,0.));
#2868 = DIRECTION('',(-0.569996762596,-0.821646937942,0.));
#2869 = DEFINITIONAL_REPRESENTATION('',(#2870),#2873);
#2870 = B_SPLINE_CURVE_WITH_KNOTS('',1,(#2871,#2872),.UNSPECIFIED.,.F.,
  .F.,(2,2),(-0.663642495467,0.221214165156),.PIECEWISE_BEZIER_KNOTS.);
#2871 = CARTESIAN_POINT('',(0.884856660623,-1.));
#2872 = CARTESIAN_POINT('',(0.,-1.));
#2873 = ( GEOMETRIC_REPRESENTATION_CONTEXT(2) 
PARAMETRIC_REPRESENTATION_CONTEXT() REPRESENTATION_CONTEXT('2D SPACE',''
  ) );
#2874 = ORIENTED_EDGE('',*,*,#2875,.T.);
#2875 = EDGE_CURVE('',#2850,#2876,#2878,.T.);
#2876 = VERTEX_POINT('',#2877);
#2877 = CARTESIAN_POINT('',(28.506630868476,-18.16072676212,67.5));
#2878 = SURFACE_CURVE('',#2879,(#2883,#2889),.PCURVE_S1.);
#2879 = LINE('',#2880,#2881);
#2880 = CARTESIAN_POINT('',(28.385340639447,-18.34572510592,67.5));
#2881 = VECTOR('',#2882,1.);
#2882 = DIRECTION('',(0.54829322952,0.836286155848,-0.));
#2883 = PCURVE('',#318,#2884);
#2884 = DEFINITIONAL_REPRESENTATION('',(#2885),#2888);
#2885 = B_SPLINE_CURVE_WITH_KNOTS('',1,(#2886,#2887),.UNSPECIFIED.,.F.,
  .F.,(2,2),(-0.663642495467,0.221214165156),.PIECEWISE_BEZIER_KNOTS.);
#2886 = CARTESIAN_POINT('',(28.02146995236,-18.90072013731));
#2887 = CARTESIAN_POINT('',(28.506630868476,-18.16072676212));
#2888 = ( GEOMETRIC_REPRESENTATION_CONTEXT(2) 
PARAMETRIC_REPRESENTATION_CONTEXT() REPRESENTATION_CONTEXT('2D SPACE',''
  ) );
#2889 = PCURVE('',#2890,#2895);
#2890 = PLANE('',#2891);
#2891 = AXIS2_PLACEMENT_3D('',#2892,#2893,#2894);
#2892 = CARTESIAN_POINT('',(28.506630868476,-18.16072676212,66.5));
#2893 = DIRECTION('',(0.836286155848,-0.54829322952,0.));
#2894 = DIRECTION('',(-0.54829322952,-0.836286155848,0.));
#2895 = DEFINITIONAL_REPRESENTATION('',(#2896),#2899);
#2896 = B_SPLINE_CURVE_WITH_KNOTS('',1,(#2897,#2898),.UNSPECIFIED.,.F.,
  .F.,(2,2),(-0.663642495467,0.221214165156),.PIECEWISE_BEZIER_KNOTS.);
#2897 = CARTESIAN_POINT('',(0.884856660623,-1.));
#2898 = CARTESIAN_POINT('',(0.,-1.));
#2899 = ( GEOMETRIC_REPRESENTATION_CONTEXT(2) 
PARAMETRIC_REPRESENTATION_CONTEXT() REPRESENTATION_CONTEXT('2D SPACE',''
  ) );
#2900 = ORIENTED_EDGE('',*,*,#2901,.T.);
#2901 = EDGE_CURVE('',#2876,#2902,#2904,.T.);
#2902 = VERTEX_POINT('',#2903);
#2903 = CARTESIAN_POINT('',(28.972254763731,-17.40828693196,67.5));
#2904 = SURFACE_CURVE('',#2905,(#2909,#2915),.PCURVE_S1.);
#2905 = LINE('',#2906,#2907);
#2906 = CARTESIAN_POINT('',(28.855848789917,-17.5963968895,67.5));
#2907 = VECTOR('',#2908,1.);
#2908 = DIRECTION('',(0.526213923652,0.850352224996,-0.));
#2909 = PCURVE('',#318,#2910);
#2910 = DEFINITIONAL_REPRESENTATION('',(#2911),#2914);
#2911 = B_SPLINE_CURVE_WITH_KNOTS('',1,(#2912,#2913),.UNSPECIFIED.,.F.,
  .F.,(2,2),(-0.663642495467,0.221214165156),.PIECEWISE_BEZIER_KNOTS.);
#2912 = CARTESIAN_POINT('',(28.506630868476,-18.16072676212));
#2913 = CARTESIAN_POINT('',(28.972254763731,-17.40828693196));
#2914 = ( GEOMETRIC_REPRESENTATION_CONTEXT(2) 
PARAMETRIC_REPRESENTATION_CONTEXT() REPRESENTATION_CONTEXT('2D SPACE',''
  ) );
#2915 = PCURVE('',#2916,#2921);
#2916 = PLANE('',#2917);
#2917 = AXIS2_PLACEMENT_3D('',#2918,#2919,#2920);
#2918 = CARTESIAN_POINT('',(28.972254763731,-17.40828693196,66.5));
#2919 = DIRECTION('',(0.850352224996,-0.526213923652,0.));
#2920 = DIRECTION('',(-0.526213923652,-0.850352224996,0.));
#2921 = DEFINITIONAL_REPRESENTATION('',(#2922),#2925);
#2922 = B_SPLINE_CURVE_WITH_KNOTS('',1,(#2923,#2924),.UNSPECIFIED.,.F.,
  .F.,(2,2),(-0.663642495467,0.221214165156),.PIECEWISE_BEZIER_KNOTS.);
#2923 = CARTESIAN_POINT('',(0.884856660623,-1.));
#2924 = CARTESIAN_POINT('',(0.,-1.));
#2925 = ( GEOMETRIC_REPRESENTATION_CONTEXT(2) 
PARAMETRIC_REPRESENTATION_CONTEXT() REPRESENTATION_CONTEXT('2D SPACE',''
  ) );
#2926 = ORIENTED_EDGE('',*,*,#2927,.T.);
#2927 = EDGE_CURVE('',#2902,#2928,#2930,.T.);
#2928 = VERTEX_POINT('',#2929);
#2929 = CARTESIAN_POINT('',(29.418022522769,-16.64391633149,67.5));
#2930 = SURFACE_CURVE('',#2931,(#2935,#2941),.PCURVE_S1.);
#2931 = LINE('',#2932,#2933);
#2932 = CARTESIAN_POINT('',(29.306580583009,-16.83500898161,67.5));
#2933 = VECTOR('',#2934,1.);
#2934 = DIRECTION('',(0.503773977046,0.863835505204,-0.));
#2935 = PCURVE('',#318,#2936);
#2936 = DEFINITIONAL_REPRESENTATION('',(#2937),#2940);
#2937 = B_SPLINE_CURVE_WITH_KNOTS('',1,(#2938,#2939),.UNSPECIFIED.,.F.,
  .F.,(2,2),(-0.663642495467,0.221214165156),.PIECEWISE_BEZIER_KNOTS.);
#2938 = CARTESIAN_POINT('',(28.972254763731,-17.40828693196));
#2939 = CARTESIAN_POINT('',(29.418022522769,-16.64391633149));
#2940 = ( GEOMETRIC_REPRESENTATION_CONTEXT(2) 
PARAMETRIC_REPRESENTATION_CONTEXT() REPRESENTATION_CONTEXT('2D SPACE',''
  ) );
#2941 = PCURVE('',#2942,#2947);
#2942 = PLANE('',#2943);
#2943 = AXIS2_PLACEMENT_3D('',#2944,#2945,#2946);
#2944 = CARTESIAN_POINT('',(29.418022522769,-16.64391633149,66.5));
#2945 = DIRECTION('',(0.863835505204,-0.503773977046,0.));
#2946 = DIRECTION('',(-0.503773977046,-0.863835505204,0.));
#2947 = DEFINITIONAL_REPRESENTATION('',(#2948),#2951);
#2948 = B_SPLINE_CURVE_WITH_KNOTS('',1,(#2949,#2950),.UNSPECIFIED.,.F.,
  .F.,(2,2),(-0.663642495467,0.221214165156),.PIECEWISE_BEZIER_KNOTS.);
#2949 = CARTESIAN_POINT('',(0.884856660623,-1.));
#2950 = CARTESIAN_POINT('',(0.,-1.));
#2951 = ( GEOMETRIC_REPRESENTATION_CONTEXT(2) 
PARAMETRIC_REPRESENTATION_CONTEXT() REPRESENTATION_CONTEXT('2D SPACE',''
  ) );
#2952 = ORIENTED_EDGE('',*,*,#2953,.T.);
#2953 = EDGE_CURVE('',#2928,#2954,#2956,.T.);
#2954 = VERTEX_POINT('',#2955);
#2955 = CARTESIAN_POINT('',(29.843628638632,-15.86813882216,67.5));
#2956 = SURFACE_CURVE('',#2957,(#2961,#2967),.PCURVE_S1.);
#2957 = LINE('',#2958,#2959);
#2958 = CARTESIAN_POINT('',(29.737227109666,-16.06208319949,67.5));
#2959 = VECTOR('',#2960,1.);
#2960 = DIRECTION('',(0.480988768919,0.876726755708,-0.));
#2961 = PCURVE('',#318,#2962);
#2962 = DEFINITIONAL_REPRESENTATION('',(#2963),#2966);
#2963 = B_SPLINE_CURVE_WITH_KNOTS('',1,(#2964,#2965),.UNSPECIFIED.,.F.,
  .F.,(2,2),(-0.663642495467,0.221214165156),.PIECEWISE_BEZIER_KNOTS.);
#2964 = CARTESIAN_POINT('',(29.418022522769,-16.64391633149));
#2965 = CARTESIAN_POINT('',(29.843628638632,-15.86813882216));
#2966 = ( GEOMETRIC_REPRESENTATION_CONTEXT(2) 
PARAMETRIC_REPRESENTATION_CONTEXT() REPRESENTATION_CONTEXT('2D SPACE',''
  ) );
#2967 = PCURVE('',#2968,#2973);
#2968 = PLANE('',#2969);
#2969 = AXIS2_PLACEMENT_3D('',#2970,#2971,#2972);
#2970 = CARTESIAN_POINT('',(29.843628638632,-15.86813882216,66.5));
#2971 = DIRECTION('',(0.876726755708,-0.480988768919,0.));
#2972 = DIRECTION('',(-0.480988768919,-0.876726755708,0.));
#2973 = DEFINITIONAL_REPRESENTATION('',(#2974),#2977);
#2974 = B_SPLINE_CURVE_WITH_KNOTS('',1,(#2975,#2976),.UNSPECIFIED.,.F.,
  .F.,(2,2),(-0.663642495467,0.221214165156),.PIECEWISE_BEZIER_KNOTS.);
#2975 = CARTESIAN_POINT('',(0.884856660623,-1.));
#2976 = CARTESIAN_POINT('',(0.,-1.));
#2977 = ( GEOMETRIC_REPRESENTATION_CONTEXT(2) 
PARAMETRIC_REPRESENTATION_CONTEXT() REPRESENTATION_CONTEXT('2D SPACE',''
  ) );
#2978 = ORIENTED_EDGE('',*,*,#2979,.T.);
#2979 = EDGE_CURVE('',#2954,#2980,#2982,.T.);
#2980 = VERTEX_POINT('',#2981);
#2981 = CARTESIAN_POINT('',(30.248781422148,-15.08148608311,67.5));
#2982 = SURFACE_CURVE('',#2983,(#2987,#2993),.PCURVE_S1.);
#2983 = LINE('',#2984,#2985);
#2984 = CARTESIAN_POINT('',(30.147493226269,-15.27814926787,67.5));
#2985 = VECTOR('',#2986,1.);
#2986 = DIRECTION('',(0.457873915117,0.889017141486,-0.));
#2987 = PCURVE('',#318,#2988);
#2988 = DEFINITIONAL_REPRESENTATION('',(#2989),#2992);
#2989 = B_SPLINE_CURVE_WITH_KNOTS('',1,(#2990,#2991),.UNSPECIFIED.,.F.,
  .F.,(2,2),(-0.663642495467,0.221214165156),.PIECEWISE_BEZIER_KNOTS.);
#2990 = CARTESIAN_POINT('',(29.843628638632,-15.86813882216));
#2991 = CARTESIAN_POINT('',(30.248781422148,-15.08148608311));
#2992 = ( GEOMETRIC_REPRESENTATION_CONTEXT(2) 
PARAMETRIC_REPRESENTATION_CONTEXT() REPRESENTATION_CONTEXT('2D SPACE',''
  ) );
#2993 = PCURVE('',#2994,#2999);
#2994 = PLANE('',#2995);
#2995 = AXIS2_PLACEMENT_3D('',#2996,#2997,#2998);
#2996 = CARTESIAN_POINT('',(30.248781422148,-15.08148608311,66.5));
#2997 = DIRECTION('',(0.889017141486,-0.457873915117,0.));
#2998 = DIRECTION('',(-0.457873915117,-0.889017141486,0.));
#2999 = DEFINITIONAL_REPRESENTATION('',(#3000),#3003);
#3000 = B_SPLINE_CURVE_WITH_KNOTS('',1,(#3001,#3002),.UNSPECIFIED.,.F.,
  .F.,(2,2),(-0.663642495467,0.221214165156),.PIECEWISE_BEZIER_KNOTS.);
#3001 = CARTESIAN_POINT('',(0.884856660623,-1.));
#3002 = CARTESIAN_POINT('',(0.,-1.));
#3003 = ( GEOMETRIC_REPRESENTATION_CONTEXT(2) 
PARAMETRIC_REPRESENTATION_CONTEXT() REPRESENTATION_CONTEXT('2D SPACE',''
  ) );
#3004 = ORIENTED_EDGE('',*,*,#3005,.T.);
#3005 = EDGE_CURVE('',#2980,#3006,#3008,.T.);
#3006 = VERTEX_POINT('',#3007);
#3007 = CARTESIAN_POINT('',(30.633203201839,-14.28449724683,67.5));
#3008 = SURFACE_CURVE('',#3009,(#3013,#3019),.PCURVE_S1.);
#3009 = LINE('',#3010,#3011);
#3010 = CARTESIAN_POINT('',(30.537097756916,-14.4837444559,67.5));
#3011 = VECTOR('',#3012,1.);
#3012 = DIRECTION('',(0.434445257404,0.900698239323,-0.));
#3013 = PCURVE('',#318,#3014);
#3014 = DEFINITIONAL_REPRESENTATION('',(#3015),#3018);
#3015 = B_SPLINE_CURVE_WITH_KNOTS('',1,(#3016,#3017),.UNSPECIFIED.,.F.,
  .F.,(2,2),(-0.663642495467,0.221214165156),.PIECEWISE_BEZIER_KNOTS.);
#3016 = CARTESIAN_POINT('',(30.248781422148,-15.08148608311));
#3017 = CARTESIAN_POINT('',(30.633203201839,-14.28449724683));
#3018 = ( GEOMETRIC_REPRESENTATION_CONTEXT(2) 
PARAMETRIC_REPRESENTATION_CONTEXT() REPRESENTATION_CONTEXT('2D SPACE',''
  ) );
#3019 = PCURVE('',#3020,#3025);
#3020 = PLANE('',#3021);
#3021 = AXIS2_PLACEMENT_3D('',#3022,#3023,#3024);
#3022 = CARTESIAN_POINT('',(30.633203201839,-14.28449724683,66.5));
#3023 = DIRECTION('',(0.900698239323,-0.434445257404,0.));
#3024 = DIRECTION('',(-0.434445257404,-0.900698239323,0.));
#3025 = DEFINITIONAL_REPRESENTATION('',(#3026),#3029);
#3026 = B_SPLINE_CURVE_WITH_KNOTS('',1,(#3027,#3028),.UNSPECIFIED.,.F.,
  .F.,(2,2),(-0.663642495467,0.221214165156),.PIECEWISE_BEZIER_KNOTS.);
#3027 = CARTESIAN_POINT('',(0.884856660623,-1.));
#3028 = CARTESIAN_POINT('',(0.,-1.));
#3029 = ( GEOMETRIC_REPRESENTATION_CONTEXT(2) 
PARAMETRIC_REPRESENTATION_CONTEXT() REPRESENTATION_CONTEXT('2D SPACE',''
  ) );
#3030 = ORIENTED_EDGE('',*,*,#3031,.T.);
#3031 = EDGE_CURVE('',#3006,#3032,#3034,.T.);
#3032 = VERTEX_POINT('',#3033);
#3033 = CARTESIAN_POINT('',(30.996630514217,-13.47771852967,67.5));
#3034 = SURFACE_CURVE('',#3035,(#3039,#3045),.PCURVE_S1.);
#3035 = LINE('',#3036,#3037);
#3036 = CARTESIAN_POINT('',(30.905773686123,-13.67941320896,67.5));
#3037 = VECTOR('',#3038,1.);
#3038 = DIRECTION('',(0.410718852613,0.911762043577,-0.));
#3039 = PCURVE('',#318,#3040);
#3040 = DEFINITIONAL_REPRESENTATION('',(#3041),#3044);
#3041 = B_SPLINE_CURVE_WITH_KNOTS('',1,(#3042,#3043),.UNSPECIFIED.,.F.,
  .F.,(2,2),(-0.663642495467,0.221214165156),.PIECEWISE_BEZIER_KNOTS.);
#3042 = CARTESIAN_POINT('',(30.633203201839,-14.28449724683));
#3043 = CARTESIAN_POINT('',(30.996630514217,-13.47771852967));
#3044 = ( GEOMETRIC_REPRESENTATION_CONTEXT(2) 
PARAMETRIC_REPRESENTATION_CONTEXT() REPRESENTATION_CONTEXT('2D SPACE',''
  ) );
#3045 = PCURVE('',#3046,#3051);
#3046 = PLANE('',#3047);
#3047 = AXIS2_PLACEMENT_3D('',#3048,#3049,#3050);
#3048 = CARTESIAN_POINT('',(30.996630514217,-13.47771852967,66.5));
#3049 = DIRECTION('',(0.911762043577,-0.410718852613,0.));
#3050 = DIRECTION('',(-0.410718852613,-0.911762043577,0.));
#3051 = DEFINITIONAL_REPRESENTATION('',(#3052),#3055);
#3052 = B_SPLINE_CURVE_WITH_KNOTS('',1,(#3053,#3054),.UNSPECIFIED.,.F.,
  .F.,(2,2),(-0.663642495467,0.221214165156),.PIECEWISE_BEZIER_KNOTS.);
#3053 = CARTESIAN_POINT('',(0.884856660623,-1.));
#3054 = CARTESIAN_POINT('',(0.,-1.));
#3055 = ( GEOMETRIC_REPRESENTATION_CONTEXT(2) 
PARAMETRIC_REPRESENTATION_CONTEXT() REPRESENTATION_CONTEXT('2D SPACE',''
  ) );
#3056 = ORIENTED_EDGE('',*,*,#3057,.T.);
#3057 = EDGE_CURVE('',#3032,#3058,#3060,.T.);
#3058 = VERTEX_POINT('',#3059);
#3059 = CARTESIAN_POINT('',(31.338814284357,-12.66170285745,67.5));
#3060 = SURFACE_CURVE('',#3061,(#3065,#3071),.PCURVE_S1.);
#3061 = LINE('',#3062,#3063);
#3062 = CARTESIAN_POINT('',(31.253268341822,-12.86570677551,67.5));
#3063 = VECTOR('',#3064,1.);
#3064 = DIRECTION('',(0.386710961637,0.92220097167,-0.));
#3065 = PCURVE('',#318,#3066);
#3066 = DEFINITIONAL_REPRESENTATION('',(#3067),#3070);
#3067 = B_SPLINE_CURVE_WITH_KNOTS('',1,(#3068,#3069),.UNSPECIFIED.,.F.,
  .F.,(2,2),(-0.663642495467,0.221214165156),.PIECEWISE_BEZIER_KNOTS.);
#3068 = CARTESIAN_POINT('',(30.996630514217,-13.47771852967));
#3069 = CARTESIAN_POINT('',(31.338814284357,-12.66170285745));
#3070 = ( GEOMETRIC_REPRESENTATION_CONTEXT(2) 
PARAMETRIC_REPRESENTATION_CONTEXT() REPRESENTATION_CONTEXT('2D SPACE',''
  ) );
#3071 = PCURVE('',#3072,#3077);
#3072 = PLANE('',#3073);
#3073 = AXIS2_PLACEMENT_3D('',#3074,#3075,#3076);
#3074 = CARTESIAN_POINT('',(31.338814284357,-12.66170285745,66.5));
#3075 = DIRECTION('',(0.92220097167,-0.386710961637,0.));
#3076 = DIRECTION('',(-0.386710961637,-0.92220097167,0.));
#3077 = DEFINITIONAL_REPRESENTATION('',(#3078),#3081);
#3078 = B_SPLINE_CURVE_WITH_KNOTS('',1,(#3079,#3080),.UNSPECIFIED.,.F.,
  .F.,(2,2),(-0.663642495467,0.221214165156),.PIECEWISE_BEZIER_KNOTS.);
#3079 = CARTESIAN_POINT('',(0.884856660623,-1.));
#3080 = CARTESIAN_POINT('',(0.,-1.));
#3081 = ( GEOMETRIC_REPRESENTATION_CONTEXT(2) 
PARAMETRIC_REPRESENTATION_CONTEXT() REPRESENTATION_CONTEXT('2D SPACE',''
  ) );
#3082 = ORIENTED_EDGE('',*,*,#3083,.T.);
#3083 = EDGE_CURVE('',#3058,#3084,#3086,.T.);
#3084 = VERTEX_POINT('',#3085);
#3085 = CARTESIAN_POINT('',(32.451434909838,-13.11123076955,67.5));
#3086 = SURFACE_CURVE('',#3087,(#3091,#3097),.PCURVE_S1.);
#3087 = LINE('',#3088,#3089);
#3088 = CARTESIAN_POINT('',(16.689309382202,-6.742918681486,67.5));
#3089 = VECTOR('',#3090,1.);
#3090 = DIRECTION('',(0.927183854567,-0.374606593416,0.));
#3091 = PCURVE('',#318,#3092);
#3092 = DEFINITIONAL_REPRESENTATION('',(#3093),#3096);
#3093 = B_SPLINE_CURVE_WITH_KNOTS('',1,(#3094,#3095),.UNSPECIFIED.,.F.,
  .F.,(2,2),(15.8,18.),.PIECEWISE_BEZIER_KNOTS.);
#3094 = CARTESIAN_POINT('',(31.338814284357,-12.66170285745));
#3095 = CARTESIAN_POINT('',(33.378618764404,-13.48583736297));
#3096 = ( GEOMETRIC_REPRESENTATION_CONTEXT(2) 
PARAMETRIC_REPRESENTATION_CONTEXT() REPRESENTATION_CONTEXT('2D SPACE',''
  ) );
#3097 = PCURVE('',#3098,#3103);
#3098 = PLANE('',#3099);
#3099 = AXIS2_PLACEMENT_3D('',#3100,#3101,#3102);
#3100 = CARTESIAN_POINT('',(33.378618764404,-13.48583736297,66.5));
#3101 = DIRECTION('',(-0.374606593416,-0.927183854567,0.));
#3102 = DIRECTION('',(-0.927183854567,0.374606593416,0.));
#3103 = DEFINITIONAL_REPRESENTATION('',(#3104),#3107);
#3104 = B_SPLINE_CURVE_WITH_KNOTS('',1,(#3105,#3106),.UNSPECIFIED.,.F.,
  .F.,(2,2),(15.8,18.),.PIECEWISE_BEZIER_KNOTS.);
#3105 = CARTESIAN_POINT('',(2.2,-1.));
#3106 = CARTESIAN_POINT('',(0.,-1.));
#3107 = ( GEOMETRIC_REPRESENTATION_CONTEXT(2) 
PARAMETRIC_REPRESENTATION_CONTEXT() REPRESENTATION_CONTEXT('2D SPACE',''
  ) );
#3108 = ORIENTED_EDGE('',*,*,#3109,.T.);
#3109 = EDGE_CURVE('',#3084,#274,#3110,.T.);
#3110 = SURFACE_CURVE('',#3111,(#3116,#3123),.PCURVE_S1.);
#3111 = CIRCLE('',#3112,35.);
#3112 = AXIS2_PLACEMENT_3D('',#3113,#3114,#3115);
#3113 = CARTESIAN_POINT('',(0.,0.,67.5));
#3114 = DIRECTION('',(0.,0.,1.));
#3115 = DIRECTION('',(1.,0.,-0.));
#3116 = PCURVE('',#318,#3117);
#3117 = DEFINITIONAL_REPRESENTATION('',(#3118),#3122);
#3118 = CIRCLE('',#3119,35.);
#3119 = AXIS2_PLACEMENT_2D('',#3120,#3121);
#3120 = CARTESIAN_POINT('',(0.,0.));
#3121 = DIRECTION('',(1.,0.));
#3122 = ( GEOMETRIC_REPRESENTATION_CONTEXT(2) 
PARAMETRIC_REPRESENTATION_CONTEXT() REPRESENTATION_CONTEXT('2D SPACE',''
  ) );
#3123 = PCURVE('',#289,#3124);
#3124 = DEFINITIONAL_REPRESENTATION('',(#3125),#3129);
#3125 = LINE('',#3126,#3127);
#3126 = CARTESIAN_POINT('',(0.,0.));
#3127 = VECTOR('',#3128,1.);
#3128 = DIRECTION('',(1.,0.));
#3129 = ( GEOMETRIC_REPRESENTATION_CONTEXT(2) 
PARAMETRIC_REPRESENTATION_CONTEXT() REPRESENTATION_CONTEXT('2D SPACE',''
  ) );
#3130 = ORIENTED_EDGE('',*,*,#301,.T.);
#3131 = ORIENTED_EDGE('',*,*,#3132,.T.);
#3132 = EDGE_CURVE('',#302,#3133,#3135,.T.);
#3133 = VERTEX_POINT('',#3134);
#3134 = CARTESIAN_POINT('',(15.868138822163,29.843628638632,67.5));
#3135 = SURFACE_CURVE('',#3136,(#3140,#3146),.PCURVE_S1.);
#3136 = LINE('',#3137,#3138);
#3137 = CARTESIAN_POINT('',(7.934069411082,14.921814319316,67.5));
#3138 = VECTOR('',#3139,1.);
#3139 = DIRECTION('',(-0.469471562786,-0.882947592859,0.));
#3140 = PCURVE('',#318,#3141);
#3141 = DEFINITIONAL_REPRESENTATION('',(#3142),#3145);
#3142 = B_SPLINE_CURVE_WITH_KNOTS('',1,(#3143,#3144),.UNSPECIFIED.,.F.,
  .F.,(2,2),(-19.1,-16.9),.PIECEWISE_BEZIER_KNOTS.);
#3143 = CARTESIAN_POINT('',(16.900976260292,31.786113342921));
#3144 = CARTESIAN_POINT('',(15.868138822163,29.843628638632));
#3145 = ( GEOMETRIC_REPRESENTATION_CONTEXT(2) 
PARAMETRIC_REPRESENTATION_CONTEXT() REPRESENTATION_CONTEXT('2D SPACE',''
  ) );
#3146 = PCURVE('',#346,#3147);
#3147 = DEFINITIONAL_REPRESENTATION('',(#3148),#3152);
#3148 = LINE('',#3149,#3150);
#3149 = CARTESIAN_POINT('',(-16.9,0.8));
#3150 = VECTOR('',#3151,1.);
#3151 = DIRECTION('',(-1.,-0.));
#3152 = ( GEOMETRIC_REPRESENTATION_CONTEXT(2) 
PARAMETRIC_REPRESENTATION_CONTEXT() REPRESENTATION_CONTEXT('2D SPACE',''
  ) );
#3153 = ORIENTED_EDGE('',*,*,#3154,.T.);
#3154 = EDGE_CURVE('',#3133,#3155,#3157,.T.);
#3155 = VERTEX_POINT('',#3156);
#3156 = CARTESIAN_POINT('',(15.081486083112,30.248781422148,67.5));
#3157 = SURFACE_CURVE('',#3158,(#3162,#3168),.PCURVE_S1.);
#3158 = LINE('',#3159,#3160);
#3159 = CARTESIAN_POINT('',(15.278149267874,30.147493226269,67.5));
#3160 = VECTOR('',#3161,1.);
#3161 = DIRECTION('',(-0.889017141486,0.457873915117,0.));
#3162 = PCURVE('',#318,#3163);
#3163 = DEFINITIONAL_REPRESENTATION('',(#3164),#3167);
#3164 = B_SPLINE_CURVE_WITH_KNOTS('',1,(#3165,#3166),.UNSPECIFIED.,.F.,
  .F.,(2,2),(-0.663642495467,0.221214165156),.PIECEWISE_BEZIER_KNOTS.);
#3165 = CARTESIAN_POINT('',(15.868138822163,29.843628638632));
#3166 = CARTESIAN_POINT('',(15.081486083112,30.248781422148));
#3167 = ( GEOMETRIC_REPRESENTATION_CONTEXT(2) 
PARAMETRIC_REPRESENTATION_CONTEXT() REPRESENTATION_CONTEXT('2D SPACE',''
  ) );
#3168 = PCURVE('',#3169,#3174);
#3169 = PLANE('',#3170);
#3170 = AXIS2_PLACEMENT_3D('',#3171,#3172,#3173);
#3171 = CARTESIAN_POINT('',(15.081486083112,30.248781422148,66.5));
#3172 = DIRECTION('',(0.457873915117,0.889017141486,-0.));
#3173 = DIRECTION('',(0.889017141486,-0.457873915117,0.));
#3174 = DEFINITIONAL_REPRESENTATION('',(#3175),#3178);
#3175 = B_SPLINE_CURVE_WITH_KNOTS('',1,(#3176,#3177),.UNSPECIFIED.,.F.,
  .F.,(2,2),(-0.663642495467,0.221214165156),.PIECEWISE_BEZIER_KNOTS.);
#3176 = CARTESIAN_POINT('',(0.884856660623,-1.));
#3177 = CARTESIAN_POINT('',(0.,-1.));
#3178 = ( GEOMETRIC_REPRESENTATION_CONTEXT(2) 
PARAMETRIC_REPRESENTATION_CONTEXT() REPRESENTATION_CONTEXT('2D SPACE',''
  ) );
#3179 = ORIENTED_EDGE('',*,*,#3180,.T.);
#3180 = EDGE_CURVE('',#3155,#3181,#3183,.T.);
#3181 = VERTEX_POINT('',#3182);
#3182 = CARTESIAN_POINT('',(14.284497246836,30.633203201839,67.5));
#3183 = SURFACE_CURVE('',#3184,(#3188,#3194),.PCURVE_S1.);
#3184 = LINE('',#3185,#3186);
#3185 = CARTESIAN_POINT('',(14.483744455905,30.537097756916,67.5));
#3186 = VECTOR('',#3187,1.);
#3187 = DIRECTION('',(-0.900698239323,0.434445257404,0.));
#3188 = PCURVE('',#318,#3189);
#3189 = DEFINITIONAL_REPRESENTATION('',(#3190),#3193);
#3190 = B_SPLINE_CURVE_WITH_KNOTS('',1,(#3191,#3192),.UNSPECIFIED.,.F.,
  .F.,(2,2),(-0.663642495467,0.221214165156),.PIECEWISE_BEZIER_KNOTS.);
#3191 = CARTESIAN_POINT('',(15.081486083112,30.248781422148));
#3192 = CARTESIAN_POINT('',(14.284497246836,30.633203201839));
#3193 = ( GEOMETRIC_REPRESENTATION_CONTEXT(2) 
PARAMETRIC_REPRESENTATION_CONTEXT() REPRESENTATION_CONTEXT('2D SPACE',''
  ) );
#3194 = PCURVE('',#3195,#3200);
#3195 = PLANE('',#3196);
#3196 = AXIS2_PLACEMENT_3D('',#3197,#3198,#3199);
#3197 = CARTESIAN_POINT('',(14.284497246836,30.633203201839,66.5));
#3198 = DIRECTION('',(0.434445257404,0.900698239323,-0.));
#3199 = DIRECTION('',(0.900698239323,-0.434445257404,0.));
#3200 = DEFINITIONAL_REPRESENTATION('',(#3201),#3204);
#3201 = B_SPLINE_CURVE_WITH_KNOTS('',1,(#3202,#3203),.UNSPECIFIED.,.F.,
  .F.,(2,2),(-0.663642495467,0.221214165156),.PIECEWISE_BEZIER_KNOTS.);
#3202 = CARTESIAN_POINT('',(0.884856660623,-1.));
#3203 = CARTESIAN_POINT('',(0.,-1.));
#3204 = ( GEOMETRIC_REPRESENTATION_CONTEXT(2) 
PARAMETRIC_REPRESENTATION_CONTEXT() REPRESENTATION_CONTEXT('2D SPACE',''
  ) );
#3205 = ORIENTED_EDGE('',*,*,#3206,.T.);
#3206 = EDGE_CURVE('',#3181,#3207,#3209,.T.);
#3207 = VERTEX_POINT('',#3208);
#3208 = CARTESIAN_POINT('',(13.477718529673,30.996630514217,67.5));
#3209 = SURFACE_CURVE('',#3210,(#3214,#3220),.PCURVE_S1.);
#3210 = LINE('',#3211,#3212);
#3211 = CARTESIAN_POINT('',(13.679413208964,30.905773686123,67.5));
#3212 = VECTOR('',#3213,1.);
#3213 = DIRECTION('',(-0.911762043577,0.410718852613,0.));
#3214 = PCURVE('',#318,#3215);
#3215 = DEFINITIONAL_REPRESENTATION('',(#3216),#3219);
#3216 = B_SPLINE_CURVE_WITH_KNOTS('',1,(#3217,#3218),.UNSPECIFIED.,.F.,
  .F.,(2,2),(-0.663642495467,0.221214165156),.PIECEWISE_BEZIER_KNOTS.);
#3217 = CARTESIAN_POINT('',(14.284497246836,30.633203201839));
#3218 = CARTESIAN_POINT('',(13.477718529673,30.996630514217));
#3219 = ( GEOMETRIC_REPRESENTATION_CONTEXT(2) 
PARAMETRIC_REPRESENTATION_CONTEXT() REPRESENTATION_CONTEXT('2D SPACE',''
  ) );
#3220 = PCURVE('',#3221,#3226);
#3221 = PLANE('',#3222);
#3222 = AXIS2_PLACEMENT_3D('',#3223,#3224,#3225);
#3223 = CARTESIAN_POINT('',(13.477718529673,30.996630514217,66.5));
#3224 = DIRECTION('',(0.410718852613,0.911762043577,-0.));
#3225 = DIRECTION('',(0.911762043577,-0.410718852613,0.));
#3226 = DEFINITIONAL_REPRESENTATION('',(#3227),#3230);
#3227 = B_SPLINE_CURVE_WITH_KNOTS('',1,(#3228,#3229),.UNSPECIFIED.,.F.,
  .F.,(2,2),(-0.663642495467,0.221214165156),.PIECEWISE_BEZIER_KNOTS.);
#3228 = CARTESIAN_POINT('',(0.884856660623,-1.));
#3229 = CARTESIAN_POINT('',(0.,-1.));
#3230 = ( GEOMETRIC_REPRESENTATION_CONTEXT(2) 
PARAMETRIC_REPRESENTATION_CONTEXT() REPRESENTATION_CONTEXT('2D SPACE',''
  ) );
#3231 = ORIENTED_EDGE('',*,*,#3232,.T.);
#3232 = EDGE_CURVE('',#3207,#3233,#3235,.T.);
#3233 = VERTEX_POINT('',#3234);
#3234 = CARTESIAN_POINT('',(12.661702857458,31.338814284357,67.5));
#3235 = SURFACE_CURVE('',#3236,(#3240,#3246),.PCURVE_S1.);
#3236 = LINE('',#3237,#3238);
#3237 = CARTESIAN_POINT('',(12.865706775512,31.253268341822,67.5));
#3238 = VECTOR('',#3239,1.);
#3239 = DIRECTION('',(-0.92220097167,0.386710961637,0.));
#3240 = PCURVE('',#318,#3241);
#3241 = DEFINITIONAL_REPRESENTATION('',(#3242),#3245);
#3242 = B_SPLINE_CURVE_WITH_KNOTS('',1,(#3243,#3244),.UNSPECIFIED.,.F.,
  .F.,(2,2),(-0.663642495467,0.221214165156),.PIECEWISE_BEZIER_KNOTS.);
#3243 = CARTESIAN_POINT('',(13.477718529673,30.996630514217));
#3244 = CARTESIAN_POINT('',(12.661702857458,31.338814284357));
#3245 = ( GEOMETRIC_REPRESENTATION_CONTEXT(2) 
PARAMETRIC_REPRESENTATION_CONTEXT() REPRESENTATION_CONTEXT('2D SPACE',''
  ) );
#3246 = PCURVE('',#3247,#3252);
#3247 = PLANE('',#3248);
#3248 = AXIS2_PLACEMENT_3D('',#3249,#3250,#3251);
#3249 = CARTESIAN_POINT('',(12.661702857458,31.338814284357,66.5));
#3250 = DIRECTION('',(0.386710961637,0.92220097167,-0.));
#3251 = DIRECTION('',(0.92220097167,-0.386710961637,0.));
#3252 = DEFINITIONAL_REPRESENTATION('',(#3253),#3256);
#3253 = B_SPLINE_CURVE_WITH_KNOTS('',1,(#3254,#3255),.UNSPECIFIED.,.F.,
  .F.,(2,2),(-0.663642495467,0.221214165156),.PIECEWISE_BEZIER_KNOTS.);
#3254 = CARTESIAN_POINT('',(0.884856660623,-1.));
#3255 = CARTESIAN_POINT('',(0.,-1.));
#3256 = ( GEOMETRIC_REPRESENTATION_CONTEXT(2) 
PARAMETRIC_REPRESENTATION_CONTEXT() REPRESENTATION_CONTEXT('2D SPACE',''
  ) );
#3257 = ORIENTED_EDGE('',*,*,#3258,.T.);
#3258 = EDGE_CURVE('',#3233,#3259,#3261,.T.);
#3259 = VERTEX_POINT('',#3260);
#3260 = CARTESIAN_POINT('',(11.83700948657,31.659519996596,67.5));
#3261 = SURFACE_CURVE('',#3262,(#3266,#3272),.PCURVE_S1.);
#3262 = LINE('',#3263,#3264);
#3263 = CARTESIAN_POINT('',(12.043182829292,31.579343568536,67.5));
#3264 = VECTOR('',#3265,1.);
#3265 = DIRECTION('',(-0.932007869283,0.362438038284,0.));
#3266 = PCURVE('',#318,#3267);
#3267 = DEFINITIONAL_REPRESENTATION('',(#3268),#3271);
#3268 = B_SPLINE_CURVE_WITH_KNOTS('',1,(#3269,#3270),.UNSPECIFIED.,.F.,
  .F.,(2,2),(-0.663642495467,0.221214165156),.PIECEWISE_BEZIER_KNOTS.);
#3269 = CARTESIAN_POINT('',(12.661702857458,31.338814284357));
#3270 = CARTESIAN_POINT('',(11.83700948657,31.659519996596));
#3271 = ( GEOMETRIC_REPRESENTATION_CONTEXT(2) 
PARAMETRIC_REPRESENTATION_CONTEXT() REPRESENTATION_CONTEXT('2D SPACE',''
  ) );
#3272 = PCURVE('',#3273,#3278);
#3273 = PLANE('',#3274);
#3274 = AXIS2_PLACEMENT_3D('',#3275,#3276,#3277);
#3275 = CARTESIAN_POINT('',(11.83700948657,31.659519996596,66.5));
#3276 = DIRECTION('',(0.362438038284,0.932007869283,-0.));
#3277 = DIRECTION('',(0.932007869283,-0.362438038284,0.));
#3278 = DEFINITIONAL_REPRESENTATION('',(#3279),#3282);
#3279 = B_SPLINE_CURVE_WITH_KNOTS('',1,(#3280,#3281),.UNSPECIFIED.,.F.,
  .F.,(2,2),(-0.663642495467,0.221214165156),.PIECEWISE_BEZIER_KNOTS.);
#3280 = CARTESIAN_POINT('',(0.884856660623,-1.));
#3281 = CARTESIAN_POINT('',(0.,-1.));
#3282 = ( GEOMETRIC_REPRESENTATION_CONTEXT(2) 
PARAMETRIC_REPRESENTATION_CONTEXT() REPRESENTATION_CONTEXT('2D SPACE',''
  ) );
#3283 = ORIENTED_EDGE('',*,*,#3284,.T.);
#3284 = EDGE_CURVE('',#3259,#3285,#3287,.T.);
#3285 = VERTEX_POINT('',#3286);
#3286 = CARTESIAN_POINT('',(11.004203620652,31.958527855257,67.5));
#3287 = SURFACE_CURVE('',#3288,(#3292,#3298),.PCURVE_S1.);
#3288 = LINE('',#3289,#3290);
#3289 = CARTESIAN_POINT('',(11.212405087131,31.883775890592,67.5));
#3290 = VECTOR('',#3291,1.);
#3291 = DIRECTION('',(-0.941176015256,0.337916718003,0.));
#3292 = PCURVE('',#318,#3293);
#3293 = DEFINITIONAL_REPRESENTATION('',(#3294),#3297);
#3294 = B_SPLINE_CURVE_WITH_KNOTS('',1,(#3295,#3296),.UNSPECIFIED.,.F.,
  .F.,(2,2),(-0.663642495467,0.221214165156),.PIECEWISE_BEZIER_KNOTS.);
#3295 = CARTESIAN_POINT('',(11.83700948657,31.659519996596));
#3296 = CARTESIAN_POINT('',(11.004203620652,31.958527855257));
#3297 = ( GEOMETRIC_REPRESENTATION_CONTEXT(2) 
PARAMETRIC_REPRESENTATION_CONTEXT() REPRESENTATION_CONTEXT('2D SPACE',''
  ) );
#3298 = PCURVE('',#3299,#3304);
#3299 = PLANE('',#3300);
#3300 = AXIS2_PLACEMENT_3D('',#3301,#3302,#3303);
#3301 = CARTESIAN_POINT('',(11.004203620652,31.958527855257,66.5));
#3302 = DIRECTION('',(0.337916718003,0.941176015256,-0.));
#3303 = DIRECTION('',(0.941176015256,-0.337916718003,0.));
#3304 = DEFINITIONAL_REPRESENTATION('',(#3305),#3308);
#3305 = B_SPLINE_CURVE_WITH_KNOTS('',1,(#3306,#3307),.UNSPECIFIED.,.F.,
  .F.,(2,2),(-0.663642495467,0.221214165156),.PIECEWISE_BEZIER_KNOTS.);
#3306 = CARTESIAN_POINT('',(0.884856660623,-1.));
#3307 = CARTESIAN_POINT('',(0.,-1.));
#3308 = ( GEOMETRIC_REPRESENTATION_CONTEXT(2) 
PARAMETRIC_REPRESENTATION_CONTEXT() REPRESENTATION_CONTEXT('2D SPACE',''
  ) );
#3309 = ORIENTED_EDGE('',*,*,#3310,.T.);
#3310 = EDGE_CURVE('',#3285,#3311,#3313,.T.);
#3311 = VERTEX_POINT('',#3312);
#3312 = CARTESIAN_POINT('',(10.163856023244,32.23563293529,67.5));
#3313 = SURFACE_CURVE('',#3314,(#3318,#3324),.PCURVE_S1.);
#3314 = LINE('',#3315,#3316);
#3315 = CARTESIAN_POINT('',(10.373942922596,32.166356665282,67.5));
#3316 = VECTOR('',#3317,1.);
#3317 = DIRECTION('',(-0.949699126202,0.313163806484,0.));
#3318 = PCURVE('',#318,#3319);
#3319 = DEFINITIONAL_REPRESENTATION('',(#3320),#3323);
#3320 = B_SPLINE_CURVE_WITH_KNOTS('',1,(#3321,#3322),.UNSPECIFIED.,.F.,
  .F.,(2,2),(-0.663642495467,0.221214165156),.PIECEWISE_BEZIER_KNOTS.);
#3321 = CARTESIAN_POINT('',(11.004203620652,31.958527855257));
#3322 = CARTESIAN_POINT('',(10.163856023244,32.23563293529));
#3323 = ( GEOMETRIC_REPRESENTATION_CONTEXT(2) 
PARAMETRIC_REPRESENTATION_CONTEXT() REPRESENTATION_CONTEXT('2D SPACE',''
  ) );
#3324 = PCURVE('',#3325,#3330);
#3325 = PLANE('',#3326);
#3326 = AXIS2_PLACEMENT_3D('',#3327,#3328,#3329);
#3327 = CARTESIAN_POINT('',(10.163856023244,32.23563293529,66.5));
#3328 = DIRECTION('',(0.313163806484,0.949699126202,-0.));
#3329 = DIRECTION('',(0.949699126202,-0.313163806484,0.));
#3330 = DEFINITIONAL_REPRESENTATION('',(#3331),#3334);
#3331 = B_SPLINE_CURVE_WITH_KNOTS('',1,(#3332,#3333),.UNSPECIFIED.,.F.,
  .F.,(2,2),(-0.663642495467,0.221214165156),.PIECEWISE_BEZIER_KNOTS.);
#3332 = CARTESIAN_POINT('',(0.884856660623,-1.));
#3333 = CARTESIAN_POINT('',(0.,-1.));
#3334 = ( GEOMETRIC_REPRESENTATION_CONTEXT(2) 
PARAMETRIC_REPRESENTATION_CONTEXT() REPRESENTATION_CONTEXT('2D SPACE',''
  ) );
#3335 = ORIENTED_EDGE('',*,*,#3336,.T.);
#3336 = EDGE_CURVE('',#3311,#3337,#3339,.T.);
#3337 = VERTEX_POINT('',#3338);
#3338 = CARTESIAN_POINT('',(9.316542626615,32.490645322715,67.5));
#3339 = SURFACE_CURVE('',#3340,(#3344,#3350),.PCURVE_S1.);
#3340 = LINE('',#3341,#3342);
#3341 = CARTESIAN_POINT('',(9.528370975772,32.426892225859,67.5));
#3342 = VECTOR('',#3343,1.);
#3343 = DIRECTION('',(-0.957571360805,0.288196268134,0.));
#3344 = PCURVE('',#318,#3345);
#3345 = DEFINITIONAL_REPRESENTATION('',(#3346),#3349);
#3346 = B_SPLINE_CURVE_WITH_KNOTS('',1,(#3347,#3348),.UNSPECIFIED.,.F.,
  .F.,(2,2),(-0.663642495467,0.221214165156),.PIECEWISE_BEZIER_KNOTS.);
#3347 = CARTESIAN_POINT('',(10.163856023244,32.23563293529));
#3348 = CARTESIAN_POINT('',(9.316542626615,32.490645322715));
#3349 = ( GEOMETRIC_REPRESENTATION_CONTEXT(2) 
PARAMETRIC_REPRESENTATION_CONTEXT() REPRESENTATION_CONTEXT('2D SPACE',''
  ) );
#3350 = PCURVE('',#3351,#3356);
#3351 = PLANE('',#3352);
#3352 = AXIS2_PLACEMENT_3D('',#3353,#3354,#3355);
#3353 = CARTESIAN_POINT('',(9.316542626615,32.490645322715,66.5));
#3354 = DIRECTION('',(0.288196268134,0.957571360805,-0.));
#3355 = DIRECTION('',(0.957571360805,-0.288196268134,0.));
#3356 = DEFINITIONAL_REPRESENTATION('',(#3357),#3360);
#3357 = B_SPLINE_CURVE_WITH_KNOTS('',1,(#3358,#3359),.UNSPECIFIED.,.F.,
  .F.,(2,2),(-0.663642495467,0.221214165156),.PIECEWISE_BEZIER_KNOTS.);
#3358 = CARTESIAN_POINT('',(0.884856660623,-1.));
#3359 = CARTESIAN_POINT('',(0.,-1.));
#3360 = ( GEOMETRIC_REPRESENTATION_CONTEXT(2) 
PARAMETRIC_REPRESENTATION_CONTEXT() REPRESENTATION_CONTEXT('2D SPACE',''
  ) );
#3361 = ORIENTED_EDGE('',*,*,#3362,.T.);
#3362 = EDGE_CURVE('',#3337,#3363,#3365,.T.);
#3363 = VERTEX_POINT('',#3364);
#3364 = CARTESIAN_POINT('',(8.46284413704,32.72339024478,67.5));
#3365 = SURFACE_CURVE('',#3366,(#3370,#3376),.PCURVE_S1.);
#3366 = LINE('',#3367,#3368);
#3367 = CARTESIAN_POINT('',(8.676268759434,32.665204014264,67.5));
#3368 = VECTOR('',#3369,1.);
#3369 = DIRECTION('',(-0.964787323829,0.263031214458,0.));
#3370 = PCURVE('',#318,#3371);
#3371 = DEFINITIONAL_REPRESENTATION('',(#3372),#3375);
#3372 = B_SPLINE_CURVE_WITH_KNOTS('',1,(#3373,#3374),.UNSPECIFIED.,.F.,
  .F.,(2,2),(-0.663642495467,0.221214165156),.PIECEWISE_BEZIER_KNOTS.);
#3373 = CARTESIAN_POINT('',(9.316542626615,32.490645322715));
#3374 = CARTESIAN_POINT('',(8.46284413704,32.72339024478));
#3375 = ( GEOMETRIC_REPRESENTATION_CONTEXT(2) 
PARAMETRIC_REPRESENTATION_CONTEXT() REPRESENTATION_CONTEXT('2D SPACE',''
  ) );
#3376 = PCURVE('',#3377,#3382);
#3377 = PLANE('',#3378);
#3378 = AXIS2_PLACEMENT_3D('',#3379,#3380,#3381);
#3379 = CARTESIAN_POINT('',(8.46284413704,32.72339024478,66.5));
#3380 = DIRECTION('',(0.263031214458,0.964787323829,-0.));
#3381 = DIRECTION('',(0.964787323829,-0.263031214458,0.));
#3382 = DEFINITIONAL_REPRESENTATION('',(#3383),#3386);
#3383 = B_SPLINE_CURVE_WITH_KNOTS('',1,(#3384,#3385),.UNSPECIFIED.,.F.,
  .F.,(2,2),(-0.663642495467,0.221214165156),.PIECEWISE_BEZIER_KNOTS.);
#3384 = CARTESIAN_POINT('',(0.884856660623,-1.));
#3385 = CARTESIAN_POINT('',(0.,-1.));
#3386 = ( GEOMETRIC_REPRESENTATION_CONTEXT(2) 
PARAMETRIC_REPRESENTATION_CONTEXT() REPRESENTATION_CONTEXT('2D SPACE',''
  ) );
#3387 = ORIENTED_EDGE('',*,*,#3388,.T.);
#3388 = EDGE_CURVE('',#3363,#3389,#3391,.T.);
#3389 = VERTEX_POINT('',#3390);
#3390 = CARTESIAN_POINT('',(7.603345636823,32.933708189741,67.5));
#3391 = SURFACE_CURVE('',#3392,(#3396,#3402),.PCURVE_S1.);
#3392 = LINE('',#3393,#3394);
#3393 = CARTESIAN_POINT('',(7.818220261877,32.881128703501,67.5));
#3394 = VECTOR('',#3395,1.);
#3395 = DIRECTION('',(-0.971342069813,0.237685892326,0.));
#3396 = PCURVE('',#318,#3397);
#3397 = DEFINITIONAL_REPRESENTATION('',(#3398),#3401);
#3398 = B_SPLINE_CURVE_WITH_KNOTS('',1,(#3399,#3400),.UNSPECIFIED.,.F.,
  .F.,(2,2),(-0.663642495467,0.221214165156),.PIECEWISE_BEZIER_KNOTS.);
#3399 = CARTESIAN_POINT('',(8.46284413704,32.72339024478));
#3400 = CARTESIAN_POINT('',(7.603345636823,32.933708189741));
#3401 = ( GEOMETRIC_REPRESENTATION_CONTEXT(2) 
PARAMETRIC_REPRESENTATION_CONTEXT() REPRESENTATION_CONTEXT('2D SPACE',''
  ) );
#3402 = PCURVE('',#3403,#3408);
#3403 = PLANE('',#3404);
#3404 = AXIS2_PLACEMENT_3D('',#3405,#3406,#3407);
#3405 = CARTESIAN_POINT('',(7.603345636823,32.933708189741,66.5));
#3406 = DIRECTION('',(0.237685892326,0.971342069813,-0.));
#3407 = DIRECTION('',(0.971342069813,-0.237685892326,0.));
#3408 = DEFINITIONAL_REPRESENTATION('',(#3409),#3412);
#3409 = B_SPLINE_CURVE_WITH_KNOTS('',1,(#3410,#3411),.UNSPECIFIED.,.F.,
  .F.,(2,2),(-0.663642495467,0.221214165156),.PIECEWISE_BEZIER_KNOTS.);
#3410 = CARTESIAN_POINT('',(0.884856660623,-1.));
#3411 = CARTESIAN_POINT('',(0.,-1.));
#3412 = ( GEOMETRIC_REPRESENTATION_CONTEXT(2) 
PARAMETRIC_REPRESENTATION_CONTEXT() REPRESENTATION_CONTEXT('2D SPACE',''
  ) );
#3413 = ORIENTED_EDGE('',*,*,#3414,.T.);
#3414 = EDGE_CURVE('',#3389,#3415,#3417,.T.);
#3415 = VERTEX_POINT('',#3416);
#3416 = CARTESIAN_POINT('',(6.738636183301,33.121455016184,67.5));
#3417 = SURFACE_CURVE('',#3418,(#3422,#3428),.PCURVE_S1.);
#3418 = LINE('',#3419,#3420);
#3419 = CARTESIAN_POINT('',(6.954813546682,33.074518309573,67.5));
#3420 = VECTOR('',#3421,1.);
#3421 = DIRECTION('',(-0.977231106463,0.212177672156,0.));
#3422 = PCURVE('',#318,#3423);
#3423 = DEFINITIONAL_REPRESENTATION('',(#3424),#3427);
#3424 = B_SPLINE_CURVE_WITH_KNOTS('',1,(#3425,#3426),.UNSPECIFIED.,.F.,
  .F.,(2,2),(-0.663642495467,0.221214165156),.PIECEWISE_BEZIER_KNOTS.);
#3425 = CARTESIAN_POINT('',(7.603345636823,32.933708189741));
#3426 = CARTESIAN_POINT('',(6.738636183301,33.121455016184));
#3427 = ( GEOMETRIC_REPRESENTATION_CONTEXT(2) 
PARAMETRIC_REPRESENTATION_CONTEXT() REPRESENTATION_CONTEXT('2D SPACE',''
  ) );
#3428 = PCURVE('',#3429,#3434);
#3429 = PLANE('',#3430);
#3430 = AXIS2_PLACEMENT_3D('',#3431,#3432,#3433);
#3431 = CARTESIAN_POINT('',(6.738636183301,33.121455016184,66.5));
#3432 = DIRECTION('',(0.212177672156,0.977231106463,-0.));
#3433 = DIRECTION('',(0.977231106463,-0.212177672156,0.));
#3434 = DEFINITIONAL_REPRESENTATION('',(#3435),#3438);
#3435 = B_SPLINE_CURVE_WITH_KNOTS('',1,(#3436,#3437),.UNSPECIFIED.,.F.,
  .F.,(2,2),(-0.663642495467,0.221214165156),.PIECEWISE_BEZIER_KNOTS.);
#3436 = CARTESIAN_POINT('',(0.884856660623,-1.));
#3437 = CARTESIAN_POINT('',(0.,-1.));
#3438 = ( GEOMETRIC_REPRESENTATION_CONTEXT(2) 
PARAMETRIC_REPRESENTATION_CONTEXT() REPRESENTATION_CONTEXT('2D SPACE',''
  ) );
#3439 = ORIENTED_EDGE('',*,*,#3440,.T.);
#3440 = EDGE_CURVE('',#3415,#3441,#3443,.T.);
#3441 = VERTEX_POINT('',#3442);
#3442 = CARTESIAN_POINT('',(5.869308405142,33.286502051813,67.5));
#3443 = SURFACE_CURVE('',#3444,(#3448,#3454),.PCURVE_S1.);
#3444 = LINE('',#3445,#3446);
#3445 = CARTESIAN_POINT('',(6.086640349682,33.245240292905,67.5));
#3446 = VECTOR('',#3447,1.);
#3447 = DIRECTION('',(-0.982450397726,0.186524036009,0.));
#3448 = PCURVE('',#318,#3449);
#3449 = DEFINITIONAL_REPRESENTATION('',(#3450),#3453);
#3450 = B_SPLINE_CURVE_WITH_KNOTS('',1,(#3451,#3452),.UNSPECIFIED.,.F.,
  .F.,(2,2),(-0.663642495467,0.221214165156),.PIECEWISE_BEZIER_KNOTS.);
#3451 = CARTESIAN_POINT('',(6.738636183301,33.121455016184));
#3452 = CARTESIAN_POINT('',(5.869308405142,33.286502051813));
#3453 = ( GEOMETRIC_REPRESENTATION_CONTEXT(2) 
PARAMETRIC_REPRESENTATION_CONTEXT() REPRESENTATION_CONTEXT('2D SPACE',''
  ) );
#3454 = PCURVE('',#3455,#3460);
#3455 = PLANE('',#3456);
#3456 = AXIS2_PLACEMENT_3D('',#3457,#3458,#3459);
#3457 = CARTESIAN_POINT('',(5.869308405142,33.286502051813,66.5));
#3458 = DIRECTION('',(0.186524036009,0.982450397726,-0.));
#3459 = DIRECTION('',(0.982450397726,-0.186524036009,0.));
#3460 = DEFINITIONAL_REPRESENTATION('',(#3461),#3464);
#3461 = B_SPLINE_CURVE_WITH_KNOTS('',1,(#3462,#3463),.UNSPECIFIED.,.F.,
  .F.,(2,2),(-0.663642495467,0.221214165156),.PIECEWISE_BEZIER_KNOTS.);
#3462 = CARTESIAN_POINT('',(0.884856660623,-1.));
#3463 = CARTESIAN_POINT('',(0.,-1.));
#3464 = ( GEOMETRIC_REPRESENTATION_CONTEXT(2) 
PARAMETRIC_REPRESENTATION_CONTEXT() REPRESENTATION_CONTEXT('2D SPACE',''
  ) );
#3465 = ORIENTED_EDGE('',*,*,#3466,.T.);
#3466 = EDGE_CURVE('',#3441,#3467,#3469,.T.);
#3467 = VERTEX_POINT('',#3468);
#3468 = CARTESIAN_POINT('',(4.995958096181,33.428736181633,67.5));
#3469 = SURFACE_CURVE('',#3470,(#3474,#3480),.PCURVE_S1.);
#3470 = LINE('',#3471,#3472);
#3471 = CARTESIAN_POINT('',(5.214295673421,33.393177649178,67.5));
#3472 = VECTOR('',#3473,1.);
#3473 = DIRECTION('',(-0.98699636656,0.160742565604,0.));
#3474 = PCURVE('',#318,#3475);
#3475 = DEFINITIONAL_REPRESENTATION('',(#3476),#3479);
#3476 = B_SPLINE_CURVE_WITH_KNOTS('',1,(#3477,#3478),.UNSPECIFIED.,.F.,
  .F.,(2,2),(-0.663642495467,0.221214165156),.PIECEWISE_BEZIER_KNOTS.);
#3477 = CARTESIAN_POINT('',(5.869308405142,33.286502051813));
#3478 = CARTESIAN_POINT('',(4.995958096181,33.428736181633));
#3479 = ( GEOMETRIC_REPRESENTATION_CONTEXT(2) 
PARAMETRIC_REPRESENTATION_CONTEXT() REPRESENTATION_CONTEXT('2D SPACE',''
  ) );
#3480 = PCURVE('',#3481,#3486);
#3481 = PLANE('',#3482);
#3482 = AXIS2_PLACEMENT_3D('',#3483,#3484,#3485);
#3483 = CARTESIAN_POINT('',(4.995958096181,33.428736181633,66.5));
#3484 = DIRECTION('',(0.160742565604,0.98699636656,-0.));
#3485 = DIRECTION('',(0.98699636656,-0.160742565604,0.));
#3486 = DEFINITIONAL_REPRESENTATION('',(#3487),#3490);
#3487 = B_SPLINE_CURVE_WITH_KNOTS('',1,(#3488,#3489),.UNSPECIFIED.,.F.,
  .F.,(2,2),(-0.663642495467,0.221214165156),.PIECEWISE_BEZIER_KNOTS.);
#3488 = CARTESIAN_POINT('',(0.884856660623,-1.));
#3489 = CARTESIAN_POINT('',(0.,-1.));
#3490 = ( GEOMETRIC_REPRESENTATION_CONTEXT(2) 
PARAMETRIC_REPRESENTATION_CONTEXT() REPRESENTATION_CONTEXT('2D SPACE',''
  ) );
#3491 = ORIENTED_EDGE('',*,*,#3492,.T.);
#3492 = EDGE_CURVE('',#3467,#3493,#3495,.T.);
#3493 = VERTEX_POINT('',#3494);
#3494 = CARTESIAN_POINT('',(4.119183807094,33.548059925477,67.5));
#3495 = SURFACE_CURVE('',#3496,(#3500,#3506),.PCURVE_S1.);
#3496 = LINE('',#3497,#3498);
#3497 = CARTESIAN_POINT('',(4.338377379366,33.518228989516,67.5));
#3498 = VECTOR('',#3499,1.);
#3499 = DIRECTION('',(-0.990865897387,0.134850930274,0.));
#3500 = PCURVE('',#318,#3501);
#3501 = DEFINITIONAL_REPRESENTATION('',(#3502),#3505);
#3502 = B_SPLINE_CURVE_WITH_KNOTS('',1,(#3503,#3504),.UNSPECIFIED.,.F.,
  .F.,(2,2),(-0.663642495467,0.221214165156),.PIECEWISE_BEZIER_KNOTS.);
#3503 = CARTESIAN_POINT('',(4.995958096181,33.428736181633));
#3504 = CARTESIAN_POINT('',(4.119183807094,33.548059925477));
#3505 = ( GEOMETRIC_REPRESENTATION_CONTEXT(2) 
PARAMETRIC_REPRESENTATION_CONTEXT() REPRESENTATION_CONTEXT('2D SPACE',''
  ) );
#3506 = PCURVE('',#3507,#3512);
#3507 = PLANE('',#3508);
#3508 = AXIS2_PLACEMENT_3D('',#3509,#3510,#3511);
#3509 = CARTESIAN_POINT('',(4.119183807094,33.548059925477,66.5));
#3510 = DIRECTION('',(0.134850930274,0.990865897387,-0.));
#3511 = DIRECTION('',(0.990865897387,-0.134850930274,0.));
#3512 = DEFINITIONAL_REPRESENTATION('',(#3513),#3516);
#3513 = B_SPLINE_CURVE_WITH_KNOTS('',1,(#3514,#3515),.UNSPECIFIED.,.F.,
  .F.,(2,2),(-0.663642495467,0.221214165156),.PIECEWISE_BEZIER_KNOTS.);
#3514 = CARTESIAN_POINT('',(0.884856660623,-1.));
#3515 = CARTESIAN_POINT('',(0.,-1.));
#3516 = ( GEOMETRIC_REPRESENTATION_CONTEXT(2) 
PARAMETRIC_REPRESENTATION_CONTEXT() REPRESENTATION_CONTEXT('2D SPACE',''
  ) );
#3517 = ORIENTED_EDGE('',*,*,#3518,.T.);
#3518 = EDGE_CURVE('',#3493,#3519,#3521,.T.);
#3519 = VERTEX_POINT('',#3520);
#3520 = CARTESIAN_POINT('',(3.239586435184,33.644391504811,67.5));
#3521 = SURFACE_CURVE('',#3522,(#3526,#3532),.PCURVE_S1.);
#3522 = LINE('',#3523,#3524);
#3523 = CARTESIAN_POINT('',(3.459485778161,33.620308609977,67.5));
#3524 = VECTOR('',#3525,1.);
#3525 = DIRECTION('',(-0.994056338222,0.108866874852,0.));
#3526 = PCURVE('',#318,#3527);
#3527 = DEFINITIONAL_REPRESENTATION('',(#3528),#3531);
#3528 = B_SPLINE_CURVE_WITH_KNOTS('',1,(#3529,#3530),.UNSPECIFIED.,.F.,
  .F.,(2,2),(-0.663642495467,0.221214165156),.PIECEWISE_BEZIER_KNOTS.);
#3529 = CARTESIAN_POINT('',(4.119183807094,33.548059925477));
#3530 = CARTESIAN_POINT('',(3.239586435184,33.644391504811));
#3531 = ( GEOMETRIC_REPRESENTATION_CONTEXT(2) 
PARAMETRIC_REPRESENTATION_CONTEXT() REPRESENTATION_CONTEXT('2D SPACE',''
  ) );
#3532 = PCURVE('',#3533,#3538);
#3533 = PLANE('',#3534);
#3534 = AXIS2_PLACEMENT_3D('',#3535,#3536,#3537);
#3535 = CARTESIAN_POINT('',(3.239586435184,33.644391504811,66.5));
#3536 = DIRECTION('',(0.108866874852,0.994056338222,-0.));
#3537 = DIRECTION('',(0.994056338222,-0.108866874852,0.));
#3538 = DEFINITIONAL_REPRESENTATION('',(#3539),#3542);
#3539 = B_SPLINE_CURVE_WITH_KNOTS('',1,(#3540,#3541),.UNSPECIFIED.,.F.,
  .F.,(2,2),(-0.663642495467,0.221214165156),.PIECEWISE_BEZIER_KNOTS.);
#3540 = CARTESIAN_POINT('',(0.884856660623,-1.));
#3541 = CARTESIAN_POINT('',(0.,-1.));
#3542 = ( GEOMETRIC_REPRESENTATION_CONTEXT(2) 
PARAMETRIC_REPRESENTATION_CONTEXT() REPRESENTATION_CONTEXT('2D SPACE',''
  ) );
#3543 = ORIENTED_EDGE('',*,*,#3544,.T.);
#3544 = EDGE_CURVE('',#3519,#3545,#3547,.T.);
#3545 = VERTEX_POINT('',#3546);
#3546 = CARTESIAN_POINT('',(2.357768812551,33.717664898782,67.5));
#3547 = SURFACE_CURVE('',#3548,(#3552,#3558),.PCURVE_S1.);
#3548 = LINE('',#3549,#3550);
#3549 = CARTESIAN_POINT('',(2.578223218209,33.699346550289,67.5));
#3550 = VECTOR('',#3551,1.);
#3551 = DIRECTION('',(-0.996565502498,8.28082075122E-02,0.));
#3552 = PCURVE('',#318,#3553);
#3553 = DEFINITIONAL_REPRESENTATION('',(#3554),#3557);
#3554 = B_SPLINE_CURVE_WITH_KNOTS('',1,(#3555,#3556),.UNSPECIFIED.,.F.,
  .F.,(2,2),(-0.663642495467,0.221214165156),.PIECEWISE_BEZIER_KNOTS.);
#3555 = CARTESIAN_POINT('',(3.239586435184,33.644391504811));
#3556 = CARTESIAN_POINT('',(2.357768812551,33.717664898782));
#3557 = ( GEOMETRIC_REPRESENTATION_CONTEXT(2) 
PARAMETRIC_REPRESENTATION_CONTEXT() REPRESENTATION_CONTEXT('2D SPACE',''
  ) );
#3558 = PCURVE('',#3559,#3564);
#3559 = PLANE('',#3560);
#3560 = AXIS2_PLACEMENT_3D('',#3561,#3562,#3563);
#3561 = CARTESIAN_POINT('',(2.357768812551,33.717664898782,66.5));
#3562 = DIRECTION('',(8.28082075122E-02,0.996565502498,-0.));
#3563 = DIRECTION('',(0.996565502498,-8.28082075122E-02,0.));
#3564 = DEFINITIONAL_REPRESENTATION('',(#3565),#3568);
#3565 = B_SPLINE_CURVE_WITH_KNOTS('',1,(#3566,#3567),.UNSPECIFIED.,.F.,
  .F.,(2,2),(-0.663642495467,0.221214165156),.PIECEWISE_BEZIER_KNOTS.);
#3566 = CARTESIAN_POINT('',(0.884856660623,-1.));
#3567 = CARTESIAN_POINT('',(0.,-1.));
#3568 = ( GEOMETRIC_REPRESENTATION_CONTEXT(2) 
PARAMETRIC_REPRESENTATION_CONTEXT() REPRESENTATION_CONTEXT('2D SPACE',''
  ) );
#3569 = ORIENTED_EDGE('',*,*,#3570,.T.);
#3570 = EDGE_CURVE('',#3545,#3571,#3573,.T.);
#3571 = VERTEX_POINT('',#3572);
#3572 = CARTESIAN_POINT('',(1.474335292948,33.767829889467,67.5));
#3573 = SURFACE_CURVE('',#3574,(#3578,#3584),.PCURVE_S1.);
#3574 = LINE('',#3575,#3576);
#3575 = CARTESIAN_POINT('',(1.695193672849,33.755288641796,67.5));
#3576 = VECTOR('',#3577,1.);
#3577 = DIRECTION('',(-0.998391670557,5.669278756338E-02,0.));
#3578 = PCURVE('',#318,#3579);
#3579 = DEFINITIONAL_REPRESENTATION('',(#3580),#3583);
#3580 = B_SPLINE_CURVE_WITH_KNOTS('',1,(#3581,#3582),.UNSPECIFIED.,.F.,
  .F.,(2,2),(-0.663642495467,0.221214165156),.PIECEWISE_BEZIER_KNOTS.);
#3581 = CARTESIAN_POINT('',(2.357768812551,33.717664898782));
#3582 = CARTESIAN_POINT('',(1.474335292948,33.767829889467));
#3583 = ( GEOMETRIC_REPRESENTATION_CONTEXT(2) 
PARAMETRIC_REPRESENTATION_CONTEXT() REPRESENTATION_CONTEXT('2D SPACE',''
  ) );
#3584 = PCURVE('',#3585,#3590);
#3585 = PLANE('',#3586);
#3586 = AXIS2_PLACEMENT_3D('',#3587,#3588,#3589);
#3587 = CARTESIAN_POINT('',(1.474335292948,33.767829889467,66.5));
#3588 = DIRECTION('',(5.669278756338E-02,0.998391670557,-0.));
#3589 = DIRECTION('',(0.998391670557,-5.669278756338E-02,0.));
#3590 = DEFINITIONAL_REPRESENTATION('',(#3591),#3594);
#3591 = B_SPLINE_CURVE_WITH_KNOTS('',1,(#3592,#3593),.UNSPECIFIED.,.F.,
  .F.,(2,2),(-0.663642495467,0.221214165156),.PIECEWISE_BEZIER_KNOTS.);
#3592 = CARTESIAN_POINT('',(0.884856660623,-1.));
#3593 = CARTESIAN_POINT('',(0.,-1.));
#3594 = ( GEOMETRIC_REPRESENTATION_CONTEXT(2) 
PARAMETRIC_REPRESENTATION_CONTEXT() REPRESENTATION_CONTEXT('2D SPACE',''
  ) );
#3595 = ORIENTED_EDGE('',*,*,#3596,.T.);
#3596 = EDGE_CURVE('',#3571,#3597,#3599,.T.);
#3597 = VERTEX_POINT('',#3598);
#3598 = CARTESIAN_POINT('',(0.58989133758,33.794852096286,67.5));
#3599 = SURFACE_CURVE('',#3600,(#3604,#3610),.PCURVE_S1.);
#3600 = LINE('',#3601,#3602);
#3601 = CARTESIAN_POINT('',(0.811002326422,33.788096544581,67.5));
#3602 = VECTOR('',#3603,1.);
#3603 = DIRECTION('',(-0.999533590837,3.053851320982E-02,0.));
#3604 = PCURVE('',#318,#3605);
#3605 = DEFINITIONAL_REPRESENTATION('',(#3606),#3609);
#3606 = B_SPLINE_CURVE_WITH_KNOTS('',1,(#3607,#3608),.UNSPECIFIED.,.F.,
  .F.,(2,2),(-0.663642495467,0.221214165156),.PIECEWISE_BEZIER_KNOTS.);
#3607 = CARTESIAN_POINT('',(1.474335292948,33.767829889467));
#3608 = CARTESIAN_POINT('',(0.58989133758,33.794852096286));
#3609 = ( GEOMETRIC_REPRESENTATION_CONTEXT(2) 
PARAMETRIC_REPRESENTATION_CONTEXT() REPRESENTATION_CONTEXT('2D SPACE',''
  ) );
#3610 = PCURVE('',#3611,#3616);
#3611 = PLANE('',#3612);
#3612 = AXIS2_PLACEMENT_3D('',#3613,#3614,#3615);
#3613 = CARTESIAN_POINT('',(0.58989133758,33.794852096286,66.5));
#3614 = DIRECTION('',(3.053851320982E-02,0.999533590837,-0.));
#3615 = DIRECTION('',(0.999533590837,-3.053851320982E-02,0.));
#3616 = DEFINITIONAL_REPRESENTATION('',(#3617),#3620);
#3617 = B_SPLINE_CURVE_WITH_KNOTS('',1,(#3618,#3619),.UNSPECIFIED.,.F.,
  .F.,(2,2),(-0.663642495467,0.221214165156),.PIECEWISE_BEZIER_KNOTS.);
#3618 = CARTESIAN_POINT('',(0.884856660623,-1.));
#3619 = CARTESIAN_POINT('',(0.,-1.));
#3620 = ( GEOMETRIC_REPRESENTATION_CONTEXT(2) 
PARAMETRIC_REPRESENTATION_CONTEXT() REPRESENTATION_CONTEXT('2D SPACE',''
  ) );
#3621 = ORIENTED_EDGE('',*,*,#3622,.T.);
#3622 = EDGE_CURVE('',#3597,#3623,#3625,.T.);
#3623 = VERTEX_POINT('',#3624);
#3624 = CARTESIAN_POINT('',(-0.294956899845,33.798712999569,67.5));
#3625 = SURFACE_CURVE('',#3626,(#3630,#3636),.PCURVE_S1.);
#3626 = LINE('',#3627,#3628);
#3627 = CARTESIAN_POINT('',(-7.374484048879E-02,33.797747773748,67.5));
#3628 = VECTOR('',#3629,1.);
#3629 = DIRECTION('',(-0.999990480721,4.363309284743E-03,0.));
#3630 = PCURVE('',#318,#3631);
#3631 = DEFINITIONAL_REPRESENTATION('',(#3632),#3635);
#3632 = B_SPLINE_CURVE_WITH_KNOTS('',1,(#3633,#3634),.UNSPECIFIED.,.F.,
  .F.,(2,2),(-0.663642495467,0.221214165156),.PIECEWISE_BEZIER_KNOTS.);
#3633 = CARTESIAN_POINT('',(0.58989133758,33.794852096286));
#3634 = CARTESIAN_POINT('',(-0.294956899845,33.798712999569));
#3635 = ( GEOMETRIC_REPRESENTATION_CONTEXT(2) 
PARAMETRIC_REPRESENTATION_CONTEXT() REPRESENTATION_CONTEXT('2D SPACE',''
  ) );
#3636 = PCURVE('',#3637,#3642);
#3637 = PLANE('',#3638);
#3638 = AXIS2_PLACEMENT_3D('',#3639,#3640,#3641);
#3639 = CARTESIAN_POINT('',(-0.294956899845,33.798712999569,66.5));
#3640 = DIRECTION('',(4.363309284743E-03,0.999990480721,-0.));
#3641 = DIRECTION('',(0.999990480721,-4.363309284743E-03,0.));
#3642 = DEFINITIONAL_REPRESENTATION('',(#3643),#3646);
#3643 = B_SPLINE_CURVE_WITH_KNOTS('',1,(#3644,#3645),.UNSPECIFIED.,.F.,
  .F.,(2,2),(-0.663642495467,0.221214165156),.PIECEWISE_BEZIER_KNOTS.);
#3644 = CARTESIAN_POINT('',(0.884856660623,-1.));
#3645 = CARTESIAN_POINT('',(0.,-1.));
#3646 = ( GEOMETRIC_REPRESENTATION_CONTEXT(2) 
PARAMETRIC_REPRESENTATION_CONTEXT() REPRESENTATION_CONTEXT('2D SPACE',''
  ) );
#3647 = ORIENTED_EDGE('',*,*,#3648,.T.);
#3648 = EDGE_CURVE('',#3623,#3649,#3651,.T.);
#3649 = VERTEX_POINT('',#3650);
#3650 = CARTESIAN_POINT('',(-1.179602988545,33.779409953245,67.5));
#3651 = SURFACE_CURVE('',#3652,(#3656,#3662),.PCURVE_S1.);
#3652 = LINE('',#3653,#3654);
#3653 = CARTESIAN_POINT('',(-0.95844146637,33.784235714826,67.5));
#3654 = VECTOR('',#3655,1.);
#3655 = DIRECTION('',(-0.99976202708,-2.181488503456E-02,0.));
#3656 = PCURVE('',#318,#3657);
#3657 = DEFINITIONAL_REPRESENTATION('',(#3658),#3661);
#3658 = B_SPLINE_CURVE_WITH_KNOTS('',1,(#3659,#3660),.UNSPECIFIED.,.F.,
  .F.,(2,2),(-0.663642495467,0.221214165156),.PIECEWISE_BEZIER_KNOTS.);
#3659 = CARTESIAN_POINT('',(-0.294956899845,33.798712999569));
#3660 = CARTESIAN_POINT('',(-1.179602988545,33.779409953245));
#3661 = ( GEOMETRIC_REPRESENTATION_CONTEXT(2) 
PARAMETRIC_REPRESENTATION_CONTEXT() REPRESENTATION_CONTEXT('2D SPACE',''
  ) );
#3662 = PCURVE('',#3663,#3668);
#3663 = PLANE('',#3664);
#3664 = AXIS2_PLACEMENT_3D('',#3665,#3666,#3667);
#3665 = CARTESIAN_POINT('',(-1.179602988545,33.779409953245,66.5));
#3666 = DIRECTION('',(-2.181488503456E-02,0.99976202708,0.));
#3667 = DIRECTION('',(0.99976202708,2.181488503456E-02,0.));
#3668 = DEFINITIONAL_REPRESENTATION('',(#3669),#3672);
#3669 = B_SPLINE_CURVE_WITH_KNOTS('',1,(#3670,#3671),.UNSPECIFIED.,.F.,
  .F.,(2,2),(-0.663642495467,0.221214165156),.PIECEWISE_BEZIER_KNOTS.);
#3670 = CARTESIAN_POINT('',(0.884856660623,-1.));
#3671 = CARTESIAN_POINT('',(0.,-1.));
#3672 = ( GEOMETRIC_REPRESENTATION_CONTEXT(2) 
PARAMETRIC_REPRESENTATION_CONTEXT() REPRESENTATION_CONTEXT('2D SPACE',''
  ) );
#3673 = ORIENTED_EDGE('',*,*,#3674,.T.);
#3674 = EDGE_CURVE('',#3649,#3675,#3677,.T.);
#3675 = VERTEX_POINT('',#3676);
#3676 = CARTESIAN_POINT('',(-2.063440636278,33.736956186659,67.5));
#3677 = SURFACE_CURVE('',#3678,(#3682,#3688),.PCURVE_S1.);
#3678 = LINE('',#3679,#3680);
#3679 = CARTESIAN_POINT('',(-1.842481224345,33.747569628306,67.5));
#3680 = VECTOR('',#3681,1.);
#3681 = DIRECTION('',(-0.998848386485,-4.797812852135E-02,0.));
#3682 = PCURVE('',#318,#3683);
#3683 = DEFINITIONAL_REPRESENTATION('',(#3684),#3687);
#3684 = B_SPLINE_CURVE_WITH_KNOTS('',1,(#3685,#3686),.UNSPECIFIED.,.F.,
  .F.,(2,2),(-0.663642495467,0.221214165156),.PIECEWISE_BEZIER_KNOTS.);
#3685 = CARTESIAN_POINT('',(-1.179602988545,33.779409953245));
#3686 = CARTESIAN_POINT('',(-2.063440636278,33.736956186659));
#3687 = ( GEOMETRIC_REPRESENTATION_CONTEXT(2) 
PARAMETRIC_REPRESENTATION_CONTEXT() REPRESENTATION_CONTEXT('2D SPACE',''
  ) );
#3688 = PCURVE('',#3689,#3694);
#3689 = PLANE('',#3690);
#3690 = AXIS2_PLACEMENT_3D('',#3691,#3692,#3693);
#3691 = CARTESIAN_POINT('',(-2.063440636278,33.736956186659,66.5));
#3692 = DIRECTION('',(-4.797812852135E-02,0.998848386485,0.));
#3693 = DIRECTION('',(0.998848386485,4.797812852135E-02,0.));
#3694 = DEFINITIONAL_REPRESENTATION('',(#3695),#3698);
#3695 = B_SPLINE_CURVE_WITH_KNOTS('',1,(#3696,#3697),.UNSPECIFIED.,.F.,
  .F.,(2,2),(-0.663642495467,0.221214165156),.PIECEWISE_BEZIER_KNOTS.);
#3696 = CARTESIAN_POINT('',(0.884856660623,-1.));
#3697 = CARTESIAN_POINT('',(0.,-1.));
#3698 = ( GEOMETRIC_REPRESENTATION_CONTEXT(2) 
PARAMETRIC_REPRESENTATION_CONTEXT() REPRESENTATION_CONTEXT('2D SPACE',''
  ) );
#3699 = ORIENTED_EDGE('',*,*,#3700,.T.);
#3700 = EDGE_CURVE('',#3675,#3701,#3703,.T.);
#3701 = VERTEX_POINT('',#3702);
#3702 = CARTESIAN_POINT('',(-2.945864104871,33.671380795501,67.5));
#3703 = SURFACE_CURVE('',#3704,(#3708,#3714),.PCURVE_S1.);
#3704 = LINE('',#3705,#3706);
#3705 = CARTESIAN_POINT('',(-2.725258237723,33.687774643291,67.5));
#3706 = VECTOR('',#3707,1.);
#3707 = DIRECTION('',(-0.997250185099,-7.41084901954E-02,0.));
#3708 = PCURVE('',#318,#3709);
#3709 = DEFINITIONAL_REPRESENTATION('',(#3710),#3713);
#3710 = B_SPLINE_CURVE_WITH_KNOTS('',1,(#3711,#3712),.UNSPECIFIED.,.F.,
  .F.,(2,2),(-0.663642495467,0.221214165156),.PIECEWISE_BEZIER_KNOTS.);
#3711 = CARTESIAN_POINT('',(-2.063440636278,33.736956186659));
#3712 = CARTESIAN_POINT('',(-2.945864104871,33.671380795501));
#3713 = ( GEOMETRIC_REPRESENTATION_CONTEXT(2) 
PARAMETRIC_REPRESENTATION_CONTEXT() REPRESENTATION_CONTEXT('2D SPACE',''
  ) );
#3714 = PCURVE('',#3715,#3720);
#3715 = PLANE('',#3716);
#3716 = AXIS2_PLACEMENT_3D('',#3717,#3718,#3719);
#3717 = CARTESIAN_POINT('',(-2.945864104871,33.671380795501,66.5));
#3718 = DIRECTION('',(-7.41084901954E-02,0.997250185099,0.));
#3719 = DIRECTION('',(0.997250185099,7.41084901954E-02,0.));
#3720 = DEFINITIONAL_REPRESENTATION('',(#3721),#3724);
#3721 = B_SPLINE_CURVE_WITH_KNOTS('',1,(#3722,#3723),.UNSPECIFIED.,.F.,
  .F.,(2,2),(-0.663642495467,0.221214165156),.PIECEWISE_BEZIER_KNOTS.);
#3722 = CARTESIAN_POINT('',(0.884856660623,-1.));
#3723 = CARTESIAN_POINT('',(0.,-1.));
#3724 = ( GEOMETRIC_REPRESENTATION_CONTEXT(2) 
PARAMETRIC_REPRESENTATION_CONTEXT() REPRESENTATION_CONTEXT('2D SPACE',''
  ) );
#3725 = ORIENTED_EDGE('',*,*,#3726,.T.);
#3726 = EDGE_CURVE('',#3701,#1750,#3727,.T.);
#3727 = SURFACE_CURVE('',#3728,(#3732,#3738),.PCURVE_S1.);
#3728 = LINE('',#3729,#3730);
#3729 = CARTESIAN_POINT('',(-3.606167495234,33.604891740277,67.5));
#3730 = VECTOR('',#3731,1.);
#3731 = DIRECTION('',(-0.994968518251,-0.100188061612,0.));
#3732 = PCURVE('',#318,#3733);
#3733 = DEFINITIONAL_REPRESENTATION('',(#3734),#3737);
#3734 = B_SPLINE_CURVE_WITH_KNOTS('',1,(#3735,#3736),.UNSPECIFIED.,.F.,
  .F.,(2,2),(-0.663642495467,0.221214165156),.PIECEWISE_BEZIER_KNOTS.);
#3735 = CARTESIAN_POINT('',(-2.945864104871,33.671380795501));
#3736 = CARTESIAN_POINT('',(-3.826268625355,33.582728721869));
#3737 = ( GEOMETRIC_REPRESENTATION_CONTEXT(2) 
PARAMETRIC_REPRESENTATION_CONTEXT() REPRESENTATION_CONTEXT('2D SPACE',''
  ) );
#3738 = PCURVE('',#3739,#3744);
#3739 = PLANE('',#3740);
#3740 = AXIS2_PLACEMENT_3D('',#3741,#3742,#3743);
#3741 = CARTESIAN_POINT('',(-3.826268625355,33.582728721869,66.5));
#3742 = DIRECTION('',(-0.100188061612,0.994968518251,0.));
#3743 = DIRECTION('',(0.994968518251,0.100188061612,0.));
#3744 = DEFINITIONAL_REPRESENTATION('',(#3745),#3748);
#3745 = B_SPLINE_CURVE_WITH_KNOTS('',1,(#3746,#3747),.UNSPECIFIED.,.F.,
  .F.,(2,2),(-0.663642495467,0.221214165156),.PIECEWISE_BEZIER_KNOTS.);
#3746 = CARTESIAN_POINT('',(0.884856660623,-1.));
#3747 = CARTESIAN_POINT('',(0.,-1.));
#3748 = ( GEOMETRIC_REPRESENTATION_CONTEXT(2) 
PARAMETRIC_REPRESENTATION_CONTEXT() REPRESENTATION_CONTEXT('2D SPACE',''
  ) );
#3749 = FACE_BOUND('',#3750,.F.);
#3750 = EDGE_LOOP('',(#3751));
#3751 = ORIENTED_EDGE('',*,*,#3752,.F.);
#3752 = EDGE_CURVE('',#3753,#3753,#3755,.T.);
#3753 = VERTEX_POINT('',#3754);
#3754 = CARTESIAN_POINT('',(17.4,-4.261770861033E-15,67.5));
#3755 = SURFACE_CURVE('',#3756,(#3761,#3768),.PCURVE_S1.);
#3756 = CIRCLE('',#3757,17.4);
#3757 = AXIS2_PLACEMENT_3D('',#3758,#3759,#3760);
#3758 = CARTESIAN_POINT('',(0.,0.,67.5));
#3759 = DIRECTION('',(0.,0.,1.));
#3760 = DIRECTION('',(1.,0.,-0.));
#3761 = PCURVE('',#318,#3762);
#3762 = DEFINITIONAL_REPRESENTATION('',(#3763),#3767);
#3763 = CIRCLE('',#3764,17.4);
#3764 = AXIS2_PLACEMENT_2D('',#3765,#3766);
#3765 = CARTESIAN_POINT('',(0.,0.));
#3766 = DIRECTION('',(1.,0.));
#3767 = ( GEOMETRIC_REPRESENTATION_CONTEXT(2) 
PARAMETRIC_REPRESENTATION_CONTEXT() REPRESENTATION_CONTEXT('2D SPACE',''
  ) );
#3768 = PCURVE('',#3769,#3774);
#3769 = CYLINDRICAL_SURFACE('',#3770,17.4);
#3770 = AXIS2_PLACEMENT_3D('',#3771,#3772,#3773);
#3771 = CARTESIAN_POINT('',(0.,0.,62.5));
#3772 = DIRECTION('',(0.,0.,1.));
#3773 = DIRECTION('',(1.,0.,-0.));
#3774 = DEFINITIONAL_REPRESENTATION('',(#3775),#3779);
#3775 = LINE('',#3776,#3777);
#3776 = CARTESIAN_POINT('',(0.,5.));
#3777 = VECTOR('',#3778,1.);
#3778 = DIRECTION('',(1.,0.));
#3779 = ( GEOMETRIC_REPRESENTATION_CONTEXT(2) 
PARAMETRIC_REPRESENTATION_CONTEXT() REPRESENTATION_CONTEXT('2D SPACE',''
  ) );
#3780 = ADVANCED_FACE('',(#3781),#150,.F.);
#3781 = FACE_BOUND('',#3782,.F.);
#3782 = EDGE_LOOP('',(#3783,#3806,#3807,#3808));
#3783 = ORIENTED_EDGE('',*,*,#3784,.F.);
#3784 = EDGE_CURVE('',#1701,#3785,#3787,.T.);
#3785 = VERTEX_POINT('',#3786);
#3786 = CARTESIAN_POINT('',(-29.68801004681,18.059619407773,
    70.433300632465));
#3787 = SURFACE_CURVE('',#3788,(#3792,#3799),.PCURVE_S1.);
#3788 = LINE('',#3789,#3790);
#3789 = CARTESIAN_POINT('',(-29.6880100468,18.059619407771,69.3));
#3790 = VECTOR('',#3791,1.);
#3791 = DIRECTION('',(0.,0.,1.));
#3792 = PCURVE('',#150,#3793);
#3793 = DEFINITIONAL_REPRESENTATION('',(#3794),#3798);
#3794 = LINE('',#3795,#3796);
#3795 = CARTESIAN_POINT('',(0.,1.3));
#3796 = VECTOR('',#3797,1.);
#3797 = DIRECTION('',(1.,0.));
#3798 = ( GEOMETRIC_REPRESENTATION_CONTEXT(2) 
PARAMETRIC_REPRESENTATION_CONTEXT() REPRESENTATION_CONTEXT('2D SPACE',''
  ) );
#3799 = PCURVE('',#1586,#3800);
#3800 = DEFINITIONAL_REPRESENTATION('',(#3801),#3805);
#3801 = LINE('',#3802,#3803);
#3802 = CARTESIAN_POINT('',(0.,-1.3));
#3803 = VECTOR('',#3804,1.);
#3804 = DIRECTION('',(1.,0.));
#3805 = ( GEOMETRIC_REPRESENTATION_CONTEXT(2) 
PARAMETRIC_REPRESENTATION_CONTEXT() REPRESENTATION_CONTEXT('2D SPACE',''
  ) );
#3806 = ORIENTED_EDGE('',*,*,#1700,.F.);
#3807 = ORIENTED_EDGE('',*,*,#135,.T.);
#3808 = ORIENTED_EDGE('',*,*,#3809,.T.);
#3809 = EDGE_CURVE('',#136,#3785,#3810,.T.);
#3810 = SURFACE_CURVE('',#3811,(#3830,#3848),.PCURVE_S1.);
#3811 = B_SPLINE_CURVE_WITH_KNOTS('',5,(#3812,#3813,#3814,#3815,#3816,
    #3817,#3818,#3819,#3820,#3821,#3822,#3823,#3824,#3825,#3826,#3827,
    #3828,#3829),.UNSPECIFIED.,.F.,.F.,(6,4,4,4,6),(0.,0.253658018506,
    0.505267445095,0.752671368216,1.),.UNSPECIFIED.);
#3812 = CARTESIAN_POINT('',(-29.94004596066,18.127152227352,70.));
#3813 = CARTESIAN_POINT('',(-29.94004596066,18.127152227352,
    70.040015058754));
#3814 = CARTESIAN_POINT('',(-29.93601960988,18.126073369912,
    70.080031051983));
#3815 = CARTESIAN_POINT('',(-29.92796659579,18.123915571291,
    70.119502200048));
#3816 = CARTESIAN_POINT('',(-29.91600285711,18.120709897174,
    70.157889611852));
#3817 = CARTESIAN_POINT('',(-29.88482124874,18.112354810392,
    70.231211222952));
#3818 = CARTESIAN_POINT('',(-29.86566208848,18.107221128873,
    70.266172319592));
#3819 = CARTESIAN_POINT('',(-29.8430859225,18.101171863431,
    70.299100061809));
#3820 = CARTESIAN_POINT('',(-29.81740318178,18.094290193796,
    70.329565944001));
#3821 = CARTESIAN_POINT('',(-29.76105863505,18.079192718,70.384408558947
    ));
#3822 = CARTESIAN_POINT('',(-29.73048637416,18.071000905384,
    70.408879366853));
#3823 = CARTESIAN_POINT('',(-29.69763715373,18.062198983297,
    70.430296530167));
#3824 = CARTESIAN_POINT('',(-29.66292989892,18.052899202401,
    70.448402498354));
#3825 = CARTESIAN_POINT('',(-29.59071096966,18.033548198626,
    70.477641937952));
#3826 = CARTESIAN_POINT('',(-29.55319940275,18.023497004566,
    70.488777822723));
#3827 = CARTESIAN_POINT('',(-29.51472994419,18.013189144213,
    70.496259409047));
#3828 = CARTESIAN_POINT('',(-29.47577880681,18.002752218406,70.5));
#3829 = CARTESIAN_POINT('',(-29.43682427125,17.992314382063,70.5));
#3830 = PCURVE('',#150,#3831);
#3831 = DEFINITIONAL_REPRESENTATION('',(#3832),#3847);
#3832 = B_SPLINE_CURVE_WITH_KNOTS('',5,(#3833,#3834,#3835,#3836,#3837,
    #3838,#3839,#3840,#3841,#3842,#3843,#3844,#3845,#3846),
  .UNSPECIFIED.,.F.,.F.,(6,4,4,6),(0.,0.253658018506,0.505267445095,
    0.666213207595),.UNSPECIFIED.);
#3833 = CARTESIAN_POINT('',(0.7,1.039073221781));
#3834 = CARTESIAN_POINT('',(0.740015058754,1.039073221781));
#3835 = CARTESIAN_POINT('',(0.780031051983,1.043241606835));
#3836 = CARTESIAN_POINT('',(0.819502200048,1.051578700499));
#3837 = CARTESIAN_POINT('',(0.857889611852,1.063964474183));
#3838 = CARTESIAN_POINT('',(0.931211222952,1.096246050595));
#3839 = CARTESIAN_POINT('',(0.966172319592,1.116081072848));
#3840 = CARTESIAN_POINT('',(0.999100061809,1.139453639731));
#3841 = CARTESIAN_POINT('',(1.029565944001,1.166042369445));
#3842 = CARTESIAN_POINT('',(1.074906625553,1.214268009611));
#3843 = CARTESIAN_POINT('',(1.091444050846,1.234237292659));
#3844 = CARTESIAN_POINT('',(1.106738604714,1.255259366869));
#3845 = CARTESIAN_POINT('',(1.120712002986,1.277220654216));
#3846 = CARTESIAN_POINT('',(1.133300632465,1.299999999991));
#3847 = ( GEOMETRIC_REPRESENTATION_CONTEXT(2) 
PARAMETRIC_REPRESENTATION_CONTEXT() REPRESENTATION_CONTEXT('2D SPACE',''
  ) );
#3848 = PCURVE('',#176,#3849);
#3849 = DEFINITIONAL_REPRESENTATION('',(#3850),#3865);
#3850 = B_SPLINE_CURVE_WITH_KNOTS('',5,(#3851,#3852,#3853,#3854,#3855,
    #3856,#3857,#3858,#3859,#3860,#3861,#3862,#3863,#3864),
  .UNSPECIFIED.,.F.,.F.,(6,4,4,6),(0.,0.253658018506,0.505267445095,
    0.666213207595),.UNSPECIFIED.);
#3851 = CARTESIAN_POINT('',(2.597176621703,0.));
#3852 = CARTESIAN_POINT('',(2.597176621703,8.003011750747E-02));
#3853 = CARTESIAN_POINT('',(2.597143409052,0.16006206488));
#3854 = CARTESIAN_POINT('',(2.597076982568,0.240072434183));
#3855 = CARTESIAN_POINT('',(2.596978217757,0.320050425024));
#3856 = CARTESIAN_POINT('',(2.596720426865,0.479260142564));
#3857 = CARTESIAN_POINT('',(2.596561888607,0.558495923208));
#3858 = CARTESIAN_POINT('',(2.59637482646,0.637669010004));
#3859 = CARTESIAN_POINT('',(2.596161624855,0.716777976569));
#3860 = CARTESIAN_POINT('',(2.595774059327,0.846378308585));
#3861 = CARTESIAN_POINT('',(2.595613380248,0.89691097926));
#3862 = CARTESIAN_POINT('',(2.595443995811,0.947416047939));
#3863 = CARTESIAN_POINT('',(2.595266772636,0.997895122851));
#3864 = CARTESIAN_POINT('',(2.595082647508,1.048350424501));
#3865 = ( GEOMETRIC_REPRESENTATION_CONTEXT(2) 
PARAMETRIC_REPRESENTATION_CONTEXT() REPRESENTATION_CONTEXT('2D SPACE',''
  ) );
#3866 = ADVANCED_FACE('',(#3867),#619,.T.);
#3867 = FACE_BOUND('',#3868,.T.);
#3868 = EDGE_LOOP('',(#3869,#3892,#3893,#3894));
#3869 = ORIENTED_EDGE('',*,*,#3870,.F.);
#3870 = EDGE_CURVE('',#2418,#3871,#3873,.T.);
#3871 = VERTEX_POINT('',#3872);
#3872 = CARTESIAN_POINT('',(-26.6347634719,-20.809357866,68.3));
#3873 = SURFACE_CURVE('',#3874,(#3878,#3885),.PCURVE_S1.);
#3874 = LINE('',#3875,#3876);
#3875 = CARTESIAN_POINT('',(-26.6347634719,-20.809357866,66.5));
#3876 = VECTOR('',#3877,1.);
#3877 = DIRECTION('',(0.,0.,1.));
#3878 = PCURVE('',#619,#3879);
#3879 = DEFINITIONAL_REPRESENTATION('',(#3880),#3884);
#3880 = LINE('',#3881,#3882);
#3881 = CARTESIAN_POINT('',(2.2,0.));
#3882 = VECTOR('',#3883,1.);
#3883 = DIRECTION('',(0.,-1.));
#3884 = ( GEOMETRIC_REPRESENTATION_CONTEXT(2) 
PARAMETRIC_REPRESENTATION_CONTEXT() REPRESENTATION_CONTEXT('2D SPACE',''
  ) );
#3885 = PCURVE('',#2432,#3886);
#3886 = DEFINITIONAL_REPRESENTATION('',(#3887),#3891);
#3887 = LINE('',#3888,#3889);
#3888 = CARTESIAN_POINT('',(0.,0.));
#3889 = VECTOR('',#3890,1.);
#3890 = DIRECTION('',(0.,-1.));
#3891 = ( GEOMETRIC_REPRESENTATION_CONTEXT(2) 
PARAMETRIC_REPRESENTATION_CONTEXT() REPRESENTATION_CONTEXT('2D SPACE',''
  ) );
#3892 = ORIENTED_EDGE('',*,*,#2443,.T.);
#3893 = ORIENTED_EDGE('',*,*,#604,.T.);
#3894 = ORIENTED_EDGE('',*,*,#3895,.F.);
#3895 = EDGE_CURVE('',#3871,#576,#3896,.T.);
#3896 = SURFACE_CURVE('',#3897,(#3901,#3907),.PCURVE_S1.);
#3897 = LINE('',#3898,#3899);
#3898 = CARTESIAN_POINT('',(-26.88357735475,-21.00375257635,68.3));
#3899 = VECTOR('',#3900,1.);
#3900 = DIRECTION('',(-0.788010753607,-0.615661475326,0.));
#3901 = PCURVE('',#619,#3902);
#3902 = DEFINITIONAL_REPRESENTATION('',(#3903),#3906);
#3903 = B_SPLINE_CURVE_WITH_KNOTS('',1,(#3904,#3905),.UNSPECIFIED.,.F.,
  .F.,(2,2),(-0.3157493495,1.8842506505),.PIECEWISE_BEZIER_KNOTS.);
#3904 = CARTESIAN_POINT('',(2.2,-1.8));
#3905 = CARTESIAN_POINT('',(0.,-1.8));
#3906 = ( GEOMETRIC_REPRESENTATION_CONTEXT(2) 
PARAMETRIC_REPRESENTATION_CONTEXT() REPRESENTATION_CONTEXT('2D SPACE',''
  ) );
#3907 = PCURVE('',#592,#3908);
#3908 = DEFINITIONAL_REPRESENTATION('',(#3909),#3912);
#3909 = B_SPLINE_CURVE_WITH_KNOTS('',1,(#3910,#3911),.UNSPECIFIED.,.F.,
  .F.,(2,2),(-0.3157493495,1.8842506505),.PIECEWISE_BEZIER_KNOTS.);
#3910 = CARTESIAN_POINT('',(-1.80761122557,-0.234031562286));
#3911 = CARTESIAN_POINT('',(-3.541234883505,-1.588486808002));
#3912 = ( GEOMETRIC_REPRESENTATION_CONTEXT(2) 
PARAMETRIC_REPRESENTATION_CONTEXT() REPRESENTATION_CONTEXT('2D SPACE',''
  ) );
#3913 = ADVANCED_FACE('',(#3914),#176,.T.);
#3914 = FACE_BOUND('',#3915,.T.);
#3915 = EDGE_LOOP('',(#3916,#3917,#3993,#4015,#4016));
#3916 = ORIENTED_EDGE('',*,*,#3809,.T.);
#3917 = ORIENTED_EDGE('',*,*,#3918,.T.);
#3918 = EDGE_CURVE('',#3785,#3919,#3921,.T.);
#3919 = VERTEX_POINT('',#3920);
#3920 = CARTESIAN_POINT('',(-29.9285402022,17.161948647083,70.5));
#3921 = SURFACE_CURVE('',#3922,(#3953,#3973),.PCURVE_S1.);
#3922 = B_SPLINE_CURVE_WITH_KNOTS('',8,(#3923,#3924,#3925,#3926,#3927,
    #3928,#3929,#3930,#3931,#3932,#3933,#3934,#3935,#3936,#3937,#3938,
    #3939,#3940,#3941,#3942,#3943,#3944,#3945,#3946,#3947,#3948,#3949,
    #3950,#3951,#3952),.UNSPECIFIED.,.F.,.F.,(9,7,7,7,9),(0.,
    0.136418229556,0.234150735816,0.582160326662,1.),.UNSPECIFIED.);
#3923 = CARTESIAN_POINT('',(-29.46609999283,18.887799003918,70.));
#3924 = CARTESIAN_POINT('',(-29.46609999283,18.887799003918,
    70.019461214683));
#3925 = CARTESIAN_POINT('',(-29.4668385539,18.885042656475,
    70.038928735874));
#3926 = CARTESIAN_POINT('',(-29.4683165479,18.879526707781,
    70.058253793773));
#3927 = CARTESIAN_POINT('',(-29.47051130027,18.871335780417,
    70.077307987724));
#3928 = CARTESIAN_POINT('',(-29.47338358216,18.860616278466,
    70.095984516224));
#3929 = CARTESIAN_POINT('',(-29.47688356031,18.847554182183,
    70.114198199271));
#3930 = CARTESIAN_POINT('',(-29.48095570476,18.832356732216,
    70.13188429308));
#3931 = CARTESIAN_POINT('',(-29.48882882861,18.802973833986,
    70.161255305497));
#3932 = CARTESIAN_POINT('',(-29.49238057918,18.789718520416,
    70.173224669073));
#3933 = CARTESIAN_POINT('',(-29.49617848465,18.775544544212,
    70.184891953556));
#3934 = CARTESIAN_POINT('',(-29.5002035758,18.760522699562,
    70.196249525101));
#3935 = CARTESIAN_POINT('',(-29.50443771067,18.744720693081,
    70.207293737468));
#3936 = CARTESIAN_POINT('',(-29.50886394984,18.728201743617,
    70.218024319147));
#3937 = CARTESIAN_POINT('',(-29.51346693154,18.711023182042,
    70.228443760488));
#3938 = CARTESIAN_POINT('',(-29.5352053221,18.629894404003,
    70.274567239836));
#3939 = CARTESIAN_POINT('',(-29.5542004709,18.559003543599,
    70.306591030162));
#3940 = CARTESIAN_POINT('',(-29.57465885258,18.482651823696,
    70.33502468496));
#3941 = CARTESIAN_POINT('',(-29.59619838429,18.402265196999,
    70.360174982484));
#3942 = CARTESIAN_POINT('',(-29.61852898094,18.318926275724,
    70.382356127672));
#3943 = CARTESIAN_POINT('',(-29.64146174681,18.233340028342,
    70.401851617299));
#3944 = CARTESIAN_POINT('',(-29.66488850388,18.145910180722,
    70.418921954523));
#3945 = CARTESIAN_POINT('',(-29.71747382594,17.949659087044,
    70.451625992146));
#3946 = CARTESIAN_POINT('',(-29.74674934393,17.840401366509,
    70.466228474709));
#3947 = CARTESIAN_POINT('',(-29.77646010817,17.729519284821,
    70.477937670027));
#3948 = CARTESIAN_POINT('',(-29.80649831488,17.617415171214,
    70.486996870253));
#3949 = CARTESIAN_POINT('',(-29.83678098912,17.504398692366,
    70.493597354628));
#3950 = CARTESIAN_POINT('',(-29.86724421543,17.390708384009,
    70.497893146817));
#3951 = CARTESIAN_POINT('',(-29.89784170649,17.276516992766,70.5));
#3952 = CARTESIAN_POINT('',(-29.9285402022,17.161948647083,70.5));
#3953 = PCURVE('',#176,#3954);
#3954 = DEFINITIONAL_REPRESENTATION('',(#3955),#3972);
#3955 = B_SPLINE_CURVE_WITH_KNOTS('',8,(#3956,#3957,#3958,#3959,#3960,
    #3961,#3962,#3963,#3964,#3965,#3966,#3967,#3968,#3969,#3970,#3971),
  .UNSPECIFIED.,.F.,.F.,(9,7,9),(0.580751320004,0.582160326662,1.),
  .UNSPECIFIED.);
#3956 = CARTESIAN_POINT('',(2.595082647508,1.048350424619));
#3957 = CARTESIAN_POINT('',(2.595092965682,1.04859259867));
#3958 = CARTESIAN_POINT('',(2.595103284748,1.048834743627));
#3959 = CARTESIAN_POINT('',(2.595113604706,1.049076859521));
#3960 = CARTESIAN_POINT('',(2.595123925555,1.049318946382));
#3961 = CARTESIAN_POINT('',(2.595134247296,1.04956100424));
#3962 = CARTESIAN_POINT('',(2.595144569928,1.049803033126));
#3963 = CARTESIAN_POINT('',(2.595154893451,1.050045033071));
#3964 = CARTESIAN_POINT('',(2.598226913687,1.122043299275));
#3965 = CARTESIAN_POINT('',(2.601357360111,1.191032892348));
#3966 = CARTESIAN_POINT('',(2.604540905455,1.25783155423));
#3967 = CARTESIAN_POINT('',(2.607766245918,1.322831898098));
#3968 = CARTESIAN_POINT('',(2.611024610608,1.386353681721));
#3969 = CARTESIAN_POINT('',(2.614309186566,1.448681316133));
#3970 = CARTESIAN_POINT('',(2.617614993909,1.510074303469));
#3971 = CARTESIAN_POINT('',(2.620938421211,1.570796326795));
#3972 = ( GEOMETRIC_REPRESENTATION_CONTEXT(2) 
PARAMETRIC_REPRESENTATION_CONTEXT() REPRESENTATION_CONTEXT('2D SPACE',''
  ) );
#3973 = PCURVE('',#1586,#3974);
#3974 = DEFINITIONAL_REPRESENTATION('',(#3975),#3992);
#3975 = B_SPLINE_CURVE_WITH_KNOTS('',8,(#3976,#3977,#3978,#3979,#3980,
    #3981,#3982,#3983,#3984,#3985,#3986,#3987,#3988,#3989,#3990,#3991),
  .UNSPECIFIED.,.F.,.F.,(9,7,9),(0.580751320004,0.582160326662,1.),
  .UNSPECIFIED.);
#3976 = CARTESIAN_POINT('',(1.133300632412,-1.299999999994));
#3977 = CARTESIAN_POINT('',(1.133361054991,-1.299626408931));
#3978 = CARTESIAN_POINT('',(1.133421441269,-1.299252788153));
#3979 = CARTESIAN_POINT('',(1.133481791259,-1.298879137666));
#3980 = CARTESIAN_POINT('',(1.133542104976,-1.298505457477));
#3981 = CARTESIAN_POINT('',(1.133602382434,-1.298131747593));
#3982 = CARTESIAN_POINT('',(1.133662623648,-1.29775800802));
#3983 = CARTESIAN_POINT('',(1.133722828632,-1.297384238766));
#3984 = CARTESIAN_POINT('',(1.151625992146,-1.18616069916));
#3985 = CARTESIAN_POINT('',(1.166228474709,-1.073048783565));
#3986 = CARTESIAN_POINT('',(1.177937670027,-0.958255205559));
#3987 = CARTESIAN_POINT('',(1.186996870253,-0.842196487016));
#3988 = CARTESIAN_POINT('',(1.193597354628,-0.725193218471));
#3989 = CARTESIAN_POINT('',(1.197893146817,-0.607492350285));
#3990 = CARTESIAN_POINT('',(1.2,-0.489272722923));
#3991 = CARTESIAN_POINT('',(1.2,-0.370662843609));
#3992 = ( GEOMETRIC_REPRESENTATION_CONTEXT(2) 
PARAMETRIC_REPRESENTATION_CONTEXT() REPRESENTATION_CONTEXT('2D SPACE',''
  ) );
#3993 = ORIENTED_EDGE('',*,*,#3994,.F.);
#3994 = EDGE_CURVE('',#777,#3919,#3995,.T.);
#3995 = SURFACE_CURVE('',#3996,(#4001,#4008),.PCURVE_S1.);
#3996 = CIRCLE('',#3997,34.5);
#3997 = AXIS2_PLACEMENT_3D('',#3998,#3999,#4000);
#3998 = CARTESIAN_POINT('',(0.,0.,70.5));
#3999 = DIRECTION('',(0.,0.,1.));
#4000 = DIRECTION('',(1.,0.,-0.));
#4001 = PCURVE('',#176,#4002);
#4002 = DEFINITIONAL_REPRESENTATION('',(#4003),#4007);
#4003 = LINE('',#4004,#4005);
#4004 = CARTESIAN_POINT('',(0.,1.570796326795));
#4005 = VECTOR('',#4006,1.);
#4006 = DIRECTION('',(1.,0.));
#4007 = ( GEOMETRIC_REPRESENTATION_CONTEXT(2) 
PARAMETRIC_REPRESENTATION_CONTEXT() REPRESENTATION_CONTEXT('2D SPACE',''
  ) );
#4008 = PCURVE('',#813,#4009);
#4009 = DEFINITIONAL_REPRESENTATION('',(#4010),#4014);
#4010 = CIRCLE('',#4011,34.5);
#4011 = AXIS2_PLACEMENT_2D('',#4012,#4013);
#4012 = CARTESIAN_POINT('',(0.,0.));
#4013 = DIRECTION('',(1.,0.));
#4014 = ( GEOMETRIC_REPRESENTATION_CONTEXT(2) 
PARAMETRIC_REPRESENTATION_CONTEXT() REPRESENTATION_CONTEXT('2D SPACE',''
  ) );
#4015 = ORIENTED_EDGE('',*,*,#776,.F.);
#4016 = ORIENTED_EDGE('',*,*,#161,.T.);
#4017 = ADVANCED_FACE('',(#4018),#592,.T.);
#4018 = FACE_BOUND('',#4019,.T.);
#4019 = EDGE_LOOP('',(#4020,#4021,#4022,#4045,#4073,#4101,#4129,#4157,
    #4185,#4213,#4241,#4269,#4297,#4325,#4353,#4381,#4409));
#4020 = ORIENTED_EDGE('',*,*,#3895,.T.);
#4021 = ORIENTED_EDGE('',*,*,#575,.T.);
#4022 = ORIENTED_EDGE('',*,*,#4023,.T.);
#4023 = EDGE_CURVE('',#550,#4024,#4026,.T.);
#4024 = VERTEX_POINT('',#4025);
#4025 = CARTESIAN_POINT('',(-7.430801707126,-32.97306758537,68.3));
#4026 = SURFACE_CURVE('',#4027,(#4031,#4038),.PCURVE_S1.);
#4027 = LINE('',#4028,#4029);
#4028 = CARTESIAN_POINT('',(-7.914463356702,-35.11924358205,68.3));
#4029 = VECTOR('',#4030,1.);
#4030 = DIRECTION('',(0.219846204353,0.975534543946,0.));
#4031 = PCURVE('',#592,#4032);
#4032 = DEFINITIONAL_REPRESENTATION('',(#4033),#4037);
#4033 = LINE('',#4034,#4035);
#4034 = CARTESIAN_POINT('',(16.912688889635,-14.54391727833));
#4035 = VECTOR('',#4036,1.);
#4036 = DIRECTION('',(0.219846204353,0.975534543946));
#4037 = ( GEOMETRIC_REPRESENTATION_CONTEXT(2) 
PARAMETRIC_REPRESENTATION_CONTEXT() REPRESENTATION_CONTEXT('2D SPACE',''
  ) );
#4038 = PCURVE('',#564,#4039);
#4039 = DEFINITIONAL_REPRESENTATION('',(#4040),#4044);
#4040 = LINE('',#4041,#4042);
#4041 = CARTESIAN_POINT('',(0.,0.));
#4042 = VECTOR('',#4043,1.);
#4043 = DIRECTION('',(1.,0.));
#4044 = ( GEOMETRIC_REPRESENTATION_CONTEXT(2) 
PARAMETRIC_REPRESENTATION_CONTEXT() REPRESENTATION_CONTEXT('2D SPACE',''
  ) );
#4045 = ORIENTED_EDGE('',*,*,#4046,.T.);
#4046 = EDGE_CURVE('',#4024,#4047,#4049,.T.);
#4047 = VERTEX_POINT('',#4048);
#4048 = CARTESIAN_POINT('',(-9.224356610198,-32.51693781904,68.3));
#4049 = SURFACE_CURVE('',#4050,(#4054,#4061),.PCURVE_S1.);
#4050 = LINE('',#4051,#4052);
#4051 = CARTESIAN_POINT('',(-7.430801707126,-32.97306758537,68.3));
#4052 = VECTOR('',#4053,1.);
#4053 = DIRECTION('',(-0.969150304333,0.246470459916,0.));
#4054 = PCURVE('',#592,#4055);
#4055 = DEFINITIONAL_REPRESENTATION('',(#4056),#4060);
#4056 = LINE('',#4057,#4058);
#4057 = CARTESIAN_POINT('',(17.396350539211,-12.39774128164));
#4058 = VECTOR('',#4059,1.);
#4059 = DIRECTION('',(-0.969150304333,0.246470459916));
#4060 = ( GEOMETRIC_REPRESENTATION_CONTEXT(2) 
PARAMETRIC_REPRESENTATION_CONTEXT() REPRESENTATION_CONTEXT('2D SPACE',''
  ) );
#4061 = PCURVE('',#4062,#4067);
#4062 = PLANE('',#4063);
#4063 = AXIS2_PLACEMENT_3D('',#4064,#4065,#4066);
#4064 = CARTESIAN_POINT('',(-7.430801707126,-32.97306758537,68.3));
#4065 = DIRECTION('',(-0.246470459916,-0.969150304333,0.));
#4066 = DIRECTION('',(-0.969150304333,0.246470459916,0.));
#4067 = DEFINITIONAL_REPRESENTATION('',(#4068),#4072);
#4068 = LINE('',#4069,#4070);
#4069 = CARTESIAN_POINT('',(0.,0.));
#4070 = VECTOR('',#4071,1.);
#4071 = DIRECTION('',(1.,0.));
#4072 = ( GEOMETRIC_REPRESENTATION_CONTEXT(2) 
PARAMETRIC_REPRESENTATION_CONTEXT() REPRESENTATION_CONTEXT('2D SPACE',''
  ) );
#4073 = ORIENTED_EDGE('',*,*,#4074,.T.);
#4074 = EDGE_CURVE('',#4047,#4075,#4077,.T.);
#4075 = VERTEX_POINT('',#4076);
#4076 = CARTESIAN_POINT('',(-10.99025803519,-31.96332630249,68.3));
#4077 = SURFACE_CURVE('',#4078,(#4082,#4089),.PCURVE_S1.);
#4078 = LINE('',#4079,#4080);
#4079 = CARTESIAN_POINT('',(-9.224356610198,-32.51693781904,68.3));
#4080 = VECTOR('',#4081,1.);
#4081 = DIRECTION('',(-0.954207702549,0.299144881949,0.));
#4082 = PCURVE('',#592,#4083);
#4083 = DEFINITIONAL_REPRESENTATION('',(#4084),#4088);
#4084 = LINE('',#4085,#4086);
#4085 = CARTESIAN_POINT('',(15.602795636139,-11.94161151532));
#4086 = VECTOR('',#4087,1.);
#4087 = DIRECTION('',(-0.954207702549,0.299144881949));
#4088 = ( GEOMETRIC_REPRESENTATION_CONTEXT(2) 
PARAMETRIC_REPRESENTATION_CONTEXT() REPRESENTATION_CONTEXT('2D SPACE',''
  ) );
#4089 = PCURVE('',#4090,#4095);
#4090 = PLANE('',#4091);
#4091 = AXIS2_PLACEMENT_3D('',#4092,#4093,#4094);
#4092 = CARTESIAN_POINT('',(-9.224356610198,-32.51693781904,68.3));
#4093 = DIRECTION('',(-0.299144881949,-0.954207702549,0.));
#4094 = DIRECTION('',(-0.954207702549,0.299144881949,0.));
#4095 = DEFINITIONAL_REPRESENTATION('',(#4096),#4100);
#4096 = LINE('',#4097,#4098);
#4097 = CARTESIAN_POINT('',(0.,0.));
#4098 = VECTOR('',#4099,1.);
#4099 = DIRECTION('',(1.,0.));
#4100 = ( GEOMETRIC_REPRESENTATION_CONTEXT(2) 
PARAMETRIC_REPRESENTATION_CONTEXT() REPRESENTATION_CONTEXT('2D SPACE',''
  ) );
#4101 = ORIENTED_EDGE('',*,*,#4102,.T.);
#4102 = EDGE_CURVE('',#4075,#4103,#4105,.T.);
#4103 = VERTEX_POINT('',#4104);
#4104 = CARTESIAN_POINT('',(-12.72321202846,-31.31389269443,68.3));
#4105 = SURFACE_CURVE('',#4106,(#4110,#4117),.PCURVE_S1.);
#4106 = LINE('',#4107,#4108);
#4107 = CARTESIAN_POINT('',(-10.99025803519,-31.96332630249,68.3));
#4108 = VECTOR('',#4109,1.);
#4109 = DIRECTION('',(-0.936404504314,0.350922504695,0.));
#4110 = PCURVE('',#592,#4111);
#4111 = DEFINITIONAL_REPRESENTATION('',(#4112),#4116);
#4112 = LINE('',#4113,#4114);
#4113 = CARTESIAN_POINT('',(13.836894211144,-11.38799999877));
#4114 = VECTOR('',#4115,1.);
#4115 = DIRECTION('',(-0.936404504314,0.350922504695));
#4116 = ( GEOMETRIC_REPRESENTATION_CONTEXT(2) 
PARAMETRIC_REPRESENTATION_CONTEXT() REPRESENTATION_CONTEXT('2D SPACE',''
  ) );
#4117 = PCURVE('',#4118,#4123);
#4118 = PLANE('',#4119);
#4119 = AXIS2_PLACEMENT_3D('',#4120,#4121,#4122);
#4120 = CARTESIAN_POINT('',(-10.99025803519,-31.96332630249,68.3));
#4121 = DIRECTION('',(-0.350922504695,-0.936404504314,0.));
#4122 = DIRECTION('',(-0.936404504314,0.350922504695,0.));
#4123 = DEFINITIONAL_REPRESENTATION('',(#4124),#4128);
#4124 = LINE('',#4125,#4126);
#4125 = CARTESIAN_POINT('',(0.,0.));
#4126 = VECTOR('',#4127,1.);
#4127 = DIRECTION('',(1.,0.));
#4128 = ( GEOMETRIC_REPRESENTATION_CONTEXT(2) 
PARAMETRIC_REPRESENTATION_CONTEXT() REPRESENTATION_CONTEXT('2D SPACE',''
  ) );
#4129 = ORIENTED_EDGE('',*,*,#4130,.T.);
#4130 = EDGE_CURVE('',#4103,#4131,#4133,.T.);
#4131 = VERTEX_POINT('',#4132);
#4132 = CARTESIAN_POINT('',(-14.41802340866,-30.57058391635,68.3));
#4133 = SURFACE_CURVE('',#4134,(#4138,#4145),.PCURVE_S1.);
#4134 = LINE('',#4135,#4136);
#4135 = CARTESIAN_POINT('',(-12.72321202846,-31.31389269443,68.3));
#4136 = VECTOR('',#4137,1.);
#4137 = DIRECTION('',(-0.915794081409,0.401648105256,0.));
#4138 = PCURVE('',#592,#4139);
#4139 = DEFINITIONAL_REPRESENTATION('',(#4140),#4144);
#4140 = LINE('',#4141,#4142);
#4141 = CARTESIAN_POINT('',(12.103940217876,-10.73856639071));
#4142 = VECTOR('',#4143,1.);
#4143 = DIRECTION('',(-0.915794081409,0.401648105256));
#4144 = ( GEOMETRIC_REPRESENTATION_CONTEXT(2) 
PARAMETRIC_REPRESENTATION_CONTEXT() REPRESENTATION_CONTEXT('2D SPACE',''
  ) );
#4145 = PCURVE('',#4146,#4151);
#4146 = PLANE('',#4147);
#4147 = AXIS2_PLACEMENT_3D('',#4148,#4149,#4150);
#4148 = CARTESIAN_POINT('',(-12.72321202846,-31.31389269443,68.3));
#4149 = DIRECTION('',(-0.401648105256,-0.915794081409,0.));
#4150 = DIRECTION('',(-0.915794081409,0.401648105256,0.));
#4151 = DEFINITIONAL_REPRESENTATION('',(#4152),#4156);
#4152 = LINE('',#4153,#4154);
#4153 = CARTESIAN_POINT('',(0.,0.));
#4154 = VECTOR('',#4155,1.);
#4155 = DIRECTION('',(1.,0.));
#4156 = ( GEOMETRIC_REPRESENTATION_CONTEXT(2) 
PARAMETRIC_REPRESENTATION_CONTEXT() REPRESENTATION_CONTEXT('2D SPACE',''
  ) );
#4157 = ORIENTED_EDGE('',*,*,#4158,.T.);
#4158 = EDGE_CURVE('',#4131,#4159,#4161,.T.);
#4159 = VERTEX_POINT('',#4160);
#4160 = CARTESIAN_POINT('',(-16.06961134131,-29.73562831586,68.3));
#4161 = SURFACE_CURVE('',#4162,(#4166,#4173),.PCURVE_S1.);
#4162 = LINE('',#4163,#4164);
#4163 = CARTESIAN_POINT('',(-14.41802340866,-30.57058391635,68.3));
#4164 = VECTOR('',#4165,1.);
#4165 = DIRECTION('',(-0.89243822133,0.451169614568,0.));
#4166 = PCURVE('',#592,#4167);
#4167 = DEFINITIONAL_REPRESENTATION('',(#4168),#4172);
#4168 = LINE('',#4169,#4170);
#4169 = CARTESIAN_POINT('',(10.409128837667,-9.995257612636));
#4170 = VECTOR('',#4171,1.);
#4171 = DIRECTION('',(-0.89243822133,0.451169614568));
#4172 = ( GEOMETRIC_REPRESENTATION_CONTEXT(2) 
PARAMETRIC_REPRESENTATION_CONTEXT() REPRESENTATION_CONTEXT('2D SPACE',''
  ) );
#4173 = PCURVE('',#4174,#4179);
#4174 = PLANE('',#4175);
#4175 = AXIS2_PLACEMENT_3D('',#4176,#4177,#4178);
#4176 = CARTESIAN_POINT('',(-14.41802340866,-30.57058391635,68.3));
#4177 = DIRECTION('',(-0.451169614568,-0.89243822133,0.));
#4178 = DIRECTION('',(-0.89243822133,0.451169614568,0.));
#4179 = DEFINITIONAL_REPRESENTATION('',(#4180),#4184);
#4180 = LINE('',#4181,#4182);
#4181 = CARTESIAN_POINT('',(0.,0.));
#4182 = VECTOR('',#4183,1.);
#4183 = DIRECTION('',(1.,0.));
#4184 = ( GEOMETRIC_REPRESENTATION_CONTEXT(2) 
PARAMETRIC_REPRESENTATION_CONTEXT() REPRESENTATION_CONTEXT('2D SPACE',''
  ) );
#4185 = ORIENTED_EDGE('',*,*,#4186,.T.);
#4186 = EDGE_CURVE('',#4159,#4187,#4189,.T.);
#4187 = VERTEX_POINT('',#4188);
#4188 = CARTESIAN_POINT('',(-17.67302457043,-28.81152898637,68.3));
#4189 = SURFACE_CURVE('',#4190,(#4194,#4201),.PCURVE_S1.);
#4190 = LINE('',#4191,#4192);
#4191 = CARTESIAN_POINT('',(-16.06961134131,-29.73562831586,68.3));
#4192 = VECTOR('',#4193,1.);
#4193 = DIRECTION('',(-0.86640694205,0.499338573282,0.));
#4194 = PCURVE('',#592,#4195);
#4195 = DEFINITIONAL_REPRESENTATION('',(#4196),#4200);
#4196 = LINE('',#4197,#4198);
#4197 = CARTESIAN_POINT('',(8.757540905022,-9.160302012141));
#4198 = VECTOR('',#4199,1.);
#4199 = DIRECTION('',(-0.86640694205,0.499338573282));
#4200 = ( GEOMETRIC_REPRESENTATION_CONTEXT(2) 
PARAMETRIC_REPRESENTATION_CONTEXT() REPRESENTATION_CONTEXT('2D SPACE',''
  ) );
#4201 = PCURVE('',#4202,#4207);
#4202 = PLANE('',#4203);
#4203 = AXIS2_PLACEMENT_3D('',#4204,#4205,#4206);
#4204 = CARTESIAN_POINT('',(-16.06961134131,-29.73562831586,68.3));
#4205 = DIRECTION('',(-0.499338573282,-0.86640694205,0.));
#4206 = DIRECTION('',(-0.86640694205,0.499338573282,0.));
#4207 = DEFINITIONAL_REPRESENTATION('',(#4208),#4212);
#4208 = LINE('',#4209,#4210);
#4209 = CARTESIAN_POINT('',(0.,0.));
#4210 = VECTOR('',#4211,1.);
#4211 = DIRECTION('',(1.,0.));
#4212 = ( GEOMETRIC_REPRESENTATION_CONTEXT(2) 
PARAMETRIC_REPRESENTATION_CONTEXT() REPRESENTATION_CONTEXT('2D SPACE',''
  ) );
#4213 = ORIENTED_EDGE('',*,*,#4214,.T.);
#4214 = EDGE_CURVE('',#4187,#4215,#4217,.T.);
#4215 = VERTEX_POINT('',#4216);
#4216 = CARTESIAN_POINT('',(-19.22345626184,-27.80105626318,68.3));
#4217 = SURFACE_CURVE('',#4218,(#4222,#4229),.PCURVE_S1.);
#4218 = LINE('',#4219,#4220);
#4219 = CARTESIAN_POINT('',(-17.67302457043,-28.81152898637,68.3));
#4220 = VECTOR('',#4221,1.);
#4221 = DIRECTION('',(-0.837778282119,0.546010576829,0.));
#4222 = PCURVE('',#592,#4223);
#4223 = DEFINITIONAL_REPRESENTATION('',(#4224),#4228);
#4224 = LINE('',#4225,#4226);
#4225 = CARTESIAN_POINT('',(7.154127675906,-8.236202682657));
#4226 = VECTOR('',#4227,1.);
#4227 = DIRECTION('',(-0.837778282119,0.546010576829));
#4228 = ( GEOMETRIC_REPRESENTATION_CONTEXT(2) 
PARAMETRIC_REPRESENTATION_CONTEXT() REPRESENTATION_CONTEXT('2D SPACE',''
  ) );
#4229 = PCURVE('',#4230,#4235);
#4230 = PLANE('',#4231);
#4231 = AXIS2_PLACEMENT_3D('',#4232,#4233,#4234);
#4232 = CARTESIAN_POINT('',(-17.67302457043,-28.81152898637,68.3));
#4233 = DIRECTION('',(-0.546010576829,-0.837778282119,0.));
#4234 = DIRECTION('',(-0.837778282119,0.546010576829,0.));
#4235 = DEFINITIONAL_REPRESENTATION('',(#4236),#4240);
#4236 = LINE('',#4237,#4238);
#4237 = CARTESIAN_POINT('',(0.,0.));
#4238 = VECTOR('',#4239,1.);
#4239 = DIRECTION('',(1.,0.));
#4240 = ( GEOMETRIC_REPRESENTATION_CONTEXT(2) 
PARAMETRIC_REPRESENTATION_CONTEXT() REPRESENTATION_CONTEXT('2D SPACE',''
  ) );
#4241 = ORIENTED_EDGE('',*,*,#4242,.T.);
#4242 = EDGE_CURVE('',#4215,#4243,#4245,.T.);
#4243 = VERTEX_POINT('',#4244);
#4244 = CARTESIAN_POINT('',(-20.71625841347,-26.70723941829,68.3));
#4245 = SURFACE_CURVE('',#4246,(#4250,#4257),.PCURVE_S1.);
#4246 = LINE('',#4247,#4248);
#4247 = CARTESIAN_POINT('',(-19.22345626184,-27.80105626318,68.3));
#4248 = VECTOR('',#4249,1.);
#4249 = DIRECTION('',(-0.806638066712,0.591045708326,0.));
#4250 = PCURVE('',#592,#4251);
#4251 = DEFINITIONAL_REPRESENTATION('',(#4252),#4256);
#4252 = LINE('',#4253,#4254);
#4253 = CARTESIAN_POINT('',(5.603695984491,-7.225729959466));
#4254 = VECTOR('',#4255,1.);
#4255 = DIRECTION('',(-0.806638066712,0.591045708326));
#4256 = ( GEOMETRIC_REPRESENTATION_CONTEXT(2) 
PARAMETRIC_REPRESENTATION_CONTEXT() REPRESENTATION_CONTEXT('2D SPACE',''
  ) );
#4257 = PCURVE('',#4258,#4263);
#4258 = PLANE('',#4259);
#4259 = AXIS2_PLACEMENT_3D('',#4260,#4261,#4262);
#4260 = CARTESIAN_POINT('',(-19.22345626184,-27.80105626318,68.3));
#4261 = DIRECTION('',(-0.591045708326,-0.806638066712,0.));
#4262 = DIRECTION('',(-0.806638066712,0.591045708326,0.));
#4263 = DEFINITIONAL_REPRESENTATION('',(#4264),#4268);
#4264 = LINE('',#4265,#4266);
#4265 = CARTESIAN_POINT('',(0.,0.));
#4266 = VECTOR('',#4267,1.);
#4267 = DIRECTION('',(1.,0.));
#4268 = ( GEOMETRIC_REPRESENTATION_CONTEXT(2) 
PARAMETRIC_REPRESENTATION_CONTEXT() REPRESENTATION_CONTEXT('2D SPACE',''
  ) );
#4269 = ORIENTED_EDGE('',*,*,#4270,.T.);
#4270 = EDGE_CURVE('',#4243,#4271,#4273,.T.);
#4271 = VERTEX_POINT('',#4272);
#4272 = CARTESIAN_POINT('',(-22.14695578943,-25.53335757907,68.3));
#4273 = SURFACE_CURVE('',#4274,(#4278,#4285),.PCURVE_S1.);
#4274 = LINE('',#4275,#4276);
#4275 = CARTESIAN_POINT('',(-20.71625841347,-26.70723941829,68.3));
#4276 = VECTOR('',#4277,1.);
#4277 = DIRECTION('',(-0.773079650336,0.63430895803,0.));
#4278 = PCURVE('',#592,#4279);
#4279 = DEFINITIONAL_REPRESENTATION('',(#4280),#4284);
#4280 = LINE('',#4281,#4282);
#4281 = CARTESIAN_POINT('',(4.110893832866,-6.131913114577));
#4282 = VECTOR('',#4283,1.);
#4283 = DIRECTION('',(-0.773079650336,0.63430895803));
#4284 = ( GEOMETRIC_REPRESENTATION_CONTEXT(2) 
PARAMETRIC_REPRESENTATION_CONTEXT() REPRESENTATION_CONTEXT('2D SPACE',''
  ) );
#4285 = PCURVE('',#4286,#4291);
#4286 = PLANE('',#4287);
#4287 = AXIS2_PLACEMENT_3D('',#4288,#4289,#4290);
#4288 = CARTESIAN_POINT('',(-20.71625841347,-26.70723941829,68.3));
#4289 = DIRECTION('',(-0.63430895803,-0.773079650336,0.));
#4290 = DIRECTION('',(-0.773079650336,0.63430895803,0.));
#4291 = DEFINITIONAL_REPRESENTATION('',(#4292),#4296);
#4292 = LINE('',#4293,#4294);
#4293 = CARTESIAN_POINT('',(0.,0.));
#4294 = VECTOR('',#4295,1.);
#4295 = DIRECTION('',(1.,0.));
#4296 = ( GEOMETRIC_REPRESENTATION_CONTEXT(2) 
PARAMETRIC_REPRESENTATION_CONTEXT() REPRESENTATION_CONTEXT('2D SPACE',''
  ) );
#4297 = ORIENTED_EDGE('',*,*,#4298,.T.);
#4298 = EDGE_CURVE('',#4271,#4299,#4301,.T.);
#4299 = VERTEX_POINT('',#4300);
#4300 = CARTESIAN_POINT('',(-23.51125933629,-24.2829298978,68.3));
#4301 = SURFACE_CURVE('',#4302,(#4306,#4313),.PCURVE_S1.);
#4302 = LINE('',#4303,#4304);
#4303 = CARTESIAN_POINT('',(-22.14695578943,-25.53335757907,68.3));
#4304 = VECTOR('',#4305,1.);
#4305 = DIRECTION('',(-0.737203636964,0.675670628077,0.));
#4306 = PCURVE('',#592,#4307);
#4307 = DEFINITIONAL_REPRESENTATION('',(#4308),#4312);
#4308 = LINE('',#4309,#4310);
#4309 = CARTESIAN_POINT('',(2.680196456901,-4.958031275351));
#4310 = VECTOR('',#4311,1.);
#4311 = DIRECTION('',(-0.737203636964,0.675670628077));
#4312 = ( GEOMETRIC_REPRESENTATION_CONTEXT(2) 
PARAMETRIC_REPRESENTATION_CONTEXT() REPRESENTATION_CONTEXT('2D SPACE',''
  ) );
#4313 = PCURVE('',#4314,#4319);
#4314 = PLANE('',#4315);
#4315 = AXIS2_PLACEMENT_3D('',#4316,#4317,#4318);
#4316 = CARTESIAN_POINT('',(-22.14695578943,-25.53335757907,68.3));
#4317 = DIRECTION('',(-0.675670628077,-0.737203636964,0.));
#4318 = DIRECTION('',(-0.737203636964,0.675670628077,0.));
#4319 = DEFINITIONAL_REPRESENTATION('',(#4320),#4324);
#4320 = LINE('',#4321,#4322);
#4321 = CARTESIAN_POINT('',(0.,0.));
#4322 = VECTOR('',#4323,1.);
#4323 = DIRECTION('',(1.,0.));
#4324 = ( GEOMETRIC_REPRESENTATION_CONTEXT(2) 
PARAMETRIC_REPRESENTATION_CONTEXT() REPRESENTATION_CONTEXT('2D SPACE',''
  ) );
#4325 = ORIENTED_EDGE('',*,*,#4326,.T.);
#4326 = EDGE_CURVE('',#4299,#4327,#4329,.T.);
#4327 = VERTEX_POINT('',#4328);
#4328 = CARTESIAN_POINT('',(-24.80507904106,-22.95970500172,68.3));
#4329 = SURFACE_CURVE('',#4330,(#4334,#4341),.PCURVE_S1.);
#4330 = LINE('',#4331,#4332);
#4331 = CARTESIAN_POINT('',(-23.51125933629,-24.2829298978,68.3));
#4332 = VECTOR('',#4333,1.);
#4333 = DIRECTION('',(-0.69911757844,0.715006721308,0.));
#4334 = PCURVE('',#592,#4335);
#4335 = DEFINITIONAL_REPRESENTATION('',(#4336),#4340);
#4336 = LINE('',#4337,#4338);
#4337 = CARTESIAN_POINT('',(1.315892910043,-3.70760359408));
#4338 = VECTOR('',#4339,1.);
#4339 = DIRECTION('',(-0.69911757844,0.715006721308));
#4340 = ( GEOMETRIC_REPRESENTATION_CONTEXT(2) 
PARAMETRIC_REPRESENTATION_CONTEXT() REPRESENTATION_CONTEXT('2D SPACE',''
  ) );
#4341 = PCURVE('',#4342,#4347);
#4342 = PLANE('',#4343);
#4343 = AXIS2_PLACEMENT_3D('',#4344,#4345,#4346);
#4344 = CARTESIAN_POINT('',(-23.51125933629,-24.2829298978,68.3));
#4345 = DIRECTION('',(-0.715006721308,-0.69911757844,0.));
#4346 = DIRECTION('',(-0.69911757844,0.715006721308,0.));
#4347 = DEFINITIONAL_REPRESENTATION('',(#4348),#4352);
#4348 = LINE('',#4349,#4350);
#4349 = CARTESIAN_POINT('',(0.,0.));
#4350 = VECTOR('',#4351,1.);
#4351 = DIRECTION('',(1.,0.));
#4352 = ( GEOMETRIC_REPRESENTATION_CONTEXT(2) 
PARAMETRIC_REPRESENTATION_CONTEXT() REPRESENTATION_CONTEXT('2D SPACE',''
  ) );
#4353 = ORIENTED_EDGE('',*,*,#4354,.T.);
#4354 = EDGE_CURVE('',#4327,#4355,#4357,.T.);
#4355 = VERTEX_POINT('',#4356);
#4356 = CARTESIAN_POINT('',(-26.02453619261,-21.56764975511,68.3));
#4357 = SURFACE_CURVE('',#4358,(#4362,#4369),.PCURVE_S1.);
#4358 = LINE('',#4359,#4360);
#4359 = CARTESIAN_POINT('',(-24.80507904106,-22.95970500172,68.3));
#4360 = VECTOR('',#4361,1.);
#4361 = DIRECTION('',(-0.658935652047,0.752199312989,0.));
#4362 = PCURVE('',#592,#4363);
#4363 = DEFINITIONAL_REPRESENTATION('',(#4364),#4368);
#4364 = LINE('',#4365,#4366);
#4365 = CARTESIAN_POINT('',(2.207320526752E-02,-2.384378698005));
#4366 = VECTOR('',#4367,1.);
#4367 = DIRECTION('',(-0.658935652047,0.752199312989));
#4368 = ( GEOMETRIC_REPRESENTATION_CONTEXT(2) 
PARAMETRIC_REPRESENTATION_CONTEXT() REPRESENTATION_CONTEXT('2D SPACE',''
  ) );
#4369 = PCURVE('',#4370,#4375);
#4370 = PLANE('',#4371);
#4371 = AXIS2_PLACEMENT_3D('',#4372,#4373,#4374);
#4372 = CARTESIAN_POINT('',(-24.80507904106,-22.95970500172,68.3));
#4373 = DIRECTION('',(-0.752199312989,-0.658935652047,0.));
#4374 = DIRECTION('',(-0.658935652047,0.752199312989,0.));
#4375 = DEFINITIONAL_REPRESENTATION('',(#4376),#4380);
#4376 = LINE('',#4377,#4378);
#4377 = CARTESIAN_POINT('',(0.,0.));
#4378 = VECTOR('',#4379,1.);
#4379 = DIRECTION('',(1.,0.));
#4380 = ( GEOMETRIC_REPRESENTATION_CONTEXT(2) 
PARAMETRIC_REPRESENTATION_CONTEXT() REPRESENTATION_CONTEXT('2D SPACE',''
  ) );
#4381 = ORIENTED_EDGE('',*,*,#4382,.T.);
#4382 = EDGE_CURVE('',#4355,#4383,#4385,.T.);
#4383 = VERTEX_POINT('',#4384);
#4384 = CARTESIAN_POINT('',(-27.16190559865,-20.11613077834,68.3));
#4385 = SURFACE_CURVE('',#4386,(#4390,#4397),.PCURVE_S1.);
#4386 = LINE('',#4387,#4388);
#4387 = CARTESIAN_POINT('',(-26.02453619261,-21.56764975511,68.3));
#4388 = VECTOR('',#4389,1.);
#4389 = DIRECTION('',(-0.616778318222,0.787136904338,0.));
#4390 = PCURVE('',#592,#4391);
#4391 = DEFINITIONAL_REPRESENTATION('',(#4392),#4396);
#4392 = LINE('',#4393,#4394);
#4393 = CARTESIAN_POINT('',(-1.197383946275,-0.992323451397));
#4394 = VECTOR('',#4395,1.);
#4395 = DIRECTION('',(-0.616778318222,0.787136904338));
#4396 = ( GEOMETRIC_REPRESENTATION_CONTEXT(2) 
PARAMETRIC_REPRESENTATION_CONTEXT() REPRESENTATION_CONTEXT('2D SPACE',''
  ) );
#4397 = PCURVE('',#4398,#4403);
#4398 = PLANE('',#4399);
#4399 = AXIS2_PLACEMENT_3D('',#4400,#4401,#4402);
#4400 = CARTESIAN_POINT('',(-26.02453619261,-21.56764975511,68.3));
#4401 = DIRECTION('',(-0.787136904338,-0.616778318222,0.));
#4402 = DIRECTION('',(-0.616778318222,0.787136904338,0.));
#4403 = DEFINITIONAL_REPRESENTATION('',(#4404),#4408);
#4404 = LINE('',#4405,#4406);
#4405 = CARTESIAN_POINT('',(0.,0.));
#4406 = VECTOR('',#4407,1.);
#4407 = DIRECTION('',(1.,0.));
#4408 = ( GEOMETRIC_REPRESENTATION_CONTEXT(2) 
PARAMETRIC_REPRESENTATION_CONTEXT() REPRESENTATION_CONTEXT('2D SPACE',''
  ) );
#4409 = ORIENTED_EDGE('',*,*,#4410,.T.);
#4410 = EDGE_CURVE('',#4383,#3871,#4411,.T.);
#4411 = SURFACE_CURVE('',#4412,(#4416,#4422),.PCURVE_S1.);
#4412 = LINE('',#4413,#4414);
#4413 = CARTESIAN_POINT('',(-26.36000642274,-21.1706817279,68.3));
#4414 = VECTOR('',#4415,1.);
#4415 = DIRECTION('',(0.605293988043,-0.796002002535,0.));
#4416 = PCURVE('',#592,#4417);
#4417 = DEFINITIONAL_REPRESENTATION('',(#4418),#4421);
#4418 = B_SPLINE_CURVE_WITH_KNOTS('',1,(#4419,#4420),.UNSPECIFIED.,.F.,
  .F.,(2,2),(-1.338779968283,-0.45392330766),.PIECEWISE_BEZIER_KNOTS.);
#4419 = CARTESIAN_POINT('',(-2.343209642525,0.470316111526));
#4420 = CARTESIAN_POINT('',(-1.80761122557,-0.234031562286));
#4421 = ( GEOMETRIC_REPRESENTATION_CONTEXT(2) 
PARAMETRIC_REPRESENTATION_CONTEXT() REPRESENTATION_CONTEXT('2D SPACE',''
  ) );
#4422 = PCURVE('',#2432,#4423);
#4423 = DEFINITIONAL_REPRESENTATION('',(#4424),#4427);
#4424 = B_SPLINE_CURVE_WITH_KNOTS('',1,(#4425,#4426),.UNSPECIFIED.,.F.,
  .F.,(2,2),(-1.338779968283,-0.45392330766),.PIECEWISE_BEZIER_KNOTS.);
#4425 = CARTESIAN_POINT('',(0.884856660623,-1.8));
#4426 = CARTESIAN_POINT('',(0.,-1.8));
#4427 = ( GEOMETRIC_REPRESENTATION_CONTEXT(2) 
PARAMETRIC_REPRESENTATION_CONTEXT() REPRESENTATION_CONTEXT('2D SPACE',''
  ) );
#4428 = ADVANCED_FACE('',(#4429),#564,.T.);
#4429 = FACE_BOUND('',#4430,.T.);
#4430 = EDGE_LOOP('',(#4431,#4432,#4433,#4456));
#4431 = ORIENTED_EDGE('',*,*,#4023,.F.);
#4432 = ORIENTED_EDGE('',*,*,#549,.T.);
#4433 = ORIENTED_EDGE('',*,*,#4434,.T.);
#4434 = EDGE_CURVE('',#521,#4435,#4437,.T.);
#4435 = VERTEX_POINT('',#4436);
#4436 = CARTESIAN_POINT('',(-7.430801707126,-32.97306758537,69.3));
#4437 = SURFACE_CURVE('',#4438,(#4442,#4449),.PCURVE_S1.);
#4438 = LINE('',#4439,#4440);
#4439 = CARTESIAN_POINT('',(-7.914463356702,-35.11924358205,69.3));
#4440 = VECTOR('',#4441,1.);
#4441 = DIRECTION('',(0.219846204353,0.975534543946,0.));
#4442 = PCURVE('',#564,#4443);
#4443 = DEFINITIONAL_REPRESENTATION('',(#4444),#4448);
#4444 = LINE('',#4445,#4446);
#4445 = CARTESIAN_POINT('',(0.,-1.));
#4446 = VECTOR('',#4447,1.);
#4447 = DIRECTION('',(1.,0.));
#4448 = ( GEOMETRIC_REPRESENTATION_CONTEXT(2) 
PARAMETRIC_REPRESENTATION_CONTEXT() REPRESENTATION_CONTEXT('2D SPACE',''
  ) );
#4449 = PCURVE('',#537,#4450);
#4450 = DEFINITIONAL_REPRESENTATION('',(#4451),#4455);
#4451 = LINE('',#4452,#4453);
#4452 = CARTESIAN_POINT('',(16.912688889635,-14.54391727833));
#4453 = VECTOR('',#4454,1.);
#4454 = DIRECTION('',(0.219846204353,0.975534543946));
#4455 = ( GEOMETRIC_REPRESENTATION_CONTEXT(2) 
PARAMETRIC_REPRESENTATION_CONTEXT() REPRESENTATION_CONTEXT('2D SPACE',''
  ) );
#4456 = ORIENTED_EDGE('',*,*,#4457,.F.);
#4457 = EDGE_CURVE('',#4024,#4435,#4458,.T.);
#4458 = SURFACE_CURVE('',#4459,(#4463,#4470),.PCURVE_S1.);
#4459 = LINE('',#4460,#4461);
#4460 = CARTESIAN_POINT('',(-7.430801707126,-32.97306758537,68.3));
#4461 = VECTOR('',#4462,1.);
#4462 = DIRECTION('',(0.,0.,1.));
#4463 = PCURVE('',#564,#4464);
#4464 = DEFINITIONAL_REPRESENTATION('',(#4465),#4469);
#4465 = LINE('',#4466,#4467);
#4466 = CARTESIAN_POINT('',(2.2,0.));
#4467 = VECTOR('',#4468,1.);
#4468 = DIRECTION('',(0.,-1.));
#4469 = ( GEOMETRIC_REPRESENTATION_CONTEXT(2) 
PARAMETRIC_REPRESENTATION_CONTEXT() REPRESENTATION_CONTEXT('2D SPACE',''
  ) );
#4470 = PCURVE('',#4062,#4471);
#4471 = DEFINITIONAL_REPRESENTATION('',(#4472),#4476);
#4472 = LINE('',#4473,#4474);
#4473 = CARTESIAN_POINT('',(0.,0.));
#4474 = VECTOR('',#4475,1.);
#4475 = DIRECTION('',(0.,-1.));
#4476 = ( GEOMETRIC_REPRESENTATION_CONTEXT(2) 
PARAMETRIC_REPRESENTATION_CONTEXT() REPRESENTATION_CONTEXT('2D SPACE',''
  ) );
#4477 = ADVANCED_FACE('',(#4478),#537,.F.);
#4478 = FACE_BOUND('',#4479,.F.);
#4479 = EDGE_LOOP('',(#4480,#4503,#4504,#4505,#4528,#4551,#4574,#4597,
    #4620,#4643,#4666,#4689,#4712,#4735,#4758,#4781,#4804,#4832,#4860,
    #4888,#4916,#4944,#4972,#5000,#5028,#5056,#5084));
#4480 = ORIENTED_EDGE('',*,*,#4481,.T.);
#4481 = EDGE_CURVE('',#4482,#493,#4484,.T.);
#4482 = VERTEX_POINT('',#4483);
#4483 = CARTESIAN_POINT('',(-33.77940995324,-1.179602988545,69.3));
#4484 = SURFACE_CURVE('',#4485,(#4489,#4496),.PCURVE_S1.);
#4485 = LINE('',#4486,#4487);
#4486 = CARTESIAN_POINT('',(-33.77940995324,-1.179602988545,69.3));
#4487 = VECTOR('',#4488,1.);
#4488 = DIRECTION('',(-0.999390827019,-3.48994967025E-02,0.));
#4489 = PCURVE('',#537,#4490);
#4490 = DEFINITIONAL_REPRESENTATION('',(#4491),#4495);
#4491 = LINE('',#4492,#4493);
#4492 = CARTESIAN_POINT('',(-8.952257706909,19.395723315177));
#4493 = VECTOR('',#4494,1.);
#4494 = DIRECTION('',(-0.999390827019,-3.48994967025E-02));
#4495 = ( GEOMETRIC_REPRESENTATION_CONTEXT(2) 
PARAMETRIC_REPRESENTATION_CONTEXT() REPRESENTATION_CONTEXT('2D SPACE',''
  ) );
#4496 = PCURVE('',#508,#4497);
#4497 = DEFINITIONAL_REPRESENTATION('',(#4498),#4502);
#4498 = LINE('',#4499,#4500);
#4499 = CARTESIAN_POINT('',(0.,-1.));
#4500 = VECTOR('',#4501,1.);
#4501 = DIRECTION('',(1.,0.));
#4502 = ( GEOMETRIC_REPRESENTATION_CONTEXT(2) 
PARAMETRIC_REPRESENTATION_CONTEXT() REPRESENTATION_CONTEXT('2D SPACE',''
  ) );
#4503 = ORIENTED_EDGE('',*,*,#520,.T.);
#4504 = ORIENTED_EDGE('',*,*,#4434,.T.);
#4505 = ORIENTED_EDGE('',*,*,#4506,.T.);
#4506 = EDGE_CURVE('',#4435,#4507,#4509,.T.);
#4507 = VERTEX_POINT('',#4508);
#4508 = CARTESIAN_POINT('',(-9.224356610198,-32.51693781904,69.3));
#4509 = SURFACE_CURVE('',#4510,(#4514,#4521),.PCURVE_S1.);
#4510 = LINE('',#4511,#4512);
#4511 = CARTESIAN_POINT('',(-7.430801707126,-32.97306758537,69.3));
#4512 = VECTOR('',#4513,1.);
#4513 = DIRECTION('',(-0.969150304333,0.246470459916,0.));
#4514 = PCURVE('',#537,#4515);
#4515 = DEFINITIONAL_REPRESENTATION('',(#4516),#4520);
#4516 = LINE('',#4517,#4518);
#4517 = CARTESIAN_POINT('',(17.396350539211,-12.39774128164));
#4518 = VECTOR('',#4519,1.);
#4519 = DIRECTION('',(-0.969150304333,0.246470459916));
#4520 = ( GEOMETRIC_REPRESENTATION_CONTEXT(2) 
PARAMETRIC_REPRESENTATION_CONTEXT() REPRESENTATION_CONTEXT('2D SPACE',''
  ) );
#4521 = PCURVE('',#4062,#4522);
#4522 = DEFINITIONAL_REPRESENTATION('',(#4523),#4527);
#4523 = LINE('',#4524,#4525);
#4524 = CARTESIAN_POINT('',(0.,-1.));
#4525 = VECTOR('',#4526,1.);
#4526 = DIRECTION('',(1.,0.));
#4527 = ( GEOMETRIC_REPRESENTATION_CONTEXT(2) 
PARAMETRIC_REPRESENTATION_CONTEXT() REPRESENTATION_CONTEXT('2D SPACE',''
  ) );
#4528 = ORIENTED_EDGE('',*,*,#4529,.T.);
#4529 = EDGE_CURVE('',#4507,#4530,#4532,.T.);
#4530 = VERTEX_POINT('',#4531);
#4531 = CARTESIAN_POINT('',(-10.99025803519,-31.96332630249,69.3));
#4532 = SURFACE_CURVE('',#4533,(#4537,#4544),.PCURVE_S1.);
#4533 = LINE('',#4534,#4535);
#4534 = CARTESIAN_POINT('',(-9.224356610198,-32.51693781904,69.3));
#4535 = VECTOR('',#4536,1.);
#4536 = DIRECTION('',(-0.954207702549,0.299144881949,0.));
#4537 = PCURVE('',#537,#4538);
#4538 = DEFINITIONAL_REPRESENTATION('',(#4539),#4543);
#4539 = LINE('',#4540,#4541);
#4540 = CARTESIAN_POINT('',(15.602795636139,-11.94161151532));
#4541 = VECTOR('',#4542,1.);
#4542 = DIRECTION('',(-0.954207702549,0.299144881949));
#4543 = ( GEOMETRIC_REPRESENTATION_CONTEXT(2) 
PARAMETRIC_REPRESENTATION_CONTEXT() REPRESENTATION_CONTEXT('2D SPACE',''
  ) );
#4544 = PCURVE('',#4090,#4545);
#4545 = DEFINITIONAL_REPRESENTATION('',(#4546),#4550);
#4546 = LINE('',#4547,#4548);
#4547 = CARTESIAN_POINT('',(0.,-1.));
#4548 = VECTOR('',#4549,1.);
#4549 = DIRECTION('',(1.,0.));
#4550 = ( GEOMETRIC_REPRESENTATION_CONTEXT(2) 
PARAMETRIC_REPRESENTATION_CONTEXT() REPRESENTATION_CONTEXT('2D SPACE',''
  ) );
#4551 = ORIENTED_EDGE('',*,*,#4552,.T.);
#4552 = EDGE_CURVE('',#4530,#4553,#4555,.T.);
#4553 = VERTEX_POINT('',#4554);
#4554 = CARTESIAN_POINT('',(-12.72321202846,-31.31389269443,69.3));
#4555 = SURFACE_CURVE('',#4556,(#4560,#4567),.PCURVE_S1.);
#4556 = LINE('',#4557,#4558);
#4557 = CARTESIAN_POINT('',(-10.99025803519,-31.96332630249,69.3));
#4558 = VECTOR('',#4559,1.);
#4559 = DIRECTION('',(-0.936404504314,0.350922504695,0.));
#4560 = PCURVE('',#537,#4561);
#4561 = DEFINITIONAL_REPRESENTATION('',(#4562),#4566);
#4562 = LINE('',#4563,#4564);
#4563 = CARTESIAN_POINT('',(13.836894211144,-11.38799999877));
#4564 = VECTOR('',#4565,1.);
#4565 = DIRECTION('',(-0.936404504314,0.350922504695));
#4566 = ( GEOMETRIC_REPRESENTATION_CONTEXT(2) 
PARAMETRIC_REPRESENTATION_CONTEXT() REPRESENTATION_CONTEXT('2D SPACE',''
  ) );
#4567 = PCURVE('',#4118,#4568);
#4568 = DEFINITIONAL_REPRESENTATION('',(#4569),#4573);
#4569 = LINE('',#4570,#4571);
#4570 = CARTESIAN_POINT('',(0.,-1.));
#4571 = VECTOR('',#4572,1.);
#4572 = DIRECTION('',(1.,0.));
#4573 = ( GEOMETRIC_REPRESENTATION_CONTEXT(2) 
PARAMETRIC_REPRESENTATION_CONTEXT() REPRESENTATION_CONTEXT('2D SPACE',''
  ) );
#4574 = ORIENTED_EDGE('',*,*,#4575,.T.);
#4575 = EDGE_CURVE('',#4553,#4576,#4578,.T.);
#4576 = VERTEX_POINT('',#4577);
#4577 = CARTESIAN_POINT('',(-14.41802340866,-30.57058391635,69.3));
#4578 = SURFACE_CURVE('',#4579,(#4583,#4590),.PCURVE_S1.);
#4579 = LINE('',#4580,#4581);
#4580 = CARTESIAN_POINT('',(-12.72321202846,-31.31389269443,69.3));
#4581 = VECTOR('',#4582,1.);
#4582 = DIRECTION('',(-0.915794081409,0.401648105256,0.));
#4583 = PCURVE('',#537,#4584);
#4584 = DEFINITIONAL_REPRESENTATION('',(#4585),#4589);
#4585 = LINE('',#4586,#4587);
#4586 = CARTESIAN_POINT('',(12.103940217876,-10.73856639071));
#4587 = VECTOR('',#4588,1.);
#4588 = DIRECTION('',(-0.915794081409,0.401648105256));
#4589 = ( GEOMETRIC_REPRESENTATION_CONTEXT(2) 
PARAMETRIC_REPRESENTATION_CONTEXT() REPRESENTATION_CONTEXT('2D SPACE',''
  ) );
#4590 = PCURVE('',#4146,#4591);
#4591 = DEFINITIONAL_REPRESENTATION('',(#4592),#4596);
#4592 = LINE('',#4593,#4594);
#4593 = CARTESIAN_POINT('',(0.,-1.));
#4594 = VECTOR('',#4595,1.);
#4595 = DIRECTION('',(1.,0.));
#4596 = ( GEOMETRIC_REPRESENTATION_CONTEXT(2) 
PARAMETRIC_REPRESENTATION_CONTEXT() REPRESENTATION_CONTEXT('2D SPACE',''
  ) );
#4597 = ORIENTED_EDGE('',*,*,#4598,.T.);
#4598 = EDGE_CURVE('',#4576,#4599,#4601,.T.);
#4599 = VERTEX_POINT('',#4600);
#4600 = CARTESIAN_POINT('',(-16.06961134131,-29.73562831586,69.3));
#4601 = SURFACE_CURVE('',#4602,(#4606,#4613),.PCURVE_S1.);
#4602 = LINE('',#4603,#4604);
#4603 = CARTESIAN_POINT('',(-14.41802340866,-30.57058391635,69.3));
#4604 = VECTOR('',#4605,1.);
#4605 = DIRECTION('',(-0.89243822133,0.451169614568,0.));
#4606 = PCURVE('',#537,#4607);
#4607 = DEFINITIONAL_REPRESENTATION('',(#4608),#4612);
#4608 = LINE('',#4609,#4610);
#4609 = CARTESIAN_POINT('',(10.409128837667,-9.995257612636));
#4610 = VECTOR('',#4611,1.);
#4611 = DIRECTION('',(-0.89243822133,0.451169614568));
#4612 = ( GEOMETRIC_REPRESENTATION_CONTEXT(2) 
PARAMETRIC_REPRESENTATION_CONTEXT() REPRESENTATION_CONTEXT('2D SPACE',''
  ) );
#4613 = PCURVE('',#4174,#4614);
#4614 = DEFINITIONAL_REPRESENTATION('',(#4615),#4619);
#4615 = LINE('',#4616,#4617);
#4616 = CARTESIAN_POINT('',(0.,-1.));
#4617 = VECTOR('',#4618,1.);
#4618 = DIRECTION('',(1.,0.));
#4619 = ( GEOMETRIC_REPRESENTATION_CONTEXT(2) 
PARAMETRIC_REPRESENTATION_CONTEXT() REPRESENTATION_CONTEXT('2D SPACE',''
  ) );
#4620 = ORIENTED_EDGE('',*,*,#4621,.T.);
#4621 = EDGE_CURVE('',#4599,#4622,#4624,.T.);
#4622 = VERTEX_POINT('',#4623);
#4623 = CARTESIAN_POINT('',(-17.67302457043,-28.81152898637,69.3));
#4624 = SURFACE_CURVE('',#4625,(#4629,#4636),.PCURVE_S1.);
#4625 = LINE('',#4626,#4627);
#4626 = CARTESIAN_POINT('',(-16.06961134131,-29.73562831586,69.3));
#4627 = VECTOR('',#4628,1.);
#4628 = DIRECTION('',(-0.86640694205,0.499338573282,0.));
#4629 = PCURVE('',#537,#4630);
#4630 = DEFINITIONAL_REPRESENTATION('',(#4631),#4635);
#4631 = LINE('',#4632,#4633);
#4632 = CARTESIAN_POINT('',(8.757540905022,-9.160302012141));
#4633 = VECTOR('',#4634,1.);
#4634 = DIRECTION('',(-0.86640694205,0.499338573282));
#4635 = ( GEOMETRIC_REPRESENTATION_CONTEXT(2) 
PARAMETRIC_REPRESENTATION_CONTEXT() REPRESENTATION_CONTEXT('2D SPACE',''
  ) );
#4636 = PCURVE('',#4202,#4637);
#4637 = DEFINITIONAL_REPRESENTATION('',(#4638),#4642);
#4638 = LINE('',#4639,#4640);
#4639 = CARTESIAN_POINT('',(0.,-1.));
#4640 = VECTOR('',#4641,1.);
#4641 = DIRECTION('',(1.,0.));
#4642 = ( GEOMETRIC_REPRESENTATION_CONTEXT(2) 
PARAMETRIC_REPRESENTATION_CONTEXT() REPRESENTATION_CONTEXT('2D SPACE',''
  ) );
#4643 = ORIENTED_EDGE('',*,*,#4644,.T.);
#4644 = EDGE_CURVE('',#4622,#4645,#4647,.T.);
#4645 = VERTEX_POINT('',#4646);
#4646 = CARTESIAN_POINT('',(-19.22345626184,-27.80105626318,69.3));
#4647 = SURFACE_CURVE('',#4648,(#4652,#4659),.PCURVE_S1.);
#4648 = LINE('',#4649,#4650);
#4649 = CARTESIAN_POINT('',(-17.67302457043,-28.81152898637,69.3));
#4650 = VECTOR('',#4651,1.);
#4651 = DIRECTION('',(-0.837778282119,0.546010576829,0.));
#4652 = PCURVE('',#537,#4653);
#4653 = DEFINITIONAL_REPRESENTATION('',(#4654),#4658);
#4654 = LINE('',#4655,#4656);
#4655 = CARTESIAN_POINT('',(7.154127675906,-8.236202682657));
#4656 = VECTOR('',#4657,1.);
#4657 = DIRECTION('',(-0.837778282119,0.546010576829));
#4658 = ( GEOMETRIC_REPRESENTATION_CONTEXT(2) 
PARAMETRIC_REPRESENTATION_CONTEXT() REPRESENTATION_CONTEXT('2D SPACE',''
  ) );
#4659 = PCURVE('',#4230,#4660);
#4660 = DEFINITIONAL_REPRESENTATION('',(#4661),#4665);
#4661 = LINE('',#4662,#4663);
#4662 = CARTESIAN_POINT('',(0.,-1.));
#4663 = VECTOR('',#4664,1.);
#4664 = DIRECTION('',(1.,0.));
#4665 = ( GEOMETRIC_REPRESENTATION_CONTEXT(2) 
PARAMETRIC_REPRESENTATION_CONTEXT() REPRESENTATION_CONTEXT('2D SPACE',''
  ) );
#4666 = ORIENTED_EDGE('',*,*,#4667,.T.);
#4667 = EDGE_CURVE('',#4645,#4668,#4670,.T.);
#4668 = VERTEX_POINT('',#4669);
#4669 = CARTESIAN_POINT('',(-20.71625841347,-26.70723941829,69.3));
#4670 = SURFACE_CURVE('',#4671,(#4675,#4682),.PCURVE_S1.);
#4671 = LINE('',#4672,#4673);
#4672 = CARTESIAN_POINT('',(-19.22345626184,-27.80105626318,69.3));
#4673 = VECTOR('',#4674,1.);
#4674 = DIRECTION('',(-0.806638066712,0.591045708326,0.));
#4675 = PCURVE('',#537,#4676);
#4676 = DEFINITIONAL_REPRESENTATION('',(#4677),#4681);
#4677 = LINE('',#4678,#4679);
#4678 = CARTESIAN_POINT('',(5.603695984491,-7.225729959466));
#4679 = VECTOR('',#4680,1.);
#4680 = DIRECTION('',(-0.806638066712,0.591045708326));
#4681 = ( GEOMETRIC_REPRESENTATION_CONTEXT(2) 
PARAMETRIC_REPRESENTATION_CONTEXT() REPRESENTATION_CONTEXT('2D SPACE',''
  ) );
#4682 = PCURVE('',#4258,#4683);
#4683 = DEFINITIONAL_REPRESENTATION('',(#4684),#4688);
#4684 = LINE('',#4685,#4686);
#4685 = CARTESIAN_POINT('',(0.,-1.));
#4686 = VECTOR('',#4687,1.);
#4687 = DIRECTION('',(1.,0.));
#4688 = ( GEOMETRIC_REPRESENTATION_CONTEXT(2) 
PARAMETRIC_REPRESENTATION_CONTEXT() REPRESENTATION_CONTEXT('2D SPACE',''
  ) );
#4689 = ORIENTED_EDGE('',*,*,#4690,.T.);
#4690 = EDGE_CURVE('',#4668,#4691,#4693,.T.);
#4691 = VERTEX_POINT('',#4692);
#4692 = CARTESIAN_POINT('',(-22.14695578943,-25.53335757907,69.3));
#4693 = SURFACE_CURVE('',#4694,(#4698,#4705),.PCURVE_S1.);
#4694 = LINE('',#4695,#4696);
#4695 = CARTESIAN_POINT('',(-20.71625841347,-26.70723941829,69.3));
#4696 = VECTOR('',#4697,1.);
#4697 = DIRECTION('',(-0.773079650336,0.63430895803,0.));
#4698 = PCURVE('',#537,#4699);
#4699 = DEFINITIONAL_REPRESENTATION('',(#4700),#4704);
#4700 = LINE('',#4701,#4702);
#4701 = CARTESIAN_POINT('',(4.110893832866,-6.131913114577));
#4702 = VECTOR('',#4703,1.);
#4703 = DIRECTION('',(-0.773079650336,0.63430895803));
#4704 = ( GEOMETRIC_REPRESENTATION_CONTEXT(2) 
PARAMETRIC_REPRESENTATION_CONTEXT() REPRESENTATION_CONTEXT('2D SPACE',''
  ) );
#4705 = PCURVE('',#4286,#4706);
#4706 = DEFINITIONAL_REPRESENTATION('',(#4707),#4711);
#4707 = LINE('',#4708,#4709);
#4708 = CARTESIAN_POINT('',(0.,-1.));
#4709 = VECTOR('',#4710,1.);
#4710 = DIRECTION('',(1.,0.));
#4711 = ( GEOMETRIC_REPRESENTATION_CONTEXT(2) 
PARAMETRIC_REPRESENTATION_CONTEXT() REPRESENTATION_CONTEXT('2D SPACE',''
  ) );
#4712 = ORIENTED_EDGE('',*,*,#4713,.T.);
#4713 = EDGE_CURVE('',#4691,#4714,#4716,.T.);
#4714 = VERTEX_POINT('',#4715);
#4715 = CARTESIAN_POINT('',(-23.51125933629,-24.2829298978,69.3));
#4716 = SURFACE_CURVE('',#4717,(#4721,#4728),.PCURVE_S1.);
#4717 = LINE('',#4718,#4719);
#4718 = CARTESIAN_POINT('',(-22.14695578943,-25.53335757907,69.3));
#4719 = VECTOR('',#4720,1.);
#4720 = DIRECTION('',(-0.737203636964,0.675670628077,0.));
#4721 = PCURVE('',#537,#4722);
#4722 = DEFINITIONAL_REPRESENTATION('',(#4723),#4727);
#4723 = LINE('',#4724,#4725);
#4724 = CARTESIAN_POINT('',(2.680196456901,-4.958031275351));
#4725 = VECTOR('',#4726,1.);
#4726 = DIRECTION('',(-0.737203636964,0.675670628077));
#4727 = ( GEOMETRIC_REPRESENTATION_CONTEXT(2) 
PARAMETRIC_REPRESENTATION_CONTEXT() REPRESENTATION_CONTEXT('2D SPACE',''
  ) );
#4728 = PCURVE('',#4314,#4729);
#4729 = DEFINITIONAL_REPRESENTATION('',(#4730),#4734);
#4730 = LINE('',#4731,#4732);
#4731 = CARTESIAN_POINT('',(0.,-1.));
#4732 = VECTOR('',#4733,1.);
#4733 = DIRECTION('',(1.,0.));
#4734 = ( GEOMETRIC_REPRESENTATION_CONTEXT(2) 
PARAMETRIC_REPRESENTATION_CONTEXT() REPRESENTATION_CONTEXT('2D SPACE',''
  ) );
#4735 = ORIENTED_EDGE('',*,*,#4736,.T.);
#4736 = EDGE_CURVE('',#4714,#4737,#4739,.T.);
#4737 = VERTEX_POINT('',#4738);
#4738 = CARTESIAN_POINT('',(-24.80507904106,-22.95970500172,69.3));
#4739 = SURFACE_CURVE('',#4740,(#4744,#4751),.PCURVE_S1.);
#4740 = LINE('',#4741,#4742);
#4741 = CARTESIAN_POINT('',(-23.51125933629,-24.2829298978,69.3));
#4742 = VECTOR('',#4743,1.);
#4743 = DIRECTION('',(-0.69911757844,0.715006721308,0.));
#4744 = PCURVE('',#537,#4745);
#4745 = DEFINITIONAL_REPRESENTATION('',(#4746),#4750);
#4746 = LINE('',#4747,#4748);
#4747 = CARTESIAN_POINT('',(1.315892910043,-3.70760359408));
#4748 = VECTOR('',#4749,1.);
#4749 = DIRECTION('',(-0.69911757844,0.715006721308));
#4750 = ( GEOMETRIC_REPRESENTATION_CONTEXT(2) 
PARAMETRIC_REPRESENTATION_CONTEXT() REPRESENTATION_CONTEXT('2D SPACE',''
  ) );
#4751 = PCURVE('',#4342,#4752);
#4752 = DEFINITIONAL_REPRESENTATION('',(#4753),#4757);
#4753 = LINE('',#4754,#4755);
#4754 = CARTESIAN_POINT('',(0.,-1.));
#4755 = VECTOR('',#4756,1.);
#4756 = DIRECTION('',(1.,0.));
#4757 = ( GEOMETRIC_REPRESENTATION_CONTEXT(2) 
PARAMETRIC_REPRESENTATION_CONTEXT() REPRESENTATION_CONTEXT('2D SPACE',''
  ) );
#4758 = ORIENTED_EDGE('',*,*,#4759,.T.);
#4759 = EDGE_CURVE('',#4737,#4760,#4762,.T.);
#4760 = VERTEX_POINT('',#4761);
#4761 = CARTESIAN_POINT('',(-26.02453619261,-21.56764975511,69.3));
#4762 = SURFACE_CURVE('',#4763,(#4767,#4774),.PCURVE_S1.);
#4763 = LINE('',#4764,#4765);
#4764 = CARTESIAN_POINT('',(-24.80507904106,-22.95970500172,69.3));
#4765 = VECTOR('',#4766,1.);
#4766 = DIRECTION('',(-0.658935652047,0.752199312989,0.));
#4767 = PCURVE('',#537,#4768);
#4768 = DEFINITIONAL_REPRESENTATION('',(#4769),#4773);
#4769 = LINE('',#4770,#4771);
#4770 = CARTESIAN_POINT('',(2.207320526752E-02,-2.384378698005));
#4771 = VECTOR('',#4772,1.);
#4772 = DIRECTION('',(-0.658935652047,0.752199312989));
#4773 = ( GEOMETRIC_REPRESENTATION_CONTEXT(2) 
PARAMETRIC_REPRESENTATION_CONTEXT() REPRESENTATION_CONTEXT('2D SPACE',''
  ) );
#4774 = PCURVE('',#4370,#4775);
#4775 = DEFINITIONAL_REPRESENTATION('',(#4776),#4780);
#4776 = LINE('',#4777,#4778);
#4777 = CARTESIAN_POINT('',(0.,-1.));
#4778 = VECTOR('',#4779,1.);
#4779 = DIRECTION('',(1.,0.));
#4780 = ( GEOMETRIC_REPRESENTATION_CONTEXT(2) 
PARAMETRIC_REPRESENTATION_CONTEXT() REPRESENTATION_CONTEXT('2D SPACE',''
  ) );
#4781 = ORIENTED_EDGE('',*,*,#4782,.T.);
#4782 = EDGE_CURVE('',#4760,#4783,#4785,.T.);
#4783 = VERTEX_POINT('',#4784);
#4784 = CARTESIAN_POINT('',(-27.16597500949,-20.1109373671,69.3));
#4785 = SURFACE_CURVE('',#4786,(#4790,#4797),.PCURVE_S1.);
#4786 = LINE('',#4787,#4788);
#4787 = CARTESIAN_POINT('',(-26.02453619261,-21.56764975511,69.3));
#4788 = VECTOR('',#4789,1.);
#4789 = DIRECTION('',(-0.616778318222,0.787136904338,0.));
#4790 = PCURVE('',#537,#4791);
#4791 = DEFINITIONAL_REPRESENTATION('',(#4792),#4796);
#4792 = LINE('',#4793,#4794);
#4793 = CARTESIAN_POINT('',(-1.197383946275,-0.992323451397));
#4794 = VECTOR('',#4795,1.);
#4795 = DIRECTION('',(-0.616778318222,0.787136904338));
#4796 = ( GEOMETRIC_REPRESENTATION_CONTEXT(2) 
PARAMETRIC_REPRESENTATION_CONTEXT() REPRESENTATION_CONTEXT('2D SPACE',''
  ) );
#4797 = PCURVE('',#4398,#4798);
#4798 = DEFINITIONAL_REPRESENTATION('',(#4799),#4803);
#4799 = LINE('',#4800,#4801);
#4800 = CARTESIAN_POINT('',(0.,-1.));
#4801 = VECTOR('',#4802,1.);
#4802 = DIRECTION('',(1.,0.));
#4803 = ( GEOMETRIC_REPRESENTATION_CONTEXT(2) 
PARAMETRIC_REPRESENTATION_CONTEXT() REPRESENTATION_CONTEXT('2D SPACE',''
  ) );
#4804 = ORIENTED_EDGE('',*,*,#4805,.T.);
#4805 = EDGE_CURVE('',#4783,#4806,#4808,.T.);
#4806 = VERTEX_POINT('',#4807);
#4807 = CARTESIAN_POINT('',(-28.22597359957,-18.59393488092,69.3));
#4808 = SURFACE_CURVE('',#4809,(#4813,#4820),.PCURVE_S1.);
#4809 = LINE('',#4810,#4811);
#4810 = CARTESIAN_POINT('',(-27.16597500949,-20.1109373671,69.3));
#4811 = VECTOR('',#4812,1.);
#4812 = DIRECTION('',(-0.572771959427,0.819714756787,0.));
#4813 = PCURVE('',#537,#4814);
#4814 = DEFINITIONAL_REPRESENTATION('',(#4815),#4819);
#4815 = LINE('',#4816,#4817);
#4816 = CARTESIAN_POINT('',(-2.338822763153,0.464388936613));
#4817 = VECTOR('',#4818,1.);
#4818 = DIRECTION('',(-0.572771959427,0.819714756787));
#4819 = ( GEOMETRIC_REPRESENTATION_CONTEXT(2) 
PARAMETRIC_REPRESENTATION_CONTEXT() REPRESENTATION_CONTEXT('2D SPACE',''
  ) );
#4820 = PCURVE('',#4821,#4826);
#4821 = PLANE('',#4822);
#4822 = AXIS2_PLACEMENT_3D('',#4823,#4824,#4825);
#4823 = CARTESIAN_POINT('',(-27.16597500949,-20.1109373671,68.3));
#4824 = DIRECTION('',(-0.819714756787,-0.572771959427,0.));
#4825 = DIRECTION('',(-0.572771959427,0.819714756787,0.));
#4826 = DEFINITIONAL_REPRESENTATION('',(#4827),#4831);
#4827 = LINE('',#4828,#4829);
#4828 = CARTESIAN_POINT('',(0.,-1.));
#4829 = VECTOR('',#4830,1.);
#4830 = DIRECTION('',(1.,0.));
#4831 = ( GEOMETRIC_REPRESENTATION_CONTEXT(2) 
PARAMETRIC_REPRESENTATION_CONTEXT() REPRESENTATION_CONTEXT('2D SPACE',''
  ) );
#4832 = ORIENTED_EDGE('',*,*,#4833,.T.);
#4833 = EDGE_CURVE('',#4806,#4834,#4836,.T.);
#4834 = VERTEX_POINT('',#4835);
#4835 = CARTESIAN_POINT('',(-29.20135421843,-17.02119008204,69.3));
#4836 = SURFACE_CURVE('',#4837,(#4841,#4848),.PCURVE_S1.);
#4837 = LINE('',#4838,#4839);
#4838 = CARTESIAN_POINT('',(-28.22597359957,-18.59393488092,69.3));
#4839 = VECTOR('',#4840,1.);
#4840 = DIRECTION('',(-0.527048501272,0.84983520597,0.));
#4841 = PCURVE('',#537,#4842);
#4842 = DEFINITIONAL_REPRESENTATION('',(#4843),#4847);
#4843 = LINE('',#4844,#4845);
#4844 = CARTESIAN_POINT('',(-3.398821353237,1.981391422794));
#4845 = VECTOR('',#4846,1.);
#4846 = DIRECTION('',(-0.527048501272,0.84983520597));
#4847 = ( GEOMETRIC_REPRESENTATION_CONTEXT(2) 
PARAMETRIC_REPRESENTATION_CONTEXT() REPRESENTATION_CONTEXT('2D SPACE',''
  ) );
#4848 = PCURVE('',#4849,#4854);
#4849 = PLANE('',#4850);
#4850 = AXIS2_PLACEMENT_3D('',#4851,#4852,#4853);
#4851 = CARTESIAN_POINT('',(-28.22597359957,-18.59393488092,68.3));
#4852 = DIRECTION('',(-0.84983520597,-0.527048501272,0.));
#4853 = DIRECTION('',(-0.527048501272,0.84983520597,0.));
#4854 = DEFINITIONAL_REPRESENTATION('',(#4855),#4859);
#4855 = LINE('',#4856,#4857);
#4856 = CARTESIAN_POINT('',(0.,-1.));
#4857 = VECTOR('',#4858,1.);
#4858 = DIRECTION('',(1.,0.));
#4859 = ( GEOMETRIC_REPRESENTATION_CONTEXT(2) 
PARAMETRIC_REPRESENTATION_CONTEXT() REPRESENTATION_CONTEXT('2D SPACE',''
  ) );
#4860 = ORIENTED_EDGE('',*,*,#4861,.T.);
#4861 = EDGE_CURVE('',#4834,#4862,#4864,.T.);
#4862 = VERTEX_POINT('',#4863);
#4863 = CARTESIAN_POINT('',(-30.08919279585,-15.39741786449,69.3));
#4864 = SURFACE_CURVE('',#4865,(#4869,#4876),.PCURVE_S1.);
#4865 = LINE('',#4866,#4867);
#4866 = CARTESIAN_POINT('',(-29.20135421843,-17.02119008204,69.3));
#4867 = VECTOR('',#4868,1.);
#4868 = DIRECTION('',(-0.479745017021,0.877407954514,0.));
#4869 = PCURVE('',#537,#4870);
#4870 = DEFINITIONAL_REPRESENTATION('',(#4871),#4875);
#4871 = LINE('',#4872,#4873);
#4872 = CARTESIAN_POINT('',(-4.374201972102,3.554136221672));
#4873 = VECTOR('',#4874,1.);
#4874 = DIRECTION('',(-0.479745017021,0.877407954514));
#4875 = ( GEOMETRIC_REPRESENTATION_CONTEXT(2) 
PARAMETRIC_REPRESENTATION_CONTEXT() REPRESENTATION_CONTEXT('2D SPACE',''
  ) );
#4876 = PCURVE('',#4877,#4882);
#4877 = PLANE('',#4878);
#4878 = AXIS2_PLACEMENT_3D('',#4879,#4880,#4881);
#4879 = CARTESIAN_POINT('',(-29.20135421843,-17.02119008204,68.3));
#4880 = DIRECTION('',(-0.877407954514,-0.479745017021,0.));
#4881 = DIRECTION('',(-0.479745017021,0.877407954514,0.));
#4882 = DEFINITIONAL_REPRESENTATION('',(#4883),#4887);
#4883 = LINE('',#4884,#4885);
#4884 = CARTESIAN_POINT('',(0.,-1.));
#4885 = VECTOR('',#4886,1.);
#4886 = DIRECTION('',(1.,0.));
#4887 = ( GEOMETRIC_REPRESENTATION_CONTEXT(2) 
PARAMETRIC_REPRESENTATION_CONTEXT() REPRESENTATION_CONTEXT('2D SPACE',''
  ) );
#4888 = ORIENTED_EDGE('',*,*,#4889,.T.);
#4889 = EDGE_CURVE('',#4862,#4890,#4892,.T.);
#4890 = VERTEX_POINT('',#4891);
#4891 = CARTESIAN_POINT('',(-30.88682770178,-13.72748609615,69.3));
#4892 = SURFACE_CURVE('',#4893,(#4897,#4904),.PCURVE_S1.);
#4893 = LINE('',#4894,#4895);
#4894 = CARTESIAN_POINT('',(-30.08919279585,-15.39741786449,69.3));
#4895 = VECTOR('',#4896,1.);
#4896 = DIRECTION('',(-0.431003316656,0.902350342734,0.));
#4897 = PCURVE('',#537,#4898);
#4898 = DEFINITIONAL_REPRESENTATION('',(#4899),#4903);
#4899 = LINE('',#4900,#4901);
#4900 = CARTESIAN_POINT('',(-5.262040549519,5.177908439228));
#4901 = VECTOR('',#4902,1.);
#4902 = DIRECTION('',(-0.431003316656,0.902350342734));
#4903 = ( GEOMETRIC_REPRESENTATION_CONTEXT(2) 
PARAMETRIC_REPRESENTATION_CONTEXT() REPRESENTATION_CONTEXT('2D SPACE',''
  ) );
#4904 = PCURVE('',#4905,#4910);
#4905 = PLANE('',#4906);
#4906 = AXIS2_PLACEMENT_3D('',#4907,#4908,#4909);
#4907 = CARTESIAN_POINT('',(-30.08919279585,-15.39741786449,68.3));
#4908 = DIRECTION('',(-0.902350342734,-0.431003316656,0.));
#4909 = DIRECTION('',(-0.431003316656,0.902350342734,0.));
#4910 = DEFINITIONAL_REPRESENTATION('',(#4911),#4915);
#4911 = LINE('',#4912,#4913);
#4912 = CARTESIAN_POINT('',(0.,-1.));
#4913 = VECTOR('',#4914,1.);
#4914 = DIRECTION('',(1.,0.));
#4915 = ( GEOMETRIC_REPRESENTATION_CONTEXT(2) 
PARAMETRIC_REPRESENTATION_CONTEXT() REPRESENTATION_CONTEXT('2D SPACE',''
  ) );
#4916 = ORIENTED_EDGE('',*,*,#4917,.T.);
#4917 = EDGE_CURVE('',#4890,#4918,#4920,.T.);
#4918 = VERTEX_POINT('',#4919);
#4919 = CARTESIAN_POINT('',(-31.59186772562,-12.01640102555,69.3));
#4920 = SURFACE_CURVE('',#4921,(#4925,#4932),.PCURVE_S1.);
#4921 = LINE('',#4922,#4923);
#4922 = CARTESIAN_POINT('',(-30.88682770178,-13.72748609615,69.3));
#4923 = VECTOR('',#4924,1.);
#4924 = DIRECTION('',(-0.380969521756,0.924587596441,0.));
#4925 = PCURVE('',#537,#4926);
#4926 = DEFINITIONAL_REPRESENTATION('',(#4927),#4931);
#4927 = LINE('',#4928,#4929);
#4928 = CARTESIAN_POINT('',(-6.05967545545,6.847840207565));
#4929 = VECTOR('',#4930,1.);
#4930 = DIRECTION('',(-0.380969521756,0.924587596441));
#4931 = ( GEOMETRIC_REPRESENTATION_CONTEXT(2) 
PARAMETRIC_REPRESENTATION_CONTEXT() REPRESENTATION_CONTEXT('2D SPACE',''
  ) );
#4932 = PCURVE('',#4933,#4938);
#4933 = PLANE('',#4934);
#4934 = AXIS2_PLACEMENT_3D('',#4935,#4936,#4937);
#4935 = CARTESIAN_POINT('',(-30.88682770178,-13.72748609615,68.3));
#4936 = DIRECTION('',(-0.924587596441,-0.380969521756,0.));
#4937 = DIRECTION('',(-0.380969521756,0.924587596441,0.));
#4938 = DEFINITIONAL_REPRESENTATION('',(#4939),#4943);
#4939 = LINE('',#4940,#4941);
#4940 = CARTESIAN_POINT('',(0.,-1.));
#4941 = VECTOR('',#4942,1.);
#4942 = DIRECTION('',(1.,0.));
#4943 = ( GEOMETRIC_REPRESENTATION_CONTEXT(2) 
PARAMETRIC_REPRESENTATION_CONTEXT() REPRESENTATION_CONTEXT('2D SPACE',''
  ) );
#4944 = ORIENTED_EDGE('',*,*,#4945,.T.);
#4945 = EDGE_CURVE('',#4918,#4946,#4948,.T.);
#4946 = VERTEX_POINT('',#4947);
#4947 = CARTESIAN_POINT('',(-32.20219924473,-10.26929227368,69.3));
#4948 = SURFACE_CURVE('',#4949,(#4953,#4960),.PCURVE_S1.);
#4949 = LINE('',#4950,#4951);
#4950 = CARTESIAN_POINT('',(-31.59186772562,-12.01640102555,69.3));
#4951 = VECTOR('',#4952,1.);
#4952 = DIRECTION('',(-0.329793627438,0.944053051105,0.));
#4953 = PCURVE('',#537,#4954);
#4954 = DEFINITIONAL_REPRESENTATION('',(#4955),#4959);
#4955 = LINE('',#4956,#4957);
#4956 = CARTESIAN_POINT('',(-6.764715479284,8.55892527817));
#4957 = VECTOR('',#4958,1.);
#4958 = DIRECTION('',(-0.329793627438,0.944053051105));
#4959 = ( GEOMETRIC_REPRESENTATION_CONTEXT(2) 
PARAMETRIC_REPRESENTATION_CONTEXT() REPRESENTATION_CONTEXT('2D SPACE',''
  ) );
#4960 = PCURVE('',#4961,#4966);
#4961 = PLANE('',#4962);
#4962 = AXIS2_PLACEMENT_3D('',#4963,#4964,#4965);
#4963 = CARTESIAN_POINT('',(-31.59186772562,-12.01640102555,68.3));
#4964 = DIRECTION('',(-0.944053051105,-0.329793627438,0.));
#4965 = DIRECTION('',(-0.329793627438,0.944053051105,0.));
#4966 = DEFINITIONAL_REPRESENTATION('',(#4967),#4971);
#4967 = LINE('',#4968,#4969);
#4968 = CARTESIAN_POINT('',(0.,-1.));
#4969 = VECTOR('',#4970,1.);
#4970 = DIRECTION('',(1.,0.));
#4971 = ( GEOMETRIC_REPRESENTATION_CONTEXT(2) 
PARAMETRIC_REPRESENTATION_CONTEXT() REPRESENTATION_CONTEXT('2D SPACE',''
  ) );
#4972 = ORIENTED_EDGE('',*,*,#4973,.T.);
#4973 = EDGE_CURVE('',#4946,#4974,#4976,.T.);
#4974 = VERTEX_POINT('',#4975);
#4975 = CARTESIAN_POINT('',(-32.71599256086,-8.491397456113,69.3));
#4976 = SURFACE_CURVE('',#4977,(#4981,#4988),.PCURVE_S1.);
#4977 = LINE('',#4978,#4979);
#4978 = CARTESIAN_POINT('',(-32.20219924473,-10.26929227368,69.3));
#4979 = VECTOR('',#4980,1.);
#4980 = DIRECTION('',(-0.277629052691,0.960688351705,0.));
#4981 = PCURVE('',#537,#4982);
#4982 = DEFINITIONAL_REPRESENTATION('',(#4983),#4987);
#4983 = LINE('',#4984,#4985);
#4984 = CARTESIAN_POINT('',(-7.375046998398,10.306034030033));
#4985 = VECTOR('',#4986,1.);
#4986 = DIRECTION('',(-0.277629052691,0.960688351705));
#4987 = ( GEOMETRIC_REPRESENTATION_CONTEXT(2) 
PARAMETRIC_REPRESENTATION_CONTEXT() REPRESENTATION_CONTEXT('2D SPACE',''
  ) );
#4988 = PCURVE('',#4989,#4994);
#4989 = PLANE('',#4990);
#4990 = AXIS2_PLACEMENT_3D('',#4991,#4992,#4993);
#4991 = CARTESIAN_POINT('',(-32.20219924473,-10.26929227368,68.3));
#4992 = DIRECTION('',(-0.960688351705,-0.277629052691,0.));
#4993 = DIRECTION('',(-0.277629052691,0.960688351705,0.));
#4994 = DEFINITIONAL_REPRESENTATION('',(#4995),#4999);
#4995 = LINE('',#4996,#4997);
#4996 = CARTESIAN_POINT('',(0.,-1.));
#4997 = VECTOR('',#4998,1.);
#4998 = DIRECTION('',(1.,0.));
#4999 = ( GEOMETRIC_REPRESENTATION_CONTEXT(2) 
PARAMETRIC_REPRESENTATION_CONTEXT() REPRESENTATION_CONTEXT('2D SPACE',''
  ) );
#5000 = ORIENTED_EDGE('',*,*,#5001,.T.);
#5001 = EDGE_CURVE('',#4974,#5002,#5004,.T.);
#5002 = VERTEX_POINT('',#5003);
#5003 = CARTESIAN_POINT('',(-33.1317073853,-6.688046481179,69.3));
#5004 = SURFACE_CURVE('',#5005,(#5009,#5016),.PCURVE_S1.);
#5005 = LINE('',#5006,#5007);
#5006 = CARTESIAN_POINT('',(-32.71599256086,-8.491397456113,69.3));
#5007 = VECTOR('',#5008,1.);
#5008 = DIRECTION('',(-0.224632180446,0.974443627671,0.));
#5009 = PCURVE('',#537,#5010);
#5010 = DEFINITIONAL_REPRESENTATION('',(#5011),#5015);
#5011 = LINE('',#5012,#5013);
#5012 = CARTESIAN_POINT('',(-7.888840314524,12.083928847608));
#5013 = VECTOR('',#5014,1.);
#5014 = DIRECTION('',(-0.224632180446,0.974443627671));
#5015 = ( GEOMETRIC_REPRESENTATION_CONTEXT(2) 
PARAMETRIC_REPRESENTATION_CONTEXT() REPRESENTATION_CONTEXT('2D SPACE',''
  ) );
#5016 = PCURVE('',#5017,#5022);
#5017 = PLANE('',#5018);
#5018 = AXIS2_PLACEMENT_3D('',#5019,#5020,#5021);
#5019 = CARTESIAN_POINT('',(-32.71599256086,-8.491397456113,68.3));
#5020 = DIRECTION('',(-0.974443627671,-0.224632180446,0.));
#5021 = DIRECTION('',(-0.224632180446,0.974443627671,0.));
#5022 = DEFINITIONAL_REPRESENTATION('',(#5023),#5027);
#5023 = LINE('',#5024,#5025);
#5024 = CARTESIAN_POINT('',(0.,-1.));
#5025 = VECTOR('',#5026,1.);
#5026 = DIRECTION('',(1.,0.));
#5027 = ( GEOMETRIC_REPRESENTATION_CONTEXT(2) 
PARAMETRIC_REPRESENTATION_CONTEXT() REPRESENTATION_CONTEXT('2D SPACE',''
  ) );
#5028 = ORIENTED_EDGE('',*,*,#5029,.T.);
#5029 = EDGE_CURVE('',#5002,#5030,#5032,.T.);
#5030 = VERTEX_POINT('',#5031);
#5031 = CARTESIAN_POINT('',(-33.44809745654,-4.864645571647,69.3));
#5032 = SURFACE_CURVE('',#5033,(#5037,#5044),.PCURVE_S1.);
#5033 = LINE('',#5034,#5035);
#5034 = CARTESIAN_POINT('',(-33.1317073853,-6.688046481179,69.3));
#5035 = VECTOR('',#5036,1.);
#5036 = DIRECTION('',(-0.17096188876,0.985277642389,0.));
#5037 = PCURVE('',#537,#5038);
#5038 = DEFINITIONAL_REPRESENTATION('',(#5039),#5043);
#5039 = LINE('',#5040,#5041);
#5040 = CARTESIAN_POINT('',(-8.30455513897,13.887279822542));
#5041 = VECTOR('',#5042,1.);
#5042 = DIRECTION('',(-0.17096188876,0.985277642389));
#5043 = ( GEOMETRIC_REPRESENTATION_CONTEXT(2) 
PARAMETRIC_REPRESENTATION_CONTEXT() REPRESENTATION_CONTEXT('2D SPACE',''
  ) );
#5044 = PCURVE('',#5045,#5050);
#5045 = PLANE('',#5046);
#5046 = AXIS2_PLACEMENT_3D('',#5047,#5048,#5049);
#5047 = CARTESIAN_POINT('',(-33.1317073853,-6.688046481179,68.3));
#5048 = DIRECTION('',(-0.985277642389,-0.17096188876,0.));
#5049 = DIRECTION('',(-0.17096188876,0.985277642389,0.));
#5050 = DEFINITIONAL_REPRESENTATION('',(#5051),#5055);
#5051 = LINE('',#5052,#5053);
#5052 = CARTESIAN_POINT('',(0.,-1.));
#5053 = VECTOR('',#5054,1.);
#5054 = DIRECTION('',(1.,0.));
#5055 = ( GEOMETRIC_REPRESENTATION_CONTEXT(2) 
PARAMETRIC_REPRESENTATION_CONTEXT() REPRESENTATION_CONTEXT('2D SPACE',''
  ) );
#5056 = ORIENTED_EDGE('',*,*,#5057,.T.);
#5057 = EDGE_CURVE('',#5030,#5058,#5060,.T.);
#5058 = VERTEX_POINT('',#5059);
#5059 = CARTESIAN_POINT('',(-33.66421427633,-3.026661057496,69.3));
#5060 = SURFACE_CURVE('',#5061,(#5065,#5072),.PCURVE_S1.);
#5061 = LINE('',#5062,#5063);
#5062 = CARTESIAN_POINT('',(-33.44809745654,-4.864645571647,69.3));
#5063 = VECTOR('',#5064,1.);
#5064 = DIRECTION('',(-0.116779074517,0.993157916826,0.));
#5065 = PCURVE('',#537,#5066);
#5066 = DEFINITIONAL_REPRESENTATION('',(#5067),#5071);
#5067 = LINE('',#5068,#5069);
#5068 = CARTESIAN_POINT('',(-8.620945210204,15.710680732074));
#5069 = VECTOR('',#5070,1.);
#5070 = DIRECTION('',(-0.116779074517,0.993157916826));
#5071 = ( GEOMETRIC_REPRESENTATION_CONTEXT(2) 
PARAMETRIC_REPRESENTATION_CONTEXT() REPRESENTATION_CONTEXT('2D SPACE',''
  ) );
#5072 = PCURVE('',#5073,#5078);
#5073 = PLANE('',#5074);
#5074 = AXIS2_PLACEMENT_3D('',#5075,#5076,#5077);
#5075 = CARTESIAN_POINT('',(-33.44809745654,-4.864645571647,68.3));
#5076 = DIRECTION('',(-0.993157916826,-0.116779074517,0.));
#5077 = DIRECTION('',(-0.116779074517,0.993157916826,0.));
#5078 = DEFINITIONAL_REPRESENTATION('',(#5079),#5083);
#5079 = LINE('',#5080,#5081);
#5080 = CARTESIAN_POINT('',(0.,-1.));
#5081 = VECTOR('',#5082,1.);
#5082 = DIRECTION('',(1.,0.));
#5083 = ( GEOMETRIC_REPRESENTATION_CONTEXT(2) 
PARAMETRIC_REPRESENTATION_CONTEXT() REPRESENTATION_CONTEXT('2D SPACE',''
  ) );
#5084 = ORIENTED_EDGE('',*,*,#5085,.T.);
#5085 = EDGE_CURVE('',#5058,#4482,#5086,.T.);
#5086 = SURFACE_CURVE('',#5087,(#5091,#5098),.PCURVE_S1.);
#5087 = LINE('',#5088,#5089);
#5088 = CARTESIAN_POINT('',(-33.66421427633,-3.026661057496,69.3));
#5089 = VECTOR('',#5090,1.);
#5090 = DIRECTION('',(-6.224617107834E-02,0.998060826897,0.));
#5091 = PCURVE('',#537,#5092);
#5092 = DEFINITIONAL_REPRESENTATION('',(#5093),#5097);
#5093 = LINE('',#5094,#5095);
#5094 = CARTESIAN_POINT('',(-8.837062029999,17.548665246225));
#5095 = VECTOR('',#5096,1.);
#5096 = DIRECTION('',(-6.224617107834E-02,0.998060826897));
#5097 = ( GEOMETRIC_REPRESENTATION_CONTEXT(2) 
PARAMETRIC_REPRESENTATION_CONTEXT() REPRESENTATION_CONTEXT('2D SPACE',''
  ) );
#5098 = PCURVE('',#5099,#5104);
#5099 = PLANE('',#5100);
#5100 = AXIS2_PLACEMENT_3D('',#5101,#5102,#5103);
#5101 = CARTESIAN_POINT('',(-33.66421427633,-3.026661057496,68.3));
#5102 = DIRECTION('',(-0.998060826897,-6.224617107834E-02,0.));
#5103 = DIRECTION('',(-6.224617107834E-02,0.998060826897,0.));
#5104 = DEFINITIONAL_REPRESENTATION('',(#5105),#5109);
#5105 = LINE('',#5106,#5107);
#5106 = CARTESIAN_POINT('',(0.,-1.));
#5107 = VECTOR('',#5108,1.);
#5108 = DIRECTION('',(1.,0.));
#5109 = ( GEOMETRIC_REPRESENTATION_CONTEXT(2) 
PARAMETRIC_REPRESENTATION_CONTEXT() REPRESENTATION_CONTEXT('2D SPACE',''
  ) );
#5110 = ADVANCED_FACE('',(#5111),#233,.T.);
#5111 = FACE_BOUND('',#5112,.T.);
#5112 = EDGE_LOOP('',(#5113,#5136,#5137,#5138));
#5113 = ORIENTED_EDGE('',*,*,#5114,.F.);
#5114 = EDGE_CURVE('',#219,#5115,#5117,.T.);
#5115 = VERTEX_POINT('',#5116);
#5116 = CARTESIAN_POINT('',(32.270915023195,10.051270743829,68.3));
#5117 = SURFACE_CURVE('',#5118,(#5122,#5129),.PCURVE_S1.);
#5118 = LINE('',#5119,#5120);
#5119 = CARTESIAN_POINT('',(34.371388782101,10.7054954668,68.3));
#5120 = VECTOR('',#5121,1.);
#5121 = DIRECTION('',(-0.954760799503,-0.297374874078,0.));
#5122 = PCURVE('',#233,#5123);
#5123 = DEFINITIONAL_REPRESENTATION('',(#5124),#5128);
#5124 = LINE('',#5125,#5126);
#5125 = CARTESIAN_POINT('',(0.,0.));
#5126 = VECTOR('',#5127,1.);
#5127 = DIRECTION('',(1.,0.));
#5128 = ( GEOMETRIC_REPRESENTATION_CONTEXT(2) 
PARAMETRIC_REPRESENTATION_CONTEXT() REPRESENTATION_CONTEXT('2D SPACE',''
  ) );
#5129 = PCURVE('',#261,#5130);
#5130 = DEFINITIONAL_REPRESENTATION('',(#5131),#5135);
#5131 = LINE('',#5132,#5133);
#5132 = CARTESIAN_POINT('',(4.139057388756,21.918776863891));
#5133 = VECTOR('',#5134,1.);
#5134 = DIRECTION('',(-0.954760799503,-0.297374874078));
#5135 = ( GEOMETRIC_REPRESENTATION_CONTEXT(2) 
PARAMETRIC_REPRESENTATION_CONTEXT() REPRESENTATION_CONTEXT('2D SPACE',''
  ) );
#5136 = ORIENTED_EDGE('',*,*,#218,.T.);
#5137 = ORIENTED_EDGE('',*,*,#853,.T.);
#5138 = ORIENTED_EDGE('',*,*,#5139,.F.);
#5139 = EDGE_CURVE('',#5115,#854,#5140,.T.);
#5140 = SURFACE_CURVE('',#5141,(#5145,#5152),.PCURVE_S1.);
#5141 = LINE('',#5142,#5143);
#5142 = CARTESIAN_POINT('',(32.270915023195,10.051270743829,68.3));
#5143 = VECTOR('',#5144,1.);
#5144 = DIRECTION('',(0.,0.,1.));
#5145 = PCURVE('',#233,#5146);
#5146 = DEFINITIONAL_REPRESENTATION('',(#5147),#5151);
#5147 = LINE('',#5148,#5149);
#5148 = CARTESIAN_POINT('',(2.2,0.));
#5149 = VECTOR('',#5150,1.);
#5150 = DIRECTION('',(0.,-1.));
#5151 = ( GEOMETRIC_REPRESENTATION_CONTEXT(2) 
PARAMETRIC_REPRESENTATION_CONTEXT() REPRESENTATION_CONTEXT('2D SPACE',''
  ) );
#5152 = PCURVE('',#892,#5153);
#5153 = DEFINITIONAL_REPRESENTATION('',(#5154),#5158);
#5154 = LINE('',#5155,#5156);
#5155 = CARTESIAN_POINT('',(0.,0.));
#5156 = VECTOR('',#5157,1.);
#5157 = DIRECTION('',(0.,-1.));
#5158 = ( GEOMETRIC_REPRESENTATION_CONTEXT(2) 
PARAMETRIC_REPRESENTATION_CONTEXT() REPRESENTATION_CONTEXT('2D SPACE',''
  ) );
#5159 = ADVANCED_FACE('',(#5160),#508,.T.);
#5160 = FACE_BOUND('',#5161,.T.);
#5161 = EDGE_LOOP('',(#5162,#5163,#5164,#5187,#5208));
#5162 = ORIENTED_EDGE('',*,*,#492,.F.);
#5163 = ORIENTED_EDGE('',*,*,#1797,.T.);
#5164 = ORIENTED_EDGE('',*,*,#5165,.T.);
#5165 = EDGE_CURVE('',#1798,#5166,#5168,.T.);
#5166 = VERTEX_POINT('',#5167);
#5167 = CARTESIAN_POINT('',(-33.77940995324,-1.179602988545,68.3));
#5168 = SURFACE_CURVE('',#5169,(#5173,#5180),.PCURVE_S1.);
#5169 = LINE('',#5170,#5171);
#5170 = CARTESIAN_POINT('',(-33.77940995324,-1.179602988545,66.5));
#5171 = VECTOR('',#5172,1.);
#5172 = DIRECTION('',(0.,0.,1.));
#5173 = PCURVE('',#508,#5174);
#5174 = DEFINITIONAL_REPRESENTATION('',(#5175),#5179);
#5175 = LINE('',#5176,#5177);
#5176 = CARTESIAN_POINT('',(-0.,1.8));
#5177 = VECTOR('',#5178,1.);
#5178 = DIRECTION('',(0.,-1.));
#5179 = ( GEOMETRIC_REPRESENTATION_CONTEXT(2) 
PARAMETRIC_REPRESENTATION_CONTEXT() REPRESENTATION_CONTEXT('2D SPACE',''
  ) );
#5180 = PCURVE('',#1834,#5181);
#5181 = DEFINITIONAL_REPRESENTATION('',(#5182),#5186);
#5182 = LINE('',#5183,#5184);
#5183 = CARTESIAN_POINT('',(0.884856660623,0.));
#5184 = VECTOR('',#5185,1.);
#5185 = DIRECTION('',(0.,-1.));
#5186 = ( GEOMETRIC_REPRESENTATION_CONTEXT(2) 
PARAMETRIC_REPRESENTATION_CONTEXT() REPRESENTATION_CONTEXT('2D SPACE',''
  ) );
#5187 = ORIENTED_EDGE('',*,*,#5188,.T.);
#5188 = EDGE_CURVE('',#5166,#4482,#5189,.T.);
#5189 = SURFACE_CURVE('',#5190,(#5194,#5201),.PCURVE_S1.);
#5190 = LINE('',#5191,#5192);
#5191 = CARTESIAN_POINT('',(-33.77940995324,-1.179602988545,68.3));
#5192 = VECTOR('',#5193,1.);
#5193 = DIRECTION('',(0.,0.,1.));
#5194 = PCURVE('',#508,#5195);
#5195 = DEFINITIONAL_REPRESENTATION('',(#5196),#5200);
#5196 = LINE('',#5197,#5198);
#5197 = CARTESIAN_POINT('',(0.,0.));
#5198 = VECTOR('',#5199,1.);
#5199 = DIRECTION('',(0.,-1.));
#5200 = ( GEOMETRIC_REPRESENTATION_CONTEXT(2) 
PARAMETRIC_REPRESENTATION_CONTEXT() REPRESENTATION_CONTEXT('2D SPACE',''
  ) );
#5201 = PCURVE('',#5099,#5202);
#5202 = DEFINITIONAL_REPRESENTATION('',(#5203),#5207);
#5203 = LINE('',#5204,#5205);
#5204 = CARTESIAN_POINT('',(1.850646793437,0.));
#5205 = VECTOR('',#5206,1.);
#5206 = DIRECTION('',(0.,-1.));
#5207 = ( GEOMETRIC_REPRESENTATION_CONTEXT(2) 
PARAMETRIC_REPRESENTATION_CONTEXT() REPRESENTATION_CONTEXT('2D SPACE',''
  ) );
#5208 = ORIENTED_EDGE('',*,*,#4481,.T.);
#5209 = ADVANCED_FACE('',(#5210),#261,.T.);
#5210 = FACE_BOUND('',#5211,.T.);
#5211 = EDGE_LOOP('',(#5212,#5235,#5257,#5258,#5259,#5282,#5305,#5328,
    #5351,#5374,#5397,#5420,#5443,#5466,#5489,#5512,#5535,#5558));
#5212 = ORIENTED_EDGE('',*,*,#5213,.T.);
#5213 = EDGE_CURVE('',#5214,#5216,#5218,.T.);
#5214 = VERTEX_POINT('',#5215);
#5215 = CARTESIAN_POINT('',(31.338814284357,-12.66170285745,68.3));
#5216 = VERTEX_POINT('',#5217);
#5217 = CARTESIAN_POINT('',(32.451434909838,-13.11123076955,68.3));
#5218 = SURFACE_CURVE('',#5219,(#5223,#5229),.PCURVE_S1.);
#5219 = LINE('',#5220,#5221);
#5220 = CARTESIAN_POINT('',(31.631571983304,-12.77998464564,68.3));
#5221 = VECTOR('',#5222,1.);
#5222 = DIRECTION('',(0.927183854567,-0.374606593416,0.));
#5223 = PCURVE('',#261,#5224);
#5224 = DEFINITIONAL_REPRESENTATION('',(#5225),#5228);
#5225 = B_SPLINE_CURVE_WITH_KNOTS('',1,(#5226,#5227),.UNSPECIFIED.,.F.,
  .F.,(2,2),(-0.3157493495,1.8842506505),.PIECEWISE_BEZIER_KNOTS.);
#5226 = CARTESIAN_POINT('',(1.106482891012,-1.448421460367));
#5227 = CARTESIAN_POINT('',(3.146287371059,-2.272555965882));
#5228 = ( GEOMETRIC_REPRESENTATION_CONTEXT(2) 
PARAMETRIC_REPRESENTATION_CONTEXT() REPRESENTATION_CONTEXT('2D SPACE',''
  ) );
#5229 = PCURVE('',#3098,#5230);
#5230 = DEFINITIONAL_REPRESENTATION('',(#5231),#5234);
#5231 = B_SPLINE_CURVE_WITH_KNOTS('',1,(#5232,#5233),.UNSPECIFIED.,.F.,
  .F.,(2,2),(-0.3157493495,1.8842506505),.PIECEWISE_BEZIER_KNOTS.);
#5232 = CARTESIAN_POINT('',(2.2,-1.8));
#5233 = CARTESIAN_POINT('',(0.,-1.8));
#5234 = ( GEOMETRIC_REPRESENTATION_CONTEXT(2) 
PARAMETRIC_REPRESENTATION_CONTEXT() REPRESENTATION_CONTEXT('2D SPACE',''
  ) );
#5235 = ORIENTED_EDGE('',*,*,#5236,.T.);
#5236 = EDGE_CURVE('',#5216,#245,#5237,.T.);
#5237 = SURFACE_CURVE('',#5238,(#5243,#5250),.PCURVE_S1.);
#5238 = CIRCLE('',#5239,35.);
#5239 = AXIS2_PLACEMENT_3D('',#5240,#5241,#5242);
#5240 = CARTESIAN_POINT('',(0.,0.,68.3));
#5241 = DIRECTION('',(0.,0.,1.));
#5242 = DIRECTION('',(1.,0.,-0.));
#5243 = PCURVE('',#261,#5244);
#5244 = DEFINITIONAL_REPRESENTATION('',(#5245),#5249);
#5245 = CIRCLE('',#5246,35.);
#5246 = AXIS2_PLACEMENT_2D('',#5247,#5248);
#5247 = CARTESIAN_POINT('',(-30.23233139334,11.213281397091));
#5248 = DIRECTION('',(1.,0.));
#5249 = ( GEOMETRIC_REPRESENTATION_CONTEXT(2) 
PARAMETRIC_REPRESENTATION_CONTEXT() REPRESENTATION_CONTEXT('2D SPACE',''
  ) );
#5250 = PCURVE('',#289,#5251);
#5251 = DEFINITIONAL_REPRESENTATION('',(#5252),#5256);
#5252 = LINE('',#5253,#5254);
#5253 = CARTESIAN_POINT('',(0.,0.8));
#5254 = VECTOR('',#5255,1.);
#5255 = DIRECTION('',(1.,0.));
#5256 = ( GEOMETRIC_REPRESENTATION_CONTEXT(2) 
PARAMETRIC_REPRESENTATION_CONTEXT() REPRESENTATION_CONTEXT('2D SPACE',''
  ) );
#5257 = ORIENTED_EDGE('',*,*,#244,.T.);
#5258 = ORIENTED_EDGE('',*,*,#5114,.T.);
#5259 = ORIENTED_EDGE('',*,*,#5260,.T.);
#5260 = EDGE_CURVE('',#5115,#5261,#5263,.T.);
#5261 = VERTEX_POINT('',#5262);
#5262 = CARTESIAN_POINT('',(32.772672509674,8.269941751526,68.3));
#5263 = SURFACE_CURVE('',#5264,(#5268,#5275),.PCURVE_S1.);
#5264 = LINE('',#5265,#5266);
#5265 = CARTESIAN_POINT('',(32.270915023195,10.051270743829,68.3));
#5266 = VECTOR('',#5267,1.);
#5267 = DIRECTION('',(0.271125472597,-0.962544013596,0.));
#5268 = PCURVE('',#261,#5269);
#5269 = DEFINITIONAL_REPRESENTATION('',(#5270),#5274);
#5270 = LINE('',#5271,#5272);
#5271 = CARTESIAN_POINT('',(2.038583629849,21.26455214092));
#5272 = VECTOR('',#5273,1.);
#5273 = DIRECTION('',(0.271125472597,-0.962544013596));
#5274 = ( GEOMETRIC_REPRESENTATION_CONTEXT(2) 
PARAMETRIC_REPRESENTATION_CONTEXT() REPRESENTATION_CONTEXT('2D SPACE',''
  ) );
#5275 = PCURVE('',#892,#5276);
#5276 = DEFINITIONAL_REPRESENTATION('',(#5277),#5281);
#5277 = LINE('',#5278,#5279);
#5278 = CARTESIAN_POINT('',(0.,0.));
#5279 = VECTOR('',#5280,1.);
#5280 = DIRECTION('',(1.,0.));
#5281 = ( GEOMETRIC_REPRESENTATION_CONTEXT(2) 
PARAMETRIC_REPRESENTATION_CONTEXT() REPRESENTATION_CONTEXT('2D SPACE',''
  ) );
#5282 = ORIENTED_EDGE('',*,*,#5283,.T.);
#5283 = EDGE_CURVE('',#5261,#5284,#5286,.T.);
#5284 = VERTEX_POINT('',#5285);
#5285 = CARTESIAN_POINT('',(33.17618158501,6.463820498625,68.3));
#5286 = SURFACE_CURVE('',#5287,(#5291,#5298),.PCURVE_S1.);
#5287 = LINE('',#5288,#5289);
#5288 = CARTESIAN_POINT('',(32.772672509674,8.269941751526,68.3));
#5289 = VECTOR('',#5290,1.);
#5290 = DIRECTION('',(0.218036784094,-0.975940551869,0.));
#5291 = PCURVE('',#261,#5292);
#5292 = DEFINITIONAL_REPRESENTATION('',(#5293),#5297);
#5293 = LINE('',#5294,#5295);
#5294 = CARTESIAN_POINT('',(2.540341116329,19.483223148617));
#5295 = VECTOR('',#5296,1.);
#5296 = DIRECTION('',(0.218036784094,-0.975940551869));
#5297 = ( GEOMETRIC_REPRESENTATION_CONTEXT(2) 
PARAMETRIC_REPRESENTATION_CONTEXT() REPRESENTATION_CONTEXT('2D SPACE',''
  ) );
#5298 = PCURVE('',#920,#5299);
#5299 = DEFINITIONAL_REPRESENTATION('',(#5300),#5304);
#5300 = LINE('',#5301,#5302);
#5301 = CARTESIAN_POINT('',(0.,0.));
#5302 = VECTOR('',#5303,1.);
#5303 = DIRECTION('',(1.,0.));
#5304 = ( GEOMETRIC_REPRESENTATION_CONTEXT(2) 
PARAMETRIC_REPRESENTATION_CONTEXT() REPRESENTATION_CONTEXT('2D SPACE',''
  ) );
#5305 = ORIENTED_EDGE('',*,*,#5306,.T.);
#5306 = EDGE_CURVE('',#5284,#5307,#5309,.T.);
#5307 = VERTEX_POINT('',#5308);
#5308 = CARTESIAN_POINT('',(33.480232578994,4.638321512837,68.3));
#5309 = SURFACE_CURVE('',#5310,(#5314,#5321),.PCURVE_S1.);
#5310 = LINE('',#5311,#5312);
#5311 = CARTESIAN_POINT('',(33.17618158501,6.463820498625,68.3));
#5312 = VECTOR('',#5313,1.);
#5313 = DIRECTION('',(0.164294448332,-0.986411341301,0.));
#5314 = PCURVE('',#261,#5315);
#5315 = DEFINITIONAL_REPRESENTATION('',(#5316),#5320);
#5316 = LINE('',#5317,#5318);
#5317 = CARTESIAN_POINT('',(2.943850191665,17.677101895716));
#5318 = VECTOR('',#5319,1.);
#5319 = DIRECTION('',(0.164294448332,-0.986411341301));
#5320 = ( GEOMETRIC_REPRESENTATION_CONTEXT(2) 
PARAMETRIC_REPRESENTATION_CONTEXT() REPRESENTATION_CONTEXT('2D SPACE',''
  ) );
#5321 = PCURVE('',#948,#5322);
#5322 = DEFINITIONAL_REPRESENTATION('',(#5323),#5327);
#5323 = LINE('',#5324,#5325);
#5324 = CARTESIAN_POINT('',(0.,0.));
#5325 = VECTOR('',#5326,1.);
#5326 = DIRECTION('',(1.,0.));
#5327 = ( GEOMETRIC_REPRESENTATION_CONTEXT(2) 
PARAMETRIC_REPRESENTATION_CONTEXT() REPRESENTATION_CONTEXT('2D SPACE',''
  ) );
#5328 = ORIENTED_EDGE('',*,*,#5329,.T.);
#5329 = EDGE_CURVE('',#5307,#5330,#5332,.T.);
#5330 = VERTEX_POINT('',#5331);
#5331 = CARTESIAN_POINT('',(33.683913984424,2.798917413913,68.3));
#5332 = SURFACE_CURVE('',#5333,(#5337,#5344),.PCURVE_S1.);
#5333 = LINE('',#5334,#5335);
#5334 = CARTESIAN_POINT('',(33.480232578994,4.638321512837,68.3));
#5335 = VECTOR('',#5336,1.);
#5336 = DIRECTION('',(0.110059578171,-0.993924991764,0.));
#5337 = PCURVE('',#261,#5338);
#5338 = DEFINITIONAL_REPRESENTATION('',(#5339),#5343);
#5339 = LINE('',#5340,#5341);
#5340 = CARTESIAN_POINT('',(3.247901185649,15.851602909928));
#5341 = VECTOR('',#5342,1.);
#5342 = DIRECTION('',(0.110059578171,-0.993924991764));
#5343 = ( GEOMETRIC_REPRESENTATION_CONTEXT(2) 
PARAMETRIC_REPRESENTATION_CONTEXT() REPRESENTATION_CONTEXT('2D SPACE',''
  ) );
#5344 = PCURVE('',#976,#5345);
#5345 = DEFINITIONAL_REPRESENTATION('',(#5346),#5350);
#5346 = LINE('',#5347,#5348);
#5347 = CARTESIAN_POINT('',(0.,0.));
#5348 = VECTOR('',#5349,1.);
#5349 = DIRECTION('',(1.,0.));
#5350 = ( GEOMETRIC_REPRESENTATION_CONTEXT(2) 
PARAMETRIC_REPRESENTATION_CONTEXT() REPRESENTATION_CONTEXT('2D SPACE',''
  ) );
#5351 = ORIENTED_EDGE('',*,*,#5352,.T.);
#5352 = EDGE_CURVE('',#5330,#5353,#5355,.T.);
#5353 = VERTEX_POINT('',#5354);
#5354 = CARTESIAN_POINT('',(33.786615189686,0.95112250741,68.3));
#5355 = SURFACE_CURVE('',#5356,(#5360,#5367),.PCURVE_S1.);
#5356 = LINE('',#5357,#5358);
#5357 = CARTESIAN_POINT('',(33.683913984424,2.798917413913,68.3));
#5358 = VECTOR('',#5359,1.);
#5359 = DIRECTION('',(5.549476303395E-02,-0.998458978264,0.));
#5360 = PCURVE('',#261,#5361);
#5361 = DEFINITIONAL_REPRESENTATION('',(#5362),#5366);
#5362 = LINE('',#5363,#5364);
#5363 = CARTESIAN_POINT('',(3.451582591079,14.012198811003));
#5364 = VECTOR('',#5365,1.);
#5365 = DIRECTION('',(5.549476303395E-02,-0.998458978264));
#5366 = ( GEOMETRIC_REPRESENTATION_CONTEXT(2) 
PARAMETRIC_REPRESENTATION_CONTEXT() REPRESENTATION_CONTEXT('2D SPACE',''
  ) );
#5367 = PCURVE('',#1004,#5368);
#5368 = DEFINITIONAL_REPRESENTATION('',(#5369),#5373);
#5369 = LINE('',#5370,#5371);
#5370 = CARTESIAN_POINT('',(0.,0.));
#5371 = VECTOR('',#5372,1.);
#5372 = DIRECTION('',(1.,0.));
#5373 = ( GEOMETRIC_REPRESENTATION_CONTEXT(2) 
PARAMETRIC_REPRESENTATION_CONTEXT() REPRESENTATION_CONTEXT('2D SPACE',''
  ) );
#5374 = ORIENTED_EDGE('',*,*,#5375,.T.);
#5375 = EDGE_CURVE('',#5353,#5376,#5378,.T.);
#5376 = VERTEX_POINT('',#5377);
#5377 = CARTESIAN_POINT('',(33.788028309291,-0.89952374651,68.3));
#5378 = SURFACE_CURVE('',#5379,(#5383,#5390),.PCURVE_S1.);
#5379 = LINE('',#5380,#5381);
#5380 = CARTESIAN_POINT('',(33.786615189686,0.95112250741,68.3));
#5381 = VECTOR('',#5382,1.);
#5382 = DIRECTION('',(7.635814735454E-04,-0.999999708472,0.));
#5383 = PCURVE('',#261,#5384);
#5384 = DEFINITIONAL_REPRESENTATION('',(#5385),#5389);
#5385 = LINE('',#5386,#5387);
#5386 = CARTESIAN_POINT('',(3.554283796341,12.164403904501));
#5387 = VECTOR('',#5388,1.);
#5388 = DIRECTION('',(7.635814735454E-04,-0.999999708472));
#5389 = ( GEOMETRIC_REPRESENTATION_CONTEXT(2) 
PARAMETRIC_REPRESENTATION_CONTEXT() REPRESENTATION_CONTEXT('2D SPACE',''
  ) );
#5390 = PCURVE('',#1032,#5391);
#5391 = DEFINITIONAL_REPRESENTATION('',(#5392),#5396);
#5392 = LINE('',#5393,#5394);
#5393 = CARTESIAN_POINT('',(0.,0.));
#5394 = VECTOR('',#5395,1.);
#5395 = DIRECTION('',(1.,0.));
#5396 = ( GEOMETRIC_REPRESENTATION_CONTEXT(2) 
PARAMETRIC_REPRESENTATION_CONTEXT() REPRESENTATION_CONTEXT('2D SPACE',''
  ) );
#5397 = ORIENTED_EDGE('',*,*,#5398,.T.);
#5398 = EDGE_CURVE('',#5376,#5399,#5401,.T.);
#5399 = VERTEX_POINT('',#5400);
#5400 = CARTESIAN_POINT('',(33.688149106884,-2.747473339704,68.3));
#5401 = SURFACE_CURVE('',#5402,(#5406,#5413),.PCURVE_S1.);
#5402 = LINE('',#5403,#5404);
#5403 = CARTESIAN_POINT('',(33.788028309291,-0.89952374651,68.3));
#5404 = VECTOR('',#5405,1.);
#5405 = DIRECTION('',(-5.39698892095E-02,-0.998542563469,0.));
#5406 = PCURVE('',#261,#5407);
#5407 = DEFINITIONAL_REPRESENTATION('',(#5408),#5412);
#5408 = LINE('',#5409,#5410);
#5409 = CARTESIAN_POINT('',(3.555696915946,10.31375765058));
#5410 = VECTOR('',#5411,1.);
#5411 = DIRECTION('',(-5.39698892095E-02,-0.998542563469));
#5412 = ( GEOMETRIC_REPRESENTATION_CONTEXT(2) 
PARAMETRIC_REPRESENTATION_CONTEXT() REPRESENTATION_CONTEXT('2D SPACE',''
  ) );
#5413 = PCURVE('',#1060,#5414);
#5414 = DEFINITIONAL_REPRESENTATION('',(#5415),#5419);
#5415 = LINE('',#5416,#5417);
#5416 = CARTESIAN_POINT('',(0.,0.));
#5417 = VECTOR('',#5418,1.);
#5418 = DIRECTION('',(1.,0.));
#5419 = ( GEOMETRIC_REPRESENTATION_CONTEXT(2) 
PARAMETRIC_REPRESENTATION_CONTEXT() REPRESENTATION_CONTEXT('2D SPACE',''
  ) );
#5420 = ORIENTED_EDGE('',*,*,#5421,.T.);
#5421 = EDGE_CURVE('',#5399,#5422,#5424,.T.);
#5422 = VERTEX_POINT('',#5423);
#5423 = CARTESIAN_POINT('',(33.487277007935,-4.58718634828,68.3));
#5424 = SURFACE_CURVE('',#5425,(#5429,#5436),.PCURVE_S1.);
#5425 = LINE('',#5426,#5427);
#5426 = CARTESIAN_POINT('',(33.688149106884,-2.747473339704,68.3));
#5427 = VECTOR('',#5428,1.);
#5428 = DIRECTION('',(-0.108541564852,-0.994091911595,0.));
#5429 = PCURVE('',#261,#5430);
#5430 = DEFINITIONAL_REPRESENTATION('',(#5431),#5435);
#5431 = LINE('',#5432,#5433);
#5432 = CARTESIAN_POINT('',(3.455817713538,8.465808057387));
#5433 = VECTOR('',#5434,1.);
#5434 = DIRECTION('',(-0.108541564852,-0.994091911595));
#5435 = ( GEOMETRIC_REPRESENTATION_CONTEXT(2) 
PARAMETRIC_REPRESENTATION_CONTEXT() REPRESENTATION_CONTEXT('2D SPACE',''
  ) );
#5436 = PCURVE('',#1088,#5437);
#5437 = DEFINITIONAL_REPRESENTATION('',(#5438),#5442);
#5438 = LINE('',#5439,#5440);
#5439 = CARTESIAN_POINT('',(0.,0.));
#5440 = VECTOR('',#5441,1.);
#5441 = DIRECTION('',(1.,0.));
#5442 = ( GEOMETRIC_REPRESENTATION_CONTEXT(2) 
PARAMETRIC_REPRESENTATION_CONTEXT() REPRESENTATION_CONTEXT('2D SPACE',''
  ) );
#5443 = ORIENTED_EDGE('',*,*,#5444,.T.);
#5444 = EDGE_CURVE('',#5422,#5445,#5447,.T.);
#5445 = VERTEX_POINT('',#5446);
#5446 = CARTESIAN_POINT('',(33.186014202107,-6.413147540606,68.3));
#5447 = SURFACE_CURVE('',#5448,(#5452,#5459),.PCURVE_S1.);
#5448 = LINE('',#5449,#5450);
#5449 = CARTESIAN_POINT('',(33.487277007935,-4.58718634828,68.3));
#5450 = VECTOR('',#5451,1.);
#5451 = DIRECTION('',(-0.162787846334,-0.986661095354,0.));
#5452 = PCURVE('',#261,#5453);
#5453 = DEFINITIONAL_REPRESENTATION('',(#5454),#5458);
#5454 = LINE('',#5455,#5456);
#5455 = CARTESIAN_POINT('',(3.25494561459,6.626095048811));
#5456 = VECTOR('',#5457,1.);
#5457 = DIRECTION('',(-0.162787846334,-0.986661095354));
#5458 = ( GEOMETRIC_REPRESENTATION_CONTEXT(2) 
PARAMETRIC_REPRESENTATION_CONTEXT() REPRESENTATION_CONTEXT('2D SPACE',''
  ) );
#5459 = PCURVE('',#1116,#5460);
#5460 = DEFINITIONAL_REPRESENTATION('',(#5461),#5465);
#5461 = LINE('',#5462,#5463);
#5462 = CARTESIAN_POINT('',(0.,0.));
#5463 = VECTOR('',#5464,1.);
#5464 = DIRECTION('',(1.,0.));
#5465 = ( GEOMETRIC_REPRESENTATION_CONTEXT(2) 
PARAMETRIC_REPRESENTATION_CONTEXT() REPRESENTATION_CONTEXT('2D SPACE',''
  ) );
#5466 = ORIENTED_EDGE('',*,*,#5467,.T.);
#5467 = EDGE_CURVE('',#5445,#5468,#5470,.T.);
#5468 = VERTEX_POINT('',#5469);
#5469 = CARTESIAN_POINT('',(32.78526383796,-8.219882911294,68.3));
#5470 = SURFACE_CURVE('',#5471,(#5475,#5482),.PCURVE_S1.);
#5471 = LINE('',#5472,#5473);
#5472 = CARTESIAN_POINT('',(33.186014202107,-6.413147540606,68.3));
#5473 = VECTOR('',#5474,1.);
#5474 = DIRECTION('',(-0.216546110024,-0.976272391412,0.));
#5475 = PCURVE('',#261,#5476);
#5476 = DEFINITIONAL_REPRESENTATION('',(#5477),#5481);
#5477 = LINE('',#5478,#5479);
#5478 = CARTESIAN_POINT('',(2.953682808761,4.800133856485));
#5479 = VECTOR('',#5480,1.);
#5480 = DIRECTION('',(-0.216546110024,-0.976272391412));
#5481 = ( GEOMETRIC_REPRESENTATION_CONTEXT(2) 
PARAMETRIC_REPRESENTATION_CONTEXT() REPRESENTATION_CONTEXT('2D SPACE',''
  ) );
#5482 = PCURVE('',#1144,#5483);
#5483 = DEFINITIONAL_REPRESENTATION('',(#5484),#5488);
#5484 = LINE('',#5485,#5486);
#5485 = CARTESIAN_POINT('',(0.,0.));
#5486 = VECTOR('',#5487,1.);
#5487 = DIRECTION('',(1.,0.));
#5488 = ( GEOMETRIC_REPRESENTATION_CONTEXT(2) 
PARAMETRIC_REPRESENTATION_CONTEXT() REPRESENTATION_CONTEXT('2D SPACE',''
  ) );
#5489 = ORIENTED_EDGE('',*,*,#5490,.T.);
#5490 = EDGE_CURVE('',#5468,#5491,#5493,.T.);
#5491 = VERTEX_POINT('',#5492);
#5492 = CARTESIAN_POINT('',(32.286227315426,-10.00197609158,68.3));
#5493 = SURFACE_CURVE('',#5494,(#5498,#5505),.PCURVE_S1.);
#5494 = LINE('',#5495,#5496);
#5495 = CARTESIAN_POINT('',(32.78526383796,-8.219882911294,68.3));
#5496 = VECTOR('',#5497,1.);
#5497 = DIRECTION('',(-0.26965519531,-0.962956943816,0.));
#5498 = PCURVE('',#261,#5499);
#5499 = DEFINITIONAL_REPRESENTATION('',(#5500),#5504);
#5500 = LINE('',#5501,#5502);
#5501 = CARTESIAN_POINT('',(2.552932444614,2.993398485797));
#5502 = VECTOR('',#5503,1.);
#5503 = DIRECTION('',(-0.26965519531,-0.962956943816));
#5504 = ( GEOMETRIC_REPRESENTATION_CONTEXT(2) 
PARAMETRIC_REPRESENTATION_CONTEXT() REPRESENTATION_CONTEXT('2D SPACE',''
  ) );
#5505 = PCURVE('',#1172,#5506);
#5506 = DEFINITIONAL_REPRESENTATION('',(#5507),#5511);
#5507 = LINE('',#5508,#5509);
#5508 = CARTESIAN_POINT('',(0.,0.));
#5509 = VECTOR('',#5510,1.);
#5510 = DIRECTION('',(1.,0.));
#5511 = ( GEOMETRIC_REPRESENTATION_CONTEXT(2) 
PARAMETRIC_REPRESENTATION_CONTEXT() REPRESENTATION_CONTEXT('2D SPACE',''
  ) );
#5512 = ORIENTED_EDGE('',*,*,#5513,.T.);
#5513 = EDGE_CURVE('',#5491,#5514,#5516,.T.);
#5514 = VERTEX_POINT('',#5515);
#5515 = CARTESIAN_POINT('',(31.690400684163,-11.75408458695,68.3));
#5516 = SURFACE_CURVE('',#5517,(#5521,#5528),.PCURVE_S1.);
#5517 = LINE('',#5518,#5519);
#5518 = CARTESIAN_POINT('',(32.286227315426,-10.00197609158,68.3));
#5519 = VECTOR('',#5520,1.);
#5520 = DIRECTION('',(-0.321955887734,-0.946754670627,0.));
#5521 = PCURVE('',#261,#5522);
#5522 = DEFINITIONAL_REPRESENTATION('',(#5523),#5527);
#5523 = LINE('',#5524,#5525);
#5524 = CARTESIAN_POINT('',(2.053895922081,1.211305305507));
#5525 = VECTOR('',#5526,1.);
#5526 = DIRECTION('',(-0.321955887734,-0.946754670627));
#5527 = ( GEOMETRIC_REPRESENTATION_CONTEXT(2) 
PARAMETRIC_REPRESENTATION_CONTEXT() REPRESENTATION_CONTEXT('2D SPACE',''
  ) );
#5528 = PCURVE('',#1200,#5529);
#5529 = DEFINITIONAL_REPRESENTATION('',(#5530),#5534);
#5530 = LINE('',#5531,#5532);
#5531 = CARTESIAN_POINT('',(0.,0.));
#5532 = VECTOR('',#5533,1.);
#5533 = DIRECTION('',(1.,0.));
#5534 = ( GEOMETRIC_REPRESENTATION_CONTEXT(2) 
PARAMETRIC_REPRESENTATION_CONTEXT() REPRESENTATION_CONTEXT('2D SPACE',''
  ) );
#5535 = ORIENTED_EDGE('',*,*,#5536,.T.);
#5536 = EDGE_CURVE('',#5514,#5537,#5539,.T.);
#5537 = VERTEX_POINT('',#5538);
#5538 = CARTESIAN_POINT('',(31.002033079225,-13.46483487445,68.3));
#5539 = SURFACE_CURVE('',#5540,(#5544,#5551),.PCURVE_S1.);
#5540 = LINE('',#5541,#5542);
#5541 = CARTESIAN_POINT('',(31.690400684163,-11.75408458695,68.3));
#5542 = VECTOR('',#5543,1.);
#5543 = DIRECTION('',(-0.373291396302,-0.927714144253,0.));
#5544 = PCURVE('',#261,#5545);
#5545 = DEFINITIONAL_REPRESENTATION('',(#5546),#5550);
#5546 = LINE('',#5547,#5548);
#5547 = CARTESIAN_POINT('',(1.458069290818,-0.540803189859));
#5548 = VECTOR('',#5549,1.);
#5549 = DIRECTION('',(-0.373291396302,-0.927714144253));
#5550 = ( GEOMETRIC_REPRESENTATION_CONTEXT(2) 
PARAMETRIC_REPRESENTATION_CONTEXT() REPRESENTATION_CONTEXT('2D SPACE',''
  ) );
#5551 = PCURVE('',#1228,#5552);
#5552 = DEFINITIONAL_REPRESENTATION('',(#5553),#5557);
#5553 = LINE('',#5554,#5555);
#5554 = CARTESIAN_POINT('',(0.,0.));
#5555 = VECTOR('',#5556,1.);
#5556 = DIRECTION('',(1.,0.));
#5557 = ( GEOMETRIC_REPRESENTATION_CONTEXT(2) 
PARAMETRIC_REPRESENTATION_CONTEXT() REPRESENTATION_CONTEXT('2D SPACE',''
  ) );
#5558 = ORIENTED_EDGE('',*,*,#5559,.T.);
#5559 = EDGE_CURVE('',#5537,#5214,#5560,.T.);
#5560 = SURFACE_CURVE('',#5561,(#5565,#5571),.PCURVE_S1.);
#5561 = LINE('',#5562,#5563);
#5562 = CARTESIAN_POINT('',(31.514351403172,-12.24309434207,68.3));
#5563 = VECTOR('',#5564,1.);
#5564 = DIRECTION('',(0.386710961637,0.92220097167,-0.));
#5565 = PCURVE('',#261,#5566);
#5566 = DEFINITIONAL_REPRESENTATION('',(#5567),#5570);
#5567 = B_SPLINE_CURVE_WITH_KNOTS('',1,(#5568,#5569),.UNSPECIFIED.,.F.,
  .F.,(2,2),(-1.338779968283,-0.45392330766),.PIECEWISE_BEZIER_KNOTS.);
#5568 = CARTESIAN_POINT('',(0.764299120872,-2.264437132582));
#5569 = CARTESIAN_POINT('',(1.106482891012,-1.448421460367));
#5570 = ( GEOMETRIC_REPRESENTATION_CONTEXT(2) 
PARAMETRIC_REPRESENTATION_CONTEXT() REPRESENTATION_CONTEXT('2D SPACE',''
  ) );
#5571 = PCURVE('',#3072,#5572);
#5572 = DEFINITIONAL_REPRESENTATION('',(#5573),#5576);
#5573 = B_SPLINE_CURVE_WITH_KNOTS('',1,(#5574,#5575),.UNSPECIFIED.,.F.,
  .F.,(2,2),(-1.338779968283,-0.45392330766),.PIECEWISE_BEZIER_KNOTS.);
#5574 = CARTESIAN_POINT('',(0.884856660623,-1.8));
#5575 = CARTESIAN_POINT('',(0.,-1.8));
#5576 = ( GEOMETRIC_REPRESENTATION_CONTEXT(2) 
PARAMETRIC_REPRESENTATION_CONTEXT() REPRESENTATION_CONTEXT('2D SPACE',''
  ) );
#5577 = ADVANCED_FACE('',(#5578),#289,.T.);
#5578 = FACE_BOUND('',#5579,.T.);
#5579 = EDGE_LOOP('',(#5580,#5581,#5600,#5601));
#5580 = ORIENTED_EDGE('',*,*,#5236,.F.);
#5581 = ORIENTED_EDGE('',*,*,#5582,.F.);
#5582 = EDGE_CURVE('',#3084,#5216,#5583,.T.);
#5583 = SURFACE_CURVE('',#5584,(#5588,#5594),.PCURVE_S1.);
#5584 = LINE('',#5585,#5586);
#5585 = CARTESIAN_POINT('',(32.451434909838,-13.11123076955,67.5));
#5586 = VECTOR('',#5587,1.);
#5587 = DIRECTION('',(0.,0.,1.));
#5588 = PCURVE('',#289,#5589);
#5589 = DEFINITIONAL_REPRESENTATION('',(#5590),#5593);
#5590 = B_SPLINE_CURVE_WITH_KNOTS('',1,(#5591,#5592),.UNSPECIFIED.,.F.,
  .F.,(2,2),(-6.000000070117E-07,0.991),.PIECEWISE_BEZIER_KNOTS.);
#5591 = CARTESIAN_POINT('',(5.899212871741,-6.000000070117E-07));
#5592 = CARTESIAN_POINT('',(5.899212871741,0.991));
#5593 = ( GEOMETRIC_REPRESENTATION_CONTEXT(2) 
PARAMETRIC_REPRESENTATION_CONTEXT() REPRESENTATION_CONTEXT('2D SPACE',''
  ) );
#5594 = PCURVE('',#3098,#5595);
#5595 = DEFINITIONAL_REPRESENTATION('',(#5596),#5599);
#5596 = B_SPLINE_CURVE_WITH_KNOTS('',1,(#5597,#5598),.UNSPECIFIED.,.F.,
  .F.,(2,2),(-6.000000070117E-07,0.991),.PIECEWISE_BEZIER_KNOTS.);
#5597 = CARTESIAN_POINT('',(1.,-0.9999994));
#5598 = CARTESIAN_POINT('',(1.,-1.991));
#5599 = ( GEOMETRIC_REPRESENTATION_CONTEXT(2) 
PARAMETRIC_REPRESENTATION_CONTEXT() REPRESENTATION_CONTEXT('2D SPACE',''
  ) );
#5600 = ORIENTED_EDGE('',*,*,#3109,.T.);
#5601 = ORIENTED_EDGE('',*,*,#273,.T.);
#5602 = ADVANCED_FACE('',(#5603),#457,.T.);
#5603 = FACE_BOUND('',#5604,.T.);
#5604 = EDGE_LOOP('',(#5605,#5628,#5629,#5630));
#5605 = ORIENTED_EDGE('',*,*,#5606,.F.);
#5606 = EDGE_CURVE('',#1752,#5607,#5609,.T.);
#5607 = VERTEX_POINT('',#5608);
#5608 = CARTESIAN_POINT('',(-4.70405081245,33.471060723465,68.3));
#5609 = SURFACE_CURVE('',#5610,(#5614,#5621),.PCURVE_S1.);
#5610 = LINE('',#5611,#5612);
#5611 = CARTESIAN_POINT('',(-4.70405081245,33.471060723465,66.5));
#5612 = VECTOR('',#5613,1.);
#5613 = DIRECTION('',(0.,0.,1.));
#5614 = PCURVE('',#457,#5615);
#5615 = DEFINITIONAL_REPRESENTATION('',(#5616),#5620);
#5616 = LINE('',#5617,#5618);
#5617 = CARTESIAN_POINT('',(2.2,0.));
#5618 = VECTOR('',#5619,1.);
#5619 = DIRECTION('',(0.,-1.));
#5620 = ( GEOMETRIC_REPRESENTATION_CONTEXT(2) 
PARAMETRIC_REPRESENTATION_CONTEXT() REPRESENTATION_CONTEXT('2D SPACE',''
  ) );
#5621 = PCURVE('',#1766,#5622);
#5622 = DEFINITIONAL_REPRESENTATION('',(#5623),#5627);
#5623 = LINE('',#5624,#5625);
#5624 = CARTESIAN_POINT('',(0.,0.));
#5625 = VECTOR('',#5626,1.);
#5626 = DIRECTION('',(0.,-1.));
#5627 = ( GEOMETRIC_REPRESENTATION_CONTEXT(2) 
PARAMETRIC_REPRESENTATION_CONTEXT() REPRESENTATION_CONTEXT('2D SPACE',''
  ) );
#5628 = ORIENTED_EDGE('',*,*,#1777,.T.);
#5629 = ORIENTED_EDGE('',*,*,#442,.T.);
#5630 = ORIENTED_EDGE('',*,*,#5631,.F.);
#5631 = EDGE_CURVE('',#5607,#414,#5632,.T.);
#5632 = SURFACE_CURVE('',#5633,(#5637,#5643),.PCURVE_S1.);
#5633 = LINE('',#5634,#5635);
#5634 = CARTESIAN_POINT('',(-4.747994628546,33.783737222001,68.3));
#5635 = VECTOR('',#5636,1.);
#5636 = DIRECTION('',(-0.13917310096,0.990268068742,0.));
#5637 = PCURVE('',#457,#5638);
#5638 = DEFINITIONAL_REPRESENTATION('',(#5639),#5642);
#5639 = B_SPLINE_CURVE_WITH_KNOTS('',1,(#5640,#5641),.UNSPECIFIED.,.F.,
  .F.,(2,2),(-0.3157493495,1.228215688651),.PIECEWISE_BEZIER_KNOTS.);
#5640 = CARTESIAN_POINT('',(2.2,-1.8));
#5641 = CARTESIAN_POINT('',(0.656034961848,-1.8));
#5642 = ( GEOMETRIC_REPRESENTATION_CONTEXT(2) 
PARAMETRIC_REPRESENTATION_CONTEXT() REPRESENTATION_CONTEXT('2D SPACE',''
  ) );
#5643 = PCURVE('',#430,#5644);
#5644 = DEFINITIONAL_REPRESENTATION('',(#5645),#5648);
#5645 = B_SPLINE_CURVE_WITH_KNOTS('',1,(#5646,#5647),.UNSPECIFIED.,.F.,
  .F.,(2,2),(-0.3157493495,1.228215688651),.PIECEWISE_BEZIER_KNOTS.);
#5646 = CARTESIAN_POINT('',(0.701128334558,1.682453022653));
#5647 = CARTESIAN_POINT('',(0.486249932425,3.211392299188));
#5648 = ( GEOMETRIC_REPRESENTATION_CONTEXT(2) 
PARAMETRIC_REPRESENTATION_CONTEXT() REPRESENTATION_CONTEXT('2D SPACE',''
  ) );
#5649 = ADVANCED_FACE('',(#5650),#430,.T.);
#5650 = FACE_BOUND('',#5651,.T.);
#5651 = EDGE_LOOP('',(#5652,#5653,#5654,#5677,#5705,#5733,#5761,#5789,
    #5817,#5845,#5873,#5901,#5929,#5957,#5985,#6013,#6041));
#5652 = ORIENTED_EDGE('',*,*,#5631,.T.);
#5653 = ORIENTED_EDGE('',*,*,#413,.T.);
#5654 = ORIENTED_EDGE('',*,*,#5655,.T.);
#5655 = EDGE_CURVE('',#388,#5656,#5658,.T.);
#5656 = VERTEX_POINT('',#5657);
#5657 = CARTESIAN_POINT('',(-24.84011331606,22.921796841541,68.3));
#5658 = SURFACE_CURVE('',#5659,(#5663,#5670),.PCURVE_S1.);
#5659 = LINE('',#5660,#5661);
#5660 = CARTESIAN_POINT('',(-26.45692542539,24.413748115251,68.3));
#5661 = VECTOR('',#5662,1.);
#5662 = DIRECTION('',(0.73491459515,-0.678159669868,0.));
#5663 = PCURVE('',#430,#5664);
#5664 = DEFINITIONAL_REPRESENTATION('',(#5665),#5669);
#5665 = LINE('',#5666,#5667);
#5666 = CARTESIAN_POINT('',(-21.05174627839,-7.374859585562));
#5667 = VECTOR('',#5668,1.);
#5668 = DIRECTION('',(0.73491459515,-0.678159669868));
#5669 = ( GEOMETRIC_REPRESENTATION_CONTEXT(2) 
PARAMETRIC_REPRESENTATION_CONTEXT() REPRESENTATION_CONTEXT('2D SPACE',''
  ) );
#5670 = PCURVE('',#402,#5671);
#5671 = DEFINITIONAL_REPRESENTATION('',(#5672),#5676);
#5672 = LINE('',#5673,#5674);
#5673 = CARTESIAN_POINT('',(0.,0.));
#5674 = VECTOR('',#5675,1.);
#5675 = DIRECTION('',(1.,0.));
#5676 = ( GEOMETRIC_REPRESENTATION_CONTEXT(2) 
PARAMETRIC_REPRESENTATION_CONTEXT() REPRESENTATION_CONTEXT('2D SPACE',''
  ) );
#5677 = ORIENTED_EDGE('',*,*,#5678,.T.);
#5678 = EDGE_CURVE('',#5656,#5679,#5681,.T.);
#5679 = VERTEX_POINT('',#5680);
#5680 = CARTESIAN_POINT('',(-23.54831589947,24.246996067523,68.3));
#5681 = SURFACE_CURVE('',#5682,(#5686,#5693),.PCURVE_S1.);
#5682 = LINE('',#5683,#5684);
#5683 = CARTESIAN_POINT('',(-24.84011331606,22.921796841541,68.3));
#5684 = VECTOR('',#5685,1.);
#5685 = DIRECTION('',(0.698024831736,0.71607355368,0.));
#5686 = PCURVE('',#430,#5687);
#5687 = DEFINITIONAL_REPRESENTATION('',(#5688),#5692);
#5688 = LINE('',#5689,#5690);
#5689 = CARTESIAN_POINT('',(-19.43493416906,-8.866810859271));
#5690 = VECTOR('',#5691,1.);
#5691 = DIRECTION('',(0.698024831736,0.71607355368));
#5692 = ( GEOMETRIC_REPRESENTATION_CONTEXT(2) 
PARAMETRIC_REPRESENTATION_CONTEXT() REPRESENTATION_CONTEXT('2D SPACE',''
  ) );
#5693 = PCURVE('',#5694,#5699);
#5694 = PLANE('',#5695);
#5695 = AXIS2_PLACEMENT_3D('',#5696,#5697,#5698);
#5696 = CARTESIAN_POINT('',(-24.84011331606,22.921796841541,68.3));
#5697 = DIRECTION('',(-0.71607355368,0.698024831736,0.));
#5698 = DIRECTION('',(0.698024831736,0.71607355368,0.));
#5699 = DEFINITIONAL_REPRESENTATION('',(#5700),#5704);
#5700 = LINE('',#5701,#5702);
#5701 = CARTESIAN_POINT('',(0.,0.));
#5702 = VECTOR('',#5703,1.);
#5703 = DIRECTION('',(1.,0.));
#5704 = ( GEOMETRIC_REPRESENTATION_CONTEXT(2) 
PARAMETRIC_REPRESENTATION_CONTEXT() REPRESENTATION_CONTEXT('2D SPACE',''
  ) );
#5705 = ORIENTED_EDGE('',*,*,#5706,.T.);
#5706 = EDGE_CURVE('',#5679,#5707,#5709,.T.);
#5707 = VERTEX_POINT('',#5708);
#5708 = CARTESIAN_POINT('',(-22.18592354981,25.499505803871,68.3));
#5709 = SURFACE_CURVE('',#5710,(#5714,#5721),.PCURVE_S1.);
#5710 = LINE('',#5711,#5712);
#5711 = CARTESIAN_POINT('',(-23.54831589947,24.246996067523,68.3));
#5712 = VECTOR('',#5713,1.);
#5713 = DIRECTION('',(0.736170918455,0.67679566992,0.));
#5714 = PCURVE('',#430,#5715);
#5715 = DEFINITIONAL_REPRESENTATION('',(#5716),#5720);
#5716 = LINE('',#5717,#5718);
#5717 = CARTESIAN_POINT('',(-18.14313675246,-7.541611633289));
#5718 = VECTOR('',#5719,1.);
#5719 = DIRECTION('',(0.736170918455,0.67679566992));
#5720 = ( GEOMETRIC_REPRESENTATION_CONTEXT(2) 
PARAMETRIC_REPRESENTATION_CONTEXT() REPRESENTATION_CONTEXT('2D SPACE',''
  ) );
#5721 = PCURVE('',#5722,#5727);
#5722 = PLANE('',#5723);
#5723 = AXIS2_PLACEMENT_3D('',#5724,#5725,#5726);
#5724 = CARTESIAN_POINT('',(-23.54831589947,24.246996067523,68.3));
#5725 = DIRECTION('',(-0.67679566992,0.736170918455,0.));
#5726 = DIRECTION('',(0.736170918455,0.67679566992,0.));
#5727 = DEFINITIONAL_REPRESENTATION('',(#5728),#5732);
#5728 = LINE('',#5729,#5730);
#5729 = CARTESIAN_POINT('',(0.,0.));
#5730 = VECTOR('',#5731,1.);
#5731 = DIRECTION('',(1.,0.));
#5732 = ( GEOMETRIC_REPRESENTATION_CONTEXT(2) 
PARAMETRIC_REPRESENTATION_CONTEXT() REPRESENTATION_CONTEXT('2D SPACE',''
  ) );
#5733 = ORIENTED_EDGE('',*,*,#5734,.T.);
#5734 = EDGE_CURVE('',#5707,#5735,#5737,.T.);
#5735 = VERTEX_POINT('',#5736);
#5736 = CARTESIAN_POINT('',(-20.75702055053,26.675571181602,68.3));
#5737 = SURFACE_CURVE('',#5738,(#5742,#5749),.PCURVE_S1.);
#5738 = LINE('',#5739,#5740);
#5739 = CARTESIAN_POINT('',(-22.18592354981,25.499505803871,68.3));
#5740 = VECTOR('',#5741,1.);
#5741 = DIRECTION('',(0.772110055982,0.635488836607,0.));
#5742 = PCURVE('',#430,#5743);
#5743 = DEFINITIONAL_REPRESENTATION('',(#5744),#5748);
#5744 = LINE('',#5745,#5746);
#5745 = CARTESIAN_POINT('',(-16.7807444028,-6.289101896941));
#5746 = VECTOR('',#5747,1.);
#5747 = DIRECTION('',(0.772110055982,0.635488836607));
#5748 = ( GEOMETRIC_REPRESENTATION_CONTEXT(2) 
PARAMETRIC_REPRESENTATION_CONTEXT() REPRESENTATION_CONTEXT('2D SPACE',''
  ) );
#5749 = PCURVE('',#5750,#5755);
#5750 = PLANE('',#5751);
#5751 = AXIS2_PLACEMENT_3D('',#5752,#5753,#5754);
#5752 = CARTESIAN_POINT('',(-22.18592354981,25.499505803871,68.3));
#5753 = DIRECTION('',(-0.635488836607,0.772110055982,0.));
#5754 = DIRECTION('',(0.772110055982,0.635488836607,0.));
#5755 = DEFINITIONAL_REPRESENTATION('',(#5756),#5760);
#5756 = LINE('',#5757,#5758);
#5757 = CARTESIAN_POINT('',(0.,0.));
#5758 = VECTOR('',#5759,1.);
#5759 = DIRECTION('',(1.,0.));
#5760 = ( GEOMETRIC_REPRESENTATION_CONTEXT(2) 
PARAMETRIC_REPRESENTATION_CONTEXT() REPRESENTATION_CONTEXT('2D SPACE',''
  ) );
#5761 = ORIENTED_EDGE('',*,*,#5762,.T.);
#5762 = EDGE_CURVE('',#5735,#5763,#5765,.T.);
#5763 = VERTEX_POINT('',#5764);
#5764 = CARTESIAN_POINT('',(-19.26589057575,27.771666502445,68.3));
#5765 = SURFACE_CURVE('',#5766,(#5770,#5777),.PCURVE_S1.);
#5766 = LINE('',#5767,#5768);
#5767 = CARTESIAN_POINT('',(-20.75702055053,26.675571181602,68.3));
#5768 = VECTOR('',#5769,1.);
#5769 = DIRECTION('',(0.805734503238,0.592276886508,0.));
#5770 = PCURVE('',#430,#5771);
#5771 = DEFINITIONAL_REPRESENTATION('',(#5772),#5776);
#5772 = LINE('',#5773,#5774);
#5773 = CARTESIAN_POINT('',(-15.35184140352,-5.11303651921));
#5774 = VECTOR('',#5775,1.);
#5775 = DIRECTION('',(0.805734503238,0.592276886508));
#5776 = ( GEOMETRIC_REPRESENTATION_CONTEXT(2) 
PARAMETRIC_REPRESENTATION_CONTEXT() REPRESENTATION_CONTEXT('2D SPACE',''
  ) );
#5777 = PCURVE('',#5778,#5783);
#5778 = PLANE('',#5779);
#5779 = AXIS2_PLACEMENT_3D('',#5780,#5781,#5782);
#5780 = CARTESIAN_POINT('',(-20.75702055053,26.675571181602,68.3));
#5781 = DIRECTION('',(-0.592276886508,0.805734503238,0.));
#5782 = DIRECTION('',(0.805734503238,0.592276886508,0.));
#5783 = DEFINITIONAL_REPRESENTATION('',(#5784),#5788);
#5784 = LINE('',#5785,#5786);
#5785 = CARTESIAN_POINT('',(0.,0.));
#5786 = VECTOR('',#5787,1.);
#5787 = DIRECTION('',(1.,0.));
#5788 = ( GEOMETRIC_REPRESENTATION_CONTEXT(2) 
PARAMETRIC_REPRESENTATION_CONTEXT() REPRESENTATION_CONTEXT('2D SPACE',''
  ) );
#5789 = ORIENTED_EDGE('',*,*,#5790,.T.);
#5790 = EDGE_CURVE('',#5763,#5791,#5793,.T.);
#5791 = VERTEX_POINT('',#5792);
#5792 = CARTESIAN_POINT('',(-17.71700384837,28.784505808452,68.3));
#5793 = SURFACE_CURVE('',#5794,(#5798,#5805),.PCURVE_S1.);
#5794 = LINE('',#5795,#5796);
#5795 = CARTESIAN_POINT('',(-19.26589057575,27.771666502445,68.3));
#5796 = VECTOR('',#5797,1.);
#5797 = DIRECTION('',(0.836943458296,0.547289363696,0.));
#5798 = PCURVE('',#430,#5799);
#5799 = DEFINITIONAL_REPRESENTATION('',(#5800),#5804);
#5800 = LINE('',#5801,#5802);
#5801 = CARTESIAN_POINT('',(-13.86071142874,-4.016941198367));
#5802 = VECTOR('',#5803,1.);
#5803 = DIRECTION('',(0.836943458296,0.547289363696));
#5804 = ( GEOMETRIC_REPRESENTATION_CONTEXT(2) 
PARAMETRIC_REPRESENTATION_CONTEXT() REPRESENTATION_CONTEXT('2D SPACE',''
  ) );
#5805 = PCURVE('',#5806,#5811);
#5806 = PLANE('',#5807);
#5807 = AXIS2_PLACEMENT_3D('',#5808,#5809,#5810);
#5808 = CARTESIAN_POINT('',(-19.26589057575,27.771666502445,68.3));
#5809 = DIRECTION('',(-0.547289363696,0.836943458296,0.));
#5810 = DIRECTION('',(0.836943458296,0.547289363696,0.));
#5811 = DEFINITIONAL_REPRESENTATION('',(#5812),#5816);
#5812 = LINE('',#5813,#5814);
#5813 = CARTESIAN_POINT('',(0.,0.));
#5814 = VECTOR('',#5815,1.);
#5815 = DIRECTION('',(1.,0.));
#5816 = ( GEOMETRIC_REPRESENTATION_CONTEXT(2) 
PARAMETRIC_REPRESENTATION_CONTEXT() REPRESENTATION_CONTEXT('2D SPACE',''
  ) );
#5817 = ORIENTED_EDGE('',*,*,#5818,.T.);
#5818 = EDGE_CURVE('',#5791,#5819,#5821,.T.);
#5819 = VERTEX_POINT('',#5820);
#5820 = CARTESIAN_POINT('',(-16.11500373886,29.711052732889,68.3));
#5821 = SURFACE_CURVE('',#5822,(#5826,#5833),.PCURVE_S1.);
#5822 = LINE('',#5823,#5824);
#5823 = CARTESIAN_POINT('',(-17.71700384837,28.784505808452,68.3));
#5824 = VECTOR('',#5825,1.);
#5825 = DIRECTION('',(0.865643360577,0.50066113519,0.));
#5826 = PCURVE('',#430,#5827);
#5827 = DEFINITIONAL_REPRESENTATION('',(#5828),#5832);
#5828 = LINE('',#5829,#5830);
#5829 = CARTESIAN_POINT('',(-12.31182470136,-3.00410189236));
#5830 = VECTOR('',#5831,1.);
#5831 = DIRECTION('',(0.865643360577,0.50066113519));
#5832 = ( GEOMETRIC_REPRESENTATION_CONTEXT(2) 
PARAMETRIC_REPRESENTATION_CONTEXT() REPRESENTATION_CONTEXT('2D SPACE',''
  ) );
#5833 = PCURVE('',#5834,#5839);
#5834 = PLANE('',#5835);
#5835 = AXIS2_PLACEMENT_3D('',#5836,#5837,#5838);
#5836 = CARTESIAN_POINT('',(-17.71700384837,28.784505808452,68.3));
#5837 = DIRECTION('',(-0.50066113519,0.865643360577,0.));
#5838 = DIRECTION('',(0.865643360577,0.50066113519,0.));
#5839 = DEFINITIONAL_REPRESENTATION('',(#5840),#5844);
#5840 = LINE('',#5841,#5842);
#5841 = CARTESIAN_POINT('',(0.,0.));
#5842 = VECTOR('',#5843,1.);
#5843 = DIRECTION('',(1.,0.));
#5844 = ( GEOMETRIC_REPRESENTATION_CONTEXT(2) 
PARAMETRIC_REPRESENTATION_CONTEXT() REPRESENTATION_CONTEXT('2D SPACE',''
  ) );
#5845 = ORIENTED_EDGE('',*,*,#5846,.T.);
#5846 = EDGE_CURVE('',#5819,#5847,#5849,.T.);
#5847 = VERTEX_POINT('',#5848);
#5848 = CARTESIAN_POINT('',(-14.46469284503,30.548529602891,68.3));
#5849 = SURFACE_CURVE('',#5850,(#5854,#5861),.PCURVE_S1.);
#5850 = LINE('',#5851,#5852);
#5851 = CARTESIAN_POINT('',(-16.11500373886,29.711052732889,68.3));
#5852 = VECTOR('',#5853,1.);
#5853 = DIRECTION('',(0.891748171329,0.45253198664,0.));
#5854 = PCURVE('',#430,#5855);
#5855 = DEFINITIONAL_REPRESENTATION('',(#5856),#5860);
#5856 = LINE('',#5857,#5858);
#5857 = CARTESIAN_POINT('',(-10.70982459185,-2.077554967923));
#5858 = VECTOR('',#5859,1.);
#5859 = DIRECTION('',(0.891748171329,0.45253198664));
#5860 = ( GEOMETRIC_REPRESENTATION_CONTEXT(2) 
PARAMETRIC_REPRESENTATION_CONTEXT() REPRESENTATION_CONTEXT('2D SPACE',''
  ) );
#5861 = PCURVE('',#5862,#5867);
#5862 = PLANE('',#5863);
#5863 = AXIS2_PLACEMENT_3D('',#5864,#5865,#5866);
#5864 = CARTESIAN_POINT('',(-16.11500373886,29.711052732889,68.3));
#5865 = DIRECTION('',(-0.45253198664,0.891748171329,0.));
#5866 = DIRECTION('',(0.891748171329,0.45253198664,0.));
#5867 = DEFINITIONAL_REPRESENTATION('',(#5868),#5872);
#5868 = LINE('',#5869,#5870);
#5869 = CARTESIAN_POINT('',(0.,0.));
#5870 = VECTOR('',#5871,1.);
#5871 = DIRECTION('',(1.,0.));
#5872 = ( GEOMETRIC_REPRESENTATION_CONTEXT(2) 
PARAMETRIC_REPRESENTATION_CONTEXT() REPRESENTATION_CONTEXT('2D SPACE',''
  ) );
#5873 = ORIENTED_EDGE('',*,*,#5874,.T.);
#5874 = EDGE_CURVE('',#5847,#5875,#5877,.T.);
#5875 = VERTEX_POINT('',#5876);
#5876 = CARTESIAN_POINT('',(-12.77101859446,31.294425766578,68.3));
#5877 = SURFACE_CURVE('',#5878,(#5882,#5889),.PCURVE_S1.);
#5878 = LINE('',#5879,#5880);
#5879 = CARTESIAN_POINT('',(-14.46469284503,30.548529602891,68.3));
#5880 = VECTOR('',#5881,1.);
#5881 = DIRECTION('',(0.915179631564,0.403046203269,0.));
#5882 = PCURVE('',#430,#5883);
#5883 = DEFINITIONAL_REPRESENTATION('',(#5884),#5888);
#5884 = LINE('',#5885,#5886);
#5885 = CARTESIAN_POINT('',(-9.059513698029,-1.240078097921));
#5886 = VECTOR('',#5887,1.);
#5887 = DIRECTION('',(0.915179631564,0.403046203269));
#5888 = ( GEOMETRIC_REPRESENTATION_CONTEXT(2) 
PARAMETRIC_REPRESENTATION_CONTEXT() REPRESENTATION_CONTEXT('2D SPACE',''
  ) );
#5889 = PCURVE('',#5890,#5895);
#5890 = PLANE('',#5891);
#5891 = AXIS2_PLACEMENT_3D('',#5892,#5893,#5894);
#5892 = CARTESIAN_POINT('',(-14.46469284503,30.548529602891,68.3));
#5893 = DIRECTION('',(-0.403046203269,0.915179631564,0.));
#5894 = DIRECTION('',(0.915179631564,0.403046203269,0.));
#5895 = DEFINITIONAL_REPRESENTATION('',(#5896),#5900);
#5896 = LINE('',#5897,#5898);
#5897 = CARTESIAN_POINT('',(0.,0.));
#5898 = VECTOR('',#5899,1.);
#5899 = DIRECTION('',(1.,0.));
#5900 = ( GEOMETRIC_REPRESENTATION_CONTEXT(2) 
PARAMETRIC_REPRESENTATION_CONTEXT() REPRESENTATION_CONTEXT('2D SPACE',''
  ) );
#5901 = ORIENTED_EDGE('',*,*,#5902,.T.);
#5902 = EDGE_CURVE('',#5875,#5903,#5905,.T.);
#5903 = VERTEX_POINT('',#5904);
#5904 = CARTESIAN_POINT('',(-11.03905841267,31.946505119678,68.3));
#5905 = SURFACE_CURVE('',#5906,(#5910,#5917),.PCURVE_S1.);
#5906 = LINE('',#5907,#5908);
#5907 = CARTESIAN_POINT('',(-12.77101859446,31.294425766578,68.3));
#5908 = VECTOR('',#5909,1.);
#5909 = DIRECTION('',(0.93586749667,0.352352137325,0.));
#5910 = PCURVE('',#430,#5911);
#5911 = DEFINITIONAL_REPRESENTATION('',(#5912),#5916);
#5912 = LINE('',#5913,#5914);
#5913 = CARTESIAN_POINT('',(-7.365839447456,-0.494181934234));
#5914 = VECTOR('',#5915,1.);
#5915 = DIRECTION('',(0.93586749667,0.352352137325));
#5916 = ( GEOMETRIC_REPRESENTATION_CONTEXT(2) 
PARAMETRIC_REPRESENTATION_CONTEXT() REPRESENTATION_CONTEXT('2D SPACE',''
  ) );
#5917 = PCURVE('',#5918,#5923);
#5918 = PLANE('',#5919);
#5919 = AXIS2_PLACEMENT_3D('',#5920,#5921,#5922);
#5920 = CARTESIAN_POINT('',(-12.77101859446,31.294425766578,68.3));
#5921 = DIRECTION('',(-0.352352137325,0.93586749667,0.));
#5922 = DIRECTION('',(0.93586749667,0.352352137325,0.));
#5923 = DEFINITIONAL_REPRESENTATION('',(#5924),#5928);
#5924 = LINE('',#5925,#5926);
#5925 = CARTESIAN_POINT('',(0.,0.));
#5926 = VECTOR('',#5927,1.);
#5927 = DIRECTION('',(1.,0.));
#5928 = ( GEOMETRIC_REPRESENTATION_CONTEXT(2) 
PARAMETRIC_REPRESENTATION_CONTEXT() REPRESENTATION_CONTEXT('2D SPACE',''
  ) );
#5929 = ORIENTED_EDGE('',*,*,#5930,.T.);
#5930 = EDGE_CURVE('',#5903,#5931,#5933,.T.);
#5931 = VERTEX_POINT('',#5932);
#5932 = CARTESIAN_POINT('',(-9.274004501666,32.502812809095,68.3));
#5933 = SURFACE_CURVE('',#5934,(#5938,#5945),.PCURVE_S1.);
#5934 = LINE('',#5935,#5936);
#5935 = CARTESIAN_POINT('',(-11.03905841267,31.946505119678,68.3));
#5936 = VECTOR('',#5937,1.);
#5937 = DIRECTION('',(0.953749746988,0.300601763335,0.));
#5938 = PCURVE('',#430,#5939);
#5939 = DEFINITIONAL_REPRESENTATION('',(#5940),#5944);
#5940 = LINE('',#5941,#5942);
#5941 = CARTESIAN_POINT('',(-5.633879265662,0.157897418866));
#5942 = VECTOR('',#5943,1.);
#5943 = DIRECTION('',(0.953749746988,0.300601763335));
#5944 = ( GEOMETRIC_REPRESENTATION_CONTEXT(2) 
PARAMETRIC_REPRESENTATION_CONTEXT() REPRESENTATION_CONTEXT('2D SPACE',''
  ) );
#5945 = PCURVE('',#5946,#5951);
#5946 = PLANE('',#5947);
#5947 = AXIS2_PLACEMENT_3D('',#5948,#5949,#5950);
#5948 = CARTESIAN_POINT('',(-11.03905841267,31.946505119678,68.3));
#5949 = DIRECTION('',(-0.300601763335,0.953749746988,0.));
#5950 = DIRECTION('',(0.953749746988,0.300601763335,0.));
#5951 = DEFINITIONAL_REPRESENTATION('',(#5952),#5956);
#5952 = LINE('',#5953,#5954);
#5953 = CARTESIAN_POINT('',(0.,0.));
#5954 = VECTOR('',#5955,1.);
#5955 = DIRECTION('',(1.,0.));
#5956 = ( GEOMETRIC_REPRESENTATION_CONTEXT(2) 
PARAMETRIC_REPRESENTATION_CONTEXT() REPRESENTATION_CONTEXT('2D SPACE',''
  ) );
#5957 = ORIENTED_EDGE('',*,*,#5958,.T.);
#5958 = EDGE_CURVE('',#5931,#5959,#5961,.T.);
#5959 = VERTEX_POINT('',#5960);
#5960 = CARTESIAN_POINT('',(-7.481148274357,32.96168109331,68.3));
#5961 = SURFACE_CURVE('',#5962,(#5966,#5973),.PCURVE_S1.);
#5962 = LINE('',#5963,#5964);
#5963 = CARTESIAN_POINT('',(-9.274004501666,32.502812809095,68.3));
#5964 = VECTOR('',#5965,1.);
#5965 = DIRECTION('',(0.96877277375,0.247950222507,0.));
#5966 = PCURVE('',#430,#5967);
#5967 = DEFINITIONAL_REPRESENTATION('',(#5968),#5972);
#5968 = LINE('',#5969,#5970);
#5969 = CARTESIAN_POINT('',(-3.868825354658,0.714205108283));
#5970 = VECTOR('',#5971,1.);
#5971 = DIRECTION('',(0.96877277375,0.247950222507));
#5972 = ( GEOMETRIC_REPRESENTATION_CONTEXT(2) 
PARAMETRIC_REPRESENTATION_CONTEXT() REPRESENTATION_CONTEXT('2D SPACE',''
  ) );
#5973 = PCURVE('',#5974,#5979);
#5974 = PLANE('',#5975);
#5975 = AXIS2_PLACEMENT_3D('',#5976,#5977,#5978);
#5976 = CARTESIAN_POINT('',(-9.274004501666,32.502812809095,68.3));
#5977 = DIRECTION('',(-0.247950222507,0.96877277375,0.));
#5978 = DIRECTION('',(0.96877277375,0.247950222507,0.));
#5979 = DEFINITIONAL_REPRESENTATION('',(#5980),#5984);
#5980 = LINE('',#5981,#5982);
#5981 = CARTESIAN_POINT('',(0.,0.));
#5982 = VECTOR('',#5983,1.);
#5983 = DIRECTION('',(1.,0.));
#5984 = ( GEOMETRIC_REPRESENTATION_CONTEXT(2) 
PARAMETRIC_REPRESENTATION_CONTEXT() REPRESENTATION_CONTEXT('2D SPACE',''
  ) );
#5985 = ORIENTED_EDGE('',*,*,#5986,.T.);
#5986 = EDGE_CURVE('',#5959,#5987,#5989,.T.);
#5987 = VERTEX_POINT('',#5988);
#5988 = CARTESIAN_POINT('',(-5.665864491552,33.321734342068,68.3));
#5989 = SURFACE_CURVE('',#5990,(#5994,#6001),.PCURVE_S1.);
#5990 = LINE('',#5991,#5992);
#5991 = CARTESIAN_POINT('',(-7.481148274357,32.96168109331,68.3));
#5992 = VECTOR('',#5993,1.);
#5993 = DIRECTION('',(0.980891539781,0.194555357638,0.));
#5994 = PCURVE('',#430,#5995);
#5995 = DEFINITIONAL_REPRESENTATION('',(#5996),#6000);
#5996 = LINE('',#5997,#5998);
#5997 = CARTESIAN_POINT('',(-2.075969127349,1.173073392498));
#5998 = VECTOR('',#5999,1.);
#5999 = DIRECTION('',(0.980891539781,0.194555357638));
#6000 = ( GEOMETRIC_REPRESENTATION_CONTEXT(2) 
PARAMETRIC_REPRESENTATION_CONTEXT() REPRESENTATION_CONTEXT('2D SPACE',''
  ) );
#6001 = PCURVE('',#6002,#6007);
#6002 = PLANE('',#6003);
#6003 = AXIS2_PLACEMENT_3D('',#6004,#6005,#6006);
#6004 = CARTESIAN_POINT('',(-7.481148274357,32.96168109331,68.3));
#6005 = DIRECTION('',(-0.194555357638,0.980891539781,0.));
#6006 = DIRECTION('',(0.980891539781,0.194555357638,0.));
#6007 = DEFINITIONAL_REPRESENTATION('',(#6008),#6012);
#6008 = LINE('',#6009,#6010);
#6009 = CARTESIAN_POINT('',(0.,0.));
#6010 = VECTOR('',#6011,1.);
#6011 = DIRECTION('',(1.,0.));
#6012 = ( GEOMETRIC_REPRESENTATION_CONTEXT(2) 
PARAMETRIC_REPRESENTATION_CONTEXT() REPRESENTATION_CONTEXT('2D SPACE',''
  ) );
#6013 = ORIENTED_EDGE('',*,*,#6014,.T.);
#6014 = EDGE_CURVE('',#5987,#6015,#6017,.T.);
#6015 = VERTEX_POINT('',#6016);
#6016 = CARTESIAN_POINT('',(-3.840127480574,33.580965652801,68.3));
#6017 = SURFACE_CURVE('',#6018,(#6022,#6029),.PCURVE_S1.);
#6018 = LINE('',#6019,#6020);
#6019 = CARTESIAN_POINT('',(-5.665864491552,33.321734342068,68.3));
#6020 = VECTOR('',#6021,1.);
#6021 = DIRECTION('',(0.990069714524,0.140577239914,0.));
#6022 = PCURVE('',#430,#6023);
#6023 = DEFINITIONAL_REPRESENTATION('',(#6024),#6028);
#6024 = LINE('',#6025,#6026);
#6025 = CARTESIAN_POINT('',(-0.260685344543,1.533126641256));
#6026 = VECTOR('',#6027,1.);
#6027 = DIRECTION('',(0.990069714524,0.140577239914));
#6028 = ( GEOMETRIC_REPRESENTATION_CONTEXT(2) 
PARAMETRIC_REPRESENTATION_CONTEXT() REPRESENTATION_CONTEXT('2D SPACE',''
  ) );
#6029 = PCURVE('',#6030,#6035);
#6030 = PLANE('',#6031);
#6031 = AXIS2_PLACEMENT_3D('',#6032,#6033,#6034);
#6032 = CARTESIAN_POINT('',(-5.665864491552,33.321734342068,68.3));
#6033 = DIRECTION('',(-0.140577239914,0.990069714524,0.));
#6034 = DIRECTION('',(0.990069714524,0.140577239914,0.));
#6035 = DEFINITIONAL_REPRESENTATION('',(#6036),#6040);
#6036 = LINE('',#6037,#6038);
#6037 = CARTESIAN_POINT('',(0.,0.));
#6038 = VECTOR('',#6039,1.);
#6039 = DIRECTION('',(1.,0.));
#6040 = ( GEOMETRIC_REPRESENTATION_CONTEXT(2) 
PARAMETRIC_REPRESENTATION_CONTEXT() REPRESENTATION_CONTEXT('2D SPACE',''
  ) );
#6041 = ORIENTED_EDGE('',*,*,#6042,.T.);
#6042 = EDGE_CURVE('',#6015,#5607,#6043,.T.);
#6043 = SURFACE_CURVE('',#6044,(#6048,#6054),.PCURVE_S1.);
#6044 = LINE('',#6045,#6046);
#6045 = CARTESIAN_POINT('',(-5.154344980424,33.413776069972,68.3));
#6046 = VECTOR('',#6047,1.);
#6047 = DIRECTION('',(-0.99200494968,-0.126198969136,0.));
#6048 = PCURVE('',#430,#6049);
#6049 = DEFINITIONAL_REPRESENTATION('',(#6050),#6053);
#6050 = B_SPLINE_CURVE_WITH_KNOTS('',1,(#6051,#6052),.UNSPECIFIED.,.F.,
  .F.,(2,2),(-1.338779968283,-0.45392330766),.PIECEWISE_BEZIER_KNOTS.);
#6051 = CARTESIAN_POINT('',(1.578910521653,1.794121021056));
#6052 = CARTESIAN_POINT('',(0.701128334558,1.682453022653));
#6053 = ( GEOMETRIC_REPRESENTATION_CONTEXT(2) 
PARAMETRIC_REPRESENTATION_CONTEXT() REPRESENTATION_CONTEXT('2D SPACE',''
  ) );
#6054 = PCURVE('',#1766,#6055);
#6055 = DEFINITIONAL_REPRESENTATION('',(#6056),#6059);
#6056 = B_SPLINE_CURVE_WITH_KNOTS('',1,(#6057,#6058),.UNSPECIFIED.,.F.,
  .F.,(2,2),(-1.338779968283,-0.45392330766),.PIECEWISE_BEZIER_KNOTS.);
#6057 = CARTESIAN_POINT('',(0.884856660623,-1.8));
#6058 = CARTESIAN_POINT('',(0.,-1.8));
#6059 = ( GEOMETRIC_REPRESENTATION_CONTEXT(2) 
PARAMETRIC_REPRESENTATION_CONTEXT() REPRESENTATION_CONTEXT('2D SPACE',''
  ) );
#6060 = ADVANCED_FACE('',(#6061),#346,.T.);
#6061 = FACE_BOUND('',#6062,.T.);
#6062 = EDGE_LOOP('',(#6063,#6064,#6065,#6088,#6116));
#6063 = ORIENTED_EDGE('',*,*,#330,.F.);
#6064 = ORIENTED_EDGE('',*,*,#3132,.T.);
#6065 = ORIENTED_EDGE('',*,*,#6066,.T.);
#6066 = EDGE_CURVE('',#3133,#6067,#6069,.T.);
#6067 = VERTEX_POINT('',#6068);
#6068 = CARTESIAN_POINT('',(15.868138822163,29.843628638632,68.3));
#6069 = SURFACE_CURVE('',#6070,(#6074,#6081),.PCURVE_S1.);
#6070 = LINE('',#6071,#6072);
#6071 = CARTESIAN_POINT('',(15.868138822163,29.843628638632,66.5));
#6072 = VECTOR('',#6073,1.);
#6073 = DIRECTION('',(0.,0.,1.));
#6074 = PCURVE('',#346,#6075);
#6075 = DEFINITIONAL_REPRESENTATION('',(#6076),#6080);
#6076 = LINE('',#6077,#6078);
#6077 = CARTESIAN_POINT('',(0.,1.8));
#6078 = VECTOR('',#6079,1.);
#6079 = DIRECTION('',(0.,-1.));
#6080 = ( GEOMETRIC_REPRESENTATION_CONTEXT(2) 
PARAMETRIC_REPRESENTATION_CONTEXT() REPRESENTATION_CONTEXT('2D SPACE',''
  ) );
#6081 = PCURVE('',#3169,#6082);
#6082 = DEFINITIONAL_REPRESENTATION('',(#6083),#6087);
#6083 = LINE('',#6084,#6085);
#6084 = CARTESIAN_POINT('',(0.884856660623,0.));
#6085 = VECTOR('',#6086,1.);
#6086 = DIRECTION('',(0.,-1.));
#6087 = ( GEOMETRIC_REPRESENTATION_CONTEXT(2) 
PARAMETRIC_REPRESENTATION_CONTEXT() REPRESENTATION_CONTEXT('2D SPACE',''
  ) );
#6088 = ORIENTED_EDGE('',*,*,#6089,.T.);
#6089 = EDGE_CURVE('',#6067,#6090,#6092,.T.);
#6090 = VERTEX_POINT('',#6091);
#6091 = CARTESIAN_POINT('',(15.868138822163,29.843628638632,69.3));
#6092 = SURFACE_CURVE('',#6093,(#6097,#6104),.PCURVE_S1.);
#6093 = LINE('',#6094,#6095);
#6094 = CARTESIAN_POINT('',(15.868138822163,29.843628638632,68.3));
#6095 = VECTOR('',#6096,1.);
#6096 = DIRECTION('',(0.,0.,1.));
#6097 = PCURVE('',#346,#6098);
#6098 = DEFINITIONAL_REPRESENTATION('',(#6099),#6103);
#6099 = LINE('',#6100,#6101);
#6100 = CARTESIAN_POINT('',(0.,0.));
#6101 = VECTOR('',#6102,1.);
#6102 = DIRECTION('',(0.,-1.));
#6103 = ( GEOMETRIC_REPRESENTATION_CONTEXT(2) 
PARAMETRIC_REPRESENTATION_CONTEXT() REPRESENTATION_CONTEXT('2D SPACE',''
  ) );
#6104 = PCURVE('',#6105,#6110);
#6105 = PLANE('',#6106);
#6106 = AXIS2_PLACEMENT_3D('',#6107,#6108,#6109);
#6107 = CARTESIAN_POINT('',(14.210941773731,30.667395290497,68.3));
#6108 = DIRECTION('',(0.445123648006,0.895469116154,-0.));
#6109 = DIRECTION('',(0.895469116154,-0.445123648006,0.));
#6110 = DEFINITIONAL_REPRESENTATION('',(#6111),#6115);
#6111 = LINE('',#6112,#6113);
#6112 = CARTESIAN_POINT('',(1.850646793437,0.));
#6113 = VECTOR('',#6114,1.);
#6114 = DIRECTION('',(0.,-1.));
#6115 = ( GEOMETRIC_REPRESENTATION_CONTEXT(2) 
PARAMETRIC_REPRESENTATION_CONTEXT() REPRESENTATION_CONTEXT('2D SPACE',''
  ) );
#6116 = ORIENTED_EDGE('',*,*,#6117,.T.);
#6117 = EDGE_CURVE('',#6090,#331,#6118,.T.);
#6118 = SURFACE_CURVE('',#6119,(#6123,#6130),.PCURVE_S1.);
#6119 = LINE('',#6120,#6121);
#6120 = CARTESIAN_POINT('',(15.868138822163,29.843628638632,69.3));
#6121 = VECTOR('',#6122,1.);
#6122 = DIRECTION('',(0.469471562786,0.882947592859,0.));
#6123 = PCURVE('',#346,#6124);
#6124 = DEFINITIONAL_REPRESENTATION('',(#6125),#6129);
#6125 = LINE('',#6126,#6127);
#6126 = CARTESIAN_POINT('',(0.,-1.));
#6127 = VECTOR('',#6128,1.);
#6128 = DIRECTION('',(1.,0.));
#6129 = ( GEOMETRIC_REPRESENTATION_CONTEXT(2) 
PARAMETRIC_REPRESENTATION_CONTEXT() REPRESENTATION_CONTEXT('2D SPACE',''
  ) );
#6130 = PCURVE('',#375,#6131);
#6131 = DEFINITIONAL_REPRESENTATION('',(#6132),#6136);
#6132 = LINE('',#6133,#6134);
#6133 = CARTESIAN_POINT('',(21.273317969172,-1.94497906218));
#6134 = VECTOR('',#6135,1.);
#6135 = DIRECTION('',(0.469471562786,0.882947592859));
#6136 = ( GEOMETRIC_REPRESENTATION_CONTEXT(2) 
PARAMETRIC_REPRESENTATION_CONTEXT() REPRESENTATION_CONTEXT('2D SPACE',''
  ) );
#6137 = ADVANCED_FACE('',(#6138),#402,.T.);
#6138 = FACE_BOUND('',#6139,.T.);
#6139 = EDGE_LOOP('',(#6140,#6141,#6142,#6165));
#6140 = ORIENTED_EDGE('',*,*,#5655,.F.);
#6141 = ORIENTED_EDGE('',*,*,#387,.T.);
#6142 = ORIENTED_EDGE('',*,*,#6143,.T.);
#6143 = EDGE_CURVE('',#359,#6144,#6146,.T.);
#6144 = VERTEX_POINT('',#6145);
#6145 = CARTESIAN_POINT('',(-24.84011331606,22.921796841541,69.3));
#6146 = SURFACE_CURVE('',#6147,(#6151,#6158),.PCURVE_S1.);
#6147 = LINE('',#6148,#6149);
#6148 = CARTESIAN_POINT('',(-26.45692542539,24.413748115251,69.3));
#6149 = VECTOR('',#6150,1.);
#6150 = DIRECTION('',(0.73491459515,-0.678159669868,0.));
#6151 = PCURVE('',#402,#6152);
#6152 = DEFINITIONAL_REPRESENTATION('',(#6153),#6157);
#6153 = LINE('',#6154,#6155);
#6154 = CARTESIAN_POINT('',(0.,-1.));
#6155 = VECTOR('',#6156,1.);
#6156 = DIRECTION('',(1.,0.));
#6157 = ( GEOMETRIC_REPRESENTATION_CONTEXT(2) 
PARAMETRIC_REPRESENTATION_CONTEXT() REPRESENTATION_CONTEXT('2D SPACE',''
  ) );
#6158 = PCURVE('',#375,#6159);
#6159 = DEFINITIONAL_REPRESENTATION('',(#6160),#6164);
#6160 = LINE('',#6161,#6162);
#6161 = CARTESIAN_POINT('',(-21.05174627839,-7.374859585562));
#6162 = VECTOR('',#6163,1.);
#6163 = DIRECTION('',(0.73491459515,-0.678159669868));
#6164 = ( GEOMETRIC_REPRESENTATION_CONTEXT(2) 
PARAMETRIC_REPRESENTATION_CONTEXT() REPRESENTATION_CONTEXT('2D SPACE',''
  ) );
#6165 = ORIENTED_EDGE('',*,*,#6166,.F.);
#6166 = EDGE_CURVE('',#5656,#6144,#6167,.T.);
#6167 = SURFACE_CURVE('',#6168,(#6172,#6179),.PCURVE_S1.);
#6168 = LINE('',#6169,#6170);
#6169 = CARTESIAN_POINT('',(-24.84011331606,22.921796841541,68.3));
#6170 = VECTOR('',#6171,1.);
#6171 = DIRECTION('',(0.,0.,1.));
#6172 = PCURVE('',#402,#6173);
#6173 = DEFINITIONAL_REPRESENTATION('',(#6174),#6178);
#6174 = LINE('',#6175,#6176);
#6175 = CARTESIAN_POINT('',(2.2,0.));
#6176 = VECTOR('',#6177,1.);
#6177 = DIRECTION('',(0.,-1.));
#6178 = ( GEOMETRIC_REPRESENTATION_CONTEXT(2) 
PARAMETRIC_REPRESENTATION_CONTEXT() REPRESENTATION_CONTEXT('2D SPACE',''
  ) );
#6179 = PCURVE('',#5694,#6180);
#6180 = DEFINITIONAL_REPRESENTATION('',(#6181),#6185);
#6181 = LINE('',#6182,#6183);
#6182 = CARTESIAN_POINT('',(0.,0.));
#6183 = VECTOR('',#6184,1.);
#6184 = DIRECTION('',(0.,-1.));
#6185 = ( GEOMETRIC_REPRESENTATION_CONTEXT(2) 
PARAMETRIC_REPRESENTATION_CONTEXT() REPRESENTATION_CONTEXT('2D SPACE',''
  ) );
#6186 = ADVANCED_FACE('',(#6187),#375,.F.);
#6187 = FACE_BOUND('',#6188,.F.);
#6188 = EDGE_LOOP('',(#6189,#6190,#6191,#6192,#6215,#6238,#6261,#6284,
    #6307,#6330,#6353,#6376,#6399,#6422,#6445,#6468,#6491,#6519,#6547,
    #6575,#6603,#6631,#6659,#6687,#6715,#6743,#6771));
#6189 = ORIENTED_EDGE('',*,*,#6117,.T.);
#6190 = ORIENTED_EDGE('',*,*,#358,.T.);
#6191 = ORIENTED_EDGE('',*,*,#6143,.T.);
#6192 = ORIENTED_EDGE('',*,*,#6193,.T.);
#6193 = EDGE_CURVE('',#6144,#6194,#6196,.T.);
#6194 = VERTEX_POINT('',#6195);
#6195 = CARTESIAN_POINT('',(-23.54831589947,24.246996067523,69.3));
#6196 = SURFACE_CURVE('',#6197,(#6201,#6208),.PCURVE_S1.);
#6197 = LINE('',#6198,#6199);
#6198 = CARTESIAN_POINT('',(-24.84011331606,22.921796841541,69.3));
#6199 = VECTOR('',#6200,1.);
#6200 = DIRECTION('',(0.698024831736,0.71607355368,0.));
#6201 = PCURVE('',#375,#6202);
#6202 = DEFINITIONAL_REPRESENTATION('',(#6203),#6207);
#6203 = LINE('',#6204,#6205);
#6204 = CARTESIAN_POINT('',(-19.43493416906,-8.866810859271));
#6205 = VECTOR('',#6206,1.);
#6206 = DIRECTION('',(0.698024831736,0.71607355368));
#6207 = ( GEOMETRIC_REPRESENTATION_CONTEXT(2) 
PARAMETRIC_REPRESENTATION_CONTEXT() REPRESENTATION_CONTEXT('2D SPACE',''
  ) );
#6208 = PCURVE('',#5694,#6209);
#6209 = DEFINITIONAL_REPRESENTATION('',(#6210),#6214);
#6210 = LINE('',#6211,#6212);
#6211 = CARTESIAN_POINT('',(0.,-1.));
#6212 = VECTOR('',#6213,1.);
#6213 = DIRECTION('',(1.,0.));
#6214 = ( GEOMETRIC_REPRESENTATION_CONTEXT(2) 
PARAMETRIC_REPRESENTATION_CONTEXT() REPRESENTATION_CONTEXT('2D SPACE',''
  ) );
#6215 = ORIENTED_EDGE('',*,*,#6216,.T.);
#6216 = EDGE_CURVE('',#6194,#6217,#6219,.T.);
#6217 = VERTEX_POINT('',#6218);
#6218 = CARTESIAN_POINT('',(-22.18592354981,25.499505803871,69.3));
#6219 = SURFACE_CURVE('',#6220,(#6224,#6231),.PCURVE_S1.);
#6220 = LINE('',#6221,#6222);
#6221 = CARTESIAN_POINT('',(-23.54831589947,24.246996067523,69.3));
#6222 = VECTOR('',#6223,1.);
#6223 = DIRECTION('',(0.736170918455,0.67679566992,0.));
#6224 = PCURVE('',#375,#6225);
#6225 = DEFINITIONAL_REPRESENTATION('',(#6226),#6230);
#6226 = LINE('',#6227,#6228);
#6227 = CARTESIAN_POINT('',(-18.14313675246,-7.541611633289));
#6228 = VECTOR('',#6229,1.);
#6229 = DIRECTION('',(0.736170918455,0.67679566992));
#6230 = ( GEOMETRIC_REPRESENTATION_CONTEXT(2) 
PARAMETRIC_REPRESENTATION_CONTEXT() REPRESENTATION_CONTEXT('2D SPACE',''
  ) );
#6231 = PCURVE('',#5722,#6232);
#6232 = DEFINITIONAL_REPRESENTATION('',(#6233),#6237);
#6233 = LINE('',#6234,#6235);
#6234 = CARTESIAN_POINT('',(0.,-1.));
#6235 = VECTOR('',#6236,1.);
#6236 = DIRECTION('',(1.,0.));
#6237 = ( GEOMETRIC_REPRESENTATION_CONTEXT(2) 
PARAMETRIC_REPRESENTATION_CONTEXT() REPRESENTATION_CONTEXT('2D SPACE',''
  ) );
#6238 = ORIENTED_EDGE('',*,*,#6239,.T.);
#6239 = EDGE_CURVE('',#6217,#6240,#6242,.T.);
#6240 = VERTEX_POINT('',#6241);
#6241 = CARTESIAN_POINT('',(-20.75702055053,26.675571181602,69.3));
#6242 = SURFACE_CURVE('',#6243,(#6247,#6254),.PCURVE_S1.);
#6243 = LINE('',#6244,#6245);
#6244 = CARTESIAN_POINT('',(-22.18592354981,25.499505803871,69.3));
#6245 = VECTOR('',#6246,1.);
#6246 = DIRECTION('',(0.772110055982,0.635488836607,0.));
#6247 = PCURVE('',#375,#6248);
#6248 = DEFINITIONAL_REPRESENTATION('',(#6249),#6253);
#6249 = LINE('',#6250,#6251);
#6250 = CARTESIAN_POINT('',(-16.7807444028,-6.289101896941));
#6251 = VECTOR('',#6252,1.);
#6252 = DIRECTION('',(0.772110055982,0.635488836607));
#6253 = ( GEOMETRIC_REPRESENTATION_CONTEXT(2) 
PARAMETRIC_REPRESENTATION_CONTEXT() REPRESENTATION_CONTEXT('2D SPACE',''
  ) );
#6254 = PCURVE('',#5750,#6255);
#6255 = DEFINITIONAL_REPRESENTATION('',(#6256),#6260);
#6256 = LINE('',#6257,#6258);
#6257 = CARTESIAN_POINT('',(0.,-1.));
#6258 = VECTOR('',#6259,1.);
#6259 = DIRECTION('',(1.,0.));
#6260 = ( GEOMETRIC_REPRESENTATION_CONTEXT(2) 
PARAMETRIC_REPRESENTATION_CONTEXT() REPRESENTATION_CONTEXT('2D SPACE',''
  ) );
#6261 = ORIENTED_EDGE('',*,*,#6262,.T.);
#6262 = EDGE_CURVE('',#6240,#6263,#6265,.T.);
#6263 = VERTEX_POINT('',#6264);
#6264 = CARTESIAN_POINT('',(-19.26589057575,27.771666502445,69.3));
#6265 = SURFACE_CURVE('',#6266,(#6270,#6277),.PCURVE_S1.);
#6266 = LINE('',#6267,#6268);
#6267 = CARTESIAN_POINT('',(-20.75702055053,26.675571181602,69.3));
#6268 = VECTOR('',#6269,1.);
#6269 = DIRECTION('',(0.805734503238,0.592276886508,0.));
#6270 = PCURVE('',#375,#6271);
#6271 = DEFINITIONAL_REPRESENTATION('',(#6272),#6276);
#6272 = LINE('',#6273,#6274);
#6273 = CARTESIAN_POINT('',(-15.35184140352,-5.11303651921));
#6274 = VECTOR('',#6275,1.);
#6275 = DIRECTION('',(0.805734503238,0.592276886508));
#6276 = ( GEOMETRIC_REPRESENTATION_CONTEXT(2) 
PARAMETRIC_REPRESENTATION_CONTEXT() REPRESENTATION_CONTEXT('2D SPACE',''
  ) );
#6277 = PCURVE('',#5778,#6278);
#6278 = DEFINITIONAL_REPRESENTATION('',(#6279),#6283);
#6279 = LINE('',#6280,#6281);
#6280 = CARTESIAN_POINT('',(0.,-1.));
#6281 = VECTOR('',#6282,1.);
#6282 = DIRECTION('',(1.,0.));
#6283 = ( GEOMETRIC_REPRESENTATION_CONTEXT(2) 
PARAMETRIC_REPRESENTATION_CONTEXT() REPRESENTATION_CONTEXT('2D SPACE',''
  ) );
#6284 = ORIENTED_EDGE('',*,*,#6285,.T.);
#6285 = EDGE_CURVE('',#6263,#6286,#6288,.T.);
#6286 = VERTEX_POINT('',#6287);
#6287 = CARTESIAN_POINT('',(-17.71700384837,28.784505808452,69.3));
#6288 = SURFACE_CURVE('',#6289,(#6293,#6300),.PCURVE_S1.);
#6289 = LINE('',#6290,#6291);
#6290 = CARTESIAN_POINT('',(-19.26589057575,27.771666502445,69.3));
#6291 = VECTOR('',#6292,1.);
#6292 = DIRECTION('',(0.836943458296,0.547289363696,0.));
#6293 = PCURVE('',#375,#6294);
#6294 = DEFINITIONAL_REPRESENTATION('',(#6295),#6299);
#6295 = LINE('',#6296,#6297);
#6296 = CARTESIAN_POINT('',(-13.86071142874,-4.016941198367));
#6297 = VECTOR('',#6298,1.);
#6298 = DIRECTION('',(0.836943458296,0.547289363696));
#6299 = ( GEOMETRIC_REPRESENTATION_CONTEXT(2) 
PARAMETRIC_REPRESENTATION_CONTEXT() REPRESENTATION_CONTEXT('2D SPACE',''
  ) );
#6300 = PCURVE('',#5806,#6301);
#6301 = DEFINITIONAL_REPRESENTATION('',(#6302),#6306);
#6302 = LINE('',#6303,#6304);
#6303 = CARTESIAN_POINT('',(0.,-1.));
#6304 = VECTOR('',#6305,1.);
#6305 = DIRECTION('',(1.,0.));
#6306 = ( GEOMETRIC_REPRESENTATION_CONTEXT(2) 
PARAMETRIC_REPRESENTATION_CONTEXT() REPRESENTATION_CONTEXT('2D SPACE',''
  ) );
#6307 = ORIENTED_EDGE('',*,*,#6308,.T.);
#6308 = EDGE_CURVE('',#6286,#6309,#6311,.T.);
#6309 = VERTEX_POINT('',#6310);
#6310 = CARTESIAN_POINT('',(-16.11500373886,29.711052732889,69.3));
#6311 = SURFACE_CURVE('',#6312,(#6316,#6323),.PCURVE_S1.);
#6312 = LINE('',#6313,#6314);
#6313 = CARTESIAN_POINT('',(-17.71700384837,28.784505808452,69.3));
#6314 = VECTOR('',#6315,1.);
#6315 = DIRECTION('',(0.865643360577,0.50066113519,0.));
#6316 = PCURVE('',#375,#6317);
#6317 = DEFINITIONAL_REPRESENTATION('',(#6318),#6322);
#6318 = LINE('',#6319,#6320);
#6319 = CARTESIAN_POINT('',(-12.31182470136,-3.00410189236));
#6320 = VECTOR('',#6321,1.);
#6321 = DIRECTION('',(0.865643360577,0.50066113519));
#6322 = ( GEOMETRIC_REPRESENTATION_CONTEXT(2) 
PARAMETRIC_REPRESENTATION_CONTEXT() REPRESENTATION_CONTEXT('2D SPACE',''
  ) );
#6323 = PCURVE('',#5834,#6324);
#6324 = DEFINITIONAL_REPRESENTATION('',(#6325),#6329);
#6325 = LINE('',#6326,#6327);
#6326 = CARTESIAN_POINT('',(0.,-1.));
#6327 = VECTOR('',#6328,1.);
#6328 = DIRECTION('',(1.,0.));
#6329 = ( GEOMETRIC_REPRESENTATION_CONTEXT(2) 
PARAMETRIC_REPRESENTATION_CONTEXT() REPRESENTATION_CONTEXT('2D SPACE',''
  ) );
#6330 = ORIENTED_EDGE('',*,*,#6331,.T.);
#6331 = EDGE_CURVE('',#6309,#6332,#6334,.T.);
#6332 = VERTEX_POINT('',#6333);
#6333 = CARTESIAN_POINT('',(-14.46469284503,30.548529602891,69.3));
#6334 = SURFACE_CURVE('',#6335,(#6339,#6346),.PCURVE_S1.);
#6335 = LINE('',#6336,#6337);
#6336 = CARTESIAN_POINT('',(-16.11500373886,29.711052732889,69.3));
#6337 = VECTOR('',#6338,1.);
#6338 = DIRECTION('',(0.891748171329,0.45253198664,0.));
#6339 = PCURVE('',#375,#6340);
#6340 = DEFINITIONAL_REPRESENTATION('',(#6341),#6345);
#6341 = LINE('',#6342,#6343);
#6342 = CARTESIAN_POINT('',(-10.70982459185,-2.077554967923));
#6343 = VECTOR('',#6344,1.);
#6344 = DIRECTION('',(0.891748171329,0.45253198664));
#6345 = ( GEOMETRIC_REPRESENTATION_CONTEXT(2) 
PARAMETRIC_REPRESENTATION_CONTEXT() REPRESENTATION_CONTEXT('2D SPACE',''
  ) );
#6346 = PCURVE('',#5862,#6347);
#6347 = DEFINITIONAL_REPRESENTATION('',(#6348),#6352);
#6348 = LINE('',#6349,#6350);
#6349 = CARTESIAN_POINT('',(0.,-1.));
#6350 = VECTOR('',#6351,1.);
#6351 = DIRECTION('',(1.,0.));
#6352 = ( GEOMETRIC_REPRESENTATION_CONTEXT(2) 
PARAMETRIC_REPRESENTATION_CONTEXT() REPRESENTATION_CONTEXT('2D SPACE',''
  ) );
#6353 = ORIENTED_EDGE('',*,*,#6354,.T.);
#6354 = EDGE_CURVE('',#6332,#6355,#6357,.T.);
#6355 = VERTEX_POINT('',#6356);
#6356 = CARTESIAN_POINT('',(-12.77101859446,31.294425766578,69.3));
#6357 = SURFACE_CURVE('',#6358,(#6362,#6369),.PCURVE_S1.);
#6358 = LINE('',#6359,#6360);
#6359 = CARTESIAN_POINT('',(-14.46469284503,30.548529602891,69.3));
#6360 = VECTOR('',#6361,1.);
#6361 = DIRECTION('',(0.915179631564,0.403046203269,0.));
#6362 = PCURVE('',#375,#6363);
#6363 = DEFINITIONAL_REPRESENTATION('',(#6364),#6368);
#6364 = LINE('',#6365,#6366);
#6365 = CARTESIAN_POINT('',(-9.059513698029,-1.240078097921));
#6366 = VECTOR('',#6367,1.);
#6367 = DIRECTION('',(0.915179631564,0.403046203269));
#6368 = ( GEOMETRIC_REPRESENTATION_CONTEXT(2) 
PARAMETRIC_REPRESENTATION_CONTEXT() REPRESENTATION_CONTEXT('2D SPACE',''
  ) );
#6369 = PCURVE('',#5890,#6370);
#6370 = DEFINITIONAL_REPRESENTATION('',(#6371),#6375);
#6371 = LINE('',#6372,#6373);
#6372 = CARTESIAN_POINT('',(0.,-1.));
#6373 = VECTOR('',#6374,1.);
#6374 = DIRECTION('',(1.,0.));
#6375 = ( GEOMETRIC_REPRESENTATION_CONTEXT(2) 
PARAMETRIC_REPRESENTATION_CONTEXT() REPRESENTATION_CONTEXT('2D SPACE',''
  ) );
#6376 = ORIENTED_EDGE('',*,*,#6377,.T.);
#6377 = EDGE_CURVE('',#6355,#6378,#6380,.T.);
#6378 = VERTEX_POINT('',#6379);
#6379 = CARTESIAN_POINT('',(-11.03905841267,31.946505119678,69.3));
#6380 = SURFACE_CURVE('',#6381,(#6385,#6392),.PCURVE_S1.);
#6381 = LINE('',#6382,#6383);
#6382 = CARTESIAN_POINT('',(-12.77101859446,31.294425766578,69.3));
#6383 = VECTOR('',#6384,1.);
#6384 = DIRECTION('',(0.93586749667,0.352352137325,0.));
#6385 = PCURVE('',#375,#6386);
#6386 = DEFINITIONAL_REPRESENTATION('',(#6387),#6391);
#6387 = LINE('',#6388,#6389);
#6388 = CARTESIAN_POINT('',(-7.365839447456,-0.494181934234));
#6389 = VECTOR('',#6390,1.);
#6390 = DIRECTION('',(0.93586749667,0.352352137325));
#6391 = ( GEOMETRIC_REPRESENTATION_CONTEXT(2) 
PARAMETRIC_REPRESENTATION_CONTEXT() REPRESENTATION_CONTEXT('2D SPACE',''
  ) );
#6392 = PCURVE('',#5918,#6393);
#6393 = DEFINITIONAL_REPRESENTATION('',(#6394),#6398);
#6394 = LINE('',#6395,#6396);
#6395 = CARTESIAN_POINT('',(0.,-1.));
#6396 = VECTOR('',#6397,1.);
#6397 = DIRECTION('',(1.,0.));
#6398 = ( GEOMETRIC_REPRESENTATION_CONTEXT(2) 
PARAMETRIC_REPRESENTATION_CONTEXT() REPRESENTATION_CONTEXT('2D SPACE',''
  ) );
#6399 = ORIENTED_EDGE('',*,*,#6400,.T.);
#6400 = EDGE_CURVE('',#6378,#6401,#6403,.T.);
#6401 = VERTEX_POINT('',#6402);
#6402 = CARTESIAN_POINT('',(-9.274004501666,32.502812809095,69.3));
#6403 = SURFACE_CURVE('',#6404,(#6408,#6415),.PCURVE_S1.);
#6404 = LINE('',#6405,#6406);
#6405 = CARTESIAN_POINT('',(-11.03905841267,31.946505119678,69.3));
#6406 = VECTOR('',#6407,1.);
#6407 = DIRECTION('',(0.953749746988,0.300601763335,0.));
#6408 = PCURVE('',#375,#6409);
#6409 = DEFINITIONAL_REPRESENTATION('',(#6410),#6414);
#6410 = LINE('',#6411,#6412);
#6411 = CARTESIAN_POINT('',(-5.633879265662,0.157897418866));
#6412 = VECTOR('',#6413,1.);
#6413 = DIRECTION('',(0.953749746988,0.300601763335));
#6414 = ( GEOMETRIC_REPRESENTATION_CONTEXT(2) 
PARAMETRIC_REPRESENTATION_CONTEXT() REPRESENTATION_CONTEXT('2D SPACE',''
  ) );
#6415 = PCURVE('',#5946,#6416);
#6416 = DEFINITIONAL_REPRESENTATION('',(#6417),#6421);
#6417 = LINE('',#6418,#6419);
#6418 = CARTESIAN_POINT('',(0.,-1.));
#6419 = VECTOR('',#6420,1.);
#6420 = DIRECTION('',(1.,0.));
#6421 = ( GEOMETRIC_REPRESENTATION_CONTEXT(2) 
PARAMETRIC_REPRESENTATION_CONTEXT() REPRESENTATION_CONTEXT('2D SPACE',''
  ) );
#6422 = ORIENTED_EDGE('',*,*,#6423,.T.);
#6423 = EDGE_CURVE('',#6401,#6424,#6426,.T.);
#6424 = VERTEX_POINT('',#6425);
#6425 = CARTESIAN_POINT('',(-7.481148274357,32.96168109331,69.3));
#6426 = SURFACE_CURVE('',#6427,(#6431,#6438),.PCURVE_S1.);
#6427 = LINE('',#6428,#6429);
#6428 = CARTESIAN_POINT('',(-9.274004501666,32.502812809095,69.3));
#6429 = VECTOR('',#6430,1.);
#6430 = DIRECTION('',(0.96877277375,0.247950222507,0.));
#6431 = PCURVE('',#375,#6432);
#6432 = DEFINITIONAL_REPRESENTATION('',(#6433),#6437);
#6433 = LINE('',#6434,#6435);
#6434 = CARTESIAN_POINT('',(-3.868825354658,0.714205108283));
#6435 = VECTOR('',#6436,1.);
#6436 = DIRECTION('',(0.96877277375,0.247950222507));
#6437 = ( GEOMETRIC_REPRESENTATION_CONTEXT(2) 
PARAMETRIC_REPRESENTATION_CONTEXT() REPRESENTATION_CONTEXT('2D SPACE',''
  ) );
#6438 = PCURVE('',#5974,#6439);
#6439 = DEFINITIONAL_REPRESENTATION('',(#6440),#6444);
#6440 = LINE('',#6441,#6442);
#6441 = CARTESIAN_POINT('',(0.,-1.));
#6442 = VECTOR('',#6443,1.);
#6443 = DIRECTION('',(1.,0.));
#6444 = ( GEOMETRIC_REPRESENTATION_CONTEXT(2) 
PARAMETRIC_REPRESENTATION_CONTEXT() REPRESENTATION_CONTEXT('2D SPACE',''
  ) );
#6445 = ORIENTED_EDGE('',*,*,#6446,.T.);
#6446 = EDGE_CURVE('',#6424,#6447,#6449,.T.);
#6447 = VERTEX_POINT('',#6448);
#6448 = CARTESIAN_POINT('',(-5.665864491552,33.321734342068,69.3));
#6449 = SURFACE_CURVE('',#6450,(#6454,#6461),.PCURVE_S1.);
#6450 = LINE('',#6451,#6452);
#6451 = CARTESIAN_POINT('',(-7.481148274357,32.96168109331,69.3));
#6452 = VECTOR('',#6453,1.);
#6453 = DIRECTION('',(0.980891539781,0.194555357638,0.));
#6454 = PCURVE('',#375,#6455);
#6455 = DEFINITIONAL_REPRESENTATION('',(#6456),#6460);
#6456 = LINE('',#6457,#6458);
#6457 = CARTESIAN_POINT('',(-2.075969127349,1.173073392498));
#6458 = VECTOR('',#6459,1.);
#6459 = DIRECTION('',(0.980891539781,0.194555357638));
#6460 = ( GEOMETRIC_REPRESENTATION_CONTEXT(2) 
PARAMETRIC_REPRESENTATION_CONTEXT() REPRESENTATION_CONTEXT('2D SPACE',''
  ) );
#6461 = PCURVE('',#6002,#6462);
#6462 = DEFINITIONAL_REPRESENTATION('',(#6463),#6467);
#6463 = LINE('',#6464,#6465);
#6464 = CARTESIAN_POINT('',(0.,-1.));
#6465 = VECTOR('',#6466,1.);
#6466 = DIRECTION('',(1.,0.));
#6467 = ( GEOMETRIC_REPRESENTATION_CONTEXT(2) 
PARAMETRIC_REPRESENTATION_CONTEXT() REPRESENTATION_CONTEXT('2D SPACE',''
  ) );
#6468 = ORIENTED_EDGE('',*,*,#6469,.T.);
#6469 = EDGE_CURVE('',#6447,#6470,#6472,.T.);
#6470 = VERTEX_POINT('',#6471);
#6471 = CARTESIAN_POINT('',(-3.833595149089,33.581893160346,69.3));
#6472 = SURFACE_CURVE('',#6473,(#6477,#6484),.PCURVE_S1.);
#6473 = LINE('',#6474,#6475);
#6474 = CARTESIAN_POINT('',(-5.665864491552,33.321734342068,69.3));
#6475 = VECTOR('',#6476,1.);
#6476 = DIRECTION('',(0.990069714524,0.140577239914,0.));
#6477 = PCURVE('',#375,#6478);
#6478 = DEFINITIONAL_REPRESENTATION('',(#6479),#6483);
#6479 = LINE('',#6480,#6481);
#6480 = CARTESIAN_POINT('',(-0.260685344543,1.533126641256));
#6481 = VECTOR('',#6482,1.);
#6482 = DIRECTION('',(0.990069714524,0.140577239914));
#6483 = ( GEOMETRIC_REPRESENTATION_CONTEXT(2) 
PARAMETRIC_REPRESENTATION_CONTEXT() REPRESENTATION_CONTEXT('2D SPACE',''
  ) );
#6484 = PCURVE('',#6030,#6485);
#6485 = DEFINITIONAL_REPRESENTATION('',(#6486),#6490);
#6486 = LINE('',#6487,#6488);
#6487 = CARTESIAN_POINT('',(0.,-1.));
#6488 = VECTOR('',#6489,1.);
#6489 = DIRECTION('',(1.,0.));
#6490 = ( GEOMETRIC_REPRESENTATION_CONTEXT(2) 
PARAMETRIC_REPRESENTATION_CONTEXT() REPRESENTATION_CONTEXT('2D SPACE',''
  ) );
#6491 = ORIENTED_EDGE('',*,*,#6492,.T.);
#6492 = EDGE_CURVE('',#6470,#6493,#6495,.T.);
#6493 = VERTEX_POINT('',#6494);
#6494 = CARTESIAN_POINT('',(-1.98983316341,33.741377624243,69.3));
#6495 = SURFACE_CURVE('',#6496,(#6500,#6507),.PCURVE_S1.);
#6496 = LINE('',#6497,#6498);
#6497 = CARTESIAN_POINT('',(-3.833595149089,33.581893160346,69.3));
#6498 = VECTOR('',#6499,1.);
#6499 = DIRECTION('',(0.996279782948,8.617768904534E-02,0.));
#6500 = PCURVE('',#375,#6501);
#6501 = DEFINITIONAL_REPRESENTATION('',(#6502),#6506);
#6502 = LINE('',#6503,#6504);
#6503 = CARTESIAN_POINT('',(1.57158399792,1.793285459534));
#6504 = VECTOR('',#6505,1.);
#6505 = DIRECTION('',(0.996279782948,8.617768904534E-02));
#6506 = ( GEOMETRIC_REPRESENTATION_CONTEXT(2) 
PARAMETRIC_REPRESENTATION_CONTEXT() REPRESENTATION_CONTEXT('2D SPACE',''
  ) );
#6507 = PCURVE('',#6508,#6513);
#6508 = PLANE('',#6509);
#6509 = AXIS2_PLACEMENT_3D('',#6510,#6511,#6512);
#6510 = CARTESIAN_POINT('',(-3.833595149089,33.581893160346,68.3));
#6511 = DIRECTION('',(-8.617768904534E-02,0.996279782948,0.));
#6512 = DIRECTION('',(0.996279782948,8.617768904534E-02,0.));
#6513 = DEFINITIONAL_REPRESENTATION('',(#6514),#6518);
#6514 = LINE('',#6515,#6516);
#6515 = CARTESIAN_POINT('',(0.,-1.));
#6516 = VECTOR('',#6517,1.);
#6517 = DIRECTION('',(1.,0.));
#6518 = ( GEOMETRIC_REPRESENTATION_CONTEXT(2) 
PARAMETRIC_REPRESENTATION_CONTEXT() REPRESENTATION_CONTEXT('2D SPACE',''
  ) );
#6519 = ORIENTED_EDGE('',*,*,#6520,.T.);
#6520 = EDGE_CURVE('',#6493,#6521,#6523,.T.);
#6521 = VERTEX_POINT('',#6522);
#6522 = CARTESIAN_POINT('',(-0.140105904479,33.799709619101,69.3));
#6523 = SURFACE_CURVE('',#6524,(#6528,#6535),.PCURVE_S1.);
#6524 = LINE('',#6525,#6526);
#6525 = CARTESIAN_POINT('',(-1.98983316341,33.741377624243,69.3));
#6526 = VECTOR('',#6527,1.);
#6527 = DIRECTION('',(0.999503128037,3.151978814337E-02,0.));
#6528 = PCURVE('',#375,#6529);
#6529 = DEFINITIONAL_REPRESENTATION('',(#6530),#6534);
#6530 = LINE('',#6531,#6532);
#6531 = CARTESIAN_POINT('',(3.415345983598,1.952769923431));
#6532 = VECTOR('',#6533,1.);
#6533 = DIRECTION('',(0.999503128037,3.151978814337E-02));
#6534 = ( GEOMETRIC_REPRESENTATION_CONTEXT(2) 
PARAMETRIC_REPRESENTATION_CONTEXT() REPRESENTATION_CONTEXT('2D SPACE',''
  ) );
#6535 = PCURVE('',#6536,#6541);
#6536 = PLANE('',#6537);
#6537 = AXIS2_PLACEMENT_3D('',#6538,#6539,#6540);
#6538 = CARTESIAN_POINT('',(-1.98983316341,33.741377624243,68.3));
#6539 = DIRECTION('',(-3.151978814337E-02,0.999503128037,0.));
#6540 = DIRECTION('',(0.999503128037,3.151978814337E-02,0.));
#6541 = DEFINITIONAL_REPRESENTATION('',(#6542),#6546);
#6542 = LINE('',#6543,#6544);
#6543 = CARTESIAN_POINT('',(0.,-1.));
#6544 = VECTOR('',#6545,1.);
#6545 = DIRECTION('',(1.,0.));
#6546 = ( GEOMETRIC_REPRESENTATION_CONTEXT(2) 
PARAMETRIC_REPRESENTATION_CONTEXT() REPRESENTATION_CONTEXT('2D SPACE',''
  ) );
#6547 = ORIENTED_EDGE('',*,*,#6548,.T.);
#6548 = EDGE_CURVE('',#6521,#6549,#6551,.T.);
#6549 = VERTEX_POINT('',#6550);
#6550 = CARTESIAN_POINT('',(1.710041374593,33.756714272825,69.3));
#6551 = SURFACE_CURVE('',#6552,(#6556,#6563),.PCURVE_S1.);
#6552 = LINE('',#6553,#6554);
#6553 = CARTESIAN_POINT('',(-0.140105904479,33.799709619101,69.3));
#6554 = VECTOR('',#6555,1.);
#6555 = DIRECTION('',(0.999730086602,-2.323260517767E-02,0.));
#6556 = PCURVE('',#375,#6557);
#6557 = DEFINITIONAL_REPRESENTATION('',(#6558),#6562);
#6558 = LINE('',#6559,#6560);
#6559 = CARTESIAN_POINT('',(5.26507324253,2.011101918289));
#6560 = VECTOR('',#6561,1.);
#6561 = DIRECTION('',(0.999730086602,-2.323260517767E-02));
#6562 = ( GEOMETRIC_REPRESENTATION_CONTEXT(2) 
PARAMETRIC_REPRESENTATION_CONTEXT() REPRESENTATION_CONTEXT('2D SPACE',''
  ) );
#6563 = PCURVE('',#6564,#6569);
#6564 = PLANE('',#6565);
#6565 = AXIS2_PLACEMENT_3D('',#6566,#6567,#6568);
#6566 = CARTESIAN_POINT('',(-0.140105904479,33.799709619101,68.3));
#6567 = DIRECTION('',(2.323260517767E-02,0.999730086602,-0.));
#6568 = DIRECTION('',(0.999730086602,-2.323260517767E-02,0.));
#6569 = DEFINITIONAL_REPRESENTATION('',(#6570),#6574);
#6570 = LINE('',#6571,#6572);
#6571 = CARTESIAN_POINT('',(0.,-1.));
#6572 = VECTOR('',#6573,1.);
#6573 = DIRECTION('',(1.,0.));
#6574 = ( GEOMETRIC_REPRESENTATION_CONTEXT(2) 
PARAMETRIC_REPRESENTATION_CONTEXT() REPRESENTATION_CONTEXT('2D SPACE',''
  ) );
#6575 = ORIENTED_EDGE('',*,*,#6576,.T.);
#6576 = EDGE_CURVE('',#6549,#6577,#6579,.T.);
#6577 = VERTEX_POINT('',#6578);
#6578 = CARTESIAN_POINT('',(3.555062161524,33.612520480138,69.3));
#6579 = SURFACE_CURVE('',#6580,(#6584,#6591),.PCURVE_S1.);
#6580 = LINE('',#6581,#6582);
#6581 = CARTESIAN_POINT('',(1.710041374593,33.756714272825,69.3));
#6582 = VECTOR('',#6583,1.);
#6583 = DIRECTION('',(0.996959978249,-7.791535002726E-02,0.));
#6584 = PCURVE('',#375,#6585);
#6585 = DEFINITIONAL_REPRESENTATION('',(#6586),#6590);
#6586 = LINE('',#6587,#6588);
#6587 = CARTESIAN_POINT('',(7.115220521601,1.968106572013));
#6588 = VECTOR('',#6589,1.);
#6589 = DIRECTION('',(0.996959978249,-7.791535002726E-02));
#6590 = ( GEOMETRIC_REPRESENTATION_CONTEXT(2) 
PARAMETRIC_REPRESENTATION_CONTEXT() REPRESENTATION_CONTEXT('2D SPACE',''
  ) );
#6591 = PCURVE('',#6592,#6597);
#6592 = PLANE('',#6593);
#6593 = AXIS2_PLACEMENT_3D('',#6594,#6595,#6596);
#6594 = CARTESIAN_POINT('',(1.710041374593,33.756714272825,68.3));
#6595 = DIRECTION('',(7.791535002726E-02,0.996959978249,-0.));
#6596 = DIRECTION('',(0.996959978249,-7.791535002726E-02,0.));
#6597 = DEFINITIONAL_REPRESENTATION('',(#6598),#6602);
#6598 = LINE('',#6599,#6600);
#6599 = CARTESIAN_POINT('',(0.,-1.));
#6600 = VECTOR('',#6601,1.);
#6601 = DIRECTION('',(1.,0.));
#6602 = ( GEOMETRIC_REPRESENTATION_CONTEXT(2) 
PARAMETRIC_REPRESENTATION_CONTEXT() REPRESENTATION_CONTEXT('2D SPACE',''
  ) );
#6603 = ORIENTED_EDGE('',*,*,#6604,.T.);
#6604 = EDGE_CURVE('',#6577,#6605,#6607,.T.);
#6605 = VERTEX_POINT('',#6606);
#6606 = CARTESIAN_POINT('',(5.389425312622,33.367560516161,69.3));
#6607 = SURFACE_CURVE('',#6608,(#6612,#6619),.PCURVE_S1.);
#6608 = LINE('',#6609,#6610);
#6609 = CARTESIAN_POINT('',(3.555062161524,33.612520480138,69.3));
#6610 = VECTOR('',#6611,1.);
#6611 = DIRECTION('',(0.99120110742,-0.132364514312,0.));
#6612 = PCURVE('',#375,#6613);
#6613 = DEFINITIONAL_REPRESENTATION('',(#6614),#6618);
#6614 = LINE('',#6615,#6616);
#6615 = CARTESIAN_POINT('',(8.960241308533,1.823912779326));
#6616 = VECTOR('',#6617,1.);
#6617 = DIRECTION('',(0.99120110742,-0.132364514312));
#6618 = ( GEOMETRIC_REPRESENTATION_CONTEXT(2) 
PARAMETRIC_REPRESENTATION_CONTEXT() REPRESENTATION_CONTEXT('2D SPACE',''
  ) );
#6619 = PCURVE('',#6620,#6625);
#6620 = PLANE('',#6621);
#6621 = AXIS2_PLACEMENT_3D('',#6622,#6623,#6624);
#6622 = CARTESIAN_POINT('',(3.555062161524,33.612520480138,68.3));
#6623 = DIRECTION('',(0.132364514312,0.99120110742,-0.));
#6624 = DIRECTION('',(0.99120110742,-0.132364514312,0.));
#6625 = DEFINITIONAL_REPRESENTATION('',(#6626),#6630);
#6626 = LINE('',#6627,#6628);
#6627 = CARTESIAN_POINT('',(0.,-1.));
#6628 = VECTOR('',#6629,1.);
#6629 = DIRECTION('',(1.,0.));
#6630 = ( GEOMETRIC_REPRESENTATION_CONTEXT(2) 
PARAMETRIC_REPRESENTATION_CONTEXT() REPRESENTATION_CONTEXT('2D SPACE',''
  ) );
#6631 = ORIENTED_EDGE('',*,*,#6632,.T.);
#6632 = EDGE_CURVE('',#6605,#6633,#6635,.T.);
#6633 = VERTEX_POINT('',#6634);
#6634 = CARTESIAN_POINT('',(7.207631634466,33.022568740512,69.3));
#6635 = SURFACE_CURVE('',#6636,(#6640,#6647),.PCURVE_S1.);
#6636 = LINE('',#6637,#6638);
#6637 = CARTESIAN_POINT('',(5.389425312622,33.367560516161,69.3));
#6638 = VECTOR('',#6639,1.);
#6639 = DIRECTION('',(0.982470738496,-0.186416866186,0.));
#6640 = PCURVE('',#375,#6641);
#6641 = DEFINITIONAL_REPRESENTATION('',(#6642),#6646);
#6642 = LINE('',#6643,#6644);
#6643 = CARTESIAN_POINT('',(10.794604459631,1.578952815349));
#6644 = VECTOR('',#6645,1.);
#6645 = DIRECTION('',(0.982470738496,-0.186416866186));
#6646 = ( GEOMETRIC_REPRESENTATION_CONTEXT(2) 
PARAMETRIC_REPRESENTATION_CONTEXT() REPRESENTATION_CONTEXT('2D SPACE',''
  ) );
#6647 = PCURVE('',#6648,#6653);
#6648 = PLANE('',#6649);
#6649 = AXIS2_PLACEMENT_3D('',#6650,#6651,#6652);
#6650 = CARTESIAN_POINT('',(5.389425312622,33.367560516161,68.3));
#6651 = DIRECTION('',(0.186416866186,0.982470738496,-0.));
#6652 = DIRECTION('',(0.982470738496,-0.186416866186,0.));
#6653 = DEFINITIONAL_REPRESENTATION('',(#6654),#6658);
#6654 = LINE('',#6655,#6656);
#6655 = CARTESIAN_POINT('',(0.,-1.));
#6656 = VECTOR('',#6657,1.);
#6657 = DIRECTION('',(1.,0.));
#6658 = ( GEOMETRIC_REPRESENTATION_CONTEXT(2) 
PARAMETRIC_REPRESENTATION_CONTEXT() REPRESENTATION_CONTEXT('2D SPACE',''
  ) );
#6659 = ORIENTED_EDGE('',*,*,#6660,.T.);
#6660 = EDGE_CURVE('',#6633,#6661,#6663,.T.);
#6661 = VERTEX_POINT('',#6662);
#6662 = CARTESIAN_POINT('',(9.004230369806,32.578579395785,69.3));
#6663 = SURFACE_CURVE('',#6664,(#6668,#6675),.PCURVE_S1.);
#6664 = LINE('',#6665,#6666);
#6665 = CARTESIAN_POINT('',(7.207631634466,33.022568740512,69.3));
#6666 = VECTOR('',#6667,1.);
#6667 = DIRECTION('',(0.970795044042,-0.239910363394,0.));
#6668 = PCURVE('',#375,#6669);
#6669 = DEFINITIONAL_REPRESENTATION('',(#6670),#6674);
#6670 = LINE('',#6671,#6672);
#6671 = CARTESIAN_POINT('',(12.612810781474,1.2339610397));
#6672 = VECTOR('',#6673,1.);
#6673 = DIRECTION('',(0.970795044042,-0.239910363394));
#6674 = ( GEOMETRIC_REPRESENTATION_CONTEXT(2) 
PARAMETRIC_REPRESENTATION_CONTEXT() REPRESENTATION_CONTEXT('2D SPACE',''
  ) );
#6675 = PCURVE('',#6676,#6681);
#6676 = PLANE('',#6677);
#6677 = AXIS2_PLACEMENT_3D('',#6678,#6679,#6680);
#6678 = CARTESIAN_POINT('',(7.207631634466,33.022568740512,68.3));
#6679 = DIRECTION('',(0.239910363394,0.970795044042,-0.));
#6680 = DIRECTION('',(0.970795044042,-0.239910363394,0.));
#6681 = DEFINITIONAL_REPRESENTATION('',(#6682),#6686);
#6682 = LINE('',#6683,#6684);
#6683 = CARTESIAN_POINT('',(0.,-1.));
#6684 = VECTOR('',#6685,1.);
#6685 = DIRECTION('',(1.,0.));
#6686 = ( GEOMETRIC_REPRESENTATION_CONTEXT(2) 
PARAMETRIC_REPRESENTATION_CONTEXT() REPRESENTATION_CONTEXT('2D SPACE',''
  ) );
#6687 = ORIENTED_EDGE('',*,*,#6688,.T.);
#6688 = EDGE_CURVE('',#6661,#6689,#6691,.T.);
#6689 = VERTEX_POINT('',#6690);
#6690 = CARTESIAN_POINT('',(10.773835538261,32.036923507018,69.3));
#6691 = SURFACE_CURVE('',#6692,(#6696,#6703),.PCURVE_S1.);
#6692 = LINE('',#6693,#6694);
#6693 = CARTESIAN_POINT('',(9.004230369806,32.578579395785,69.3));
#6694 = VECTOR('',#6695,1.);
#6695 = DIRECTION('',(0.956209026342,-0.292684639061,0.));
#6696 = PCURVE('',#375,#6697);
#6697 = DEFINITIONAL_REPRESENTATION('',(#6698),#6702);
#6698 = LINE('',#6699,#6700);
#6699 = CARTESIAN_POINT('',(14.409409516815,0.789971694973));
#6700 = VECTOR('',#6701,1.);
#6701 = DIRECTION('',(0.956209026342,-0.292684639061));
#6702 = ( GEOMETRIC_REPRESENTATION_CONTEXT(2) 
PARAMETRIC_REPRESENTATION_CONTEXT() REPRESENTATION_CONTEXT('2D SPACE',''
  ) );
#6703 = PCURVE('',#6704,#6709);
#6704 = PLANE('',#6705);
#6705 = AXIS2_PLACEMENT_3D('',#6706,#6707,#6708);
#6706 = CARTESIAN_POINT('',(9.004230369806,32.578579395785,68.3));
#6707 = DIRECTION('',(0.292684639061,0.956209026342,-0.));
#6708 = DIRECTION('',(0.956209026342,-0.292684639061,0.));
#6709 = DEFINITIONAL_REPRESENTATION('',(#6710),#6714);
#6710 = LINE('',#6711,#6712);
#6711 = CARTESIAN_POINT('',(0.,-1.));
#6712 = VECTOR('',#6713,1.);
#6713 = DIRECTION('',(1.,0.));
#6714 = ( GEOMETRIC_REPRESENTATION_CONTEXT(2) 
PARAMETRIC_REPRESENTATION_CONTEXT() REPRESENTATION_CONTEXT('2D SPACE',''
  ) );
#6715 = ORIENTED_EDGE('',*,*,#6716,.T.);
#6716 = EDGE_CURVE('',#6689,#6717,#6719,.T.);
#6717 = VERTEX_POINT('',#6718);
#6718 = CARTESIAN_POINT('',(12.511142082816,31.399224891446,69.3));
#6719 = SURFACE_CURVE('',#6720,(#6724,#6731),.PCURVE_S1.);
#6720 = LINE('',#6721,#6722);
#6721 = CARTESIAN_POINT('',(10.773835538261,32.036923507018,69.3));
#6722 = VECTOR('',#6723,1.);
#6723 = DIRECTION('',(0.93875641247,-0.344581482449,0.));
#6724 = PCURVE('',#375,#6725);
#6725 = DEFINITIONAL_REPRESENTATION('',(#6726),#6730);
#6726 = LINE('',#6727,#6728);
#6727 = CARTESIAN_POINT('',(16.179014685269,0.248315806206));
#6728 = VECTOR('',#6729,1.);
#6729 = DIRECTION('',(0.93875641247,-0.344581482449));
#6730 = ( GEOMETRIC_REPRESENTATION_CONTEXT(2) 
PARAMETRIC_REPRESENTATION_CONTEXT() REPRESENTATION_CONTEXT('2D SPACE',''
  ) );
#6731 = PCURVE('',#6732,#6737);
#6732 = PLANE('',#6733);
#6733 = AXIS2_PLACEMENT_3D('',#6734,#6735,#6736);
#6734 = CARTESIAN_POINT('',(10.773835538261,32.036923507018,68.3));
#6735 = DIRECTION('',(0.344581482449,0.93875641247,-0.));
#6736 = DIRECTION('',(0.93875641247,-0.344581482449,0.));
#6737 = DEFINITIONAL_REPRESENTATION('',(#6738),#6742);
#6738 = LINE('',#6739,#6740);
#6739 = CARTESIAN_POINT('',(0.,-1.));
#6740 = VECTOR('',#6741,1.);
#6741 = DIRECTION('',(1.,0.));
#6742 = ( GEOMETRIC_REPRESENTATION_CONTEXT(2) 
PARAMETRIC_REPRESENTATION_CONTEXT() REPRESENTATION_CONTEXT('2D SPACE',''
  ) );
#6743 = ORIENTED_EDGE('',*,*,#6744,.T.);
#6744 = EDGE_CURVE('',#6717,#6745,#6747,.T.);
#6745 = VERTEX_POINT('',#6746);
#6746 = CARTESIAN_POINT('',(14.210941773731,30.667395290497,69.3));
#6747 = SURFACE_CURVE('',#6748,(#6752,#6759),.PCURVE_S1.);
#6748 = LINE('',#6749,#6750);
#6749 = CARTESIAN_POINT('',(12.511142082816,31.399224891446,69.3));
#6750 = VECTOR('',#6751,1.);
#6751 = DIRECTION('',(0.9184895232,-0.395445313251,0.));
#6752 = PCURVE('',#375,#6753);
#6753 = DEFINITIONAL_REPRESENTATION('',(#6754),#6758);
#6754 = LINE('',#6755,#6756);
#6755 = CARTESIAN_POINT('',(17.916321229825,-0.389382809366));
#6756 = VECTOR('',#6757,1.);
#6757 = DIRECTION('',(0.9184895232,-0.395445313251));
#6758 = ( GEOMETRIC_REPRESENTATION_CONTEXT(2) 
PARAMETRIC_REPRESENTATION_CONTEXT() REPRESENTATION_CONTEXT('2D SPACE',''
  ) );
#6759 = PCURVE('',#6760,#6765);
#6760 = PLANE('',#6761);
#6761 = AXIS2_PLACEMENT_3D('',#6762,#6763,#6764);
#6762 = CARTESIAN_POINT('',(12.511142082816,31.399224891446,68.3));
#6763 = DIRECTION('',(0.395445313251,0.9184895232,-0.));
#6764 = DIRECTION('',(0.9184895232,-0.395445313251,0.));
#6765 = DEFINITIONAL_REPRESENTATION('',(#6766),#6770);
#6766 = LINE('',#6767,#6768);
#6767 = CARTESIAN_POINT('',(0.,-1.));
#6768 = VECTOR('',#6769,1.);
#6769 = DIRECTION('',(1.,0.));
#6770 = ( GEOMETRIC_REPRESENTATION_CONTEXT(2) 
PARAMETRIC_REPRESENTATION_CONTEXT() REPRESENTATION_CONTEXT('2D SPACE',''
  ) );
#6771 = ORIENTED_EDGE('',*,*,#6772,.T.);
#6772 = EDGE_CURVE('',#6745,#6090,#6773,.T.);
#6773 = SURFACE_CURVE('',#6774,(#6778,#6785),.PCURVE_S1.);
#6774 = LINE('',#6775,#6776);
#6775 = CARTESIAN_POINT('',(14.210941773731,30.667395290497,69.3));
#6776 = VECTOR('',#6777,1.);
#6777 = DIRECTION('',(0.895469116154,-0.445123648006,0.));
#6778 = PCURVE('',#375,#6779);
#6779 = DEFINITIONAL_REPRESENTATION('',(#6780),#6784);
#6780 = LINE('',#6781,#6782);
#6781 = CARTESIAN_POINT('',(19.61612092074,-1.121212410315));
#6782 = VECTOR('',#6783,1.);
#6783 = DIRECTION('',(0.895469116154,-0.445123648006));
#6784 = ( GEOMETRIC_REPRESENTATION_CONTEXT(2) 
PARAMETRIC_REPRESENTATION_CONTEXT() REPRESENTATION_CONTEXT('2D SPACE',''
  ) );
#6785 = PCURVE('',#6105,#6786);
#6786 = DEFINITIONAL_REPRESENTATION('',(#6787),#6791);
#6787 = LINE('',#6788,#6789);
#6788 = CARTESIAN_POINT('',(0.,-1.));
#6789 = VECTOR('',#6790,1.);
#6790 = DIRECTION('',(1.,0.));
#6791 = ( GEOMETRIC_REPRESENTATION_CONTEXT(2) 
PARAMETRIC_REPRESENTATION_CONTEXT() REPRESENTATION_CONTEXT('2D SPACE',''
  ) );
#6792 = ADVANCED_FACE('',(#6793,#6817,#6843),#813,.T.);
#6793 = FACE_BOUND('',#6794,.T.);
#6794 = EDGE_LOOP('',(#6795,#6796,#6797,#6798));
#6795 = ORIENTED_EDGE('',*,*,#1549,.T.);
#6796 = ORIENTED_EDGE('',*,*,#798,.T.);
#6797 = ORIENTED_EDGE('',*,*,#3994,.T.);
#6798 = ORIENTED_EDGE('',*,*,#6799,.F.);
#6799 = EDGE_CURVE('',#1550,#3919,#6800,.T.);
#6800 = SURFACE_CURVE('',#6801,(#6805,#6811),.PCURVE_S1.);
#6801 = LINE('',#6802,#6803);
#6802 = CARTESIAN_POINT('',(-31.11933506248,12.717841727139,70.5));
#6803 = VECTOR('',#6804,1.);
#6804 = DIRECTION('',(0.258819045103,0.965925826289,-0.));
#6805 = PCURVE('',#813,#6806);
#6806 = DEFINITIONAL_REPRESENTATION('',(#6807),#6810);
#6807 = B_SPLINE_CURVE_WITH_KNOTS('',1,(#6808,#6809),.UNSPECIFIED.,.F.,
  .F.,(2,2),(4.230215193804,5.530215193804),.PIECEWISE_BEZIER_KNOTS.);
#6808 = CARTESIAN_POINT('',(-30.02447480544,16.803915833595));
#6809 = CARTESIAN_POINT('',(-29.6880100468,18.059619407771));
#6810 = ( GEOMETRIC_REPRESENTATION_CONTEXT(2) 
PARAMETRIC_REPRESENTATION_CONTEXT() REPRESENTATION_CONTEXT('2D SPACE',''
  ) );
#6811 = PCURVE('',#1586,#6812);
#6812 = DEFINITIONAL_REPRESENTATION('',(#6813),#6816);
#6813 = B_SPLINE_CURVE_WITH_KNOTS('',1,(#6814,#6815),.UNSPECIFIED.,.F.,
  .F.,(2,2),(4.230215193804,5.530215193804),.PIECEWISE_BEZIER_KNOTS.);
#6814 = CARTESIAN_POINT('',(1.2,0.));
#6815 = CARTESIAN_POINT('',(1.2,-1.3));
#6816 = ( GEOMETRIC_REPRESENTATION_CONTEXT(2) 
PARAMETRIC_REPRESENTATION_CONTEXT() REPRESENTATION_CONTEXT('2D SPACE',''
  ) );
#6817 = FACE_BOUND('',#6818,.T.);
#6818 = EDGE_LOOP('',(#6819));
#6819 = ORIENTED_EDGE('',*,*,#6820,.F.);
#6820 = EDGE_CURVE('',#6821,#6821,#6823,.T.);
#6821 = VERTEX_POINT('',#6822);
#6822 = CARTESIAN_POINT('',(17.4,-4.261770861033E-15,70.5));
#6823 = SURFACE_CURVE('',#6824,(#6829,#6836),.PCURVE_S1.);
#6824 = CIRCLE('',#6825,17.4);
#6825 = AXIS2_PLACEMENT_3D('',#6826,#6827,#6828);
#6826 = CARTESIAN_POINT('',(0.,0.,70.5));
#6827 = DIRECTION('',(0.,0.,1.));
#6828 = DIRECTION('',(1.,0.,-0.));
#6829 = PCURVE('',#813,#6830);
#6830 = DEFINITIONAL_REPRESENTATION('',(#6831),#6835);
#6831 = CIRCLE('',#6832,17.4);
#6832 = AXIS2_PLACEMENT_2D('',#6833,#6834);
#6833 = CARTESIAN_POINT('',(0.,0.));
#6834 = DIRECTION('',(1.,0.));
#6835 = ( GEOMETRIC_REPRESENTATION_CONTEXT(2) 
PARAMETRIC_REPRESENTATION_CONTEXT() REPRESENTATION_CONTEXT('2D SPACE',''
  ) );
#6836 = PCURVE('',#3769,#6837);
#6837 = DEFINITIONAL_REPRESENTATION('',(#6838),#6842);
#6838 = LINE('',#6839,#6840);
#6839 = CARTESIAN_POINT('',(0.,8.));
#6840 = VECTOR('',#6841,1.);
#6841 = DIRECTION('',(1.,0.));
#6842 = ( GEOMETRIC_REPRESENTATION_CONTEXT(2) 
PARAMETRIC_REPRESENTATION_CONTEXT() REPRESENTATION_CONTEXT('2D SPACE',''
  ) );
#6843 = FACE_BOUND('',#6844,.T.);
#6844 = EDGE_LOOP('',(#6845));
#6845 = ORIENTED_EDGE('',*,*,#6846,.F.);
#6846 = EDGE_CURVE('',#6847,#6847,#6849,.T.);
#6847 = VERTEX_POINT('',#6848);
#6848 = CARTESIAN_POINT('',(1.1,32.4,70.5));
#6849 = SURFACE_CURVE('',#6850,(#6855,#6862),.PCURVE_S1.);
#6850 = CIRCLE('',#6851,1.1);
#6851 = AXIS2_PLACEMENT_3D('',#6852,#6853,#6854);
#6852 = CARTESIAN_POINT('',(0.,32.4,70.5));
#6853 = DIRECTION('',(0.,0.,1.));
#6854 = DIRECTION('',(1.,0.,-0.));
#6855 = PCURVE('',#813,#6856);
#6856 = DEFINITIONAL_REPRESENTATION('',(#6857),#6861);
#6857 = CIRCLE('',#6858,1.1);
#6858 = AXIS2_PLACEMENT_2D('',#6859,#6860);
#6859 = CARTESIAN_POINT('',(0.,32.4));
#6860 = DIRECTION('',(1.,0.));
#6861 = ( GEOMETRIC_REPRESENTATION_CONTEXT(2) 
PARAMETRIC_REPRESENTATION_CONTEXT() REPRESENTATION_CONTEXT('2D SPACE',''
  ) );
#6862 = PCURVE('',#6863,#6868);
#6863 = CYLINDRICAL_SURFACE('',#6864,1.1);
#6864 = AXIS2_PLACEMENT_3D('',#6865,#6866,#6867);
#6865 = CARTESIAN_POINT('',(0.,32.4,69.9));
#6866 = DIRECTION('',(0.,0.,1.));
#6867 = DIRECTION('',(1.,0.,-0.));
#6868 = DEFINITIONAL_REPRESENTATION('',(#6869),#6873);
#6869 = LINE('',#6870,#6871);
#6870 = CARTESIAN_POINT('',(0.,0.6));
#6871 = VECTOR('',#6872,1.);
#6872 = DIRECTION('',(1.,0.));
#6873 = ( GEOMETRIC_REPRESENTATION_CONTEXT(2) 
PARAMETRIC_REPRESENTATION_CONTEXT() REPRESENTATION_CONTEXT('2D SPACE',''
  ) );
#6874 = ADVANCED_FACE('',(#6875),#1534,.T.);
#6875 = FACE_BOUND('',#6876,.T.);
#6876 = EDGE_LOOP('',(#6877,#6905,#6926,#6927,#6928,#6956));
#6877 = ORIENTED_EDGE('',*,*,#6878,.F.);
#6878 = EDGE_CURVE('',#6879,#6881,#6883,.T.);
#6879 = VERTEX_POINT('',#6880);
#6880 = CARTESIAN_POINT('',(19.453272502604,-27.640734233,68.31));
#6881 = VERTEX_POINT('',#6882);
#6882 = CARTESIAN_POINT('',(19.432159323523,-27.65474520299,68.31));
#6883 = SURFACE_CURVE('',#6884,(#6888,#6894),.PCURVE_S1.);
#6884 = LINE('',#6885,#6886);
#6885 = CARTESIAN_POINT('',(23.104457383971,-25.21776223031,68.31));
#6886 = VECTOR('',#6887,1.);
#6887 = DIRECTION('',(-0.833222945076,-0.552937178891,0.));
#6888 = PCURVE('',#1534,#6889);
#6889 = DEFINITIONAL_REPRESENTATION('',(#6890),#6893);
#6890 = B_SPLINE_CURVE_WITH_KNOTS('',1,(#6891,#6892),.UNSPECIFIED.,.F.,
  .F.,(2,2),(4.382002323562,6.232649116999),.PIECEWISE_BEZIER_KNOTS.);
#6891 = CARTESIAN_POINT('',(0.,-1.000000000001E-02));
#6892 = CARTESIAN_POINT('',(1.850646793437,-1.000000000001E-02));
#6893 = ( GEOMETRIC_REPRESENTATION_CONTEXT(2) 
PARAMETRIC_REPRESENTATION_CONTEXT() REPRESENTATION_CONTEXT('2D SPACE',''
  ) );
#6894 = PCURVE('',#6895,#6900);
#6895 = PLANE('',#6896);
#6896 = AXIS2_PLACEMENT_3D('',#6897,#6898,#6899);
#6897 = CARTESIAN_POINT('',(26.240310278932,-22.01823467703,68.31));
#6898 = DIRECTION('',(0.,0.,1.));
#6899 = DIRECTION('',(1.,0.,-0.));
#6900 = DEFINITIONAL_REPRESENTATION('',(#6901),#6904);
#6901 = B_SPLINE_CURVE_WITH_KNOTS('',1,(#6902,#6903),.UNSPECIFIED.,.F.,
  .F.,(2,2),(4.382002323562,6.232649116999),.PIECEWISE_BEZIER_KNOTS.);
#6902 = CARTESIAN_POINT('',(-6.787037776328,-5.622499555972));
#6903 = CARTESIAN_POINT('',(-8.32903914785,-6.645790973058));
#6904 = ( GEOMETRIC_REPRESENTATION_CONTEXT(2) 
PARAMETRIC_REPRESENTATION_CONTEXT() REPRESENTATION_CONTEXT('2D SPACE',''
  ) );
#6905 = ORIENTED_EDGE('',*,*,#6906,.T.);
#6906 = EDGE_CURVE('',#6879,#1493,#6907,.T.);
#6907 = SURFACE_CURVE('',#6908,(#6912,#6919),.PCURVE_S1.);
#6908 = LINE('',#6909,#6910);
#6909 = CARTESIAN_POINT('',(19.453272502604,-27.640734233,68.3));
#6910 = VECTOR('',#6911,1.);
#6911 = DIRECTION('',(0.,0.,1.));
#6912 = PCURVE('',#1534,#6913);
#6913 = DEFINITIONAL_REPRESENTATION('',(#6914),#6918);
#6914 = LINE('',#6915,#6916);
#6915 = CARTESIAN_POINT('',(0.,0.));
#6916 = VECTOR('',#6917,1.);
#6917 = DIRECTION('',(0.,-1.));
#6918 = ( GEOMETRIC_REPRESENTATION_CONTEXT(2) 
PARAMETRIC_REPRESENTATION_CONTEXT() REPRESENTATION_CONTEXT('2D SPACE',''
  ) );
#6919 = PCURVE('',#1508,#6920);
#6920 = DEFINITIONAL_REPRESENTATION('',(#6921),#6925);
#6921 = LINE('',#6922,#6923);
#6922 = CARTESIAN_POINT('',(1.850646793437,0.));
#6923 = VECTOR('',#6924,1.);
#6924 = DIRECTION('',(0.,-1.));
#6925 = ( GEOMETRIC_REPRESENTATION_CONTEXT(2) 
PARAMETRIC_REPRESENTATION_CONTEXT() REPRESENTATION_CONTEXT('2D SPACE',''
  ) );
#6926 = ORIENTED_EDGE('',*,*,#1520,.T.);
#6927 = ORIENTED_EDGE('',*,*,#1675,.F.);
#6928 = ORIENTED_EDGE('',*,*,#6929,.F.);
#6929 = EDGE_CURVE('',#6930,#1648,#6932,.T.);
#6930 = VERTEX_POINT('',#6931);
#6931 = CARTESIAN_POINT('',(19.432159323523,-27.65474520299,68.3));
#6932 = SURFACE_CURVE('',#6933,(#6937,#6944),.PCURVE_S1.);
#6933 = LINE('',#6934,#6935);
#6934 = CARTESIAN_POINT('',(19.453272502604,-27.640734233,68.3));
#6935 = VECTOR('',#6936,1.);
#6936 = DIRECTION('',(-0.833222945076,-0.552937178891,0.));
#6937 = PCURVE('',#1534,#6938);
#6938 = DEFINITIONAL_REPRESENTATION('',(#6939),#6943);
#6939 = LINE('',#6940,#6941);
#6940 = CARTESIAN_POINT('',(0.,0.));
#6941 = VECTOR('',#6942,1.);
#6942 = DIRECTION('',(1.,0.));
#6943 = ( GEOMETRIC_REPRESENTATION_CONTEXT(2) 
PARAMETRIC_REPRESENTATION_CONTEXT() REPRESENTATION_CONTEXT('2D SPACE',''
  ) );
#6944 = PCURVE('',#6945,#6950);
#6945 = PLANE('',#6946);
#6946 = AXIS2_PLACEMENT_3D('',#6947,#6948,#6949);
#6947 = CARTESIAN_POINT('',(30.232331393345,-11.21328139709,68.3));
#6948 = DIRECTION('',(0.,0.,1.));
#6949 = DIRECTION('',(1.,0.,-0.));
#6950 = DEFINITIONAL_REPRESENTATION('',(#6951),#6955);
#6951 = LINE('',#6952,#6953);
#6952 = CARTESIAN_POINT('',(-10.77905889074,-16.42745283591));
#6953 = VECTOR('',#6954,1.);
#6954 = DIRECTION('',(-0.833222945076,-0.552937178891));
#6955 = ( GEOMETRIC_REPRESENTATION_CONTEXT(2) 
PARAMETRIC_REPRESENTATION_CONTEXT() REPRESENTATION_CONTEXT('2D SPACE',''
  ) );
#6956 = ORIENTED_EDGE('',*,*,#6957,.T.);
#6957 = EDGE_CURVE('',#6930,#6881,#6958,.T.);
#6958 = SURFACE_CURVE('',#6959,(#6963,#6969),.PCURVE_S1.);
#6959 = LINE('',#6960,#6961);
#6960 = CARTESIAN_POINT('',(19.432159323523,-27.65474520299,67.4));
#6961 = VECTOR('',#6962,1.);
#6962 = DIRECTION('',(0.,0.,1.));
#6963 = PCURVE('',#1534,#6964);
#6964 = DEFINITIONAL_REPRESENTATION('',(#6965),#6968);
#6965 = B_SPLINE_CURVE_WITH_KNOTS('',1,(#6966,#6967),.UNSPECIFIED.,.F.,
  .F.,(2,2),(0.9,0.91),.PIECEWISE_BEZIER_KNOTS.);
#6966 = CARTESIAN_POINT('',(2.53391714747E-02,0.));
#6967 = CARTESIAN_POINT('',(2.53391714747E-02,-1.000000000001E-02));
#6968 = ( GEOMETRIC_REPRESENTATION_CONTEXT(2) 
PARAMETRIC_REPRESENTATION_CONTEXT() REPRESENTATION_CONTEXT('2D SPACE',''
  ) );
#6969 = PCURVE('',#2526,#6970);
#6970 = DEFINITIONAL_REPRESENTATION('',(#6971),#6974);
#6971 = B_SPLINE_CURVE_WITH_KNOTS('',1,(#6972,#6973),.UNSPECIFIED.,.F.,
  .F.,(2,2),(0.9,0.91),.PIECEWISE_BEZIER_KNOTS.);
#6972 = CARTESIAN_POINT('',(0.829069048078,-1.8));
#6973 = CARTESIAN_POINT('',(0.829069048078,-1.81));
#6974 = ( GEOMETRIC_REPRESENTATION_CONTEXT(2) 
PARAMETRIC_REPRESENTATION_CONTEXT() REPRESENTATION_CONTEXT('2D SPACE',''
  ) );
#6975 = ADVANCED_FACE('',(#6976),#1508,.T.);
#6976 = FACE_BOUND('',#6977,.T.);
#6977 = EDGE_LOOP('',(#6978,#7006,#7027,#7028,#7029,#7050,#7071,#7099));
#6978 = ORIENTED_EDGE('',*,*,#6979,.F.);
#6979 = EDGE_CURVE('',#6980,#6982,#6984,.T.);
#6980 = VERTEX_POINT('',#6981);
#6981 = CARTESIAN_POINT('',(20.936955373724,-26.53457931979,68.31));
#6982 = VERTEX_POINT('',#6983);
#6983 = CARTESIAN_POINT('',(20.897969610549,-26.56364502805,68.31));
#6984 = SURFACE_CURVE('',#6985,(#6989,#6995),.PCURVE_S1.);
#6985 = LINE('',#6986,#6987);
#6986 = CARTESIAN_POINT('',(23.723392698073,-24.45716008375,68.31));
#6987 = VECTOR('',#6988,1.);
#6988 = DIRECTION('',(-0.801710448683,-0.597712603575,0.));
#6989 = PCURVE('',#1508,#6990);
#6990 = DEFINITIONAL_REPRESENTATION('',(#6991),#6994);
#6991 = B_SPLINE_CURVE_WITH_KNOTS('',1,(#6992,#6993),.UNSPECIFIED.,.F.,
  .F.,(2,2),(3.475615577826,5.326262371262),.PIECEWISE_BEZIER_KNOTS.);
#6992 = CARTESIAN_POINT('',(0.,-1.000000000001E-02));
#6993 = CARTESIAN_POINT('',(1.850646793437,-1.000000000001E-02));
#6994 = ( GEOMETRIC_REPRESENTATION_CONTEXT(2) 
PARAMETRIC_REPRESENTATION_CONTEXT() REPRESENTATION_CONTEXT('2D SPACE',''
  ) );
#6995 = PCURVE('',#6996,#7001);
#6996 = PLANE('',#6997);
#6997 = AXIS2_PLACEMENT_3D('',#6998,#6999,#7000);
#6998 = CARTESIAN_POINT('',(26.240310278932,-22.01823467703,68.31));
#6999 = DIRECTION('',(0.,0.,1.));
#7000 = DIRECTION('',(1.,0.,-0.));
#7001 = DEFINITIONAL_REPRESENTATION('',(#7002),#7005);
#7002 = B_SPLINE_CURVE_WITH_KNOTS('',1,(#7003,#7004),.UNSPECIFIED.,.F.,
  .F.,(2,2),(3.475615577826,5.326262371262),.PIECEWISE_BEZIER_KNOTS.);
#7003 = CARTESIAN_POINT('',(-5.303354905208,-4.516344642769));
#7004 = CARTESIAN_POINT('',(-6.787037776328,-5.622499555972));
#7005 = ( GEOMETRIC_REPRESENTATION_CONTEXT(2) 
PARAMETRIC_REPRESENTATION_CONTEXT() REPRESENTATION_CONTEXT('2D SPACE',''
  ) );
#7006 = ORIENTED_EDGE('',*,*,#7007,.T.);
#7007 = EDGE_CURVE('',#6980,#1465,#7008,.T.);
#7008 = SURFACE_CURVE('',#7009,(#7013,#7020),.PCURVE_S1.);
#7009 = LINE('',#7010,#7011);
#7010 = CARTESIAN_POINT('',(20.936955373724,-26.53457931979,68.3));
#7011 = VECTOR('',#7012,1.);
#7012 = DIRECTION('',(0.,0.,1.));
#7013 = PCURVE('',#1508,#7014);
#7014 = DEFINITIONAL_REPRESENTATION('',(#7015),#7019);
#7015 = LINE('',#7016,#7017);
#7016 = CARTESIAN_POINT('',(0.,0.));
#7017 = VECTOR('',#7018,1.);
#7018 = DIRECTION('',(0.,-1.));
#7019 = ( GEOMETRIC_REPRESENTATION_CONTEXT(2) 
PARAMETRIC_REPRESENTATION_CONTEXT() REPRESENTATION_CONTEXT('2D SPACE',''
  ) );
#7020 = PCURVE('',#1480,#7021);
#7021 = DEFINITIONAL_REPRESENTATION('',(#7022),#7026);
#7022 = LINE('',#7023,#7024);
#7023 = CARTESIAN_POINT('',(1.850646793437,0.));
#7024 = VECTOR('',#7025,1.);
#7025 = DIRECTION('',(0.,-1.));
#7026 = ( GEOMETRIC_REPRESENTATION_CONTEXT(2) 
PARAMETRIC_REPRESENTATION_CONTEXT() REPRESENTATION_CONTEXT('2D SPACE',''
  ) );
#7027 = ORIENTED_EDGE('',*,*,#1492,.T.);
#7028 = ORIENTED_EDGE('',*,*,#6906,.F.);
#7029 = ORIENTED_EDGE('',*,*,#7030,.F.);
#7030 = EDGE_CURVE('',#7031,#6879,#7033,.T.);
#7031 = VERTEX_POINT('',#7032);
#7032 = CARTESIAN_POINT('',(19.49960217207,-27.60619329942,68.31));
#7033 = SURFACE_CURVE('',#7034,(#7038,#7044),.PCURVE_S1.);
#7034 = LINE('',#7035,#7036);
#7035 = CARTESIAN_POINT('',(23.723392698073,-24.45716008375,68.31));
#7036 = VECTOR('',#7037,1.);
#7037 = DIRECTION('',(-0.801710448683,-0.597712603575,0.));
#7038 = PCURVE('',#1508,#7039);
#7039 = DEFINITIONAL_REPRESENTATION('',(#7040),#7043);
#7040 = B_SPLINE_CURVE_WITH_KNOTS('',1,(#7041,#7042),.UNSPECIFIED.,.F.,
  .F.,(2,2),(3.475615577826,5.326262371262),.PIECEWISE_BEZIER_KNOTS.);
#7041 = CARTESIAN_POINT('',(0.,-1.000000000001E-02));
#7042 = CARTESIAN_POINT('',(1.850646793437,-1.000000000001E-02));
#7043 = ( GEOMETRIC_REPRESENTATION_CONTEXT(2) 
PARAMETRIC_REPRESENTATION_CONTEXT() REPRESENTATION_CONTEXT('2D SPACE',''
  ) );
#7044 = PCURVE('',#6895,#7045);
#7045 = DEFINITIONAL_REPRESENTATION('',(#7046),#7049);
#7046 = B_SPLINE_CURVE_WITH_KNOTS('',1,(#7047,#7048),.UNSPECIFIED.,.F.,
  .F.,(2,2),(3.475615577826,5.326262371262),.PIECEWISE_BEZIER_KNOTS.);
#7047 = CARTESIAN_POINT('',(-5.303354905208,-4.516344642769));
#7048 = CARTESIAN_POINT('',(-6.787037776328,-5.622499555972));
#7049 = ( GEOMETRIC_REPRESENTATION_CONTEXT(2) 
PARAMETRIC_REPRESENTATION_CONTEXT() REPRESENTATION_CONTEXT('2D SPACE',''
  ) );
#7050 = ORIENTED_EDGE('',*,*,#7051,.T.);
#7051 = EDGE_CURVE('',#7031,#7052,#7054,.T.);
#7052 = VERTEX_POINT('',#7053);
#7053 = CARTESIAN_POINT('',(19.49960217207,-27.60619329942,68.3));
#7054 = SURFACE_CURVE('',#7055,(#7059,#7065),.PCURVE_S1.);
#7055 = LINE('',#7056,#7057);
#7056 = CARTESIAN_POINT('',(19.49960217207,-27.60619329942,67.4));
#7057 = VECTOR('',#7058,1.);
#7058 = DIRECTION('',(0.,0.,-1.));
#7059 = PCURVE('',#1508,#7060);
#7060 = DEFINITIONAL_REPRESENTATION('',(#7061),#7064);
#7061 = B_SPLINE_CURVE_WITH_KNOTS('',1,(#7062,#7063),.UNSPECIFIED.,.F.,
  .F.,(2,2),(-0.91,-0.9),.PIECEWISE_BEZIER_KNOTS.);
#7062 = CARTESIAN_POINT('',(1.792858262002,-1.000000000001E-02));
#7063 = CARTESIAN_POINT('',(1.792858262002,0.));
#7064 = ( GEOMETRIC_REPRESENTATION_CONTEXT(2) 
PARAMETRIC_REPRESENTATION_CONTEXT() REPRESENTATION_CONTEXT('2D SPACE',''
  ) );
#7065 = PCURVE('',#2526,#7066);
#7066 = DEFINITIONAL_REPRESENTATION('',(#7067),#7070);
#7067 = B_SPLINE_CURVE_WITH_KNOTS('',1,(#7068,#7069),.UNSPECIFIED.,.F.,
  .F.,(2,2),(-0.91,-0.9),.PIECEWISE_BEZIER_KNOTS.);
#7068 = CARTESIAN_POINT('',(0.7459677535,-1.81));
#7069 = CARTESIAN_POINT('',(0.7459677535,-1.8));
#7070 = ( GEOMETRIC_REPRESENTATION_CONTEXT(2) 
PARAMETRIC_REPRESENTATION_CONTEXT() REPRESENTATION_CONTEXT('2D SPACE',''
  ) );
#7071 = ORIENTED_EDGE('',*,*,#7072,.F.);
#7072 = EDGE_CURVE('',#7073,#7052,#7075,.T.);
#7073 = VERTEX_POINT('',#7074);
#7074 = CARTESIAN_POINT('',(20.897969610549,-26.56364502805,68.3));
#7075 = SURFACE_CURVE('',#7076,(#7080,#7087),.PCURVE_S1.);
#7076 = LINE('',#7077,#7078);
#7077 = CARTESIAN_POINT('',(20.936955373724,-26.53457931979,68.3));
#7078 = VECTOR('',#7079,1.);
#7079 = DIRECTION('',(-0.801710448683,-0.597712603575,0.));
#7080 = PCURVE('',#1508,#7081);
#7081 = DEFINITIONAL_REPRESENTATION('',(#7082),#7086);
#7082 = LINE('',#7083,#7084);
#7083 = CARTESIAN_POINT('',(0.,0.));
#7084 = VECTOR('',#7085,1.);
#7085 = DIRECTION('',(1.,0.));
#7086 = ( GEOMETRIC_REPRESENTATION_CONTEXT(2) 
PARAMETRIC_REPRESENTATION_CONTEXT() REPRESENTATION_CONTEXT('2D SPACE',''
  ) );
#7087 = PCURVE('',#7088,#7093);
#7088 = PLANE('',#7089);
#7089 = AXIS2_PLACEMENT_3D('',#7090,#7091,#7092);
#7090 = CARTESIAN_POINT('',(30.232331393345,-11.21328139709,68.3));
#7091 = DIRECTION('',(0.,0.,1.));
#7092 = DIRECTION('',(1.,0.,-0.));
#7093 = DEFINITIONAL_REPRESENTATION('',(#7094),#7098);
#7094 = LINE('',#7095,#7096);
#7095 = CARTESIAN_POINT('',(-9.295376019621,-15.3212979227));
#7096 = VECTOR('',#7097,1.);
#7097 = DIRECTION('',(-0.801710448683,-0.597712603575));
#7098 = ( GEOMETRIC_REPRESENTATION_CONTEXT(2) 
PARAMETRIC_REPRESENTATION_CONTEXT() REPRESENTATION_CONTEXT('2D SPACE',''
  ) );
#7099 = ORIENTED_EDGE('',*,*,#7100,.T.);
#7100 = EDGE_CURVE('',#7073,#6982,#7101,.T.);
#7101 = SURFACE_CURVE('',#7102,(#7106,#7112),.PCURVE_S1.);
#7102 = LINE('',#7103,#7104);
#7103 = CARTESIAN_POINT('',(20.897969610549,-26.56364502805,67.4));
#7104 = VECTOR('',#7105,1.);
#7105 = DIRECTION('',(0.,0.,1.));
#7106 = PCURVE('',#1508,#7107);
#7107 = DEFINITIONAL_REPRESENTATION('',(#7108),#7111);
#7108 = B_SPLINE_CURVE_WITH_KNOTS('',1,(#7109,#7110),.UNSPECIFIED.,.F.,
  .F.,(2,2),(0.9,0.91),.PIECEWISE_BEZIER_KNOTS.);
#7109 = CARTESIAN_POINT('',(4.862823384605E-02,0.));
#7110 = CARTESIAN_POINT('',(4.862823384605E-02,-1.000000000001E-02));
#7111 = ( GEOMETRIC_REPRESENTATION_CONTEXT(2) 
PARAMETRIC_REPRESENTATION_CONTEXT() REPRESENTATION_CONTEXT('2D SPACE',''
  ) );
#7112 = PCURVE('',#2578,#7113);
#7113 = DEFINITIONAL_REPRESENTATION('',(#7114),#7117);
#7114 = B_SPLINE_CURVE_WITH_KNOTS('',1,(#7115,#7116),.UNSPECIFIED.,.F.,
  .F.,(2,2),(0.9,0.91),.PIECEWISE_BEZIER_KNOTS.);
#7115 = CARTESIAN_POINT('',(0.771235032724,-1.8));
#7116 = CARTESIAN_POINT('',(0.771235032724,-1.81));
#7117 = ( GEOMETRIC_REPRESENTATION_CONTEXT(2) 
PARAMETRIC_REPRESENTATION_CONTEXT() REPRESENTATION_CONTEXT('2D SPACE',''
  ) );
#7118 = ADVANCED_FACE('',(#7119),#1480,.T.);
#7119 = FACE_BOUND('',#7120,.T.);
#7120 = EDGE_LOOP('',(#7121,#7149,#7170,#7171,#7172,#7193,#7214,#7242));
#7121 = ORIENTED_EDGE('',*,*,#7122,.F.);
#7122 = EDGE_CURVE('',#7123,#7125,#7127,.T.);
#7123 = VERTEX_POINT('',#7124);
#7124 = CARTESIAN_POINT('',(22.357871847046,-25.34887702583,68.31));
#7125 = VERTEX_POINT('',#7126);
#7126 = CARTESIAN_POINT('',(22.304568422546,-25.39335676401,68.31));
#7127 = SURFACE_CURVE('',#7128,(#7132,#7138),.PCURVE_S1.);
#7128 = LINE('',#7129,#7130);
#7129 = CARTESIAN_POINT('',(24.321446733573,-23.71034633734,68.31));
#7130 = VECTOR('',#7131,1.);
#7131 = DIRECTION('',(-0.76779452371,-0.64069615994,0.));
#7132 = PCURVE('',#1480,#7133);
#7133 = DEFINITIONAL_REPRESENTATION('',(#7134),#7137);
#7134 = B_SPLINE_CURVE_WITH_KNOTS('',1,(#7135,#7136),.UNSPECIFIED.,.F.,
  .F.,(2,2),(2.557422364828,4.408069158265),.PIECEWISE_BEZIER_KNOTS.);
#7135 = CARTESIAN_POINT('',(0.,-1.000000000001E-02));
#7136 = CARTESIAN_POINT('',(1.850646793437,-1.000000000001E-02));
#7137 = ( GEOMETRIC_REPRESENTATION_CONTEXT(2) 
PARAMETRIC_REPRESENTATION_CONTEXT() REPRESENTATION_CONTEXT('2D SPACE',''
  ) );
#7138 = PCURVE('',#7139,#7144);
#7139 = PLANE('',#7140);
#7140 = AXIS2_PLACEMENT_3D('',#7141,#7142,#7143);
#7141 = CARTESIAN_POINT('',(26.240310278932,-22.01823467703,68.31));
#7142 = DIRECTION('',(0.,0.,1.));
#7143 = DIRECTION('',(1.,0.,-0.));
#7144 = DEFINITIONAL_REPRESENTATION('',(#7145),#7148);
#7145 = B_SPLINE_CURVE_WITH_KNOTS('',1,(#7146,#7147),.UNSPECIFIED.,.F.,
  .F.,(2,2),(2.557422364828,4.408069158265),.PIECEWISE_BEZIER_KNOTS.);
#7146 = CARTESIAN_POINT('',(-3.882438431887,-3.330642348809));
#7147 = CARTESIAN_POINT('',(-5.303354905208,-4.516344642769));
#7148 = ( GEOMETRIC_REPRESENTATION_CONTEXT(2) 
PARAMETRIC_REPRESENTATION_CONTEXT() REPRESENTATION_CONTEXT('2D SPACE',''
  ) );
#7149 = ORIENTED_EDGE('',*,*,#7150,.T.);
#7150 = EDGE_CURVE('',#7123,#1437,#7151,.T.);
#7151 = SURFACE_CURVE('',#7152,(#7156,#7163),.PCURVE_S1.);
#7152 = LINE('',#7153,#7154);
#7153 = CARTESIAN_POINT('',(22.357871847046,-25.34887702583,68.3));
#7154 = VECTOR('',#7155,1.);
#7155 = DIRECTION('',(0.,0.,1.));
#7156 = PCURVE('',#1480,#7157);
#7157 = DEFINITIONAL_REPRESENTATION('',(#7158),#7162);
#7158 = LINE('',#7159,#7160);
#7159 = CARTESIAN_POINT('',(0.,0.));
#7160 = VECTOR('',#7161,1.);
#7161 = DIRECTION('',(0.,-1.));
#7162 = ( GEOMETRIC_REPRESENTATION_CONTEXT(2) 
PARAMETRIC_REPRESENTATION_CONTEXT() REPRESENTATION_CONTEXT('2D SPACE',''
  ) );
#7163 = PCURVE('',#1452,#7164);
#7164 = DEFINITIONAL_REPRESENTATION('',(#7165),#7169);
#7165 = LINE('',#7166,#7167);
#7166 = CARTESIAN_POINT('',(1.850646793437,0.));
#7167 = VECTOR('',#7168,1.);
#7168 = DIRECTION('',(0.,-1.));
#7169 = ( GEOMETRIC_REPRESENTATION_CONTEXT(2) 
PARAMETRIC_REPRESENTATION_CONTEXT() REPRESENTATION_CONTEXT('2D SPACE',''
  ) );
#7170 = ORIENTED_EDGE('',*,*,#1464,.T.);
#7171 = ORIENTED_EDGE('',*,*,#7007,.F.);
#7172 = ORIENTED_EDGE('',*,*,#7173,.F.);
#7173 = EDGE_CURVE('',#7174,#6980,#7176,.T.);
#7174 = VERTEX_POINT('',#7175);
#7175 = CARTESIAN_POINT('',(21.006710718149,-26.47637106234,68.31));
#7176 = SURFACE_CURVE('',#7177,(#7181,#7187),.PCURVE_S1.);
#7177 = LINE('',#7178,#7179);
#7178 = CARTESIAN_POINT('',(24.321446733573,-23.71034633734,68.31));
#7179 = VECTOR('',#7180,1.);
#7180 = DIRECTION('',(-0.76779452371,-0.64069615994,0.));
#7181 = PCURVE('',#1480,#7182);
#7182 = DEFINITIONAL_REPRESENTATION('',(#7183),#7186);
#7183 = B_SPLINE_CURVE_WITH_KNOTS('',1,(#7184,#7185),.UNSPECIFIED.,.F.,
  .F.,(2,2),(2.557422364828,4.408069158265),.PIECEWISE_BEZIER_KNOTS.);
#7184 = CARTESIAN_POINT('',(0.,-1.000000000001E-02));
#7185 = CARTESIAN_POINT('',(1.850646793437,-1.000000000001E-02));
#7186 = ( GEOMETRIC_REPRESENTATION_CONTEXT(2) 
PARAMETRIC_REPRESENTATION_CONTEXT() REPRESENTATION_CONTEXT('2D SPACE',''
  ) );
#7187 = PCURVE('',#6996,#7188);
#7188 = DEFINITIONAL_REPRESENTATION('',(#7189),#7192);
#7189 = B_SPLINE_CURVE_WITH_KNOTS('',1,(#7190,#7191),.UNSPECIFIED.,.F.,
  .F.,(2,2),(2.557422364828,4.408069158265),.PIECEWISE_BEZIER_KNOTS.);
#7190 = CARTESIAN_POINT('',(-3.882438431887,-3.330642348809));
#7191 = CARTESIAN_POINT('',(-5.303354905208,-4.516344642769));
#7192 = ( GEOMETRIC_REPRESENTATION_CONTEXT(2) 
PARAMETRIC_REPRESENTATION_CONTEXT() REPRESENTATION_CONTEXT('2D SPACE',''
  ) );
#7193 = ORIENTED_EDGE('',*,*,#7194,.T.);
#7194 = EDGE_CURVE('',#7174,#7195,#7197,.T.);
#7195 = VERTEX_POINT('',#7196);
#7196 = CARTESIAN_POINT('',(21.006710718149,-26.47637106234,68.3));
#7197 = SURFACE_CURVE('',#7198,(#7202,#7208),.PCURVE_S1.);
#7198 = LINE('',#7199,#7200);
#7199 = CARTESIAN_POINT('',(21.006710718149,-26.47637106234,67.4));
#7200 = VECTOR('',#7201,1.);
#7201 = DIRECTION('',(0.,0.,-1.));
#7202 = PCURVE('',#1480,#7203);
#7203 = DEFINITIONAL_REPRESENTATION('',(#7204),#7207);
#7204 = B_SPLINE_CURVE_WITH_KNOTS('',1,(#7205,#7206),.UNSPECIFIED.,.F.,
  .F.,(2,2),(-0.91,-0.9),.PIECEWISE_BEZIER_KNOTS.);
#7205 = CARTESIAN_POINT('',(1.759795214961,-1.000000000001E-02));
#7206 = CARTESIAN_POINT('',(1.759795214961,0.));
#7207 = ( GEOMETRIC_REPRESENTATION_CONTEXT(2) 
PARAMETRIC_REPRESENTATION_CONTEXT() REPRESENTATION_CONTEXT('2D SPACE',''
  ) );
#7208 = PCURVE('',#2578,#7209);
#7209 = DEFINITIONAL_REPRESENTATION('',(#7210),#7213);
#7210 = B_SPLINE_CURVE_WITH_KNOTS('',1,(#7211,#7212),.UNSPECIFIED.,.F.,
  .F.,(2,2),(-0.91,-0.9),.PIECEWISE_BEZIER_KNOTS.);
#7211 = CARTESIAN_POINT('',(0.631802706582,-1.81));
#7212 = CARTESIAN_POINT('',(0.631802706582,-1.8));
#7213 = ( GEOMETRIC_REPRESENTATION_CONTEXT(2) 
PARAMETRIC_REPRESENTATION_CONTEXT() REPRESENTATION_CONTEXT('2D SPACE',''
  ) );
#7214 = ORIENTED_EDGE('',*,*,#7215,.F.);
#7215 = EDGE_CURVE('',#7216,#7195,#7218,.T.);
#7216 = VERTEX_POINT('',#7217);
#7217 = CARTESIAN_POINT('',(22.304568422546,-25.39335676401,68.3));
#7218 = SURFACE_CURVE('',#7219,(#7223,#7230),.PCURVE_S1.);
#7219 = LINE('',#7220,#7221);
#7220 = CARTESIAN_POINT('',(22.357871847046,-25.34887702583,68.3));
#7221 = VECTOR('',#7222,1.);
#7222 = DIRECTION('',(-0.76779452371,-0.64069615994,0.));
#7223 = PCURVE('',#1480,#7224);
#7224 = DEFINITIONAL_REPRESENTATION('',(#7225),#7229);
#7225 = LINE('',#7226,#7227);
#7226 = CARTESIAN_POINT('',(0.,0.));
#7227 = VECTOR('',#7228,1.);
#7228 = DIRECTION('',(1.,0.));
#7229 = ( GEOMETRIC_REPRESENTATION_CONTEXT(2) 
PARAMETRIC_REPRESENTATION_CONTEXT() REPRESENTATION_CONTEXT('2D SPACE',''
  ) );
#7230 = PCURVE('',#7231,#7236);
#7231 = PLANE('',#7232);
#7232 = AXIS2_PLACEMENT_3D('',#7233,#7234,#7235);
#7233 = CARTESIAN_POINT('',(30.232331393345,-11.21328139709,68.3));
#7234 = DIRECTION('',(0.,0.,1.));
#7235 = DIRECTION('',(1.,0.,-0.));
#7236 = DEFINITIONAL_REPRESENTATION('',(#7237),#7241);
#7237 = LINE('',#7238,#7239);
#7238 = CARTESIAN_POINT('',(-7.874459546299,-14.13559562874));
#7239 = VECTOR('',#7240,1.);
#7240 = DIRECTION('',(-0.76779452371,-0.64069615994));
#7241 = ( GEOMETRIC_REPRESENTATION_CONTEXT(2) 
PARAMETRIC_REPRESENTATION_CONTEXT() REPRESENTATION_CONTEXT('2D SPACE',''
  ) );
#7242 = ORIENTED_EDGE('',*,*,#7243,.T.);
#7243 = EDGE_CURVE('',#7216,#7125,#7244,.T.);
#7244 = SURFACE_CURVE('',#7245,(#7249,#7255),.PCURVE_S1.);
#7245 = LINE('',#7246,#7247);
#7246 = CARTESIAN_POINT('',(22.304568422546,-25.39335676401,67.4));
#7247 = VECTOR('',#7248,1.);
#7248 = DIRECTION('',(0.,0.,1.));
#7249 = PCURVE('',#1480,#7250);
#7250 = DEFINITIONAL_REPRESENTATION('',(#7251),#7254);
#7251 = B_SPLINE_CURVE_WITH_KNOTS('',1,(#7252,#7253),.UNSPECIFIED.,.F.,
  .F.,(2,2),(0.9,0.91),.PIECEWISE_BEZIER_KNOTS.);
#7252 = CARTESIAN_POINT('',(6.942407487105E-02,0.));
#7253 = CARTESIAN_POINT('',(6.942407487105E-02,-1.000000000001E-02));
#7254 = ( GEOMETRIC_REPRESENTATION_CONTEXT(2) 
PARAMETRIC_REPRESENTATION_CONTEXT() REPRESENTATION_CONTEXT('2D SPACE',''
  ) );
#7255 = PCURVE('',#2630,#7256);
#7256 = DEFINITIONAL_REPRESENTATION('',(#7257),#7260);
#7257 = B_SPLINE_CURVE_WITH_KNOTS('',1,(#7258,#7259),.UNSPECIFIED.,.F.,
  .F.,(2,2),(0.9,0.91),.PIECEWISE_BEZIER_KNOTS.);
#7258 = CARTESIAN_POINT('',(0.710911268479,-1.8));
#7259 = CARTESIAN_POINT('',(0.710911268479,-1.81));
#7260 = ( GEOMETRIC_REPRESENTATION_CONTEXT(2) 
PARAMETRIC_REPRESENTATION_CONTEXT() REPRESENTATION_CONTEXT('2D SPACE',''
  ) );
#7261 = ADVANCED_FACE('',(#7262),#1452,.T.);
#7262 = FACE_BOUND('',#7263,.T.);
#7263 = EDGE_LOOP('',(#7264,#7292,#7313,#7314,#7315,#7336,#7357,#7385));
#7264 = ORIENTED_EDGE('',*,*,#7265,.F.);
#7265 = EDGE_CURVE('',#7266,#7268,#7270,.T.);
#7266 = VERTEX_POINT('',#7267);
#7267 = CARTESIAN_POINT('',(23.711762191055,-24.08718193967,68.31));
#7268 = VERTEX_POINT('',#7269);
#7269 = CARTESIAN_POINT('',(23.648008372008,-24.14659434376,68.31));
#7270 = SURFACE_CURVE('',#7271,(#7275,#7281),.PCURVE_S1.);
#7271 = LINE('',#7272,#7273);
#7272 = CARTESIAN_POINT('',(24.904360705561,-22.97579526631,68.31));
#7273 = VECTOR('',#7274,1.);
#7274 = DIRECTION('',(-0.731576845896,-0.681758988609,0.));
#7275 = PCURVE('',#1452,#7276);
#7276 = DEFINITIONAL_REPRESENTATION('',(#7277),#7280);
#7277 = B_SPLINE_CURVE_WITH_KNOTS('',1,(#7278,#7279),.UNSPECIFIED.,.F.,
  .F.,(2,2),(1.630175314045,3.480822107482),.PIECEWISE_BEZIER_KNOTS.);
#7278 = CARTESIAN_POINT('',(0.,-1.000000000001E-02));
#7279 = CARTESIAN_POINT('',(1.850646793437,-1.000000000001E-02));
#7280 = ( GEOMETRIC_REPRESENTATION_CONTEXT(2) 
PARAMETRIC_REPRESENTATION_CONTEXT() REPRESENTATION_CONTEXT('2D SPACE',''
  ) );
#7281 = PCURVE('',#7282,#7287);
#7282 = PLANE('',#7283);
#7283 = AXIS2_PLACEMENT_3D('',#7284,#7285,#7286);
#7284 = CARTESIAN_POINT('',(26.240310278932,-22.01823467703,68.31));
#7285 = DIRECTION('',(0.,0.,1.));
#7286 = DIRECTION('',(1.,0.,-0.));
#7287 = DEFINITIONAL_REPRESENTATION('',(#7288),#7291);
#7288 = B_SPLINE_CURVE_WITH_KNOTS('',1,(#7289,#7290),.UNSPECIFIED.,.F.,
  .F.,(2,2),(1.630175314045,3.480822107482),.PIECEWISE_BEZIER_KNOTS.);
#7289 = CARTESIAN_POINT('',(-2.528548087878,-2.068947262642));
#7290 = CARTESIAN_POINT('',(-3.882438431887,-3.330642348809));
#7291 = ( GEOMETRIC_REPRESENTATION_CONTEXT(2) 
PARAMETRIC_REPRESENTATION_CONTEXT() REPRESENTATION_CONTEXT('2D SPACE',''
  ) );
#7292 = ORIENTED_EDGE('',*,*,#7293,.T.);
#7293 = EDGE_CURVE('',#7266,#1409,#7294,.T.);
#7294 = SURFACE_CURVE('',#7295,(#7299,#7306),.PCURVE_S1.);
#7295 = LINE('',#7296,#7297);
#7296 = CARTESIAN_POINT('',(23.711762191055,-24.08718193967,68.3));
#7297 = VECTOR('',#7298,1.);
#7298 = DIRECTION('',(0.,0.,1.));
#7299 = PCURVE('',#1452,#7300);
#7300 = DEFINITIONAL_REPRESENTATION('',(#7301),#7305);
#7301 = LINE('',#7302,#7303);
#7302 = CARTESIAN_POINT('',(0.,0.));
#7303 = VECTOR('',#7304,1.);
#7304 = DIRECTION('',(0.,-1.));
#7305 = ( GEOMETRIC_REPRESENTATION_CONTEXT(2) 
PARAMETRIC_REPRESENTATION_CONTEXT() REPRESENTATION_CONTEXT('2D SPACE',''
  ) );
#7306 = PCURVE('',#1424,#7307);
#7307 = DEFINITIONAL_REPRESENTATION('',(#7308),#7312);
#7308 = LINE('',#7309,#7310);
#7309 = CARTESIAN_POINT('',(1.850646793437,0.));
#7310 = VECTOR('',#7311,1.);
#7311 = DIRECTION('',(0.,-1.));
#7312 = ( GEOMETRIC_REPRESENTATION_CONTEXT(2) 
PARAMETRIC_REPRESENTATION_CONTEXT() REPRESENTATION_CONTEXT('2D SPACE',''
  ) );
#7313 = ORIENTED_EDGE('',*,*,#1436,.T.);
#7314 = ORIENTED_EDGE('',*,*,#7150,.F.);
#7315 = ORIENTED_EDGE('',*,*,#7316,.F.);
#7316 = EDGE_CURVE('',#7317,#7123,#7319,.T.);
#7317 = VERTEX_POINT('',#7318);
#7318 = CARTESIAN_POINT('',(22.436496178953,-25.27560673946,68.31));
#7319 = SURFACE_CURVE('',#7320,(#7324,#7330),.PCURVE_S1.);
#7320 = LINE('',#7321,#7322);
#7321 = CARTESIAN_POINT('',(24.904360705561,-22.97579526631,68.31));
#7322 = VECTOR('',#7323,1.);
#7323 = DIRECTION('',(-0.731576845896,-0.681758988609,0.));
#7324 = PCURVE('',#1452,#7325);
#7325 = DEFINITIONAL_REPRESENTATION('',(#7326),#7329);
#7326 = B_SPLINE_CURVE_WITH_KNOTS('',1,(#7327,#7328),.UNSPECIFIED.,.F.,
  .F.,(2,2),(1.630175314045,3.480822107482),.PIECEWISE_BEZIER_KNOTS.);
#7327 = CARTESIAN_POINT('',(0.,-1.000000000001E-02));
#7328 = CARTESIAN_POINT('',(1.850646793437,-1.000000000001E-02));
#7329 = ( GEOMETRIC_REPRESENTATION_CONTEXT(2) 
PARAMETRIC_REPRESENTATION_CONTEXT() REPRESENTATION_CONTEXT('2D SPACE',''
  ) );
#7330 = PCURVE('',#7139,#7331);
#7331 = DEFINITIONAL_REPRESENTATION('',(#7332),#7335);
#7332 = B_SPLINE_CURVE_WITH_KNOTS('',1,(#7333,#7334),.UNSPECIFIED.,.F.,
  .F.,(2,2),(1.630175314045,3.480822107482),.PIECEWISE_BEZIER_KNOTS.);
#7333 = CARTESIAN_POINT('',(-2.528548087878,-2.068947262642));
#7334 = CARTESIAN_POINT('',(-3.882438431887,-3.330642348809));
#7335 = ( GEOMETRIC_REPRESENTATION_CONTEXT(2) 
PARAMETRIC_REPRESENTATION_CONTEXT() REPRESENTATION_CONTEXT('2D SPACE',''
  ) );
#7336 = ORIENTED_EDGE('',*,*,#7337,.T.);
#7337 = EDGE_CURVE('',#7317,#7338,#7340,.T.);
#7338 = VERTEX_POINT('',#7339);
#7339 = CARTESIAN_POINT('',(22.436496178953,-25.27560673946,68.3));
#7340 = SURFACE_CURVE('',#7341,(#7345,#7351),.PCURVE_S1.);
#7341 = LINE('',#7342,#7343);
#7342 = CARTESIAN_POINT('',(22.436496178952,-25.27560673946,67.4));
#7343 = VECTOR('',#7344,1.);
#7344 = DIRECTION('',(0.,0.,-1.));
#7345 = PCURVE('',#1452,#7346);
#7346 = DEFINITIONAL_REPRESENTATION('',(#7347),#7350);
#7347 = B_SPLINE_CURVE_WITH_KNOTS('',1,(#7348,#7349),.UNSPECIFIED.,.F.,
  .F.,(2,2),(-0.91,-0.9),.PIECEWISE_BEZIER_KNOTS.);
#7348 = CARTESIAN_POINT('',(1.743174376359,-1.000000000001E-02));
#7349 = CARTESIAN_POINT('',(1.743174376359,0.));
#7350 = ( GEOMETRIC_REPRESENTATION_CONTEXT(2) 
PARAMETRIC_REPRESENTATION_CONTEXT() REPRESENTATION_CONTEXT('2D SPACE',''
  ) );
#7351 = PCURVE('',#2630,#7352);
#7352 = DEFINITIONAL_REPRESENTATION('',(#7353),#7356);
#7353 = B_SPLINE_CURVE_WITH_KNOTS('',1,(#7354,#7355),.UNSPECIFIED.,.F.,
  .F.,(2,2),(-0.91,-0.9),.PIECEWISE_BEZIER_KNOTS.);
#7354 = CARTESIAN_POINT('',(0.53407801032,-1.81));
#7355 = CARTESIAN_POINT('',(0.53407801032,-1.8));
#7356 = ( GEOMETRIC_REPRESENTATION_CONTEXT(2) 
PARAMETRIC_REPRESENTATION_CONTEXT() REPRESENTATION_CONTEXT('2D SPACE',''
  ) );
#7357 = ORIENTED_EDGE('',*,*,#7358,.F.);
#7358 = EDGE_CURVE('',#7359,#7338,#7361,.T.);
#7359 = VERTEX_POINT('',#7360);
#7360 = CARTESIAN_POINT('',(23.648008372008,-24.14659434376,68.3));
#7361 = SURFACE_CURVE('',#7362,(#7366,#7373),.PCURVE_S1.);
#7362 = LINE('',#7363,#7364);
#7363 = CARTESIAN_POINT('',(23.711762191055,-24.08718193967,68.3));
#7364 = VECTOR('',#7365,1.);
#7365 = DIRECTION('',(-0.731576845896,-0.681758988609,0.));
#7366 = PCURVE('',#1452,#7367);
#7367 = DEFINITIONAL_REPRESENTATION('',(#7368),#7372);
#7368 = LINE('',#7369,#7370);
#7369 = CARTESIAN_POINT('',(0.,0.));
#7370 = VECTOR('',#7371,1.);
#7371 = DIRECTION('',(1.,0.));
#7372 = ( GEOMETRIC_REPRESENTATION_CONTEXT(2) 
PARAMETRIC_REPRESENTATION_CONTEXT() REPRESENTATION_CONTEXT('2D SPACE',''
  ) );
#7373 = PCURVE('',#7374,#7379);
#7374 = PLANE('',#7375);
#7375 = AXIS2_PLACEMENT_3D('',#7376,#7377,#7378);
#7376 = CARTESIAN_POINT('',(30.232331393345,-11.21328139709,68.3));
#7377 = DIRECTION('',(0.,0.,1.));
#7378 = DIRECTION('',(1.,0.,-0.));
#7379 = DEFINITIONAL_REPRESENTATION('',(#7380),#7384);
#7380 = LINE('',#7381,#7382);
#7381 = CARTESIAN_POINT('',(-6.52056920229,-12.87390054258));
#7382 = VECTOR('',#7383,1.);
#7383 = DIRECTION('',(-0.731576845896,-0.681758988609));
#7384 = ( GEOMETRIC_REPRESENTATION_CONTEXT(2) 
PARAMETRIC_REPRESENTATION_CONTEXT() REPRESENTATION_CONTEXT('2D SPACE',''
  ) );
#7385 = ORIENTED_EDGE('',*,*,#7386,.T.);
#7386 = EDGE_CURVE('',#7359,#7268,#7387,.T.);
#7387 = SURFACE_CURVE('',#7388,(#7392,#7398),.PCURVE_S1.);
#7388 = LINE('',#7389,#7390);
#7389 = CARTESIAN_POINT('',(23.648008372008,-24.14659434376,67.4));
#7390 = VECTOR('',#7391,1.);
#7391 = DIRECTION('',(0.,0.,1.));
#7392 = PCURVE('',#1452,#7393);
#7393 = DEFINITIONAL_REPRESENTATION('',(#7394),#7397);
#7394 = B_SPLINE_CURVE_WITH_KNOTS('',1,(#7395,#7396),.UNSPECIFIED.,.F.,
  .F.,(2,2),(0.9,0.91),.PIECEWISE_BEZIER_KNOTS.);
#7395 = CARTESIAN_POINT('',(8.714575837729E-02,0.));
#7396 = CARTESIAN_POINT('',(8.714575837729E-02,-1.000000000001E-02));
#7397 = ( GEOMETRIC_REPRESENTATION_CONTEXT(2) 
PARAMETRIC_REPRESENTATION_CONTEXT() REPRESENTATION_CONTEXT('2D SPACE',''
  ) );
#7398 = PCURVE('',#2682,#7399);
#7399 = DEFINITIONAL_REPRESENTATION('',(#7400),#7403);
#7400 = B_SPLINE_CURVE_WITH_KNOTS('',1,(#7401,#7402),.UNSPECIFIED.,.F.,
  .F.,(2,2),(0.9,0.91),.PIECEWISE_BEZIER_KNOTS.);
#7401 = CARTESIAN_POINT('',(0.64751658537,-1.8));
#7402 = CARTESIAN_POINT('',(0.64751658537,-1.81));
#7403 = ( GEOMETRIC_REPRESENTATION_CONTEXT(2) 
PARAMETRIC_REPRESENTATION_CONTEXT() REPRESENTATION_CONTEXT('2D SPACE',''
  ) );
#7404 = ADVANCED_FACE('',(#7405),#1424,.T.);
#7405 = FACE_BOUND('',#7406,.T.);
#7406 = EDGE_LOOP('',(#7407,#7435,#7456,#7457,#7458,#7479,#7500,#7528));
#7407 = ORIENTED_EDGE('',*,*,#7408,.F.);
#7408 = EDGE_CURVE('',#7409,#7411,#7413,.T.);
#7409 = VERTEX_POINT('',#7410);
#7410 = CARTESIAN_POINT('',(24.994567610268,-22.75327646682,68.31));
#7411 = VERTEX_POINT('',#7412);
#7412 = CARTESIAN_POINT('',(24.924546451184,-22.82608689147,68.31));
#7413 = SURFACE_CURVE('',#7414,(#7418,#7424),.PCURVE_S1.);
#7414 = LINE('',#7415,#7416);
#7415 = CARTESIAN_POINT('',(25.477464607522,-22.25114345599,68.31));
#7416 = VECTOR('',#7417,1.);
#7417 = DIRECTION('',(-0.693165991351,-0.720777988311,0.));
#7418 = PCURVE('',#1424,#7419);
#7419 = DEFINITIONAL_REPRESENTATION('',(#7420),#7423);
#7420 = B_SPLINE_CURVE_WITH_KNOTS('',1,(#7421,#7422),.UNSPECIFIED.,.F.,
  .F.,(2,2),(0.696654197233,2.54730099067),.PIECEWISE_BEZIER_KNOTS.);
#7421 = CARTESIAN_POINT('',(0.,-1.000000000001E-02));
#7422 = CARTESIAN_POINT('',(1.850646793437,-1.000000000001E-02));
#7423 = ( GEOMETRIC_REPRESENTATION_CONTEXT(2) 
PARAMETRIC_REPRESENTATION_CONTEXT() REPRESENTATION_CONTEXT('2D SPACE',''
  ) );
#7424 = PCURVE('',#7425,#7430);
#7425 = PLANE('',#7426);
#7426 = AXIS2_PLACEMENT_3D('',#7427,#7428,#7429);
#7427 = CARTESIAN_POINT('',(26.240310278932,-22.01823467703,68.31));
#7428 = DIRECTION('',(0.,0.,1.));
#7429 = DIRECTION('',(1.,0.,-0.));
#7430 = DEFINITIONAL_REPRESENTATION('',(#7431),#7434);
#7431 = B_SPLINE_CURVE_WITH_KNOTS('',1,(#7432,#7433),.UNSPECIFIED.,.F.,
  .F.,(2,2),(0.696654197233,2.54730099067),.PIECEWISE_BEZIER_KNOTS.);
#7432 = CARTESIAN_POINT('',(-1.245742668664,-0.735041789794));
#7433 = CARTESIAN_POINT('',(-2.528548087878,-2.068947262642));
#7434 = ( GEOMETRIC_REPRESENTATION_CONTEXT(2) 
PARAMETRIC_REPRESENTATION_CONTEXT() REPRESENTATION_CONTEXT('2D SPACE',''
  ) );
#7435 = ORIENTED_EDGE('',*,*,#7436,.T.);
#7436 = EDGE_CURVE('',#7409,#1381,#7437,.T.);
#7437 = SURFACE_CURVE('',#7438,(#7442,#7449),.PCURVE_S1.);
#7438 = LINE('',#7439,#7440);
#7439 = CARTESIAN_POINT('',(24.994567610268,-22.75327646682,68.3));
#7440 = VECTOR('',#7441,1.);
#7441 = DIRECTION('',(0.,0.,1.));
#7442 = PCURVE('',#1424,#7443);
#7443 = DEFINITIONAL_REPRESENTATION('',(#7444),#7448);
#7444 = LINE('',#7445,#7446);
#7445 = CARTESIAN_POINT('',(0.,0.));
#7446 = VECTOR('',#7447,1.);
#7447 = DIRECTION('',(0.,-1.));
#7448 = ( GEOMETRIC_REPRESENTATION_CONTEXT(2) 
PARAMETRIC_REPRESENTATION_CONTEXT() REPRESENTATION_CONTEXT('2D SPACE',''
  ) );
#7449 = PCURVE('',#1396,#7450);
#7450 = DEFINITIONAL_REPRESENTATION('',(#7451),#7455);
#7451 = LINE('',#7452,#7453);
#7452 = CARTESIAN_POINT('',(1.850646793437,0.));
#7453 = VECTOR('',#7454,1.);
#7454 = DIRECTION('',(0.,-1.));
#7455 = ( GEOMETRIC_REPRESENTATION_CONTEXT(2) 
PARAMETRIC_REPRESENTATION_CONTEXT() REPRESENTATION_CONTEXT('2D SPACE',''
  ) );
#7456 = ORIENTED_EDGE('',*,*,#1408,.T.);
#7457 = ORIENTED_EDGE('',*,*,#7293,.F.);
#7458 = ORIENTED_EDGE('',*,*,#7459,.F.);
#7459 = EDGE_CURVE('',#7460,#7266,#7462,.T.);
#7460 = VERTEX_POINT('',#7461);
#7461 = CARTESIAN_POINT('',(23.789816727415,-24.00601813129,68.31));
#7462 = SURFACE_CURVE('',#7463,(#7467,#7473),.PCURVE_S1.);
#7463 = LINE('',#7464,#7465);
#7464 = CARTESIAN_POINT('',(25.477464607522,-22.25114345599,68.31));
#7465 = VECTOR('',#7466,1.);
#7466 = DIRECTION('',(-0.693165991351,-0.720777988311,0.));
#7467 = PCURVE('',#1424,#7468);
#7468 = DEFINITIONAL_REPRESENTATION('',(#7469),#7472);
#7469 = B_SPLINE_CURVE_WITH_KNOTS('',1,(#7470,#7471),.UNSPECIFIED.,.F.,
  .F.,(2,2),(0.696654197233,2.54730099067),.PIECEWISE_BEZIER_KNOTS.);
#7470 = CARTESIAN_POINT('',(0.,-1.000000000001E-02));
#7471 = CARTESIAN_POINT('',(1.850646793437,-1.000000000001E-02));
#7472 = ( GEOMETRIC_REPRESENTATION_CONTEXT(2) 
PARAMETRIC_REPRESENTATION_CONTEXT() REPRESENTATION_CONTEXT('2D SPACE',''
  ) );
#7473 = PCURVE('',#7282,#7474);
#7474 = DEFINITIONAL_REPRESENTATION('',(#7475),#7478);
#7475 = B_SPLINE_CURVE_WITH_KNOTS('',1,(#7476,#7477),.UNSPECIFIED.,.F.,
  .F.,(2,2),(0.696654197233,2.54730099067),.PIECEWISE_BEZIER_KNOTS.);
#7476 = CARTESIAN_POINT('',(-1.245742668664,-0.735041789794));
#7477 = CARTESIAN_POINT('',(-2.528548087878,-2.068947262642));
#7478 = ( GEOMETRIC_REPRESENTATION_CONTEXT(2) 
PARAMETRIC_REPRESENTATION_CONTEXT() REPRESENTATION_CONTEXT('2D SPACE',''
  ) );
#7479 = ORIENTED_EDGE('',*,*,#7480,.T.);
#7480 = EDGE_CURVE('',#7460,#7481,#7483,.T.);
#7481 = VERTEX_POINT('',#7482);
#7482 = CARTESIAN_POINT('',(23.789816727415,-24.00601813129,68.3));
#7483 = SURFACE_CURVE('',#7484,(#7488,#7494),.PCURVE_S1.);
#7484 = LINE('',#7485,#7486);
#7485 = CARTESIAN_POINT('',(23.789816727414,-24.00601813129,67.4));
#7486 = VECTOR('',#7487,1.);
#7487 = DIRECTION('',(0.,0.,-1.));
#7488 = PCURVE('',#1424,#7489);
#7489 = DEFINITIONAL_REPRESENTATION('',(#7490),#7493);
#7490 = B_SPLINE_CURVE_WITH_KNOTS('',1,(#7491,#7492),.UNSPECIFIED.,.F.,
  .F.,(2,2),(-0.91,-0.9),.PIECEWISE_BEZIER_KNOTS.);
#7491 = CARTESIAN_POINT('',(1.738040956836,-1.000000000001E-02));
#7492 = CARTESIAN_POINT('',(1.738040956836,0.));
#7493 = ( GEOMETRIC_REPRESENTATION_CONTEXT(2) 
PARAMETRIC_REPRESENTATION_CONTEXT() REPRESENTATION_CONTEXT('2D SPACE',''
  ) );
#7494 = PCURVE('',#2682,#7495);
#7495 = DEFINITIONAL_REPRESENTATION('',(#7496),#7499);
#7496 = B_SPLINE_CURVE_WITH_KNOTS('',1,(#7497,#7498),.UNSPECIFIED.,.F.,
  .F.,(2,2),(-0.91,-0.9),.PIECEWISE_BEZIER_KNOTS.);
#7497 = CARTESIAN_POINT('',(0.447838641732,-1.81));
#7498 = CARTESIAN_POINT('',(0.447838641732,-1.8));
#7499 = ( GEOMETRIC_REPRESENTATION_CONTEXT(2) 
PARAMETRIC_REPRESENTATION_CONTEXT() REPRESENTATION_CONTEXT('2D SPACE',''
  ) );
#7500 = ORIENTED_EDGE('',*,*,#7501,.F.);
#7501 = EDGE_CURVE('',#7502,#7481,#7504,.T.);
#7502 = VERTEX_POINT('',#7503);
#7503 = CARTESIAN_POINT('',(24.924546451184,-22.82608689147,68.3));
#7504 = SURFACE_CURVE('',#7505,(#7509,#7516),.PCURVE_S1.);
#7505 = LINE('',#7506,#7507);
#7506 = CARTESIAN_POINT('',(24.994567610268,-22.75327646682,68.3));
#7507 = VECTOR('',#7508,1.);
#7508 = DIRECTION('',(-0.693165991351,-0.720777988311,0.));
#7509 = PCURVE('',#1424,#7510);
#7510 = DEFINITIONAL_REPRESENTATION('',(#7511),#7515);
#7511 = LINE('',#7512,#7513);
#7512 = CARTESIAN_POINT('',(0.,0.));
#7513 = VECTOR('',#7514,1.);
#7514 = DIRECTION('',(1.,0.));
#7515 = ( GEOMETRIC_REPRESENTATION_CONTEXT(2) 
PARAMETRIC_REPRESENTATION_CONTEXT() REPRESENTATION_CONTEXT('2D SPACE',''
  ) );
#7516 = PCURVE('',#7517,#7522);
#7517 = PLANE('',#7518);
#7518 = AXIS2_PLACEMENT_3D('',#7519,#7520,#7521);
#7519 = CARTESIAN_POINT('',(30.232331393345,-11.21328139709,68.3));
#7520 = DIRECTION('',(0.,0.,1.));
#7521 = DIRECTION('',(1.,0.,-0.));
#7522 = DEFINITIONAL_REPRESENTATION('',(#7523),#7527);
#7523 = LINE('',#7524,#7525);
#7524 = CARTESIAN_POINT('',(-5.237763783077,-11.53999506973));
#7525 = VECTOR('',#7526,1.);
#7526 = DIRECTION('',(-0.693165991351,-0.720777988311));
#7527 = ( GEOMETRIC_REPRESENTATION_CONTEXT(2) 
PARAMETRIC_REPRESENTATION_CONTEXT() REPRESENTATION_CONTEXT('2D SPACE',''
  ) );
#7528 = ORIENTED_EDGE('',*,*,#7529,.T.);
#7529 = EDGE_CURVE('',#7502,#7411,#7530,.T.);
#7530 = SURFACE_CURVE('',#7531,(#7535,#7541),.PCURVE_S1.);
#7531 = LINE('',#7532,#7533);
#7532 = CARTESIAN_POINT('',(24.924546451184,-22.82608689147,67.4));
#7533 = VECTOR('',#7534,1.);
#7534 = DIRECTION('',(0.,0.,1.));
#7535 = PCURVE('',#1424,#7536);
#7536 = DEFINITIONAL_REPRESENTATION('',(#7537),#7540);
#7537 = B_SPLINE_CURVE_WITH_KNOTS('',1,(#7538,#7539),.UNSPECIFIED.,.F.,
  .F.,(2,2),(0.9,0.91),.PIECEWISE_BEZIER_KNOTS.);
#7538 = CARTESIAN_POINT('',(0.101016437561,0.));
#7539 = CARTESIAN_POINT('',(0.101016437561,-1.000000000001E-02));
#7540 = ( GEOMETRIC_REPRESENTATION_CONTEXT(2) 
PARAMETRIC_REPRESENTATION_CONTEXT() REPRESENTATION_CONTEXT('2D SPACE',''
  ) );
#7541 = PCURVE('',#2734,#7542);
#7542 = DEFINITIONAL_REPRESENTATION('',(#7543),#7546);
#7543 = B_SPLINE_CURVE_WITH_KNOTS('',1,(#7544,#7545),.UNSPECIFIED.,.F.,
  .F.,(2,2),(0.9,0.91),.PIECEWISE_BEZIER_KNOTS.);
#7544 = CARTESIAN_POINT('',(0.580273902831,-1.8));
#7545 = CARTESIAN_POINT('',(0.580273902831,-1.81));
#7546 = ( GEOMETRIC_REPRESENTATION_CONTEXT(2) 
PARAMETRIC_REPRESENTATION_CONTEXT() REPRESENTATION_CONTEXT('2D SPACE',''
  ) );
#7547 = ADVANCED_FACE('',(#7548),#1396,.T.);
#7548 = FACE_BOUND('',#7549,.T.);
#7549 = EDGE_LOOP('',(#7550,#7578,#7599,#7600,#7601,#7622,#7643,#7671));
#7550 = ORIENTED_EDGE('',*,*,#7551,.F.);
#7551 = EDGE_CURVE('',#7552,#7554,#7556,.T.);
#7552 = VERTEX_POINT('',#7553);
#7553 = CARTESIAN_POINT('',(26.202442412999,-21.35115949061,68.31));
#7554 = VERTEX_POINT('',#7555);
#7555 = CARTESIAN_POINT('',(26.130665431065,-21.43447915639,68.31));
#7556 = SURFACE_CURVE('',#7557,(#7561,#7567),.PCURVE_S1.);
#7557 = LINE('',#7558,#7559);
#7558 = CARTESIAN_POINT('',(26.045576426454,-21.53325159339,68.31));
#7559 = VECTOR('',#7560,1.);
#7560 = DIRECTION('',(-0.652677111059,-0.75763618492,0.));
#7561 = PCURVE('',#1396,#7562);
#7562 = DEFINITIONAL_REPRESENTATION('',(#7563),#7566);
#7563 = B_SPLINE_CURVE_WITH_KNOTS('',1,(#7564,#7565),.UNSPECIFIED.,.F.,
  .F.,(2,2),(-0.240342404977,1.61030438846),.PIECEWISE_BEZIER_KNOTS.);
#7564 = CARTESIAN_POINT('',(0.,-1.000000000001E-02));
#7565 = CARTESIAN_POINT('',(1.850646793437,-1.000000000001E-02));
#7566 = ( GEOMETRIC_REPRESENTATION_CONTEXT(2) 
PARAMETRIC_REPRESENTATION_CONTEXT() REPRESENTATION_CONTEXT('2D SPACE',''
  ) );
#7567 = PCURVE('',#7568,#7573);
#7568 = PLANE('',#7569);
#7569 = AXIS2_PLACEMENT_3D('',#7570,#7571,#7572);
#7570 = CARTESIAN_POINT('',(26.240310278932,-22.01823467703,68.31));
#7571 = DIRECTION('',(0.,0.,1.));
#7572 = DIRECTION('',(1.,0.,-0.));
#7573 = DEFINITIONAL_REPRESENTATION('',(#7574),#7577);
#7574 = B_SPLINE_CURVE_WITH_KNOTS('',1,(#7575,#7576),.UNSPECIFIED.,.F.,
  .F.,(2,2),(-0.240342404977,1.61030438846),.PIECEWISE_BEZIER_KNOTS.);
#7575 = CARTESIAN_POINT('',(-3.786786593347E-02,0.667075186419));
#7576 = CARTESIAN_POINT('',(-1.245742668664,-0.735041789794));
#7577 = ( GEOMETRIC_REPRESENTATION_CONTEXT(2) 
PARAMETRIC_REPRESENTATION_CONTEXT() REPRESENTATION_CONTEXT('2D SPACE',''
  ) );
#7578 = ORIENTED_EDGE('',*,*,#7579,.T.);
#7579 = EDGE_CURVE('',#7552,#1353,#7580,.T.);
#7580 = SURFACE_CURVE('',#7581,(#7585,#7592),.PCURVE_S1.);
#7581 = LINE('',#7582,#7583);
#7582 = CARTESIAN_POINT('',(26.202442412999,-21.35115949061,68.3));
#7583 = VECTOR('',#7584,1.);
#7584 = DIRECTION('',(0.,0.,1.));
#7585 = PCURVE('',#1396,#7586);
#7586 = DEFINITIONAL_REPRESENTATION('',(#7587),#7591);
#7587 = LINE('',#7588,#7589);
#7588 = CARTESIAN_POINT('',(0.,0.));
#7589 = VECTOR('',#7590,1.);
#7590 = DIRECTION('',(0.,-1.));
#7591 = ( GEOMETRIC_REPRESENTATION_CONTEXT(2) 
PARAMETRIC_REPRESENTATION_CONTEXT() REPRESENTATION_CONTEXT('2D SPACE',''
  ) );
#7592 = PCURVE('',#1368,#7593);
#7593 = DEFINITIONAL_REPRESENTATION('',(#7594),#7598);
#7594 = LINE('',#7595,#7596);
#7595 = CARTESIAN_POINT('',(1.850646793437,0.));
#7596 = VECTOR('',#7597,1.);
#7597 = DIRECTION('',(0.,-1.));
#7598 = ( GEOMETRIC_REPRESENTATION_CONTEXT(2) 
PARAMETRIC_REPRESENTATION_CONTEXT() REPRESENTATION_CONTEXT('2D SPACE',''
  ) );
#7599 = ORIENTED_EDGE('',*,*,#1380,.T.);
#7600 = ORIENTED_EDGE('',*,*,#7436,.F.);
#7601 = ORIENTED_EDGE('',*,*,#7602,.F.);
#7602 = EDGE_CURVE('',#7603,#7409,#7605,.T.);
#7603 = VERTEX_POINT('',#7604);
#7604 = CARTESIAN_POINT('',(25.065968767099,-22.67039306377,68.31));
#7605 = SURFACE_CURVE('',#7606,(#7610,#7616),.PCURVE_S1.);
#7606 = LINE('',#7607,#7608);
#7607 = CARTESIAN_POINT('',(26.045576426454,-21.53325159339,68.31));
#7608 = VECTOR('',#7609,1.);
#7609 = DIRECTION('',(-0.652677111059,-0.75763618492,0.));
#7610 = PCURVE('',#1396,#7611);
#7611 = DEFINITIONAL_REPRESENTATION('',(#7612),#7615);
#7612 = B_SPLINE_CURVE_WITH_KNOTS('',1,(#7613,#7614),.UNSPECIFIED.,.F.,
  .F.,(2,2),(-0.240342404977,1.61030438846),.PIECEWISE_BEZIER_KNOTS.);
#7613 = CARTESIAN_POINT('',(0.,-1.000000000001E-02));
#7614 = CARTESIAN_POINT('',(1.850646793437,-1.000000000001E-02));
#7615 = ( GEOMETRIC_REPRESENTATION_CONTEXT(2) 
PARAMETRIC_REPRESENTATION_CONTEXT() REPRESENTATION_CONTEXT('2D SPACE',''
  ) );
#7616 = PCURVE('',#7425,#7617);
#7617 = DEFINITIONAL_REPRESENTATION('',(#7618),#7621);
#7618 = B_SPLINE_CURVE_WITH_KNOTS('',1,(#7619,#7620),.UNSPECIFIED.,.F.,
  .F.,(2,2),(-0.240342404977,1.61030438846),.PIECEWISE_BEZIER_KNOTS.);
#7619 = CARTESIAN_POINT('',(-3.786786593347E-02,0.667075186419));
#7620 = CARTESIAN_POINT('',(-1.245742668664,-0.735041789794));
#7621 = ( GEOMETRIC_REPRESENTATION_CONTEXT(2) 
PARAMETRIC_REPRESENTATION_CONTEXT() REPRESENTATION_CONTEXT('2D SPACE',''
  ) );
#7622 = ORIENTED_EDGE('',*,*,#7623,.T.);
#7623 = EDGE_CURVE('',#7603,#7624,#7626,.T.);
#7624 = VERTEX_POINT('',#7625);
#7625 = CARTESIAN_POINT('',(25.065968767099,-22.67039306377,68.3));
#7626 = SURFACE_CURVE('',#7627,(#7631,#7637),.PCURVE_S1.);
#7627 = LINE('',#7628,#7629);
#7628 = CARTESIAN_POINT('',(25.065968767099,-22.67039306377,67.4));
#7629 = VECTOR('',#7630,1.);
#7630 = DIRECTION('',(0.,0.,-1.));
#7631 = PCURVE('',#1396,#7632);
#7632 = DEFINITIONAL_REPRESENTATION('',(#7633),#7636);
#7633 = B_SPLINE_CURVE_WITH_KNOTS('',1,(#7634,#7635),.UNSPECIFIED.,.F.,
  .F.,(2,2),(-0.91,-0.9),.PIECEWISE_BEZIER_KNOTS.);
#7634 = CARTESIAN_POINT('',(1.741249427388,-1.000000000001E-02));
#7635 = CARTESIAN_POINT('',(1.741249427388,0.));
#7636 = ( GEOMETRIC_REPRESENTATION_CONTEXT(2) 
PARAMETRIC_REPRESENTATION_CONTEXT() REPRESENTATION_CONTEXT('2D SPACE',''
  ) );
#7637 = PCURVE('',#2734,#7638);
#7638 = DEFINITIONAL_REPRESENTATION('',(#7639),#7642);
#7639 = B_SPLINE_CURVE_WITH_KNOTS('',1,(#7640,#7641),.UNSPECIFIED.,.F.,
  .F.,(2,2),(-0.91,-0.9),.PIECEWISE_BEZIER_KNOTS.);
#7640 = CARTESIAN_POINT('',(0.369938838174,-1.81));
#7641 = CARTESIAN_POINT('',(0.369938838174,-1.8));
#7642 = ( GEOMETRIC_REPRESENTATION_CONTEXT(2) 
PARAMETRIC_REPRESENTATION_CONTEXT() REPRESENTATION_CONTEXT('2D SPACE',''
  ) );
#7643 = ORIENTED_EDGE('',*,*,#7644,.F.);
#7644 = EDGE_CURVE('',#7645,#7624,#7647,.T.);
#7645 = VERTEX_POINT('',#7646);
#7646 = CARTESIAN_POINT('',(26.130665431065,-21.43447915639,68.3));
#7647 = SURFACE_CURVE('',#7648,(#7652,#7659),.PCURVE_S1.);
#7648 = LINE('',#7649,#7650);
#7649 = CARTESIAN_POINT('',(26.202442412999,-21.35115949061,68.3));
#7650 = VECTOR('',#7651,1.);
#7651 = DIRECTION('',(-0.652677111059,-0.75763618492,0.));
#7652 = PCURVE('',#1396,#7653);
#7653 = DEFINITIONAL_REPRESENTATION('',(#7654),#7658);
#7654 = LINE('',#7655,#7656);
#7655 = CARTESIAN_POINT('',(0.,0.));
#7656 = VECTOR('',#7657,1.);
#7657 = DIRECTION('',(1.,0.));
#7658 = ( GEOMETRIC_REPRESENTATION_CONTEXT(2) 
PARAMETRIC_REPRESENTATION_CONTEXT() REPRESENTATION_CONTEXT('2D SPACE',''
  ) );
#7659 = PCURVE('',#7660,#7665);
#7660 = PLANE('',#7661);
#7661 = AXIS2_PLACEMENT_3D('',#7662,#7663,#7664);
#7662 = CARTESIAN_POINT('',(30.232331393345,-11.21328139709,68.3));
#7663 = DIRECTION('',(0.,0.,1.));
#7664 = DIRECTION('',(1.,0.,-0.));
#7665 = DEFINITIONAL_REPRESENTATION('',(#7666),#7670);
#7666 = LINE('',#7667,#7668);
#7667 = CARTESIAN_POINT('',(-4.029888980346,-10.13787809351));
#7668 = VECTOR('',#7669,1.);
#7669 = DIRECTION('',(-0.652677111059,-0.75763618492));
#7670 = ( GEOMETRIC_REPRESENTATION_CONTEXT(2) 
PARAMETRIC_REPRESENTATION_CONTEXT() REPRESENTATION_CONTEXT('2D SPACE',''
  ) );
#7671 = ORIENTED_EDGE('',*,*,#7672,.T.);
#7672 = EDGE_CURVE('',#7645,#7554,#7673,.T.);
#7673 = SURFACE_CURVE('',#7674,(#7678,#7684),.PCURVE_S1.);
#7674 = LINE('',#7675,#7676);
#7675 = CARTESIAN_POINT('',(26.130665431065,-21.43447915639,67.4));
#7676 = VECTOR('',#7677,1.);
#7677 = DIRECTION('',(0.,0.,1.));
#7678 = PCURVE('',#1396,#7679);
#7679 = DEFINITIONAL_REPRESENTATION('',(#7680),#7683);
#7680 = B_SPLINE_CURVE_WITH_KNOTS('',1,(#7681,#7682),.UNSPECIFIED.,.F.,
  .F.,(2,2),(0.9,0.91),.PIECEWISE_BEZIER_KNOTS.);
#7681 = CARTESIAN_POINT('',(0.109973186921,0.));
#7682 = CARTESIAN_POINT('',(0.109973186921,-1.000000000001E-02));
#7683 = ( GEOMETRIC_REPRESENTATION_CONTEXT(2) 
PARAMETRIC_REPRESENTATION_CONTEXT() REPRESENTATION_CONTEXT('2D SPACE',''
  ) );
#7684 = PCURVE('',#2786,#7685);
#7685 = DEFINITIONAL_REPRESENTATION('',(#7686),#7689);
#7686 = B_SPLINE_CURVE_WITH_KNOTS('',1,(#7687,#7688),.UNSPECIFIED.,.F.,
  .F.,(2,2),(0.9,0.91),.PIECEWISE_BEZIER_KNOTS.);
#7687 = CARTESIAN_POINT('',(0.508120061635,-1.8));
#7688 = CARTESIAN_POINT('',(0.508120061635,-1.81));
#7689 = ( GEOMETRIC_REPRESENTATION_CONTEXT(2) 
PARAMETRIC_REPRESENTATION_CONTEXT() REPRESENTATION_CONTEXT('2D SPACE',''
  ) );
#7690 = ADVANCED_FACE('',(#7691),#1368,.T.);
#7691 = FACE_BOUND('',#7692,.T.);
#7692 = EDGE_LOOP('',(#7693,#7721,#7742,#7743,#7744,#7765,#7786,#7814));
#7693 = ORIENTED_EDGE('',*,*,#7694,.F.);
#7694 = EDGE_CURVE('',#7695,#7697,#7699,.T.);
#7695 = VERTEX_POINT('',#7696);
#7696 = CARTESIAN_POINT('',(27.331765540262,-19.88503438398,68.31));
#7697 = VERTEX_POINT('',#7698);
#7698 = CARTESIAN_POINT('',(27.263101070677,-19.97417689807,68.31));
#7699 = SURFACE_CURVE('',#7700,(#7704,#7710),.PCURVE_S1.);
#7700 = LINE('',#7701,#7702);
#7701 = CARTESIAN_POINT('',(26.612909380421,-20.81827752631,68.31));
#7702 = VECTOR('',#7703,1.);
#7703 = DIRECTION('',(-0.610231585664,-0.792223082129,0.));
#7704 = PCURVE('',#1368,#7705);
#7705 = DEFINITIONAL_REPRESENTATION('',(#7706),#7709);
#7706 = B_SPLINE_CURVE_WITH_KNOTS('',1,(#7707,#7708),.UNSPECIFIED.,.F.,
  .F.,(2,2),(-1.17800549288,0.672641300557),.PIECEWISE_BEZIER_KNOTS.);
#7707 = CARTESIAN_POINT('',(0.,-1.000000000001E-02));
#7708 = CARTESIAN_POINT('',(1.850646793437,-1.000000000001E-02));
#7709 = ( GEOMETRIC_REPRESENTATION_CONTEXT(2) 
PARAMETRIC_REPRESENTATION_CONTEXT() REPRESENTATION_CONTEXT('2D SPACE',''
  ) );
#7710 = PCURVE('',#7711,#7716);
#7711 = PLANE('',#7712);
#7712 = AXIS2_PLACEMENT_3D('',#7713,#7714,#7715);
#7713 = CARTESIAN_POINT('',(26.240310278932,-22.01823467703,68.31));
#7714 = DIRECTION('',(0.,0.,1.));
#7715 = DIRECTION('',(1.,0.,-0.));
#7716 = DEFINITIONAL_REPRESENTATION('',(#7717),#7720);
#7717 = B_SPLINE_CURVE_WITH_KNOTS('',1,(#7718,#7719),.UNSPECIFIED.,.F.,
  .F.,(2,2),(-1.17800549288,0.672641300557),.PIECEWISE_BEZIER_KNOTS.);
#7718 = CARTESIAN_POINT('',(1.09145526133,2.133200293048));
#7719 = CARTESIAN_POINT('',(-3.786786593347E-02,0.667075186419));
#7720 = ( GEOMETRIC_REPRESENTATION_CONTEXT(2) 
PARAMETRIC_REPRESENTATION_CONTEXT() REPRESENTATION_CONTEXT('2D SPACE',''
  ) );
#7721 = ORIENTED_EDGE('',*,*,#7722,.T.);
#7722 = EDGE_CURVE('',#7695,#1325,#7723,.T.);
#7723 = SURFACE_CURVE('',#7724,(#7728,#7735),.PCURVE_S1.);
#7724 = LINE('',#7725,#7726);
#7725 = CARTESIAN_POINT('',(27.331765540262,-19.88503438398,68.3));
#7726 = VECTOR('',#7727,1.);
#7727 = DIRECTION('',(0.,0.,1.));
#7728 = PCURVE('',#1368,#7729);
#7729 = DEFINITIONAL_REPRESENTATION('',(#7730),#7734);
#7730 = LINE('',#7731,#7732);
#7731 = CARTESIAN_POINT('',(0.,0.));
#7732 = VECTOR('',#7733,1.);
#7733 = DIRECTION('',(0.,-1.));
#7734 = ( GEOMETRIC_REPRESENTATION_CONTEXT(2) 
PARAMETRIC_REPRESENTATION_CONTEXT() REPRESENTATION_CONTEXT('2D SPACE',''
  ) );
#7735 = PCURVE('',#1340,#7736);
#7736 = DEFINITIONAL_REPRESENTATION('',(#7737),#7741);
#7737 = LINE('',#7738,#7739);
#7738 = CARTESIAN_POINT('',(1.850646793437,0.));
#7739 = VECTOR('',#7740,1.);
#7740 = DIRECTION('',(0.,-1.));
#7741 = ( GEOMETRIC_REPRESENTATION_CONTEXT(2) 
PARAMETRIC_REPRESENTATION_CONTEXT() REPRESENTATION_CONTEXT('2D SPACE',''
  ) );
#7742 = ORIENTED_EDGE('',*,*,#1352,.T.);
#7743 = ORIENTED_EDGE('',*,*,#7579,.F.);
#7744 = ORIENTED_EDGE('',*,*,#7745,.F.);
#7745 = EDGE_CURVE('',#7746,#7552,#7748,.T.);
#7746 = VERTEX_POINT('',#7747);
#7747 = CARTESIAN_POINT('',(26.263428957016,-21.27198471663,68.31));
#7748 = SURFACE_CURVE('',#7749,(#7753,#7759),.PCURVE_S1.);
#7749 = LINE('',#7750,#7751);
#7750 = CARTESIAN_POINT('',(26.612909380421,-20.81827752631,68.31));
#7751 = VECTOR('',#7752,1.);
#7752 = DIRECTION('',(-0.610231585664,-0.792223082129,0.));
#7753 = PCURVE('',#1368,#7754);
#7754 = DEFINITIONAL_REPRESENTATION('',(#7755),#7758);
#7755 = B_SPLINE_CURVE_WITH_KNOTS('',1,(#7756,#7757),.UNSPECIFIED.,.F.,
  .F.,(2,2),(-1.17800549288,0.672641300557),.PIECEWISE_BEZIER_KNOTS.);
#7756 = CARTESIAN_POINT('',(0.,-1.000000000001E-02));
#7757 = CARTESIAN_POINT('',(1.850646793437,-1.000000000001E-02));
#7758 = ( GEOMETRIC_REPRESENTATION_CONTEXT(2) 
PARAMETRIC_REPRESENTATION_CONTEXT() REPRESENTATION_CONTEXT('2D SPACE',''
  ) );
#7759 = PCURVE('',#7568,#7760);
#7760 = DEFINITIONAL_REPRESENTATION('',(#7761),#7764);
#7761 = B_SPLINE_CURVE_WITH_KNOTS('',1,(#7762,#7763),.UNSPECIFIED.,.F.,
  .F.,(2,2),(-1.17800549288,0.672641300557),.PIECEWISE_BEZIER_KNOTS.);
#7762 = CARTESIAN_POINT('',(1.09145526133,2.133200293048));
#7763 = CARTESIAN_POINT('',(-3.786786593347E-02,0.667075186419));
#7764 = ( GEOMETRIC_REPRESENTATION_CONTEXT(2) 
PARAMETRIC_REPRESENTATION_CONTEXT() REPRESENTATION_CONTEXT('2D SPACE',''
  ) );
#7765 = ORIENTED_EDGE('',*,*,#7766,.T.);
#7766 = EDGE_CURVE('',#7746,#7767,#7769,.T.);
#7767 = VERTEX_POINT('',#7768);
#7768 = CARTESIAN_POINT('',(26.263428957016,-21.27198471663,68.3));
#7769 = SURFACE_CURVE('',#7770,(#7774,#7780),.PCURVE_S1.);
#7770 = LINE('',#7771,#7772);
#7771 = CARTESIAN_POINT('',(26.263428957016,-21.27198471663,67.4));
#7772 = VECTOR('',#7773,1.);
#7773 = DIRECTION('',(0.,0.,-1.));
#7774 = PCURVE('',#1368,#7775);
#7775 = DEFINITIONAL_REPRESENTATION('',(#7776),#7779);
#7776 = B_SPLINE_CURVE_WITH_KNOTS('',1,(#7777,#7778),.UNSPECIFIED.,.F.,
  .F.,(2,2),(-0.91,-0.9),.PIECEWISE_BEZIER_KNOTS.);
#7777 = CARTESIAN_POINT('',(1.750706794508,-1.000000000001E-02));
#7778 = CARTESIAN_POINT('',(1.750706794508,0.));
#7779 = ( GEOMETRIC_REPRESENTATION_CONTEXT(2) 
PARAMETRIC_REPRESENTATION_CONTEXT() REPRESENTATION_CONTEXT('2D SPACE',''
  ) );
#7780 = PCURVE('',#2786,#7781);
#7781 = DEFINITIONAL_REPRESENTATION('',(#7782),#7785);
#7782 = B_SPLINE_CURVE_WITH_KNOTS('',1,(#7783,#7784),.UNSPECIFIED.,.F.,
  .F.,(2,2),(-0.91,-0.9),.PIECEWISE_BEZIER_KNOTS.);
#7783 = CARTESIAN_POINT('',(0.298285372472,-1.81));
#7784 = CARTESIAN_POINT('',(0.298285372472,-1.8));
#7785 = ( GEOMETRIC_REPRESENTATION_CONTEXT(2) 
PARAMETRIC_REPRESENTATION_CONTEXT() REPRESENTATION_CONTEXT('2D SPACE',''
  ) );
#7786 = ORIENTED_EDGE('',*,*,#7787,.F.);
#7787 = EDGE_CURVE('',#7788,#7767,#7790,.T.);
#7788 = VERTEX_POINT('',#7789);
#7789 = CARTESIAN_POINT('',(27.263101070677,-19.97417689807,68.3));
#7790 = SURFACE_CURVE('',#7791,(#7795,#7802),.PCURVE_S1.);
#7791 = LINE('',#7792,#7793);
#7792 = CARTESIAN_POINT('',(27.331765540262,-19.88503438398,68.3));
#7793 = VECTOR('',#7794,1.);
#7794 = DIRECTION('',(-0.610231585664,-0.792223082129,0.));
#7795 = PCURVE('',#1368,#7796);
#7796 = DEFINITIONAL_REPRESENTATION('',(#7797),#7801);
#7797 = LINE('',#7798,#7799);
#7798 = CARTESIAN_POINT('',(0.,0.));
#7799 = VECTOR('',#7800,1.);
#7800 = DIRECTION('',(1.,0.));
#7801 = ( GEOMETRIC_REPRESENTATION_CONTEXT(2) 
PARAMETRIC_REPRESENTATION_CONTEXT() REPRESENTATION_CONTEXT('2D SPACE',''
  ) );
#7802 = PCURVE('',#7803,#7808);
#7803 = PLANE('',#7804);
#7804 = AXIS2_PLACEMENT_3D('',#7805,#7806,#7807);
#7805 = CARTESIAN_POINT('',(30.232331393345,-11.21328139709,68.3));
#7806 = DIRECTION('',(0.,0.,1.));
#7807 = DIRECTION('',(1.,0.,-0.));
#7808 = DEFINITIONAL_REPRESENTATION('',(#7809),#7813);
#7809 = LINE('',#7810,#7811);
#7810 = CARTESIAN_POINT('',(-2.900565853083,-8.671752986891));
#7811 = VECTOR('',#7812,1.);
#7812 = DIRECTION('',(-0.610231585664,-0.792223082129));
#7813 = ( GEOMETRIC_REPRESENTATION_CONTEXT(2) 
PARAMETRIC_REPRESENTATION_CONTEXT() REPRESENTATION_CONTEXT('2D SPACE',''
  ) );
#7814 = ORIENTED_EDGE('',*,*,#7815,.T.);
#7815 = EDGE_CURVE('',#7788,#7697,#7816,.T.);
#7816 = SURFACE_CURVE('',#7817,(#7821,#7827),.PCURVE_S1.);
#7817 = LINE('',#7818,#7819);
#7818 = CARTESIAN_POINT('',(27.263101070677,-19.97417689807,67.4));
#7819 = VECTOR('',#7820,1.);
#7820 = DIRECTION('',(0.,0.,1.));
#7821 = PCURVE('',#1368,#7822);
#7822 = DEFINITIONAL_REPRESENTATION('',(#7823),#7826);
#7823 = B_SPLINE_CURVE_WITH_KNOTS('',1,(#7824,#7825),.UNSPECIFIED.,.F.,
  .F.,(2,2),(0.9,0.91),.PIECEWISE_BEZIER_KNOTS.);
#7824 = CARTESIAN_POINT('',(0.112521985421,0.));
#7825 = CARTESIAN_POINT('',(0.112521985421,-1.000000000001E-02));
#7826 = ( GEOMETRIC_REPRESENTATION_CONTEXT(2) 
PARAMETRIC_REPRESENTATION_CONTEXT() REPRESENTATION_CONTEXT('2D SPACE',''
  ) );
#7827 = PCURVE('',#2838,#7828);
#7828 = DEFINITIONAL_REPRESENTATION('',(#7829),#7832);
#7829 = B_SPLINE_CURVE_WITH_KNOTS('',1,(#7830,#7831),.UNSPECIFIED.,.F.,
  .F.,(2,2),(0.9,0.91),.PIECEWISE_BEZIER_KNOTS.);
#7830 = CARTESIAN_POINT('',(0.429560807049,-1.8));
#7831 = CARTESIAN_POINT('',(0.429560807049,-1.81));
#7832 = ( GEOMETRIC_REPRESENTATION_CONTEXT(2) 
PARAMETRIC_REPRESENTATION_CONTEXT() REPRESENTATION_CONTEXT('2D SPACE',''
  ) );
#7833 = ADVANCED_FACE('',(#7834),#1340,.T.);
#7834 = FACE_BOUND('',#7835,.T.);
#7835 = EDGE_LOOP('',(#7836,#7864,#7885,#7886,#7887,#7908,#7929,#7957));
#7836 = ORIENTED_EDGE('',*,*,#7837,.F.);
#7837 = EDGE_CURVE('',#7838,#7840,#7842,.T.);
#7838 = VERTEX_POINT('',#7839);
#7839 = CARTESIAN_POINT('',(28.379151421263,-18.35929640833,68.31));
#7840 = VERTEX_POINT('',#7841);
#7841 = CARTESIAN_POINT('',(28.318880130096,-18.44709422902,68.31));
#7842 = SURFACE_CURVE('',#7843,(#7847,#7853),.PCURVE_S1.);
#7843 = LINE('',#7844,#7845);
#7844 = CARTESIAN_POINT('',(27.182988395129,-20.10175960852,68.31));
#7845 = VECTOR('',#7846,1.);
#7846 = DIRECTION('',(-0.565956661593,-0.824434992706,0.));
#7847 = PCURVE('',#1340,#7848);
#7848 = DEFINITIONAL_REPRESENTATION('',(#7849),#7852);
#7849 = B_SPLINE_CURVE_WITH_KNOTS('',1,(#7850,#7851),.UNSPECIFIED.,.F.,
  .F.,(2,2),(-2.113524068729,-0.262877275292),.PIECEWISE_BEZIER_KNOTS.);
#7850 = CARTESIAN_POINT('',(0.,-1.000000000001E-02));
#7851 = CARTESIAN_POINT('',(1.850646793437,-1.000000000001E-02));
#7852 = ( GEOMETRIC_REPRESENTATION_CONTEXT(2) 
PARAMETRIC_REPRESENTATION_CONTEXT() REPRESENTATION_CONTEXT('2D SPACE',''
  ) );
#7853 = PCURVE('',#7854,#7859);
#7854 = PLANE('',#7855);
#7855 = AXIS2_PLACEMENT_3D('',#7856,#7857,#7858);
#7856 = CARTESIAN_POINT('',(26.240310278932,-22.01823467703,68.31));
#7857 = DIRECTION('',(0.,0.,1.));
#7858 = DIRECTION('',(1.,0.,-0.));
#7859 = DEFINITIONAL_REPRESENTATION('',(#7860),#7863);
#7860 = B_SPLINE_CURVE_WITH_KNOTS('',1,(#7861,#7862),.UNSPECIFIED.,.F.,
  .F.,(2,2),(-2.113524068729,-0.262877275292),.PIECEWISE_BEZIER_KNOTS.);
#7861 = CARTESIAN_POINT('',(2.138841142331,3.658938268697));
#7862 = CARTESIAN_POINT('',(1.09145526133,2.133200293048));
#7863 = ( GEOMETRIC_REPRESENTATION_CONTEXT(2) 
PARAMETRIC_REPRESENTATION_CONTEXT() REPRESENTATION_CONTEXT('2D SPACE',''
  ) );
#7864 = ORIENTED_EDGE('',*,*,#7865,.T.);
#7865 = EDGE_CURVE('',#7838,#1297,#7866,.T.);
#7866 = SURFACE_CURVE('',#7867,(#7871,#7878),.PCURVE_S1.);
#7867 = LINE('',#7868,#7869);
#7868 = CARTESIAN_POINT('',(28.379151421263,-18.35929640833,68.3));
#7869 = VECTOR('',#7870,1.);
#7870 = DIRECTION('',(0.,0.,1.));
#7871 = PCURVE('',#1340,#7872);
#7872 = DEFINITIONAL_REPRESENTATION('',(#7873),#7877);
#7873 = LINE('',#7874,#7875);
#7874 = CARTESIAN_POINT('',(0.,0.));
#7875 = VECTOR('',#7876,1.);
#7876 = DIRECTION('',(0.,-1.));
#7877 = ( GEOMETRIC_REPRESENTATION_CONTEXT(2) 
PARAMETRIC_REPRESENTATION_CONTEXT() REPRESENTATION_CONTEXT('2D SPACE',''
  ) );
#7878 = PCURVE('',#1312,#7879);
#7879 = DEFINITIONAL_REPRESENTATION('',(#7880),#7884);
#7880 = LINE('',#7881,#7882);
#7881 = CARTESIAN_POINT('',(1.850646793437,0.));
#7882 = VECTOR('',#7883,1.);
#7883 = DIRECTION('',(0.,-1.));
#7884 = ( GEOMETRIC_REPRESENTATION_CONTEXT(2) 
PARAMETRIC_REPRESENTATION_CONTEXT() REPRESENTATION_CONTEXT('2D SPACE',''
  ) );
#7885 = ORIENTED_EDGE('',*,*,#1324,.T.);
#7886 = ORIENTED_EDGE('',*,*,#7722,.F.);
#7887 = ORIENTED_EDGE('',*,*,#7888,.F.);
#7888 = EDGE_CURVE('',#7889,#7695,#7891,.T.);
#7889 = VERTEX_POINT('',#7890);
#7890 = CARTESIAN_POINT('',(27.380256953225,-19.81439643516,68.31));
#7891 = SURFACE_CURVE('',#7892,(#7896,#7902),.PCURVE_S1.);
#7892 = LINE('',#7893,#7894);
#7893 = CARTESIAN_POINT('',(27.182988395129,-20.10175960852,68.31));
#7894 = VECTOR('',#7895,1.);
#7895 = DIRECTION('',(-0.565956661593,-0.824434992706,0.));
#7896 = PCURVE('',#1340,#7897);
#7897 = DEFINITIONAL_REPRESENTATION('',(#7898),#7901);
#7898 = B_SPLINE_CURVE_WITH_KNOTS('',1,(#7899,#7900),.UNSPECIFIED.,.F.,
  .F.,(2,2),(-2.113524068729,-0.262877275292),.PIECEWISE_BEZIER_KNOTS.);
#7899 = CARTESIAN_POINT('',(0.,-1.000000000001E-02));
#7900 = CARTESIAN_POINT('',(1.850646793437,-1.000000000001E-02));
#7901 = ( GEOMETRIC_REPRESENTATION_CONTEXT(2) 
PARAMETRIC_REPRESENTATION_CONTEXT() REPRESENTATION_CONTEXT('2D SPACE',''
  ) );
#7902 = PCURVE('',#7711,#7903);
#7903 = DEFINITIONAL_REPRESENTATION('',(#7904),#7907);
#7904 = B_SPLINE_CURVE_WITH_KNOTS('',1,(#7905,#7906),.UNSPECIFIED.,.F.,
  .F.,(2,2),(-2.113524068729,-0.262877275292),.PIECEWISE_BEZIER_KNOTS.);
#7905 = CARTESIAN_POINT('',(2.138841142331,3.658938268697));
#7906 = CARTESIAN_POINT('',(1.09145526133,2.133200293048));
#7907 = ( GEOMETRIC_REPRESENTATION_CONTEXT(2) 
PARAMETRIC_REPRESENTATION_CONTEXT() REPRESENTATION_CONTEXT('2D SPACE',''
  ) );
#7908 = ORIENTED_EDGE('',*,*,#7909,.T.);
#7909 = EDGE_CURVE('',#7889,#7910,#7912,.T.);
#7910 = VERTEX_POINT('',#7911);
#7911 = CARTESIAN_POINT('',(27.380256953225,-19.81439643516,68.3));
#7912 = SURFACE_CURVE('',#7913,(#7917,#7923),.PCURVE_S1.);
#7913 = LINE('',#7914,#7915);
#7914 = CARTESIAN_POINT('',(27.380256953224,-19.81439643516,67.4));
#7915 = VECTOR('',#7916,1.);
#7916 = DIRECTION('',(0.,0.,-1.));
#7917 = PCURVE('',#1340,#7918);
#7918 = DEFINITIONAL_REPRESENTATION('',(#7919),#7922);
#7919 = B_SPLINE_CURVE_WITH_KNOTS('',1,(#7920,#7921),.UNSPECIFIED.,.F.,
  .F.,(2,2),(-0.91,-0.9),.PIECEWISE_BEZIER_KNOTS.);
#7920 = CARTESIAN_POINT('',(1.764966358427,-1.000000000001E-02));
#7921 = CARTESIAN_POINT('',(1.764966358427,0.));
#7922 = ( GEOMETRIC_REPRESENTATION_CONTEXT(2) 
PARAMETRIC_REPRESENTATION_CONTEXT() REPRESENTATION_CONTEXT('2D SPACE',''
  ) );
#7923 = PCURVE('',#2838,#7924);
#7924 = DEFINITIONAL_REPRESENTATION('',(#7925),#7928);
#7925 = B_SPLINE_CURVE_WITH_KNOTS('',1,(#7926,#7927),.UNSPECIFIED.,.F.,
  .F.,(2,2),(-0.91,-0.9),.PIECEWISE_BEZIER_KNOTS.);
#7926 = CARTESIAN_POINT('',(0.231431311155,-1.81));
#7927 = CARTESIAN_POINT('',(0.231431311155,-1.8));
#7928 = ( GEOMETRIC_REPRESENTATION_CONTEXT(2) 
PARAMETRIC_REPRESENTATION_CONTEXT() REPRESENTATION_CONTEXT('2D SPACE',''
  ) );
#7929 = ORIENTED_EDGE('',*,*,#7930,.F.);
#7930 = EDGE_CURVE('',#7931,#7910,#7933,.T.);
#7931 = VERTEX_POINT('',#7932);
#7932 = CARTESIAN_POINT('',(28.318880130096,-18.44709422902,68.3));
#7933 = SURFACE_CURVE('',#7934,(#7938,#7945),.PCURVE_S1.);
#7934 = LINE('',#7935,#7936);
#7935 = CARTESIAN_POINT('',(28.379151421263,-18.35929640833,68.3));
#7936 = VECTOR('',#7937,1.);
#7937 = DIRECTION('',(-0.565956661593,-0.824434992706,0.));
#7938 = PCURVE('',#1340,#7939);
#7939 = DEFINITIONAL_REPRESENTATION('',(#7940),#7944);
#7940 = LINE('',#7941,#7942);
#7941 = CARTESIAN_POINT('',(0.,0.));
#7942 = VECTOR('',#7943,1.);
#7943 = DIRECTION('',(1.,0.));
#7944 = ( GEOMETRIC_REPRESENTATION_CONTEXT(2) 
PARAMETRIC_REPRESENTATION_CONTEXT() REPRESENTATION_CONTEXT('2D SPACE',''
  ) );
#7945 = PCURVE('',#7946,#7951);
#7946 = PLANE('',#7947);
#7947 = AXIS2_PLACEMENT_3D('',#7948,#7949,#7950);
#7948 = CARTESIAN_POINT('',(30.232331393345,-11.21328139709,68.3));
#7949 = DIRECTION('',(0.,0.,1.));
#7950 = DIRECTION('',(1.,0.,-0.));
#7951 = DEFINITIONAL_REPRESENTATION('',(#7952),#7956);
#7952 = LINE('',#7953,#7954);
#7953 = CARTESIAN_POINT('',(-1.853179972082,-7.146015011242));
#7954 = VECTOR('',#7955,1.);
#7955 = DIRECTION('',(-0.565956661593,-0.824434992706));
#7956 = ( GEOMETRIC_REPRESENTATION_CONTEXT(2) 
PARAMETRIC_REPRESENTATION_CONTEXT() REPRESENTATION_CONTEXT('2D SPACE',''
  ) );
#7957 = ORIENTED_EDGE('',*,*,#7958,.T.);
#7958 = EDGE_CURVE('',#7931,#7840,#7959,.T.);
#7959 = SURFACE_CURVE('',#7960,(#7964,#7970),.PCURVE_S1.);
#7960 = LINE('',#7961,#7962);
#7961 = CARTESIAN_POINT('',(28.318880130096,-18.44709422902,67.4));
#7962 = VECTOR('',#7963,1.);
#7963 = DIRECTION('',(0.,0.,1.));
#7964 = PCURVE('',#1340,#7965);
#7965 = DEFINITIONAL_REPRESENTATION('',(#7966),#7969);
#7966 = B_SPLINE_CURVE_WITH_KNOTS('',1,(#7967,#7968),.UNSPECIFIED.,.F.,
  .F.,(2,2),(0.9,0.91),.PIECEWISE_BEZIER_KNOTS.);
#7967 = CARTESIAN_POINT('',(0.1064945344,0.));
#7968 = CARTESIAN_POINT('',(0.1064945344,-1.000000000001E-02));
#7969 = ( GEOMETRIC_REPRESENTATION_CONTEXT(2) 
PARAMETRIC_REPRESENTATION_CONTEXT() REPRESENTATION_CONTEXT('2D SPACE',''
  ) );
#7970 = PCURVE('',#2890,#7971);
#7971 = DEFINITIONAL_REPRESENTATION('',(#7972),#7975);
#7972 = B_SPLINE_CURVE_WITH_KNOTS('',1,(#7973,#7974),.UNSPECIFIED.,.F.,
  .F.,(2,2),(0.9,0.91),.PIECEWISE_BEZIER_KNOTS.);
#7973 = CARTESIAN_POINT('',(0.342427606745,-1.8));
#7974 = CARTESIAN_POINT('',(0.342427606745,-1.81));
#7975 = ( GEOMETRIC_REPRESENTATION_CONTEXT(2) 
PARAMETRIC_REPRESENTATION_CONTEXT() REPRESENTATION_CONTEXT('2D SPACE',''
  ) );
#7976 = ADVANCED_FACE('',(#7977),#1312,.T.);
#7977 = FACE_BOUND('',#7978,.T.);
#7978 = EDGE_LOOP('',(#7979,#8007,#8028,#8029,#8030,#8051,#8072,#8100));
#7979 = ORIENTED_EDGE('',*,*,#7980,.F.);
#7980 = EDGE_CURVE('',#7981,#7983,#7985,.T.);
#7981 = VERTEX_POINT('',#7982);
#7982 = CARTESIAN_POINT('',(29.341460122918,-16.77851953705,68.31));
#7983 = VERTEX_POINT('',#7984);
#7984 = CARTESIAN_POINT('',(29.295379292448,-16.85421615175,68.31));
#7985 = SURFACE_CURVE('',#7986,(#7990,#7996),.PCURVE_S1.);
#7986 = LINE('',#7987,#7988);
#7987 = CARTESIAN_POINT('',(27.758576919357,-19.37870922028,68.31));
#7988 = VECTOR('',#7989,1.);
#7989 = DIRECTION('',(-0.519985069581,-0.854175349336,0.));
#7990 = PCURVE('',#1312,#7991);
#7991 = DEFINITIONAL_REPRESENTATION('',(#7992),#7995);
#7992 = B_SPLINE_CURVE_WITH_KNOTS('',1,(#7993,#7994),.UNSPECIFIED.,.F.,
  .F.,(2,2),(-3.044093563758,-1.193446770321),.PIECEWISE_BEZIER_KNOTS.);
#7993 = CARTESIAN_POINT('',(0.,-1.000000000001E-02));
#7994 = CARTESIAN_POINT('',(1.850646793437,-1.000000000001E-02));
#7995 = ( GEOMETRIC_REPRESENTATION_CONTEXT(2) 
PARAMETRIC_REPRESENTATION_CONTEXT() REPRESENTATION_CONTEXT('2D SPACE',''
  ) );
#7996 = PCURVE('',#7997,#8002);
#7997 = PLANE('',#7998);
#7998 = AXIS2_PLACEMENT_3D('',#7999,#8000,#8001);
#7999 = CARTESIAN_POINT('',(26.240310278932,-22.01823467703,68.31));
#8000 = DIRECTION('',(0.,0.,1.));
#8001 = DIRECTION('',(1.,0.,-0.));
#8002 = DEFINITIONAL_REPRESENTATION('',(#8003),#8006);
#8003 = B_SPLINE_CURVE_WITH_KNOTS('',1,(#8004,#8005),.UNSPECIFIED.,.F.,
  .F.,(2,2),(-3.044093563758,-1.193446770321),.PIECEWISE_BEZIER_KNOTS.);
#8004 = CARTESIAN_POINT('',(3.101149843985,5.239715139978));
#8005 = CARTESIAN_POINT('',(2.138841142331,3.658938268697));
#8006 = ( GEOMETRIC_REPRESENTATION_CONTEXT(2) 
PARAMETRIC_REPRESENTATION_CONTEXT() REPRESENTATION_CONTEXT('2D SPACE',''
  ) );
#8007 = ORIENTED_EDGE('',*,*,#8008,.T.);
#8008 = EDGE_CURVE('',#7981,#1269,#8009,.T.);
#8009 = SURFACE_CURVE('',#8010,(#8014,#8021),.PCURVE_S1.);
#8010 = LINE('',#8011,#8012);
#8011 = CARTESIAN_POINT('',(29.341460122918,-16.77851953705,68.3));
#8012 = VECTOR('',#8013,1.);
#8013 = DIRECTION('',(0.,0.,1.));
#8014 = PCURVE('',#1312,#8015);
#8015 = DEFINITIONAL_REPRESENTATION('',(#8016),#8020);
#8016 = LINE('',#8017,#8018);
#8017 = CARTESIAN_POINT('',(0.,0.));
#8018 = VECTOR('',#8019,1.);
#8019 = DIRECTION('',(0.,-1.));
#8020 = ( GEOMETRIC_REPRESENTATION_CONTEXT(2) 
PARAMETRIC_REPRESENTATION_CONTEXT() REPRESENTATION_CONTEXT('2D SPACE',''
  ) );
#8021 = PCURVE('',#1284,#8022);
#8022 = DEFINITIONAL_REPRESENTATION('',(#8023),#8027);
#8023 = LINE('',#8024,#8025);
#8024 = CARTESIAN_POINT('',(1.850646793437,0.));
#8025 = VECTOR('',#8026,1.);
#8026 = DIRECTION('',(0.,-1.));
#8027 = ( GEOMETRIC_REPRESENTATION_CONTEXT(2) 
PARAMETRIC_REPRESENTATION_CONTEXT() REPRESENTATION_CONTEXT('2D SPACE',''
  ) );
#8028 = ORIENTED_EDGE('',*,*,#1296,.T.);
#8029 = ORIENTED_EDGE('',*,*,#7865,.F.);
#8030 = ORIENTED_EDGE('',*,*,#8031,.F.);
#8031 = EDGE_CURVE('',#8032,#7838,#8034,.T.);
#8032 = VERTEX_POINT('',#8033);
#8033 = CARTESIAN_POINT('',(28.414328749924,-18.30151088956,68.31));
#8034 = SURFACE_CURVE('',#8035,(#8039,#8045),.PCURVE_S1.);
#8035 = LINE('',#8036,#8037);
#8036 = CARTESIAN_POINT('',(27.758576919357,-19.37870922028,68.31));
#8037 = VECTOR('',#8038,1.);
#8038 = DIRECTION('',(-0.519985069581,-0.854175349336,0.));
#8039 = PCURVE('',#1312,#8040);
#8040 = DEFINITIONAL_REPRESENTATION('',(#8041),#8044);
#8041 = B_SPLINE_CURVE_WITH_KNOTS('',1,(#8042,#8043),.UNSPECIFIED.,.F.,
  .F.,(2,2),(-3.044093563758,-1.193446770321),.PIECEWISE_BEZIER_KNOTS.);
#8042 = CARTESIAN_POINT('',(0.,-1.000000000001E-02));
#8043 = CARTESIAN_POINT('',(1.850646793437,-1.000000000001E-02));
#8044 = ( GEOMETRIC_REPRESENTATION_CONTEXT(2) 
PARAMETRIC_REPRESENTATION_CONTEXT() REPRESENTATION_CONTEXT('2D SPACE',''
  ) );
#8045 = PCURVE('',#7854,#8046);
#8046 = DEFINITIONAL_REPRESENTATION('',(#8047),#8050);
#8047 = B_SPLINE_CURVE_WITH_KNOTS('',1,(#8048,#8049),.UNSPECIFIED.,.F.,
  .F.,(2,2),(-3.044093563758,-1.193446770321),.PIECEWISE_BEZIER_KNOTS.);
#8048 = CARTESIAN_POINT('',(3.101149843985,5.239715139978));
#8049 = CARTESIAN_POINT('',(2.138841142331,3.658938268697));
#8050 = ( GEOMETRIC_REPRESENTATION_CONTEXT(2) 
PARAMETRIC_REPRESENTATION_CONTEXT() REPRESENTATION_CONTEXT('2D SPACE',''
  ) );
#8051 = ORIENTED_EDGE('',*,*,#8052,.T.);
#8052 = EDGE_CURVE('',#8032,#8053,#8055,.T.);
#8053 = VERTEX_POINT('',#8054);
#8054 = CARTESIAN_POINT('',(28.414328749924,-18.30151088956,68.3));
#8055 = SURFACE_CURVE('',#8056,(#8060,#8066),.PCURVE_S1.);
#8056 = LINE('',#8057,#8058);
#8057 = CARTESIAN_POINT('',(28.414328749924,-18.30151088956,67.4));
#8058 = VECTOR('',#8059,1.);
#8059 = DIRECTION('',(0.,0.,-1.));
#8060 = PCURVE('',#1312,#8061);
#8061 = DEFINITIONAL_REPRESENTATION('',(#8062),#8065);
#8062 = B_SPLINE_CURVE_WITH_KNOTS('',1,(#8063,#8064),.UNSPECIFIED.,.F.,
  .F.,(2,2),(-0.91,-0.9),.PIECEWISE_BEZIER_KNOTS.);
#8063 = CARTESIAN_POINT('',(1.782996142065,-1.000000000001E-02));
#8064 = CARTESIAN_POINT('',(1.782996142065,0.));
#8065 = ( GEOMETRIC_REPRESENTATION_CONTEXT(2) 
PARAMETRIC_REPRESENTATION_CONTEXT() REPRESENTATION_CONTEXT('2D SPACE',''
  ) );
#8066 = PCURVE('',#2890,#8067);
#8067 = DEFINITIONAL_REPRESENTATION('',(#8068),#8071);
#8068 = B_SPLINE_CURVE_WITH_KNOTS('',1,(#8069,#8070),.UNSPECIFIED.,.F.,
  .F.,(2,2),(-0.91,-0.9),.PIECEWISE_BEZIER_KNOTS.);
#8069 = CARTESIAN_POINT('',(0.168344443414,-1.81));
#8070 = CARTESIAN_POINT('',(0.168344443414,-1.8));
#8071 = ( GEOMETRIC_REPRESENTATION_CONTEXT(2) 
PARAMETRIC_REPRESENTATION_CONTEXT() REPRESENTATION_CONTEXT('2D SPACE',''
  ) );
#8072 = ORIENTED_EDGE('',*,*,#8073,.F.);
#8073 = EDGE_CURVE('',#8074,#8053,#8076,.T.);
#8074 = VERTEX_POINT('',#8075);
#8075 = CARTESIAN_POINT('',(29.295379292448,-16.85421615175,68.3));
#8076 = SURFACE_CURVE('',#8077,(#8081,#8088),.PCURVE_S1.);
#8077 = LINE('',#8078,#8079);
#8078 = CARTESIAN_POINT('',(29.341460122918,-16.77851953705,68.3));
#8079 = VECTOR('',#8080,1.);
#8080 = DIRECTION('',(-0.519985069581,-0.854175349336,0.));
#8081 = PCURVE('',#1312,#8082);
#8082 = DEFINITIONAL_REPRESENTATION('',(#8083),#8087);
#8083 = LINE('',#8084,#8085);
#8084 = CARTESIAN_POINT('',(0.,0.));
#8085 = VECTOR('',#8086,1.);
#8086 = DIRECTION('',(1.,0.));
#8087 = ( GEOMETRIC_REPRESENTATION_CONTEXT(2) 
PARAMETRIC_REPRESENTATION_CONTEXT() REPRESENTATION_CONTEXT('2D SPACE',''
  ) );
#8088 = PCURVE('',#8089,#8094);
#8089 = PLANE('',#8090);
#8090 = AXIS2_PLACEMENT_3D('',#8091,#8092,#8093);
#8091 = CARTESIAN_POINT('',(30.232331393345,-11.21328139709,68.3));
#8092 = DIRECTION('',(0.,0.,1.));
#8093 = DIRECTION('',(1.,0.,-0.));
#8094 = DEFINITIONAL_REPRESENTATION('',(#8095),#8099);
#8095 = LINE('',#8096,#8097);
#8096 = CARTESIAN_POINT('',(-0.890871270427,-5.565238139961));
#8097 = VECTOR('',#8098,1.);
#8098 = DIRECTION('',(-0.519985069581,-0.854175349336));
#8099 = ( GEOMETRIC_REPRESENTATION_CONTEXT(2) 
PARAMETRIC_REPRESENTATION_CONTEXT() REPRESENTATION_CONTEXT('2D SPACE',''
  ) );
#8100 = ORIENTED_EDGE('',*,*,#8101,.T.);
#8101 = EDGE_CURVE('',#8074,#7983,#8102,.T.);
#8102 = SURFACE_CURVE('',#8103,(#8107,#8113),.PCURVE_S1.);
#8103 = LINE('',#8104,#8105);
#8104 = CARTESIAN_POINT('',(29.295379292448,-16.85421615175,67.4));
#8105 = VECTOR('',#8106,1.);
#8106 = DIRECTION('',(0.,0.,1.));
#8107 = PCURVE('',#1312,#8108);
#8108 = DEFINITIONAL_REPRESENTATION('',(#8109),#8112);
#8109 = B_SPLINE_CURVE_WITH_KNOTS('',1,(#8110,#8111),.UNSPECIFIED.,.F.,
  .F.,(2,2),(0.9,0.91),.PIECEWISE_BEZIER_KNOTS.);
#8110 = CARTESIAN_POINT('',(8.861952614684E-02,0.));
#8111 = CARTESIAN_POINT('',(8.861952614684E-02,-1.000000000001E-02));
#8112 = ( GEOMETRIC_REPRESENTATION_CONTEXT(2) 
PARAMETRIC_REPRESENTATION_CONTEXT() REPRESENTATION_CONTEXT('2D SPACE',''
  ) );
#8113 = PCURVE('',#2942,#8114);
#8114 = DEFINITIONAL_REPRESENTATION('',(#8115),#8118);
#8115 = B_SPLINE_CURVE_WITH_KNOTS('',1,(#8116,#8117),.UNSPECIFIED.,.F.,
  .F.,(2,2),(0.9,0.91),.PIECEWISE_BEZIER_KNOTS.);
#8116 = CARTESIAN_POINT('',(0.243448919374,-1.8));
#8117 = CARTESIAN_POINT('',(0.243448919374,-1.81));
#8118 = ( GEOMETRIC_REPRESENTATION_CONTEXT(2) 
PARAMETRIC_REPRESENTATION_CONTEXT() REPRESENTATION_CONTEXT('2D SPACE',''
  ) );
#8119 = ADVANCED_FACE('',(#8120),#1284,.T.);
#8120 = FACE_BOUND('',#8121,.T.);
#8121 = EDGE_LOOP('',(#8122,#8150,#8171,#8172,#8173,#8194,#8215,#8243));
#8122 = ORIENTED_EDGE('',*,*,#8123,.F.);
#8123 = EDGE_CURVE('',#8124,#8126,#8128,.T.);
#8124 = VERTEX_POINT('',#8125);
#8125 = CARTESIAN_POINT('',(30.215806762984,-15.14744274331,68.31));
#8126 = VERTEX_POINT('',#8127);
#8127 = CARTESIAN_POINT('',(30.190426912704,-15.19478836451,68.31));
#8128 = SURFACE_CURVE('',#8129,(#8133,#8139),.PCURVE_S1.);
#8129 = LINE('',#8130,#8131);
#8130 = CARTESIAN_POINT('',(28.341615048968,-18.64371123874,68.31));
#8131 = VECTOR('',#8132,1.);
#8132 = DIRECTION('',(-0.472454626764,-0.881354994114,0.));
#8133 = PCURVE('',#1284,#8134);
#8134 = DEFINITIONAL_REPRESENTATION('',(#8135),#8138);
#8135 = B_SPLINE_CURVE_WITH_KNOTS('',1,(#8136,#8137),.UNSPECIFIED.,.F.,
  .F.,(2,2),(-3.966924245935,-2.116277452498),.PIECEWISE_BEZIER_KNOTS.);
#8136 = CARTESIAN_POINT('',(0.,-1.000000000001E-02));
#8137 = CARTESIAN_POINT('',(1.850646793437,-1.000000000001E-02));
#8138 = ( GEOMETRIC_REPRESENTATION_CONTEXT(2) 
PARAMETRIC_REPRESENTATION_CONTEXT() REPRESENTATION_CONTEXT('2D SPACE',''
  ) );
#8139 = PCURVE('',#8140,#8145);
#8140 = PLANE('',#8141);
#8141 = AXIS2_PLACEMENT_3D('',#8142,#8143,#8144);
#8142 = CARTESIAN_POINT('',(26.240310278932,-22.01823467703,68.31));
#8143 = DIRECTION('',(0.,0.,1.));
#8144 = DIRECTION('',(1.,0.,-0.));
#8145 = DEFINITIONAL_REPRESENTATION('',(#8146),#8149);
#8146 = B_SPLINE_CURVE_WITH_KNOTS('',1,(#8147,#8148),.UNSPECIFIED.,.F.,
  .F.,(2,2),(-3.966924245935,-2.116277452498),.PIECEWISE_BEZIER_KNOTS.);
#8147 = CARTESIAN_POINT('',(3.975496484051,6.870791933714));
#8148 = CARTESIAN_POINT('',(3.101149843985,5.239715139978));
#8149 = ( GEOMETRIC_REPRESENTATION_CONTEXT(2) 
PARAMETRIC_REPRESENTATION_CONTEXT() REPRESENTATION_CONTEXT('2D SPACE',''
  ) );
#8150 = ORIENTED_EDGE('',*,*,#8151,.T.);
#8151 = EDGE_CURVE('',#8124,#1241,#8152,.T.);
#8152 = SURFACE_CURVE('',#8153,(#8157,#8164),.PCURVE_S1.);
#8153 = LINE('',#8154,#8155);
#8154 = CARTESIAN_POINT('',(30.215806762984,-15.14744274331,68.3));
#8155 = VECTOR('',#8156,1.);
#8156 = DIRECTION('',(0.,0.,1.));
#8157 = PCURVE('',#1284,#8158);
#8158 = DEFINITIONAL_REPRESENTATION('',(#8159),#8163);
#8159 = LINE('',#8160,#8161);
#8160 = CARTESIAN_POINT('',(0.,0.));
#8161 = VECTOR('',#8162,1.);
#8162 = DIRECTION('',(0.,-1.));
#8163 = ( GEOMETRIC_REPRESENTATION_CONTEXT(2) 
PARAMETRIC_REPRESENTATION_CONTEXT() REPRESENTATION_CONTEXT('2D SPACE',''
  ) );
#8164 = PCURVE('',#1256,#8165);
#8165 = DEFINITIONAL_REPRESENTATION('',(#8166),#8170);
#8166 = LINE('',#8167,#8168);
#8167 = CARTESIAN_POINT('',(1.850646793437,0.));
#8168 = VECTOR('',#8169,1.);
#8169 = DIRECTION('',(0.,-1.));
#8170 = ( GEOMETRIC_REPRESENTATION_CONTEXT(2) 
PARAMETRIC_REPRESENTATION_CONTEXT() REPRESENTATION_CONTEXT('2D SPACE',''
  ) );
#8171 = ORIENTED_EDGE('',*,*,#1268,.T.);
#8172 = ORIENTED_EDGE('',*,*,#8008,.F.);
#8173 = ORIENTED_EDGE('',*,*,#8174,.F.);
#8174 = EDGE_CURVE('',#8175,#7981,#8177,.T.);
#8175 = VERTEX_POINT('',#8176);
#8176 = CARTESIAN_POINT('',(29.363479609468,-16.73744260957,68.31));
#8177 = SURFACE_CURVE('',#8178,(#8182,#8188),.PCURVE_S1.);
#8178 = LINE('',#8179,#8180);
#8179 = CARTESIAN_POINT('',(28.341615048968,-18.64371123874,68.31));
#8180 = VECTOR('',#8181,1.);
#8181 = DIRECTION('',(-0.472454626764,-0.881354994114,0.));
#8182 = PCURVE('',#1284,#8183);
#8183 = DEFINITIONAL_REPRESENTATION('',(#8184),#8187);
#8184 = B_SPLINE_CURVE_WITH_KNOTS('',1,(#8185,#8186),.UNSPECIFIED.,.F.,
  .F.,(2,2),(-3.966924245935,-2.116277452498),.PIECEWISE_BEZIER_KNOTS.);
#8185 = CARTESIAN_POINT('',(0.,-1.000000000001E-02));
#8186 = CARTESIAN_POINT('',(1.850646793437,-1.000000000001E-02));
#8187 = ( GEOMETRIC_REPRESENTATION_CONTEXT(2) 
PARAMETRIC_REPRESENTATION_CONTEXT() REPRESENTATION_CONTEXT('2D SPACE',''
  ) );
#8188 = PCURVE('',#7997,#8189);
#8189 = DEFINITIONAL_REPRESENTATION('',(#8190),#8193);
#8190 = B_SPLINE_CURVE_WITH_KNOTS('',1,(#8191,#8192),.UNSPECIFIED.,.F.,
  .F.,(2,2),(-3.966924245935,-2.116277452498),.PIECEWISE_BEZIER_KNOTS.);
#8191 = CARTESIAN_POINT('',(3.975496484051,6.870791933714));
#8192 = CARTESIAN_POINT('',(3.101149843985,5.239715139978));
#8193 = ( GEOMETRIC_REPRESENTATION_CONTEXT(2) 
PARAMETRIC_REPRESENTATION_CONTEXT() REPRESENTATION_CONTEXT('2D SPACE',''
  ) );
#8194 = ORIENTED_EDGE('',*,*,#8195,.T.);
#8195 = EDGE_CURVE('',#8175,#8196,#8198,.T.);
#8196 = VERTEX_POINT('',#8197);
#8197 = CARTESIAN_POINT('',(29.363479609468,-16.73744260957,68.3));
#8198 = SURFACE_CURVE('',#8199,(#8203,#8209),.PCURVE_S1.);
#8199 = LINE('',#8200,#8201);
#8200 = CARTESIAN_POINT('',(29.363479609468,-16.73744260957,67.4));
#8201 = VECTOR('',#8202,1.);
#8202 = DIRECTION('',(0.,0.,-1.));
#8203 = PCURVE('',#1284,#8204);
#8204 = DEFINITIONAL_REPRESENTATION('',(#8205),#8208);
#8205 = B_SPLINE_CURVE_WITH_KNOTS('',1,(#8206,#8207),.UNSPECIFIED.,.F.,
  .F.,(2,2),(-0.91,-0.9),.PIECEWISE_BEZIER_KNOTS.);
#8206 = CARTESIAN_POINT('',(1.804040229964,-1.000000000001E-02));
#8207 = CARTESIAN_POINT('',(1.804040229964,0.));
#8208 = ( GEOMETRIC_REPRESENTATION_CONTEXT(2) 
PARAMETRIC_REPRESENTATION_CONTEXT() REPRESENTATION_CONTEXT('2D SPACE',''
  ) );
#8209 = PCURVE('',#2942,#8210);
#8210 = DEFINITIONAL_REPRESENTATION('',(#8211),#8214);
#8211 = B_SPLINE_CURVE_WITH_KNOTS('',1,(#8212,#8213),.UNSPECIFIED.,.F.,
  .F.,(2,2),(-0.91,-0.9),.PIECEWISE_BEZIER_KNOTS.);
#8212 = CARTESIAN_POINT('',(0.108268620028,-1.81));
#8213 = CARTESIAN_POINT('',(0.108268620028,-1.8));
#8214 = ( GEOMETRIC_REPRESENTATION_CONTEXT(2) 
PARAMETRIC_REPRESENTATION_CONTEXT() REPRESENTATION_CONTEXT('2D SPACE',''
  ) );
#8215 = ORIENTED_EDGE('',*,*,#8216,.F.);
#8216 = EDGE_CURVE('',#8217,#8196,#8219,.T.);
#8217 = VERTEX_POINT('',#8218);
#8218 = CARTESIAN_POINT('',(30.190426912704,-15.19478836451,68.3));
#8219 = SURFACE_CURVE('',#8220,(#8224,#8231),.PCURVE_S1.);
#8220 = LINE('',#8221,#8222);
#8221 = CARTESIAN_POINT('',(30.215806762984,-15.14744274331,68.3));
#8222 = VECTOR('',#8223,1.);
#8223 = DIRECTION('',(-0.472454626764,-0.881354994114,0.));
#8224 = PCURVE('',#1284,#8225);
#8225 = DEFINITIONAL_REPRESENTATION('',(#8226),#8230);
#8226 = LINE('',#8227,#8228);
#8227 = CARTESIAN_POINT('',(0.,0.));
#8228 = VECTOR('',#8229,1.);
#8229 = DIRECTION('',(1.,0.));
#8230 = ( GEOMETRIC_REPRESENTATION_CONTEXT(2) 
PARAMETRIC_REPRESENTATION_CONTEXT() REPRESENTATION_CONTEXT('2D SPACE',''
  ) );
#8231 = PCURVE('',#8232,#8237);
#8232 = PLANE('',#8233);
#8233 = AXIS2_PLACEMENT_3D('',#8234,#8235,#8236);
#8234 = CARTESIAN_POINT('',(30.232331393345,-11.21328139709,68.3));
#8235 = DIRECTION('',(0.,0.,1.));
#8236 = DIRECTION('',(1.,0.,-0.));
#8237 = DEFINITIONAL_REPRESENTATION('',(#8238),#8242);
#8238 = LINE('',#8239,#8240);
#8239 = CARTESIAN_POINT('',(-1.652463036145E-02,-3.934161346225));
#8240 = VECTOR('',#8241,1.);
#8241 = DIRECTION('',(-0.472454626764,-0.881354994114));
#8242 = ( GEOMETRIC_REPRESENTATION_CONTEXT(2) 
PARAMETRIC_REPRESENTATION_CONTEXT() REPRESENTATION_CONTEXT('2D SPACE',''
  ) );
#8243 = ORIENTED_EDGE('',*,*,#8244,.T.);
#8244 = EDGE_CURVE('',#8217,#8126,#8245,.T.);
#8245 = SURFACE_CURVE('',#8246,(#8250,#8256),.PCURVE_S1.);
#8246 = LINE('',#8247,#8248);
#8247 = CARTESIAN_POINT('',(30.190426912704,-15.19478836451,67.4));
#8248 = VECTOR('',#8249,1.);
#8249 = DIRECTION('',(0.,0.,1.));
#8250 = PCURVE('',#1284,#8251);
#8251 = DEFINITIONAL_REPRESENTATION('',(#8252),#8255);
#8252 = B_SPLINE_CURVE_WITH_KNOTS('',1,(#8253,#8254),.UNSPECIFIED.,.F.,
  .F.,(2,2),(0.9,0.91),.PIECEWISE_BEZIER_KNOTS.);
#8253 = CARTESIAN_POINT('',(5.371912738601E-02,0.));
#8254 = CARTESIAN_POINT('',(5.371912738601E-02,-1.000000000001E-02));
#8255 = ( GEOMETRIC_REPRESENTATION_CONTEXT(2) 
PARAMETRIC_REPRESENTATION_CONTEXT() REPRESENTATION_CONTEXT('2D SPACE',''
  ) );
#8256 = PCURVE('',#2994,#8257);
#8257 = DEFINITIONAL_REPRESENTATION('',(#8258),#8261);
#8258 = B_SPLINE_CURVE_WITH_KNOTS('',1,(#8259,#8260),.UNSPECIFIED.,.F.,
  .F.,(2,2),(0.9,0.91),.PIECEWISE_BEZIER_KNOTS.);
#8259 = CARTESIAN_POINT('',(0.127446678043,-1.8));
#8260 = CARTESIAN_POINT('',(0.127446678043,-1.81));
#8261 = ( GEOMETRIC_REPRESENTATION_CONTEXT(2) 
PARAMETRIC_REPRESENTATION_CONTEXT() REPRESENTATION_CONTEXT('2D SPACE',''
  ) );
#8262 = ADVANCED_FACE('',(#8263),#1256,.T.);
#8263 = FACE_BOUND('',#8264,.T.);
#8264 = EDGE_LOOP('',(#8265,#8293,#8314,#8315,#8316,#8337,#8358,#8386));
#8265 = ORIENTED_EDGE('',*,*,#8266,.F.);
#8266 = EDGE_CURVE('',#8267,#8269,#8271,.T.);
#8267 = VERTEX_POINT('',#8268);
#8268 = CARTESIAN_POINT('',(30.999570158579,-13.47095579323,68.31));
#8269 = VERTEX_POINT('',#8270);
#8270 = CARTESIAN_POINT('',(30.998562783516,-13.4731105904,68.31));
#8271 = SURFACE_CURVE('',#8272,(#8276,#8282),.PCURVE_S1.);
#8272 = LINE('',#8273,#8274);
#8273 = CARTESIAN_POINT('',(28.93316978717,-17.89103113201,68.31));
#8274 = VECTOR('',#8275,1.);
#8275 = DIRECTION('',(-0.423507823521,-0.905892445832,0.));
#8276 = PCURVE('',#1256,#8277);
#8277 = DEFINITIONAL_REPRESENTATION('',(#8278),#8281);
#8278 = B_SPLINE_CURVE_WITH_KNOTS('',1,(#8279,#8280),.UNSPECIFIED.,.F.,
  .F.,(2,2),(-4.879249583226,-3.028602789789),.PIECEWISE_BEZIER_KNOTS.);
#8279 = CARTESIAN_POINT('',(0.,-1.000000000001E-02));
#8280 = CARTESIAN_POINT('',(1.850646793437,-1.000000000001E-02));
#8281 = ( GEOMETRIC_REPRESENTATION_CONTEXT(2) 
PARAMETRIC_REPRESENTATION_CONTEXT() REPRESENTATION_CONTEXT('2D SPACE',''
  ) );
#8282 = PCURVE('',#8283,#8288);
#8283 = PLANE('',#8284);
#8284 = AXIS2_PLACEMENT_3D('',#8285,#8286,#8287);
#8285 = CARTESIAN_POINT('',(26.240310278932,-22.01823467703,68.31));
#8286 = DIRECTION('',(0.,0.,1.));
#8287 = DIRECTION('',(1.,0.,-0.));
#8288 = DEFINITIONAL_REPRESENTATION('',(#8289),#8292);
#8289 = B_SPLINE_CURVE_WITH_KNOTS('',1,(#8290,#8291),.UNSPECIFIED.,.F.,
  .F.,(2,2),(-4.879249583226,-3.028602789789),.PIECEWISE_BEZIER_KNOTS.);
#8290 = CARTESIAN_POINT('',(4.759259879646,8.547278883792));
#8291 = CARTESIAN_POINT('',(3.975496484051,6.870791933714));
#8292 = ( GEOMETRIC_REPRESENTATION_CONTEXT(2) 
PARAMETRIC_REPRESENTATION_CONTEXT() REPRESENTATION_CONTEXT('2D SPACE',''
  ) );
#8293 = ORIENTED_EDGE('',*,*,#8294,.T.);
#8294 = EDGE_CURVE('',#8267,#1213,#8295,.T.);
#8295 = SURFACE_CURVE('',#8296,(#8300,#8307),.PCURVE_S1.);
#8296 = LINE('',#8297,#8298);
#8297 = CARTESIAN_POINT('',(30.999570158579,-13.47095579323,68.3));
#8298 = VECTOR('',#8299,1.);
#8299 = DIRECTION('',(0.,0.,1.));
#8300 = PCURVE('',#1256,#8301);
#8301 = DEFINITIONAL_REPRESENTATION('',(#8302),#8306);
#8302 = LINE('',#8303,#8304);
#8303 = CARTESIAN_POINT('',(0.,0.));
#8304 = VECTOR('',#8305,1.);
#8305 = DIRECTION('',(0.,-1.));
#8306 = ( GEOMETRIC_REPRESENTATION_CONTEXT(2) 
PARAMETRIC_REPRESENTATION_CONTEXT() REPRESENTATION_CONTEXT('2D SPACE',''
  ) );
#8307 = PCURVE('',#1228,#8308);
#8308 = DEFINITIONAL_REPRESENTATION('',(#8309),#8313);
#8309 = LINE('',#8310,#8311);
#8310 = CARTESIAN_POINT('',(1.850646793437,0.));
#8311 = VECTOR('',#8312,1.);
#8312 = DIRECTION('',(0.,-1.));
#8313 = ( GEOMETRIC_REPRESENTATION_CONTEXT(2) 
PARAMETRIC_REPRESENTATION_CONTEXT() REPRESENTATION_CONTEXT('2D SPACE',''
  ) );
#8314 = ORIENTED_EDGE('',*,*,#1240,.T.);
#8315 = ORIENTED_EDGE('',*,*,#8151,.F.);
#8316 = ORIENTED_EDGE('',*,*,#8317,.F.);
#8317 = EDGE_CURVE('',#8318,#8124,#8320,.T.);
#8318 = VERTEX_POINT('',#8319);
#8319 = CARTESIAN_POINT('',(30.225595951587,-15.12650345597,68.31));
#8320 = SURFACE_CURVE('',#8321,(#8325,#8331),.PCURVE_S1.);
#8321 = LINE('',#8322,#8323);
#8322 = CARTESIAN_POINT('',(28.93316978717,-17.89103113201,68.31));
#8323 = VECTOR('',#8324,1.);
#8324 = DIRECTION('',(-0.423507823521,-0.905892445832,0.));
#8325 = PCURVE('',#1256,#8326);
#8326 = DEFINITIONAL_REPRESENTATION('',(#8327),#8330);
#8327 = B_SPLINE_CURVE_WITH_KNOTS('',1,(#8328,#8329),.UNSPECIFIED.,.F.,
  .F.,(2,2),(-4.879249583226,-3.028602789789),.PIECEWISE_BEZIER_KNOTS.);
#8328 = CARTESIAN_POINT('',(0.,-1.000000000001E-02));
#8329 = CARTESIAN_POINT('',(1.850646793437,-1.000000000001E-02));
#8330 = ( GEOMETRIC_REPRESENTATION_CONTEXT(2) 
PARAMETRIC_REPRESENTATION_CONTEXT() REPRESENTATION_CONTEXT('2D SPACE',''
  ) );
#8331 = PCURVE('',#8140,#8332);
#8332 = DEFINITIONAL_REPRESENTATION('',(#8333),#8336);
#8333 = B_SPLINE_CURVE_WITH_KNOTS('',1,(#8334,#8335),.UNSPECIFIED.,.F.,
  .F.,(2,2),(-4.879249583226,-3.028602789789),.PIECEWISE_BEZIER_KNOTS.);
#8334 = CARTESIAN_POINT('',(4.759259879646,8.547278883792));
#8335 = CARTESIAN_POINT('',(3.975496484051,6.870791933714));
#8336 = ( GEOMETRIC_REPRESENTATION_CONTEXT(2) 
PARAMETRIC_REPRESENTATION_CONTEXT() REPRESENTATION_CONTEXT('2D SPACE',''
  ) );
#8337 = ORIENTED_EDGE('',*,*,#8338,.T.);
#8338 = EDGE_CURVE('',#8318,#8339,#8341,.T.);
#8339 = VERTEX_POINT('',#8340);
#8340 = CARTESIAN_POINT('',(30.225595951587,-15.12650345597,68.3));
#8341 = SURFACE_CURVE('',#8342,(#8346,#8352),.PCURVE_S1.);
#8342 = LINE('',#8343,#8344);
#8343 = CARTESIAN_POINT('',(30.225595951587,-15.12650345597,67.4));
#8344 = VECTOR('',#8345,1.);
#8345 = DIRECTION('',(0.,0.,-1.));
#8346 = PCURVE('',#1256,#8347);
#8347 = DEFINITIONAL_REPRESENTATION('',(#8348),#8351);
#8348 = B_SPLINE_CURVE_WITH_KNOTS('',1,(#8349,#8350),.UNSPECIFIED.,.F.,
  .F.,(2,2),(-0.91,-0.9),.PIECEWISE_BEZIER_KNOTS.);
#8349 = CARTESIAN_POINT('',(1.827532253256,-1.000000000001E-02));
#8350 = CARTESIAN_POINT('',(1.827532253256,0.));
#8351 = ( GEOMETRIC_REPRESENTATION_CONTEXT(2) 
PARAMETRIC_REPRESENTATION_CONTEXT() REPRESENTATION_CONTEXT('2D SPACE',''
  ) );
#8352 = PCURVE('',#2994,#8353);
#8353 = DEFINITIONAL_REPRESENTATION('',(#8354),#8357);
#8354 = B_SPLINE_CURVE_WITH_KNOTS('',1,(#8355,#8356),.UNSPECIFIED.,.F.,
  .F.,(2,2),(-0.91,-0.9),.PIECEWISE_BEZIER_KNOTS.);
#8355 = CARTESIAN_POINT('',(5.06372383218E-02,-1.81));
#8356 = CARTESIAN_POINT('',(5.06372383218E-02,-1.8));
#8357 = ( GEOMETRIC_REPRESENTATION_CONTEXT(2) 
PARAMETRIC_REPRESENTATION_CONTEXT() REPRESENTATION_CONTEXT('2D SPACE',''
  ) );
#8358 = ORIENTED_EDGE('',*,*,#8359,.F.);
#8359 = EDGE_CURVE('',#8360,#8339,#8362,.T.);
#8360 = VERTEX_POINT('',#8361);
#8361 = CARTESIAN_POINT('',(30.998562783516,-13.4731105904,68.3));
#8362 = SURFACE_CURVE('',#8363,(#8367,#8374),.PCURVE_S1.);
#8363 = LINE('',#8364,#8365);
#8364 = CARTESIAN_POINT('',(30.999570158579,-13.47095579323,68.3));
#8365 = VECTOR('',#8366,1.);
#8366 = DIRECTION('',(-0.423507823521,-0.905892445832,0.));
#8367 = PCURVE('',#1256,#8368);
#8368 = DEFINITIONAL_REPRESENTATION('',(#8369),#8373);
#8369 = LINE('',#8370,#8371);
#8370 = CARTESIAN_POINT('',(0.,0.));
#8371 = VECTOR('',#8372,1.);
#8372 = DIRECTION('',(1.,0.));
#8373 = ( GEOMETRIC_REPRESENTATION_CONTEXT(2) 
PARAMETRIC_REPRESENTATION_CONTEXT() REPRESENTATION_CONTEXT('2D SPACE',''
  ) );
#8374 = PCURVE('',#8375,#8380);
#8375 = PLANE('',#8376);
#8376 = AXIS2_PLACEMENT_3D('',#8377,#8378,#8379);
#8377 = CARTESIAN_POINT('',(30.232331393345,-11.21328139709,68.3));
#8378 = DIRECTION('',(0.,0.,1.));
#8379 = DIRECTION('',(1.,0.,-0.));
#8380 = DEFINITIONAL_REPRESENTATION('',(#8381),#8385);
#8381 = LINE('',#8382,#8383);
#8382 = CARTESIAN_POINT('',(0.767238765234,-2.257674396146));
#8383 = VECTOR('',#8384,1.);
#8384 = DIRECTION('',(-0.423507823521,-0.905892445832));
#8385 = ( GEOMETRIC_REPRESENTATION_CONTEXT(2) 
PARAMETRIC_REPRESENTATION_CONTEXT() REPRESENTATION_CONTEXT('2D SPACE',''
  ) );
#8386 = ORIENTED_EDGE('',*,*,#8387,.T.);
#8387 = EDGE_CURVE('',#8360,#8269,#8388,.T.);
#8388 = SURFACE_CURVE('',#8389,(#8393,#8399),.PCURVE_S1.);
#8389 = LINE('',#8390,#8391);
#8390 = CARTESIAN_POINT('',(30.998562783516,-13.4731105904,67.4));
#8391 = VECTOR('',#8392,1.);
#8392 = DIRECTION('',(0.,0.,1.));
#8393 = PCURVE('',#1256,#8394);
#8394 = DEFINITIONAL_REPRESENTATION('',(#8395),#8398);
#8395 = B_SPLINE_CURVE_WITH_KNOTS('',1,(#8396,#8397),.UNSPECIFIED.,.F.,
  .F.,(2,2),(0.9,0.91),.PIECEWISE_BEZIER_KNOTS.);
#8396 = CARTESIAN_POINT('',(2.378645699577E-03,0.));
#8397 = CARTESIAN_POINT('',(2.378645699577E-03,-1.000000000001E-02));
#8398 = ( GEOMETRIC_REPRESENTATION_CONTEXT(2) 
PARAMETRIC_REPRESENTATION_CONTEXT() REPRESENTATION_CONTEXT('2D SPACE',''
  ) );
#8399 = PCURVE('',#3072,#8400);
#8400 = DEFINITIONAL_REPRESENTATION('',(#8401),#8404);
#8401 = B_SPLINE_CURVE_WITH_KNOTS('',1,(#8402,#8403),.UNSPECIFIED.,.F.,
  .F.,(2,2),(0.9,0.91),.PIECEWISE_BEZIER_KNOTS.);
#8402 = CARTESIAN_POINT('',(0.879859984836,-1.8));
#8403 = CARTESIAN_POINT('',(0.879859984836,-1.81));
#8404 = ( GEOMETRIC_REPRESENTATION_CONTEXT(2) 
PARAMETRIC_REPRESENTATION_CONTEXT() REPRESENTATION_CONTEXT('2D SPACE',''
  ) );
#8405 = ADVANCED_FACE('',(#8406),#1228,.T.);
#8406 = FACE_BOUND('',#8407,.T.);
#8407 = EDGE_LOOP('',(#8408,#8409,#8430,#8431,#8432,#8453));
#8408 = ORIENTED_EDGE('',*,*,#5536,.F.);
#8409 = ORIENTED_EDGE('',*,*,#8410,.T.);
#8410 = EDGE_CURVE('',#5514,#1185,#8411,.T.);
#8411 = SURFACE_CURVE('',#8412,(#8416,#8423),.PCURVE_S1.);
#8412 = LINE('',#8413,#8414);
#8413 = CARTESIAN_POINT('',(31.690400684163,-11.75408458695,68.3));
#8414 = VECTOR('',#8415,1.);
#8415 = DIRECTION('',(0.,0.,1.));
#8416 = PCURVE('',#1228,#8417);
#8417 = DEFINITIONAL_REPRESENTATION('',(#8418),#8422);
#8418 = LINE('',#8419,#8420);
#8419 = CARTESIAN_POINT('',(0.,0.));
#8420 = VECTOR('',#8421,1.);
#8421 = DIRECTION('',(0.,-1.));
#8422 = ( GEOMETRIC_REPRESENTATION_CONTEXT(2) 
PARAMETRIC_REPRESENTATION_CONTEXT() REPRESENTATION_CONTEXT('2D SPACE',''
  ) );
#8423 = PCURVE('',#1200,#8424);
#8424 = DEFINITIONAL_REPRESENTATION('',(#8425),#8429);
#8425 = LINE('',#8426,#8427);
#8426 = CARTESIAN_POINT('',(1.850646793437,0.));
#8427 = VECTOR('',#8428,1.);
#8428 = DIRECTION('',(0.,-1.));
#8429 = ( GEOMETRIC_REPRESENTATION_CONTEXT(2) 
PARAMETRIC_REPRESENTATION_CONTEXT() REPRESENTATION_CONTEXT('2D SPACE',''
  ) );
#8430 = ORIENTED_EDGE('',*,*,#1212,.T.);
#8431 = ORIENTED_EDGE('',*,*,#8294,.F.);
#8432 = ORIENTED_EDGE('',*,*,#8433,.F.);
#8433 = EDGE_CURVE('',#8434,#8267,#8436,.T.);
#8434 = VERTEX_POINT('',#8435);
#8435 = CARTESIAN_POINT('',(31.002033079225,-13.46483487445,68.31));
#8436 = SURFACE_CURVE('',#8437,(#8441,#8447),.PCURVE_S1.);
#8437 = LINE('',#8438,#8439);
#8438 = CARTESIAN_POINT('',(29.533398116424,-17.11472726744,68.31));
#8439 = VECTOR('',#8440,1.);
#8440 = DIRECTION('',(-0.373291396302,-0.927714144253,0.));
#8441 = PCURVE('',#1228,#8442);
#8442 = DEFINITIONAL_REPRESENTATION('',(#8443),#8446);
#8443 = B_SPLINE_CURVE_WITH_KNOTS('',1,(#8444,#8445),.UNSPECIFIED.,.F.,
  .F.,(2,2),(-4.799996246232,-3.927687743885),.PIECEWISE_BEZIER_KNOTS.);
#8444 = CARTESIAN_POINT('',(0.978338291089,-1.000000000001E-02));
#8445 = CARTESIAN_POINT('',(1.850646793437,-1.000000000001E-02));
#8446 = ( GEOMETRIC_REPRESENTATION_CONTEXT(2) 
PARAMETRIC_REPRESENTATION_CONTEXT() REPRESENTATION_CONTEXT('2D SPACE',''
  ) );
#8447 = PCURVE('',#8283,#8448);
#8448 = DEFINITIONAL_REPRESENTATION('',(#8449),#8452);
#8449 = B_SPLINE_CURVE_WITH_KNOTS('',1,(#8450,#8451),.UNSPECIFIED.,.F.,
  .F.,(2,2),(-4.799996246232,-3.927687743885),.PIECEWISE_BEZIER_KNOTS.);
#8450 = CARTESIAN_POINT('',(5.084885138494,9.356531819572));
#8451 = CARTESIAN_POINT('',(4.759259879646,8.547278883792));
#8452 = ( GEOMETRIC_REPRESENTATION_CONTEXT(2) 
PARAMETRIC_REPRESENTATION_CONTEXT() REPRESENTATION_CONTEXT('2D SPACE',''
  ) );
#8453 = ORIENTED_EDGE('',*,*,#8454,.T.);
#8454 = EDGE_CURVE('',#8434,#5537,#8455,.T.);
#8455 = SURFACE_CURVE('',#8456,(#8460,#8466),.PCURVE_S1.);
#8456 = LINE('',#8457,#8458);
#8457 = CARTESIAN_POINT('',(31.002033079225,-13.46483487445,67.4));
#8458 = VECTOR('',#8459,1.);
#8459 = DIRECTION('',(0.,0.,-1.));
#8460 = PCURVE('',#1228,#8461);
#8461 = DEFINITIONAL_REPRESENTATION('',(#8462),#8465);
#8462 = B_SPLINE_CURVE_WITH_KNOTS('',1,(#8463,#8464),.UNSPECIFIED.,.F.,
  .F.,(2,2),(-0.91,-0.9),.PIECEWISE_BEZIER_KNOTS.);
#8463 = CARTESIAN_POINT('',(1.844048943419,-1.000000000001E-02));
#8464 = CARTESIAN_POINT('',(1.844048943419,0.));
#8465 = ( GEOMETRIC_REPRESENTATION_CONTEXT(2) 
PARAMETRIC_REPRESENTATION_CONTEXT() REPRESENTATION_CONTEXT('2D SPACE',''
  ) );
#8466 = PCURVE('',#3072,#8467);
#8467 = DEFINITIONAL_REPRESENTATION('',(#8468),#8471);
#8468 = B_SPLINE_CURVE_WITH_KNOTS('',1,(#8469,#8470),.UNSPECIFIED.,.F.,
  .F.,(2,2),(-0.91,-0.9),.PIECEWISE_BEZIER_KNOTS.);
#8469 = CARTESIAN_POINT('',(0.870886110152,-1.81));
#8470 = CARTESIAN_POINT('',(0.870886110152,-1.8));
#8471 = ( GEOMETRIC_REPRESENTATION_CONTEXT(2) 
PARAMETRIC_REPRESENTATION_CONTEXT() REPRESENTATION_CONTEXT('2D SPACE',''
  ) );
#8472 = ADVANCED_FACE('',(#8473),#1200,.T.);
#8473 = FACE_BOUND('',#8474,.T.);
#8474 = EDGE_LOOP('',(#8475,#8496,#8497,#8498));
#8475 = ORIENTED_EDGE('',*,*,#8476,.T.);
#8476 = EDGE_CURVE('',#5491,#1157,#8477,.T.);
#8477 = SURFACE_CURVE('',#8478,(#8482,#8489),.PCURVE_S1.);
#8478 = LINE('',#8479,#8480);
#8479 = CARTESIAN_POINT('',(32.286227315426,-10.00197609158,68.3));
#8480 = VECTOR('',#8481,1.);
#8481 = DIRECTION('',(0.,0.,1.));
#8482 = PCURVE('',#1200,#8483);
#8483 = DEFINITIONAL_REPRESENTATION('',(#8484),#8488);
#8484 = LINE('',#8485,#8486);
#8485 = CARTESIAN_POINT('',(0.,0.));
#8486 = VECTOR('',#8487,1.);
#8487 = DIRECTION('',(0.,-1.));
#8488 = ( GEOMETRIC_REPRESENTATION_CONTEXT(2) 
PARAMETRIC_REPRESENTATION_CONTEXT() REPRESENTATION_CONTEXT('2D SPACE',''
  ) );
#8489 = PCURVE('',#1172,#8490);
#8490 = DEFINITIONAL_REPRESENTATION('',(#8491),#8495);
#8491 = LINE('',#8492,#8493);
#8492 = CARTESIAN_POINT('',(1.850646793437,0.));
#8493 = VECTOR('',#8494,1.);
#8494 = DIRECTION('',(0.,-1.));
#8495 = ( GEOMETRIC_REPRESENTATION_CONTEXT(2) 
PARAMETRIC_REPRESENTATION_CONTEXT() REPRESENTATION_CONTEXT('2D SPACE',''
  ) );
#8496 = ORIENTED_EDGE('',*,*,#1184,.T.);
#8497 = ORIENTED_EDGE('',*,*,#8410,.F.);
#8498 = ORIENTED_EDGE('',*,*,#5513,.F.);
#8499 = ADVANCED_FACE('',(#8500),#1172,.T.);
#8500 = FACE_BOUND('',#8501,.T.);
#8501 = EDGE_LOOP('',(#8502,#8523,#8524,#8525));
#8502 = ORIENTED_EDGE('',*,*,#8503,.T.);
#8503 = EDGE_CURVE('',#5468,#1129,#8504,.T.);
#8504 = SURFACE_CURVE('',#8505,(#8509,#8516),.PCURVE_S1.);
#8505 = LINE('',#8506,#8507);
#8506 = CARTESIAN_POINT('',(32.78526383796,-8.219882911294,68.3));
#8507 = VECTOR('',#8508,1.);
#8508 = DIRECTION('',(0.,0.,1.));
#8509 = PCURVE('',#1172,#8510);
#8510 = DEFINITIONAL_REPRESENTATION('',(#8511),#8515);
#8511 = LINE('',#8512,#8513);
#8512 = CARTESIAN_POINT('',(0.,0.));
#8513 = VECTOR('',#8514,1.);
#8514 = DIRECTION('',(0.,-1.));
#8515 = ( GEOMETRIC_REPRESENTATION_CONTEXT(2) 
PARAMETRIC_REPRESENTATION_CONTEXT() REPRESENTATION_CONTEXT('2D SPACE',''
  ) );
#8516 = PCURVE('',#1144,#8517);
#8517 = DEFINITIONAL_REPRESENTATION('',(#8518),#8522);
#8518 = LINE('',#8519,#8520);
#8519 = CARTESIAN_POINT('',(1.850646793437,0.));
#8520 = VECTOR('',#8521,1.);
#8521 = DIRECTION('',(0.,-1.));
#8522 = ( GEOMETRIC_REPRESENTATION_CONTEXT(2) 
PARAMETRIC_REPRESENTATION_CONTEXT() REPRESENTATION_CONTEXT('2D SPACE',''
  ) );
#8523 = ORIENTED_EDGE('',*,*,#1156,.T.);
#8524 = ORIENTED_EDGE('',*,*,#8476,.F.);
#8525 = ORIENTED_EDGE('',*,*,#5490,.F.);
#8526 = ADVANCED_FACE('',(#8527),#1144,.T.);
#8527 = FACE_BOUND('',#8528,.T.);
#8528 = EDGE_LOOP('',(#8529,#8550,#8551,#8552));
#8529 = ORIENTED_EDGE('',*,*,#8530,.T.);
#8530 = EDGE_CURVE('',#5445,#1101,#8531,.T.);
#8531 = SURFACE_CURVE('',#8532,(#8536,#8543),.PCURVE_S1.);
#8532 = LINE('',#8533,#8534);
#8533 = CARTESIAN_POINT('',(33.186014202107,-6.413147540606,68.3));
#8534 = VECTOR('',#8535,1.);
#8535 = DIRECTION('',(0.,0.,1.));
#8536 = PCURVE('',#1144,#8537);
#8537 = DEFINITIONAL_REPRESENTATION('',(#8538),#8542);
#8538 = LINE('',#8539,#8540);
#8539 = CARTESIAN_POINT('',(0.,0.));
#8540 = VECTOR('',#8541,1.);
#8541 = DIRECTION('',(0.,-1.));
#8542 = ( GEOMETRIC_REPRESENTATION_CONTEXT(2) 
PARAMETRIC_REPRESENTATION_CONTEXT() REPRESENTATION_CONTEXT('2D SPACE',''
  ) );
#8543 = PCURVE('',#1116,#8544);
#8544 = DEFINITIONAL_REPRESENTATION('',(#8545),#8549);
#8545 = LINE('',#8546,#8547);
#8546 = CARTESIAN_POINT('',(1.850646793437,0.));
#8547 = VECTOR('',#8548,1.);
#8548 = DIRECTION('',(0.,-1.));
#8549 = ( GEOMETRIC_REPRESENTATION_CONTEXT(2) 
PARAMETRIC_REPRESENTATION_CONTEXT() REPRESENTATION_CONTEXT('2D SPACE',''
  ) );
#8550 = ORIENTED_EDGE('',*,*,#1128,.T.);
#8551 = ORIENTED_EDGE('',*,*,#8503,.F.);
#8552 = ORIENTED_EDGE('',*,*,#5467,.F.);
#8553 = ADVANCED_FACE('',(#8554),#1116,.T.);
#8554 = FACE_BOUND('',#8555,.T.);
#8555 = EDGE_LOOP('',(#8556,#8577,#8578,#8579));
#8556 = ORIENTED_EDGE('',*,*,#8557,.T.);
#8557 = EDGE_CURVE('',#5422,#1073,#8558,.T.);
#8558 = SURFACE_CURVE('',#8559,(#8563,#8570),.PCURVE_S1.);
#8559 = LINE('',#8560,#8561);
#8560 = CARTESIAN_POINT('',(33.487277007935,-4.58718634828,68.3));
#8561 = VECTOR('',#8562,1.);
#8562 = DIRECTION('',(0.,0.,1.));
#8563 = PCURVE('',#1116,#8564);
#8564 = DEFINITIONAL_REPRESENTATION('',(#8565),#8569);
#8565 = LINE('',#8566,#8567);
#8566 = CARTESIAN_POINT('',(0.,0.));
#8567 = VECTOR('',#8568,1.);
#8568 = DIRECTION('',(0.,-1.));
#8569 = ( GEOMETRIC_REPRESENTATION_CONTEXT(2) 
PARAMETRIC_REPRESENTATION_CONTEXT() REPRESENTATION_CONTEXT('2D SPACE',''
  ) );
#8570 = PCURVE('',#1088,#8571);
#8571 = DEFINITIONAL_REPRESENTATION('',(#8572),#8576);
#8572 = LINE('',#8573,#8574);
#8573 = CARTESIAN_POINT('',(1.850646793437,0.));
#8574 = VECTOR('',#8575,1.);
#8575 = DIRECTION('',(0.,-1.));
#8576 = ( GEOMETRIC_REPRESENTATION_CONTEXT(2) 
PARAMETRIC_REPRESENTATION_CONTEXT() REPRESENTATION_CONTEXT('2D SPACE',''
  ) );
#8577 = ORIENTED_EDGE('',*,*,#1100,.T.);
#8578 = ORIENTED_EDGE('',*,*,#8530,.F.);
#8579 = ORIENTED_EDGE('',*,*,#5444,.F.);
#8580 = ADVANCED_FACE('',(#8581),#1088,.T.);
#8581 = FACE_BOUND('',#8582,.T.);
#8582 = EDGE_LOOP('',(#8583,#8604,#8605,#8606));
#8583 = ORIENTED_EDGE('',*,*,#8584,.T.);
#8584 = EDGE_CURVE('',#5399,#1045,#8585,.T.);
#8585 = SURFACE_CURVE('',#8586,(#8590,#8597),.PCURVE_S1.);
#8586 = LINE('',#8587,#8588);
#8587 = CARTESIAN_POINT('',(33.688149106884,-2.747473339704,68.3));
#8588 = VECTOR('',#8589,1.);
#8589 = DIRECTION('',(0.,0.,1.));
#8590 = PCURVE('',#1088,#8591);
#8591 = DEFINITIONAL_REPRESENTATION('',(#8592),#8596);
#8592 = LINE('',#8593,#8594);
#8593 = CARTESIAN_POINT('',(0.,0.));
#8594 = VECTOR('',#8595,1.);
#8595 = DIRECTION('',(0.,-1.));
#8596 = ( GEOMETRIC_REPRESENTATION_CONTEXT(2) 
PARAMETRIC_REPRESENTATION_CONTEXT() REPRESENTATION_CONTEXT('2D SPACE',''
  ) );
#8597 = PCURVE('',#1060,#8598);
#8598 = DEFINITIONAL_REPRESENTATION('',(#8599),#8603);
#8599 = LINE('',#8600,#8601);
#8600 = CARTESIAN_POINT('',(1.850646793437,0.));
#8601 = VECTOR('',#8602,1.);
#8602 = DIRECTION('',(0.,-1.));
#8603 = ( GEOMETRIC_REPRESENTATION_CONTEXT(2) 
PARAMETRIC_REPRESENTATION_CONTEXT() REPRESENTATION_CONTEXT('2D SPACE',''
  ) );
#8604 = ORIENTED_EDGE('',*,*,#1072,.T.);
#8605 = ORIENTED_EDGE('',*,*,#8557,.F.);
#8606 = ORIENTED_EDGE('',*,*,#5421,.F.);
#8607 = ADVANCED_FACE('',(#8608),#1060,.T.);
#8608 = FACE_BOUND('',#8609,.T.);
#8609 = EDGE_LOOP('',(#8610,#8631,#8632,#8633));
#8610 = ORIENTED_EDGE('',*,*,#8611,.T.);
#8611 = EDGE_CURVE('',#5376,#1017,#8612,.T.);
#8612 = SURFACE_CURVE('',#8613,(#8617,#8624),.PCURVE_S1.);
#8613 = LINE('',#8614,#8615);
#8614 = CARTESIAN_POINT('',(33.788028309291,-0.89952374651,68.3));
#8615 = VECTOR('',#8616,1.);
#8616 = DIRECTION('',(0.,0.,1.));
#8617 = PCURVE('',#1060,#8618);
#8618 = DEFINITIONAL_REPRESENTATION('',(#8619),#8623);
#8619 = LINE('',#8620,#8621);
#8620 = CARTESIAN_POINT('',(0.,0.));
#8621 = VECTOR('',#8622,1.);
#8622 = DIRECTION('',(0.,-1.));
#8623 = ( GEOMETRIC_REPRESENTATION_CONTEXT(2) 
PARAMETRIC_REPRESENTATION_CONTEXT() REPRESENTATION_CONTEXT('2D SPACE',''
  ) );
#8624 = PCURVE('',#1032,#8625);
#8625 = DEFINITIONAL_REPRESENTATION('',(#8626),#8630);
#8626 = LINE('',#8627,#8628);
#8627 = CARTESIAN_POINT('',(1.850646793437,0.));
#8628 = VECTOR('',#8629,1.);
#8629 = DIRECTION('',(0.,-1.));
#8630 = ( GEOMETRIC_REPRESENTATION_CONTEXT(2) 
PARAMETRIC_REPRESENTATION_CONTEXT() REPRESENTATION_CONTEXT('2D SPACE',''
  ) );
#8631 = ORIENTED_EDGE('',*,*,#1044,.T.);
#8632 = ORIENTED_EDGE('',*,*,#8584,.F.);
#8633 = ORIENTED_EDGE('',*,*,#5398,.F.);
#8634 = ADVANCED_FACE('',(#8635),#1032,.T.);
#8635 = FACE_BOUND('',#8636,.T.);
#8636 = EDGE_LOOP('',(#8637,#8658,#8659,#8660));
#8637 = ORIENTED_EDGE('',*,*,#8638,.T.);
#8638 = EDGE_CURVE('',#5353,#989,#8639,.T.);
#8639 = SURFACE_CURVE('',#8640,(#8644,#8651),.PCURVE_S1.);
#8640 = LINE('',#8641,#8642);
#8641 = CARTESIAN_POINT('',(33.786615189686,0.95112250741,68.3));
#8642 = VECTOR('',#8643,1.);
#8643 = DIRECTION('',(0.,0.,1.));
#8644 = PCURVE('',#1032,#8645);
#8645 = DEFINITIONAL_REPRESENTATION('',(#8646),#8650);
#8646 = LINE('',#8647,#8648);
#8647 = CARTESIAN_POINT('',(0.,0.));
#8648 = VECTOR('',#8649,1.);
#8649 = DIRECTION('',(0.,-1.));
#8650 = ( GEOMETRIC_REPRESENTATION_CONTEXT(2) 
PARAMETRIC_REPRESENTATION_CONTEXT() REPRESENTATION_CONTEXT('2D SPACE',''
  ) );
#8651 = PCURVE('',#1004,#8652);
#8652 = DEFINITIONAL_REPRESENTATION('',(#8653),#8657);
#8653 = LINE('',#8654,#8655);
#8654 = CARTESIAN_POINT('',(1.850646793437,0.));
#8655 = VECTOR('',#8656,1.);
#8656 = DIRECTION('',(0.,-1.));
#8657 = ( GEOMETRIC_REPRESENTATION_CONTEXT(2) 
PARAMETRIC_REPRESENTATION_CONTEXT() REPRESENTATION_CONTEXT('2D SPACE',''
  ) );
#8658 = ORIENTED_EDGE('',*,*,#1016,.T.);
#8659 = ORIENTED_EDGE('',*,*,#8611,.F.);
#8660 = ORIENTED_EDGE('',*,*,#5375,.F.);
#8661 = ADVANCED_FACE('',(#8662),#1004,.T.);
#8662 = FACE_BOUND('',#8663,.T.);
#8663 = EDGE_LOOP('',(#8664,#8685,#8686,#8687));
#8664 = ORIENTED_EDGE('',*,*,#8665,.T.);
#8665 = EDGE_CURVE('',#5330,#961,#8666,.T.);
#8666 = SURFACE_CURVE('',#8667,(#8671,#8678),.PCURVE_S1.);
#8667 = LINE('',#8668,#8669);
#8668 = CARTESIAN_POINT('',(33.683913984424,2.798917413913,68.3));
#8669 = VECTOR('',#8670,1.);
#8670 = DIRECTION('',(0.,0.,1.));
#8671 = PCURVE('',#1004,#8672);
#8672 = DEFINITIONAL_REPRESENTATION('',(#8673),#8677);
#8673 = LINE('',#8674,#8675);
#8674 = CARTESIAN_POINT('',(0.,0.));
#8675 = VECTOR('',#8676,1.);
#8676 = DIRECTION('',(0.,-1.));
#8677 = ( GEOMETRIC_REPRESENTATION_CONTEXT(2) 
PARAMETRIC_REPRESENTATION_CONTEXT() REPRESENTATION_CONTEXT('2D SPACE',''
  ) );
#8678 = PCURVE('',#976,#8679);
#8679 = DEFINITIONAL_REPRESENTATION('',(#8680),#8684);
#8680 = LINE('',#8681,#8682);
#8681 = CARTESIAN_POINT('',(1.850646793437,0.));
#8682 = VECTOR('',#8683,1.);
#8683 = DIRECTION('',(0.,-1.));
#8684 = ( GEOMETRIC_REPRESENTATION_CONTEXT(2) 
PARAMETRIC_REPRESENTATION_CONTEXT() REPRESENTATION_CONTEXT('2D SPACE',''
  ) );
#8685 = ORIENTED_EDGE('',*,*,#988,.T.);
#8686 = ORIENTED_EDGE('',*,*,#8638,.F.);
#8687 = ORIENTED_EDGE('',*,*,#5352,.F.);
#8688 = ADVANCED_FACE('',(#8689),#976,.T.);
#8689 = FACE_BOUND('',#8690,.T.);
#8690 = EDGE_LOOP('',(#8691,#8712,#8713,#8714));
#8691 = ORIENTED_EDGE('',*,*,#8692,.T.);
#8692 = EDGE_CURVE('',#5307,#933,#8693,.T.);
#8693 = SURFACE_CURVE('',#8694,(#8698,#8705),.PCURVE_S1.);
#8694 = LINE('',#8695,#8696);
#8695 = CARTESIAN_POINT('',(33.480232578994,4.638321512837,68.3));
#8696 = VECTOR('',#8697,1.);
#8697 = DIRECTION('',(0.,0.,1.));
#8698 = PCURVE('',#976,#8699);
#8699 = DEFINITIONAL_REPRESENTATION('',(#8700),#8704);
#8700 = LINE('',#8701,#8702);
#8701 = CARTESIAN_POINT('',(0.,0.));
#8702 = VECTOR('',#8703,1.);
#8703 = DIRECTION('',(0.,-1.));
#8704 = ( GEOMETRIC_REPRESENTATION_CONTEXT(2) 
PARAMETRIC_REPRESENTATION_CONTEXT() REPRESENTATION_CONTEXT('2D SPACE',''
  ) );
#8705 = PCURVE('',#948,#8706);
#8706 = DEFINITIONAL_REPRESENTATION('',(#8707),#8711);
#8707 = LINE('',#8708,#8709);
#8708 = CARTESIAN_POINT('',(1.850646793437,0.));
#8709 = VECTOR('',#8710,1.);
#8710 = DIRECTION('',(0.,-1.));
#8711 = ( GEOMETRIC_REPRESENTATION_CONTEXT(2) 
PARAMETRIC_REPRESENTATION_CONTEXT() REPRESENTATION_CONTEXT('2D SPACE',''
  ) );
#8712 = ORIENTED_EDGE('',*,*,#960,.T.);
#8713 = ORIENTED_EDGE('',*,*,#8665,.F.);
#8714 = ORIENTED_EDGE('',*,*,#5329,.F.);
#8715 = ADVANCED_FACE('',(#8716),#948,.T.);
#8716 = FACE_BOUND('',#8717,.T.);
#8717 = EDGE_LOOP('',(#8718,#8739,#8740,#8741));
#8718 = ORIENTED_EDGE('',*,*,#8719,.T.);
#8719 = EDGE_CURVE('',#5284,#905,#8720,.T.);
#8720 = SURFACE_CURVE('',#8721,(#8725,#8732),.PCURVE_S1.);
#8721 = LINE('',#8722,#8723);
#8722 = CARTESIAN_POINT('',(33.17618158501,6.463820498625,68.3));
#8723 = VECTOR('',#8724,1.);
#8724 = DIRECTION('',(0.,0.,1.));
#8725 = PCURVE('',#948,#8726);
#8726 = DEFINITIONAL_REPRESENTATION('',(#8727),#8731);
#8727 = LINE('',#8728,#8729);
#8728 = CARTESIAN_POINT('',(0.,0.));
#8729 = VECTOR('',#8730,1.);
#8730 = DIRECTION('',(0.,-1.));
#8731 = ( GEOMETRIC_REPRESENTATION_CONTEXT(2) 
PARAMETRIC_REPRESENTATION_CONTEXT() REPRESENTATION_CONTEXT('2D SPACE',''
  ) );
#8732 = PCURVE('',#920,#8733);
#8733 = DEFINITIONAL_REPRESENTATION('',(#8734),#8738);
#8734 = LINE('',#8735,#8736);
#8735 = CARTESIAN_POINT('',(1.850646793437,0.));
#8736 = VECTOR('',#8737,1.);
#8737 = DIRECTION('',(0.,-1.));
#8738 = ( GEOMETRIC_REPRESENTATION_CONTEXT(2) 
PARAMETRIC_REPRESENTATION_CONTEXT() REPRESENTATION_CONTEXT('2D SPACE',''
  ) );
#8739 = ORIENTED_EDGE('',*,*,#932,.T.);
#8740 = ORIENTED_EDGE('',*,*,#8692,.F.);
#8741 = ORIENTED_EDGE('',*,*,#5306,.F.);
#8742 = ADVANCED_FACE('',(#8743),#920,.T.);
#8743 = FACE_BOUND('',#8744,.T.);
#8744 = EDGE_LOOP('',(#8745,#8766,#8767,#8768));
#8745 = ORIENTED_EDGE('',*,*,#8746,.T.);
#8746 = EDGE_CURVE('',#5261,#877,#8747,.T.);
#8747 = SURFACE_CURVE('',#8748,(#8752,#8759),.PCURVE_S1.);
#8748 = LINE('',#8749,#8750);
#8749 = CARTESIAN_POINT('',(32.772672509674,8.269941751526,68.3));
#8750 = VECTOR('',#8751,1.);
#8751 = DIRECTION('',(0.,0.,1.));
#8752 = PCURVE('',#920,#8753);
#8753 = DEFINITIONAL_REPRESENTATION('',(#8754),#8758);
#8754 = LINE('',#8755,#8756);
#8755 = CARTESIAN_POINT('',(0.,0.));
#8756 = VECTOR('',#8757,1.);
#8757 = DIRECTION('',(0.,-1.));
#8758 = ( GEOMETRIC_REPRESENTATION_CONTEXT(2) 
PARAMETRIC_REPRESENTATION_CONTEXT() REPRESENTATION_CONTEXT('2D SPACE',''
  ) );
#8759 = PCURVE('',#892,#8760);
#8760 = DEFINITIONAL_REPRESENTATION('',(#8761),#8765);
#8761 = LINE('',#8762,#8763);
#8762 = CARTESIAN_POINT('',(1.850646793437,0.));
#8763 = VECTOR('',#8764,1.);
#8764 = DIRECTION('',(0.,-1.));
#8765 = ( GEOMETRIC_REPRESENTATION_CONTEXT(2) 
PARAMETRIC_REPRESENTATION_CONTEXT() REPRESENTATION_CONTEXT('2D SPACE',''
  ) );
#8766 = ORIENTED_EDGE('',*,*,#904,.T.);
#8767 = ORIENTED_EDGE('',*,*,#8719,.F.);
#8768 = ORIENTED_EDGE('',*,*,#5283,.F.);
#8769 = ADVANCED_FACE('',(#8770),#892,.T.);
#8770 = FACE_BOUND('',#8771,.T.);
#8771 = EDGE_LOOP('',(#8772,#8773,#8774,#8775));
#8772 = ORIENTED_EDGE('',*,*,#5139,.T.);
#8773 = ORIENTED_EDGE('',*,*,#876,.T.);
#8774 = ORIENTED_EDGE('',*,*,#8746,.F.);
#8775 = ORIENTED_EDGE('',*,*,#5260,.F.);
#8776 = ADVANCED_FACE('',(#8777),#1586,.F.);
#8777 = FACE_BOUND('',#8778,.F.);
#8778 = EDGE_LOOP('',(#8779,#8780,#8781,#8782,#8783));
#8779 = ORIENTED_EDGE('',*,*,#6799,.F.);
#8780 = ORIENTED_EDGE('',*,*,#1570,.F.);
#8781 = ORIENTED_EDGE('',*,*,#1725,.T.);
#8782 = ORIENTED_EDGE('',*,*,#3784,.T.);
#8783 = ORIENTED_EDGE('',*,*,#3918,.T.);
#8784 = ADVANCED_FACE('',(#8785),#1663,.T.);
#8785 = FACE_BOUND('',#8786,.T.);
#8786 = EDGE_LOOP('',(#8787,#8788,#8811,#8830));
#8787 = ORIENTED_EDGE('',*,*,#2464,.T.);
#8788 = ORIENTED_EDGE('',*,*,#8789,.T.);
#8789 = EDGE_CURVE('',#2465,#8790,#8792,.T.);
#8790 = VERTEX_POINT('',#8791);
#8791 = CARTESIAN_POINT('',(18.655470103548,-28.18534078587,68.3));
#8792 = SURFACE_CURVE('',#8793,(#8797,#8804),.PCURVE_S1.);
#8793 = LINE('',#8794,#8795);
#8794 = CARTESIAN_POINT('',(18.655470103548,-28.18534078587,66.5));
#8795 = VECTOR('',#8796,1.);
#8796 = DIRECTION('',(0.,0.,1.));
#8797 = PCURVE('',#1663,#8798);
#8798 = DEFINITIONAL_REPRESENTATION('',(#8799),#8803);
#8799 = LINE('',#8800,#8801);
#8800 = CARTESIAN_POINT('',(0.,0.));
#8801 = VECTOR('',#8802,1.);
#8802 = DIRECTION('',(0.,-1.));
#8803 = ( GEOMETRIC_REPRESENTATION_CONTEXT(2) 
PARAMETRIC_REPRESENTATION_CONTEXT() REPRESENTATION_CONTEXT('2D SPACE',''
  ) );
#8804 = PCURVE('',#2500,#8805);
#8805 = DEFINITIONAL_REPRESENTATION('',(#8806),#8810);
#8806 = LINE('',#8807,#8808);
#8807 = CARTESIAN_POINT('',(0.884856660623,0.));
#8808 = VECTOR('',#8809,1.);
#8809 = DIRECTION('',(0.,-1.));
#8810 = ( GEOMETRIC_REPRESENTATION_CONTEXT(2) 
PARAMETRIC_REPRESENTATION_CONTEXT() REPRESENTATION_CONTEXT('2D SPACE',''
  ) );
#8811 = ORIENTED_EDGE('',*,*,#8812,.F.);
#8812 = EDGE_CURVE('',#1648,#8790,#8813,.T.);
#8813 = SURFACE_CURVE('',#8814,(#8818,#8824),.PCURVE_S1.);
#8814 = LINE('',#8815,#8816);
#8815 = CARTESIAN_POINT('',(26.61087614571,-23.06825167129,68.3));
#8816 = VECTOR('',#8817,1.);
#8817 = DIRECTION('',(0.841039012964,0.540974471368,-0.));
#8818 = PCURVE('',#1663,#8819);
#8819 = DEFINITIONAL_REPRESENTATION('',(#8820),#8823);
#8820 = B_SPLINE_CURVE_WITH_KNOTS('',1,(#8821,#8822),.UNSPECIFIED.,.F.,
  .F.,(2,2),(-10.34387808475,-9.459021424134),.PIECEWISE_BEZIER_KNOTS.);
#8821 = CARTESIAN_POINT('',(0.884856660623,-1.8));
#8822 = CARTESIAN_POINT('',(0.,-1.8));
#8823 = ( GEOMETRIC_REPRESENTATION_CONTEXT(2) 
PARAMETRIC_REPRESENTATION_CONTEXT() REPRESENTATION_CONTEXT('2D SPACE',''
  ) );
#8824 = PCURVE('',#6945,#8825);
#8825 = DEFINITIONAL_REPRESENTATION('',(#8826),#8829);
#8826 = B_SPLINE_CURVE_WITH_KNOTS('',1,(#8827,#8828),.UNSPECIFIED.,.F.,
  .F.,(2,2),(-10.34387808475,-9.459021424134),.PIECEWISE_BEZIER_KNOTS.);
#8827 = CARTESIAN_POINT('',(-12.32106026226,-17.45074425299));
#8828 = CARTESIAN_POINT('',(-11.57686128979,-16.97205938877));
#8829 = ( GEOMETRIC_REPRESENTATION_CONTEXT(2) 
PARAMETRIC_REPRESENTATION_CONTEXT() REPRESENTATION_CONTEXT('2D SPACE',''
  ) );
#8830 = ORIENTED_EDGE('',*,*,#1647,.F.);
#8831 = ADVANCED_FACE('',(#8832),#1766,.T.);
#8832 = FACE_BOUND('',#8833,.T.);
#8833 = EDGE_LOOP('',(#8834,#8835,#8836,#8837,#8858,#8886,#8907,#8933));
#8834 = ORIENTED_EDGE('',*,*,#1749,.T.);
#8835 = ORIENTED_EDGE('',*,*,#5606,.T.);
#8836 = ORIENTED_EDGE('',*,*,#6042,.F.);
#8837 = ORIENTED_EDGE('',*,*,#8838,.F.);
#8838 = EDGE_CURVE('',#8839,#6015,#8841,.T.);
#8839 = VERTEX_POINT('',#8840);
#8840 = CARTESIAN_POINT('',(-3.840127480575,33.580965652801,68.31));
#8841 = SURFACE_CURVE('',#8842,(#8846,#8852),.PCURVE_S1.);
#8842 = LINE('',#8843,#8844);
#8843 = CARTESIAN_POINT('',(-3.840127480573,33.580965652801,67.4));
#8844 = VECTOR('',#8845,1.);
#8845 = DIRECTION('',(0.,0.,-1.));
#8846 = PCURVE('',#1766,#8847);
#8847 = DEFINITIONAL_REPRESENTATION('',(#8848),#8851);
#8848 = B_SPLINE_CURVE_WITH_KNOTS('',1,(#8849,#8850),.UNSPECIFIED.,.F.,
  .F.,(2,2),(-0.91,-0.9),.PIECEWISE_BEZIER_KNOTS.);
#8849 = CARTESIAN_POINT('',(0.870886110151,-1.81));
#8850 = CARTESIAN_POINT('',(0.870886110151,-1.8));
#8851 = ( GEOMETRIC_REPRESENTATION_CONTEXT(2) 
PARAMETRIC_REPRESENTATION_CONTEXT() REPRESENTATION_CONTEXT('2D SPACE',''
  ) );
#8852 = PCURVE('',#6030,#8853);
#8853 = DEFINITIONAL_REPRESENTATION('',(#8854),#8857);
#8854 = B_SPLINE_CURVE_WITH_KNOTS('',1,(#8855,#8856),.UNSPECIFIED.,.F.,
  .F.,(2,2),(-0.91,-0.9),.PIECEWISE_BEZIER_KNOTS.);
#8855 = CARTESIAN_POINT('',(1.844048943418,-1.000000000001E-02));
#8856 = CARTESIAN_POINT('',(1.844048943418,0.));
#8857 = ( GEOMETRIC_REPRESENTATION_CONTEXT(2) 
PARAMETRIC_REPRESENTATION_CONTEXT() REPRESENTATION_CONTEXT('2D SPACE',''
  ) );
#8858 = ORIENTED_EDGE('',*,*,#8859,.T.);
#8859 = EDGE_CURVE('',#8839,#8860,#8862,.T.);
#8860 = VERTEX_POINT('',#8861);
#8861 = CARTESIAN_POINT('',(-3.831225352467,33.582098146535,68.31));
#8862 = SURFACE_CURVE('',#8863,(#8867,#8874),.PCURVE_S1.);
#8863 = LINE('',#8864,#8865);
#8864 = CARTESIAN_POINT('',(-4.70405081245,33.471060723465,68.31));
#8865 = VECTOR('',#8866,1.);
#8866 = DIRECTION('',(0.99200494968,0.126198969136,0.));
#8867 = PCURVE('',#1766,#8868);
#8868 = DEFINITIONAL_REPRESENTATION('',(#8869),#8873);
#8869 = LINE('',#8870,#8871);
#8870 = CARTESIAN_POINT('',(0.,-1.81));
#8871 = VECTOR('',#8872,1.);
#8872 = DIRECTION('',(1.,0.));
#8873 = ( GEOMETRIC_REPRESENTATION_CONTEXT(2) 
PARAMETRIC_REPRESENTATION_CONTEXT() REPRESENTATION_CONTEXT('2D SPACE',''
  ) );
#8874 = PCURVE('',#8875,#8880);
#8875 = PLANE('',#8876);
#8876 = AXIS2_PLACEMENT_3D('',#8877,#8878,#8879);
#8877 = CARTESIAN_POINT('',(5.948195437329,33.733892643256,68.31));
#8878 = DIRECTION('',(0.,0.,1.));
#8879 = DIRECTION('',(1.,0.,-0.));
#8880 = DEFINITIONAL_REPRESENTATION('',(#8881),#8885);
#8881 = LINE('',#8882,#8883);
#8882 = CARTESIAN_POINT('',(-10.65224624977,-0.262831919791));
#8883 = VECTOR('',#8884,1.);
#8884 = DIRECTION('',(0.99200494968,0.126198969136));
#8885 = ( GEOMETRIC_REPRESENTATION_CONTEXT(2) 
PARAMETRIC_REPRESENTATION_CONTEXT() REPRESENTATION_CONTEXT('2D SPACE',''
  ) );
#8886 = ORIENTED_EDGE('',*,*,#8887,.F.);
#8887 = EDGE_CURVE('',#8888,#8860,#8890,.T.);
#8888 = VERTEX_POINT('',#8889);
#8889 = CARTESIAN_POINT('',(-3.831225352467,33.582098146535,68.3));
#8890 = SURFACE_CURVE('',#8891,(#8895,#8901),.PCURVE_S1.);
#8891 = LINE('',#8892,#8893);
#8892 = CARTESIAN_POINT('',(-3.831225352467,33.582098146535,67.4));
#8893 = VECTOR('',#8894,1.);
#8894 = DIRECTION('',(0.,0.,1.));
#8895 = PCURVE('',#1766,#8896);
#8896 = DEFINITIONAL_REPRESENTATION('',(#8897),#8900);
#8897 = B_SPLINE_CURVE_WITH_KNOTS('',1,(#8898,#8899),.UNSPECIFIED.,.F.,
  .F.,(2,2),(0.9,0.91),.PIECEWISE_BEZIER_KNOTS.);
#8898 = CARTESIAN_POINT('',(0.879859984837,-1.8));
#8899 = CARTESIAN_POINT('',(0.879859984837,-1.81));
#8900 = ( GEOMETRIC_REPRESENTATION_CONTEXT(2) 
PARAMETRIC_REPRESENTATION_CONTEXT() REPRESENTATION_CONTEXT('2D SPACE',''
  ) );
#8901 = PCURVE('',#6508,#8902);
#8902 = DEFINITIONAL_REPRESENTATION('',(#8903),#8906);
#8903 = B_SPLINE_CURVE_WITH_KNOTS('',1,(#8904,#8905),.UNSPECIFIED.,.F.,
  .F.,(2,2),(0.9,0.91),.PIECEWISE_BEZIER_KNOTS.);
#8904 = CARTESIAN_POINT('',(2.378645699886E-03,0.));
#8905 = CARTESIAN_POINT('',(2.378645699886E-03,-1.000000000001E-02));
#8906 = ( GEOMETRIC_REPRESENTATION_CONTEXT(2) 
PARAMETRIC_REPRESENTATION_CONTEXT() REPRESENTATION_CONTEXT('2D SPACE',''
  ) );
#8907 = ORIENTED_EDGE('',*,*,#8908,.F.);
#8908 = EDGE_CURVE('',#8909,#8888,#8911,.T.);
#8909 = VERTEX_POINT('',#8910);
#8910 = CARTESIAN_POINT('',(-3.826268625355,33.582728721869,68.3));
#8911 = SURFACE_CURVE('',#8912,(#8916,#8922),.PCURVE_S1.);
#8912 = LINE('',#8913,#8914);
#8913 = CARTESIAN_POINT('',(-5.154344980424,33.413776069972,68.3));
#8914 = VECTOR('',#8915,1.);
#8915 = DIRECTION('',(-0.99200494968,-0.126198969136,0.));
#8916 = PCURVE('',#1766,#8917);
#8917 = DEFINITIONAL_REPRESENTATION('',(#8918),#8921);
#8918 = B_SPLINE_CURVE_WITH_KNOTS('',1,(#8919,#8920),.UNSPECIFIED.,.F.,
  .F.,(2,2),(-1.338779968283,-0.45392330766),.PIECEWISE_BEZIER_KNOTS.);
#8919 = CARTESIAN_POINT('',(0.884856660623,-1.8));
#8920 = CARTESIAN_POINT('',(0.,-1.8));
#8921 = ( GEOMETRIC_REPRESENTATION_CONTEXT(2) 
PARAMETRIC_REPRESENTATION_CONTEXT() REPRESENTATION_CONTEXT('2D SPACE',''
  ) );
#8922 = PCURVE('',#8923,#8928);
#8923 = PLANE('',#8924);
#8924 = AXIS2_PLACEMENT_3D('',#8925,#8926,#8927);
#8925 = CARTESIAN_POINT('',(-5.405179147008,31.788607700812,68.3));
#8926 = DIRECTION('',(0.,0.,1.));
#8927 = DIRECTION('',(1.,0.,-0.));
#8928 = DEFINITIONAL_REPRESENTATION('',(#8929),#8932);
#8929 = B_SPLINE_CURVE_WITH_KNOTS('',1,(#8930,#8931),.UNSPECIFIED.,.F.,
  .F.,(2,2),(-1.338779968283,-0.45392330766),.PIECEWISE_BEZIER_KNOTS.);
#8930 = CARTESIAN_POINT('',(1.578910521653,1.794121021056));
#8931 = CARTESIAN_POINT('',(0.701128334558,1.682453022653));
#8932 = ( GEOMETRIC_REPRESENTATION_CONTEXT(2) 
PARAMETRIC_REPRESENTATION_CONTEXT() REPRESENTATION_CONTEXT('2D SPACE',''
  ) );
#8933 = ORIENTED_EDGE('',*,*,#8934,.F.);
#8934 = EDGE_CURVE('',#1750,#8909,#8935,.T.);
#8935 = SURFACE_CURVE('',#8936,(#8940,#8947),.PCURVE_S1.);
#8936 = LINE('',#8937,#8938);
#8937 = CARTESIAN_POINT('',(-3.826268625355,33.582728721869,66.5));
#8938 = VECTOR('',#8939,1.);
#8939 = DIRECTION('',(0.,0.,1.));
#8940 = PCURVE('',#1766,#8941);
#8941 = DEFINITIONAL_REPRESENTATION('',(#8942),#8946);
#8942 = LINE('',#8943,#8944);
#8943 = CARTESIAN_POINT('',(0.884856660623,0.));
#8944 = VECTOR('',#8945,1.);
#8945 = DIRECTION('',(0.,-1.));
#8946 = ( GEOMETRIC_REPRESENTATION_CONTEXT(2) 
PARAMETRIC_REPRESENTATION_CONTEXT() REPRESENTATION_CONTEXT('2D SPACE',''
  ) );
#8947 = PCURVE('',#3739,#8948);
#8948 = DEFINITIONAL_REPRESENTATION('',(#8949),#8953);
#8949 = LINE('',#8950,#8951);
#8950 = CARTESIAN_POINT('',(0.,0.));
#8951 = VECTOR('',#8952,1.);
#8952 = DIRECTION('',(0.,-1.));
#8953 = ( GEOMETRIC_REPRESENTATION_CONTEXT(2) 
PARAMETRIC_REPRESENTATION_CONTEXT() REPRESENTATION_CONTEXT('2D SPACE',''
  ) );
#8954 = ADVANCED_FACE('',(#8955),#3739,.T.);
#8955 = FACE_BOUND('',#8956,.T.);
#8956 = EDGE_LOOP('',(#8957,#8958,#8959,#8980));
#8957 = ORIENTED_EDGE('',*,*,#3726,.T.);
#8958 = ORIENTED_EDGE('',*,*,#8934,.T.);
#8959 = ORIENTED_EDGE('',*,*,#8960,.F.);
#8960 = EDGE_CURVE('',#8961,#8909,#8963,.T.);
#8961 = VERTEX_POINT('',#8962);
#8962 = CARTESIAN_POINT('',(-2.945864104871,33.671380795501,68.3));
#8963 = SURFACE_CURVE('',#8964,(#8968,#8974),.PCURVE_S1.);
#8964 = LINE('',#8965,#8966);
#8965 = CARTESIAN_POINT('',(-4.697222162923,33.495028312175,68.3));
#8966 = VECTOR('',#8967,1.);
#8967 = DIRECTION('',(-0.994968518251,-0.100188061612,0.));
#8968 = PCURVE('',#3739,#8969);
#8969 = DEFINITIONAL_REPRESENTATION('',(#8970),#8973);
#8970 = B_SPLINE_CURVE_WITH_KNOTS('',1,(#8971,#8972),.UNSPECIFIED.,.F.,
  .F.,(2,2),(-1.760214545411,-0.875357884789),.PIECEWISE_BEZIER_KNOTS.);
#8971 = CARTESIAN_POINT('',(0.884856660623,-1.8));
#8972 = CARTESIAN_POINT('',(0.,-1.8));
#8973 = ( GEOMETRIC_REPRESENTATION_CONTEXT(2) 
PARAMETRIC_REPRESENTATION_CONTEXT() REPRESENTATION_CONTEXT('2D SPACE',''
  ) );
#8974 = PCURVE('',#8923,#8975);
#8975 = DEFINITIONAL_REPRESENTATION('',(#8976),#8979);
#8976 = B_SPLINE_CURVE_WITH_KNOTS('',1,(#8977,#8978),.UNSPECIFIED.,.F.,
  .F.,(2,2),(-1.760214545411,-0.875357884789),.PIECEWISE_BEZIER_KNOTS.);
#8977 = CARTESIAN_POINT('',(2.459315042138,1.882773094689));
#8978 = CARTESIAN_POINT('',(1.578910521653,1.794121021056));
#8979 = ( GEOMETRIC_REPRESENTATION_CONTEXT(2) 
PARAMETRIC_REPRESENTATION_CONTEXT() REPRESENTATION_CONTEXT('2D SPACE',''
  ) );
#8980 = ORIENTED_EDGE('',*,*,#8981,.F.);
#8981 = EDGE_CURVE('',#3701,#8961,#8982,.T.);
#8982 = SURFACE_CURVE('',#8983,(#8987,#8994),.PCURVE_S1.);
#8983 = LINE('',#8984,#8985);
#8984 = CARTESIAN_POINT('',(-2.945864104871,33.671380795501,66.5));
#8985 = VECTOR('',#8986,1.);
#8986 = DIRECTION('',(0.,0.,1.));
#8987 = PCURVE('',#3739,#8988);
#8988 = DEFINITIONAL_REPRESENTATION('',(#8989),#8993);
#8989 = LINE('',#8990,#8991);
#8990 = CARTESIAN_POINT('',(0.884856660623,0.));
#8991 = VECTOR('',#8992,1.);
#8992 = DIRECTION('',(0.,-1.));
#8993 = ( GEOMETRIC_REPRESENTATION_CONTEXT(2) 
PARAMETRIC_REPRESENTATION_CONTEXT() REPRESENTATION_CONTEXT('2D SPACE',''
  ) );
#8994 = PCURVE('',#3715,#8995);
#8995 = DEFINITIONAL_REPRESENTATION('',(#8996),#9000);
#8996 = LINE('',#8997,#8998);
#8997 = CARTESIAN_POINT('',(0.,0.));
#8998 = VECTOR('',#8999,1.);
#8999 = DIRECTION('',(0.,-1.));
#9000 = ( GEOMETRIC_REPRESENTATION_CONTEXT(2) 
PARAMETRIC_REPRESENTATION_CONTEXT() REPRESENTATION_CONTEXT('2D SPACE',''
  ) );
#9001 = ADVANCED_FACE('',(#9002),#3715,.T.);
#9002 = FACE_BOUND('',#9003,.T.);
#9003 = EDGE_LOOP('',(#9004,#9005,#9006,#9027));
#9004 = ORIENTED_EDGE('',*,*,#3700,.T.);
#9005 = ORIENTED_EDGE('',*,*,#8981,.T.);
#9006 = ORIENTED_EDGE('',*,*,#9007,.F.);
#9007 = EDGE_CURVE('',#9008,#8961,#9010,.T.);
#9008 = VERTEX_POINT('',#9009);
#9009 = CARTESIAN_POINT('',(-2.063440636278,33.736956186659,68.3));
#9010 = SURFACE_CURVE('',#9011,(#9015,#9021),.PCURVE_S1.);
#9011 = LINE('',#9012,#9013);
#9012 = CARTESIAN_POINT('',(-4.238341158429,33.575333159228,68.3));
#9013 = VECTOR('',#9014,1.);
#9014 = DIRECTION('',(-0.997250185099,-7.41084901954E-02,0.));
#9015 = PCURVE('',#3715,#9016);
#9016 = DEFINITIONAL_REPRESENTATION('',(#9017),#9020);
#9017 = B_SPLINE_CURVE_WITH_KNOTS('',1,(#9018,#9019),.UNSPECIFIED.,.F.,
  .F.,(2,2),(-2.180897586832,-1.296040926209),.PIECEWISE_BEZIER_KNOTS.);
#9018 = CARTESIAN_POINT('',(0.884856660623,-1.8));
#9019 = CARTESIAN_POINT('',(0.,-1.8));
#9020 = ( GEOMETRIC_REPRESENTATION_CONTEXT(2) 
PARAMETRIC_REPRESENTATION_CONTEXT() REPRESENTATION_CONTEXT('2D SPACE',''
  ) );
#9021 = PCURVE('',#8923,#9022);
#9022 = DEFINITIONAL_REPRESENTATION('',(#9023),#9026);
#9023 = B_SPLINE_CURVE_WITH_KNOTS('',1,(#9024,#9025),.UNSPECIFIED.,.F.,
  .F.,(2,2),(-2.180897586832,-1.296040926209),.PIECEWISE_BEZIER_KNOTS.);
#9024 = CARTESIAN_POINT('',(3.34173851073,1.948348485847));
#9025 = CARTESIAN_POINT('',(2.459315042138,1.882773094689));
#9026 = ( GEOMETRIC_REPRESENTATION_CONTEXT(2) 
PARAMETRIC_REPRESENTATION_CONTEXT() REPRESENTATION_CONTEXT('2D SPACE',''
  ) );
#9027 = ORIENTED_EDGE('',*,*,#9028,.F.);
#9028 = EDGE_CURVE('',#3675,#9008,#9029,.T.);
#9029 = SURFACE_CURVE('',#9030,(#9034,#9041),.PCURVE_S1.);
#9030 = LINE('',#9031,#9032);
#9031 = CARTESIAN_POINT('',(-2.063440636278,33.736956186659,66.5));
#9032 = VECTOR('',#9033,1.);
#9033 = DIRECTION('',(0.,0.,1.));
#9034 = PCURVE('',#3715,#9035);
#9035 = DEFINITIONAL_REPRESENTATION('',(#9036),#9040);
#9036 = LINE('',#9037,#9038);
#9037 = CARTESIAN_POINT('',(0.884856660623,0.));
#9038 = VECTOR('',#9039,1.);
#9039 = DIRECTION('',(0.,-1.));
#9040 = ( GEOMETRIC_REPRESENTATION_CONTEXT(2) 
PARAMETRIC_REPRESENTATION_CONTEXT() REPRESENTATION_CONTEXT('2D SPACE',''
  ) );
#9041 = PCURVE('',#3689,#9042);
#9042 = DEFINITIONAL_REPRESENTATION('',(#9043),#9047);
#9043 = LINE('',#9044,#9045);
#9044 = CARTESIAN_POINT('',(0.,0.));
#9045 = VECTOR('',#9046,1.);
#9046 = DIRECTION('',(0.,-1.));
#9047 = ( GEOMETRIC_REPRESENTATION_CONTEXT(2) 
PARAMETRIC_REPRESENTATION_CONTEXT() REPRESENTATION_CONTEXT('2D SPACE',''
  ) );
#9048 = ADVANCED_FACE('',(#9049),#3689,.T.);
#9049 = FACE_BOUND('',#9050,.T.);
#9050 = EDGE_LOOP('',(#9051,#9052,#9053,#9074,#9095,#9123,#9144,#9170));
#9051 = ORIENTED_EDGE('',*,*,#3674,.T.);
#9052 = ORIENTED_EDGE('',*,*,#9028,.T.);
#9053 = ORIENTED_EDGE('',*,*,#9054,.F.);
#9054 = EDGE_CURVE('',#9055,#9008,#9057,.T.);
#9055 = VERTEX_POINT('',#9056);
#9056 = CARTESIAN_POINT('',(-2.012861712485,33.739385666587,68.3));
#9057 = SURFACE_CURVE('',#9058,(#9062,#9068),.PCURVE_S1.);
#9058 = LINE('',#9059,#9060);
#9059 = CARTESIAN_POINT('',(-3.77714894804,33.654640873602,68.3));
#9060 = VECTOR('',#9061,1.);
#9061 = DIRECTION('',(-0.998848386485,-4.797812852135E-02,0.));
#9062 = PCURVE('',#3689,#9063);
#9063 = DEFINITIONAL_REPRESENTATION('',(#9064),#9067);
#9064 = B_SPLINE_CURVE_WITH_KNOTS('',1,(#9065,#9066),.UNSPECIFIED.,.F.,
  .F.,(2,2),(-2.600540777401,-1.715684116778),.PIECEWISE_BEZIER_KNOTS.);
#9065 = CARTESIAN_POINT('',(0.884856660623,-1.8));
#9066 = CARTESIAN_POINT('',(0.,-1.8));
#9067 = ( GEOMETRIC_REPRESENTATION_CONTEXT(2) 
PARAMETRIC_REPRESENTATION_CONTEXT() REPRESENTATION_CONTEXT('2D SPACE',''
  ) );
#9068 = PCURVE('',#8923,#9069);
#9069 = DEFINITIONAL_REPRESENTATION('',(#9070),#9073);
#9070 = B_SPLINE_CURVE_WITH_KNOTS('',1,(#9071,#9072),.UNSPECIFIED.,.F.,
  .F.,(2,2),(-2.600540777401,-1.715684116778),.PIECEWISE_BEZIER_KNOTS.);
#9071 = CARTESIAN_POINT('',(4.225576158464,1.990802252433));
#9072 = CARTESIAN_POINT('',(3.34173851073,1.948348485847));
#9073 = ( GEOMETRIC_REPRESENTATION_CONTEXT(2) 
PARAMETRIC_REPRESENTATION_CONTEXT() REPRESENTATION_CONTEXT('2D SPACE',''
  ) );
#9074 = ORIENTED_EDGE('',*,*,#9075,.F.);
#9075 = EDGE_CURVE('',#9076,#9055,#9078,.T.);
#9076 = VERTEX_POINT('',#9077);
#9077 = CARTESIAN_POINT('',(-2.012861712485,33.739385666587,68.31));
#9078 = SURFACE_CURVE('',#9079,(#9083,#9089),.PCURVE_S1.);
#9079 = LINE('',#9080,#9081);
#9080 = CARTESIAN_POINT('',(-2.012861712485,33.739385666587,67.4));
#9081 = VECTOR('',#9082,1.);
#9082 = DIRECTION('',(0.,0.,-1.));
#9083 = PCURVE('',#3689,#9084);
#9084 = DEFINITIONAL_REPRESENTATION('',(#9085),#9088);
#9085 = B_SPLINE_CURVE_WITH_KNOTS('',1,(#9086,#9087),.UNSPECIFIED.,.F.,
  .F.,(2,2),(-0.91,-0.9),.PIECEWISE_BEZIER_KNOTS.);
#9086 = CARTESIAN_POINT('',(5.063723832161E-02,-1.81));
#9087 = CARTESIAN_POINT('',(5.063723832161E-02,-1.8));
#9088 = ( GEOMETRIC_REPRESENTATION_CONTEXT(2) 
PARAMETRIC_REPRESENTATION_CONTEXT() REPRESENTATION_CONTEXT('2D SPACE',''
  ) );
#9089 = PCURVE('',#6508,#9090);
#9090 = DEFINITIONAL_REPRESENTATION('',(#9091),#9094);
#9091 = B_SPLINE_CURVE_WITH_KNOTS('',1,(#9092,#9093),.UNSPECIFIED.,.F.,
  .F.,(2,2),(-0.91,-0.9),.PIECEWISE_BEZIER_KNOTS.);
#9092 = CARTESIAN_POINT('',(1.827532253256,-1.000000000001E-02));
#9093 = CARTESIAN_POINT('',(1.827532253256,0.));
#9094 = ( GEOMETRIC_REPRESENTATION_CONTEXT(2) 
PARAMETRIC_REPRESENTATION_CONTEXT() REPRESENTATION_CONTEXT('2D SPACE',''
  ) );
#9095 = ORIENTED_EDGE('',*,*,#9096,.T.);
#9096 = EDGE_CURVE('',#9076,#9097,#9099,.T.);
#9097 = VERTEX_POINT('',#9098);
#9098 = CARTESIAN_POINT('',(-1.936140727552,33.743070839758,68.31));
#9099 = SURFACE_CURVE('',#9100,(#9104,#9111),.PCURVE_S1.);
#9100 = LINE('',#9101,#9102);
#9101 = CARTESIAN_POINT('',(-2.063440636278,33.736956186659,68.31));
#9102 = VECTOR('',#9103,1.);
#9103 = DIRECTION('',(0.998848386485,4.797812852135E-02,0.));
#9104 = PCURVE('',#3689,#9105);
#9105 = DEFINITIONAL_REPRESENTATION('',(#9106),#9110);
#9106 = LINE('',#9107,#9108);
#9107 = CARTESIAN_POINT('',(0.,-1.81));
#9108 = VECTOR('',#9109,1.);
#9109 = DIRECTION('',(1.,0.));
#9110 = ( GEOMETRIC_REPRESENTATION_CONTEXT(2) 
PARAMETRIC_REPRESENTATION_CONTEXT() REPRESENTATION_CONTEXT('2D SPACE',''
  ) );
#9111 = PCURVE('',#9112,#9117);
#9112 = PLANE('',#9113);
#9113 = AXIS2_PLACEMENT_3D('',#9114,#9115,#9116);
#9114 = CARTESIAN_POINT('',(5.948195437329,33.733892643256,68.31));
#9115 = DIRECTION('',(0.,0.,1.));
#9116 = DIRECTION('',(1.,0.,-0.));
#9117 = DEFINITIONAL_REPRESENTATION('',(#9118),#9122);
#9118 = LINE('',#9119,#9120);
#9119 = CARTESIAN_POINT('',(-8.011636073607,3.063543402909E-03));
#9120 = VECTOR('',#9121,1.);
#9121 = DIRECTION('',(0.998848386485,4.797812852135E-02));
#9122 = ( GEOMETRIC_REPRESENTATION_CONTEXT(2) 
PARAMETRIC_REPRESENTATION_CONTEXT() REPRESENTATION_CONTEXT('2D SPACE',''
  ) );
#9123 = ORIENTED_EDGE('',*,*,#9124,.F.);
#9124 = EDGE_CURVE('',#9125,#9097,#9127,.T.);
#9125 = VERTEX_POINT('',#9126);
#9126 = CARTESIAN_POINT('',(-1.936140727552,33.743070839758,68.3));
#9127 = SURFACE_CURVE('',#9128,(#9132,#9138),.PCURVE_S1.);
#9128 = LINE('',#9129,#9130);
#9129 = CARTESIAN_POINT('',(-1.936140727552,33.743070839758,67.4));
#9130 = VECTOR('',#9131,1.);
#9131 = DIRECTION('',(0.,0.,1.));
#9132 = PCURVE('',#3689,#9133);
#9133 = DEFINITIONAL_REPRESENTATION('',(#9134),#9137);
#9134 = B_SPLINE_CURVE_WITH_KNOTS('',1,(#9135,#9136),.UNSPECIFIED.,.F.,
  .F.,(2,2),(0.9,0.91),.PIECEWISE_BEZIER_KNOTS.);
#9135 = CARTESIAN_POINT('',(0.127446678043,-1.8));
#9136 = CARTESIAN_POINT('',(0.127446678043,-1.81));
#9137 = ( GEOMETRIC_REPRESENTATION_CONTEXT(2) 
PARAMETRIC_REPRESENTATION_CONTEXT() REPRESENTATION_CONTEXT('2D SPACE',''
  ) );
#9138 = PCURVE('',#6536,#9139);
#9139 = DEFINITIONAL_REPRESENTATION('',(#9140),#9143);
#9140 = B_SPLINE_CURVE_WITH_KNOTS('',1,(#9141,#9142),.UNSPECIFIED.,.F.,
  .F.,(2,2),(0.9,0.91),.PIECEWISE_BEZIER_KNOTS.);
#9141 = CARTESIAN_POINT('',(5.371912738636E-02,0.));
#9142 = CARTESIAN_POINT('',(5.371912738636E-02,-1.000000000001E-02));
#9143 = ( GEOMETRIC_REPRESENTATION_CONTEXT(2) 
PARAMETRIC_REPRESENTATION_CONTEXT() REPRESENTATION_CONTEXT('2D SPACE',''
  ) );
#9144 = ORIENTED_EDGE('',*,*,#9145,.F.);
#9145 = EDGE_CURVE('',#9146,#9125,#9148,.T.);
#9146 = VERTEX_POINT('',#9147);
#9147 = CARTESIAN_POINT('',(-1.179602988545,33.779409953245,68.3));
#9148 = SURFACE_CURVE('',#9149,(#9153,#9159),.PCURVE_S1.);
#9149 = LINE('',#9150,#9151);
#9150 = CARTESIAN_POINT('',(-3.77714894804,33.654640873602,68.3));
#9151 = VECTOR('',#9152,1.);
#9152 = DIRECTION('',(-0.998848386485,-4.797812852135E-02,0.));
#9153 = PCURVE('',#3689,#9154);
#9154 = DEFINITIONAL_REPRESENTATION('',(#9155),#9158);
#9155 = B_SPLINE_CURVE_WITH_KNOTS('',1,(#9156,#9157),.UNSPECIFIED.,.F.,
  .F.,(2,2),(-2.600540777401,-1.715684116778),.PIECEWISE_BEZIER_KNOTS.);
#9156 = CARTESIAN_POINT('',(0.884856660623,-1.8));
#9157 = CARTESIAN_POINT('',(0.,-1.8));
#9158 = ( GEOMETRIC_REPRESENTATION_CONTEXT(2) 
PARAMETRIC_REPRESENTATION_CONTEXT() REPRESENTATION_CONTEXT('2D SPACE',''
  ) );
#9159 = PCURVE('',#9160,#9165);
#9160 = PLANE('',#9161);
#9161 = AXIS2_PLACEMENT_3D('',#9162,#9163,#9164);
#9162 = CARTESIAN_POINT('',(-5.405179147008,31.788607700812,68.3));
#9163 = DIRECTION('',(0.,0.,1.));
#9164 = DIRECTION('',(1.,0.,-0.));
#9165 = DEFINITIONAL_REPRESENTATION('',(#9166),#9169);
#9166 = B_SPLINE_CURVE_WITH_KNOTS('',1,(#9167,#9168),.UNSPECIFIED.,.F.,
  .F.,(2,2),(-2.600540777401,-1.715684116778),.PIECEWISE_BEZIER_KNOTS.);
#9167 = CARTESIAN_POINT('',(4.225576158464,1.990802252433));
#9168 = CARTESIAN_POINT('',(3.34173851073,1.948348485847));
#9169 = ( GEOMETRIC_REPRESENTATION_CONTEXT(2) 
PARAMETRIC_REPRESENTATION_CONTEXT() REPRESENTATION_CONTEXT('2D SPACE',''
  ) );
#9170 = ORIENTED_EDGE('',*,*,#9171,.F.);
#9171 = EDGE_CURVE('',#3649,#9146,#9172,.T.);
#9172 = SURFACE_CURVE('',#9173,(#9177,#9184),.PCURVE_S1.);
#9173 = LINE('',#9174,#9175);
#9174 = CARTESIAN_POINT('',(-1.179602988545,33.779409953245,66.5));
#9175 = VECTOR('',#9176,1.);
#9176 = DIRECTION('',(0.,0.,1.));
#9177 = PCURVE('',#3689,#9178);
#9178 = DEFINITIONAL_REPRESENTATION('',(#9179),#9183);
#9179 = LINE('',#9180,#9181);
#9180 = CARTESIAN_POINT('',(0.884856660623,0.));
#9181 = VECTOR('',#9182,1.);
#9182 = DIRECTION('',(0.,-1.));
#9183 = ( GEOMETRIC_REPRESENTATION_CONTEXT(2) 
PARAMETRIC_REPRESENTATION_CONTEXT() REPRESENTATION_CONTEXT('2D SPACE',''
  ) );
#9184 = PCURVE('',#3663,#9185);
#9185 = DEFINITIONAL_REPRESENTATION('',(#9186),#9190);
#9186 = LINE('',#9187,#9188);
#9187 = CARTESIAN_POINT('',(0.,0.));
#9188 = VECTOR('',#9189,1.);
#9189 = DIRECTION('',(0.,-1.));
#9190 = ( GEOMETRIC_REPRESENTATION_CONTEXT(2) 
PARAMETRIC_REPRESENTATION_CONTEXT() REPRESENTATION_CONTEXT('2D SPACE',''
  ) );
#9191 = ADVANCED_FACE('',(#9192),#3663,.T.);
#9192 = FACE_BOUND('',#9193,.T.);
#9193 = EDGE_LOOP('',(#9194,#9195,#9196,#9217));
#9194 = ORIENTED_EDGE('',*,*,#3648,.T.);
#9195 = ORIENTED_EDGE('',*,*,#9171,.T.);
#9196 = ORIENTED_EDGE('',*,*,#9197,.F.);
#9197 = EDGE_CURVE('',#9198,#9146,#9200,.T.);
#9198 = VERTEX_POINT('',#9199);
#9199 = CARTESIAN_POINT('',(-0.294956899845,33.798712999569,68.3));
#9200 = SURFACE_CURVE('',#9201,(#9205,#9211),.PCURVE_S1.);
#9201 = LINE('',#9202,#9203);
#9202 = CARTESIAN_POINT('',(-3.313095008383,33.732856991766,68.3));
#9203 = VECTOR('',#9204,1.);
#9204 = DIRECTION('',(-0.99976202708,-2.181488503456E-02,0.));
#9205 = PCURVE('',#3663,#9206);
#9206 = DEFINITIONAL_REPRESENTATION('',(#9207),#9210);
#9207 = B_SPLINE_CURVE_WITH_KNOTS('',1,(#9208,#9209),.UNSPECIFIED.,.F.,
  .F.,(2,2),(-3.018856514638,-2.133999854015),.PIECEWISE_BEZIER_KNOTS.);
#9208 = CARTESIAN_POINT('',(0.884856660623,-1.8));
#9209 = CARTESIAN_POINT('',(0.,-1.8));
#9210 = ( GEOMETRIC_REPRESENTATION_CONTEXT(2) 
PARAMETRIC_REPRESENTATION_CONTEXT() REPRESENTATION_CONTEXT('2D SPACE',''
  ) );
#9211 = PCURVE('',#9160,#9212);
#9212 = DEFINITIONAL_REPRESENTATION('',(#9213),#9216);
#9213 = B_SPLINE_CURVE_WITH_KNOTS('',1,(#9214,#9215),.UNSPECIFIED.,.F.,
  .F.,(2,2),(-3.018856514638,-2.133999854015),.PIECEWISE_BEZIER_KNOTS.);
#9214 = CARTESIAN_POINT('',(5.110222247163,2.010105298757));
#9215 = CARTESIAN_POINT('',(4.225576158464,1.990802252433));
#9216 = ( GEOMETRIC_REPRESENTATION_CONTEXT(2) 
PARAMETRIC_REPRESENTATION_CONTEXT() REPRESENTATION_CONTEXT('2D SPACE',''
  ) );
#9217 = ORIENTED_EDGE('',*,*,#9218,.F.);
#9218 = EDGE_CURVE('',#3623,#9198,#9219,.T.);
#9219 = SURFACE_CURVE('',#9220,(#9224,#9231),.PCURVE_S1.);
#9220 = LINE('',#9221,#9222);
#9221 = CARTESIAN_POINT('',(-0.294956899845,33.798712999569,66.5));
#9222 = VECTOR('',#9223,1.);
#9223 = DIRECTION('',(0.,0.,1.));
#9224 = PCURVE('',#3663,#9225);
#9225 = DEFINITIONAL_REPRESENTATION('',(#9226),#9230);
#9226 = LINE('',#9227,#9228);
#9227 = CARTESIAN_POINT('',(0.884856660623,0.));
#9228 = VECTOR('',#9229,1.);
#9229 = DIRECTION('',(0.,-1.));
#9230 = ( GEOMETRIC_REPRESENTATION_CONTEXT(2) 
PARAMETRIC_REPRESENTATION_CONTEXT() REPRESENTATION_CONTEXT('2D SPACE',''
  ) );
#9231 = PCURVE('',#3637,#9232);
#9232 = DEFINITIONAL_REPRESENTATION('',(#9233),#9237);
#9233 = LINE('',#9234,#9235);
#9234 = CARTESIAN_POINT('',(0.,0.));
#9235 = VECTOR('',#9236,1.);
#9236 = DIRECTION('',(0.,-1.));
#9237 = ( GEOMETRIC_REPRESENTATION_CONTEXT(2) 
PARAMETRIC_REPRESENTATION_CONTEXT() REPRESENTATION_CONTEXT('2D SPACE',''
  ) );
#9238 = ADVANCED_FACE('',(#9239),#3637,.T.);
#9239 = FACE_BOUND('',#9240,.T.);
#9240 = EDGE_LOOP('',(#9241,#9242,#9243,#9264,#9285,#9313,#9334,#9360));
#9241 = ORIENTED_EDGE('',*,*,#3622,.T.);
#9242 = ORIENTED_EDGE('',*,*,#9218,.T.);
#9243 = ORIENTED_EDGE('',*,*,#9244,.F.);
#9244 = EDGE_CURVE('',#9245,#9198,#9247,.T.);
#9245 = VERTEX_POINT('',#9246);
#9246 = CARTESIAN_POINT('',(-0.186689310457,33.798240590094,68.3));
#9247 = SURFACE_CURVE('',#9248,(#9252,#9258),.PCURVE_S1.);
#9248 = LINE('',#9249,#9250);
#9249 = CARTESIAN_POINT('',(-2.845634064214,33.809842498867,68.3));
#9250 = VECTOR('',#9251,1.);
#9251 = DIRECTION('',(-0.999990480721,4.363309284743E-03,0.));
#9252 = PCURVE('',#3637,#9253);
#9253 = DEFINITIONAL_REPRESENTATION('',(#9254),#9257);
#9254 = B_SPLINE_CURVE_WITH_KNOTS('',1,(#9255,#9256),.UNSPECIFIED.,.F.,
  .F.,(2,2),(-3.435558105832,-2.550701445209),.PIECEWISE_BEZIER_KNOTS.);
#9255 = CARTESIAN_POINT('',(0.884856660623,-1.8));
#9256 = CARTESIAN_POINT('',(0.,-1.8));
#9257 = ( GEOMETRIC_REPRESENTATION_CONTEXT(2) 
PARAMETRIC_REPRESENTATION_CONTEXT() REPRESENTATION_CONTEXT('2D SPACE',''
  ) );
#9258 = PCURVE('',#9160,#9259);
#9259 = DEFINITIONAL_REPRESENTATION('',(#9260),#9263);
#9260 = B_SPLINE_CURVE_WITH_KNOTS('',1,(#9261,#9262),.UNSPECIFIED.,.F.,
  .F.,(2,2),(-3.435558105832,-2.550701445209),.PIECEWISE_BEZIER_KNOTS.);
#9261 = CARTESIAN_POINT('',(5.995070484589,2.006244395474));
#9262 = CARTESIAN_POINT('',(5.110222247163,2.010105298757));
#9263 = ( GEOMETRIC_REPRESENTATION_CONTEXT(2) 
PARAMETRIC_REPRESENTATION_CONTEXT() REPRESENTATION_CONTEXT('2D SPACE',''
  ) );
#9264 = ORIENTED_EDGE('',*,*,#9265,.F.);
#9265 = EDGE_CURVE('',#9266,#9245,#9268,.T.);
#9266 = VERTEX_POINT('',#9267);
#9267 = CARTESIAN_POINT('',(-0.186689310457,33.798240590094,68.31));
#9268 = SURFACE_CURVE('',#9269,(#9273,#9279),.PCURVE_S1.);
#9269 = LINE('',#9270,#9271);
#9270 = CARTESIAN_POINT('',(-0.186689310457,33.798240590094,67.4));
#9271 = VECTOR('',#9272,1.);
#9272 = DIRECTION('',(-0.,0.,-1.));
#9273 = PCURVE('',#3637,#9274);
#9274 = DEFINITIONAL_REPRESENTATION('',(#9275),#9278);
#9275 = B_SPLINE_CURVE_WITH_KNOTS('',1,(#9276,#9277),.UNSPECIFIED.,.F.,
  .F.,(2,2),(-0.91,-0.9),.PIECEWISE_BEZIER_KNOTS.);
#9276 = CARTESIAN_POINT('',(0.108268620027,-1.81));
#9277 = CARTESIAN_POINT('',(0.108268620027,-1.8));
#9278 = ( GEOMETRIC_REPRESENTATION_CONTEXT(2) 
PARAMETRIC_REPRESENTATION_CONTEXT() REPRESENTATION_CONTEXT('2D SPACE',''
  ) );
#9279 = PCURVE('',#6536,#9280);
#9280 = DEFINITIONAL_REPRESENTATION('',(#9281),#9284);
#9281 = B_SPLINE_CURVE_WITH_KNOTS('',1,(#9282,#9283),.UNSPECIFIED.,.F.,
  .F.,(2,2),(-0.91,-0.9),.PIECEWISE_BEZIER_KNOTS.);
#9282 = CARTESIAN_POINT('',(1.804040229964,-1.000000000001E-02));
#9283 = CARTESIAN_POINT('',(1.804040229964,0.));
#9284 = ( GEOMETRIC_REPRESENTATION_CONTEXT(2) 
PARAMETRIC_REPRESENTATION_CONTEXT() REPRESENTATION_CONTEXT('2D SPACE',''
  ) );
#9285 = ORIENTED_EDGE('',*,*,#9286,.T.);
#9286 = EDGE_CURVE('',#9266,#9287,#9289,.T.);
#9287 = VERTEX_POINT('',#9288);
#9288 = CARTESIAN_POINT('',(-5.151029792916E-02,33.797650756639,68.31));
#9289 = SURFACE_CURVE('',#9290,(#9294,#9301),.PCURVE_S1.);
#9290 = LINE('',#9291,#9292);
#9291 = CARTESIAN_POINT('',(-0.294956899845,33.798712999569,68.31));
#9292 = VECTOR('',#9293,1.);
#9293 = DIRECTION('',(0.999990480721,-4.363309284743E-03,0.));
#9294 = PCURVE('',#3637,#9295);
#9295 = DEFINITIONAL_REPRESENTATION('',(#9296),#9300);
#9296 = LINE('',#9297,#9298);
#9297 = CARTESIAN_POINT('',(0.,-1.81));
#9298 = VECTOR('',#9299,1.);
#9299 = DIRECTION('',(1.,0.));
#9300 = ( GEOMETRIC_REPRESENTATION_CONTEXT(2) 
PARAMETRIC_REPRESENTATION_CONTEXT() REPRESENTATION_CONTEXT('2D SPACE',''
  ) );
#9301 = PCURVE('',#9302,#9307);
#9302 = PLANE('',#9303);
#9303 = AXIS2_PLACEMENT_3D('',#9304,#9305,#9306);
#9304 = CARTESIAN_POINT('',(5.948195437329,33.733892643256,68.31));
#9305 = DIRECTION('',(0.,0.,1.));
#9306 = DIRECTION('',(1.,0.,-0.));
#9307 = DEFINITIONAL_REPRESENTATION('',(#9308),#9312);
#9308 = LINE('',#9309,#9310);
#9309 = CARTESIAN_POINT('',(-6.243152337174,6.482035631279E-02));
#9310 = VECTOR('',#9311,1.);
#9311 = DIRECTION('',(0.999990480721,-4.363309284743E-03));
#9312 = ( GEOMETRIC_REPRESENTATION_CONTEXT(2) 
PARAMETRIC_REPRESENTATION_CONTEXT() REPRESENTATION_CONTEXT('2D SPACE',''
  ) );
#9313 = ORIENTED_EDGE('',*,*,#9314,.F.);
#9314 = EDGE_CURVE('',#9315,#9287,#9317,.T.);
#9315 = VERTEX_POINT('',#9316);
#9316 = CARTESIAN_POINT('',(-5.151029792921E-02,33.797650756639,68.3));
#9317 = SURFACE_CURVE('',#9318,(#9322,#9328),.PCURVE_S1.);
#9318 = LINE('',#9319,#9320);
#9319 = CARTESIAN_POINT('',(-5.151029792909E-02,33.797650756639,67.4));
#9320 = VECTOR('',#9321,1.);
#9321 = DIRECTION('',(0.,0.,1.));
#9322 = PCURVE('',#3637,#9323);
#9323 = DEFINITIONAL_REPRESENTATION('',(#9324),#9327);
#9324 = B_SPLINE_CURVE_WITH_KNOTS('',1,(#9325,#9326),.UNSPECIFIED.,.F.,
  .F.,(2,2),(0.9,0.91),.PIECEWISE_BEZIER_KNOTS.);
#9325 = CARTESIAN_POINT('',(0.243448919374,-1.8));
#9326 = CARTESIAN_POINT('',(0.243448919374,-1.81));
#9327 = ( GEOMETRIC_REPRESENTATION_CONTEXT(2) 
PARAMETRIC_REPRESENTATION_CONTEXT() REPRESENTATION_CONTEXT('2D SPACE',''
  ) );
#9328 = PCURVE('',#6564,#9329);
#9329 = DEFINITIONAL_REPRESENTATION('',(#9330),#9333);
#9330 = B_SPLINE_CURVE_WITH_KNOTS('',1,(#9331,#9332),.UNSPECIFIED.,.F.,
  .F.,(2,2),(0.9,0.91),.PIECEWISE_BEZIER_KNOTS.);
#9331 = CARTESIAN_POINT('',(8.861952614718E-02,0.));
#9332 = CARTESIAN_POINT('',(8.861952614718E-02,-1.000000000001E-02));
#9333 = ( GEOMETRIC_REPRESENTATION_CONTEXT(2) 
PARAMETRIC_REPRESENTATION_CONTEXT() REPRESENTATION_CONTEXT('2D SPACE',''
  ) );
#9334 = ORIENTED_EDGE('',*,*,#9335,.F.);
#9335 = EDGE_CURVE('',#9336,#9315,#9338,.T.);
#9336 = VERTEX_POINT('',#9337);
#9337 = CARTESIAN_POINT('',(0.58989133758,33.794852096286,68.3));
#9338 = SURFACE_CURVE('',#9339,(#9343,#9349),.PCURVE_S1.);
#9339 = LINE('',#9340,#9341);
#9340 = CARTESIAN_POINT('',(-2.845634064214,33.809842498867,68.3));
#9341 = VECTOR('',#9342,1.);
#9342 = DIRECTION('',(-0.999990480721,4.363309284743E-03,0.));
#9343 = PCURVE('',#3637,#9344);
#9344 = DEFINITIONAL_REPRESENTATION('',(#9345),#9348);
#9345 = B_SPLINE_CURVE_WITH_KNOTS('',1,(#9346,#9347),.UNSPECIFIED.,.F.,
  .F.,(2,2),(-3.435558105832,-2.550701445209),.PIECEWISE_BEZIER_KNOTS.);
#9346 = CARTESIAN_POINT('',(0.884856660623,-1.8));
#9347 = CARTESIAN_POINT('',(0.,-1.8));
#9348 = ( GEOMETRIC_REPRESENTATION_CONTEXT(2) 
PARAMETRIC_REPRESENTATION_CONTEXT() REPRESENTATION_CONTEXT('2D SPACE',''
  ) );
#9349 = PCURVE('',#9350,#9355);
#9350 = PLANE('',#9351);
#9351 = AXIS2_PLACEMENT_3D('',#9352,#9353,#9354);
#9352 = CARTESIAN_POINT('',(-5.405179147008,31.788607700812,68.3));
#9353 = DIRECTION('',(0.,0.,1.));
#9354 = DIRECTION('',(1.,0.,-0.));
#9355 = DEFINITIONAL_REPRESENTATION('',(#9356),#9359);
#9356 = B_SPLINE_CURVE_WITH_KNOTS('',1,(#9357,#9358),.UNSPECIFIED.,.F.,
  .F.,(2,2),(-3.435558105832,-2.550701445209),.PIECEWISE_BEZIER_KNOTS.);
#9357 = CARTESIAN_POINT('',(5.995070484589,2.006244395474));
#9358 = CARTESIAN_POINT('',(5.110222247163,2.010105298757));
#9359 = ( GEOMETRIC_REPRESENTATION_CONTEXT(2) 
PARAMETRIC_REPRESENTATION_CONTEXT() REPRESENTATION_CONTEXT('2D SPACE',''
  ) );
#9360 = ORIENTED_EDGE('',*,*,#9361,.F.);
#9361 = EDGE_CURVE('',#3597,#9336,#9362,.T.);
#9362 = SURFACE_CURVE('',#9363,(#9367,#9374),.PCURVE_S1.);
#9363 = LINE('',#9364,#9365);
#9364 = CARTESIAN_POINT('',(0.58989133758,33.794852096286,66.5));
#9365 = VECTOR('',#9366,1.);
#9366 = DIRECTION('',(0.,0.,1.));
#9367 = PCURVE('',#3637,#9368);
#9368 = DEFINITIONAL_REPRESENTATION('',(#9369),#9373);
#9369 = LINE('',#9370,#9371);
#9370 = CARTESIAN_POINT('',(0.884856660623,0.));
#9371 = VECTOR('',#9372,1.);
#9372 = DIRECTION('',(0.,-1.));
#9373 = ( GEOMETRIC_REPRESENTATION_CONTEXT(2) 
PARAMETRIC_REPRESENTATION_CONTEXT() REPRESENTATION_CONTEXT('2D SPACE',''
  ) );
#9374 = PCURVE('',#3611,#9375);
#9375 = DEFINITIONAL_REPRESENTATION('',(#9376),#9380);
#9376 = LINE('',#9377,#9378);
#9377 = CARTESIAN_POINT('',(0.,0.));
#9378 = VECTOR('',#9379,1.);
#9379 = DIRECTION('',(0.,-1.));
#9380 = ( GEOMETRIC_REPRESENTATION_CONTEXT(2) 
PARAMETRIC_REPRESENTATION_CONTEXT() REPRESENTATION_CONTEXT('2D SPACE',''
  ) );
#9381 = ADVANCED_FACE('',(#9382),#3611,.T.);
#9382 = FACE_BOUND('',#9383,.T.);
#9383 = EDGE_LOOP('',(#9384,#9385,#9386,#9407));
#9384 = ORIENTED_EDGE('',*,*,#3596,.T.);
#9385 = ORIENTED_EDGE('',*,*,#9361,.T.);
#9386 = ORIENTED_EDGE('',*,*,#9387,.F.);
#9387 = EDGE_CURVE('',#9388,#9336,#9390,.T.);
#9388 = VERTEX_POINT('',#9389);
#9389 = CARTESIAN_POINT('',(1.474335292948,33.767829889467,68.3));
#9390 = SURFACE_CURVE('',#9391,(#9395,#9401),.PCURVE_S1.);
#9391 = LINE('',#9392,#9393);
#9392 = CARTESIAN_POINT('',(-2.374228828408,33.885414158106,68.3));
#9393 = VECTOR('',#9394,1.);
#9394 = DIRECTION('',(-0.999533590837,3.053851320982E-02,0.));
#9395 = PCURVE('',#3611,#9396);
#9396 = DEFINITIONAL_REPRESENTATION('',(#9397),#9400);
#9397 = B_SPLINE_CURVE_WITH_KNOTS('',1,(#9398,#9399),.UNSPECIFIED.,.F.,
  .F.,(2,2),(-3.850359964526,-2.965503303903),.PIECEWISE_BEZIER_KNOTS.);
#9398 = CARTESIAN_POINT('',(0.884856660623,-1.8));
#9399 = CARTESIAN_POINT('',(0.,-1.8));
#9400 = ( GEOMETRIC_REPRESENTATION_CONTEXT(2) 
PARAMETRIC_REPRESENTATION_CONTEXT() REPRESENTATION_CONTEXT('2D SPACE',''
  ) );
#9401 = PCURVE('',#9350,#9402);
#9402 = DEFINITIONAL_REPRESENTATION('',(#9403),#9406);
#9403 = B_SPLINE_CURVE_WITH_KNOTS('',1,(#9404,#9405),.UNSPECIFIED.,.F.,
  .F.,(2,2),(-3.850359964526,-2.965503303903),.PIECEWISE_BEZIER_KNOTS.);
#9404 = CARTESIAN_POINT('',(6.879514439957,1.979222188655));
#9405 = CARTESIAN_POINT('',(5.995070484589,2.006244395474));
#9406 = ( GEOMETRIC_REPRESENTATION_CONTEXT(2) 
PARAMETRIC_REPRESENTATION_CONTEXT() REPRESENTATION_CONTEXT('2D SPACE',''
  ) );
#9407 = ORIENTED_EDGE('',*,*,#9408,.F.);
#9408 = EDGE_CURVE('',#3571,#9388,#9409,.T.);
#9409 = SURFACE_CURVE('',#9410,(#9414,#9421),.PCURVE_S1.);
#9410 = LINE('',#9411,#9412);
#9411 = CARTESIAN_POINT('',(1.474335292948,33.767829889467,66.5));
#9412 = VECTOR('',#9413,1.);
#9413 = DIRECTION('',(0.,0.,1.));
#9414 = PCURVE('',#3611,#9415);
#9415 = DEFINITIONAL_REPRESENTATION('',(#9416),#9420);
#9416 = LINE('',#9417,#9418);
#9417 = CARTESIAN_POINT('',(0.884856660623,0.));
#9418 = VECTOR('',#9419,1.);
#9419 = DIRECTION('',(0.,-1.));
#9420 = ( GEOMETRIC_REPRESENTATION_CONTEXT(2) 
PARAMETRIC_REPRESENTATION_CONTEXT() REPRESENTATION_CONTEXT('2D SPACE',''
  ) );
#9421 = PCURVE('',#3585,#9422);
#9422 = DEFINITIONAL_REPRESENTATION('',(#9423),#9427);
#9423 = LINE('',#9424,#9425);
#9424 = CARTESIAN_POINT('',(0.,0.));
#9425 = VECTOR('',#9426,1.);
#9426 = DIRECTION('',(0.,-1.));
#9427 = ( GEOMETRIC_REPRESENTATION_CONTEXT(2) 
PARAMETRIC_REPRESENTATION_CONTEXT() REPRESENTATION_CONTEXT('2D SPACE',''
  ) );
#9428 = ADVANCED_FACE('',(#9429),#3585,.T.);
#9429 = FACE_BOUND('',#9430,.T.);
#9430 = EDGE_LOOP('',(#9431,#9432,#9433,#9454,#9475,#9503,#9524,#9550));
#9431 = ORIENTED_EDGE('',*,*,#3570,.T.);
#9432 = ORIENTED_EDGE('',*,*,#9408,.T.);
#9433 = ORIENTED_EDGE('',*,*,#9434,.F.);
#9434 = EDGE_CURVE('',#9435,#9388,#9437,.T.);
#9435 = VERTEX_POINT('',#9436);
#9436 = CARTESIAN_POINT('',(1.642408983038,33.758285973699,68.3));
#9437 = SURFACE_CURVE('',#9438,(#9442,#9448),.PCURVE_S1.);
#9438 = LINE('',#9439,#9440);
#9439 = CARTESIAN_POINT('',(-1.898352720977,33.959344993939,68.3));
#9440 = VECTOR('',#9441,1.);
#9441 = DIRECTION('',(-0.998391670557,5.669278756338E-02,0.));
#9442 = PCURVE('',#3585,#9443);
#9443 = DEFINITIONAL_REPRESENTATION('',(#9444),#9447);
#9444 = B_SPLINE_CURVE_WITH_KNOTS('',1,(#9445,#9446),.UNSPECIFIED.,.F.,
  .F.,(2,2),(-4.262977806248,-3.378121145625),.PIECEWISE_BEZIER_KNOTS.);
#9445 = CARTESIAN_POINT('',(0.884856660623,-1.8));
#9446 = CARTESIAN_POINT('',(0.,-1.8));
#9447 = ( GEOMETRIC_REPRESENTATION_CONTEXT(2) 
PARAMETRIC_REPRESENTATION_CONTEXT() REPRESENTATION_CONTEXT('2D SPACE',''
  ) );
#9448 = PCURVE('',#9350,#9449);
#9449 = DEFINITIONAL_REPRESENTATION('',(#9450),#9453);
#9450 = B_SPLINE_CURVE_WITH_KNOTS('',1,(#9451,#9452),.UNSPECIFIED.,.F.,
  .F.,(2,2),(-4.262977806248,-3.378121145625),.PIECEWISE_BEZIER_KNOTS.);
#9451 = CARTESIAN_POINT('',(7.76294795956,1.92905719797));
#9452 = CARTESIAN_POINT('',(6.879514439957,1.979222188655));
#9453 = ( GEOMETRIC_REPRESENTATION_CONTEXT(2) 
PARAMETRIC_REPRESENTATION_CONTEXT() REPRESENTATION_CONTEXT('2D SPACE',''
  ) );
#9454 = ORIENTED_EDGE('',*,*,#9455,.F.);
#9455 = EDGE_CURVE('',#9456,#9435,#9458,.T.);
#9456 = VERTEX_POINT('',#9457);
#9457 = CARTESIAN_POINT('',(1.642408983038,33.758285973699,68.31));
#9458 = SURFACE_CURVE('',#9459,(#9463,#9469),.PCURVE_S1.);
#9459 = LINE('',#9460,#9461);
#9460 = CARTESIAN_POINT('',(1.642408983037,33.758285973699,67.4));
#9461 = VECTOR('',#9462,1.);
#9462 = DIRECTION('',(0.,0.,-1.));
#9463 = PCURVE('',#3585,#9464);
#9464 = DEFINITIONAL_REPRESENTATION('',(#9465),#9468);
#9465 = B_SPLINE_CURVE_WITH_KNOTS('',1,(#9466,#9467),.UNSPECIFIED.,.F.,
  .F.,(2,2),(-0.91,-0.9),.PIECEWISE_BEZIER_KNOTS.);
#9466 = CARTESIAN_POINT('',(0.168344443414,-1.81));
#9467 = CARTESIAN_POINT('',(0.168344443414,-1.8));
#9468 = ( GEOMETRIC_REPRESENTATION_CONTEXT(2) 
PARAMETRIC_REPRESENTATION_CONTEXT() REPRESENTATION_CONTEXT('2D SPACE',''
  ) );
#9469 = PCURVE('',#6564,#9470);
#9470 = DEFINITIONAL_REPRESENTATION('',(#9471),#9474);
#9471 = B_SPLINE_CURVE_WITH_KNOTS('',1,(#9472,#9473),.UNSPECIFIED.,.F.,
  .F.,(2,2),(-0.91,-0.9),.PIECEWISE_BEZIER_KNOTS.);
#9472 = CARTESIAN_POINT('',(1.782996142064,-1.000000000001E-02));
#9473 = CARTESIAN_POINT('',(1.782996142064,0.));
#9474 = ( GEOMETRIC_REPRESENTATION_CONTEXT(2) 
PARAMETRIC_REPRESENTATION_CONTEXT() REPRESENTATION_CONTEXT('2D SPACE',''
  ) );
#9475 = ORIENTED_EDGE('',*,*,#9476,.T.);
#9476 = EDGE_CURVE('',#9456,#9477,#9479,.T.);
#9477 = VERTEX_POINT('',#9478);
#9478 = CARTESIAN_POINT('',(1.816212163292,33.748416713902,68.31));
#9479 = SURFACE_CURVE('',#9480,(#9484,#9491),.PCURVE_S1.);
#9480 = LINE('',#9481,#9482);
#9481 = CARTESIAN_POINT('',(1.474335292948,33.767829889467,68.31));
#9482 = VECTOR('',#9483,1.);
#9483 = DIRECTION('',(0.998391670557,-5.669278756338E-02,0.));
#9484 = PCURVE('',#3585,#9485);
#9485 = DEFINITIONAL_REPRESENTATION('',(#9486),#9490);
#9486 = LINE('',#9487,#9488);
#9487 = CARTESIAN_POINT('',(0.,-1.81));
#9488 = VECTOR('',#9489,1.);
#9489 = DIRECTION('',(1.,0.));
#9490 = ( GEOMETRIC_REPRESENTATION_CONTEXT(2) 
PARAMETRIC_REPRESENTATION_CONTEXT() REPRESENTATION_CONTEXT('2D SPACE',''
  ) );
#9491 = PCURVE('',#9492,#9497);
#9492 = PLANE('',#9493);
#9493 = AXIS2_PLACEMENT_3D('',#9494,#9495,#9496);
#9494 = CARTESIAN_POINT('',(5.948195437329,33.733892643256,68.31));
#9495 = DIRECTION('',(0.,0.,1.));
#9496 = DIRECTION('',(1.,0.,-0.));
#9497 = DEFINITIONAL_REPRESENTATION('',(#9498),#9502);
#9498 = LINE('',#9499,#9500);
#9499 = CARTESIAN_POINT('',(-4.473860144381,3.39372462106E-02));
#9500 = VECTOR('',#9501,1.);
#9501 = DIRECTION('',(0.998391670557,-5.669278756338E-02));
#9502 = ( GEOMETRIC_REPRESENTATION_CONTEXT(2) 
PARAMETRIC_REPRESENTATION_CONTEXT() REPRESENTATION_CONTEXT('2D SPACE',''
  ) );
#9503 = ORIENTED_EDGE('',*,*,#9504,.F.);
#9504 = EDGE_CURVE('',#9505,#9477,#9507,.T.);
#9505 = VERTEX_POINT('',#9506);
#9506 = CARTESIAN_POINT('',(1.816212163292,33.748416713902,68.3));
#9507 = SURFACE_CURVE('',#9508,(#9512,#9518),.PCURVE_S1.);
#9508 = LINE('',#9509,#9510);
#9509 = CARTESIAN_POINT('',(1.816212163292,33.748416713902,67.4));
#9510 = VECTOR('',#9511,1.);
#9511 = DIRECTION('',(0.,0.,1.));
#9512 = PCURVE('',#3585,#9513);
#9513 = DEFINITIONAL_REPRESENTATION('',(#9514),#9517);
#9514 = B_SPLINE_CURVE_WITH_KNOTS('',1,(#9515,#9516),.UNSPECIFIED.,.F.,
  .F.,(2,2),(0.9,0.91),.PIECEWISE_BEZIER_KNOTS.);
#9515 = CARTESIAN_POINT('',(0.342427606746,-1.8));
#9516 = CARTESIAN_POINT('',(0.342427606746,-1.81));
#9517 = ( GEOMETRIC_REPRESENTATION_CONTEXT(2) 
PARAMETRIC_REPRESENTATION_CONTEXT() REPRESENTATION_CONTEXT('2D SPACE',''
  ) );
#9518 = PCURVE('',#6592,#9519);
#9519 = DEFINITIONAL_REPRESENTATION('',(#9520),#9523);
#9520 = B_SPLINE_CURVE_WITH_KNOTS('',1,(#9521,#9522),.UNSPECIFIED.,.F.,
  .F.,(2,2),(0.9,0.91),.PIECEWISE_BEZIER_KNOTS.);
#9521 = CARTESIAN_POINT('',(0.1064945344,0.));
#9522 = CARTESIAN_POINT('',(0.1064945344,-1.000000000001E-02));
#9523 = ( GEOMETRIC_REPRESENTATION_CONTEXT(2) 
PARAMETRIC_REPRESENTATION_CONTEXT() REPRESENTATION_CONTEXT('2D SPACE',''
  ) );
#9524 = ORIENTED_EDGE('',*,*,#9525,.F.);
#9525 = EDGE_CURVE('',#9526,#9505,#9528,.T.);
#9526 = VERTEX_POINT('',#9527);
#9527 = CARTESIAN_POINT('',(2.357768812551,33.717664898782,68.3));
#9528 = SURFACE_CURVE('',#9529,(#9533,#9539),.PCURVE_S1.);
#9529 = LINE('',#9530,#9531);
#9530 = CARTESIAN_POINT('',(-1.898352720977,33.959344993939,68.3));
#9531 = VECTOR('',#9532,1.);
#9532 = DIRECTION('',(-0.998391670557,5.669278756338E-02,0.));
#9533 = PCURVE('',#3585,#9534);
#9534 = DEFINITIONAL_REPRESENTATION('',(#9535),#9538);
#9535 = B_SPLINE_CURVE_WITH_KNOTS('',1,(#9536,#9537),.UNSPECIFIED.,.F.,
  .F.,(2,2),(-4.262977806248,-3.378121145625),.PIECEWISE_BEZIER_KNOTS.);
#9536 = CARTESIAN_POINT('',(0.884856660623,-1.8));
#9537 = CARTESIAN_POINT('',(0.,-1.8));
#9538 = ( GEOMETRIC_REPRESENTATION_CONTEXT(2) 
PARAMETRIC_REPRESENTATION_CONTEXT() REPRESENTATION_CONTEXT('2D SPACE',''
  ) );
#9539 = PCURVE('',#9540,#9545);
#9540 = PLANE('',#9541);
#9541 = AXIS2_PLACEMENT_3D('',#9542,#9543,#9544);
#9542 = CARTESIAN_POINT('',(-5.405179147008,31.788607700812,68.3));
#9543 = DIRECTION('',(0.,0.,1.));
#9544 = DIRECTION('',(1.,0.,-0.));
#9545 = DEFINITIONAL_REPRESENTATION('',(#9546),#9549);
#9546 = B_SPLINE_CURVE_WITH_KNOTS('',1,(#9547,#9548),.UNSPECIFIED.,.F.,
  .F.,(2,2),(-4.262977806248,-3.378121145625),.PIECEWISE_BEZIER_KNOTS.);
#9547 = CARTESIAN_POINT('',(7.76294795956,1.92905719797));
#9548 = CARTESIAN_POINT('',(6.879514439957,1.979222188655));
#9549 = ( GEOMETRIC_REPRESENTATION_CONTEXT(2) 
PARAMETRIC_REPRESENTATION_CONTEXT() REPRESENTATION_CONTEXT('2D SPACE',''
  ) );
#9550 = ORIENTED_EDGE('',*,*,#9551,.F.);
#9551 = EDGE_CURVE('',#3545,#9526,#9552,.T.);
#9552 = SURFACE_CURVE('',#9553,(#9557,#9564),.PCURVE_S1.);
#9553 = LINE('',#9554,#9555);
#9554 = CARTESIAN_POINT('',(2.357768812551,33.717664898782,66.5));
#9555 = VECTOR('',#9556,1.);
#9556 = DIRECTION('',(0.,0.,1.));
#9557 = PCURVE('',#3585,#9558);
#9558 = DEFINITIONAL_REPRESENTATION('',(#9559),#9563);
#9559 = LINE('',#9560,#9561);
#9560 = CARTESIAN_POINT('',(0.884856660623,0.));
#9561 = VECTOR('',#9562,1.);
#9562 = DIRECTION('',(0.,-1.));
#9563 = ( GEOMETRIC_REPRESENTATION_CONTEXT(2) 
PARAMETRIC_REPRESENTATION_CONTEXT() REPRESENTATION_CONTEXT('2D SPACE',''
  ) );
#9564 = PCURVE('',#3559,#9565);
#9565 = DEFINITIONAL_REPRESENTATION('',(#9566),#9570);
#9566 = LINE('',#9567,#9568);
#9567 = CARTESIAN_POINT('',(0.,0.));
#9568 = VECTOR('',#9569,1.);
#9569 = DIRECTION('',(0.,-1.));
#9570 = ( GEOMETRIC_REPRESENTATION_CONTEXT(2) 
PARAMETRIC_REPRESENTATION_CONTEXT() REPRESENTATION_CONTEXT('2D SPACE',''
  ) );
#9571 = ADVANCED_FACE('',(#9572),#3559,.T.);
#9572 = FACE_BOUND('',#9573,.T.);
#9573 = EDGE_LOOP('',(#9574,#9575,#9576,#9597));
#9574 = ORIENTED_EDGE('',*,*,#3544,.T.);
#9575 = ORIENTED_EDGE('',*,*,#9551,.T.);
#9576 = ORIENTED_EDGE('',*,*,#9577,.F.);
#9577 = EDGE_CURVE('',#9578,#9526,#9580,.T.);
#9578 = VERTEX_POINT('',#9579);
#9579 = CARTESIAN_POINT('',(3.239586435184,33.644391504811,68.3));
#9580 = SURFACE_CURVE('',#9581,(#9585,#9591),.PCURVE_S1.);
#9581 = LINE('',#9582,#9583);
#9582 = CARTESIAN_POINT('',(-1.417492558814,34.031364927801,68.3));
#9583 = VECTOR('',#9584,1.);
#9584 = DIRECTION('',(-0.996565502498,8.28082075122E-02,0.));
#9585 = PCURVE('',#3559,#9586);
#9586 = DEFINITIONAL_REPRESENTATION('',(#9587),#9590);
#9587 = B_SPLINE_CURVE_WITH_KNOTS('',1,(#9588,#9589),.UNSPECIFIED.,.F.,
  .F.,(2,2),(-4.673128843338,-3.788272182715),.PIECEWISE_BEZIER_KNOTS.);
#9588 = CARTESIAN_POINT('',(0.884856660623,-1.8));
#9589 = CARTESIAN_POINT('',(0.,-1.8));
#9590 = ( GEOMETRIC_REPRESENTATION_CONTEXT(2) 
PARAMETRIC_REPRESENTATION_CONTEXT() REPRESENTATION_CONTEXT('2D SPACE',''
  ) );
#9591 = PCURVE('',#9540,#9592);
#9592 = DEFINITIONAL_REPRESENTATION('',(#9593),#9596);
#9593 = B_SPLINE_CURVE_WITH_KNOTS('',1,(#9594,#9595),.UNSPECIFIED.,.F.,
  .F.,(2,2),(-4.673128843338,-3.788272182715),.PIECEWISE_BEZIER_KNOTS.);
#9594 = CARTESIAN_POINT('',(8.644765582192,1.855783803998));
#9595 = CARTESIAN_POINT('',(7.76294795956,1.92905719797));
#9596 = ( GEOMETRIC_REPRESENTATION_CONTEXT(2) 
PARAMETRIC_REPRESENTATION_CONTEXT() REPRESENTATION_CONTEXT('2D SPACE',''
  ) );
#9597 = ORIENTED_EDGE('',*,*,#9598,.F.);
#9598 = EDGE_CURVE('',#3519,#9578,#9599,.T.);
#9599 = SURFACE_CURVE('',#9600,(#9604,#9611),.PCURVE_S1.);
#9600 = LINE('',#9601,#9602);
#9601 = CARTESIAN_POINT('',(3.239586435184,33.644391504811,66.5));
#9602 = VECTOR('',#9603,1.);
#9603 = DIRECTION('',(0.,0.,1.));
#9604 = PCURVE('',#3559,#9605);
#9605 = DEFINITIONAL_REPRESENTATION('',(#9606),#9610);
#9606 = LINE('',#9607,#9608);
#9607 = CARTESIAN_POINT('',(0.884856660623,0.));
#9608 = VECTOR('',#9609,1.);
#9609 = DIRECTION('',(0.,-1.));
#9610 = ( GEOMETRIC_REPRESENTATION_CONTEXT(2) 
PARAMETRIC_REPRESENTATION_CONTEXT() REPRESENTATION_CONTEXT('2D SPACE',''
  ) );
#9611 = PCURVE('',#3533,#9612);
#9612 = DEFINITIONAL_REPRESENTATION('',(#9613),#9617);
#9613 = LINE('',#9614,#9615);
#9614 = CARTESIAN_POINT('',(0.,0.));
#9615 = VECTOR('',#9616,1.);
#9616 = DIRECTION('',(0.,-1.));
#9617 = ( GEOMETRIC_REPRESENTATION_CONTEXT(2) 
PARAMETRIC_REPRESENTATION_CONTEXT() REPRESENTATION_CONTEXT('2D SPACE',''
  ) );
#9618 = ADVANCED_FACE('',(#9619),#3533,.T.);
#9619 = FACE_BOUND('',#9620,.T.);
#9620 = EDGE_LOOP('',(#9621,#9622,#9623,#9644,#9665,#9693,#9714,#9740));
#9621 = ORIENTED_EDGE('',*,*,#3518,.T.);
#9622 = ORIENTED_EDGE('',*,*,#9598,.T.);
#9623 = ORIENTED_EDGE('',*,*,#9624,.F.);
#9624 = EDGE_CURVE('',#9625,#9578,#9627,.T.);
#9625 = VERTEX_POINT('',#9626);
#9626 = CARTESIAN_POINT('',(3.4696421969,33.619196301222,68.3));
#9627 = SURFACE_CURVE('',#9628,(#9632,#9638),.PCURVE_S1.);
#9628 = LINE('',#9629,#9630);
#9629 = CARTESIAN_POINT('',(-0.931151207937,34.10116156459,68.3));
#9630 = VECTOR('',#9631,1.);
#9631 = DIRECTION('',(-0.994056338222,0.108866874852,0.));
#9632 = PCURVE('',#3533,#9633);
#9633 = DEFINITIONAL_REPRESENTATION('',(#9634),#9637);
#9634 = B_SPLINE_CURVE_WITH_KNOTS('',1,(#9635,#9636),.UNSPECIFIED.,.F.,
  .F.,(2,2),(-5.080531978764,-4.195675318141),.PIECEWISE_BEZIER_KNOTS.);
#9635 = CARTESIAN_POINT('',(0.884856660623,-1.8));
#9636 = CARTESIAN_POINT('',(0.,-1.8));
#9637 = ( GEOMETRIC_REPRESENTATION_CONTEXT(2) 
PARAMETRIC_REPRESENTATION_CONTEXT() REPRESENTATION_CONTEXT('2D SPACE',''
  ) );
#9638 = PCURVE('',#9540,#9639);
#9639 = DEFINITIONAL_REPRESENTATION('',(#9640),#9643);
#9640 = B_SPLINE_CURVE_WITH_KNOTS('',1,(#9641,#9642),.UNSPECIFIED.,.F.,
  .F.,(2,2),(-5.080531978764,-4.195675318141),.PIECEWISE_BEZIER_KNOTS.);
#9641 = CARTESIAN_POINT('',(9.524362954102,1.759452224665));
#9642 = CARTESIAN_POINT('',(8.644765582192,1.855783803998));
#9643 = ( GEOMETRIC_REPRESENTATION_CONTEXT(2) 
PARAMETRIC_REPRESENTATION_CONTEXT() REPRESENTATION_CONTEXT('2D SPACE',''
  ) );
#9644 = ORIENTED_EDGE('',*,*,#9645,.F.);
#9645 = EDGE_CURVE('',#9646,#9625,#9648,.T.);
#9646 = VERTEX_POINT('',#9647);
#9647 = CARTESIAN_POINT('',(3.469642196899,33.619196301222,68.31));
#9648 = SURFACE_CURVE('',#9649,(#9653,#9659),.PCURVE_S1.);
#9649 = LINE('',#9650,#9651);
#9650 = CARTESIAN_POINT('',(3.4696421969,33.619196301222,67.4));
#9651 = VECTOR('',#9652,1.);
#9652 = DIRECTION('',(0.,0.,-1.));
#9653 = PCURVE('',#3533,#9654);
#9654 = DEFINITIONAL_REPRESENTATION('',(#9655),#9658);
#9655 = B_SPLINE_CURVE_WITH_KNOTS('',1,(#9656,#9657),.UNSPECIFIED.,.F.,
  .F.,(2,2),(-0.91,-0.9),.PIECEWISE_BEZIER_KNOTS.);
#9656 = CARTESIAN_POINT('',(0.231431311154,-1.81));
#9657 = CARTESIAN_POINT('',(0.231431311154,-1.8));
#9658 = ( GEOMETRIC_REPRESENTATION_CONTEXT(2) 
PARAMETRIC_REPRESENTATION_CONTEXT() REPRESENTATION_CONTEXT('2D SPACE',''
  ) );
#9659 = PCURVE('',#6592,#9660);
#9660 = DEFINITIONAL_REPRESENTATION('',(#9661),#9664);
#9661 = B_SPLINE_CURVE_WITH_KNOTS('',1,(#9662,#9663),.UNSPECIFIED.,.F.,
  .F.,(2,2),(-0.91,-0.9),.PIECEWISE_BEZIER_KNOTS.);
#9662 = CARTESIAN_POINT('',(1.764966358426,-1.000000000001E-02));
#9663 = CARTESIAN_POINT('',(1.764966358426,0.));
#9664 = ( GEOMETRIC_REPRESENTATION_CONTEXT(2) 
PARAMETRIC_REPRESENTATION_CONTEXT() REPRESENTATION_CONTEXT('2D SPACE',''
  ) );
#9665 = ORIENTED_EDGE('',*,*,#9666,.T.);
#9666 = EDGE_CURVE('',#9646,#9667,#9669,.T.);
#9667 = VERTEX_POINT('',#9668);
#9668 = CARTESIAN_POINT('',(3.666594078082,33.597626562188,68.31));
#9669 = SURFACE_CURVE('',#9670,(#9674,#9681),.PCURVE_S1.);
#9670 = LINE('',#9671,#9672);
#9671 = CARTESIAN_POINT('',(3.239586435184,33.644391504811,68.31));
#9672 = VECTOR('',#9673,1.);
#9673 = DIRECTION('',(0.994056338222,-0.108866874852,0.));
#9674 = PCURVE('',#3533,#9675);
#9675 = DEFINITIONAL_REPRESENTATION('',(#9676),#9680);
#9676 = LINE('',#9677,#9678);
#9677 = CARTESIAN_POINT('',(0.,-1.81));
#9678 = VECTOR('',#9679,1.);
#9679 = DIRECTION('',(1.,0.));
#9680 = ( GEOMETRIC_REPRESENTATION_CONTEXT(2) 
PARAMETRIC_REPRESENTATION_CONTEXT() REPRESENTATION_CONTEXT('2D SPACE',''
  ) );
#9681 = PCURVE('',#9682,#9687);
#9682 = PLANE('',#9683);
#9683 = AXIS2_PLACEMENT_3D('',#9684,#9685,#9686);
#9684 = CARTESIAN_POINT('',(5.948195437329,33.733892643256,68.31));
#9685 = DIRECTION('',(0.,0.,1.));
#9686 = DIRECTION('',(1.,0.,-0.));
#9687 = DEFINITIONAL_REPRESENTATION('',(#9688),#9692);
#9688 = LINE('',#9689,#9690);
#9689 = CARTESIAN_POINT('',(-2.708609002145,-8.950113844555E-02));
#9690 = VECTOR('',#9691,1.);
#9691 = DIRECTION('',(0.994056338222,-0.108866874852));
#9692 = ( GEOMETRIC_REPRESENTATION_CONTEXT(2) 
PARAMETRIC_REPRESENTATION_CONTEXT() REPRESENTATION_CONTEXT('2D SPACE',''
  ) );
#9693 = ORIENTED_EDGE('',*,*,#9694,.F.);
#9694 = EDGE_CURVE('',#9695,#9667,#9697,.T.);
#9695 = VERTEX_POINT('',#9696);
#9696 = CARTESIAN_POINT('',(3.666594078083,33.597626562188,68.3));
#9697 = SURFACE_CURVE('',#9698,(#9702,#9708),.PCURVE_S1.);
#9698 = LINE('',#9699,#9700);
#9699 = CARTESIAN_POINT('',(3.666594078083,33.597626562188,67.4));
#9700 = VECTOR('',#9701,1.);
#9701 = DIRECTION('',(0.,0.,1.));
#9702 = PCURVE('',#3533,#9703);
#9703 = DEFINITIONAL_REPRESENTATION('',(#9704),#9707);
#9704 = B_SPLINE_CURVE_WITH_KNOTS('',1,(#9705,#9706),.UNSPECIFIED.,.F.,
  .F.,(2,2),(0.9,0.91),.PIECEWISE_BEZIER_KNOTS.);
#9705 = CARTESIAN_POINT('',(0.429560807049,-1.8));
#9706 = CARTESIAN_POINT('',(0.429560807049,-1.81));
#9707 = ( GEOMETRIC_REPRESENTATION_CONTEXT(2) 
PARAMETRIC_REPRESENTATION_CONTEXT() REPRESENTATION_CONTEXT('2D SPACE',''
  ) );
#9708 = PCURVE('',#6620,#9709);
#9709 = DEFINITIONAL_REPRESENTATION('',(#9710),#9713);
#9710 = B_SPLINE_CURVE_WITH_KNOTS('',1,(#9711,#9712),.UNSPECIFIED.,.F.,
  .F.,(2,2),(0.9,0.91),.PIECEWISE_BEZIER_KNOTS.);
#9711 = CARTESIAN_POINT('',(0.112521985421,0.));
#9712 = CARTESIAN_POINT('',(0.112521985421,-1.000000000001E-02));
#9713 = ( GEOMETRIC_REPRESENTATION_CONTEXT(2) 
PARAMETRIC_REPRESENTATION_CONTEXT() REPRESENTATION_CONTEXT('2D SPACE',''
  ) );
#9714 = ORIENTED_EDGE('',*,*,#9715,.F.);
#9715 = EDGE_CURVE('',#9716,#9695,#9718,.T.);
#9716 = VERTEX_POINT('',#9717);
#9717 = CARTESIAN_POINT('',(4.119183807094,33.548059925477,68.3));
#9718 = SURFACE_CURVE('',#9719,(#9723,#9729),.PCURVE_S1.);
#9719 = LINE('',#9720,#9721);
#9720 = CARTESIAN_POINT('',(-0.931151207937,34.10116156459,68.3));
#9721 = VECTOR('',#9722,1.);
#9722 = DIRECTION('',(-0.994056338222,0.108866874852,0.));
#9723 = PCURVE('',#3533,#9724);
#9724 = DEFINITIONAL_REPRESENTATION('',(#9725),#9728);
#9725 = B_SPLINE_CURVE_WITH_KNOTS('',1,(#9726,#9727),.UNSPECIFIED.,.F.,
  .F.,(2,2),(-5.080531978764,-4.195675318141),.PIECEWISE_BEZIER_KNOTS.);
#9726 = CARTESIAN_POINT('',(0.884856660623,-1.8));
#9727 = CARTESIAN_POINT('',(0.,-1.8));
#9728 = ( GEOMETRIC_REPRESENTATION_CONTEXT(2) 
PARAMETRIC_REPRESENTATION_CONTEXT() REPRESENTATION_CONTEXT('2D SPACE',''
  ) );
#9729 = PCURVE('',#9730,#9735);
#9730 = PLANE('',#9731);
#9731 = AXIS2_PLACEMENT_3D('',#9732,#9733,#9734);
#9732 = CARTESIAN_POINT('',(-5.405179147008,31.788607700812,68.3));
#9733 = DIRECTION('',(0.,0.,1.));
#9734 = DIRECTION('',(1.,0.,-0.));
#9735 = DEFINITIONAL_REPRESENTATION('',(#9736),#9739);
#9736 = B_SPLINE_CURVE_WITH_KNOTS('',1,(#9737,#9738),.UNSPECIFIED.,.F.,
  .F.,(2,2),(-5.080531978764,-4.195675318141),.PIECEWISE_BEZIER_KNOTS.);
#9737 = CARTESIAN_POINT('',(9.524362954102,1.759452224665));
#9738 = CARTESIAN_POINT('',(8.644765582192,1.855783803998));
#9739 = ( GEOMETRIC_REPRESENTATION_CONTEXT(2) 
PARAMETRIC_REPRESENTATION_CONTEXT() REPRESENTATION_CONTEXT('2D SPACE',''
  ) );
#9740 = ORIENTED_EDGE('',*,*,#9741,.F.);
#9741 = EDGE_CURVE('',#3493,#9716,#9742,.T.);
#9742 = SURFACE_CURVE('',#9743,(#9747,#9754),.PCURVE_S1.);
#9743 = LINE('',#9744,#9745);
#9744 = CARTESIAN_POINT('',(4.119183807094,33.548059925477,66.5));
#9745 = VECTOR('',#9746,1.);
#9746 = DIRECTION('',(0.,0.,1.));
#9747 = PCURVE('',#3533,#9748);
#9748 = DEFINITIONAL_REPRESENTATION('',(#9749),#9753);
#9749 = LINE('',#9750,#9751);
#9750 = CARTESIAN_POINT('',(0.884856660623,0.));
#9751 = VECTOR('',#9752,1.);
#9752 = DIRECTION('',(0.,-1.));
#9753 = ( GEOMETRIC_REPRESENTATION_CONTEXT(2) 
PARAMETRIC_REPRESENTATION_CONTEXT() REPRESENTATION_CONTEXT('2D SPACE',''
  ) );
#9754 = PCURVE('',#3507,#9755);
#9755 = DEFINITIONAL_REPRESENTATION('',(#9756),#9760);
#9756 = LINE('',#9757,#9758);
#9757 = CARTESIAN_POINT('',(0.,0.));
#9758 = VECTOR('',#9759,1.);
#9759 = DIRECTION('',(0.,-1.));
#9760 = ( GEOMETRIC_REPRESENTATION_CONTEXT(2) 
PARAMETRIC_REPRESENTATION_CONTEXT() REPRESENTATION_CONTEXT('2D SPACE',''
  ) );
#9761 = ADVANCED_FACE('',(#9762),#3507,.T.);
#9762 = FACE_BOUND('',#9763,.T.);
#9763 = EDGE_LOOP('',(#9764,#9765,#9766,#9787));
#9764 = ORIENTED_EDGE('',*,*,#3492,.T.);
#9765 = ORIENTED_EDGE('',*,*,#9741,.T.);
#9766 = ORIENTED_EDGE('',*,*,#9767,.F.);
#9767 = EDGE_CURVE('',#9768,#9716,#9770,.T.);
#9768 = VERTEX_POINT('',#9769);
#9769 = CARTESIAN_POINT('',(4.995958096181,33.428736181633,68.3));
#9770 = SURFACE_CURVE('',#9771,(#9775,#9781),.PCURVE_S1.);
#9771 = LINE('',#9772,#9773);
#9772 = CARTESIAN_POINT('',(-0.438850190101,34.168381127732,68.3));
#9773 = VECTOR('',#9774,1.);
#9774 = DIRECTION('',(-0.990865897387,0.134850930274,0.));
#9775 = PCURVE('',#3507,#9776);
#9776 = DEFINITIONAL_REPRESENTATION('',(#9777),#9780);
#9777 = B_SPLINE_CURVE_WITH_KNOTS('',1,(#9778,#9779),.UNSPECIFIED.,.F.,
  .F.,(2,2),(-5.484907998766,-4.600051338143),.PIECEWISE_BEZIER_KNOTS.);
#9778 = CARTESIAN_POINT('',(0.884856660623,-1.8));
#9779 = CARTESIAN_POINT('',(0.,-1.8));
#9780 = ( GEOMETRIC_REPRESENTATION_CONTEXT(2) 
PARAMETRIC_REPRESENTATION_CONTEXT() REPRESENTATION_CONTEXT('2D SPACE',''
  ) );
#9781 = PCURVE('',#9730,#9782);
#9782 = DEFINITIONAL_REPRESENTATION('',(#9783),#9786);
#9783 = B_SPLINE_CURVE_WITH_KNOTS('',1,(#9784,#9785),.UNSPECIFIED.,.F.,
  .F.,(2,2),(-5.484907998766,-4.600051338143),.PIECEWISE_BEZIER_KNOTS.);
#9784 = CARTESIAN_POINT('',(10.401137243189,1.640128480821));
#9785 = CARTESIAN_POINT('',(9.524362954102,1.759452224665));
#9786 = ( GEOMETRIC_REPRESENTATION_CONTEXT(2) 
PARAMETRIC_REPRESENTATION_CONTEXT() REPRESENTATION_CONTEXT('2D SPACE',''
  ) );
#9787 = ORIENTED_EDGE('',*,*,#9788,.F.);
#9788 = EDGE_CURVE('',#3467,#9768,#9789,.T.);
#9789 = SURFACE_CURVE('',#9790,(#9794,#9801),.PCURVE_S1.);
#9790 = LINE('',#9791,#9792);
#9791 = CARTESIAN_POINT('',(4.995958096181,33.428736181633,66.5));
#9792 = VECTOR('',#9793,1.);
#9793 = DIRECTION('',(0.,0.,1.));
#9794 = PCURVE('',#3507,#9795);
#9795 = DEFINITIONAL_REPRESENTATION('',(#9796),#9800);
#9796 = LINE('',#9797,#9798);
#9797 = CARTESIAN_POINT('',(0.884856660623,0.));
#9798 = VECTOR('',#9799,1.);
#9799 = DIRECTION('',(0.,-1.));
#9800 = ( GEOMETRIC_REPRESENTATION_CONTEXT(2) 
PARAMETRIC_REPRESENTATION_CONTEXT() REPRESENTATION_CONTEXT('2D SPACE',''
  ) );
#9801 = PCURVE('',#3481,#9802);
#9802 = DEFINITIONAL_REPRESENTATION('',(#9803),#9807);
#9803 = LINE('',#9804,#9805);
#9804 = CARTESIAN_POINT('',(0.,0.));
#9805 = VECTOR('',#9806,1.);
#9806 = DIRECTION('',(0.,-1.));
#9807 = ( GEOMETRIC_REPRESENTATION_CONTEXT(2) 
PARAMETRIC_REPRESENTATION_CONTEXT() REPRESENTATION_CONTEXT('2D SPACE',''
  ) );
#9808 = ADVANCED_FACE('',(#9809),#3481,.T.);
#9809 = FACE_BOUND('',#9810,.T.);
#9810 = EDGE_LOOP('',(#9811,#9812,#9813,#9834,#9855,#9883,#9904,#9930));
#9811 = ORIENTED_EDGE('',*,*,#3466,.T.);
#9812 = ORIENTED_EDGE('',*,*,#9788,.T.);
#9813 = ORIENTED_EDGE('',*,*,#9814,.F.);
#9814 = EDGE_CURVE('',#9815,#9768,#9817,.T.);
#9815 = VERTEX_POINT('',#9816);
#9816 = CARTESIAN_POINT('',(5.290364675008,33.38078902558,68.3));
#9817 = SURFACE_CURVE('',#9818,(#9822,#9828),.PCURVE_S1.);
#9818 = LINE('',#9819,#9820);
#9819 = CARTESIAN_POINT('',(5.986776420964E-02,34.232629540206,68.3));
#9820 = VECTOR('',#9821,1.);
#9821 = DIRECTION('',(-0.98699636656,0.160742565604,0.));
#9822 = PCURVE('',#3481,#9823);
#9823 = DEFINITIONAL_REPRESENTATION('',(#9824),#9827);
#9824 = B_SPLINE_CURVE_WITH_KNOTS('',1,(#9825,#9826),.UNSPECIFIED.,.F.,
  .F.,(2,2),(-5.88597976422,-5.001123103598),.PIECEWISE_BEZIER_KNOTS.);
#9825 = CARTESIAN_POINT('',(0.884856660623,-1.8));
#9826 = CARTESIAN_POINT('',(0.,-1.8));
#9827 = ( GEOMETRIC_REPRESENTATION_CONTEXT(2) 
PARAMETRIC_REPRESENTATION_CONTEXT() REPRESENTATION_CONTEXT('2D SPACE',''
  ) );
#9828 = PCURVE('',#9730,#9829);
#9829 = DEFINITIONAL_REPRESENTATION('',(#9830),#9833);
#9830 = B_SPLINE_CURVE_WITH_KNOTS('',1,(#9831,#9832),.UNSPECIFIED.,.F.,
  .F.,(2,2),(-5.88597976422,-5.001123103598),.PIECEWISE_BEZIER_KNOTS.);
#9831 = CARTESIAN_POINT('',(11.274487552151,1.497894351));
#9832 = CARTESIAN_POINT('',(10.401137243189,1.640128480821));
#9833 = ( GEOMETRIC_REPRESENTATION_CONTEXT(2) 
PARAMETRIC_REPRESENTATION_CONTEXT() REPRESENTATION_CONTEXT('2D SPACE',''
  ) );
#9834 = ORIENTED_EDGE('',*,*,#9835,.F.);
#9835 = EDGE_CURVE('',#9836,#9815,#9838,.T.);
#9836 = VERTEX_POINT('',#9837);
#9837 = CARTESIAN_POINT('',(5.290364675008,33.38078902558,68.31));
#9838 = SURFACE_CURVE('',#9839,(#9843,#9849),.PCURVE_S1.);
#9839 = LINE('',#9840,#9841);
#9840 = CARTESIAN_POINT('',(5.290364675009,33.38078902558,67.4));
#9841 = VECTOR('',#9842,1.);
#9842 = DIRECTION('',(0.,0.,-1.));
#9843 = PCURVE('',#3481,#9844);
#9844 = DEFINITIONAL_REPRESENTATION('',(#9845),#9848);
#9845 = B_SPLINE_CURVE_WITH_KNOTS('',1,(#9846,#9847),.UNSPECIFIED.,.F.,
  .F.,(2,2),(-0.91,-0.9),.PIECEWISE_BEZIER_KNOTS.);
#9846 = CARTESIAN_POINT('',(0.298285372472,-1.81));
#9847 = CARTESIAN_POINT('',(0.298285372472,-1.8));
#9848 = ( GEOMETRIC_REPRESENTATION_CONTEXT(2) 
PARAMETRIC_REPRESENTATION_CONTEXT() REPRESENTATION_CONTEXT('2D SPACE',''
  ) );
#9849 = PCURVE('',#6620,#9850);
#9850 = DEFINITIONAL_REPRESENTATION('',(#9851),#9854);
#9851 = B_SPLINE_CURVE_WITH_KNOTS('',1,(#9852,#9853),.UNSPECIFIED.,.F.,
  .F.,(2,2),(-0.91,-0.9),.PIECEWISE_BEZIER_KNOTS.);
#9852 = CARTESIAN_POINT('',(1.750706794508,-1.000000000001E-02));
#9853 = CARTESIAN_POINT('',(1.750706794508,0.));
#9854 = ( GEOMETRIC_REPRESENTATION_CONTEXT(2) 
PARAMETRIC_REPRESENTATION_CONTEXT() REPRESENTATION_CONTEXT('2D SPACE',''
  ) );
#9855 = ORIENTED_EDGE('',*,*,#9856,.T.);
#9856 = EDGE_CURVE('',#9836,#9857,#9859,.T.);
#9857 = VERTEX_POINT('',#9858);
#9858 = CARTESIAN_POINT('',(5.497470750791,33.347059659291,68.31));
#9859 = SURFACE_CURVE('',#9860,(#9864,#9871),.PCURVE_S1.);
#9860 = LINE('',#9861,#9862);
#9861 = CARTESIAN_POINT('',(4.995958096181,33.428736181633,68.31));
#9862 = VECTOR('',#9863,1.);
#9863 = DIRECTION('',(0.98699636656,-0.160742565604,0.));
#9864 = PCURVE('',#3481,#9865);
#9865 = DEFINITIONAL_REPRESENTATION('',(#9866),#9870);
#9866 = LINE('',#9867,#9868);
#9867 = CARTESIAN_POINT('',(0.,-1.81));
#9868 = VECTOR('',#9869,1.);
#9869 = DIRECTION('',(1.,0.));
#9870 = ( GEOMETRIC_REPRESENTATION_CONTEXT(2) 
PARAMETRIC_REPRESENTATION_CONTEXT() REPRESENTATION_CONTEXT('2D SPACE',''
  ) );
#9871 = PCURVE('',#9872,#9877);
#9872 = PLANE('',#9873);
#9873 = AXIS2_PLACEMENT_3D('',#9874,#9875,#9876);
#9874 = CARTESIAN_POINT('',(5.948195437329,33.733892643256,68.31));
#9875 = DIRECTION('',(0.,0.,1.));
#9876 = DIRECTION('',(1.,0.,-0.));
#9877 = DEFINITIONAL_REPRESENTATION('',(#9878),#9882);
#9878 = LINE('',#9879,#9880);
#9879 = CARTESIAN_POINT('',(-0.952237341148,-0.305156461623));
#9880 = VECTOR('',#9881,1.);
#9881 = DIRECTION('',(0.98699636656,-0.160742565604));
#9882 = ( GEOMETRIC_REPRESENTATION_CONTEXT(2) 
PARAMETRIC_REPRESENTATION_CONTEXT() REPRESENTATION_CONTEXT('2D SPACE',''
  ) );
#9883 = ORIENTED_EDGE('',*,*,#9884,.F.);
#9884 = EDGE_CURVE('',#9885,#9857,#9887,.T.);
#9885 = VERTEX_POINT('',#9886);
#9886 = CARTESIAN_POINT('',(5.497470750791,33.347059659291,68.3));
#9887 = SURFACE_CURVE('',#9888,(#9892,#9898),.PCURVE_S1.);
#9888 = LINE('',#9889,#9890);
#9889 = CARTESIAN_POINT('',(5.497470750792,33.347059659291,67.4));
#9890 = VECTOR('',#9891,1.);
#9891 = DIRECTION('',(0.,0.,1.));
#9892 = PCURVE('',#3481,#9893);
#9893 = DEFINITIONAL_REPRESENTATION('',(#9894),#9897);
#9894 = B_SPLINE_CURVE_WITH_KNOTS('',1,(#9895,#9896),.UNSPECIFIED.,.F.,
  .F.,(2,2),(0.9,0.91),.PIECEWISE_BEZIER_KNOTS.);
#9895 = CARTESIAN_POINT('',(0.508120061636,-1.8));
#9896 = CARTESIAN_POINT('',(0.508120061636,-1.81));
#9897 = ( GEOMETRIC_REPRESENTATION_CONTEXT(2) 
PARAMETRIC_REPRESENTATION_CONTEXT() REPRESENTATION_CONTEXT('2D SPACE',''
  ) );
#9898 = PCURVE('',#6648,#9899);
#9899 = DEFINITIONAL_REPRESENTATION('',(#9900),#9903);
#9900 = B_SPLINE_CURVE_WITH_KNOTS('',1,(#9901,#9902),.UNSPECIFIED.,.F.,
  .F.,(2,2),(0.9,0.91),.PIECEWISE_BEZIER_KNOTS.);
#9901 = CARTESIAN_POINT('',(0.109973186921,0.));
#9902 = CARTESIAN_POINT('',(0.109973186921,-1.000000000001E-02));
#9903 = ( GEOMETRIC_REPRESENTATION_CONTEXT(2) 
PARAMETRIC_REPRESENTATION_CONTEXT() REPRESENTATION_CONTEXT('2D SPACE',''
  ) );
#9904 = ORIENTED_EDGE('',*,*,#9905,.F.);
#9905 = EDGE_CURVE('',#9906,#9885,#9908,.T.);
#9906 = VERTEX_POINT('',#9907);
#9907 = CARTESIAN_POINT('',(5.869308405142,33.286502051813,68.3));
#9908 = SURFACE_CURVE('',#9909,(#9913,#9919),.PCURVE_S1.);
#9909 = LINE('',#9910,#9911);
#9910 = CARTESIAN_POINT('',(5.986776420964E-02,34.232629540206,68.3));
#9911 = VECTOR('',#9912,1.);
#9912 = DIRECTION('',(-0.98699636656,0.160742565604,0.));
#9913 = PCURVE('',#3481,#9914);
#9914 = DEFINITIONAL_REPRESENTATION('',(#9915),#9918);
#9915 = B_SPLINE_CURVE_WITH_KNOTS('',1,(#9916,#9917),.UNSPECIFIED.,.F.,
  .F.,(2,2),(-5.88597976422,-5.001123103598),.PIECEWISE_BEZIER_KNOTS.);
#9916 = CARTESIAN_POINT('',(0.884856660623,-1.8));
#9917 = CARTESIAN_POINT('',(0.,-1.8));
#9918 = ( GEOMETRIC_REPRESENTATION_CONTEXT(2) 
PARAMETRIC_REPRESENTATION_CONTEXT() REPRESENTATION_CONTEXT('2D SPACE',''
  ) );
#9919 = PCURVE('',#9920,#9925);
#9920 = PLANE('',#9921);
#9921 = AXIS2_PLACEMENT_3D('',#9922,#9923,#9924);
#9922 = CARTESIAN_POINT('',(-5.405179147008,31.788607700812,68.3));
#9923 = DIRECTION('',(0.,0.,1.));
#9924 = DIRECTION('',(1.,0.,-0.));
#9925 = DEFINITIONAL_REPRESENTATION('',(#9926),#9929);
#9926 = B_SPLINE_CURVE_WITH_KNOTS('',1,(#9927,#9928),.UNSPECIFIED.,.F.,
  .F.,(2,2),(-5.88597976422,-5.001123103598),.PIECEWISE_BEZIER_KNOTS.);
#9927 = CARTESIAN_POINT('',(11.274487552151,1.497894351));
#9928 = CARTESIAN_POINT('',(10.401137243189,1.640128480821));
#9929 = ( GEOMETRIC_REPRESENTATION_CONTEXT(2) 
PARAMETRIC_REPRESENTATION_CONTEXT() REPRESENTATION_CONTEXT('2D SPACE',''
  ) );
#9930 = ORIENTED_EDGE('',*,*,#9931,.F.);
#9931 = EDGE_CURVE('',#3441,#9906,#9932,.T.);
#9932 = SURFACE_CURVE('',#9933,(#9937,#9944),.PCURVE_S1.);
#9933 = LINE('',#9934,#9935);
#9934 = CARTESIAN_POINT('',(5.869308405142,33.286502051813,66.5));
#9935 = VECTOR('',#9936,1.);
#9936 = DIRECTION('',(0.,0.,1.));
#9937 = PCURVE('',#3481,#9938);
#9938 = DEFINITIONAL_REPRESENTATION('',(#9939),#9943);
#9939 = LINE('',#9940,#9941);
#9940 = CARTESIAN_POINT('',(0.884856660623,0.));
#9941 = VECTOR('',#9942,1.);
#9942 = DIRECTION('',(0.,-1.));
#9943 = ( GEOMETRIC_REPRESENTATION_CONTEXT(2) 
PARAMETRIC_REPRESENTATION_CONTEXT() REPRESENTATION_CONTEXT('2D SPACE',''
  ) );
#9944 = PCURVE('',#3455,#9945);
#9945 = DEFINITIONAL_REPRESENTATION('',(#9946),#9950);
#9946 = LINE('',#9947,#9948);
#9947 = CARTESIAN_POINT('',(0.,0.));
#9948 = VECTOR('',#9949,1.);
#9949 = DIRECTION('',(0.,-1.));
#9950 = ( GEOMETRIC_REPRESENTATION_CONTEXT(2) 
PARAMETRIC_REPRESENTATION_CONTEXT() REPRESENTATION_CONTEXT('2D SPACE',''
  ) );
#9951 = ADVANCED_FACE('',(#9952),#3455,.T.);
#9952 = FACE_BOUND('',#9953,.T.);
#9953 = EDGE_LOOP('',(#9954,#9955,#9956,#9977));
#9954 = ORIENTED_EDGE('',*,*,#3440,.T.);
#9955 = ORIENTED_EDGE('',*,*,#9931,.T.);
#9956 = ORIENTED_EDGE('',*,*,#9957,.F.);
#9957 = EDGE_CURVE('',#9958,#9906,#9960,.T.);
#9958 = VERTEX_POINT('',#9959);
#9959 = CARTESIAN_POINT('',(6.738636183301,33.121455016184,68.3));
#9960 = SURFACE_CURVE('',#9961,(#9965,#9971),.PCURVE_S1.);
#9961 = LINE('',#9962,#9963);
#9962 = CARTESIAN_POINT('',(0.565436224262,34.293473648488,68.3));
#9963 = VECTOR('',#9964,1.);
#9964 = DIRECTION('',(-0.982450397726,0.186524036009,0.));
#9965 = PCURVE('',#3455,#9966);
#9966 = DEFINITIONAL_REPRESENTATION('',(#9967),#9970);
#9967 = B_SPLINE_CURVE_WITH_KNOTS('',1,(#9968,#9969),.UNSPECIFIED.,.F.,
  .F.,(2,2),(-6.283472400572,-5.398615739949),.PIECEWISE_BEZIER_KNOTS.);
#9968 = CARTESIAN_POINT('',(0.884856660623,-1.8));
#9969 = CARTESIAN_POINT('',(0.,-1.8));
#9970 = ( GEOMETRIC_REPRESENTATION_CONTEXT(2) 
PARAMETRIC_REPRESENTATION_CONTEXT() REPRESENTATION_CONTEXT('2D SPACE',''
  ) );
#9971 = PCURVE('',#9920,#9972);
#9972 = DEFINITIONAL_REPRESENTATION('',(#9973),#9976);
#9973 = B_SPLINE_CURVE_WITH_KNOTS('',1,(#9974,#9975),.UNSPECIFIED.,.F.,
  .F.,(2,2),(-6.283472400572,-5.398615739949),.PIECEWISE_BEZIER_KNOTS.);
#9974 = CARTESIAN_POINT('',(12.14381533031,1.332847315372));
#9975 = CARTESIAN_POINT('',(11.274487552151,1.497894351));
#9976 = ( GEOMETRIC_REPRESENTATION_CONTEXT(2) 
PARAMETRIC_REPRESENTATION_CONTEXT() REPRESENTATION_CONTEXT('2D SPACE',''
  ) );
#9977 = ORIENTED_EDGE('',*,*,#9978,.F.);
#9978 = EDGE_CURVE('',#3415,#9958,#9979,.T.);
#9979 = SURFACE_CURVE('',#9980,(#9984,#9991),.PCURVE_S1.);
#9980 = LINE('',#9981,#9982);
#9981 = CARTESIAN_POINT('',(6.738636183301,33.121455016184,66.5));
#9982 = VECTOR('',#9983,1.);
#9983 = DIRECTION('',(0.,0.,1.));
#9984 = PCURVE('',#3455,#9985);
#9985 = DEFINITIONAL_REPRESENTATION('',(#9986),#9990);
#9986 = LINE('',#9987,#9988);
#9987 = CARTESIAN_POINT('',(0.884856660623,0.));
#9988 = VECTOR('',#9989,1.);
#9989 = DIRECTION('',(0.,-1.));
#9990 = ( GEOMETRIC_REPRESENTATION_CONTEXT(2) 
PARAMETRIC_REPRESENTATION_CONTEXT() REPRESENTATION_CONTEXT('2D SPACE',''
  ) );
#9991 = PCURVE('',#3429,#9992);
#9992 = DEFINITIONAL_REPRESENTATION('',(#9993),#9997);
#9993 = LINE('',#9994,#9995);
#9994 = CARTESIAN_POINT('',(0.,0.));
#9995 = VECTOR('',#9996,1.);
#9996 = DIRECTION('',(0.,-1.));
#9997 = ( GEOMETRIC_REPRESENTATION_CONTEXT(2) 
PARAMETRIC_REPRESENTATION_CONTEXT() REPRESENTATION_CONTEXT('2D SPACE',''
  ) );
#9998 = ADVANCED_FACE('',(#9999),#3429,.T.);
#9999 = FACE_BOUND('',#10000,.T.);
#10000 = EDGE_LOOP('',(#10001,#10002,#10003,#10024,#10045,#10073,#10094,
    #10120));
#10001 = ORIENTED_EDGE('',*,*,#3414,.T.);
#10002 = ORIENTED_EDGE('',*,*,#9978,.T.);
#10003 = ORIENTED_EDGE('',*,*,#10004,.F.);
#10004 = EDGE_CURVE('',#10005,#9958,#10007,.T.);
#10005 = VERTEX_POINT('',#10006);
#10006 = CARTESIAN_POINT('',(7.100151923453,33.04296225466,68.3));
#10007 = SURFACE_CURVE('',#10008,(#10012,#10018),.PCURVE_S1.);
#10008 = LINE('',#10009,#10010);
#10009 = CARTESIAN_POINT('',(1.078262636703,34.350442585972,68.3));
#10010 = VECTOR('',#10011,1.);
#10011 = DIRECTION('',(-0.977231106463,0.212177672156,0.));
#10012 = PCURVE('',#3429,#10013);
#10013 = DEFINITIONAL_REPRESENTATION('',(#10014),#10017);
#10014 = B_SPLINE_CURVE_WITH_KNOTS('',1,(#10015,#10016),.UNSPECIFIED.,
  .F.,.F.,(2,2),(-6.677113486224,-5.792256825601),
  .PIECEWISE_BEZIER_KNOTS.);
#10015 = CARTESIAN_POINT('',(0.884856660623,-1.8));
#10016 = CARTESIAN_POINT('',(0.,-1.8));
#10017 = ( GEOMETRIC_REPRESENTATION_CONTEXT(2) 
PARAMETRIC_REPRESENTATION_CONTEXT() REPRESENTATION_CONTEXT('2D SPACE',''
  ) );
#10018 = PCURVE('',#9920,#10019);
#10019 = DEFINITIONAL_REPRESENTATION('',(#10020),#10023);
#10020 = B_SPLINE_CURVE_WITH_KNOTS('',1,(#10021,#10022),.UNSPECIFIED.,
  .F.,.F.,(2,2),(-6.677113486224,-5.792256825601),
  .PIECEWISE_BEZIER_KNOTS.);
#10021 = CARTESIAN_POINT('',(13.008524783831,1.145100488929));
#10022 = CARTESIAN_POINT('',(12.14381533031,1.332847315372));
#10023 = ( GEOMETRIC_REPRESENTATION_CONTEXT(2) 
PARAMETRIC_REPRESENTATION_CONTEXT() REPRESENTATION_CONTEXT('2D SPACE',''
  ) );
#10024 = ORIENTED_EDGE('',*,*,#10025,.F.);
#10025 = EDGE_CURVE('',#10026,#10005,#10028,.T.);
#10026 = VERTEX_POINT('',#10027);
#10027 = CARTESIAN_POINT('',(7.100151923453,33.04296225466,68.31));
#10028 = SURFACE_CURVE('',#10029,(#10033,#10039),.PCURVE_S1.);
#10029 = LINE('',#10030,#10031);
#10030 = CARTESIAN_POINT('',(7.100151923453,33.04296225466,67.4));
#10031 = VECTOR('',#10032,1.);
#10032 = DIRECTION('',(0.,0.,-1.));
#10033 = PCURVE('',#3429,#10034);
#10034 = DEFINITIONAL_REPRESENTATION('',(#10035),#10038);
#10035 = B_SPLINE_CURVE_WITH_KNOTS('',1,(#10036,#10037),.UNSPECIFIED.,
  .F.,.F.,(2,2),(-0.91,-0.9),.PIECEWISE_BEZIER_KNOTS.);
#10036 = CARTESIAN_POINT('',(0.369938838174,-1.81));
#10037 = CARTESIAN_POINT('',(0.369938838174,-1.8));
#10038 = ( GEOMETRIC_REPRESENTATION_CONTEXT(2) 
PARAMETRIC_REPRESENTATION_CONTEXT() REPRESENTATION_CONTEXT('2D SPACE',''
  ) );
#10039 = PCURVE('',#6648,#10040);
#10040 = DEFINITIONAL_REPRESENTATION('',(#10041),#10044);
#10041 = B_SPLINE_CURVE_WITH_KNOTS('',1,(#10042,#10043),.UNSPECIFIED.,
  .F.,.F.,(2,2),(-0.91,-0.9),.PIECEWISE_BEZIER_KNOTS.);
#10042 = CARTESIAN_POINT('',(1.741249427387,-1.000000000001E-02));
#10043 = CARTESIAN_POINT('',(1.741249427387,0.));
#10044 = ( GEOMETRIC_REPRESENTATION_CONTEXT(2) 
PARAMETRIC_REPRESENTATION_CONTEXT() REPRESENTATION_CONTEXT('2D SPACE',''
  ) );
#10045 = ORIENTED_EDGE('',*,*,#10046,.T.);
#10046 = EDGE_CURVE('',#10026,#10047,#10049,.T.);
#10047 = VERTEX_POINT('',#10048);
#10048 = CARTESIAN_POINT('',(7.305697891417,32.998333850268,68.31));
#10049 = SURFACE_CURVE('',#10050,(#10054,#10061),.PCURVE_S1.);
#10050 = LINE('',#10051,#10052);
#10051 = CARTESIAN_POINT('',(6.738636183301,33.121455016184,68.31));
#10052 = VECTOR('',#10053,1.);
#10053 = DIRECTION('',(0.977231106463,-0.212177672156,0.));
#10054 = PCURVE('',#3429,#10055);
#10055 = DEFINITIONAL_REPRESENTATION('',(#10056),#10060);
#10056 = LINE('',#10057,#10058);
#10057 = CARTESIAN_POINT('',(0.,-1.81));
#10058 = VECTOR('',#10059,1.);
#10059 = DIRECTION('',(1.,0.));
#10060 = ( GEOMETRIC_REPRESENTATION_CONTEXT(2) 
PARAMETRIC_REPRESENTATION_CONTEXT() REPRESENTATION_CONTEXT('2D SPACE',''
  ) );
#10061 = PCURVE('',#10062,#10067);
#10062 = PLANE('',#10063);
#10063 = AXIS2_PLACEMENT_3D('',#10064,#10065,#10066);
#10064 = CARTESIAN_POINT('',(5.948195437329,33.733892643256,68.31));
#10065 = DIRECTION('',(0.,0.,1.));
#10066 = DIRECTION('',(1.,0.,-0.));
#10067 = DEFINITIONAL_REPRESENTATION('',(#10068),#10072);
#10068 = LINE('',#10069,#10070);
#10069 = CARTESIAN_POINT('',(0.790440745972,-0.612437627072));
#10070 = VECTOR('',#10071,1.);
#10071 = DIRECTION('',(0.977231106463,-0.212177672156));
#10072 = ( GEOMETRIC_REPRESENTATION_CONTEXT(2) 
PARAMETRIC_REPRESENTATION_CONTEXT() REPRESENTATION_CONTEXT('2D SPACE',''
  ) );
#10073 = ORIENTED_EDGE('',*,*,#10074,.F.);
#10074 = EDGE_CURVE('',#10075,#10047,#10077,.T.);
#10075 = VERTEX_POINT('',#10076);
#10076 = CARTESIAN_POINT('',(7.305697891417,32.998333850268,68.3));
#10077 = SURFACE_CURVE('',#10078,(#10082,#10088),.PCURVE_S1.);
#10078 = LINE('',#10079,#10080);
#10079 = CARTESIAN_POINT('',(7.305697891417,32.998333850268,67.4));
#10080 = VECTOR('',#10081,1.);
#10081 = DIRECTION('',(0.,0.,1.));
#10082 = PCURVE('',#3429,#10083);
#10083 = DEFINITIONAL_REPRESENTATION('',(#10084),#10087);
#10084 = B_SPLINE_CURVE_WITH_KNOTS('',1,(#10085,#10086),.UNSPECIFIED.,
  .F.,.F.,(2,2),(0.9,0.91),.PIECEWISE_BEZIER_KNOTS.);
#10085 = CARTESIAN_POINT('',(0.580273902831,-1.8));
#10086 = CARTESIAN_POINT('',(0.580273902831,-1.81));
#10087 = ( GEOMETRIC_REPRESENTATION_CONTEXT(2) 
PARAMETRIC_REPRESENTATION_CONTEXT() REPRESENTATION_CONTEXT('2D SPACE',''
  ) );
#10088 = PCURVE('',#6676,#10089);
#10089 = DEFINITIONAL_REPRESENTATION('',(#10090),#10093);
#10090 = B_SPLINE_CURVE_WITH_KNOTS('',1,(#10091,#10092),.UNSPECIFIED.,
  .F.,.F.,(2,2),(0.9,0.91),.PIECEWISE_BEZIER_KNOTS.);
#10091 = CARTESIAN_POINT('',(0.101016437561,0.));
#10092 = CARTESIAN_POINT('',(0.101016437561,-1.000000000001E-02));
#10093 = ( GEOMETRIC_REPRESENTATION_CONTEXT(2) 
PARAMETRIC_REPRESENTATION_CONTEXT() REPRESENTATION_CONTEXT('2D SPACE',''
  ) );
#10094 = ORIENTED_EDGE('',*,*,#10095,.F.);
#10095 = EDGE_CURVE('',#10096,#10075,#10098,.T.);
#10096 = VERTEX_POINT('',#10097);
#10097 = CARTESIAN_POINT('',(7.603345636823,32.933708189741,68.3));
#10098 = SURFACE_CURVE('',#10099,(#10103,#10109),.PCURVE_S1.);
#10099 = LINE('',#10100,#10101);
#10100 = CARTESIAN_POINT('',(1.078262636703,34.350442585972,68.3));
#10101 = VECTOR('',#10102,1.);
#10102 = DIRECTION('',(-0.977231106463,0.212177672156,0.));
#10103 = PCURVE('',#3429,#10104);
#10104 = DEFINITIONAL_REPRESENTATION('',(#10105),#10108);
#10105 = B_SPLINE_CURVE_WITH_KNOTS('',1,(#10106,#10107),.UNSPECIFIED.,
  .F.,.F.,(2,2),(-6.677113486224,-5.792256825601),
  .PIECEWISE_BEZIER_KNOTS.);
#10106 = CARTESIAN_POINT('',(0.884856660623,-1.8));
#10107 = CARTESIAN_POINT('',(0.,-1.8));
#10108 = ( GEOMETRIC_REPRESENTATION_CONTEXT(2) 
PARAMETRIC_REPRESENTATION_CONTEXT() REPRESENTATION_CONTEXT('2D SPACE',''
  ) );
#10109 = PCURVE('',#10110,#10115);
#10110 = PLANE('',#10111);
#10111 = AXIS2_PLACEMENT_3D('',#10112,#10113,#10114);
#10112 = CARTESIAN_POINT('',(-5.405179147008,31.788607700812,68.3));
#10113 = DIRECTION('',(0.,0.,1.));
#10114 = DIRECTION('',(1.,0.,-0.));
#10115 = DEFINITIONAL_REPRESENTATION('',(#10116),#10119);
#10116 = B_SPLINE_CURVE_WITH_KNOTS('',1,(#10117,#10118),.UNSPECIFIED.,
  .F.,.F.,(2,2),(-6.677113486224,-5.792256825601),
  .PIECEWISE_BEZIER_KNOTS.);
#10117 = CARTESIAN_POINT('',(13.008524783831,1.145100488929));
#10118 = CARTESIAN_POINT('',(12.14381533031,1.332847315372));
#10119 = ( GEOMETRIC_REPRESENTATION_CONTEXT(2) 
PARAMETRIC_REPRESENTATION_CONTEXT() REPRESENTATION_CONTEXT('2D SPACE',''
  ) );
#10120 = ORIENTED_EDGE('',*,*,#10121,.F.);
#10121 = EDGE_CURVE('',#3389,#10096,#10122,.T.);
#10122 = SURFACE_CURVE('',#10123,(#10127,#10134),.PCURVE_S1.);
#10123 = LINE('',#10124,#10125);
#10124 = CARTESIAN_POINT('',(7.603345636823,32.933708189741,66.5));
#10125 = VECTOR('',#10126,1.);
#10126 = DIRECTION('',(0.,0.,1.));
#10127 = PCURVE('',#3429,#10128);
#10128 = DEFINITIONAL_REPRESENTATION('',(#10129),#10133);
#10129 = LINE('',#10130,#10131);
#10130 = CARTESIAN_POINT('',(0.884856660623,0.));
#10131 = VECTOR('',#10132,1.);
#10132 = DIRECTION('',(0.,-1.));
#10133 = ( GEOMETRIC_REPRESENTATION_CONTEXT(2) 
PARAMETRIC_REPRESENTATION_CONTEXT() REPRESENTATION_CONTEXT('2D SPACE',''
  ) );
#10134 = PCURVE('',#3403,#10135);
#10135 = DEFINITIONAL_REPRESENTATION('',(#10136),#10140);
#10136 = LINE('',#10137,#10138);
#10137 = CARTESIAN_POINT('',(0.,0.));
#10138 = VECTOR('',#10139,1.);
#10139 = DIRECTION('',(0.,-1.));
#10140 = ( GEOMETRIC_REPRESENTATION_CONTEXT(2) 
PARAMETRIC_REPRESENTATION_CONTEXT() REPRESENTATION_CONTEXT('2D SPACE',''
  ) );
#10141 = ADVANCED_FACE('',(#10142),#3403,.T.);
#10142 = FACE_BOUND('',#10143,.T.);
#10143 = EDGE_LOOP('',(#10144,#10145,#10146,#10167));
#10144 = ORIENTED_EDGE('',*,*,#3388,.T.);
#10145 = ORIENTED_EDGE('',*,*,#10121,.T.);
#10146 = ORIENTED_EDGE('',*,*,#10147,.F.);
#10147 = EDGE_CURVE('',#10148,#10096,#10150,.T.);
#10148 = VERTEX_POINT('',#10149);
#10149 = CARTESIAN_POINT('',(8.46284413704,32.72339024478,68.3));
#10150 = SURFACE_CURVE('',#10151,(#10155,#10161),.PCURVE_S1.);
#10151 = LINE('',#10152,#10153);
#10152 = CARTESIAN_POINT('',(1.598725979828,34.40302927199,68.3));
#10153 = VECTOR('',#10154,1.);
#10154 = DIRECTION('',(-0.971342069813,0.237685892326,0.));
#10155 = PCURVE('',#3403,#10156);
#10156 = DEFINITIONAL_REPRESENTATION('',(#10157),#10160);
#10157 = B_SPLINE_CURVE_WITH_KNOTS('',1,(#10158,#10159),.UNSPECIFIED.,
  .F.,.F.,(2,2),(-7.066633239238,-6.181776578615),
  .PIECEWISE_BEZIER_KNOTS.);
#10158 = CARTESIAN_POINT('',(0.884856660623,-1.8));
#10159 = CARTESIAN_POINT('',(0.,-1.8));
#10160 = ( GEOMETRIC_REPRESENTATION_CONTEXT(2) 
PARAMETRIC_REPRESENTATION_CONTEXT() REPRESENTATION_CONTEXT('2D SPACE',''
  ) );
#10161 = PCURVE('',#10110,#10162);
#10162 = DEFINITIONAL_REPRESENTATION('',(#10163),#10166);
#10163 = B_SPLINE_CURVE_WITH_KNOTS('',1,(#10164,#10165),.UNSPECIFIED.,
  .F.,.F.,(2,2),(-7.066633239238,-6.181776578615),
  .PIECEWISE_BEZIER_KNOTS.);
#10164 = CARTESIAN_POINT('',(13.868023284049,0.934782543968));
#10165 = CARTESIAN_POINT('',(13.008524783831,1.145100488929));
#10166 = ( GEOMETRIC_REPRESENTATION_CONTEXT(2) 
PARAMETRIC_REPRESENTATION_CONTEXT() REPRESENTATION_CONTEXT('2D SPACE',''
  ) );
#10167 = ORIENTED_EDGE('',*,*,#10168,.F.);
#10168 = EDGE_CURVE('',#3363,#10148,#10169,.T.);
#10169 = SURFACE_CURVE('',#10170,(#10174,#10181),.PCURVE_S1.);
#10170 = LINE('',#10171,#10172);
#10171 = CARTESIAN_POINT('',(8.46284413704,32.72339024478,66.5));
#10172 = VECTOR('',#10173,1.);
#10173 = DIRECTION('',(0.,0.,1.));
#10174 = PCURVE('',#3403,#10175);
#10175 = DEFINITIONAL_REPRESENTATION('',(#10176),#10180);
#10176 = LINE('',#10177,#10178);
#10177 = CARTESIAN_POINT('',(0.884856660623,0.));
#10178 = VECTOR('',#10179,1.);
#10179 = DIRECTION('',(0.,-1.));
#10180 = ( GEOMETRIC_REPRESENTATION_CONTEXT(2) 
PARAMETRIC_REPRESENTATION_CONTEXT() REPRESENTATION_CONTEXT('2D SPACE',''
  ) );
#10181 = PCURVE('',#3377,#10182);
#10182 = DEFINITIONAL_REPRESENTATION('',(#10183),#10187);
#10183 = LINE('',#10184,#10185);
#10184 = CARTESIAN_POINT('',(0.,0.));
#10185 = VECTOR('',#10186,1.);
#10186 = DIRECTION('',(0.,-1.));
#10187 = ( GEOMETRIC_REPRESENTATION_CONTEXT(2) 
PARAMETRIC_REPRESENTATION_CONTEXT() REPRESENTATION_CONTEXT('2D SPACE',''
  ) );
#10188 = ADVANCED_FACE('',(#10189),#3377,.T.);
#10189 = FACE_BOUND('',#10190,.T.);
#10190 = EDGE_LOOP('',(#10191,#10192,#10193,#10214,#10235,#10263,#10284,
    #10310));
#10191 = ORIENTED_EDGE('',*,*,#3362,.T.);
#10192 = ORIENTED_EDGE('',*,*,#10168,.T.);
#10193 = ORIENTED_EDGE('',*,*,#10194,.F.);
#10194 = EDGE_CURVE('',#10195,#10148,#10197,.T.);
#10195 = VERTEX_POINT('',#10196);
#10196 = CARTESIAN_POINT('',(8.894913181703,32.605594702964,68.3));
#10197 = SURFACE_CURVE('',#10198,(#10202,#10208),.PCURVE_S1.);
#10198 = LINE('',#10199,#10200);
#10199 = CARTESIAN_POINT('',(2.127174501746,34.450692042198,68.3));
#10200 = VECTOR('',#10201,1.);
#10201 = DIRECTION('',(-0.964787323829,0.263031214458,0.));
#10202 = PCURVE('',#3377,#10203);
#10203 = DEFINITIONAL_REPRESENTATION('',(#10204),#10207);
#10204 = B_SPLINE_CURVE_WITH_KNOTS('',1,(#10205,#10206),.UNSPECIFIED.,
  .F.,.F.,(2,2),(-7.451764702232,-6.566908041609),
  .PIECEWISE_BEZIER_KNOTS.);
#10205 = CARTESIAN_POINT('',(0.884856660623,-1.8));
#10206 = CARTESIAN_POINT('',(0.,-1.8));
#10207 = ( GEOMETRIC_REPRESENTATION_CONTEXT(2) 
PARAMETRIC_REPRESENTATION_CONTEXT() REPRESENTATION_CONTEXT('2D SPACE',''
  ) );
#10208 = PCURVE('',#10110,#10209);
#10209 = DEFINITIONAL_REPRESENTATION('',(#10210),#10213);
#10210 = B_SPLINE_CURVE_WITH_KNOTS('',1,(#10211,#10212),.UNSPECIFIED.,
  .F.,.F.,(2,2),(-7.451764702232,-6.566908041609),
  .PIECEWISE_BEZIER_KNOTS.);
#10211 = CARTESIAN_POINT('',(14.721721773623,0.702037621903));
#10212 = CARTESIAN_POINT('',(13.868023284049,0.934782543968));
#10213 = ( GEOMETRIC_REPRESENTATION_CONTEXT(2) 
PARAMETRIC_REPRESENTATION_CONTEXT() REPRESENTATION_CONTEXT('2D SPACE',''
  ) );
#10214 = ORIENTED_EDGE('',*,*,#10215,.F.);
#10215 = EDGE_CURVE('',#10216,#10195,#10218,.T.);
#10216 = VERTEX_POINT('',#10217);
#10217 = CARTESIAN_POINT('',(8.894913181703,32.605594702964,68.31));
#10218 = SURFACE_CURVE('',#10219,(#10223,#10229),.PCURVE_S1.);
#10219 = LINE('',#10220,#10221);
#10220 = CARTESIAN_POINT('',(8.894913181703,32.605594702964,67.4));
#10221 = VECTOR('',#10222,1.);
#10222 = DIRECTION('',(0.,0.,-1.));
#10223 = PCURVE('',#3377,#10224);
#10224 = DEFINITIONAL_REPRESENTATION('',(#10225),#10228);
#10225 = B_SPLINE_CURVE_WITH_KNOTS('',1,(#10226,#10227),.UNSPECIFIED.,
  .F.,.F.,(2,2),(-0.91,-0.9),.PIECEWISE_BEZIER_KNOTS.);
#10226 = CARTESIAN_POINT('',(0.447838641731,-1.81));
#10227 = CARTESIAN_POINT('',(0.447838641731,-1.8));
#10228 = ( GEOMETRIC_REPRESENTATION_CONTEXT(2) 
PARAMETRIC_REPRESENTATION_CONTEXT() REPRESENTATION_CONTEXT('2D SPACE',''
  ) );
#10229 = PCURVE('',#6676,#10230);
#10230 = DEFINITIONAL_REPRESENTATION('',(#10231),#10234);
#10231 = B_SPLINE_CURVE_WITH_KNOTS('',1,(#10232,#10233),.UNSPECIFIED.,
  .F.,.F.,(2,2),(-0.91,-0.9),.PIECEWISE_BEZIER_KNOTS.);
#10232 = CARTESIAN_POINT('',(1.738040956835,-1.000000000001E-02));
#10233 = CARTESIAN_POINT('',(1.738040956835,0.));
#10234 = ( GEOMETRIC_REPRESENTATION_CONTEXT(2) 
PARAMETRIC_REPRESENTATION_CONTEXT() REPRESENTATION_CONTEXT('2D SPACE',''
  ) );
#10235 = ORIENTED_EDGE('',*,*,#10236,.T.);
#10236 = EDGE_CURVE('',#10216,#10237,#10239,.T.);
#10237 = VERTEX_POINT('',#10238);
#10238 = CARTESIAN_POINT('',(9.087559930574,32.553073170949,68.31));
#10239 = SURFACE_CURVE('',#10240,(#10244,#10251),.PCURVE_S1.);
#10240 = LINE('',#10241,#10242);
#10241 = CARTESIAN_POINT('',(8.46284413704,32.72339024478,68.31));
#10242 = VECTOR('',#10243,1.);
#10243 = DIRECTION('',(0.964787323829,-0.263031214458,0.));
#10244 = PCURVE('',#3377,#10245);
#10245 = DEFINITIONAL_REPRESENTATION('',(#10246),#10250);
#10246 = LINE('',#10247,#10248);
#10247 = CARTESIAN_POINT('',(0.,-1.81));
#10248 = VECTOR('',#10249,1.);
#10249 = DIRECTION('',(1.,0.));
#10250 = ( GEOMETRIC_REPRESENTATION_CONTEXT(2) 
PARAMETRIC_REPRESENTATION_CONTEXT() REPRESENTATION_CONTEXT('2D SPACE',''
  ) );
#10251 = PCURVE('',#10252,#10257);
#10252 = PLANE('',#10253);
#10253 = AXIS2_PLACEMENT_3D('',#10254,#10255,#10256);
#10254 = CARTESIAN_POINT('',(5.948195437329,33.733892643256,68.31));
#10255 = DIRECTION('',(0.,0.,1.));
#10256 = DIRECTION('',(1.,0.,-0.));
#10257 = DEFINITIONAL_REPRESENTATION('',(#10258),#10262);
#10258 = LINE('',#10259,#10260);
#10259 = CARTESIAN_POINT('',(2.514648699711,-1.010502398476));
#10260 = VECTOR('',#10261,1.);
#10261 = DIRECTION('',(0.964787323829,-0.263031214458));
#10262 = ( GEOMETRIC_REPRESENTATION_CONTEXT(2) 
PARAMETRIC_REPRESENTATION_CONTEXT() REPRESENTATION_CONTEXT('2D SPACE',''
  ) );
#10263 = ORIENTED_EDGE('',*,*,#10264,.F.);
#10264 = EDGE_CURVE('',#10265,#10237,#10267,.T.);
#10265 = VERTEX_POINT('',#10266);
#10266 = CARTESIAN_POINT('',(9.087559930574,32.553073170949,68.3));
#10267 = SURFACE_CURVE('',#10268,(#10272,#10278),.PCURVE_S1.);
#10268 = LINE('',#10269,#10270);
#10269 = CARTESIAN_POINT('',(9.087559930574,32.553073170949,67.4));
#10270 = VECTOR('',#10271,1.);
#10271 = DIRECTION('',(0.,0.,1.));
#10272 = PCURVE('',#3377,#10273);
#10273 = DEFINITIONAL_REPRESENTATION('',(#10274),#10277);
#10274 = B_SPLINE_CURVE_WITH_KNOTS('',1,(#10275,#10276),.UNSPECIFIED.,
  .F.,.F.,(2,2),(0.9,0.91),.PIECEWISE_BEZIER_KNOTS.);
#10275 = CARTESIAN_POINT('',(0.64751658537,-1.8));
#10276 = CARTESIAN_POINT('',(0.64751658537,-1.81));
#10277 = ( GEOMETRIC_REPRESENTATION_CONTEXT(2) 
PARAMETRIC_REPRESENTATION_CONTEXT() REPRESENTATION_CONTEXT('2D SPACE',''
  ) );
#10278 = PCURVE('',#6704,#10279);
#10279 = DEFINITIONAL_REPRESENTATION('',(#10280),#10283);
#10280 = B_SPLINE_CURVE_WITH_KNOTS('',1,(#10281,#10282),.UNSPECIFIED.,
  .F.,.F.,(2,2),(0.9,0.91),.PIECEWISE_BEZIER_KNOTS.);
#10281 = CARTESIAN_POINT('',(8.714575837724E-02,0.));
#10282 = CARTESIAN_POINT('',(8.714575837724E-02,-1.000000000001E-02));
#10283 = ( GEOMETRIC_REPRESENTATION_CONTEXT(2) 
PARAMETRIC_REPRESENTATION_CONTEXT() REPRESENTATION_CONTEXT('2D SPACE',''
  ) );
#10284 = ORIENTED_EDGE('',*,*,#10285,.F.);
#10285 = EDGE_CURVE('',#10286,#10265,#10288,.T.);
#10286 = VERTEX_POINT('',#10287);
#10287 = CARTESIAN_POINT('',(9.316542626615,32.490645322715,68.3));
#10288 = SURFACE_CURVE('',#10289,(#10293,#10299),.PCURVE_S1.);
#10289 = LINE('',#10290,#10291);
#10290 = CARTESIAN_POINT('',(2.127174501746,34.450692042198,68.3));
#10291 = VECTOR('',#10292,1.);
#10292 = DIRECTION('',(-0.964787323829,0.263031214458,0.));
#10293 = PCURVE('',#3377,#10294);
#10294 = DEFINITIONAL_REPRESENTATION('',(#10295),#10298);
#10295 = B_SPLINE_CURVE_WITH_KNOTS('',1,(#10296,#10297),.UNSPECIFIED.,
  .F.,.F.,(2,2),(-7.451764702232,-6.566908041609),
  .PIECEWISE_BEZIER_KNOTS.);
#10296 = CARTESIAN_POINT('',(0.884856660623,-1.8));
#10297 = CARTESIAN_POINT('',(0.,-1.8));
#10298 = ( GEOMETRIC_REPRESENTATION_CONTEXT(2) 
PARAMETRIC_REPRESENTATION_CONTEXT() REPRESENTATION_CONTEXT('2D SPACE',''
  ) );
#10299 = PCURVE('',#10300,#10305);
#10300 = PLANE('',#10301);
#10301 = AXIS2_PLACEMENT_3D('',#10302,#10303,#10304);
#10302 = CARTESIAN_POINT('',(-5.405179147008,31.788607700812,68.3));
#10303 = DIRECTION('',(0.,0.,1.));
#10304 = DIRECTION('',(1.,0.,-0.));
#10305 = DEFINITIONAL_REPRESENTATION('',(#10306),#10309);
#10306 = B_SPLINE_CURVE_WITH_KNOTS('',1,(#10307,#10308),.UNSPECIFIED.,
  .F.,.F.,(2,2),(-7.451764702232,-6.566908041609),
  .PIECEWISE_BEZIER_KNOTS.);
#10307 = CARTESIAN_POINT('',(14.721721773623,0.702037621903));
#10308 = CARTESIAN_POINT('',(13.868023284049,0.934782543968));
#10309 = ( GEOMETRIC_REPRESENTATION_CONTEXT(2) 
PARAMETRIC_REPRESENTATION_CONTEXT() REPRESENTATION_CONTEXT('2D SPACE',''
  ) );
#10310 = ORIENTED_EDGE('',*,*,#10311,.F.);
#10311 = EDGE_CURVE('',#3337,#10286,#10312,.T.);
#10312 = SURFACE_CURVE('',#10313,(#10317,#10324),.PCURVE_S1.);
#10313 = LINE('',#10314,#10315);
#10314 = CARTESIAN_POINT('',(9.316542626615,32.490645322715,66.5));
#10315 = VECTOR('',#10316,1.);
#10316 = DIRECTION('',(0.,0.,1.));
#10317 = PCURVE('',#3377,#10318);
#10318 = DEFINITIONAL_REPRESENTATION('',(#10319),#10323);
#10319 = LINE('',#10320,#10321);
#10320 = CARTESIAN_POINT('',(0.884856660623,0.));
#10321 = VECTOR('',#10322,1.);
#10322 = DIRECTION('',(0.,-1.));
#10323 = ( GEOMETRIC_REPRESENTATION_CONTEXT(2) 
PARAMETRIC_REPRESENTATION_CONTEXT() REPRESENTATION_CONTEXT('2D SPACE',''
  ) );
#10324 = PCURVE('',#3351,#10325);
#10325 = DEFINITIONAL_REPRESENTATION('',(#10326),#10330);
#10326 = LINE('',#10327,#10328);
#10327 = CARTESIAN_POINT('',(0.,0.));
#10328 = VECTOR('',#10329,1.);
#10329 = DIRECTION('',(0.,-1.));
#10330 = ( GEOMETRIC_REPRESENTATION_CONTEXT(2) 
PARAMETRIC_REPRESENTATION_CONTEXT() REPRESENTATION_CONTEXT('2D SPACE',''
  ) );
#10331 = ADVANCED_FACE('',(#10332),#3351,.T.);
#10332 = FACE_BOUND('',#10333,.T.);
#10333 = EDGE_LOOP('',(#10334,#10335,#10336,#10357));
#10334 = ORIENTED_EDGE('',*,*,#3336,.T.);
#10335 = ORIENTED_EDGE('',*,*,#10311,.T.);
#10336 = ORIENTED_EDGE('',*,*,#10337,.F.);
#10337 = EDGE_CURVE('',#10338,#10286,#10340,.T.);
#10338 = VERTEX_POINT('',#10339);
#10339 = CARTESIAN_POINT('',(10.163856023244,32.23563293529,68.3));
#10340 = SURFACE_CURVE('',#10341,(#10345,#10351),.PCURVE_S1.);
#10341 = LINE('',#10342,#10343);
#10342 = CARTESIAN_POINT('',(2.663923549501,34.492856405689,68.3));
#10343 = VECTOR('',#10344,1.);
#10344 = DIRECTION('',(-0.957571360805,0.288196268134,0.));
#10345 = PCURVE('',#3351,#10346);
#10346 = DEFINITIONAL_REPRESENTATION('',(#10347),#10350);
#10347 = B_SPLINE_CURVE_WITH_KNOTS('',1,(#10348,#10349),.UNSPECIFIED.,
  .F.,.F.,(2,2),(-7.832243925341,-6.947387264718),
  .PIECEWISE_BEZIER_KNOTS.);
#10348 = CARTESIAN_POINT('',(0.884856660623,-1.8));
#10349 = CARTESIAN_POINT('',(0.,-1.8));
#10350 = ( GEOMETRIC_REPRESENTATION_CONTEXT(2) 
PARAMETRIC_REPRESENTATION_CONTEXT() REPRESENTATION_CONTEXT('2D SPACE',''
  ) );
#10351 = PCURVE('',#10300,#10352);
#10352 = DEFINITIONAL_REPRESENTATION('',(#10353),#10356);
#10353 = B_SPLINE_CURVE_WITH_KNOTS('',1,(#10354,#10355),.UNSPECIFIED.,
  .F.,.F.,(2,2),(-7.832243925341,-6.947387264718),
  .PIECEWISE_BEZIER_KNOTS.);
#10354 = CARTESIAN_POINT('',(15.569035170253,0.447025234478));
#10355 = CARTESIAN_POINT('',(14.721721773623,0.702037621903));
#10356 = ( GEOMETRIC_REPRESENTATION_CONTEXT(2) 
PARAMETRIC_REPRESENTATION_CONTEXT() REPRESENTATION_CONTEXT('2D SPACE',''
  ) );
#10357 = ORIENTED_EDGE('',*,*,#10358,.F.);
#10358 = EDGE_CURVE('',#3311,#10338,#10359,.T.);
#10359 = SURFACE_CURVE('',#10360,(#10364,#10371),.PCURVE_S1.);
#10360 = LINE('',#10361,#10362);
#10361 = CARTESIAN_POINT('',(10.163856023244,32.23563293529,66.5));
#10362 = VECTOR('',#10363,1.);
#10363 = DIRECTION('',(0.,0.,1.));
#10364 = PCURVE('',#3351,#10365);
#10365 = DEFINITIONAL_REPRESENTATION('',(#10366),#10370);
#10366 = LINE('',#10367,#10368);
#10367 = CARTESIAN_POINT('',(0.884856660623,0.));
#10368 = VECTOR('',#10369,1.);
#10369 = DIRECTION('',(0.,-1.));
#10370 = ( GEOMETRIC_REPRESENTATION_CONTEXT(2) 
PARAMETRIC_REPRESENTATION_CONTEXT() REPRESENTATION_CONTEXT('2D SPACE',''
  ) );
#10371 = PCURVE('',#3325,#10372);
#10372 = DEFINITIONAL_REPRESENTATION('',(#10373),#10377);
#10373 = LINE('',#10374,#10375);
#10374 = CARTESIAN_POINT('',(0.,0.));
#10375 = VECTOR('',#10376,1.);
#10376 = DIRECTION('',(0.,-1.));
#10377 = ( GEOMETRIC_REPRESENTATION_CONTEXT(2) 
PARAMETRIC_REPRESENTATION_CONTEXT() REPRESENTATION_CONTEXT('2D SPACE',''
  ) );
#10378 = ADVANCED_FACE('',(#10379),#3325,.T.);
#10379 = FACE_BOUND('',#10380,.T.);
#10380 = EDGE_LOOP('',(#10381,#10382,#10383,#10404,#10425,#10453,#10474,
    #10500));
#10381 = ORIENTED_EDGE('',*,*,#3310,.T.);
#10382 = ORIENTED_EDGE('',*,*,#10358,.T.);
#10383 = ORIENTED_EDGE('',*,*,#10384,.F.);
#10384 = EDGE_CURVE('',#10385,#10338,#10387,.T.);
#10385 = VERTEX_POINT('',#10386);
#10386 = CARTESIAN_POINT('',(10.671069442968,32.068379032619,68.3));
#10387 = SURFACE_CURVE('',#10388,(#10392,#10398),.PCURVE_S1.);
#10388 = LINE('',#10389,#10390);
#10389 = CARTESIAN_POINT('',(3.209253495912,34.528916923821,68.3));
#10390 = VECTOR('',#10391,1.);
#10391 = DIRECTION('',(-0.949699126202,0.313163806484,0.));
#10392 = PCURVE('',#3325,#10393);
#10393 = DEFINITIONAL_REPRESENTATION('',(#10394),#10397);
#10394 = B_SPLINE_CURVE_WITH_KNOTS('',1,(#10395,#10396),.UNSPECIFIED.,
  .F.,.F.,(2,2),(-8.207810147109,-7.322953486486),
  .PIECEWISE_BEZIER_KNOTS.);
#10395 = CARTESIAN_POINT('',(0.884856660623,-1.8));
#10396 = CARTESIAN_POINT('',(0.,-1.8));
#10397 = ( GEOMETRIC_REPRESENTATION_CONTEXT(2) 
PARAMETRIC_REPRESENTATION_CONTEXT() REPRESENTATION_CONTEXT('2D SPACE',''
  ) );
#10398 = PCURVE('',#10300,#10399);
#10399 = DEFINITIONAL_REPRESENTATION('',(#10400),#10403);
#10400 = B_SPLINE_CURVE_WITH_KNOTS('',1,(#10401,#10402),.UNSPECIFIED.,
  .F.,.F.,(2,2),(-8.207810147109,-7.322953486486),
  .PIECEWISE_BEZIER_KNOTS.);
#10401 = CARTESIAN_POINT('',(16.40938276766,0.169920154445));
#10402 = CARTESIAN_POINT('',(15.569035170253,0.447025234478));
#10403 = ( GEOMETRIC_REPRESENTATION_CONTEXT(2) 
PARAMETRIC_REPRESENTATION_CONTEXT() REPRESENTATION_CONTEXT('2D SPACE',''
  ) );
#10404 = ORIENTED_EDGE('',*,*,#10405,.F.);
#10405 = EDGE_CURVE('',#10406,#10385,#10408,.T.);
#10406 = VERTEX_POINT('',#10407);
#10407 = CARTESIAN_POINT('',(10.671069442967,32.06837903262,68.31));
#10408 = SURFACE_CURVE('',#10409,(#10413,#10419),.PCURVE_S1.);
#10409 = LINE('',#10410,#10411);
#10410 = CARTESIAN_POINT('',(10.671069442968,32.068379032619,67.4));
#10411 = VECTOR('',#10412,1.);
#10412 = DIRECTION('',(0.,0.,-1.));
#10413 = PCURVE('',#3325,#10414);
#10414 = DEFINITIONAL_REPRESENTATION('',(#10415),#10418);
#10415 = B_SPLINE_CURVE_WITH_KNOTS('',1,(#10416,#10417),.UNSPECIFIED.,
  .F.,.F.,(2,2),(-0.91,-0.9),.PIECEWISE_BEZIER_KNOTS.);
#10416 = CARTESIAN_POINT('',(0.534078010319,-1.81));
#10417 = CARTESIAN_POINT('',(0.534078010319,-1.8));
#10418 = ( GEOMETRIC_REPRESENTATION_CONTEXT(2) 
PARAMETRIC_REPRESENTATION_CONTEXT() REPRESENTATION_CONTEXT('2D SPACE',''
  ) );
#10419 = PCURVE('',#6704,#10420);
#10420 = DEFINITIONAL_REPRESENTATION('',(#10421),#10424);
#10421 = B_SPLINE_CURVE_WITH_KNOTS('',1,(#10422,#10423),.UNSPECIFIED.,
  .F.,.F.,(2,2),(-0.91,-0.9),.PIECEWISE_BEZIER_KNOTS.);
#10422 = CARTESIAN_POINT('',(1.743174376359,-1.000000000001E-02));
#10423 = CARTESIAN_POINT('',(1.743174376359,0.));
#10424 = ( GEOMETRIC_REPRESENTATION_CONTEXT(2) 
PARAMETRIC_REPRESENTATION_CONTEXT() REPRESENTATION_CONTEXT('2D SPACE',''
  ) );
#10425 = ORIENTED_EDGE('',*,*,#10426,.T.);
#10426 = EDGE_CURVE('',#10406,#10427,#10429,.T.);
#10427 = VERTEX_POINT('',#10428);
#10428 = CARTESIAN_POINT('',(10.839007833726,32.013001256381,68.31));
#10429 = SURFACE_CURVE('',#10430,(#10434,#10441),.PCURVE_S1.);
#10430 = LINE('',#10431,#10432);
#10431 = CARTESIAN_POINT('',(10.163856023244,32.23563293529,68.31));
#10432 = VECTOR('',#10433,1.);
#10433 = DIRECTION('',(0.949699126202,-0.313163806484,0.));
#10434 = PCURVE('',#3325,#10435);
#10435 = DEFINITIONAL_REPRESENTATION('',(#10436),#10440);
#10436 = LINE('',#10437,#10438);
#10437 = CARTESIAN_POINT('',(0.,-1.81));
#10438 = VECTOR('',#10439,1.);
#10439 = DIRECTION('',(1.,0.));
#10440 = ( GEOMETRIC_REPRESENTATION_CONTEXT(2) 
PARAMETRIC_REPRESENTATION_CONTEXT() REPRESENTATION_CONTEXT('2D SPACE',''
  ) );
#10441 = PCURVE('',#10442,#10447);
#10442 = PLANE('',#10443);
#10443 = AXIS2_PLACEMENT_3D('',#10444,#10445,#10446);
#10444 = CARTESIAN_POINT('',(5.948195437329,33.733892643256,68.31));
#10445 = DIRECTION('',(0.,0.,1.));
#10446 = DIRECTION('',(1.,0.,-0.));
#10447 = DEFINITIONAL_REPRESENTATION('',(#10448),#10452);
#10448 = LINE('',#10449,#10450);
#10449 = CARTESIAN_POINT('',(4.215660585916,-1.498259707966));
#10450 = VECTOR('',#10451,1.);
#10451 = DIRECTION('',(0.949699126202,-0.313163806484));
#10452 = ( GEOMETRIC_REPRESENTATION_CONTEXT(2) 
PARAMETRIC_REPRESENTATION_CONTEXT() REPRESENTATION_CONTEXT('2D SPACE',''
  ) );
#10453 = ORIENTED_EDGE('',*,*,#10454,.F.);
#10454 = EDGE_CURVE('',#10455,#10427,#10457,.T.);
#10455 = VERTEX_POINT('',#10456);
#10456 = CARTESIAN_POINT('',(10.839007833726,32.013001256381,68.3));
#10457 = SURFACE_CURVE('',#10458,(#10462,#10468),.PCURVE_S1.);
#10458 = LINE('',#10459,#10460);
#10459 = CARTESIAN_POINT('',(10.839007833726,32.013001256381,67.4));
#10460 = VECTOR('',#10461,1.);
#10461 = DIRECTION('',(0.,0.,1.));
#10462 = PCURVE('',#3325,#10463);
#10463 = DEFINITIONAL_REPRESENTATION('',(#10464),#10467);
#10464 = B_SPLINE_CURVE_WITH_KNOTS('',1,(#10465,#10466),.UNSPECIFIED.,
  .F.,.F.,(2,2),(0.9,0.91),.PIECEWISE_BEZIER_KNOTS.);
#10465 = CARTESIAN_POINT('',(0.710911268479,-1.8));
#10466 = CARTESIAN_POINT('',(0.710911268479,-1.81));
#10467 = ( GEOMETRIC_REPRESENTATION_CONTEXT(2) 
PARAMETRIC_REPRESENTATION_CONTEXT() REPRESENTATION_CONTEXT('2D SPACE',''
  ) );
#10468 = PCURVE('',#6732,#10469);
#10469 = DEFINITIONAL_REPRESENTATION('',(#10470),#10473);
#10470 = B_SPLINE_CURVE_WITH_KNOTS('',1,(#10471,#10472),.UNSPECIFIED.,
  .F.,.F.,(2,2),(0.9,0.91),.PIECEWISE_BEZIER_KNOTS.);
#10471 = CARTESIAN_POINT('',(6.942407487091E-02,0.));
#10472 = CARTESIAN_POINT('',(6.942407487091E-02,-1.000000000001E-02));
#10473 = ( GEOMETRIC_REPRESENTATION_CONTEXT(2) 
PARAMETRIC_REPRESENTATION_CONTEXT() REPRESENTATION_CONTEXT('2D SPACE',''
  ) );
#10474 = ORIENTED_EDGE('',*,*,#10475,.F.);
#10475 = EDGE_CURVE('',#10476,#10455,#10478,.T.);
#10476 = VERTEX_POINT('',#10477);
#10477 = CARTESIAN_POINT('',(11.004203620652,31.958527855257,68.3));
#10478 = SURFACE_CURVE('',#10479,(#10483,#10489),.PCURVE_S1.);
#10479 = LINE('',#10480,#10481);
#10480 = CARTESIAN_POINT('',(3.209253495912,34.528916923821,68.3));
#10481 = VECTOR('',#10482,1.);
#10482 = DIRECTION('',(-0.949699126202,0.313163806484,0.));
#10483 = PCURVE('',#3325,#10484);
#10484 = DEFINITIONAL_REPRESENTATION('',(#10485),#10488);
#10485 = B_SPLINE_CURVE_WITH_KNOTS('',1,(#10486,#10487),.UNSPECIFIED.,
  .F.,.F.,(2,2),(-8.207810147109,-7.322953486486),
  .PIECEWISE_BEZIER_KNOTS.);
#10486 = CARTESIAN_POINT('',(0.884856660623,-1.8));
#10487 = CARTESIAN_POINT('',(0.,-1.8));
#10488 = ( GEOMETRIC_REPRESENTATION_CONTEXT(2) 
PARAMETRIC_REPRESENTATION_CONTEXT() REPRESENTATION_CONTEXT('2D SPACE',''
  ) );
#10489 = PCURVE('',#10490,#10495);
#10490 = PLANE('',#10491);
#10491 = AXIS2_PLACEMENT_3D('',#10492,#10493,#10494);
#10492 = CARTESIAN_POINT('',(-5.405179147008,31.788607700812,68.3));
#10493 = DIRECTION('',(0.,0.,1.));
#10494 = DIRECTION('',(1.,0.,-0.));
#10495 = DEFINITIONAL_REPRESENTATION('',(#10496),#10499);
#10496 = B_SPLINE_CURVE_WITH_KNOTS('',1,(#10497,#10498),.UNSPECIFIED.,
  .F.,.F.,(2,2),(-8.207810147109,-7.322953486486),
  .PIECEWISE_BEZIER_KNOTS.);
#10497 = CARTESIAN_POINT('',(16.40938276766,0.169920154445));
#10498 = CARTESIAN_POINT('',(15.569035170253,0.447025234478));
#10499 = ( GEOMETRIC_REPRESENTATION_CONTEXT(2) 
PARAMETRIC_REPRESENTATION_CONTEXT() REPRESENTATION_CONTEXT('2D SPACE',''
  ) );
#10500 = ORIENTED_EDGE('',*,*,#10501,.F.);
#10501 = EDGE_CURVE('',#3285,#10476,#10502,.T.);
#10502 = SURFACE_CURVE('',#10503,(#10507,#10514),.PCURVE_S1.);
#10503 = LINE('',#10504,#10505);
#10504 = CARTESIAN_POINT('',(11.004203620652,31.958527855257,66.5));
#10505 = VECTOR('',#10506,1.);
#10506 = DIRECTION('',(0.,0.,1.));
#10507 = PCURVE('',#3325,#10508);
#10508 = DEFINITIONAL_REPRESENTATION('',(#10509),#10513);
#10509 = LINE('',#10510,#10511);
#10510 = CARTESIAN_POINT('',(0.884856660623,0.));
#10511 = VECTOR('',#10512,1.);
#10512 = DIRECTION('',(0.,-1.));
#10513 = ( GEOMETRIC_REPRESENTATION_CONTEXT(2) 
PARAMETRIC_REPRESENTATION_CONTEXT() REPRESENTATION_CONTEXT('2D SPACE',''
  ) );
#10514 = PCURVE('',#3299,#10515);
#10515 = DEFINITIONAL_REPRESENTATION('',(#10516),#10520);
#10516 = LINE('',#10517,#10518);
#10517 = CARTESIAN_POINT('',(0.,0.));
#10518 = VECTOR('',#10519,1.);
#10519 = DIRECTION('',(0.,-1.));
#10520 = ( GEOMETRIC_REPRESENTATION_CONTEXT(2) 
PARAMETRIC_REPRESENTATION_CONTEXT() REPRESENTATION_CONTEXT('2D SPACE',''
  ) );
#10521 = ADVANCED_FACE('',(#10522),#3299,.T.);
#10522 = FACE_BOUND('',#10523,.T.);
#10523 = EDGE_LOOP('',(#10524,#10525,#10526,#10547));
#10524 = ORIENTED_EDGE('',*,*,#3284,.T.);
#10525 = ORIENTED_EDGE('',*,*,#10501,.T.);
#10526 = ORIENTED_EDGE('',*,*,#10527,.F.);
#10527 = EDGE_CURVE('',#10528,#10476,#10530,.T.);
#10528 = VERTEX_POINT('',#10529);
#10529 = CARTESIAN_POINT('',(11.83700948657,31.659519996596,68.3));
#10530 = SURFACE_CURVE('',#10531,(#10535,#10541),.PCURVE_S1.);
#10531 = LINE('',#10532,#10533);
#10532 = CARTESIAN_POINT('',(3.763407770658,34.558239205419,68.3));
#10533 = VECTOR('',#10534,1.);
#10534 = DIRECTION('',(-0.941176015256,0.337916718003,0.));
#10535 = PCURVE('',#3299,#10536);
#10536 = DEFINITIONAL_REPRESENTATION('',(#10537),#10540);
#10537 = B_SPLINE_CURVE_WITH_KNOTS('',1,(#10538,#10539),.UNSPECIFIED.,
  .F.,.F.,(2,2),(-8.578205973208,-7.693349312585),
  .PIECEWISE_BEZIER_KNOTS.);
#10538 = CARTESIAN_POINT('',(0.884856660623,-1.8));
#10539 = CARTESIAN_POINT('',(0.,-1.8));
#10540 = ( GEOMETRIC_REPRESENTATION_CONTEXT(2) 
PARAMETRIC_REPRESENTATION_CONTEXT() REPRESENTATION_CONTEXT('2D SPACE',''
  ) );
#10541 = PCURVE('',#10490,#10542);
#10542 = DEFINITIONAL_REPRESENTATION('',(#10543),#10546);
#10543 = B_SPLINE_CURVE_WITH_KNOTS('',1,(#10544,#10545),.UNSPECIFIED.,
  .F.,.F.,(2,2),(-8.578205973208,-7.693349312585),
  .PIECEWISE_BEZIER_KNOTS.);
#10544 = CARTESIAN_POINT('',(17.242188633578,-0.129087704216));
#10545 = CARTESIAN_POINT('',(16.40938276766,0.169920154445));
#10546 = ( GEOMETRIC_REPRESENTATION_CONTEXT(2) 
PARAMETRIC_REPRESENTATION_CONTEXT() REPRESENTATION_CONTEXT('2D SPACE',''
  ) );
#10547 = ORIENTED_EDGE('',*,*,#10548,.F.);
#10548 = EDGE_CURVE('',#3259,#10528,#10549,.T.);
#10549 = SURFACE_CURVE('',#10550,(#10554,#10561),.PCURVE_S1.);
#10550 = LINE('',#10551,#10552);
#10551 = CARTESIAN_POINT('',(11.83700948657,31.659519996596,66.5));
#10552 = VECTOR('',#10553,1.);
#10553 = DIRECTION('',(0.,0.,1.));
#10554 = PCURVE('',#3299,#10555);
#10555 = DEFINITIONAL_REPRESENTATION('',(#10556),#10560);
#10556 = LINE('',#10557,#10558);
#10557 = CARTESIAN_POINT('',(0.884856660623,0.));
#10558 = VECTOR('',#10559,1.);
#10559 = DIRECTION('',(0.,-1.));
#10560 = ( GEOMETRIC_REPRESENTATION_CONTEXT(2) 
PARAMETRIC_REPRESENTATION_CONTEXT() REPRESENTATION_CONTEXT('2D SPACE',''
  ) );
#10561 = PCURVE('',#3273,#10562);
#10562 = DEFINITIONAL_REPRESENTATION('',(#10563),#10567);
#10563 = LINE('',#10564,#10565);
#10564 = CARTESIAN_POINT('',(0.,0.));
#10565 = VECTOR('',#10566,1.);
#10566 = DIRECTION('',(0.,-1.));
#10567 = ( GEOMETRIC_REPRESENTATION_CONTEXT(2) 
PARAMETRIC_REPRESENTATION_CONTEXT() REPRESENTATION_CONTEXT('2D SPACE',''
  ) );
#10568 = ADVANCED_FACE('',(#10569),#3273,.T.);
#10569 = FACE_BOUND('',#10570,.T.);
#10570 = EDGE_LOOP('',(#10571,#10572,#10573,#10594,#10615,#10643,#10664,
    #10690));
#10571 = ORIENTED_EDGE('',*,*,#3258,.T.);
#10572 = ORIENTED_EDGE('',*,*,#10548,.T.);
#10573 = ORIENTED_EDGE('',*,*,#10574,.F.);
#10574 = EDGE_CURVE('',#10575,#10528,#10577,.T.);
#10575 = VERTEX_POINT('',#10576);
#10576 = CARTESIAN_POINT('',(12.425854580939,31.43053066304,68.3));
#10577 = SURFACE_CURVE('',#10578,(#10582,#10588),.PCURVE_S1.);
#10578 = LINE('',#10579,#10580);
#10579 = CARTESIAN_POINT('',(4.326591001817,34.580162012632,68.3));
#10580 = VECTOR('',#10581,1.);
#10581 = DIRECTION('',(-0.932007869283,0.362438038284,0.));
#10582 = PCURVE('',#3273,#10583);
#10583 = DEFINITIONAL_REPRESENTATION('',(#10584),#10587);
#10584 = B_SPLINE_CURVE_WITH_KNOTS('',1,(#10585,#10586),.UNSPECIFIED.,
  .F.,.F.,(2,2),(-8.943177552841,-8.058320892218),
  .PIECEWISE_BEZIER_KNOTS.);
#10585 = CARTESIAN_POINT('',(0.884856660623,-1.8));
#10586 = CARTESIAN_POINT('',(0.,-1.8));
#10587 = ( GEOMETRIC_REPRESENTATION_CONTEXT(2) 
PARAMETRIC_REPRESENTATION_CONTEXT() REPRESENTATION_CONTEXT('2D SPACE',''
  ) );
#10588 = PCURVE('',#10490,#10589);
#10589 = DEFINITIONAL_REPRESENTATION('',(#10590),#10593);
#10590 = B_SPLINE_CURVE_WITH_KNOTS('',1,(#10591,#10592),.UNSPECIFIED.,
  .F.,.F.,(2,2),(-8.943177552841,-8.058320892218),
  .PIECEWISE_BEZIER_KNOTS.);
#10591 = CARTESIAN_POINT('',(18.066882004466,-0.449793416455));
#10592 = CARTESIAN_POINT('',(17.242188633578,-0.129087704216));
#10593 = ( GEOMETRIC_REPRESENTATION_CONTEXT(2) 
PARAMETRIC_REPRESENTATION_CONTEXT() REPRESENTATION_CONTEXT('2D SPACE',''
  ) );
#10594 = ORIENTED_EDGE('',*,*,#10595,.F.);
#10595 = EDGE_CURVE('',#10596,#10575,#10598,.T.);
#10596 = VERTEX_POINT('',#10597);
#10597 = CARTESIAN_POINT('',(12.425854580939,31.43053066304,68.31));
#10598 = SURFACE_CURVE('',#10599,(#10603,#10609),.PCURVE_S1.);
#10599 = LINE('',#10600,#10601);
#10600 = CARTESIAN_POINT('',(12.425854580939,31.43053066304,67.4));
#10601 = VECTOR('',#10602,1.);
#10602 = DIRECTION('',(0.,0.,-1.));
#10603 = PCURVE('',#3273,#10604);
#10604 = DEFINITIONAL_REPRESENTATION('',(#10605),#10608);
#10605 = B_SPLINE_CURVE_WITH_KNOTS('',1,(#10606,#10607),.UNSPECIFIED.,
  .F.,.F.,(2,2),(-0.91,-0.9),.PIECEWISE_BEZIER_KNOTS.);
#10606 = CARTESIAN_POINT('',(0.631802706583,-1.81));
#10607 = CARTESIAN_POINT('',(0.631802706583,-1.8));
#10608 = ( GEOMETRIC_REPRESENTATION_CONTEXT(2) 
PARAMETRIC_REPRESENTATION_CONTEXT() REPRESENTATION_CONTEXT('2D SPACE',''
  ) );
#10609 = PCURVE('',#6732,#10610);
#10610 = DEFINITIONAL_REPRESENTATION('',(#10611),#10614);
#10611 = B_SPLINE_CURVE_WITH_KNOTS('',1,(#10612,#10613),.UNSPECIFIED.,
  .F.,.F.,(2,2),(-0.91,-0.9),.PIECEWISE_BEZIER_KNOTS.);
#10612 = CARTESIAN_POINT('',(1.759795214961,-1.000000000001E-02));
#10613 = CARTESIAN_POINT('',(1.759795214961,0.));
#10614 = ( GEOMETRIC_REPRESENTATION_CONTEXT(2) 
PARAMETRIC_REPRESENTATION_CONTEXT() REPRESENTATION_CONTEXT('2D SPACE',''
  ) );
#10615 = ORIENTED_EDGE('',*,*,#10616,.T.);
#10616 = EDGE_CURVE('',#10596,#10617,#10619,.T.);
#10617 = VERTEX_POINT('',#10618);
#10618 = CARTESIAN_POINT('',(12.555806606136,31.37999508428,68.31));
#10619 = SURFACE_CURVE('',#10620,(#10624,#10631),.PCURVE_S1.);
#10620 = LINE('',#10621,#10622);
#10621 = CARTESIAN_POINT('',(11.83700948657,31.659519996596,68.31));
#10622 = VECTOR('',#10623,1.);
#10623 = DIRECTION('',(0.932007869283,-0.362438038284,0.));
#10624 = PCURVE('',#3273,#10625);
#10625 = DEFINITIONAL_REPRESENTATION('',(#10626),#10630);
#10626 = LINE('',#10627,#10628);
#10627 = CARTESIAN_POINT('',(0.,-1.81));
#10628 = VECTOR('',#10629,1.);
#10629 = DIRECTION('',(1.,0.));
#10630 = ( GEOMETRIC_REPRESENTATION_CONTEXT(2) 
PARAMETRIC_REPRESENTATION_CONTEXT() REPRESENTATION_CONTEXT('2D SPACE',''
  ) );
#10631 = PCURVE('',#10632,#10637);
#10632 = PLANE('',#10633);
#10633 = AXIS2_PLACEMENT_3D('',#10634,#10635,#10636);
#10634 = CARTESIAN_POINT('',(5.948195437329,33.733892643256,68.31));
#10635 = DIRECTION('',(0.,0.,1.));
#10636 = DIRECTION('',(1.,0.,-0.));
#10637 = DEFINITIONAL_REPRESENTATION('',(#10638),#10642);
#10638 = LINE('',#10639,#10640);
#10639 = CARTESIAN_POINT('',(5.888814049241,-2.07437264666));
#10640 = VECTOR('',#10641,1.);
#10641 = DIRECTION('',(0.932007869283,-0.362438038284));
#10642 = ( GEOMETRIC_REPRESENTATION_CONTEXT(2) 
PARAMETRIC_REPRESENTATION_CONTEXT() REPRESENTATION_CONTEXT('2D SPACE',''
  ) );
#10643 = ORIENTED_EDGE('',*,*,#10644,.F.);
#10644 = EDGE_CURVE('',#10645,#10617,#10647,.T.);
#10645 = VERTEX_POINT('',#10646);
#10646 = CARTESIAN_POINT('',(12.555806606136,31.37999508428,68.3));
#10647 = SURFACE_CURVE('',#10648,(#10652,#10658),.PCURVE_S1.);
#10648 = LINE('',#10649,#10650);
#10649 = CARTESIAN_POINT('',(12.555806606136,31.37999508428,67.4));
#10650 = VECTOR('',#10651,1.);
#10651 = DIRECTION('',(0.,0.,1.));
#10652 = PCURVE('',#3273,#10653);
#10653 = DEFINITIONAL_REPRESENTATION('',(#10654),#10657);
#10654 = B_SPLINE_CURVE_WITH_KNOTS('',1,(#10655,#10656),.UNSPECIFIED.,
  .F.,.F.,(2,2),(0.9,0.91),.PIECEWISE_BEZIER_KNOTS.);
#10655 = CARTESIAN_POINT('',(0.771235032724,-1.8));
#10656 = CARTESIAN_POINT('',(0.771235032724,-1.81));
#10657 = ( GEOMETRIC_REPRESENTATION_CONTEXT(2) 
PARAMETRIC_REPRESENTATION_CONTEXT() REPRESENTATION_CONTEXT('2D SPACE',''
  ) );
#10658 = PCURVE('',#6760,#10659);
#10659 = DEFINITIONAL_REPRESENTATION('',(#10660),#10663);
#10660 = B_SPLINE_CURVE_WITH_KNOTS('',1,(#10661,#10662),.UNSPECIFIED.,
  .F.,.F.,(2,2),(0.9,0.91),.PIECEWISE_BEZIER_KNOTS.);
#10661 = CARTESIAN_POINT('',(4.862823384602E-02,0.));
#10662 = CARTESIAN_POINT('',(4.862823384602E-02,-1.000000000001E-02));
#10663 = ( GEOMETRIC_REPRESENTATION_CONTEXT(2) 
PARAMETRIC_REPRESENTATION_CONTEXT() REPRESENTATION_CONTEXT('2D SPACE',''
  ) );
#10664 = ORIENTED_EDGE('',*,*,#10665,.F.);
#10665 = EDGE_CURVE('',#10666,#10645,#10668,.T.);
#10666 = VERTEX_POINT('',#10667);
#10667 = CARTESIAN_POINT('',(12.661702857458,31.338814284357,68.3));
#10668 = SURFACE_CURVE('',#10669,(#10673,#10679),.PCURVE_S1.);
#10669 = LINE('',#10670,#10671);
#10670 = CARTESIAN_POINT('',(4.326591001817,34.580162012632,68.3));
#10671 = VECTOR('',#10672,1.);
#10672 = DIRECTION('',(-0.932007869283,0.362438038284,0.));
#10673 = PCURVE('',#3273,#10674);
#10674 = DEFINITIONAL_REPRESENTATION('',(#10675),#10678);
#10675 = B_SPLINE_CURVE_WITH_KNOTS('',1,(#10676,#10677),.UNSPECIFIED.,
  .F.,.F.,(2,2),(-8.943177552841,-8.058320892218),
  .PIECEWISE_BEZIER_KNOTS.);
#10676 = CARTESIAN_POINT('',(0.884856660623,-1.8));
#10677 = CARTESIAN_POINT('',(0.,-1.8));
#10678 = ( GEOMETRIC_REPRESENTATION_CONTEXT(2) 
PARAMETRIC_REPRESENTATION_CONTEXT() REPRESENTATION_CONTEXT('2D SPACE',''
  ) );
#10679 = PCURVE('',#10680,#10685);
#10680 = PLANE('',#10681);
#10681 = AXIS2_PLACEMENT_3D('',#10682,#10683,#10684);
#10682 = CARTESIAN_POINT('',(-5.405179147008,31.788607700812,68.3));
#10683 = DIRECTION('',(0.,0.,1.));
#10684 = DIRECTION('',(1.,0.,-0.));
#10685 = DEFINITIONAL_REPRESENTATION('',(#10686),#10689);
#10686 = B_SPLINE_CURVE_WITH_KNOTS('',1,(#10687,#10688),.UNSPECIFIED.,
  .F.,.F.,(2,2),(-8.943177552841,-8.058320892218),
  .PIECEWISE_BEZIER_KNOTS.);
#10687 = CARTESIAN_POINT('',(18.066882004466,-0.449793416455));
#10688 = CARTESIAN_POINT('',(17.242188633578,-0.129087704216));
#10689 = ( GEOMETRIC_REPRESENTATION_CONTEXT(2) 
PARAMETRIC_REPRESENTATION_CONTEXT() REPRESENTATION_CONTEXT('2D SPACE',''
  ) );
#10690 = ORIENTED_EDGE('',*,*,#10691,.F.);
#10691 = EDGE_CURVE('',#3233,#10666,#10692,.T.);
#10692 = SURFACE_CURVE('',#10693,(#10697,#10704),.PCURVE_S1.);
#10693 = LINE('',#10694,#10695);
#10694 = CARTESIAN_POINT('',(12.661702857458,31.338814284357,66.5));
#10695 = VECTOR('',#10696,1.);
#10696 = DIRECTION('',(0.,0.,1.));
#10697 = PCURVE('',#3273,#10698);
#10698 = DEFINITIONAL_REPRESENTATION('',(#10699),#10703);
#10699 = LINE('',#10700,#10701);
#10700 = CARTESIAN_POINT('',(0.884856660623,0.));
#10701 = VECTOR('',#10702,1.);
#10702 = DIRECTION('',(0.,-1.));
#10703 = ( GEOMETRIC_REPRESENTATION_CONTEXT(2) 
PARAMETRIC_REPRESENTATION_CONTEXT() REPRESENTATION_CONTEXT('2D SPACE',''
  ) );
#10704 = PCURVE('',#3247,#10705);
#10705 = DEFINITIONAL_REPRESENTATION('',(#10706),#10710);
#10706 = LINE('',#10707,#10708);
#10707 = CARTESIAN_POINT('',(0.,0.));
#10708 = VECTOR('',#10709,1.);
#10709 = DIRECTION('',(0.,-1.));
#10710 = ( GEOMETRIC_REPRESENTATION_CONTEXT(2) 
PARAMETRIC_REPRESENTATION_CONTEXT() REPRESENTATION_CONTEXT('2D SPACE',''
  ) );
#10711 = ADVANCED_FACE('',(#10712),#3247,.T.);
#10712 = FACE_BOUND('',#10713,.T.);
#10713 = EDGE_LOOP('',(#10714,#10715,#10716,#10737));
#10714 = ORIENTED_EDGE('',*,*,#3232,.T.);
#10715 = ORIENTED_EDGE('',*,*,#10691,.T.);
#10716 = ORIENTED_EDGE('',*,*,#10717,.F.);
#10717 = EDGE_CURVE('',#10718,#10666,#10720,.T.);
#10718 = VERTEX_POINT('',#10719);
#10719 = CARTESIAN_POINT('',(13.477718529673,30.996630514217,68.3));
#10720 = SURFACE_CURVE('',#10721,(#10725,#10731),.PCURVE_S1.);
#10721 = LINE('',#10722,#10723);
#10722 = CARTESIAN_POINT('',(4.898967273777,34.593999471443,68.3));
#10723 = VECTOR('',#10724,1.);
#10724 = DIRECTION('',(-0.92220097167,0.386710961637,0.));
#10725 = PCURVE('',#3247,#10726);
#10726 = DEFINITIONAL_REPRESENTATION('',(#10727),#10730);
#10727 = B_SPLINE_CURVE_WITH_KNOTS('',1,(#10728,#10729),.UNSPECIFIED.,
  .F.,.F.,(2,2),(-9.302474752718,-8.417618092095),
  .PIECEWISE_BEZIER_KNOTS.);
#10728 = CARTESIAN_POINT('',(0.884856660623,-1.8));
#10729 = CARTESIAN_POINT('',(0.,-1.8));
#10730 = ( GEOMETRIC_REPRESENTATION_CONTEXT(2) 
PARAMETRIC_REPRESENTATION_CONTEXT() REPRESENTATION_CONTEXT('2D SPACE',''
  ) );
#10731 = PCURVE('',#10680,#10732);
#10732 = DEFINITIONAL_REPRESENTATION('',(#10733),#10736);
#10733 = B_SPLINE_CURVE_WITH_KNOTS('',1,(#10734,#10735),.UNSPECIFIED.,
  .F.,.F.,(2,2),(-9.302474752718,-8.417618092095),
  .PIECEWISE_BEZIER_KNOTS.);
#10734 = CARTESIAN_POINT('',(18.882897676682,-0.791977186595));
#10735 = CARTESIAN_POINT('',(18.066882004466,-0.449793416455));
#10736 = ( GEOMETRIC_REPRESENTATION_CONTEXT(2) 
PARAMETRIC_REPRESENTATION_CONTEXT() REPRESENTATION_CONTEXT('2D SPACE',''
  ) );
#10737 = ORIENTED_EDGE('',*,*,#10738,.F.);
#10738 = EDGE_CURVE('',#3207,#10718,#10739,.T.);
#10739 = SURFACE_CURVE('',#10740,(#10744,#10751),.PCURVE_S1.);
#10740 = LINE('',#10741,#10742);
#10741 = CARTESIAN_POINT('',(13.477718529673,30.996630514217,66.5));
#10742 = VECTOR('',#10743,1.);
#10743 = DIRECTION('',(0.,0.,1.));
#10744 = PCURVE('',#3247,#10745);
#10745 = DEFINITIONAL_REPRESENTATION('',(#10746),#10750);
#10746 = LINE('',#10747,#10748);
#10747 = CARTESIAN_POINT('',(0.884856660623,0.));
#10748 = VECTOR('',#10749,1.);
#10749 = DIRECTION('',(0.,-1.));
#10750 = ( GEOMETRIC_REPRESENTATION_CONTEXT(2) 
PARAMETRIC_REPRESENTATION_CONTEXT() REPRESENTATION_CONTEXT('2D SPACE',''
  ) );
#10751 = PCURVE('',#3221,#10752);
#10752 = DEFINITIONAL_REPRESENTATION('',(#10753),#10757);
#10753 = LINE('',#10754,#10755);
#10754 = CARTESIAN_POINT('',(0.,0.));
#10755 = VECTOR('',#10756,1.);
#10756 = DIRECTION('',(0.,-1.));
#10757 = ( GEOMETRIC_REPRESENTATION_CONTEXT(2) 
PARAMETRIC_REPRESENTATION_CONTEXT() REPRESENTATION_CONTEXT('2D SPACE',''
  ) );
#10758 = ADVANCED_FACE('',(#10759),#3221,.T.);
#10759 = FACE_BOUND('',#10760,.T.);
#10760 = EDGE_LOOP('',(#10761,#10762,#10763,#10784,#10805,#10833,#10854,
    #10880));
#10761 = ORIENTED_EDGE('',*,*,#3206,.T.);
#10762 = ORIENTED_EDGE('',*,*,#10738,.T.);
#10763 = ORIENTED_EDGE('',*,*,#10764,.F.);
#10764 = EDGE_CURVE('',#10765,#10718,#10767,.T.);
#10765 = VERTEX_POINT('',#10766);
#10766 = CARTESIAN_POINT('',(14.157863613047,30.690247494413,68.3));
#10767 = SURFACE_CURVE('',#10768,(#10772,#10778),.PCURVE_S1.);
#10768 = LINE('',#10769,#10770);
#10769 = CARTESIAN_POINT('',(5.4806585071,34.59904338048,68.3));
#10770 = VECTOR('',#10771,1.);
#10771 = DIRECTION('',(-0.911762043577,0.410718852613,0.));
#10772 = PCURVE('',#3221,#10773);
#10773 = DEFINITIONAL_REPRESENTATION('',(#10774),#10777);
#10774 = B_SPLINE_CURVE_WITH_KNOTS('',1,(#10775,#10776),.UNSPECIFIED.,
  .F.,.F.,(2,2),(-9.655851328484,-8.770994667861),
  .PIECEWISE_BEZIER_KNOTS.);
#10775 = CARTESIAN_POINT('',(0.884856660623,-1.8));
#10776 = CARTESIAN_POINT('',(0.,-1.8));
#10777 = ( GEOMETRIC_REPRESENTATION_CONTEXT(2) 
PARAMETRIC_REPRESENTATION_CONTEXT() REPRESENTATION_CONTEXT('2D SPACE',''
  ) );
#10778 = PCURVE('',#10680,#10779);
#10779 = DEFINITIONAL_REPRESENTATION('',(#10780),#10783);
#10780 = B_SPLINE_CURVE_WITH_KNOTS('',1,(#10781,#10782),.UNSPECIFIED.,
  .F.,.F.,(2,2),(-9.655851328484,-8.770994667861),
  .PIECEWISE_BEZIER_KNOTS.);
#10781 = CARTESIAN_POINT('',(19.689676393844,-1.155404498973));
#10782 = CARTESIAN_POINT('',(18.882897676682,-0.791977186595));
#10783 = ( GEOMETRIC_REPRESENTATION_CONTEXT(2) 
PARAMETRIC_REPRESENTATION_CONTEXT() REPRESENTATION_CONTEXT('2D SPACE',''
  ) );
#10784 = ORIENTED_EDGE('',*,*,#10785,.F.);
#10785 = EDGE_CURVE('',#10786,#10765,#10788,.T.);
#10786 = VERTEX_POINT('',#10787);
#10787 = CARTESIAN_POINT('',(14.157863613047,30.690247494413,68.31));
#10788 = SURFACE_CURVE('',#10789,(#10793,#10799),.PCURVE_S1.);
#10789 = LINE('',#10790,#10791);
#10790 = CARTESIAN_POINT('',(14.157863613047,30.690247494413,67.4));
#10791 = VECTOR('',#10792,1.);
#10792 = DIRECTION('',(0.,0.,-1.));
#10793 = PCURVE('',#3221,#10794);
#10794 = DEFINITIONAL_REPRESENTATION('',(#10795),#10798);
#10795 = B_SPLINE_CURVE_WITH_KNOTS('',1,(#10796,#10797),.UNSPECIFIED.,
  .F.,.F.,(2,2),(-0.91,-0.9),.PIECEWISE_BEZIER_KNOTS.);
#10796 = CARTESIAN_POINT('',(0.7459677535,-1.81));
#10797 = CARTESIAN_POINT('',(0.7459677535,-1.8));
#10798 = ( GEOMETRIC_REPRESENTATION_CONTEXT(2) 
PARAMETRIC_REPRESENTATION_CONTEXT() REPRESENTATION_CONTEXT('2D SPACE',''
  ) );
#10799 = PCURVE('',#6760,#10800);
#10800 = DEFINITIONAL_REPRESENTATION('',(#10801),#10804);
#10801 = B_SPLINE_CURVE_WITH_KNOTS('',1,(#10802,#10803),.UNSPECIFIED.,
  .F.,.F.,(2,2),(-0.91,-0.9),.PIECEWISE_BEZIER_KNOTS.);
#10802 = CARTESIAN_POINT('',(1.792858262002,-1.000000000001E-02));
#10803 = CARTESIAN_POINT('',(1.792858262002,0.));
#10804 = ( GEOMETRIC_REPRESENTATION_CONTEXT(2) 
PARAMETRIC_REPRESENTATION_CONTEXT() REPRESENTATION_CONTEXT('2D SPACE',''
  ) );
#10805 = ORIENTED_EDGE('',*,*,#10806,.T.);
#10806 = EDGE_CURVE('',#10786,#10807,#10809,.T.);
#10807 = VERTEX_POINT('',#10808);
#10808 = CARTESIAN_POINT('',(14.233632219216,30.656116226053,68.31));
#10809 = SURFACE_CURVE('',#10810,(#10814,#10821),.PCURVE_S1.);
#10810 = LINE('',#10811,#10812);
#10811 = CARTESIAN_POINT('',(13.477718529673,30.996630514217,68.31));
#10812 = VECTOR('',#10813,1.);
#10813 = DIRECTION('',(0.911762043577,-0.410718852613,0.));
#10814 = PCURVE('',#3221,#10815);
#10815 = DEFINITIONAL_REPRESENTATION('',(#10816),#10820);
#10816 = LINE('',#10817,#10818);
#10817 = CARTESIAN_POINT('',(0.,-1.81));
#10818 = VECTOR('',#10819,1.);
#10819 = DIRECTION('',(1.,0.));
#10820 = ( GEOMETRIC_REPRESENTATION_CONTEXT(2) 
PARAMETRIC_REPRESENTATION_CONTEXT() REPRESENTATION_CONTEXT('2D SPACE',''
  ) );
#10821 = PCURVE('',#10822,#10827);
#10822 = PLANE('',#10823);
#10823 = AXIS2_PLACEMENT_3D('',#10824,#10825,#10826);
#10824 = CARTESIAN_POINT('',(5.948195437329,33.733892643256,68.31));
#10825 = DIRECTION('',(0.,0.,1.));
#10826 = DIRECTION('',(1.,0.,-0.));
#10827 = DEFINITIONAL_REPRESENTATION('',(#10828),#10832);
#10828 = LINE('',#10829,#10830);
#10829 = CARTESIAN_POINT('',(7.529523092344,-2.737262129039));
#10830 = VECTOR('',#10831,1.);
#10831 = DIRECTION('',(0.911762043577,-0.410718852613));
#10832 = ( GEOMETRIC_REPRESENTATION_CONTEXT(2) 
PARAMETRIC_REPRESENTATION_CONTEXT() REPRESENTATION_CONTEXT('2D SPACE',''
  ) );
#10833 = ORIENTED_EDGE('',*,*,#10834,.F.);
#10834 = EDGE_CURVE('',#10835,#10807,#10837,.T.);
#10835 = VERTEX_POINT('',#10836);
#10836 = CARTESIAN_POINT('',(14.233632219216,30.656116226053,68.3));
#10837 = SURFACE_CURVE('',#10838,(#10842,#10848),.PCURVE_S1.);
#10838 = LINE('',#10839,#10840);
#10839 = CARTESIAN_POINT('',(14.233632219216,30.656116226053,67.4));
#10840 = VECTOR('',#10841,1.);
#10841 = DIRECTION('',(0.,0.,1.));
#10842 = PCURVE('',#3221,#10843);
#10843 = DEFINITIONAL_REPRESENTATION('',(#10844),#10847);
#10844 = B_SPLINE_CURVE_WITH_KNOTS('',1,(#10845,#10846),.UNSPECIFIED.,
  .F.,.F.,(2,2),(0.9,0.91),.PIECEWISE_BEZIER_KNOTS.);
#10845 = CARTESIAN_POINT('',(0.829069048078,-1.8));
#10846 = CARTESIAN_POINT('',(0.829069048078,-1.81));
#10847 = ( GEOMETRIC_REPRESENTATION_CONTEXT(2) 
PARAMETRIC_REPRESENTATION_CONTEXT() REPRESENTATION_CONTEXT('2D SPACE',''
  ) );
#10848 = PCURVE('',#6105,#10849);
#10849 = DEFINITIONAL_REPRESENTATION('',(#10850),#10853);
#10850 = B_SPLINE_CURVE_WITH_KNOTS('',1,(#10851,#10852),.UNSPECIFIED.,
  .F.,.F.,(2,2),(0.9,0.91),.PIECEWISE_BEZIER_KNOTS.);
#10851 = CARTESIAN_POINT('',(2.533917147471E-02,0.));
#10852 = CARTESIAN_POINT('',(2.533917147471E-02,-1.000000000001E-02));
#10853 = ( GEOMETRIC_REPRESENTATION_CONTEXT(2) 
PARAMETRIC_REPRESENTATION_CONTEXT() REPRESENTATION_CONTEXT('2D SPACE',''
  ) );
#10854 = ORIENTED_EDGE('',*,*,#10855,.F.);
#10855 = EDGE_CURVE('',#10856,#10835,#10858,.T.);
#10856 = VERTEX_POINT('',#10857);
#10857 = CARTESIAN_POINT('',(14.284497246836,30.633203201839,68.3));
#10858 = SURFACE_CURVE('',#10859,(#10863,#10869),.PCURVE_S1.);
#10859 = LINE('',#10860,#10861);
#10860 = CARTESIAN_POINT('',(5.4806585071,34.59904338048,68.3));
#10861 = VECTOR('',#10862,1.);
#10862 = DIRECTION('',(-0.911762043577,0.410718852613,0.));
#10863 = PCURVE('',#3221,#10864);
#10864 = DEFINITIONAL_REPRESENTATION('',(#10865),#10868);
#10865 = B_SPLINE_CURVE_WITH_KNOTS('',1,(#10866,#10867),.UNSPECIFIED.,
  .F.,.F.,(2,2),(-9.655851328484,-8.770994667861),
  .PIECEWISE_BEZIER_KNOTS.);
#10866 = CARTESIAN_POINT('',(0.884856660623,-1.8));
#10867 = CARTESIAN_POINT('',(0.,-1.8));
#10868 = ( GEOMETRIC_REPRESENTATION_CONTEXT(2) 
PARAMETRIC_REPRESENTATION_CONTEXT() REPRESENTATION_CONTEXT('2D SPACE',''
  ) );
#10869 = PCURVE('',#10870,#10875);
#10870 = PLANE('',#10871);
#10871 = AXIS2_PLACEMENT_3D('',#10872,#10873,#10874);
#10872 = CARTESIAN_POINT('',(-5.405179147008,31.788607700812,68.3));
#10873 = DIRECTION('',(0.,0.,1.));
#10874 = DIRECTION('',(1.,0.,-0.));
#10875 = DEFINITIONAL_REPRESENTATION('',(#10876),#10879);
#10876 = B_SPLINE_CURVE_WITH_KNOTS('',1,(#10877,#10878),.UNSPECIFIED.,
  .F.,.F.,(2,2),(-9.655851328484,-8.770994667861),
  .PIECEWISE_BEZIER_KNOTS.);
#10877 = CARTESIAN_POINT('',(19.689676393844,-1.155404498973));
#10878 = CARTESIAN_POINT('',(18.882897676682,-0.791977186595));
#10879 = ( GEOMETRIC_REPRESENTATION_CONTEXT(2) 
PARAMETRIC_REPRESENTATION_CONTEXT() REPRESENTATION_CONTEXT('2D SPACE',''
  ) );
#10880 = ORIENTED_EDGE('',*,*,#10881,.F.);
#10881 = EDGE_CURVE('',#3181,#10856,#10882,.T.);
#10882 = SURFACE_CURVE('',#10883,(#10887,#10894),.PCURVE_S1.);
#10883 = LINE('',#10884,#10885);
#10884 = CARTESIAN_POINT('',(14.284497246836,30.633203201839,66.5));
#10885 = VECTOR('',#10886,1.);
#10886 = DIRECTION('',(0.,0.,1.));
#10887 = PCURVE('',#3221,#10888);
#10888 = DEFINITIONAL_REPRESENTATION('',(#10889),#10893);
#10889 = LINE('',#10890,#10891);
#10890 = CARTESIAN_POINT('',(0.884856660623,0.));
#10891 = VECTOR('',#10892,1.);
#10892 = DIRECTION('',(0.,-1.));
#10893 = ( GEOMETRIC_REPRESENTATION_CONTEXT(2) 
PARAMETRIC_REPRESENTATION_CONTEXT() REPRESENTATION_CONTEXT('2D SPACE',''
  ) );
#10894 = PCURVE('',#3195,#10895);
#10895 = DEFINITIONAL_REPRESENTATION('',(#10896),#10900);
#10896 = LINE('',#10897,#10898);
#10897 = CARTESIAN_POINT('',(0.,0.));
#10898 = VECTOR('',#10899,1.);
#10899 = DIRECTION('',(0.,-1.));
#10900 = ( GEOMETRIC_REPRESENTATION_CONTEXT(2) 
PARAMETRIC_REPRESENTATION_CONTEXT() REPRESENTATION_CONTEXT('2D SPACE',''
  ) );
#10901 = ADVANCED_FACE('',(#10902),#3195,.T.);
#10902 = FACE_BOUND('',#10903,.T.);
#10903 = EDGE_LOOP('',(#10904,#10905,#10906,#10927));
#10904 = ORIENTED_EDGE('',*,*,#3180,.T.);
#10905 = ORIENTED_EDGE('',*,*,#10881,.T.);
#10906 = ORIENTED_EDGE('',*,*,#10907,.F.);
#10907 = EDGE_CURVE('',#10908,#10856,#10910,.T.);
#10908 = VERTEX_POINT('',#10909);
#10909 = CARTESIAN_POINT('',(15.081486083112,30.248781422148,68.3));
#10910 = SURFACE_CURVE('',#10911,(#10915,#10921),.PCURVE_S1.);
#10911 = LINE('',#10912,#10913);
#10912 = CARTESIAN_POINT('',(6.071742965578,34.594565611522,68.3));
#10913 = VECTOR('',#10914,1.);
#10914 = DIRECTION('',(-0.900698239323,0.434445257404,0.));
#10915 = PCURVE('',#3195,#10916);
#10916 = DEFINITIONAL_REPRESENTATION('',(#10917),#10920);
#10917 = B_SPLINE_CURVE_WITH_KNOTS('',1,(#10918,#10919),.UNSPECIFIED.,
  .F.,.F.,(2,2),(-10.00306509348,-9.118208432865),
  .PIECEWISE_BEZIER_KNOTS.);
#10918 = CARTESIAN_POINT('',(0.884856660623,-1.8));
#10919 = CARTESIAN_POINT('',(0.,-1.8));
#10920 = ( GEOMETRIC_REPRESENTATION_CONTEXT(2) 
PARAMETRIC_REPRESENTATION_CONTEXT() REPRESENTATION_CONTEXT('2D SPACE',''
  ) );
#10921 = PCURVE('',#10870,#10922);
#10922 = DEFINITIONAL_REPRESENTATION('',(#10923),#10926);
#10923 = B_SPLINE_CURVE_WITH_KNOTS('',1,(#10924,#10925),.UNSPECIFIED.,
  .F.,.F.,(2,2),(-10.00306509348,-9.118208432865),
  .PIECEWISE_BEZIER_KNOTS.);
#10924 = CARTESIAN_POINT('',(20.48666523012,-1.539826278664));
#10925 = CARTESIAN_POINT('',(19.689676393844,-1.155404498973));
#10926 = ( GEOMETRIC_REPRESENTATION_CONTEXT(2) 
PARAMETRIC_REPRESENTATION_CONTEXT() REPRESENTATION_CONTEXT('2D SPACE',''
  ) );
#10927 = ORIENTED_EDGE('',*,*,#10928,.F.);
#10928 = EDGE_CURVE('',#3155,#10908,#10929,.T.);
#10929 = SURFACE_CURVE('',#10930,(#10934,#10941),.PCURVE_S1.);
#10930 = LINE('',#10931,#10932);
#10931 = CARTESIAN_POINT('',(15.081486083112,30.248781422148,66.5));
#10932 = VECTOR('',#10933,1.);
#10933 = DIRECTION('',(0.,0.,1.));
#10934 = PCURVE('',#3195,#10935);
#10935 = DEFINITIONAL_REPRESENTATION('',(#10936),#10940);
#10936 = LINE('',#10937,#10938);
#10937 = CARTESIAN_POINT('',(0.884856660623,0.));
#10938 = VECTOR('',#10939,1.);
#10939 = DIRECTION('',(0.,-1.));
#10940 = ( GEOMETRIC_REPRESENTATION_CONTEXT(2) 
PARAMETRIC_REPRESENTATION_CONTEXT() REPRESENTATION_CONTEXT('2D SPACE',''
  ) );
#10941 = PCURVE('',#3169,#10942);
#10942 = DEFINITIONAL_REPRESENTATION('',(#10943),#10947);
#10943 = LINE('',#10944,#10945);
#10944 = CARTESIAN_POINT('',(0.,0.));
#10945 = VECTOR('',#10946,1.);
#10946 = DIRECTION('',(0.,-1.));
#10947 = ( GEOMETRIC_REPRESENTATION_CONTEXT(2) 
PARAMETRIC_REPRESENTATION_CONTEXT() REPRESENTATION_CONTEXT('2D SPACE',''
  ) );
#10948 = ADVANCED_FACE('',(#10949),#3169,.T.);
#10949 = FACE_BOUND('',#10950,.T.);
#10950 = EDGE_LOOP('',(#10951,#10952,#10953,#10972));
#10951 = ORIENTED_EDGE('',*,*,#3154,.T.);
#10952 = ORIENTED_EDGE('',*,*,#10928,.T.);
#10953 = ORIENTED_EDGE('',*,*,#10954,.F.);
#10954 = EDGE_CURVE('',#6067,#10908,#10955,.T.);
#10955 = SURFACE_CURVE('',#10956,(#10960,#10966),.PCURVE_S1.);
#10956 = LINE('',#10957,#10958);
#10957 = CARTESIAN_POINT('',(6.672253895375,34.579820594792,68.3));
#10958 = VECTOR('',#10959,1.);
#10959 = DIRECTION('',(-0.889017141486,0.457873915117,0.));
#10960 = PCURVE('',#3169,#10961);
#10961 = DEFINITIONAL_REPRESENTATION('',(#10962),#10965);
#10962 = B_SPLINE_CURVE_WITH_KNOTS('',1,(#10963,#10964),.UNSPECIFIED.,
  .F.,.F.,(2,2),(-10.34387808475,-9.459021424134),
  .PIECEWISE_BEZIER_KNOTS.);
#10963 = CARTESIAN_POINT('',(0.884856660623,-1.8));
#10964 = CARTESIAN_POINT('',(0.,-1.8));
#10965 = ( GEOMETRIC_REPRESENTATION_CONTEXT(2) 
PARAMETRIC_REPRESENTATION_CONTEXT() REPRESENTATION_CONTEXT('2D SPACE',''
  ) );
#10966 = PCURVE('',#10870,#10967);
#10967 = DEFINITIONAL_REPRESENTATION('',(#10968),#10971);
#10968 = B_SPLINE_CURVE_WITH_KNOTS('',1,(#10969,#10970),.UNSPECIFIED.,
  .F.,.F.,(2,2),(-10.34387808475,-9.459021424134),
  .PIECEWISE_BEZIER_KNOTS.);
#10969 = CARTESIAN_POINT('',(21.273317969172,-1.94497906218));
#10970 = CARTESIAN_POINT('',(20.48666523012,-1.539826278664));
#10971 = ( GEOMETRIC_REPRESENTATION_CONTEXT(2) 
PARAMETRIC_REPRESENTATION_CONTEXT() REPRESENTATION_CONTEXT('2D SPACE',''
  ) );
#10972 = ORIENTED_EDGE('',*,*,#6066,.F.);
#10973 = ADVANCED_FACE('',(#10974),#3098,.T.);
#10974 = FACE_BOUND('',#10975,.T.);
#10975 = EDGE_LOOP('',(#10976,#10997,#10998,#10999));
#10976 = ORIENTED_EDGE('',*,*,#10977,.F.);
#10977 = EDGE_CURVE('',#3058,#5214,#10978,.T.);
#10978 = SURFACE_CURVE('',#10979,(#10983,#10990),.PCURVE_S1.);
#10979 = LINE('',#10980,#10981);
#10980 = CARTESIAN_POINT('',(31.338814284357,-12.66170285745,66.5));
#10981 = VECTOR('',#10982,1.);
#10982 = DIRECTION('',(0.,0.,1.));
#10983 = PCURVE('',#3098,#10984);
#10984 = DEFINITIONAL_REPRESENTATION('',(#10985),#10989);
#10985 = LINE('',#10986,#10987);
#10986 = CARTESIAN_POINT('',(2.2,0.));
#10987 = VECTOR('',#10988,1.);
#10988 = DIRECTION('',(0.,-1.));
#10989 = ( GEOMETRIC_REPRESENTATION_CONTEXT(2) 
PARAMETRIC_REPRESENTATION_CONTEXT() REPRESENTATION_CONTEXT('2D SPACE',''
  ) );
#10990 = PCURVE('',#3072,#10991);
#10991 = DEFINITIONAL_REPRESENTATION('',(#10992),#10996);
#10992 = LINE('',#10993,#10994);
#10993 = CARTESIAN_POINT('',(0.,0.));
#10994 = VECTOR('',#10995,1.);
#10995 = DIRECTION('',(0.,-1.));
#10996 = ( GEOMETRIC_REPRESENTATION_CONTEXT(2) 
PARAMETRIC_REPRESENTATION_CONTEXT() REPRESENTATION_CONTEXT('2D SPACE',''
  ) );
#10997 = ORIENTED_EDGE('',*,*,#3083,.T.);
#10998 = ORIENTED_EDGE('',*,*,#5582,.T.);
#10999 = ORIENTED_EDGE('',*,*,#5213,.F.);
#11000 = ADVANCED_FACE('',(#11001),#3072,.T.);
#11001 = FACE_BOUND('',#11002,.T.);
#11002 = EDGE_LOOP('',(#11003,#11004,#11005,#11006,#11007,#11028,#11029,
    #11050));
#11003 = ORIENTED_EDGE('',*,*,#3057,.T.);
#11004 = ORIENTED_EDGE('',*,*,#10977,.T.);
#11005 = ORIENTED_EDGE('',*,*,#5559,.F.);
#11006 = ORIENTED_EDGE('',*,*,#8454,.F.);
#11007 = ORIENTED_EDGE('',*,*,#11008,.T.);
#11008 = EDGE_CURVE('',#8434,#8269,#11009,.T.);
#11009 = SURFACE_CURVE('',#11010,(#11014,#11021),.PCURVE_S1.);
#11010 = LINE('',#11011,#11012);
#11011 = CARTESIAN_POINT('',(31.338814284357,-12.66170285745,68.31));
#11012 = VECTOR('',#11013,1.);
#11013 = DIRECTION('',(-0.386710961637,-0.92220097167,0.));
#11014 = PCURVE('',#3072,#11015);
#11015 = DEFINITIONAL_REPRESENTATION('',(#11016),#11020);
#11016 = LINE('',#11017,#11018);
#11017 = CARTESIAN_POINT('',(0.,-1.81));
#11018 = VECTOR('',#11019,1.);
#11019 = DIRECTION('',(1.,0.));
#11020 = ( GEOMETRIC_REPRESENTATION_CONTEXT(2) 
PARAMETRIC_REPRESENTATION_CONTEXT() REPRESENTATION_CONTEXT('2D SPACE',''
  ) );
#11021 = PCURVE('',#8283,#11022);
#11022 = DEFINITIONAL_REPRESENTATION('',(#11023),#11027);
#11023 = LINE('',#11024,#11025);
#11024 = CARTESIAN_POINT('',(5.098504005425,9.356531819572));
#11025 = VECTOR('',#11026,1.);
#11026 = DIRECTION('',(-0.386710961637,-0.92220097167));
#11027 = ( GEOMETRIC_REPRESENTATION_CONTEXT(2) 
PARAMETRIC_REPRESENTATION_CONTEXT() REPRESENTATION_CONTEXT('2D SPACE',''
  ) );
#11028 = ORIENTED_EDGE('',*,*,#8387,.F.);
#11029 = ORIENTED_EDGE('',*,*,#11030,.F.);
#11030 = EDGE_CURVE('',#11031,#8360,#11033,.T.);
#11031 = VERTEX_POINT('',#11032);
#11032 = CARTESIAN_POINT('',(30.996630514217,-13.47771852967,68.3));
#11033 = SURFACE_CURVE('',#11034,(#11038,#11044),.PCURVE_S1.);
#11034 = LINE('',#11035,#11036);
#11035 = CARTESIAN_POINT('',(31.514351403172,-12.24309434207,68.3));
#11036 = VECTOR('',#11037,1.);
#11037 = DIRECTION('',(0.386710961637,0.92220097167,-0.));
#11038 = PCURVE('',#3072,#11039);
#11039 = DEFINITIONAL_REPRESENTATION('',(#11040),#11043);
#11040 = B_SPLINE_CURVE_WITH_KNOTS('',1,(#11041,#11042),.UNSPECIFIED.,
  .F.,.F.,(2,2),(-1.338779968283,-0.45392330766),
  .PIECEWISE_BEZIER_KNOTS.);
#11041 = CARTESIAN_POINT('',(0.884856660623,-1.8));
#11042 = CARTESIAN_POINT('',(0.,-1.8));
#11043 = ( GEOMETRIC_REPRESENTATION_CONTEXT(2) 
PARAMETRIC_REPRESENTATION_CONTEXT() REPRESENTATION_CONTEXT('2D SPACE',''
  ) );
#11044 = PCURVE('',#8375,#11045);
#11045 = DEFINITIONAL_REPRESENTATION('',(#11046),#11049);
#11046 = B_SPLINE_CURVE_WITH_KNOTS('',1,(#11047,#11048),.UNSPECIFIED.,
  .F.,.F.,(2,2),(-1.338779968283,-0.45392330766),
  .PIECEWISE_BEZIER_KNOTS.);
#11047 = CARTESIAN_POINT('',(0.764299120872,-2.264437132582));
#11048 = CARTESIAN_POINT('',(1.106482891012,-1.448421460367));
#11049 = ( GEOMETRIC_REPRESENTATION_CONTEXT(2) 
PARAMETRIC_REPRESENTATION_CONTEXT() REPRESENTATION_CONTEXT('2D SPACE',''
  ) );
#11050 = ORIENTED_EDGE('',*,*,#11051,.F.);
#11051 = EDGE_CURVE('',#3032,#11031,#11052,.T.);
#11052 = SURFACE_CURVE('',#11053,(#11057,#11064),.PCURVE_S1.);
#11053 = LINE('',#11054,#11055);
#11054 = CARTESIAN_POINT('',(30.996630514217,-13.47771852967,66.5));
#11055 = VECTOR('',#11056,1.);
#11056 = DIRECTION('',(0.,0.,1.));
#11057 = PCURVE('',#3072,#11058);
#11058 = DEFINITIONAL_REPRESENTATION('',(#11059),#11063);
#11059 = LINE('',#11060,#11061);
#11060 = CARTESIAN_POINT('',(0.884856660623,0.));
#11061 = VECTOR('',#11062,1.);
#11062 = DIRECTION('',(0.,-1.));
#11063 = ( GEOMETRIC_REPRESENTATION_CONTEXT(2) 
PARAMETRIC_REPRESENTATION_CONTEXT() REPRESENTATION_CONTEXT('2D SPACE',''
  ) );
#11064 = PCURVE('',#3046,#11065);
#11065 = DEFINITIONAL_REPRESENTATION('',(#11066),#11070);
#11066 = LINE('',#11067,#11068);
#11067 = CARTESIAN_POINT('',(0.,0.));
#11068 = VECTOR('',#11069,1.);
#11069 = DIRECTION('',(0.,-1.));
#11070 = ( GEOMETRIC_REPRESENTATION_CONTEXT(2) 
PARAMETRIC_REPRESENTATION_CONTEXT() REPRESENTATION_CONTEXT('2D SPACE',''
  ) );
#11071 = ADVANCED_FACE('',(#11072),#3046,.T.);
#11072 = FACE_BOUND('',#11073,.T.);
#11073 = EDGE_LOOP('',(#11074,#11075,#11076,#11097));
#11074 = ORIENTED_EDGE('',*,*,#3031,.T.);
#11075 = ORIENTED_EDGE('',*,*,#11051,.T.);
#11076 = ORIENTED_EDGE('',*,*,#11077,.F.);
#11077 = EDGE_CURVE('',#11078,#11031,#11080,.T.);
#11078 = VERTEX_POINT('',#11079);
#11079 = CARTESIAN_POINT('',(30.633203201839,-14.28449724683,68.3));
#11080 = SURFACE_CURVE('',#11081,(#11085,#11091),.PCURVE_S1.);
#11081 = LINE('',#11082,#11083);
#11082 = CARTESIAN_POINT('',(31.356156500284,-12.67960043577,68.3));
#11083 = VECTOR('',#11084,1.);
#11084 = DIRECTION('',(0.410718852613,0.911762043577,-0.));
#11085 = PCURVE('',#3046,#11086);
#11086 = DEFINITIONAL_REPRESENTATION('',(#11087),#11090);
#11087 = B_SPLINE_CURVE_WITH_KNOTS('',1,(#11088,#11089),.UNSPECIFIED.,
  .F.,.F.,(2,2),(-1.760214545411,-0.875357884789),
  .PIECEWISE_BEZIER_KNOTS.);
#11088 = CARTESIAN_POINT('',(0.884856660623,-1.8));
#11089 = CARTESIAN_POINT('',(0.,-1.8));
#11090 = ( GEOMETRIC_REPRESENTATION_CONTEXT(2) 
PARAMETRIC_REPRESENTATION_CONTEXT() REPRESENTATION_CONTEXT('2D SPACE',''
  ) );
#11091 = PCURVE('',#8375,#11092);
#11092 = DEFINITIONAL_REPRESENTATION('',(#11093),#11096);
#11093 = B_SPLINE_CURVE_WITH_KNOTS('',1,(#11094,#11095),.UNSPECIFIED.,
  .F.,.F.,(2,2),(-1.760214545411,-0.875357884789),
  .PIECEWISE_BEZIER_KNOTS.);
#11094 = CARTESIAN_POINT('',(0.400871808494,-3.071215849745));
#11095 = CARTESIAN_POINT('',(0.764299120872,-2.264437132582));
#11096 = ( GEOMETRIC_REPRESENTATION_CONTEXT(2) 
PARAMETRIC_REPRESENTATION_CONTEXT() REPRESENTATION_CONTEXT('2D SPACE',''
  ) );
#11097 = ORIENTED_EDGE('',*,*,#11098,.F.);
#11098 = EDGE_CURVE('',#3006,#11078,#11099,.T.);
#11099 = SURFACE_CURVE('',#11100,(#11104,#11111),.PCURVE_S1.);
#11100 = LINE('',#11101,#11102);
#11101 = CARTESIAN_POINT('',(30.633203201839,-14.28449724683,66.5));
#11102 = VECTOR('',#11103,1.);
#11103 = DIRECTION('',(0.,0.,1.));
#11104 = PCURVE('',#3046,#11105);
#11105 = DEFINITIONAL_REPRESENTATION('',(#11106),#11110);
#11106 = LINE('',#11107,#11108);
#11107 = CARTESIAN_POINT('',(0.884856660623,0.));
#11108 = VECTOR('',#11109,1.);
#11109 = DIRECTION('',(0.,-1.));
#11110 = ( GEOMETRIC_REPRESENTATION_CONTEXT(2) 
PARAMETRIC_REPRESENTATION_CONTEXT() REPRESENTATION_CONTEXT('2D SPACE',''
  ) );
#11111 = PCURVE('',#3020,#11112);
#11112 = DEFINITIONAL_REPRESENTATION('',(#11113),#11117);
#11113 = LINE('',#11114,#11115);
#11114 = CARTESIAN_POINT('',(0.,0.));
#11115 = VECTOR('',#11116,1.);
#11116 = DIRECTION('',(0.,-1.));
#11117 = ( GEOMETRIC_REPRESENTATION_CONTEXT(2) 
PARAMETRIC_REPRESENTATION_CONTEXT() REPRESENTATION_CONTEXT('2D SPACE',''
  ) );
#11118 = ADVANCED_FACE('',(#11119),#3020,.T.);
#11119 = FACE_BOUND('',#11120,.T.);
#11120 = EDGE_LOOP('',(#11121,#11122,#11123,#11144));
#11121 = ORIENTED_EDGE('',*,*,#3005,.T.);
#11122 = ORIENTED_EDGE('',*,*,#11098,.T.);
#11123 = ORIENTED_EDGE('',*,*,#11124,.F.);
#11124 = EDGE_CURVE('',#11125,#11078,#11127,.T.);
#11125 = VERTEX_POINT('',#11126);
#11126 = CARTESIAN_POINT('',(30.248781422148,-15.08148608311,68.3));
#11127 = SURFACE_CURVE('',#11128,(#11132,#11138),.PCURVE_S1.);
#11128 = LINE('',#11129,#11130);
#11129 = CARTESIAN_POINT('',(31.196262035632,-13.1171554665,68.3));
#11130 = VECTOR('',#11131,1.);
#11131 = DIRECTION('',(0.434445257404,0.900698239323,-0.));
#11132 = PCURVE('',#3020,#11133);
#11133 = DEFINITIONAL_REPRESENTATION('',(#11134),#11137);
#11134 = B_SPLINE_CURVE_WITH_KNOTS('',1,(#11135,#11136),.UNSPECIFIED.,
  .F.,.F.,(2,2),(-2.180897586832,-1.296040926209),
  .PIECEWISE_BEZIER_KNOTS.);
#11135 = CARTESIAN_POINT('',(0.884856660623,-1.8));
#11136 = CARTESIAN_POINT('',(0.,-1.8));
#11137 = ( GEOMETRIC_REPRESENTATION_CONTEXT(2) 
PARAMETRIC_REPRESENTATION_CONTEXT() REPRESENTATION_CONTEXT('2D SPACE',''
  ) );
#11138 = PCURVE('',#8375,#11139);
#11139 = DEFINITIONAL_REPRESENTATION('',(#11140),#11143);
#11140 = B_SPLINE_CURVE_WITH_KNOTS('',1,(#11141,#11142),.UNSPECIFIED.,
  .F.,.F.,(2,2),(-2.180897586832,-1.296040926209),
  .PIECEWISE_BEZIER_KNOTS.);
#11141 = CARTESIAN_POINT('',(1.645002880329E-02,-3.868204686021));
#11142 = CARTESIAN_POINT('',(0.400871808494,-3.071215849745));
#11143 = ( GEOMETRIC_REPRESENTATION_CONTEXT(2) 
PARAMETRIC_REPRESENTATION_CONTEXT() REPRESENTATION_CONTEXT('2D SPACE',''
  ) );
#11144 = ORIENTED_EDGE('',*,*,#11145,.F.);
#11145 = EDGE_CURVE('',#2980,#11125,#11146,.T.);
#11146 = SURFACE_CURVE('',#11147,(#11151,#11158),.PCURVE_S1.);
#11147 = LINE('',#11148,#11149);
#11148 = CARTESIAN_POINT('',(30.248781422148,-15.08148608311,66.5));
#11149 = VECTOR('',#11150,1.);
#11150 = DIRECTION('',(0.,0.,1.));
#11151 = PCURVE('',#3020,#11152);
#11152 = DEFINITIONAL_REPRESENTATION('',(#11153),#11157);
#11153 = LINE('',#11154,#11155);
#11154 = CARTESIAN_POINT('',(0.884856660623,0.));
#11155 = VECTOR('',#11156,1.);
#11156 = DIRECTION('',(0.,-1.));
#11157 = ( GEOMETRIC_REPRESENTATION_CONTEXT(2) 
PARAMETRIC_REPRESENTATION_CONTEXT() REPRESENTATION_CONTEXT('2D SPACE',''
  ) );
#11158 = PCURVE('',#2994,#11159);
#11159 = DEFINITIONAL_REPRESENTATION('',(#11160),#11164);
#11160 = LINE('',#11161,#11162);
#11161 = CARTESIAN_POINT('',(0.,0.));
#11162 = VECTOR('',#11163,1.);
#11163 = DIRECTION('',(0.,-1.));
#11164 = ( GEOMETRIC_REPRESENTATION_CONTEXT(2) 
PARAMETRIC_REPRESENTATION_CONTEXT() REPRESENTATION_CONTEXT('2D SPACE',''
  ) );
#11165 = ADVANCED_FACE('',(#11166),#2994,.T.);
#11166 = FACE_BOUND('',#11167,.T.);
#11167 = EDGE_LOOP('',(#11168,#11169,#11170,#11189,#11190,#11211,#11212,
    #11233));
#11168 = ORIENTED_EDGE('',*,*,#2979,.T.);
#11169 = ORIENTED_EDGE('',*,*,#11145,.T.);
#11170 = ORIENTED_EDGE('',*,*,#11171,.F.);
#11171 = EDGE_CURVE('',#8339,#11125,#11172,.T.);
#11172 = SURFACE_CURVE('',#11173,(#11177,#11183),.PCURVE_S1.);
#11173 = LINE('',#11174,#11175);
#11174 = CARTESIAN_POINT('',(31.034348425802,-13.55621349392,68.3));
#11175 = VECTOR('',#11176,1.);
#11176 = DIRECTION('',(0.457873915117,0.889017141486,-0.));
#11177 = PCURVE('',#2994,#11178);
#11178 = DEFINITIONAL_REPRESENTATION('',(#11179),#11182);
#11179 = B_SPLINE_CURVE_WITH_KNOTS('',1,(#11180,#11181),.UNSPECIFIED.,
  .F.,.F.,(2,2),(-2.600540777401,-1.715684116778),
  .PIECEWISE_BEZIER_KNOTS.);
#11180 = CARTESIAN_POINT('',(0.884856660623,-1.8));
#11181 = CARTESIAN_POINT('',(0.,-1.8));
#11182 = ( GEOMETRIC_REPRESENTATION_CONTEXT(2) 
PARAMETRIC_REPRESENTATION_CONTEXT() REPRESENTATION_CONTEXT('2D SPACE',''
  ) );
#11183 = PCURVE('',#8375,#11184);
#11184 = DEFINITIONAL_REPRESENTATION('',(#11185),#11188);
#11185 = B_SPLINE_CURVE_WITH_KNOTS('',1,(#11186,#11187),.UNSPECIFIED.,
  .F.,.F.,(2,2),(-2.600540777401,-1.715684116778),
  .PIECEWISE_BEZIER_KNOTS.);
#11186 = CARTESIAN_POINT('',(-0.388702754713,-4.654857425072));
#11187 = CARTESIAN_POINT('',(1.64500288033E-02,-3.868204686021));
#11188 = ( GEOMETRIC_REPRESENTATION_CONTEXT(2) 
PARAMETRIC_REPRESENTATION_CONTEXT() REPRESENTATION_CONTEXT('2D SPACE',''
  ) );
#11189 = ORIENTED_EDGE('',*,*,#8338,.F.);
#11190 = ORIENTED_EDGE('',*,*,#11191,.T.);
#11191 = EDGE_CURVE('',#8318,#8126,#11192,.T.);
#11192 = SURFACE_CURVE('',#11193,(#11197,#11204),.PCURVE_S1.);
#11193 = LINE('',#11194,#11195);
#11194 = CARTESIAN_POINT('',(30.248781422148,-15.08148608311,68.31));
#11195 = VECTOR('',#11196,1.);
#11196 = DIRECTION('',(-0.457873915117,-0.889017141486,0.));
#11197 = PCURVE('',#2994,#11198);
#11198 = DEFINITIONAL_REPRESENTATION('',(#11199),#11203);
#11199 = LINE('',#11200,#11201);
#11200 = CARTESIAN_POINT('',(0.,-1.81));
#11201 = VECTOR('',#11202,1.);
#11202 = DIRECTION('',(1.,0.));
#11203 = ( GEOMETRIC_REPRESENTATION_CONTEXT(2) 
PARAMETRIC_REPRESENTATION_CONTEXT() REPRESENTATION_CONTEXT('2D SPACE',''
  ) );
#11204 = PCURVE('',#8140,#11205);
#11205 = DEFINITIONAL_REPRESENTATION('',(#11206),#11210);
#11206 = LINE('',#11207,#11208);
#11207 = CARTESIAN_POINT('',(4.008471143216,6.936748593918));
#11208 = VECTOR('',#11209,1.);
#11209 = DIRECTION('',(-0.457873915117,-0.889017141486));
#11210 = ( GEOMETRIC_REPRESENTATION_CONTEXT(2) 
PARAMETRIC_REPRESENTATION_CONTEXT() REPRESENTATION_CONTEXT('2D SPACE',''
  ) );
#11211 = ORIENTED_EDGE('',*,*,#8244,.F.);
#11212 = ORIENTED_EDGE('',*,*,#11213,.F.);
#11213 = EDGE_CURVE('',#11214,#8217,#11216,.T.);
#11214 = VERTEX_POINT('',#11215);
#11215 = CARTESIAN_POINT('',(29.843628638632,-15.86813882216,68.3));
#11216 = SURFACE_CURVE('',#11217,(#11221,#11227),.PCURVE_S1.);
#11217 = LINE('',#11218,#11219);
#11218 = CARTESIAN_POINT('',(31.034348425802,-13.55621349392,68.3));
#11219 = VECTOR('',#11220,1.);
#11220 = DIRECTION('',(0.457873915117,0.889017141486,-0.));
#11221 = PCURVE('',#2994,#11222);
#11222 = DEFINITIONAL_REPRESENTATION('',(#11223),#11226);
#11223 = B_SPLINE_CURVE_WITH_KNOTS('',1,(#11224,#11225),.UNSPECIFIED.,
  .F.,.F.,(2,2),(-2.600540777401,-1.715684116778),
  .PIECEWISE_BEZIER_KNOTS.);
#11224 = CARTESIAN_POINT('',(0.884856660623,-1.8));
#11225 = CARTESIAN_POINT('',(0.,-1.8));
#11226 = ( GEOMETRIC_REPRESENTATION_CONTEXT(2) 
PARAMETRIC_REPRESENTATION_CONTEXT() REPRESENTATION_CONTEXT('2D SPACE',''
  ) );
#11227 = PCURVE('',#8232,#11228);
#11228 = DEFINITIONAL_REPRESENTATION('',(#11229),#11232);
#11229 = B_SPLINE_CURVE_WITH_KNOTS('',1,(#11230,#11231),.UNSPECIFIED.,
  .F.,.F.,(2,2),(-2.600540777401,-1.715684116778),
  .PIECEWISE_BEZIER_KNOTS.);
#11230 = CARTESIAN_POINT('',(-0.388702754713,-4.654857425072));
#11231 = CARTESIAN_POINT('',(1.64500288033E-02,-3.868204686021));
#11232 = ( GEOMETRIC_REPRESENTATION_CONTEXT(2) 
PARAMETRIC_REPRESENTATION_CONTEXT() REPRESENTATION_CONTEXT('2D SPACE',''
  ) );
#11233 = ORIENTED_EDGE('',*,*,#11234,.F.);
#11234 = EDGE_CURVE('',#2954,#11214,#11235,.T.);
#11235 = SURFACE_CURVE('',#11236,(#11240,#11247),.PCURVE_S1.);
#11236 = LINE('',#11237,#11238);
#11237 = CARTESIAN_POINT('',(29.843628638632,-15.86813882216,66.5));
#11238 = VECTOR('',#11239,1.);
#11239 = DIRECTION('',(0.,0.,1.));
#11240 = PCURVE('',#2994,#11241);
#11241 = DEFINITIONAL_REPRESENTATION('',(#11242),#11246);
#11242 = LINE('',#11243,#11244);
#11243 = CARTESIAN_POINT('',(0.884856660623,0.));
#11244 = VECTOR('',#11245,1.);
#11245 = DIRECTION('',(0.,-1.));
#11246 = ( GEOMETRIC_REPRESENTATION_CONTEXT(2) 
PARAMETRIC_REPRESENTATION_CONTEXT() REPRESENTATION_CONTEXT('2D SPACE',''
  ) );
#11247 = PCURVE('',#2968,#11248);
#11248 = DEFINITIONAL_REPRESENTATION('',(#11249),#11253);
#11249 = LINE('',#11250,#11251);
#11250 = CARTESIAN_POINT('',(0.,0.));
#11251 = VECTOR('',#11252,1.);
#11252 = DIRECTION('',(0.,-1.));
#11253 = ( GEOMETRIC_REPRESENTATION_CONTEXT(2) 
PARAMETRIC_REPRESENTATION_CONTEXT() REPRESENTATION_CONTEXT('2D SPACE',''
  ) );
#11254 = ADVANCED_FACE('',(#11255),#2968,.T.);
#11255 = FACE_BOUND('',#11256,.T.);
#11256 = EDGE_LOOP('',(#11257,#11258,#11259,#11280));
#11257 = ORIENTED_EDGE('',*,*,#2953,.T.);
#11258 = ORIENTED_EDGE('',*,*,#11234,.T.);
#11259 = ORIENTED_EDGE('',*,*,#11260,.F.);
#11260 = EDGE_CURVE('',#11261,#11214,#11263,.T.);
#11261 = VERTEX_POINT('',#11262);
#11262 = CARTESIAN_POINT('',(29.418022522769,-16.64391633149,68.3));
#11263 = SURFACE_CURVE('',#11264,(#11268,#11274),.PCURVE_S1.);
#11264 = LINE('',#11265,#11266);
#11265 = CARTESIAN_POINT('',(30.870058601289,-13.99720405347,68.3));
#11266 = VECTOR('',#11267,1.);
#11267 = DIRECTION('',(0.480988768919,0.876726755708,-0.));
#11268 = PCURVE('',#2968,#11269);
#11269 = DEFINITIONAL_REPRESENTATION('',(#11270),#11273);
#11270 = B_SPLINE_CURVE_WITH_KNOTS('',1,(#11271,#11272),.UNSPECIFIED.,
  .F.,.F.,(2,2),(-3.018856514638,-2.133999854015),
  .PIECEWISE_BEZIER_KNOTS.);
#11271 = CARTESIAN_POINT('',(0.884856660623,-1.8));
#11272 = CARTESIAN_POINT('',(0.,-1.8));
#11273 = ( GEOMETRIC_REPRESENTATION_CONTEXT(2) 
PARAMETRIC_REPRESENTATION_CONTEXT() REPRESENTATION_CONTEXT('2D SPACE',''
  ) );
#11274 = PCURVE('',#8232,#11275);
#11275 = DEFINITIONAL_REPRESENTATION('',(#11276),#11279);
#11276 = B_SPLINE_CURVE_WITH_KNOTS('',1,(#11277,#11278),.UNSPECIFIED.,
  .F.,.F.,(2,2),(-3.018856514638,-2.133999854015),
  .PIECEWISE_BEZIER_KNOTS.);
#11277 = CARTESIAN_POINT('',(-0.814308870577,-5.430634934406));
#11278 = CARTESIAN_POINT('',(-0.388702754713,-4.654857425072));
#11279 = ( GEOMETRIC_REPRESENTATION_CONTEXT(2) 
PARAMETRIC_REPRESENTATION_CONTEXT() REPRESENTATION_CONTEXT('2D SPACE',''
  ) );
#11280 = ORIENTED_EDGE('',*,*,#11281,.F.);
#11281 = EDGE_CURVE('',#2928,#11261,#11282,.T.);
#11282 = SURFACE_CURVE('',#11283,(#11287,#11294),.PCURVE_S1.);
#11283 = LINE('',#11284,#11285);
#11284 = CARTESIAN_POINT('',(29.418022522769,-16.64391633149,66.5));
#11285 = VECTOR('',#11286,1.);
#11286 = DIRECTION('',(0.,0.,1.));
#11287 = PCURVE('',#2968,#11288);
#11288 = DEFINITIONAL_REPRESENTATION('',(#11289),#11293);
#11289 = LINE('',#11290,#11291);
#11290 = CARTESIAN_POINT('',(0.884856660623,0.));
#11291 = VECTOR('',#11292,1.);
#11292 = DIRECTION('',(0.,-1.));
#11293 = ( GEOMETRIC_REPRESENTATION_CONTEXT(2) 
PARAMETRIC_REPRESENTATION_CONTEXT() REPRESENTATION_CONTEXT('2D SPACE',''
  ) );
#11294 = PCURVE('',#2942,#11295);
#11295 = DEFINITIONAL_REPRESENTATION('',(#11296),#11300);
#11296 = LINE('',#11297,#11298);
#11297 = CARTESIAN_POINT('',(0.,0.));
#11298 = VECTOR('',#11299,1.);
#11299 = DIRECTION('',(0.,-1.));
#11300 = ( GEOMETRIC_REPRESENTATION_CONTEXT(2) 
PARAMETRIC_REPRESENTATION_CONTEXT() REPRESENTATION_CONTEXT('2D SPACE',''
  ) );
#11301 = ADVANCED_FACE('',(#11302),#2942,.T.);
#11302 = FACE_BOUND('',#11303,.T.);
#11303 = EDGE_LOOP('',(#11304,#11305,#11306,#11325,#11326,#11347,#11348,
    #11369));
#11304 = ORIENTED_EDGE('',*,*,#2927,.T.);
#11305 = ORIENTED_EDGE('',*,*,#11281,.T.);
#11306 = ORIENTED_EDGE('',*,*,#11307,.F.);
#11307 = EDGE_CURVE('',#8196,#11261,#11308,.T.);
#11308 = SURFACE_CURVE('',#11309,(#11313,#11319),.PCURVE_S1.);
#11309 = LINE('',#11310,#11311);
#11310 = CARTESIAN_POINT('',(30.702999534077,-14.44052985995,68.3));
#11311 = VECTOR('',#11312,1.);
#11312 = DIRECTION('',(0.503773977046,0.863835505204,-0.));
#11313 = PCURVE('',#2942,#11314);
#11314 = DEFINITIONAL_REPRESENTATION('',(#11315),#11318);
#11315 = B_SPLINE_CURVE_WITH_KNOTS('',1,(#11316,#11317),.UNSPECIFIED.,
  .F.,.F.,(2,2),(-3.435558105832,-2.550701445209),
  .PIECEWISE_BEZIER_KNOTS.);
#11316 = CARTESIAN_POINT('',(0.884856660623,-1.8));
#11317 = CARTESIAN_POINT('',(0.,-1.8));
#11318 = ( GEOMETRIC_REPRESENTATION_CONTEXT(2) 
PARAMETRIC_REPRESENTATION_CONTEXT() REPRESENTATION_CONTEXT('2D SPACE',''
  ) );
#11319 = PCURVE('',#8232,#11320);
#11320 = DEFINITIONAL_REPRESENTATION('',(#11321),#11324);
#11321 = B_SPLINE_CURVE_WITH_KNOTS('',1,(#11322,#11323),.UNSPECIFIED.,
  .F.,.F.,(2,2),(-3.435558105832,-2.550701445209),
  .PIECEWISE_BEZIER_KNOTS.);
#11322 = CARTESIAN_POINT('',(-1.260076629614,-6.195005534869));
#11323 = CARTESIAN_POINT('',(-0.814308870577,-5.430634934406));
#11324 = ( GEOMETRIC_REPRESENTATION_CONTEXT(2) 
PARAMETRIC_REPRESENTATION_CONTEXT() REPRESENTATION_CONTEXT('2D SPACE',''
  ) );
#11325 = ORIENTED_EDGE('',*,*,#8195,.F.);
#11326 = ORIENTED_EDGE('',*,*,#11327,.T.);
#11327 = EDGE_CURVE('',#8175,#7983,#11328,.T.);
#11328 = SURFACE_CURVE('',#11329,(#11333,#11340),.PCURVE_S1.);
#11329 = LINE('',#11330,#11331);
#11330 = CARTESIAN_POINT('',(29.418022522769,-16.64391633149,68.31));
#11331 = VECTOR('',#11332,1.);
#11332 = DIRECTION('',(-0.503773977046,-0.863835505204,0.));
#11333 = PCURVE('',#2942,#11334);
#11334 = DEFINITIONAL_REPRESENTATION('',(#11335),#11339);
#11335 = LINE('',#11336,#11337);
#11336 = CARTESIAN_POINT('',(0.,-1.81));
#11337 = VECTOR('',#11338,1.);
#11338 = DIRECTION('',(1.,0.));
#11339 = ( GEOMETRIC_REPRESENTATION_CONTEXT(2) 
PARAMETRIC_REPRESENTATION_CONTEXT() REPRESENTATION_CONTEXT('2D SPACE',''
  ) );
#11340 = PCURVE('',#7997,#11341);
#11341 = DEFINITIONAL_REPRESENTATION('',(#11342),#11346);
#11342 = LINE('',#11343,#11344);
#11343 = CARTESIAN_POINT('',(3.177712243836,5.374318345532));
#11344 = VECTOR('',#11345,1.);
#11345 = DIRECTION('',(-0.503773977046,-0.863835505204));
#11346 = ( GEOMETRIC_REPRESENTATION_CONTEXT(2) 
PARAMETRIC_REPRESENTATION_CONTEXT() REPRESENTATION_CONTEXT('2D SPACE',''
  ) );
#11347 = ORIENTED_EDGE('',*,*,#8101,.F.);
#11348 = ORIENTED_EDGE('',*,*,#11349,.F.);
#11349 = EDGE_CURVE('',#11350,#8074,#11352,.T.);
#11350 = VERTEX_POINT('',#11351);
#11351 = CARTESIAN_POINT('',(28.972254763731,-17.40828693196,68.3));
#11352 = SURFACE_CURVE('',#11353,(#11357,#11363),.PCURVE_S1.);
#11353 = LINE('',#11354,#11355);
#11354 = CARTESIAN_POINT('',(30.702999534077,-14.44052985995,68.3));
#11355 = VECTOR('',#11356,1.);
#11356 = DIRECTION('',(0.503773977046,0.863835505204,-0.));
#11357 = PCURVE('',#2942,#11358);
#11358 = DEFINITIONAL_REPRESENTATION('',(#11359),#11362);
#11359 = B_SPLINE_CURVE_WITH_KNOTS('',1,(#11360,#11361),.UNSPECIFIED.,
  .F.,.F.,(2,2),(-3.435558105832,-2.550701445209),
  .PIECEWISE_BEZIER_KNOTS.);
#11360 = CARTESIAN_POINT('',(0.884856660623,-1.8));
#11361 = CARTESIAN_POINT('',(0.,-1.8));
#11362 = ( GEOMETRIC_REPRESENTATION_CONTEXT(2) 
PARAMETRIC_REPRESENTATION_CONTEXT() REPRESENTATION_CONTEXT('2D SPACE',''
  ) );
#11363 = PCURVE('',#8089,#11364);
#11364 = DEFINITIONAL_REPRESENTATION('',(#11365),#11368);
#11365 = B_SPLINE_CURVE_WITH_KNOTS('',1,(#11366,#11367),.UNSPECIFIED.,
  .F.,.F.,(2,2),(-3.435558105832,-2.550701445209),
  .PIECEWISE_BEZIER_KNOTS.);
#11366 = CARTESIAN_POINT('',(-1.260076629614,-6.195005534869));
#11367 = CARTESIAN_POINT('',(-0.814308870577,-5.430634934406));
#11368 = ( GEOMETRIC_REPRESENTATION_CONTEXT(2) 
PARAMETRIC_REPRESENTATION_CONTEXT() REPRESENTATION_CONTEXT('2D SPACE',''
  ) );
#11369 = ORIENTED_EDGE('',*,*,#11370,.F.);
#11370 = EDGE_CURVE('',#2902,#11350,#11371,.T.);
#11371 = SURFACE_CURVE('',#11372,(#11376,#11383),.PCURVE_S1.);
#11372 = LINE('',#11373,#11374);
#11373 = CARTESIAN_POINT('',(28.972254763731,-17.40828693196,66.5));
#11374 = VECTOR('',#11375,1.);
#11375 = DIRECTION('',(0.,0.,1.));
#11376 = PCURVE('',#2942,#11377);
#11377 = DEFINITIONAL_REPRESENTATION('',(#11378),#11382);
#11378 = LINE('',#11379,#11380);
#11379 = CARTESIAN_POINT('',(0.884856660623,0.));
#11380 = VECTOR('',#11381,1.);
#11381 = DIRECTION('',(0.,-1.));
#11382 = ( GEOMETRIC_REPRESENTATION_CONTEXT(2) 
PARAMETRIC_REPRESENTATION_CONTEXT() REPRESENTATION_CONTEXT('2D SPACE',''
  ) );
#11383 = PCURVE('',#2916,#11384);
#11384 = DEFINITIONAL_REPRESENTATION('',(#11385),#11389);
#11385 = LINE('',#11386,#11387);
#11386 = CARTESIAN_POINT('',(0.,0.));
#11387 = VECTOR('',#11388,1.);
#11388 = DIRECTION('',(0.,-1.));
#11389 = ( GEOMETRIC_REPRESENTATION_CONTEXT(2) 
PARAMETRIC_REPRESENTATION_CONTEXT() REPRESENTATION_CONTEXT('2D SPACE',''
  ) );
#11390 = ADVANCED_FACE('',(#11391),#2916,.T.);
#11391 = FACE_BOUND('',#11392,.T.);
#11392 = EDGE_LOOP('',(#11393,#11394,#11395,#11416));
#11393 = ORIENTED_EDGE('',*,*,#2901,.T.);
#11394 = ORIENTED_EDGE('',*,*,#11370,.T.);
#11395 = ORIENTED_EDGE('',*,*,#11396,.F.);
#11396 = EDGE_CURVE('',#11397,#11350,#11399,.T.);
#11397 = VERTEX_POINT('',#11398);
#11398 = CARTESIAN_POINT('',(28.506630868476,-18.16072676212,68.3));
#11399 = SURFACE_CURVE('',#11400,(#11404,#11410),.PCURVE_S1.);
#11400 = LINE('',#11401,#11402);
#11401 = CARTESIAN_POINT('',(30.532743892881,-14.88656459925,68.3));
#11402 = VECTOR('',#11403,1.);
#11403 = DIRECTION('',(0.526213923652,0.850352224996,-0.));
#11404 = PCURVE('',#2916,#11405);
#11405 = DEFINITIONAL_REPRESENTATION('',(#11406),#11409);
#11406 = B_SPLINE_CURVE_WITH_KNOTS('',1,(#11407,#11408),.UNSPECIFIED.,
  .F.,.F.,(2,2),(-3.850359964526,-2.965503303903),
  .PIECEWISE_BEZIER_KNOTS.);
#11407 = CARTESIAN_POINT('',(0.884856660623,-1.8));
#11408 = CARTESIAN_POINT('',(0.,-1.8));
#11409 = ( GEOMETRIC_REPRESENTATION_CONTEXT(2) 
PARAMETRIC_REPRESENTATION_CONTEXT() REPRESENTATION_CONTEXT('2D SPACE',''
  ) );
#11410 = PCURVE('',#8089,#11411);
#11411 = DEFINITIONAL_REPRESENTATION('',(#11412),#11415);
#11412 = B_SPLINE_CURVE_WITH_KNOTS('',1,(#11413,#11414),.UNSPECIFIED.,
  .F.,.F.,(2,2),(-3.850359964526,-2.965503303903),
  .PIECEWISE_BEZIER_KNOTS.);
#11413 = CARTESIAN_POINT('',(-1.72570052487,-6.947445365032));
#11414 = CARTESIAN_POINT('',(-1.260076629614,-6.195005534869));
#11415 = ( GEOMETRIC_REPRESENTATION_CONTEXT(2) 
PARAMETRIC_REPRESENTATION_CONTEXT() REPRESENTATION_CONTEXT('2D SPACE',''
  ) );
#11416 = ORIENTED_EDGE('',*,*,#11417,.F.);
#11417 = EDGE_CURVE('',#2876,#11397,#11418,.T.);
#11418 = SURFACE_CURVE('',#11419,(#11423,#11430),.PCURVE_S1.);
#11419 = LINE('',#11420,#11421);
#11420 = CARTESIAN_POINT('',(28.506630868476,-18.16072676212,66.5));
#11421 = VECTOR('',#11422,1.);
#11422 = DIRECTION('',(0.,0.,1.));
#11423 = PCURVE('',#2916,#11424);
#11424 = DEFINITIONAL_REPRESENTATION('',(#11425),#11429);
#11425 = LINE('',#11426,#11427);
#11426 = CARTESIAN_POINT('',(0.884856660623,0.));
#11427 = VECTOR('',#11428,1.);
#11428 = DIRECTION('',(0.,-1.));
#11429 = ( GEOMETRIC_REPRESENTATION_CONTEXT(2) 
PARAMETRIC_REPRESENTATION_CONTEXT() REPRESENTATION_CONTEXT('2D SPACE',''
  ) );
#11430 = PCURVE('',#2890,#11431);
#11431 = DEFINITIONAL_REPRESENTATION('',(#11432),#11436);
#11432 = LINE('',#11433,#11434);
#11433 = CARTESIAN_POINT('',(0.,0.));
#11434 = VECTOR('',#11435,1.);
#11435 = DIRECTION('',(0.,-1.));
#11436 = ( GEOMETRIC_REPRESENTATION_CONTEXT(2) 
PARAMETRIC_REPRESENTATION_CONTEXT() REPRESENTATION_CONTEXT('2D SPACE',''
  ) );
#11437 = ADVANCED_FACE('',(#11438),#2890,.T.);
#11438 = FACE_BOUND('',#11439,.T.);
#11439 = EDGE_LOOP('',(#11440,#11441,#11442,#11461,#11462,#11483,#11484,
    #11505));
#11440 = ORIENTED_EDGE('',*,*,#2875,.T.);
#11441 = ORIENTED_EDGE('',*,*,#11417,.T.);
#11442 = ORIENTED_EDGE('',*,*,#11443,.F.);
#11443 = EDGE_CURVE('',#8053,#11397,#11444,.T.);
#11444 = SURFACE_CURVE('',#11445,(#11449,#11455),.PCURVE_S1.);
#11445 = LINE('',#11446,#11447);
#11446 = CARTESIAN_POINT('',(30.35883182112,-15.33565081526,68.3));
#11447 = VECTOR('',#11448,1.);
#11448 = DIRECTION('',(0.54829322952,0.836286155848,-0.));
#11449 = PCURVE('',#2890,#11450);
#11450 = DEFINITIONAL_REPRESENTATION('',(#11451),#11454);
#11451 = B_SPLINE_CURVE_WITH_KNOTS('',1,(#11452,#11453),.UNSPECIFIED.,
  .F.,.F.,(2,2),(-4.262977806248,-3.378121145625),
  .PIECEWISE_BEZIER_KNOTS.);
#11452 = CARTESIAN_POINT('',(0.884856660623,-1.8));
#11453 = CARTESIAN_POINT('',(0.,-1.8));
#11454 = ( GEOMETRIC_REPRESENTATION_CONTEXT(2) 
PARAMETRIC_REPRESENTATION_CONTEXT() REPRESENTATION_CONTEXT('2D SPACE',''
  ) );
#11455 = PCURVE('',#8089,#11456);
#11456 = DEFINITIONAL_REPRESENTATION('',(#11457),#11460);
#11457 = B_SPLINE_CURVE_WITH_KNOTS('',1,(#11458,#11459),.UNSPECIFIED.,
  .F.,.F.,(2,2),(-4.262977806248,-3.378121145625),
  .PIECEWISE_BEZIER_KNOTS.);
#11458 = CARTESIAN_POINT('',(-2.210861440985,-7.68743874022));
#11459 = CARTESIAN_POINT('',(-1.72570052487,-6.947445365032));
#11460 = ( GEOMETRIC_REPRESENTATION_CONTEXT(2) 
PARAMETRIC_REPRESENTATION_CONTEXT() REPRESENTATION_CONTEXT('2D SPACE',''
  ) );
#11461 = ORIENTED_EDGE('',*,*,#8052,.F.);
#11462 = ORIENTED_EDGE('',*,*,#11463,.T.);
#11463 = EDGE_CURVE('',#8032,#7840,#11464,.T.);
#11464 = SURFACE_CURVE('',#11465,(#11469,#11476),.PCURVE_S1.);
#11465 = LINE('',#11466,#11467);
#11466 = CARTESIAN_POINT('',(28.506630868476,-18.16072676212,68.31));
#11467 = VECTOR('',#11468,1.);
#11468 = DIRECTION('',(-0.54829322952,-0.836286155848,0.));
#11469 = PCURVE('',#2890,#11470);
#11470 = DEFINITIONAL_REPRESENTATION('',(#11471),#11475);
#11471 = LINE('',#11472,#11473);
#11472 = CARTESIAN_POINT('',(0.,-1.81));
#11473 = VECTOR('',#11474,1.);
#11474 = DIRECTION('',(1.,0.));
#11475 = ( GEOMETRIC_REPRESENTATION_CONTEXT(2) 
PARAMETRIC_REPRESENTATION_CONTEXT() REPRESENTATION_CONTEXT('2D SPACE',''
  ) );
#11476 = PCURVE('',#7854,#11477);
#11477 = DEFINITIONAL_REPRESENTATION('',(#11478),#11482);
#11478 = LINE('',#11479,#11480);
#11479 = CARTESIAN_POINT('',(2.266320589543,3.857507914907));
#11480 = VECTOR('',#11481,1.);
#11481 = DIRECTION('',(-0.54829322952,-0.836286155848));
#11482 = ( GEOMETRIC_REPRESENTATION_CONTEXT(2) 
PARAMETRIC_REPRESENTATION_CONTEXT() REPRESENTATION_CONTEXT('2D SPACE',''
  ) );
#11483 = ORIENTED_EDGE('',*,*,#7958,.F.);
#11484 = ORIENTED_EDGE('',*,*,#11485,.F.);
#11485 = EDGE_CURVE('',#11486,#7931,#11488,.T.);
#11486 = VERTEX_POINT('',#11487);
#11487 = CARTESIAN_POINT('',(28.02146995236,-18.90072013731,68.3));
#11488 = SURFACE_CURVE('',#11489,(#11493,#11499),.PCURVE_S1.);
#11489 = LINE('',#11490,#11491);
#11490 = CARTESIAN_POINT('',(30.35883182112,-15.33565081526,68.3));
#11491 = VECTOR('',#11492,1.);
#11492 = DIRECTION('',(0.54829322952,0.836286155848,-0.));
#11493 = PCURVE('',#2890,#11494);
#11494 = DEFINITIONAL_REPRESENTATION('',(#11495),#11498);
#11495 = B_SPLINE_CURVE_WITH_KNOTS('',1,(#11496,#11497),.UNSPECIFIED.,
  .F.,.F.,(2,2),(-4.262977806248,-3.378121145625),
  .PIECEWISE_BEZIER_KNOTS.);
#11496 = CARTESIAN_POINT('',(0.884856660623,-1.8));
#11497 = CARTESIAN_POINT('',(0.,-1.8));
#11498 = ( GEOMETRIC_REPRESENTATION_CONTEXT(2) 
PARAMETRIC_REPRESENTATION_CONTEXT() REPRESENTATION_CONTEXT('2D SPACE',''
  ) );
#11499 = PCURVE('',#7946,#11500);
#11500 = DEFINITIONAL_REPRESENTATION('',(#11501),#11504);
#11501 = B_SPLINE_CURVE_WITH_KNOTS('',1,(#11502,#11503),.UNSPECIFIED.,
  .F.,.F.,(2,2),(-4.262977806248,-3.378121145625),
  .PIECEWISE_BEZIER_KNOTS.);
#11502 = CARTESIAN_POINT('',(-2.210861440985,-7.68743874022));
#11503 = CARTESIAN_POINT('',(-1.72570052487,-6.947445365032));
#11504 = ( GEOMETRIC_REPRESENTATION_CONTEXT(2) 
PARAMETRIC_REPRESENTATION_CONTEXT() REPRESENTATION_CONTEXT('2D SPACE',''
  ) );
#11505 = ORIENTED_EDGE('',*,*,#11506,.F.);
#11506 = EDGE_CURVE('',#2850,#11486,#11507,.T.);
#11507 = SURFACE_CURVE('',#11508,(#11512,#11519),.PCURVE_S1.);
#11508 = LINE('',#11509,#11510);
#11509 = CARTESIAN_POINT('',(28.02146995236,-18.90072013731,66.5));
#11510 = VECTOR('',#11511,1.);
#11511 = DIRECTION('',(0.,0.,1.));
#11512 = PCURVE('',#2890,#11513);
#11513 = DEFINITIONAL_REPRESENTATION('',(#11514),#11518);
#11514 = LINE('',#11515,#11516);
#11515 = CARTESIAN_POINT('',(0.884856660623,0.));
#11516 = VECTOR('',#11517,1.);
#11517 = DIRECTION('',(0.,-1.));
#11518 = ( GEOMETRIC_REPRESENTATION_CONTEXT(2) 
PARAMETRIC_REPRESENTATION_CONTEXT() REPRESENTATION_CONTEXT('2D SPACE',''
  ) );
#11519 = PCURVE('',#2864,#11520);
#11520 = DEFINITIONAL_REPRESENTATION('',(#11521),#11525);
#11521 = LINE('',#11522,#11523);
#11522 = CARTESIAN_POINT('',(0.,0.));
#11523 = VECTOR('',#11524,1.);
#11524 = DIRECTION('',(0.,-1.));
#11525 = ( GEOMETRIC_REPRESENTATION_CONTEXT(2) 
PARAMETRIC_REPRESENTATION_CONTEXT() REPRESENTATION_CONTEXT('2D SPACE',''
  ) );
#11526 = ADVANCED_FACE('',(#11527),#2864,.T.);
#11527 = FACE_BOUND('',#11528,.T.);
#11528 = EDGE_LOOP('',(#11529,#11530,#11531,#11552));
#11529 = ORIENTED_EDGE('',*,*,#2849,.T.);
#11530 = ORIENTED_EDGE('',*,*,#11506,.T.);
#11531 = ORIENTED_EDGE('',*,*,#11532,.F.);
#11532 = EDGE_CURVE('',#11533,#11486,#11535,.T.);
#11533 = VERTEX_POINT('',#11534);
#11534 = CARTESIAN_POINT('',(27.517104520444,-19.62775990303,68.3));
#11535 = SURFACE_CURVE('',#11536,(#11540,#11546),.PCURVE_S1.);
#11536 = LINE('',#11537,#11538);
#11537 = CARTESIAN_POINT('',(30.180772832342,-15.78809789829,68.3));
#11538 = VECTOR('',#11539,1.);
#11539 = DIRECTION('',(0.569996762596,0.821646937942,-0.));
#11540 = PCURVE('',#2864,#11541);
#11541 = DEFINITIONAL_REPRESENTATION('',(#11542),#11545);
#11542 = B_SPLINE_CURVE_WITH_KNOTS('',1,(#11543,#11544),.UNSPECIFIED.,
  .F.,.F.,(2,2),(-4.673128843338,-3.788272182715),
  .PIECEWISE_BEZIER_KNOTS.);
#11543 = CARTESIAN_POINT('',(0.884856660623,-1.8));
#11544 = CARTESIAN_POINT('',(0.,-1.8));
#11545 = ( GEOMETRIC_REPRESENTATION_CONTEXT(2) 
PARAMETRIC_REPRESENTATION_CONTEXT() REPRESENTATION_CONTEXT('2D SPACE',''
  ) );
#11546 = PCURVE('',#7946,#11547);
#11547 = DEFINITIONAL_REPRESENTATION('',(#11548),#11551);
#11548 = B_SPLINE_CURVE_WITH_KNOTS('',1,(#11549,#11550),.UNSPECIFIED.,
  .F.,.F.,(2,2),(-4.673128843338,-3.788272182715),
  .PIECEWISE_BEZIER_KNOTS.);
#11549 = CARTESIAN_POINT('',(-2.715226872902,-8.414478505939));
#11550 = CARTESIAN_POINT('',(-2.210861440985,-7.68743874022));
#11551 = ( GEOMETRIC_REPRESENTATION_CONTEXT(2) 
PARAMETRIC_REPRESENTATION_CONTEXT() REPRESENTATION_CONTEXT('2D SPACE',''
  ) );
#11552 = ORIENTED_EDGE('',*,*,#11553,.F.);
#11553 = EDGE_CURVE('',#2824,#11533,#11554,.T.);
#11554 = SURFACE_CURVE('',#11555,(#11559,#11566),.PCURVE_S1.);
#11555 = LINE('',#11556,#11557);
#11556 = CARTESIAN_POINT('',(27.517104520444,-19.62775990303,66.5));
#11557 = VECTOR('',#11558,1.);
#11558 = DIRECTION('',(0.,0.,1.));
#11559 = PCURVE('',#2864,#11560);
#11560 = DEFINITIONAL_REPRESENTATION('',(#11561),#11565);
#11561 = LINE('',#11562,#11563);
#11562 = CARTESIAN_POINT('',(0.884856660623,0.));
#11563 = VECTOR('',#11564,1.);
#11564 = DIRECTION('',(0.,-1.));
#11565 = ( GEOMETRIC_REPRESENTATION_CONTEXT(2) 
PARAMETRIC_REPRESENTATION_CONTEXT() REPRESENTATION_CONTEXT('2D SPACE',''
  ) );
#11566 = PCURVE('',#2838,#11567);
#11567 = DEFINITIONAL_REPRESENTATION('',(#11568),#11572);
#11568 = LINE('',#11569,#11570);
#11569 = CARTESIAN_POINT('',(0.,0.));
#11570 = VECTOR('',#11571,1.);
#11571 = DIRECTION('',(0.,-1.));
#11572 = ( GEOMETRIC_REPRESENTATION_CONTEXT(2) 
PARAMETRIC_REPRESENTATION_CONTEXT() REPRESENTATION_CONTEXT('2D SPACE',''
  ) );
#11573 = ADVANCED_FACE('',(#11574),#2838,.T.);
#11574 = FACE_BOUND('',#11575,.T.);
#11575 = EDGE_LOOP('',(#11576,#11577,#11578,#11597,#11598,#11619,#11620,
    #11641));
#11576 = ORIENTED_EDGE('',*,*,#2823,.T.);
#11577 = ORIENTED_EDGE('',*,*,#11553,.T.);
#11578 = ORIENTED_EDGE('',*,*,#11579,.F.);
#11579 = EDGE_CURVE('',#7910,#11533,#11580,.T.);
#11580 = SURFACE_CURVE('',#11581,(#11585,#11591),.PCURVE_S1.);
#11581 = LINE('',#11582,#11583);
#11582 = CARTESIAN_POINT('',(29.998047817461,-16.24418018145,68.3));
#11583 = VECTOR('',#11584,1.);
#11584 = DIRECTION('',(0.591309648364,0.806444604267,-0.));
#11585 = PCURVE('',#2838,#11586);
#11586 = DEFINITIONAL_REPRESENTATION('',(#11587),#11590);
#11587 = B_SPLINE_CURVE_WITH_KNOTS('',1,(#11588,#11589),.UNSPECIFIED.,
  .F.,.F.,(2,2),(-5.080531978764,-4.195675318141),
  .PIECEWISE_BEZIER_KNOTS.);
#11588 = CARTESIAN_POINT('',(0.884856660623,-1.8));
#11589 = CARTESIAN_POINT('',(0.,-1.8));
#11590 = ( GEOMETRIC_REPRESENTATION_CONTEXT(2) 
PARAMETRIC_REPRESENTATION_CONTEXT() REPRESENTATION_CONTEXT('2D SPACE',''
  ) );
#11591 = PCURVE('',#7946,#11592);
#11592 = DEFINITIONAL_REPRESENTATION('',(#11593),#11596);
#11593 = B_SPLINE_CURVE_WITH_KNOTS('',1,(#11594,#11595),.UNSPECIFIED.,
  .F.,.F.,(2,2),(-5.080531978764,-4.195675318141),
  .PIECEWISE_BEZIER_KNOTS.);
#11594 = CARTESIAN_POINT('',(-3.238451153747,-9.128066385448));
#11595 = CARTESIAN_POINT('',(-2.715226872902,-8.414478505939));
#11596 = ( GEOMETRIC_REPRESENTATION_CONTEXT(2) 
PARAMETRIC_REPRESENTATION_CONTEXT() REPRESENTATION_CONTEXT('2D SPACE',''
  ) );
#11597 = ORIENTED_EDGE('',*,*,#7909,.F.);
#11598 = ORIENTED_EDGE('',*,*,#11599,.T.);
#11599 = EDGE_CURVE('',#7889,#7697,#11600,.T.);
#11600 = SURFACE_CURVE('',#11601,(#11605,#11612),.PCURVE_S1.);
#11601 = LINE('',#11602,#11603);
#11602 = CARTESIAN_POINT('',(27.517104520444,-19.62775990303,68.31));
#11603 = VECTOR('',#11604,1.);
#11604 = DIRECTION('',(-0.591309648364,-0.806444604267,0.));
#11605 = PCURVE('',#2838,#11606);
#11606 = DEFINITIONAL_REPRESENTATION('',(#11607),#11611);
#11607 = LINE('',#11608,#11609);
#11608 = CARTESIAN_POINT('',(0.,-1.81));
#11609 = VECTOR('',#11610,1.);
#11610 = DIRECTION('',(1.,0.));
#11611 = ( GEOMETRIC_REPRESENTATION_CONTEXT(2) 
PARAMETRIC_REPRESENTATION_CONTEXT() REPRESENTATION_CONTEXT('2D SPACE',''
  ) );
#11612 = PCURVE('',#7711,#11613);
#11613 = DEFINITIONAL_REPRESENTATION('',(#11614),#11618);
#11614 = LINE('',#11615,#11616);
#11615 = CARTESIAN_POINT('',(1.276794241511,2.390474774));
#11616 = VECTOR('',#11617,1.);
#11617 = DIRECTION('',(-0.591309648364,-0.806444604267));
#11618 = ( GEOMETRIC_REPRESENTATION_CONTEXT(2) 
PARAMETRIC_REPRESENTATION_CONTEXT() REPRESENTATION_CONTEXT('2D SPACE',''
  ) );
#11619 = ORIENTED_EDGE('',*,*,#7815,.F.);
#11620 = ORIENTED_EDGE('',*,*,#11621,.F.);
#11621 = EDGE_CURVE('',#11622,#7788,#11624,.T.);
#11622 = VERTEX_POINT('',#11623);
#11623 = CARTESIAN_POINT('',(26.993880239598,-20.34134778253,68.3));
#11624 = SURFACE_CURVE('',#11625,(#11629,#11635),.PCURVE_S1.);
#11625 = LINE('',#11626,#11627);
#11626 = CARTESIAN_POINT('',(29.998047817461,-16.24418018145,68.3));
#11627 = VECTOR('',#11628,1.);
#11628 = DIRECTION('',(0.591309648364,0.806444604267,-0.));
#11629 = PCURVE('',#2838,#11630);
#11630 = DEFINITIONAL_REPRESENTATION('',(#11631),#11634);
#11631 = B_SPLINE_CURVE_WITH_KNOTS('',1,(#11632,#11633),.UNSPECIFIED.,
  .F.,.F.,(2,2),(-5.080531978764,-4.195675318141),
  .PIECEWISE_BEZIER_KNOTS.);
#11632 = CARTESIAN_POINT('',(0.884856660623,-1.8));
#11633 = CARTESIAN_POINT('',(0.,-1.8));
#11634 = ( GEOMETRIC_REPRESENTATION_CONTEXT(2) 
PARAMETRIC_REPRESENTATION_CONTEXT() REPRESENTATION_CONTEXT('2D SPACE',''
  ) );
#11635 = PCURVE('',#7803,#11636);
#11636 = DEFINITIONAL_REPRESENTATION('',(#11637),#11640);
#11637 = B_SPLINE_CURVE_WITH_KNOTS('',1,(#11638,#11639),.UNSPECIFIED.,
  .F.,.F.,(2,2),(-5.080531978764,-4.195675318141),
  .PIECEWISE_BEZIER_KNOTS.);
#11638 = CARTESIAN_POINT('',(-3.238451153747,-9.128066385448));
#11639 = CARTESIAN_POINT('',(-2.715226872902,-8.414478505939));
#11640 = ( GEOMETRIC_REPRESENTATION_CONTEXT(2) 
PARAMETRIC_REPRESENTATION_CONTEXT() REPRESENTATION_CONTEXT('2D SPACE',''
  ) );
#11641 = ORIENTED_EDGE('',*,*,#11642,.F.);
#11642 = EDGE_CURVE('',#2798,#11622,#11643,.T.);
#11643 = SURFACE_CURVE('',#11644,(#11648,#11655),.PCURVE_S1.);
#11644 = LINE('',#11645,#11646);
#11645 = CARTESIAN_POINT('',(26.993880239598,-20.34134778253,66.5));
#11646 = VECTOR('',#11647,1.);
#11647 = DIRECTION('',(0.,0.,1.));
#11648 = PCURVE('',#2838,#11649);
#11649 = DEFINITIONAL_REPRESENTATION('',(#11650),#11654);
#11650 = LINE('',#11651,#11652);
#11651 = CARTESIAN_POINT('',(0.884856660623,0.));
#11652 = VECTOR('',#11653,1.);
#11653 = DIRECTION('',(0.,-1.));
#11654 = ( GEOMETRIC_REPRESENTATION_CONTEXT(2) 
PARAMETRIC_REPRESENTATION_CONTEXT() REPRESENTATION_CONTEXT('2D SPACE',''
  ) );
#11655 = PCURVE('',#2812,#11656);
#11656 = DEFINITIONAL_REPRESENTATION('',(#11657),#11661);
#11657 = LINE('',#11658,#11659);
#11658 = CARTESIAN_POINT('',(0.,0.));
#11659 = VECTOR('',#11660,1.);
#11660 = DIRECTION('',(0.,-1.));
#11661 = ( GEOMETRIC_REPRESENTATION_CONTEXT(2) 
PARAMETRIC_REPRESENTATION_CONTEXT() REPRESENTATION_CONTEXT('2D SPACE',''
  ) );
#11662 = ADVANCED_FACE('',(#11663),#2812,.T.);
#11663 = FACE_BOUND('',#11664,.T.);
#11664 = EDGE_LOOP('',(#11665,#11666,#11667,#11688));
#11665 = ORIENTED_EDGE('',*,*,#2797,.T.);
#11666 = ORIENTED_EDGE('',*,*,#11642,.T.);
#11667 = ORIENTED_EDGE('',*,*,#11668,.F.);
#11668 = EDGE_CURVE('',#11669,#11622,#11671,.T.);
#11669 = VERTEX_POINT('',#11670);
#11670 = CARTESIAN_POINT('',(26.452155701612,-21.04099471835,68.3));
#11671 = SURFACE_CURVE('',#11672,(#11676,#11682),.PCURVE_S1.);
#11672 = LINE('',#11673,#11674);
#11673 = CARTESIAN_POINT('',(29.810111157856,-16.70413515078,68.3));
#11674 = VECTOR('',#11675,1.);
#11675 = DIRECTION('',(0.612217280034,0.790689573744,-0.));
#11676 = PCURVE('',#2812,#11677);
#11677 = DEFINITIONAL_REPRESENTATION('',(#11678),#11681);
#11678 = B_SPLINE_CURVE_WITH_KNOTS('',1,(#11679,#11680),.UNSPECIFIED.,
  .F.,.F.,(2,2),(-5.484907998766,-4.600051338143),
  .PIECEWISE_BEZIER_KNOTS.);
#11679 = CARTESIAN_POINT('',(0.884856660623,-1.8));
#11680 = CARTESIAN_POINT('',(0.,-1.8));
#11681 = ( GEOMETRIC_REPRESENTATION_CONTEXT(2) 
PARAMETRIC_REPRESENTATION_CONTEXT() REPRESENTATION_CONTEXT('2D SPACE',''
  ) );
#11682 = PCURVE('',#7803,#11683);
#11683 = DEFINITIONAL_REPRESENTATION('',(#11684),#11687);
#11684 = B_SPLINE_CURVE_WITH_KNOTS('',1,(#11685,#11686),.UNSPECIFIED.,
  .F.,.F.,(2,2),(-5.484907998766,-4.600051338143),
  .PIECEWISE_BEZIER_KNOTS.);
#11685 = CARTESIAN_POINT('',(-3.780175691734,-9.827713321261));
#11686 = CARTESIAN_POINT('',(-3.238451153747,-9.128066385448));
#11687 = ( GEOMETRIC_REPRESENTATION_CONTEXT(2) 
PARAMETRIC_REPRESENTATION_CONTEXT() REPRESENTATION_CONTEXT('2D SPACE',''
  ) );
#11688 = ORIENTED_EDGE('',*,*,#11689,.F.);
#11689 = EDGE_CURVE('',#2772,#11669,#11690,.T.);
#11690 = SURFACE_CURVE('',#11691,(#11695,#11702),.PCURVE_S1.);
#11691 = LINE('',#11692,#11693);
#11692 = CARTESIAN_POINT('',(26.452155701612,-21.04099471835,66.5));
#11693 = VECTOR('',#11694,1.);
#11694 = DIRECTION('',(0.,0.,1.));
#11695 = PCURVE('',#2812,#11696);
#11696 = DEFINITIONAL_REPRESENTATION('',(#11697),#11701);
#11697 = LINE('',#11698,#11699);
#11698 = CARTESIAN_POINT('',(0.884856660623,0.));
#11699 = VECTOR('',#11700,1.);
#11700 = DIRECTION('',(0.,-1.));
#11701 = ( GEOMETRIC_REPRESENTATION_CONTEXT(2) 
PARAMETRIC_REPRESENTATION_CONTEXT() REPRESENTATION_CONTEXT('2D SPACE',''
  ) );
#11702 = PCURVE('',#2786,#11703);
#11703 = DEFINITIONAL_REPRESENTATION('',(#11704),#11708);
#11704 = LINE('',#11705,#11706);
#11705 = CARTESIAN_POINT('',(0.,0.));
#11706 = VECTOR('',#11707,1.);
#11707 = DIRECTION('',(0.,-1.));
#11708 = ( GEOMETRIC_REPRESENTATION_CONTEXT(2) 
PARAMETRIC_REPRESENTATION_CONTEXT() REPRESENTATION_CONTEXT('2D SPACE',''
  ) );
#11709 = ADVANCED_FACE('',(#11710),#2786,.T.);
#11710 = FACE_BOUND('',#11711,.T.);
#11711 = EDGE_LOOP('',(#11712,#11713,#11714,#11733,#11734,#11755,#11756,
    #11777));
#11712 = ORIENTED_EDGE('',*,*,#2771,.T.);
#11713 = ORIENTED_EDGE('',*,*,#11689,.T.);
#11714 = ORIENTED_EDGE('',*,*,#11715,.F.);
#11715 = EDGE_CURVE('',#7767,#11669,#11716,.T.);
#11716 = SURFACE_CURVE('',#11717,(#11721,#11727),.PCURVE_S1.);
#11717 = LINE('',#11718,#11719);
#11718 = CARTESIAN_POINT('',(29.616392938055,-17.16816177477,68.3));
#11719 = VECTOR('',#11720,1.);
#11720 = DIRECTION('',(0.632705328563,0.774392644082,-0.));
#11721 = PCURVE('',#2786,#11722);
#11722 = DEFINITIONAL_REPRESENTATION('',(#11723),#11726);
#11723 = B_SPLINE_CURVE_WITH_KNOTS('',1,(#11724,#11725),.UNSPECIFIED.,
  .F.,.F.,(2,2),(-5.88597976422,-5.001123103598),
  .PIECEWISE_BEZIER_KNOTS.);
#11724 = CARTESIAN_POINT('',(0.884856660623,-1.8));
#11725 = CARTESIAN_POINT('',(0.,-1.8));
#11726 = ( GEOMETRIC_REPRESENTATION_CONTEXT(2) 
PARAMETRIC_REPRESENTATION_CONTEXT() REPRESENTATION_CONTEXT('2D SPACE',''
  ) );
#11727 = PCURVE('',#7803,#11728);
#11728 = DEFINITIONAL_REPRESENTATION('',(#11729),#11732);
#11729 = B_SPLINE_CURVE_WITH_KNOTS('',1,(#11730,#11731),.UNSPECIFIED.,
  .F.,.F.,(2,2),(-5.88597976422,-5.001123103598),
  .PIECEWISE_BEZIER_KNOTS.);
#11730 = CARTESIAN_POINT('',(-4.340029215924,-10.51293981031));
#11731 = CARTESIAN_POINT('',(-3.780175691734,-9.827713321261));
#11732 = ( GEOMETRIC_REPRESENTATION_CONTEXT(2) 
PARAMETRIC_REPRESENTATION_CONTEXT() REPRESENTATION_CONTEXT('2D SPACE',''
  ) );
#11733 = ORIENTED_EDGE('',*,*,#7766,.F.);
#11734 = ORIENTED_EDGE('',*,*,#11735,.T.);
#11735 = EDGE_CURVE('',#7746,#7554,#11736,.T.);
#11736 = SURFACE_CURVE('',#11737,(#11741,#11748),.PCURVE_S1.);
#11737 = LINE('',#11738,#11739);
#11738 = CARTESIAN_POINT('',(26.452155701612,-21.04099471835,68.31));
#11739 = VECTOR('',#11740,1.);
#11740 = DIRECTION('',(-0.632705328563,-0.774392644082,0.));
#11741 = PCURVE('',#2786,#11742);
#11742 = DEFINITIONAL_REPRESENTATION('',(#11743),#11747);
#11743 = LINE('',#11744,#11745);
#11744 = CARTESIAN_POINT('',(0.,-1.81));
#11745 = VECTOR('',#11746,1.);
#11746 = DIRECTION('',(1.,0.));
#11747 = ( GEOMETRIC_REPRESENTATION_CONTEXT(2) 
PARAMETRIC_REPRESENTATION_CONTEXT() REPRESENTATION_CONTEXT('2D SPACE',''
  ) );
#11748 = PCURVE('',#7568,#11749);
#11749 = DEFINITIONAL_REPRESENTATION('',(#11750),#11754);
#11750 = LINE('',#11751,#11752);
#11751 = CARTESIAN_POINT('',(0.211845422679,0.977239958678));
#11752 = VECTOR('',#11753,1.);
#11753 = DIRECTION('',(-0.632705328563,-0.774392644082));
#11754 = ( GEOMETRIC_REPRESENTATION_CONTEXT(2) 
PARAMETRIC_REPRESENTATION_CONTEXT() REPRESENTATION_CONTEXT('2D SPACE',''
  ) );
#11755 = ORIENTED_EDGE('',*,*,#7672,.F.);
#11756 = ORIENTED_EDGE('',*,*,#11757,.F.);
#11757 = EDGE_CURVE('',#11758,#7645,#11760,.T.);
#11758 = VERTEX_POINT('',#11759);
#11759 = CARTESIAN_POINT('',(25.892302177421,-21.7262212074,68.3));
#11760 = SURFACE_CURVE('',#11761,(#11765,#11771),.PCURVE_S1.);
#11761 = LINE('',#11762,#11763);
#11762 = CARTESIAN_POINT('',(29.616392938055,-17.16816177477,68.3));
#11763 = VECTOR('',#11764,1.);
#11764 = DIRECTION('',(0.632705328563,0.774392644082,-0.));
#11765 = PCURVE('',#2786,#11766);
#11766 = DEFINITIONAL_REPRESENTATION('',(#11767),#11770);
#11767 = B_SPLINE_CURVE_WITH_KNOTS('',1,(#11768,#11769),.UNSPECIFIED.,
  .F.,.F.,(2,2),(-5.88597976422,-5.001123103598),
  .PIECEWISE_BEZIER_KNOTS.);
#11768 = CARTESIAN_POINT('',(0.884856660623,-1.8));
#11769 = CARTESIAN_POINT('',(0.,-1.8));
#11770 = ( GEOMETRIC_REPRESENTATION_CONTEXT(2) 
PARAMETRIC_REPRESENTATION_CONTEXT() REPRESENTATION_CONTEXT('2D SPACE',''
  ) );
#11771 = PCURVE('',#7660,#11772);
#11772 = DEFINITIONAL_REPRESENTATION('',(#11773),#11776);
#11773 = B_SPLINE_CURVE_WITH_KNOTS('',1,(#11774,#11775),.UNSPECIFIED.,
  .F.,.F.,(2,2),(-5.88597976422,-5.001123103598),
  .PIECEWISE_BEZIER_KNOTS.);
#11774 = CARTESIAN_POINT('',(-4.340029215924,-10.51293981031));
#11775 = CARTESIAN_POINT('',(-3.780175691734,-9.827713321261));
#11776 = ( GEOMETRIC_REPRESENTATION_CONTEXT(2) 
PARAMETRIC_REPRESENTATION_CONTEXT() REPRESENTATION_CONTEXT('2D SPACE',''
  ) );
#11777 = ORIENTED_EDGE('',*,*,#11778,.F.);
#11778 = EDGE_CURVE('',#2746,#11758,#11779,.T.);
#11779 = SURFACE_CURVE('',#11780,(#11784,#11791),.PCURVE_S1.);
#11780 = LINE('',#11781,#11782);
#11781 = CARTESIAN_POINT('',(25.892302177421,-21.7262212074,66.5));
#11782 = VECTOR('',#11783,1.);
#11783 = DIRECTION('',(0.,0.,1.));
#11784 = PCURVE('',#2786,#11785);
#11785 = DEFINITIONAL_REPRESENTATION('',(#11786),#11790);
#11786 = LINE('',#11787,#11788);
#11787 = CARTESIAN_POINT('',(0.884856660623,0.));
#11788 = VECTOR('',#11789,1.);
#11789 = DIRECTION('',(0.,-1.));
#11790 = ( GEOMETRIC_REPRESENTATION_CONTEXT(2) 
PARAMETRIC_REPRESENTATION_CONTEXT() REPRESENTATION_CONTEXT('2D SPACE',''
  ) );
#11791 = PCURVE('',#2760,#11792);
#11792 = DEFINITIONAL_REPRESENTATION('',(#11793),#11797);
#11793 = LINE('',#11794,#11795);
#11794 = CARTESIAN_POINT('',(0.,0.));
#11795 = VECTOR('',#11796,1.);
#11796 = DIRECTION('',(0.,-1.));
#11797 = ( GEOMETRIC_REPRESENTATION_CONTEXT(2) 
PARAMETRIC_REPRESENTATION_CONTEXT() REPRESENTATION_CONTEXT('2D SPACE',''
  ) );
#11798 = ADVANCED_FACE('',(#11799),#2760,.T.);
#11799 = FACE_BOUND('',#11800,.T.);
#11800 = EDGE_LOOP('',(#11801,#11802,#11803,#11824));
#11801 = ORIENTED_EDGE('',*,*,#2745,.T.);
#11802 = ORIENTED_EDGE('',*,*,#11778,.T.);
#11803 = ORIENTED_EDGE('',*,*,#11804,.F.);
#11804 = EDGE_CURVE('',#11805,#11758,#11807,.T.);
#11805 = VERTEX_POINT('',#11806);
#11806 = CARTESIAN_POINT('',(25.314703362668,-22.39655762969,68.3));
#11807 = SURFACE_CURVE('',#11808,(#11812,#11818),.PCURVE_S1.);
#11808 = LINE('',#11809,#11810);
#11809 = CARTESIAN_POINT('',(29.416301251472,-17.63641895867,68.3));
#11810 = VECTOR('',#11811,1.);
#11811 = DIRECTION('',(0.652759752463,0.757564984384,-0.));
#11812 = PCURVE('',#2760,#11813);
#11813 = DEFINITIONAL_REPRESENTATION('',(#11814),#11817);
#11814 = B_SPLINE_CURVE_WITH_KNOTS('',1,(#11815,#11816),.UNSPECIFIED.,
  .F.,.F.,(2,2),(-6.283472400572,-5.398615739949),
  .PIECEWISE_BEZIER_KNOTS.);
#11815 = CARTESIAN_POINT('',(0.884856660623,-1.8));
#11816 = CARTESIAN_POINT('',(0.,-1.8));
#11817 = ( GEOMETRIC_REPRESENTATION_CONTEXT(2) 
PARAMETRIC_REPRESENTATION_CONTEXT() REPRESENTATION_CONTEXT('2D SPACE',''
  ) );
#11818 = PCURVE('',#7660,#11819);
#11819 = DEFINITIONAL_REPRESENTATION('',(#11820),#11823);
#11820 = B_SPLINE_CURVE_WITH_KNOTS('',1,(#11821,#11822),.UNSPECIFIED.,
  .F.,.F.,(2,2),(-6.283472400572,-5.398615739949),
  .PIECEWISE_BEZIER_KNOTS.);
#11821 = CARTESIAN_POINT('',(-4.917628030677,-11.1832762326));
#11822 = CARTESIAN_POINT('',(-4.340029215924,-10.51293981031));
#11823 = ( GEOMETRIC_REPRESENTATION_CONTEXT(2) 
PARAMETRIC_REPRESENTATION_CONTEXT() REPRESENTATION_CONTEXT('2D SPACE',''
  ) );
#11824 = ORIENTED_EDGE('',*,*,#11825,.F.);
#11825 = EDGE_CURVE('',#2720,#11805,#11826,.T.);
#11826 = SURFACE_CURVE('',#11827,(#11831,#11838),.PCURVE_S1.);
#11827 = LINE('',#11828,#11829);
#11828 = CARTESIAN_POINT('',(25.314703362668,-22.39655762969,66.5));
#11829 = VECTOR('',#11830,1.);
#11830 = DIRECTION('',(0.,0.,1.));
#11831 = PCURVE('',#2760,#11832);
#11832 = DEFINITIONAL_REPRESENTATION('',(#11833),#11837);
#11833 = LINE('',#11834,#11835);
#11834 = CARTESIAN_POINT('',(0.884856660623,0.));
#11835 = VECTOR('',#11836,1.);
#11836 = DIRECTION('',(0.,-1.));
#11837 = ( GEOMETRIC_REPRESENTATION_CONTEXT(2) 
PARAMETRIC_REPRESENTATION_CONTEXT() REPRESENTATION_CONTEXT('2D SPACE',''
  ) );
#11838 = PCURVE('',#2734,#11839);
#11839 = DEFINITIONAL_REPRESENTATION('',(#11840),#11844);
#11840 = LINE('',#11841,#11842);
#11841 = CARTESIAN_POINT('',(0.,0.));
#11842 = VECTOR('',#11843,1.);
#11843 = DIRECTION('',(0.,-1.));
#11844 = ( GEOMETRIC_REPRESENTATION_CONTEXT(2) 
PARAMETRIC_REPRESENTATION_CONTEXT() REPRESENTATION_CONTEXT('2D SPACE',''
  ) );
#11845 = ADVANCED_FACE('',(#11846),#2734,.T.);
#11846 = FACE_BOUND('',#11847,.T.);
#11847 = EDGE_LOOP('',(#11848,#11849,#11850,#11869,#11870,#11891,#11892,
    #11913));
#11848 = ORIENTED_EDGE('',*,*,#2719,.T.);
#11849 = ORIENTED_EDGE('',*,*,#11825,.T.);
#11850 = ORIENTED_EDGE('',*,*,#11851,.F.);
#11851 = EDGE_CURVE('',#7624,#11805,#11852,.T.);
#11852 = SURFACE_CURVE('',#11853,(#11857,#11863),.PCURVE_S1.);
#11853 = LINE('',#11854,#11855);
#11854 = CARTESIAN_POINT('',(29.209224592339,-18.10902412832,68.3));
#11855 = VECTOR('',#11856,1.);
#11856 = DIRECTION('',(0.672366807435,0.740218127487,-0.));
#11857 = PCURVE('',#2734,#11858);
#11858 = DEFINITIONAL_REPRESENTATION('',(#11859),#11862);
#11859 = B_SPLINE_CURVE_WITH_KNOTS('',1,(#11860,#11861),.UNSPECIFIED.,
  .F.,.F.,(2,2),(-6.677113486224,-5.792256825601),
  .PIECEWISE_BEZIER_KNOTS.);
#11860 = CARTESIAN_POINT('',(0.884856660623,-1.8));
#11861 = CARTESIAN_POINT('',(0.,-1.8));
#11862 = ( GEOMETRIC_REPRESENTATION_CONTEXT(2) 
PARAMETRIC_REPRESENTATION_CONTEXT() REPRESENTATION_CONTEXT('2D SPACE',''
  ) );
#11863 = PCURVE('',#7660,#11864);
#11864 = DEFINITIONAL_REPRESENTATION('',(#11865),#11868);
#11865 = B_SPLINE_CURVE_WITH_KNOTS('',1,(#11866,#11867),.UNSPECIFIED.,
  .F.,.F.,(2,2),(-6.677113486224,-5.792256825601),
  .PIECEWISE_BEZIER_KNOTS.);
#11866 = CARTESIAN_POINT('',(-5.512576278617,-11.83826317302));
#11867 = CARTESIAN_POINT('',(-4.917628030677,-11.1832762326));
#11868 = ( GEOMETRIC_REPRESENTATION_CONTEXT(2) 
PARAMETRIC_REPRESENTATION_CONTEXT() REPRESENTATION_CONTEXT('2D SPACE',''
  ) );
#11869 = ORIENTED_EDGE('',*,*,#7623,.F.);
#11870 = ORIENTED_EDGE('',*,*,#11871,.T.);
#11871 = EDGE_CURVE('',#7603,#7411,#11872,.T.);
#11872 = SURFACE_CURVE('',#11873,(#11877,#11884),.PCURVE_S1.);
#11873 = LINE('',#11874,#11875);
#11874 = CARTESIAN_POINT('',(25.314703362668,-22.39655762969,68.31));
#11875 = VECTOR('',#11876,1.);
#11876 = DIRECTION('',(-0.672366807435,-0.740218127487,0.));
#11877 = PCURVE('',#2734,#11878);
#11878 = DEFINITIONAL_REPRESENTATION('',(#11879),#11883);
#11879 = LINE('',#11880,#11881);
#11880 = CARTESIAN_POINT('',(0.,-1.81));
#11881 = VECTOR('',#11882,1.);
#11882 = DIRECTION('',(1.,0.));
#11883 = ( GEOMETRIC_REPRESENTATION_CONTEXT(2) 
PARAMETRIC_REPRESENTATION_CONTEXT() REPRESENTATION_CONTEXT('2D SPACE',''
  ) );
#11884 = PCURVE('',#7425,#11885);
#11885 = DEFINITIONAL_REPRESENTATION('',(#11886),#11890);
#11886 = LINE('',#11887,#11888);
#11887 = CARTESIAN_POINT('',(-0.925606916264,-0.378322952662));
#11888 = VECTOR('',#11889,1.);
#11889 = DIRECTION('',(-0.672366807435,-0.740218127487));
#11890 = ( GEOMETRIC_REPRESENTATION_CONTEXT(2) 
PARAMETRIC_REPRESENTATION_CONTEXT() REPRESENTATION_CONTEXT('2D SPACE',''
  ) );
#11891 = ORIENTED_EDGE('',*,*,#7529,.F.);
#11892 = ORIENTED_EDGE('',*,*,#11893,.F.);
#11893 = EDGE_CURVE('',#11894,#7502,#11896,.T.);
#11894 = VERTEX_POINT('',#11895);
#11895 = CARTESIAN_POINT('',(24.719755114728,-23.05154457011,68.3));
#11896 = SURFACE_CURVE('',#11897,(#11901,#11907),.PCURVE_S1.);
#11897 = LINE('',#11898,#11899);
#11898 = CARTESIAN_POINT('',(29.209224592339,-18.10902412832,68.3));
#11899 = VECTOR('',#11900,1.);
#11900 = DIRECTION('',(0.672366807435,0.740218127487,-0.));
#11901 = PCURVE('',#2734,#11902);
#11902 = DEFINITIONAL_REPRESENTATION('',(#11903),#11906);
#11903 = B_SPLINE_CURVE_WITH_KNOTS('',1,(#11904,#11905),.UNSPECIFIED.,
  .F.,.F.,(2,2),(-6.677113486224,-5.792256825601),
  .PIECEWISE_BEZIER_KNOTS.);
#11904 = CARTESIAN_POINT('',(0.884856660623,-1.8));
#11905 = CARTESIAN_POINT('',(0.,-1.8));
#11906 = ( GEOMETRIC_REPRESENTATION_CONTEXT(2) 
PARAMETRIC_REPRESENTATION_CONTEXT() REPRESENTATION_CONTEXT('2D SPACE',''
  ) );
#11907 = PCURVE('',#7517,#11908);
#11908 = DEFINITIONAL_REPRESENTATION('',(#11909),#11912);
#11909 = B_SPLINE_CURVE_WITH_KNOTS('',1,(#11910,#11911),.UNSPECIFIED.,
  .F.,.F.,(2,2),(-6.677113486224,-5.792256825601),
  .PIECEWISE_BEZIER_KNOTS.);
#11910 = CARTESIAN_POINT('',(-5.512576278617,-11.83826317302));
#11911 = CARTESIAN_POINT('',(-4.917628030677,-11.1832762326));
#11912 = ( GEOMETRIC_REPRESENTATION_CONTEXT(2) 
PARAMETRIC_REPRESENTATION_CONTEXT() REPRESENTATION_CONTEXT('2D SPACE',''
  ) );
#11913 = ORIENTED_EDGE('',*,*,#11914,.F.);
#11914 = EDGE_CURVE('',#2694,#11894,#11915,.T.);
#11915 = SURFACE_CURVE('',#11916,(#11920,#11927),.PCURVE_S1.);
#11916 = LINE('',#11917,#11918);
#11917 = CARTESIAN_POINT('',(24.719755114728,-23.05154457011,66.5));
#11918 = VECTOR('',#11919,1.);
#11919 = DIRECTION('',(0.,0.,1.));
#11920 = PCURVE('',#2734,#11921);
#11921 = DEFINITIONAL_REPRESENTATION('',(#11922),#11926);
#11922 = LINE('',#11923,#11924);
#11923 = CARTESIAN_POINT('',(0.884856660623,0.));
#11924 = VECTOR('',#11925,1.);
#11925 = DIRECTION('',(0.,-1.));
#11926 = ( GEOMETRIC_REPRESENTATION_CONTEXT(2) 
PARAMETRIC_REPRESENTATION_CONTEXT() REPRESENTATION_CONTEXT('2D SPACE',''
  ) );
#11927 = PCURVE('',#2708,#11928);
#11928 = DEFINITIONAL_REPRESENTATION('',(#11929),#11933);
#11929 = LINE('',#11930,#11931);
#11930 = CARTESIAN_POINT('',(0.,0.));
#11931 = VECTOR('',#11932,1.);
#11932 = DIRECTION('',(0.,-1.));
#11933 = ( GEOMETRIC_REPRESENTATION_CONTEXT(2) 
PARAMETRIC_REPRESENTATION_CONTEXT() REPRESENTATION_CONTEXT('2D SPACE',''
  ) );
#11934 = ADVANCED_FACE('',(#11935),#2708,.T.);
#11935 = FACE_BOUND('',#11936,.T.);
#11936 = EDGE_LOOP('',(#11937,#11938,#11939,#11960));
#11937 = ORIENTED_EDGE('',*,*,#2693,.T.);
#11938 = ORIENTED_EDGE('',*,*,#11914,.T.);
#11939 = ORIENTED_EDGE('',*,*,#11940,.F.);
#11940 = EDGE_CURVE('',#11941,#11894,#11943,.T.);
#11941 = VERTEX_POINT('',#11942);
#11942 = CARTESIAN_POINT('',(24.107865181411,-23.69073313333,68.3));
#11943 = SURFACE_CURVE('',#11944,(#11948,#11954),.PCURVE_S1.);
#11944 = LINE('',#11945,#11946);
#11945 = CARTESIAN_POINT('',(28.994534326769,-18.58605194821,68.3));
#11946 = VECTOR('',#11947,1.);
#11947 = DIRECTION('',(0.691513055782,0.72236396206,-0.));
#11948 = PCURVE('',#2708,#11949);
#11949 = DEFINITIONAL_REPRESENTATION('',(#11950),#11953);
#11950 = B_SPLINE_CURVE_WITH_KNOTS('',1,(#11951,#11952),.UNSPECIFIED.,
  .F.,.F.,(2,2),(-7.066633239238,-6.181776578615),
  .PIECEWISE_BEZIER_KNOTS.);
#11951 = CARTESIAN_POINT('',(0.884856660623,-1.8));
#11952 = CARTESIAN_POINT('',(0.,-1.8));
#11953 = ( GEOMETRIC_REPRESENTATION_CONTEXT(2) 
PARAMETRIC_REPRESENTATION_CONTEXT() REPRESENTATION_CONTEXT('2D SPACE',''
  ) );
#11954 = PCURVE('',#7517,#11955);
#11955 = DEFINITIONAL_REPRESENTATION('',(#11956),#11959);
#11956 = B_SPLINE_CURVE_WITH_KNOTS('',1,(#11957,#11958),.UNSPECIFIED.,
  .F.,.F.,(2,2),(-7.066633239238,-6.181776578615),
  .PIECEWISE_BEZIER_KNOTS.);
#11957 = CARTESIAN_POINT('',(-6.124466211934,-12.47745173624));
#11958 = CARTESIAN_POINT('',(-5.512576278617,-11.83826317302));
#11959 = ( GEOMETRIC_REPRESENTATION_CONTEXT(2) 
PARAMETRIC_REPRESENTATION_CONTEXT() REPRESENTATION_CONTEXT('2D SPACE',''
  ) );
#11960 = ORIENTED_EDGE('',*,*,#11961,.F.);
#11961 = EDGE_CURVE('',#2668,#11941,#11962,.T.);
#11962 = SURFACE_CURVE('',#11963,(#11967,#11974),.PCURVE_S1.);
#11963 = LINE('',#11964,#11965);
#11964 = CARTESIAN_POINT('',(24.107865181411,-23.69073313333,66.5));
#11965 = VECTOR('',#11966,1.);
#11966 = DIRECTION('',(0.,0.,1.));
#11967 = PCURVE('',#2708,#11968);
#11968 = DEFINITIONAL_REPRESENTATION('',(#11969),#11973);
#11969 = LINE('',#11970,#11971);
#11970 = CARTESIAN_POINT('',(0.884856660623,0.));
#11971 = VECTOR('',#11972,1.);
#11972 = DIRECTION('',(0.,-1.));
#11973 = ( GEOMETRIC_REPRESENTATION_CONTEXT(2) 
PARAMETRIC_REPRESENTATION_CONTEXT() REPRESENTATION_CONTEXT('2D SPACE',''
  ) );
#11974 = PCURVE('',#2682,#11975);
#11975 = DEFINITIONAL_REPRESENTATION('',(#11976),#11980);
#11976 = LINE('',#11977,#11978);
#11977 = CARTESIAN_POINT('',(0.,0.));
#11978 = VECTOR('',#11979,1.);
#11979 = DIRECTION('',(0.,-1.));
#11980 = ( GEOMETRIC_REPRESENTATION_CONTEXT(2) 
PARAMETRIC_REPRESENTATION_CONTEXT() REPRESENTATION_CONTEXT('2D SPACE',''
  ) );
#11981 = ADVANCED_FACE('',(#11982),#2682,.T.);
#11982 = FACE_BOUND('',#11983,.T.);
#11983 = EDGE_LOOP('',(#11984,#11985,#11986,#12005,#12006,#12027,#12028,
    #12049));
#11984 = ORIENTED_EDGE('',*,*,#2667,.T.);
#11985 = ORIENTED_EDGE('',*,*,#11961,.T.);
#11986 = ORIENTED_EDGE('',*,*,#11987,.F.);
#11987 = EDGE_CURVE('',#7481,#11941,#11988,.T.);
#11988 = SURFACE_CURVE('',#11989,(#11993,#11999),.PCURVE_S1.);
#11989 = LINE('',#11990,#11991);
#11990 = CARTESIAN_POINT('',(28.771587235625,-19.06753317789,68.3));
#11991 = VECTOR('',#11992,1.);
#11992 = DIRECTION('',(0.710185375623,0.704014724456,-0.));
#11993 = PCURVE('',#2682,#11994);
#11994 = DEFINITIONAL_REPRESENTATION('',(#11995),#11998);
#11995 = B_SPLINE_CURVE_WITH_KNOTS('',1,(#11996,#11997),.UNSPECIFIED.,
  .F.,.F.,(2,2),(-7.451764702232,-6.566908041609),
  .PIECEWISE_BEZIER_KNOTS.);
#11996 = CARTESIAN_POINT('',(0.884856660623,-1.8));
#11997 = CARTESIAN_POINT('',(0.,-1.8));
#11998 = ( GEOMETRIC_REPRESENTATION_CONTEXT(2) 
PARAMETRIC_REPRESENTATION_CONTEXT() REPRESENTATION_CONTEXT('2D SPACE',''
  ) );
#11999 = PCURVE('',#7517,#12000);
#12000 = DEFINITIONAL_REPRESENTATION('',(#12001),#12004);
#12001 = B_SPLINE_CURVE_WITH_KNOTS('',1,(#12002,#12003),.UNSPECIFIED.,
  .F.,.F.,(2,2),(-7.451764702232,-6.566908041609),
  .PIECEWISE_BEZIER_KNOTS.);
#12002 = CARTESIAN_POINT('',(-6.752878471831,-13.10040385435));
#12003 = CARTESIAN_POINT('',(-6.124466211934,-12.47745173624));
#12004 = ( GEOMETRIC_REPRESENTATION_CONTEXT(2) 
PARAMETRIC_REPRESENTATION_CONTEXT() REPRESENTATION_CONTEXT('2D SPACE',''
  ) );
#12005 = ORIENTED_EDGE('',*,*,#7480,.F.);
#12006 = ORIENTED_EDGE('',*,*,#12007,.T.);
#12007 = EDGE_CURVE('',#7460,#7268,#12008,.T.);
#12008 = SURFACE_CURVE('',#12009,(#12013,#12020),.PCURVE_S1.);
#12009 = LINE('',#12010,#12011);
#12010 = CARTESIAN_POINT('',(24.107865181411,-23.69073313333,68.31));
#12011 = VECTOR('',#12012,1.);
#12012 = DIRECTION('',(-0.710185375623,-0.704014724456,0.));
#12013 = PCURVE('',#2682,#12014);
#12014 = DEFINITIONAL_REPRESENTATION('',(#12015),#12019);
#12015 = LINE('',#12016,#12017);
#12016 = CARTESIAN_POINT('',(0.,-1.81));
#12017 = VECTOR('',#12018,1.);
#12018 = DIRECTION('',(1.,0.));
#12019 = ( GEOMETRIC_REPRESENTATION_CONTEXT(2) 
PARAMETRIC_REPRESENTATION_CONTEXT() REPRESENTATION_CONTEXT('2D SPACE',''
  ) );
#12020 = PCURVE('',#7282,#12021);
#12021 = DEFINITIONAL_REPRESENTATION('',(#12022),#12026);
#12022 = LINE('',#12023,#12024);
#12023 = CARTESIAN_POINT('',(-2.132445097521,-1.672498456305));
#12024 = VECTOR('',#12025,1.);
#12025 = DIRECTION('',(-0.710185375623,-0.704014724456));
#12026 = ( GEOMETRIC_REPRESENTATION_CONTEXT(2) 
PARAMETRIC_REPRESENTATION_CONTEXT() REPRESENTATION_CONTEXT('2D SPACE',''
  ) );
#12027 = ORIENTED_EDGE('',*,*,#7386,.F.);
#12028 = ORIENTED_EDGE('',*,*,#12029,.F.);
#12029 = EDGE_CURVE('',#12030,#7359,#12032,.T.);
#12030 = VERTEX_POINT('',#12031);
#12031 = CARTESIAN_POINT('',(23.479452921514,-24.31368525144,68.3));
#12032 = SURFACE_CURVE('',#12033,(#12037,#12043),.PCURVE_S1.);
#12033 = LINE('',#12034,#12035);
#12034 = CARTESIAN_POINT('',(28.771587235625,-19.06753317789,68.3));
#12035 = VECTOR('',#12036,1.);
#12036 = DIRECTION('',(0.710185375623,0.704014724456,-0.));
#12037 = PCURVE('',#2682,#12038);
#12038 = DEFINITIONAL_REPRESENTATION('',(#12039),#12042);
#12039 = B_SPLINE_CURVE_WITH_KNOTS('',1,(#12040,#12041),.UNSPECIFIED.,
  .F.,.F.,(2,2),(-7.451764702232,-6.566908041609),
  .PIECEWISE_BEZIER_KNOTS.);
#12040 = CARTESIAN_POINT('',(0.884856660623,-1.8));
#12041 = CARTESIAN_POINT('',(0.,-1.8));
#12042 = ( GEOMETRIC_REPRESENTATION_CONTEXT(2) 
PARAMETRIC_REPRESENTATION_CONTEXT() REPRESENTATION_CONTEXT('2D SPACE',''
  ) );
#12043 = PCURVE('',#7374,#12044);
#12044 = DEFINITIONAL_REPRESENTATION('',(#12045),#12048);
#12045 = B_SPLINE_CURVE_WITH_KNOTS('',1,(#12046,#12047),.UNSPECIFIED.,
  .F.,.F.,(2,2),(-7.451764702232,-6.566908041609),
  .PIECEWISE_BEZIER_KNOTS.);
#12046 = CARTESIAN_POINT('',(-6.752878471831,-13.10040385435));
#12047 = CARTESIAN_POINT('',(-6.124466211934,-12.47745173624));
#12048 = ( GEOMETRIC_REPRESENTATION_CONTEXT(2) 
PARAMETRIC_REPRESENTATION_CONTEXT() REPRESENTATION_CONTEXT('2D SPACE',''
  ) );
#12049 = ORIENTED_EDGE('',*,*,#12050,.F.);
#12050 = EDGE_CURVE('',#2642,#12030,#12051,.T.);
#12051 = SURFACE_CURVE('',#12052,(#12056,#12063),.PCURVE_S1.);
#12052 = LINE('',#12053,#12054);
#12053 = CARTESIAN_POINT('',(23.479452921514,-24.31368525144,66.5));
#12054 = VECTOR('',#12055,1.);
#12055 = DIRECTION('',(0.,0.,1.));
#12056 = PCURVE('',#2682,#12057);
#12057 = DEFINITIONAL_REPRESENTATION('',(#12058),#12062);
#12058 = LINE('',#12059,#12060);
#12059 = CARTESIAN_POINT('',(0.884856660623,0.));
#12060 = VECTOR('',#12061,1.);
#12061 = DIRECTION('',(0.,-1.));
#12062 = ( GEOMETRIC_REPRESENTATION_CONTEXT(2) 
PARAMETRIC_REPRESENTATION_CONTEXT() REPRESENTATION_CONTEXT('2D SPACE',''
  ) );
#12063 = PCURVE('',#2656,#12064);
#12064 = DEFINITIONAL_REPRESENTATION('',(#12065),#12069);
#12065 = LINE('',#12066,#12067);
#12066 = CARTESIAN_POINT('',(0.,0.));
#12067 = VECTOR('',#12068,1.);
#12068 = DIRECTION('',(0.,-1.));
#12069 = ( GEOMETRIC_REPRESENTATION_CONTEXT(2) 
PARAMETRIC_REPRESENTATION_CONTEXT() REPRESENTATION_CONTEXT('2D SPACE',''
  ) );
#12070 = ADVANCED_FACE('',(#12071),#2656,.T.);
#12071 = FACE_BOUND('',#12072,.T.);
#12072 = EDGE_LOOP('',(#12073,#12074,#12075,#12096));
#12073 = ORIENTED_EDGE('',*,*,#2641,.T.);
#12074 = ORIENTED_EDGE('',*,*,#12050,.T.);
#12075 = ORIENTED_EDGE('',*,*,#12076,.F.);
#12076 = EDGE_CURVE('',#12077,#12030,#12079,.T.);
#12077 = VERTEX_POINT('',#12078);
#12078 = CARTESIAN_POINT('',(22.834949017409,-24.91997398418,68.3));
#12079 = SURFACE_CURVE('',#12080,(#12084,#12090),.PCURVE_S1.);
#12080 = LINE('',#12081,#12082);
#12081 = CARTESIAN_POINT('',(28.539728121665,-19.55345367045,68.3));
#12082 = VECTOR('',#12083,1.);
#12083 = DIRECTION('',(0.728370969882,0.685182990326,-0.));
#12084 = PCURVE('',#2656,#12085);
#12085 = DEFINITIONAL_REPRESENTATION('',(#12086),#12089);
#12086 = B_SPLINE_CURVE_WITH_KNOTS('',1,(#12087,#12088),.UNSPECIFIED.,
  .F.,.F.,(2,2),(-7.832243925341,-6.947387264718),
  .PIECEWISE_BEZIER_KNOTS.);
#12087 = CARTESIAN_POINT('',(0.884856660623,-1.8));
#12088 = CARTESIAN_POINT('',(0.,-1.8));
#12089 = ( GEOMETRIC_REPRESENTATION_CONTEXT(2) 
PARAMETRIC_REPRESENTATION_CONTEXT() REPRESENTATION_CONTEXT('2D SPACE',''
  ) );
#12090 = PCURVE('',#7374,#12091);
#12091 = DEFINITIONAL_REPRESENTATION('',(#12092),#12095);
#12092 = B_SPLINE_CURVE_WITH_KNOTS('',1,(#12093,#12094),.UNSPECIFIED.,
  .F.,.F.,(2,2),(-7.832243925341,-6.947387264718),
  .PIECEWISE_BEZIER_KNOTS.);
#12093 = CARTESIAN_POINT('',(-7.397382375936,-13.70669258709));
#12094 = CARTESIAN_POINT('',(-6.752878471831,-13.10040385435));
#12095 = ( GEOMETRIC_REPRESENTATION_CONTEXT(2) 
PARAMETRIC_REPRESENTATION_CONTEXT() REPRESENTATION_CONTEXT('2D SPACE',''
  ) );
#12096 = ORIENTED_EDGE('',*,*,#12097,.F.);
#12097 = EDGE_CURVE('',#2616,#12077,#12098,.T.);
#12098 = SURFACE_CURVE('',#12099,(#12103,#12110),.PCURVE_S1.);
#12099 = LINE('',#12100,#12101);
#12100 = CARTESIAN_POINT('',(22.834949017409,-24.91997398418,66.5));
#12101 = VECTOR('',#12102,1.);
#12102 = DIRECTION('',(0.,0.,1.));
#12103 = PCURVE('',#2656,#12104);
#12104 = DEFINITIONAL_REPRESENTATION('',(#12105),#12109);
#12105 = LINE('',#12106,#12107);
#12106 = CARTESIAN_POINT('',(0.884856660623,0.));
#12107 = VECTOR('',#12108,1.);
#12108 = DIRECTION('',(0.,-1.));
#12109 = ( GEOMETRIC_REPRESENTATION_CONTEXT(2) 
PARAMETRIC_REPRESENTATION_CONTEXT() REPRESENTATION_CONTEXT('2D SPACE',''
  ) );
#12110 = PCURVE('',#2630,#12111);
#12111 = DEFINITIONAL_REPRESENTATION('',(#12112),#12116);
#12112 = LINE('',#12113,#12114);
#12113 = CARTESIAN_POINT('',(0.,0.));
#12114 = VECTOR('',#12115,1.);
#12115 = DIRECTION('',(0.,-1.));
#12116 = ( GEOMETRIC_REPRESENTATION_CONTEXT(2) 
PARAMETRIC_REPRESENTATION_CONTEXT() REPRESENTATION_CONTEXT('2D SPACE',''
  ) );
#12117 = ADVANCED_FACE('',(#12118),#2630,.T.);
#12118 = FACE_BOUND('',#12119,.T.);
#12119 = EDGE_LOOP('',(#12120,#12121,#12122,#12141,#12142,#12163,#12164,
    #12185));
#12120 = ORIENTED_EDGE('',*,*,#2615,.T.);
#12121 = ORIENTED_EDGE('',*,*,#12097,.T.);
#12122 = ORIENTED_EDGE('',*,*,#12123,.F.);
#12123 = EDGE_CURVE('',#7338,#12077,#12124,.T.);
#12124 = SURFACE_CURVE('',#12125,(#12129,#12135),.PCURVE_S1.);
#12125 = LINE('',#12126,#12127);
#12126 = CARTESIAN_POINT('',(28.298292473236,-20.04375351655,68.3));
#12127 = VECTOR('',#12128,1.);
#12128 = DIRECTION('',(0.746057375062,0.665881666001,-0.));
#12129 = PCURVE('',#2630,#12130);
#12130 = DEFINITIONAL_REPRESENTATION('',(#12131),#12134);
#12131 = B_SPLINE_CURVE_WITH_KNOTS('',1,(#12132,#12133),.UNSPECIFIED.,
  .F.,.F.,(2,2),(-8.207810147109,-7.322953486486),
  .PIECEWISE_BEZIER_KNOTS.);
#12132 = CARTESIAN_POINT('',(0.884856660623,-1.8));
#12133 = CARTESIAN_POINT('',(0.,-1.8));
#12134 = ( GEOMETRIC_REPRESENTATION_CONTEXT(2) 
PARAMETRIC_REPRESENTATION_CONTEXT() REPRESENTATION_CONTEXT('2D SPACE',''
  ) );
#12135 = PCURVE('',#7374,#12136);
#12136 = DEFINITIONAL_REPRESENTATION('',(#12137),#12140);
#12137 = B_SPLINE_CURVE_WITH_KNOTS('',1,(#12138,#12139),.UNSPECIFIED.,
  .F.,.F.,(2,2),(-8.207810147109,-7.322953486486),
  .PIECEWISE_BEZIER_KNOTS.);
#12138 = CARTESIAN_POINT('',(-8.057536213466,-14.29590241443));
#12139 = CARTESIAN_POINT('',(-7.397382375936,-13.70669258709));
#12140 = ( GEOMETRIC_REPRESENTATION_CONTEXT(2) 
PARAMETRIC_REPRESENTATION_CONTEXT() REPRESENTATION_CONTEXT('2D SPACE',''
  ) );
#12141 = ORIENTED_EDGE('',*,*,#7337,.F.);
#12142 = ORIENTED_EDGE('',*,*,#12143,.T.);
#12143 = EDGE_CURVE('',#7317,#7125,#12144,.T.);
#12144 = SURFACE_CURVE('',#12145,(#12149,#12156),.PCURVE_S1.);
#12145 = LINE('',#12146,#12147);
#12146 = CARTESIAN_POINT('',(22.834949017409,-24.91997398418,68.31));
#12147 = VECTOR('',#12148,1.);
#12148 = DIRECTION('',(-0.746057375062,-0.665881666001,0.));
#12149 = PCURVE('',#2630,#12150);
#12150 = DEFINITIONAL_REPRESENTATION('',(#12151),#12155);
#12151 = LINE('',#12152,#12153);
#12152 = CARTESIAN_POINT('',(0.,-1.81));
#12153 = VECTOR('',#12154,1.);
#12154 = DIRECTION('',(1.,0.));
#12155 = ( GEOMETRIC_REPRESENTATION_CONTEXT(2) 
PARAMETRIC_REPRESENTATION_CONTEXT() REPRESENTATION_CONTEXT('2D SPACE',''
  ) );
#12156 = PCURVE('',#7139,#12157);
#12157 = DEFINITIONAL_REPRESENTATION('',(#12158),#12162);
#12158 = LINE('',#12159,#12160);
#12159 = CARTESIAN_POINT('',(-3.405361261523,-2.901739307153));
#12160 = VECTOR('',#12161,1.);
#12161 = DIRECTION('',(-0.746057375062,-0.665881666001));
#12162 = ( GEOMETRIC_REPRESENTATION_CONTEXT(2) 
PARAMETRIC_REPRESENTATION_CONTEXT() REPRESENTATION_CONTEXT('2D SPACE',''
  ) );
#12163 = ORIENTED_EDGE('',*,*,#7243,.F.);
#12164 = ORIENTED_EDGE('',*,*,#12165,.F.);
#12165 = EDGE_CURVE('',#12166,#7216,#12168,.T.);
#12166 = VERTEX_POINT('',#12167);
#12167 = CARTESIAN_POINT('',(22.174795179879,-25.50918381153,68.3));
#12168 = SURFACE_CURVE('',#12169,(#12173,#12179),.PCURVE_S1.);
#12169 = LINE('',#12170,#12171);
#12170 = CARTESIAN_POINT('',(28.298292473236,-20.04375351655,68.3));
#12171 = VECTOR('',#12172,1.);
#12172 = DIRECTION('',(0.746057375062,0.665881666001,-0.));
#12173 = PCURVE('',#2630,#12174);
#12174 = DEFINITIONAL_REPRESENTATION('',(#12175),#12178);
#12175 = B_SPLINE_CURVE_WITH_KNOTS('',1,(#12176,#12177),.UNSPECIFIED.,
  .F.,.F.,(2,2),(-8.207810147109,-7.322953486486),
  .PIECEWISE_BEZIER_KNOTS.);
#12176 = CARTESIAN_POINT('',(0.884856660623,-1.8));
#12177 = CARTESIAN_POINT('',(0.,-1.8));
#12178 = ( GEOMETRIC_REPRESENTATION_CONTEXT(2) 
PARAMETRIC_REPRESENTATION_CONTEXT() REPRESENTATION_CONTEXT('2D SPACE',''
  ) );
#12179 = PCURVE('',#7231,#12180);
#12180 = DEFINITIONAL_REPRESENTATION('',(#12181),#12184);
#12181 = B_SPLINE_CURVE_WITH_KNOTS('',1,(#12182,#12183),.UNSPECIFIED.,
  .F.,.F.,(2,2),(-8.207810147109,-7.322953486486),
  .PIECEWISE_BEZIER_KNOTS.);
#12182 = CARTESIAN_POINT('',(-8.057536213466,-14.29590241443));
#12183 = CARTESIAN_POINT('',(-7.397382375936,-13.70669258709));
#12184 = ( GEOMETRIC_REPRESENTATION_CONTEXT(2) 
PARAMETRIC_REPRESENTATION_CONTEXT() REPRESENTATION_CONTEXT('2D SPACE',''
  ) );
#12185 = ORIENTED_EDGE('',*,*,#12186,.F.);
#12186 = EDGE_CURVE('',#2590,#12166,#12187,.T.);
#12187 = SURFACE_CURVE('',#12188,(#12192,#12199),.PCURVE_S1.);
#12188 = LINE('',#12189,#12190);
#12189 = CARTESIAN_POINT('',(22.174795179879,-25.50918381153,66.5));
#12190 = VECTOR('',#12191,1.);
#12191 = DIRECTION('',(0.,0.,1.));
#12192 = PCURVE('',#2630,#12193);
#12193 = DEFINITIONAL_REPRESENTATION('',(#12194),#12198);
#12194 = LINE('',#12195,#12196);
#12195 = CARTESIAN_POINT('',(0.884856660623,0.));
#12196 = VECTOR('',#12197,1.);
#12197 = DIRECTION('',(0.,-1.));
#12198 = ( GEOMETRIC_REPRESENTATION_CONTEXT(2) 
PARAMETRIC_REPRESENTATION_CONTEXT() REPRESENTATION_CONTEXT('2D SPACE',''
  ) );
#12199 = PCURVE('',#2604,#12200);
#12200 = DEFINITIONAL_REPRESENTATION('',(#12201),#12205);
#12201 = LINE('',#12202,#12203);
#12202 = CARTESIAN_POINT('',(0.,0.));
#12203 = VECTOR('',#12204,1.);
#12204 = DIRECTION('',(0.,-1.));
#12205 = ( GEOMETRIC_REPRESENTATION_CONTEXT(2) 
PARAMETRIC_REPRESENTATION_CONTEXT() REPRESENTATION_CONTEXT('2D SPACE',''
  ) );
#12206 = ADVANCED_FACE('',(#12207),#2604,.T.);
#12207 = FACE_BOUND('',#12208,.T.);
#12208 = EDGE_LOOP('',(#12209,#12210,#12211,#12232));
#12209 = ORIENTED_EDGE('',*,*,#2589,.T.);
#12210 = ORIENTED_EDGE('',*,*,#12186,.T.);
#12211 = ORIENTED_EDGE('',*,*,#12212,.F.);
#12212 = EDGE_CURVE('',#12213,#12166,#12215,.T.);
#12213 = VERTEX_POINT('',#12214);
#12214 = CARTESIAN_POINT('',(21.499443845388,-26.0809109185,68.3));
#12215 = SURFACE_CURVE('',#12216,(#12220,#12226),.PCURVE_S1.);
#12216 = LINE('',#12217,#12218);
#12217 = CARTESIAN_POINT('',(28.046609176623,-20.53832633689,68.3));
#12218 = VECTOR('',#12219,1.);
#12219 = DIRECTION('',(0.763232469783,0.646123979643,-0.));
#12220 = PCURVE('',#2604,#12221);
#12221 = DEFINITIONAL_REPRESENTATION('',(#12222),#12225);
#12222 = B_SPLINE_CURVE_WITH_KNOTS('',1,(#12223,#12224),.UNSPECIFIED.,
  .F.,.F.,(2,2),(-8.578205973208,-7.693349312585),
  .PIECEWISE_BEZIER_KNOTS.);
#12223 = CARTESIAN_POINT('',(0.884856660623,-1.8));
#12224 = CARTESIAN_POINT('',(0.,-1.8));
#12225 = ( GEOMETRIC_REPRESENTATION_CONTEXT(2) 
PARAMETRIC_REPRESENTATION_CONTEXT() REPRESENTATION_CONTEXT('2D SPACE',''
  ) );
#12226 = PCURVE('',#7231,#12227);
#12227 = DEFINITIONAL_REPRESENTATION('',(#12228),#12231);
#12228 = B_SPLINE_CURVE_WITH_KNOTS('',1,(#12229,#12230),.UNSPECIFIED.,
  .F.,.F.,(2,2),(-8.578205973208,-7.693349312585),
  .PIECEWISE_BEZIER_KNOTS.);
#12229 = CARTESIAN_POINT('',(-8.732887547957,-14.86762952141));
#12230 = CARTESIAN_POINT('',(-8.057536213466,-14.29590241443));
#12231 = ( GEOMETRIC_REPRESENTATION_CONTEXT(2) 
PARAMETRIC_REPRESENTATION_CONTEXT() REPRESENTATION_CONTEXT('2D SPACE',''
  ) );
#12232 = ORIENTED_EDGE('',*,*,#12233,.F.);
#12233 = EDGE_CURVE('',#2564,#12213,#12234,.T.);
#12234 = SURFACE_CURVE('',#12235,(#12239,#12246),.PCURVE_S1.);
#12235 = LINE('',#12236,#12237);
#12236 = CARTESIAN_POINT('',(21.499443845388,-26.0809109185,66.5));
#12237 = VECTOR('',#12238,1.);
#12238 = DIRECTION('',(0.,0.,1.));
#12239 = PCURVE('',#2604,#12240);
#12240 = DEFINITIONAL_REPRESENTATION('',(#12241),#12245);
#12241 = LINE('',#12242,#12243);
#12242 = CARTESIAN_POINT('',(0.884856660623,0.));
#12243 = VECTOR('',#12244,1.);
#12244 = DIRECTION('',(0.,-1.));
#12245 = ( GEOMETRIC_REPRESENTATION_CONTEXT(2) 
PARAMETRIC_REPRESENTATION_CONTEXT() REPRESENTATION_CONTEXT('2D SPACE',''
  ) );
#12246 = PCURVE('',#2578,#12247);
#12247 = DEFINITIONAL_REPRESENTATION('',(#12248),#12252);
#12248 = LINE('',#12249,#12250);
#12249 = CARTESIAN_POINT('',(0.,0.));
#12250 = VECTOR('',#12251,1.);
#12251 = DIRECTION('',(0.,-1.));
#12252 = ( GEOMETRIC_REPRESENTATION_CONTEXT(2) 
PARAMETRIC_REPRESENTATION_CONTEXT() REPRESENTATION_CONTEXT('2D SPACE',''
  ) );
#12253 = ADVANCED_FACE('',(#12254),#2578,.T.);
#12254 = FACE_BOUND('',#12255,.T.);
#12255 = EDGE_LOOP('',(#12256,#12257,#12258,#12277,#12278,#12299,#12300,
    #12321));
#12256 = ORIENTED_EDGE('',*,*,#2563,.T.);
#12257 = ORIENTED_EDGE('',*,*,#12233,.T.);
#12258 = ORIENTED_EDGE('',*,*,#12259,.F.);
#12259 = EDGE_CURVE('',#7195,#12213,#12260,.T.);
#12260 = SURFACE_CURVE('',#12261,(#12265,#12271),.PCURVE_S1.);
#12261 = LINE('',#12262,#12263);
#12262 = CARTESIAN_POINT('',(27.784003269013,-21.03701872567,68.3));
#12263 = VECTOR('',#12264,1.);
#12264 = DIRECTION('',(0.779884483093,0.625923472184,-0.));
#12265 = PCURVE('',#2578,#12266);
#12266 = DEFINITIONAL_REPRESENTATION('',(#12267),#12270);
#12267 = B_SPLINE_CURVE_WITH_KNOTS('',1,(#12268,#12269),.UNSPECIFIED.,
  .F.,.F.,(2,2),(-8.943177552841,-8.058320892218),
  .PIECEWISE_BEZIER_KNOTS.);
#12268 = CARTESIAN_POINT('',(0.884856660623,-1.8));
#12269 = CARTESIAN_POINT('',(0.,-1.8));
#12270 = ( GEOMETRIC_REPRESENTATION_CONTEXT(2) 
PARAMETRIC_REPRESENTATION_CONTEXT() REPRESENTATION_CONTEXT('2D SPACE',''
  ) );
#12271 = PCURVE('',#7231,#12272);
#12272 = DEFINITIONAL_REPRESENTATION('',(#12273),#12276);
#12273 = B_SPLINE_CURVE_WITH_KNOTS('',1,(#12274,#12275),.UNSPECIFIED.,
  .F.,.F.,(2,2),(-8.943177552841,-8.058320892218),
  .PIECEWISE_BEZIER_KNOTS.);
#12274 = CARTESIAN_POINT('',(-9.422973527338,-15.42148207481));
#12275 = CARTESIAN_POINT('',(-8.732887547957,-14.86762952141));
#12276 = ( GEOMETRIC_REPRESENTATION_CONTEXT(2) 
PARAMETRIC_REPRESENTATION_CONTEXT() REPRESENTATION_CONTEXT('2D SPACE',''
  ) );
#12277 = ORIENTED_EDGE('',*,*,#7194,.F.);
#12278 = ORIENTED_EDGE('',*,*,#12279,.T.);
#12279 = EDGE_CURVE('',#7174,#6982,#12280,.T.);
#12280 = SURFACE_CURVE('',#12281,(#12285,#12292),.PCURVE_S1.);
#12281 = LINE('',#12282,#12283);
#12282 = CARTESIAN_POINT('',(21.499443845388,-26.0809109185,68.31));
#12283 = VECTOR('',#12284,1.);
#12284 = DIRECTION('',(-0.779884483093,-0.625923472184,0.));
#12285 = PCURVE('',#2578,#12286);
#12286 = DEFINITIONAL_REPRESENTATION('',(#12287),#12291);
#12287 = LINE('',#12288,#12289);
#12288 = CARTESIAN_POINT('',(0.,-1.81));
#12289 = VECTOR('',#12290,1.);
#12290 = DIRECTION('',(1.,0.));
#12291 = ( GEOMETRIC_REPRESENTATION_CONTEXT(2) 
PARAMETRIC_REPRESENTATION_CONTEXT() REPRESENTATION_CONTEXT('2D SPACE',''
  ) );
#12292 = PCURVE('',#6996,#12293);
#12293 = DEFINITIONAL_REPRESENTATION('',(#12294),#12298);
#12294 = LINE('',#12295,#12296);
#12295 = CARTESIAN_POINT('',(-4.740866433544,-4.062676241475));
#12296 = VECTOR('',#12297,1.);
#12297 = DIRECTION('',(-0.779884483093,-0.625923472184));
#12298 = ( GEOMETRIC_REPRESENTATION_CONTEXT(2) 
PARAMETRIC_REPRESENTATION_CONTEXT() REPRESENTATION_CONTEXT('2D SPACE',''
  ) );
#12299 = ORIENTED_EDGE('',*,*,#7100,.F.);
#12300 = ORIENTED_EDGE('',*,*,#12301,.F.);
#12301 = EDGE_CURVE('',#12302,#7073,#12304,.T.);
#12302 = VERTEX_POINT('',#12303);
#12303 = CARTESIAN_POINT('',(20.809357866007,-26.6347634719,68.3));
#12304 = SURFACE_CURVE('',#12305,(#12309,#12315),.PCURVE_S1.);
#12305 = LINE('',#12306,#12307);
#12306 = CARTESIAN_POINT('',(27.784003269013,-21.03701872567,68.3));
#12307 = VECTOR('',#12308,1.);
#12308 = DIRECTION('',(0.779884483093,0.625923472184,-0.));
#12309 = PCURVE('',#2578,#12310);
#12310 = DEFINITIONAL_REPRESENTATION('',(#12311),#12314);
#12311 = B_SPLINE_CURVE_WITH_KNOTS('',1,(#12312,#12313),.UNSPECIFIED.,
  .F.,.F.,(2,2),(-8.943177552841,-8.058320892218),
  .PIECEWISE_BEZIER_KNOTS.);
#12312 = CARTESIAN_POINT('',(0.884856660623,-1.8));
#12313 = CARTESIAN_POINT('',(0.,-1.8));
#12314 = ( GEOMETRIC_REPRESENTATION_CONTEXT(2) 
PARAMETRIC_REPRESENTATION_CONTEXT() REPRESENTATION_CONTEXT('2D SPACE',''
  ) );
#12315 = PCURVE('',#7088,#12316);
#12316 = DEFINITIONAL_REPRESENTATION('',(#12317),#12320);
#12317 = B_SPLINE_CURVE_WITH_KNOTS('',1,(#12318,#12319),.UNSPECIFIED.,
  .F.,.F.,(2,2),(-8.943177552841,-8.058320892218),
  .PIECEWISE_BEZIER_KNOTS.);
#12318 = CARTESIAN_POINT('',(-9.422973527338,-15.42148207481));
#12319 = CARTESIAN_POINT('',(-8.732887547957,-14.86762952141));
#12320 = ( GEOMETRIC_REPRESENTATION_CONTEXT(2) 
PARAMETRIC_REPRESENTATION_CONTEXT() REPRESENTATION_CONTEXT('2D SPACE',''
  ) );
#12321 = ORIENTED_EDGE('',*,*,#12322,.F.);
#12322 = EDGE_CURVE('',#2538,#12302,#12323,.T.);
#12323 = SURFACE_CURVE('',#12324,(#12328,#12335),.PCURVE_S1.);
#12324 = LINE('',#12325,#12326);
#12325 = CARTESIAN_POINT('',(20.809357866007,-26.6347634719,66.5));
#12326 = VECTOR('',#12327,1.);
#12327 = DIRECTION('',(0.,0.,1.));
#12328 = PCURVE('',#2578,#12329);
#12329 = DEFINITIONAL_REPRESENTATION('',(#12330),#12334);
#12330 = LINE('',#12331,#12332);
#12331 = CARTESIAN_POINT('',(0.884856660623,0.));
#12332 = VECTOR('',#12333,1.);
#12333 = DIRECTION('',(0.,-1.));
#12334 = ( GEOMETRIC_REPRESENTATION_CONTEXT(2) 
PARAMETRIC_REPRESENTATION_CONTEXT() REPRESENTATION_CONTEXT('2D SPACE',''
  ) );
#12335 = PCURVE('',#2552,#12336);
#12336 = DEFINITIONAL_REPRESENTATION('',(#12337),#12341);
#12337 = LINE('',#12338,#12339);
#12338 = CARTESIAN_POINT('',(0.,0.));
#12339 = VECTOR('',#12340,1.);
#12340 = DIRECTION('',(0.,-1.));
#12341 = ( GEOMETRIC_REPRESENTATION_CONTEXT(2) 
PARAMETRIC_REPRESENTATION_CONTEXT() REPRESENTATION_CONTEXT('2D SPACE',''
  ) );
#12342 = ADVANCED_FACE('',(#12343),#2552,.T.);
#12343 = FACE_BOUND('',#12344,.T.);
#12344 = EDGE_LOOP('',(#12345,#12346,#12347,#12368));
#12345 = ORIENTED_EDGE('',*,*,#2537,.T.);
#12346 = ORIENTED_EDGE('',*,*,#12322,.T.);
#12347 = ORIENTED_EDGE('',*,*,#12348,.F.);
#12348 = EDGE_CURVE('',#12349,#12302,#12351,.T.);
#12349 = VERTEX_POINT('',#12350);
#12350 = CARTESIAN_POINT('',(20.105010192195,-27.17036188886,68.3));
#12351 = SURFACE_CURVE('',#12352,(#12356,#12362),.PCURVE_S1.);
#12352 = LINE('',#12353,#12354);
#12353 = CARTESIAN_POINT('',(27.509798723886,-21.53962984712,68.3));
#12354 = VECTOR('',#12355,1.);
#12355 = DIRECTION('',(0.796002002535,0.605293988043,-0.));
#12356 = PCURVE('',#2552,#12357);
#12357 = DEFINITIONAL_REPRESENTATION('',(#12358),#12361);
#12358 = B_SPLINE_CURVE_WITH_KNOTS('',1,(#12359,#12360),.UNSPECIFIED.,
  .F.,.F.,(2,2),(-9.302474752718,-8.417618092095),
  .PIECEWISE_BEZIER_KNOTS.);
#12359 = CARTESIAN_POINT('',(0.884856660623,-1.8));
#12360 = CARTESIAN_POINT('',(0.,-1.8));
#12361 = ( GEOMETRIC_REPRESENTATION_CONTEXT(2) 
PARAMETRIC_REPRESENTATION_CONTEXT() REPRESENTATION_CONTEXT('2D SPACE',''
  ) );
#12362 = PCURVE('',#7088,#12363);
#12363 = DEFINITIONAL_REPRESENTATION('',(#12364),#12367);
#12364 = B_SPLINE_CURVE_WITH_KNOTS('',1,(#12365,#12366),.UNSPECIFIED.,
  .F.,.F.,(2,2),(-9.302474752718,-8.417618092095),
  .PIECEWISE_BEZIER_KNOTS.);
#12365 = CARTESIAN_POINT('',(-10.12732120115,-15.95708049177));
#12366 = CARTESIAN_POINT('',(-9.422973527338,-15.42148207481));
#12367 = ( GEOMETRIC_REPRESENTATION_CONTEXT(2) 
PARAMETRIC_REPRESENTATION_CONTEXT() REPRESENTATION_CONTEXT('2D SPACE',''
  ) );
#12368 = ORIENTED_EDGE('',*,*,#12369,.F.);
#12369 = EDGE_CURVE('',#2512,#12349,#12370,.T.);
#12370 = SURFACE_CURVE('',#12371,(#12375,#12382),.PCURVE_S1.);
#12371 = LINE('',#12372,#12373);
#12372 = CARTESIAN_POINT('',(20.105010192195,-27.17036188886,66.5));
#12373 = VECTOR('',#12374,1.);
#12374 = DIRECTION('',(0.,0.,1.));
#12375 = PCURVE('',#2552,#12376);
#12376 = DEFINITIONAL_REPRESENTATION('',(#12377),#12381);
#12377 = LINE('',#12378,#12379);
#12378 = CARTESIAN_POINT('',(0.884856660623,0.));
#12379 = VECTOR('',#12380,1.);
#12380 = DIRECTION('',(0.,-1.));
#12381 = ( GEOMETRIC_REPRESENTATION_CONTEXT(2) 
PARAMETRIC_REPRESENTATION_CONTEXT() REPRESENTATION_CONTEXT('2D SPACE',''
  ) );
#12382 = PCURVE('',#2526,#12383);
#12383 = DEFINITIONAL_REPRESENTATION('',(#12384),#12388);
#12384 = LINE('',#12385,#12386);
#12385 = CARTESIAN_POINT('',(0.,0.));
#12386 = VECTOR('',#12387,1.);
#12387 = DIRECTION('',(0.,-1.));
#12388 = ( GEOMETRIC_REPRESENTATION_CONTEXT(2) 
PARAMETRIC_REPRESENTATION_CONTEXT() REPRESENTATION_CONTEXT('2D SPACE',''
  ) );
#12389 = ADVANCED_FACE('',(#12390),#2526,.T.);
#12390 = FACE_BOUND('',#12391,.T.);
#12391 = EDGE_LOOP('',(#12392,#12393,#12394,#12413,#12414,#12435,#12436,
    #12457));
#12392 = ORIENTED_EDGE('',*,*,#2511,.T.);
#12393 = ORIENTED_EDGE('',*,*,#12369,.T.);
#12394 = ORIENTED_EDGE('',*,*,#12395,.F.);
#12395 = EDGE_CURVE('',#7052,#12349,#12396,.T.);
#12396 = SURFACE_CURVE('',#12397,(#12401,#12407),.PCURVE_S1.);
#12397 = LINE('',#12398,#12399);
#12398 = CARTESIAN_POINT('',(27.223321260585,-22.04591118685,68.3));
#12399 = VECTOR('',#12400,1.);
#12400 = DIRECTION('',(0.811573981965,0.584249665637,-0.));
#12401 = PCURVE('',#2526,#12402);
#12402 = DEFINITIONAL_REPRESENTATION('',(#12403),#12406);
#12403 = B_SPLINE_CURVE_WITH_KNOTS('',1,(#12404,#12405),.UNSPECIFIED.,
  .F.,.F.,(2,2),(-9.655851328484,-8.770994667861),
  .PIECEWISE_BEZIER_KNOTS.);
#12404 = CARTESIAN_POINT('',(0.884856660623,-1.8));
#12405 = CARTESIAN_POINT('',(0.,-1.8));
#12406 = ( GEOMETRIC_REPRESENTATION_CONTEXT(2) 
PARAMETRIC_REPRESENTATION_CONTEXT() REPRESENTATION_CONTEXT('2D SPACE',''
  ) );
#12407 = PCURVE('',#7088,#12408);
#12408 = DEFINITIONAL_REPRESENTATION('',(#12409),#12412);
#12409 = B_SPLINE_CURVE_WITH_KNOTS('',1,(#12410,#12411),.UNSPECIFIED.,
  .F.,.F.,(2,2),(-9.655851328484,-8.770994667861),
  .PIECEWISE_BEZIER_KNOTS.);
#12410 = CARTESIAN_POINT('',(-10.84544784468,-16.47405769987));
#12411 = CARTESIAN_POINT('',(-10.12732120115,-15.95708049177));
#12412 = ( GEOMETRIC_REPRESENTATION_CONTEXT(2) 
PARAMETRIC_REPRESENTATION_CONTEXT() REPRESENTATION_CONTEXT('2D SPACE',''
  ) );
#12413 = ORIENTED_EDGE('',*,*,#7051,.F.);
#12414 = ORIENTED_EDGE('',*,*,#12415,.T.);
#12415 = EDGE_CURVE('',#7031,#6881,#12416,.T.);
#12416 = SURFACE_CURVE('',#12417,(#12421,#12428),.PCURVE_S1.);
#12417 = LINE('',#12418,#12419);
#12418 = CARTESIAN_POINT('',(20.105010192195,-27.17036188886,68.31));
#12419 = VECTOR('',#12420,1.);
#12420 = DIRECTION('',(-0.811573981965,-0.584249665637,0.));
#12421 = PCURVE('',#2526,#12422);
#12422 = DEFINITIONAL_REPRESENTATION('',(#12423),#12427);
#12423 = LINE('',#12424,#12425);
#12424 = CARTESIAN_POINT('',(0.,-1.81));
#12425 = VECTOR('',#12426,1.);
#12426 = DIRECTION('',(1.,0.));
#12427 = ( GEOMETRIC_REPRESENTATION_CONTEXT(2) 
PARAMETRIC_REPRESENTATION_CONTEXT() REPRESENTATION_CONTEXT('2D SPACE',''
  ) );
#12428 = PCURVE('',#6895,#12429);
#12429 = DEFINITIONAL_REPRESENTATION('',(#12430),#12434);
#12430 = LINE('',#12431,#12432);
#12431 = CARTESIAN_POINT('',(-6.135300086737,-5.152127211832));
#12432 = VECTOR('',#12433,1.);
#12433 = DIRECTION('',(-0.811573981965,-0.584249665637));
#12434 = ( GEOMETRIC_REPRESENTATION_CONTEXT(2) 
PARAMETRIC_REPRESENTATION_CONTEXT() REPRESENTATION_CONTEXT('2D SPACE',''
  ) );
#12435 = ORIENTED_EDGE('',*,*,#6957,.F.);
#12436 = ORIENTED_EDGE('',*,*,#12437,.F.);
#12437 = EDGE_CURVE('',#12438,#6930,#12440,.T.);
#12438 = VERTEX_POINT('',#12439);
#12439 = CARTESIAN_POINT('',(19.386883548665,-27.68733909696,68.3));
#12440 = SURFACE_CURVE('',#12441,(#12445,#12451),.PCURVE_S1.);
#12441 = LINE('',#12442,#12443);
#12442 = CARTESIAN_POINT('',(27.223321260585,-22.04591118685,68.3));
#12443 = VECTOR('',#12444,1.);
#12444 = DIRECTION('',(0.811573981965,0.584249665637,-0.));
#12445 = PCURVE('',#2526,#12446);
#12446 = DEFINITIONAL_REPRESENTATION('',(#12447),#12450);
#12447 = B_SPLINE_CURVE_WITH_KNOTS('',1,(#12448,#12449),.UNSPECIFIED.,
  .F.,.F.,(2,2),(-9.655851328484,-8.770994667861),
  .PIECEWISE_BEZIER_KNOTS.);
#12448 = CARTESIAN_POINT('',(0.884856660623,-1.8));
#12449 = CARTESIAN_POINT('',(0.,-1.8));
#12450 = ( GEOMETRIC_REPRESENTATION_CONTEXT(2) 
PARAMETRIC_REPRESENTATION_CONTEXT() REPRESENTATION_CONTEXT('2D SPACE',''
  ) );
#12451 = PCURVE('',#6945,#12452);
#12452 = DEFINITIONAL_REPRESENTATION('',(#12453),#12456);
#12453 = B_SPLINE_CURVE_WITH_KNOTS('',1,(#12454,#12455),.UNSPECIFIED.,
  .F.,.F.,(2,2),(-9.655851328484,-8.770994667861),
  .PIECEWISE_BEZIER_KNOTS.);
#12454 = CARTESIAN_POINT('',(-10.84544784468,-16.47405769987));
#12455 = CARTESIAN_POINT('',(-10.12732120115,-15.95708049177));
#12456 = ( GEOMETRIC_REPRESENTATION_CONTEXT(2) 
PARAMETRIC_REPRESENTATION_CONTEXT() REPRESENTATION_CONTEXT('2D SPACE',''
  ) );
#12457 = ORIENTED_EDGE('',*,*,#12458,.F.);
#12458 = EDGE_CURVE('',#2486,#12438,#12459,.T.);
#12459 = SURFACE_CURVE('',#12460,(#12464,#12471),.PCURVE_S1.);
#12460 = LINE('',#12461,#12462);
#12461 = CARTESIAN_POINT('',(19.386883548665,-27.68733909696,66.5));
#12462 = VECTOR('',#12463,1.);
#12463 = DIRECTION('',(0.,0.,1.));
#12464 = PCURVE('',#2526,#12465);
#12465 = DEFINITIONAL_REPRESENTATION('',(#12466),#12470);
#12466 = LINE('',#12467,#12468);
#12467 = CARTESIAN_POINT('',(0.884856660623,0.));
#12468 = VECTOR('',#12469,1.);
#12469 = DIRECTION('',(0.,-1.));
#12470 = ( GEOMETRIC_REPRESENTATION_CONTEXT(2) 
PARAMETRIC_REPRESENTATION_CONTEXT() REPRESENTATION_CONTEXT('2D SPACE',''
  ) );
#12471 = PCURVE('',#2500,#12472);
#12472 = DEFINITIONAL_REPRESENTATION('',(#12473),#12477);
#12473 = LINE('',#12474,#12475);
#12474 = CARTESIAN_POINT('',(0.,0.));
#12475 = VECTOR('',#12476,1.);
#12476 = DIRECTION('',(0.,-1.));
#12477 = ( GEOMETRIC_REPRESENTATION_CONTEXT(2) 
PARAMETRIC_REPRESENTATION_CONTEXT() REPRESENTATION_CONTEXT('2D SPACE',''
  ) );
#12478 = ADVANCED_FACE('',(#12479),#2500,.T.);
#12479 = FACE_BOUND('',#12480,.T.);
#12480 = EDGE_LOOP('',(#12481,#12482,#12483,#12502));
#12481 = ORIENTED_EDGE('',*,*,#2485,.T.);
#12482 = ORIENTED_EDGE('',*,*,#12458,.T.);
#12483 = ORIENTED_EDGE('',*,*,#12484,.F.);
#12484 = EDGE_CURVE('',#8790,#12438,#12485,.T.);
#12485 = SURFACE_CURVE('',#12486,(#12490,#12496),.PCURVE_S1.);
#12486 = LINE('',#12487,#12488);
#12487 = CARTESIAN_POINT('',(26.923901169676,-22.5555664592,68.3));
#12488 = VECTOR('',#12489,1.);
#12489 = DIRECTION('',(0.826589749127,0.562804927695,-0.));
#12490 = PCURVE('',#2500,#12491);
#12491 = DEFINITIONAL_REPRESENTATION('',(#12492),#12495);
#12492 = B_SPLINE_CURVE_WITH_KNOTS('',1,(#12493,#12494),.UNSPECIFIED.,
  .F.,.F.,(2,2),(-10.00306509348,-9.118208432865),
  .PIECEWISE_BEZIER_KNOTS.);
#12493 = CARTESIAN_POINT('',(0.884856660623,-1.8));
#12494 = CARTESIAN_POINT('',(0.,-1.8));
#12495 = ( GEOMETRIC_REPRESENTATION_CONTEXT(2) 
PARAMETRIC_REPRESENTATION_CONTEXT() REPRESENTATION_CONTEXT('2D SPACE',''
  ) );
#12496 = PCURVE('',#6945,#12497);
#12497 = DEFINITIONAL_REPRESENTATION('',(#12498),#12501);
#12498 = B_SPLINE_CURVE_WITH_KNOTS('',1,(#12499,#12500),.UNSPECIFIED.,
  .F.,.F.,(2,2),(-10.00306509348,-9.118208432865),
  .PIECEWISE_BEZIER_KNOTS.);
#12499 = CARTESIAN_POINT('',(-11.57686128979,-16.97205938877));
#12500 = CARTESIAN_POINT('',(-10.84544784468,-16.47405769987));
#12501 = ( GEOMETRIC_REPRESENTATION_CONTEXT(2) 
PARAMETRIC_REPRESENTATION_CONTEXT() REPRESENTATION_CONTEXT('2D SPACE',''
  ) );
#12502 = ORIENTED_EDGE('',*,*,#8789,.F.);
#12503 = ADVANCED_FACE('',(#12504),#2432,.T.);
#12504 = FACE_BOUND('',#12505,.T.);
#12505 = EDGE_LOOP('',(#12506,#12507,#12508,#12509,#12530,#12558,#12579,
    #12605));
#12506 = ORIENTED_EDGE('',*,*,#2417,.T.);
#12507 = ORIENTED_EDGE('',*,*,#3870,.T.);
#12508 = ORIENTED_EDGE('',*,*,#4410,.F.);
#12509 = ORIENTED_EDGE('',*,*,#12510,.F.);
#12510 = EDGE_CURVE('',#12511,#4383,#12513,.T.);
#12511 = VERTEX_POINT('',#12512);
#12512 = CARTESIAN_POINT('',(-27.16190559865,-20.11613077834,68.31));
#12513 = SURFACE_CURVE('',#12514,(#12518,#12524),.PCURVE_S1.);
#12514 = LINE('',#12515,#12516);
#12515 = CARTESIAN_POINT('',(-27.16190559865,-20.11613077834,67.4));
#12516 = VECTOR('',#12517,1.);
#12517 = DIRECTION('',(0.,0.,-1.));
#12518 = PCURVE('',#2432,#12519);
#12519 = DEFINITIONAL_REPRESENTATION('',(#12520),#12523);
#12520 = B_SPLINE_CURVE_WITH_KNOTS('',1,(#12521,#12522),.UNSPECIFIED.,
  .F.,.F.,(2,2),(-0.91,-0.9),.PIECEWISE_BEZIER_KNOTS.);
#12521 = CARTESIAN_POINT('',(0.87088611015,-1.81));
#12522 = CARTESIAN_POINT('',(0.87088611015,-1.8));
#12523 = ( GEOMETRIC_REPRESENTATION_CONTEXT(2) 
PARAMETRIC_REPRESENTATION_CONTEXT() REPRESENTATION_CONTEXT('2D SPACE',''
  ) );
#12524 = PCURVE('',#4398,#12525);
#12525 = DEFINITIONAL_REPRESENTATION('',(#12526),#12529);
#12526 = B_SPLINE_CURVE_WITH_KNOTS('',1,(#12527,#12528),.UNSPECIFIED.,
  .F.,.F.,(2,2),(-0.91,-0.9),.PIECEWISE_BEZIER_KNOTS.);
#12527 = CARTESIAN_POINT('',(1.844048943417,-1.000000000001E-02));
#12528 = CARTESIAN_POINT('',(1.844048943417,0.));
#12529 = ( GEOMETRIC_REPRESENTATION_CONTEXT(2) 
PARAMETRIC_REPRESENTATION_CONTEXT() REPRESENTATION_CONTEXT('2D SPACE',''
  ) );
#12530 = ORIENTED_EDGE('',*,*,#12531,.T.);
#12531 = EDGE_CURVE('',#12511,#12532,#12534,.T.);
#12532 = VERTEX_POINT('',#12533);
#12533 = CARTESIAN_POINT('',(-27.16733743104,-20.10898755612,68.31));
#12534 = SURFACE_CURVE('',#12535,(#12539,#12546),.PCURVE_S1.);
#12535 = LINE('',#12536,#12537);
#12536 = CARTESIAN_POINT('',(-26.6347634719,-20.809357866,68.31));
#12537 = VECTOR('',#12538,1.);
#12538 = DIRECTION('',(-0.605293988043,0.796002002535,0.));
#12539 = PCURVE('',#2432,#12540);
#12540 = DEFINITIONAL_REPRESENTATION('',(#12541),#12545);
#12541 = LINE('',#12542,#12543);
#12542 = CARTESIAN_POINT('',(0.,-1.81));
#12543 = VECTOR('',#12544,1.);
#12544 = DIRECTION('',(1.,0.));
#12545 = ( GEOMETRIC_REPRESENTATION_CONTEXT(2) 
PARAMETRIC_REPRESENTATION_CONTEXT() REPRESENTATION_CONTEXT('2D SPACE',''
  ) );
#12546 = PCURVE('',#12547,#12552);
#12547 = PLANE('',#12548);
#12548 = AXIS2_PLACEMENT_3D('',#12549,#12550,#12551);
#12549 = CARTESIAN_POINT('',(-32.18850571626,-11.71565796622,68.31));
#12550 = DIRECTION('',(0.,0.,1.));
#12551 = DIRECTION('',(1.,0.,-0.));
#12552 = DEFINITIONAL_REPRESENTATION('',(#12553),#12557);
#12553 = LINE('',#12554,#12555);
#12554 = CARTESIAN_POINT('',(5.553742244354,-9.093699899781));
#12555 = VECTOR('',#12556,1.);
#12556 = DIRECTION('',(-0.605293988043,0.796002002535));
#12557 = ( GEOMETRIC_REPRESENTATION_CONTEXT(2) 
PARAMETRIC_REPRESENTATION_CONTEXT() REPRESENTATION_CONTEXT('2D SPACE',''
  ) );
#12558 = ORIENTED_EDGE('',*,*,#12559,.F.);
#12559 = EDGE_CURVE('',#12560,#12532,#12562,.T.);
#12560 = VERTEX_POINT('',#12561);
#12561 = CARTESIAN_POINT('',(-27.16733743104,-20.10898755612,68.3));
#12562 = SURFACE_CURVE('',#12563,(#12567,#12573),.PCURVE_S1.);
#12563 = LINE('',#12564,#12565);
#12564 = CARTESIAN_POINT('',(-27.16733743104,-20.10898755612,67.4));
#12565 = VECTOR('',#12566,1.);
#12566 = DIRECTION('',(0.,0.,1.));
#12567 = PCURVE('',#2432,#12568);
#12568 = DEFINITIONAL_REPRESENTATION('',(#12569),#12572);
#12569 = B_SPLINE_CURVE_WITH_KNOTS('',1,(#12570,#12571),.UNSPECIFIED.,
  .F.,.F.,(2,2),(0.9,0.91),.PIECEWISE_BEZIER_KNOTS.);
#12570 = CARTESIAN_POINT('',(0.879859984837,-1.8));
#12571 = CARTESIAN_POINT('',(0.879859984837,-1.81));
#12572 = ( GEOMETRIC_REPRESENTATION_CONTEXT(2) 
PARAMETRIC_REPRESENTATION_CONTEXT() REPRESENTATION_CONTEXT('2D SPACE',''
  ) );
#12573 = PCURVE('',#4821,#12574);
#12574 = DEFINITIONAL_REPRESENTATION('',(#12575),#12578);
#12575 = B_SPLINE_CURVE_WITH_KNOTS('',1,(#12576,#12577),.UNSPECIFIED.,
  .F.,.F.,(2,2),(0.9,0.91),.PIECEWISE_BEZIER_KNOTS.);
#12576 = CARTESIAN_POINT('',(2.37864569985E-03,0.));
#12577 = CARTESIAN_POINT('',(2.37864569985E-03,-1.000000000001E-02));
#12578 = ( GEOMETRIC_REPRESENTATION_CONTEXT(2) 
PARAMETRIC_REPRESENTATION_CONTEXT() REPRESENTATION_CONTEXT('2D SPACE',''
  ) );
#12579 = ORIENTED_EDGE('',*,*,#12580,.F.);
#12580 = EDGE_CURVE('',#12581,#12560,#12583,.T.);
#12581 = VERTEX_POINT('',#12582);
#12582 = CARTESIAN_POINT('',(-27.17036188886,-20.10501019219,68.3));
#12583 = SURFACE_CURVE('',#12584,(#12588,#12594),.PCURVE_S1.);
#12584 = LINE('',#12585,#12586);
#12585 = CARTESIAN_POINT('',(-26.36000642274,-21.1706817279,68.3));
#12586 = VECTOR('',#12587,1.);
#12587 = DIRECTION('',(0.605293988043,-0.796002002535,0.));
#12588 = PCURVE('',#2432,#12589);
#12589 = DEFINITIONAL_REPRESENTATION('',(#12590),#12593);
#12590 = B_SPLINE_CURVE_WITH_KNOTS('',1,(#12591,#12592),.UNSPECIFIED.,
  .F.,.F.,(2,2),(-1.338779968283,-0.45392330766),
  .PIECEWISE_BEZIER_KNOTS.);
#12591 = CARTESIAN_POINT('',(0.884856660623,-1.8));
#12592 = CARTESIAN_POINT('',(0.,-1.8));
#12593 = ( GEOMETRIC_REPRESENTATION_CONTEXT(2) 
PARAMETRIC_REPRESENTATION_CONTEXT() REPRESENTATION_CONTEXT('2D SPACE',''
  ) );
#12594 = PCURVE('',#12595,#12600);
#12595 = PLANE('',#12596);
#12596 = AXIS2_PLACEMENT_3D('',#12597,#12598,#12599);
#12597 = CARTESIAN_POINT('',(-24.82715224633,-20.57532630372,68.3));
#12598 = DIRECTION('',(0.,0.,1.));
#12599 = DIRECTION('',(1.,0.,-0.));
#12600 = DEFINITIONAL_REPRESENTATION('',(#12601),#12604);
#12601 = B_SPLINE_CURVE_WITH_KNOTS('',1,(#12602,#12603),.UNSPECIFIED.,
  .F.,.F.,(2,2),(-1.338779968283,-0.45392330766),
  .PIECEWISE_BEZIER_KNOTS.);
#12602 = CARTESIAN_POINT('',(-2.343209642525,0.470316111526));
#12603 = CARTESIAN_POINT('',(-1.80761122557,-0.234031562286));
#12604 = ( GEOMETRIC_REPRESENTATION_CONTEXT(2) 
PARAMETRIC_REPRESENTATION_CONTEXT() REPRESENTATION_CONTEXT('2D SPACE',''
  ) );
#12605 = ORIENTED_EDGE('',*,*,#12606,.F.);
#12606 = EDGE_CURVE('',#2392,#12581,#12607,.T.);
#12607 = SURFACE_CURVE('',#12608,(#12612,#12619),.PCURVE_S1.);
#12608 = LINE('',#12609,#12610);
#12609 = CARTESIAN_POINT('',(-27.17036188886,-20.10501019219,66.5));
#12610 = VECTOR('',#12611,1.);
#12611 = DIRECTION('',(0.,0.,1.));
#12612 = PCURVE('',#2432,#12613);
#12613 = DEFINITIONAL_REPRESENTATION('',(#12614),#12618);
#12614 = LINE('',#12615,#12616);
#12615 = CARTESIAN_POINT('',(0.884856660623,0.));
#12616 = VECTOR('',#12617,1.);
#12617 = DIRECTION('',(0.,-1.));
#12618 = ( GEOMETRIC_REPRESENTATION_CONTEXT(2) 
PARAMETRIC_REPRESENTATION_CONTEXT() REPRESENTATION_CONTEXT('2D SPACE',''
  ) );
#12619 = PCURVE('',#2406,#12620);
#12620 = DEFINITIONAL_REPRESENTATION('',(#12621),#12625);
#12621 = LINE('',#12622,#12623);
#12622 = CARTESIAN_POINT('',(0.,0.));
#12623 = VECTOR('',#12624,1.);
#12624 = DIRECTION('',(0.,-1.));
#12625 = ( GEOMETRIC_REPRESENTATION_CONTEXT(2) 
PARAMETRIC_REPRESENTATION_CONTEXT() REPRESENTATION_CONTEXT('2D SPACE',''
  ) );
#12626 = ADVANCED_FACE('',(#12627),#2406,.T.);
#12627 = FACE_BOUND('',#12628,.T.);
#12628 = EDGE_LOOP('',(#12629,#12630,#12631,#12652));
#12629 = ORIENTED_EDGE('',*,*,#2391,.T.);
#12630 = ORIENTED_EDGE('',*,*,#12606,.T.);
#12631 = ORIENTED_EDGE('',*,*,#12632,.F.);
#12632 = EDGE_CURVE('',#12633,#12581,#12635,.T.);
#12633 = VERTEX_POINT('',#12634);
#12634 = CARTESIAN_POINT('',(-27.68733909696,-19.38688354866,68.3));
#12635 = SURFACE_CURVE('',#12636,(#12640,#12646),.PCURVE_S1.);
#12636 = LINE('',#12637,#12638);
#12637 = CARTESIAN_POINT('',(-26.65893433736,-20.81542787639,68.3));
#12638 = VECTOR('',#12639,1.);
#12639 = DIRECTION('',(0.584249665637,-0.811573981965,0.));
#12640 = PCURVE('',#2406,#12641);
#12641 = DEFINITIONAL_REPRESENTATION('',(#12642),#12645);
#12642 = B_SPLINE_CURVE_WITH_KNOTS('',1,(#12643,#12644),.UNSPECIFIED.,
  .F.,.F.,(2,2),(-1.760214545411,-0.875357884789),
  .PIECEWISE_BEZIER_KNOTS.);
#12643 = CARTESIAN_POINT('',(0.884856660623,-1.8));
#12644 = CARTESIAN_POINT('',(0.,-1.8));
#12645 = ( GEOMETRIC_REPRESENTATION_CONTEXT(2) 
PARAMETRIC_REPRESENTATION_CONTEXT() REPRESENTATION_CONTEXT('2D SPACE',''
  ) );
#12646 = PCURVE('',#12595,#12647);
#12647 = DEFINITIONAL_REPRESENTATION('',(#12648),#12651);
#12648 = B_SPLINE_CURVE_WITH_KNOTS('',1,(#12649,#12650),.UNSPECIFIED.,
  .F.,.F.,(2,2),(-1.760214545411,-0.875357884789),
  .PIECEWISE_BEZIER_KNOTS.);
#12649 = CARTESIAN_POINT('',(-2.860186850631,1.188442755056));
#12650 = CARTESIAN_POINT('',(-2.343209642525,0.470316111526));
#12651 = ( GEOMETRIC_REPRESENTATION_CONTEXT(2) 
PARAMETRIC_REPRESENTATION_CONTEXT() REPRESENTATION_CONTEXT('2D SPACE',''
  ) );
#12652 = ORIENTED_EDGE('',*,*,#12653,.F.);
#12653 = EDGE_CURVE('',#2366,#12633,#12654,.T.);
#12654 = SURFACE_CURVE('',#12655,(#12659,#12666),.PCURVE_S1.);
#12655 = LINE('',#12656,#12657);
#12656 = CARTESIAN_POINT('',(-27.68733909696,-19.38688354866,66.5));
#12657 = VECTOR('',#12658,1.);
#12658 = DIRECTION('',(0.,0.,1.));
#12659 = PCURVE('',#2406,#12660);
#12660 = DEFINITIONAL_REPRESENTATION('',(#12661),#12665);
#12661 = LINE('',#12662,#12663);
#12662 = CARTESIAN_POINT('',(0.884856660623,0.));
#12663 = VECTOR('',#12664,1.);
#12664 = DIRECTION('',(0.,-1.));
#12665 = ( GEOMETRIC_REPRESENTATION_CONTEXT(2) 
PARAMETRIC_REPRESENTATION_CONTEXT() REPRESENTATION_CONTEXT('2D SPACE',''
  ) );
#12666 = PCURVE('',#2380,#12667);
#12667 = DEFINITIONAL_REPRESENTATION('',(#12668),#12672);
#12668 = LINE('',#12669,#12670);
#12669 = CARTESIAN_POINT('',(0.,0.));
#12670 = VECTOR('',#12671,1.);
#12671 = DIRECTION('',(0.,-1.));
#12672 = ( GEOMETRIC_REPRESENTATION_CONTEXT(2) 
PARAMETRIC_REPRESENTATION_CONTEXT() REPRESENTATION_CONTEXT('2D SPACE',''
  ) );
#12673 = ADVANCED_FACE('',(#12674),#2380,.T.);
#12674 = FACE_BOUND('',#12675,.T.);
#12675 = EDGE_LOOP('',(#12676,#12677,#12678,#12699));
#12676 = ORIENTED_EDGE('',*,*,#2365,.T.);
#12677 = ORIENTED_EDGE('',*,*,#12653,.T.);
#12678 = ORIENTED_EDGE('',*,*,#12679,.F.);
#12679 = EDGE_CURVE('',#12680,#12633,#12682,.T.);
#12680 = VERTEX_POINT('',#12681);
#12681 = CARTESIAN_POINT('',(-28.18534078587,-18.65547010354,68.3));
#12682 = SURFACE_CURVE('',#12683,(#12687,#12693),.PCURVE_S1.);
#12683 = LINE('',#12684,#12685);
#12684 = CARTESIAN_POINT('',(-26.9579208772,-20.45817769271,68.3));
#12685 = VECTOR('',#12686,1.);
#12686 = DIRECTION('',(0.562804927695,-0.826589749127,0.));
#12687 = PCURVE('',#2380,#12688);
#12688 = DEFINITIONAL_REPRESENTATION('',(#12689),#12692);
#12689 = B_SPLINE_CURVE_WITH_KNOTS('',1,(#12690,#12691),.UNSPECIFIED.,
  .F.,.F.,(2,2),(-2.180897586832,-1.296040926209),
  .PIECEWISE_BEZIER_KNOTS.);
#12690 = CARTESIAN_POINT('',(0.884856660623,-1.8));
#12691 = CARTESIAN_POINT('',(0.,-1.8));
#12692 = ( GEOMETRIC_REPRESENTATION_CONTEXT(2) 
PARAMETRIC_REPRESENTATION_CONTEXT() REPRESENTATION_CONTEXT('2D SPACE',''
  ) );
#12693 = PCURVE('',#12595,#12694);
#12694 = DEFINITIONAL_REPRESENTATION('',(#12695),#12698);
#12695 = B_SPLINE_CURVE_WITH_KNOTS('',1,(#12696,#12697),.UNSPECIFIED.,
  .F.,.F.,(2,2),(-2.180897586832,-1.296040926209),
  .PIECEWISE_BEZIER_KNOTS.);
#12696 = CARTESIAN_POINT('',(-3.358188539534,1.919856200174));
#12697 = CARTESIAN_POINT('',(-2.860186850631,1.188442755056));
#12698 = ( GEOMETRIC_REPRESENTATION_CONTEXT(2) 
PARAMETRIC_REPRESENTATION_CONTEXT() REPRESENTATION_CONTEXT('2D SPACE',''
  ) );
#12699 = ORIENTED_EDGE('',*,*,#12700,.F.);
#12700 = EDGE_CURVE('',#2340,#12680,#12701,.T.);
#12701 = SURFACE_CURVE('',#12702,(#12706,#12713),.PCURVE_S1.);
#12702 = LINE('',#12703,#12704);
#12703 = CARTESIAN_POINT('',(-28.18534078587,-18.65547010354,66.5));
#12704 = VECTOR('',#12705,1.);
#12705 = DIRECTION('',(0.,0.,1.));
#12706 = PCURVE('',#2380,#12707);
#12707 = DEFINITIONAL_REPRESENTATION('',(#12708),#12712);
#12708 = LINE('',#12709,#12710);
#12709 = CARTESIAN_POINT('',(0.884856660623,0.));
#12710 = VECTOR('',#12711,1.);
#12711 = DIRECTION('',(0.,-1.));
#12712 = ( GEOMETRIC_REPRESENTATION_CONTEXT(2) 
PARAMETRIC_REPRESENTATION_CONTEXT() REPRESENTATION_CONTEXT('2D SPACE',''
  ) );
#12713 = PCURVE('',#2354,#12714);
#12714 = DEFINITIONAL_REPRESENTATION('',(#12715),#12719);
#12715 = LINE('',#12716,#12717);
#12716 = CARTESIAN_POINT('',(0.,0.));
#12717 = VECTOR('',#12718,1.);
#12718 = DIRECTION('',(0.,-1.));
#12719 = ( GEOMETRIC_REPRESENTATION_CONTEXT(2) 
PARAMETRIC_REPRESENTATION_CONTEXT() REPRESENTATION_CONTEXT('2D SPACE',''
  ) );
#12720 = ADVANCED_FACE('',(#12721),#2354,.T.);
#12721 = FACE_BOUND('',#12722,.T.);
#12722 = EDGE_LOOP('',(#12723,#12724,#12725,#12746,#12767,#12795,#12816,
    #12842));
#12723 = ORIENTED_EDGE('',*,*,#2339,.T.);
#12724 = ORIENTED_EDGE('',*,*,#12700,.T.);
#12725 = ORIENTED_EDGE('',*,*,#12726,.F.);
#12726 = EDGE_CURVE('',#12727,#12680,#12729,.T.);
#12727 = VERTEX_POINT('',#12728);
#12728 = CARTESIAN_POINT('',(-28.2127342391,-18.61288221061,68.3));
#12729 = SURFACE_CURVE('',#12730,(#12734,#12740),.PCURVE_S1.);
#12730 = LINE('',#12731,#12732);
#12731 = CARTESIAN_POINT('',(-27.25719947776,-20.09842737968,68.3));
#12732 = VECTOR('',#12733,1.);
#12733 = DIRECTION('',(0.540974471368,-0.841039012964,0.));
#12734 = PCURVE('',#2354,#12735);
#12735 = DEFINITIONAL_REPRESENTATION('',(#12736),#12739);
#12736 = B_SPLINE_CURVE_WITH_KNOTS('',1,(#12737,#12738),.UNSPECIFIED.,
  .F.,.F.,(2,2),(-2.600540777401,-1.715684116778),
  .PIECEWISE_BEZIER_KNOTS.);
#12737 = CARTESIAN_POINT('',(0.884856660623,-1.8));
#12738 = CARTESIAN_POINT('',(0.,-1.8));
#12739 = ( GEOMETRIC_REPRESENTATION_CONTEXT(2) 
PARAMETRIC_REPRESENTATION_CONTEXT() REPRESENTATION_CONTEXT('2D SPACE',''
  ) );
#12740 = PCURVE('',#12595,#12741);
#12741 = DEFINITIONAL_REPRESENTATION('',(#12742),#12745);
#12742 = B_SPLINE_CURVE_WITH_KNOTS('',1,(#12743,#12744),.UNSPECIFIED.,
  .F.,.F.,(2,2),(-2.600540777401,-1.715684116778),
  .PIECEWISE_BEZIER_KNOTS.);
#12743 = CARTESIAN_POINT('',(-3.83687340375,2.664055172639));
#12744 = CARTESIAN_POINT('',(-3.358188539534,1.919856200174));
#12745 = ( GEOMETRIC_REPRESENTATION_CONTEXT(2) 
PARAMETRIC_REPRESENTATION_CONTEXT() REPRESENTATION_CONTEXT('2D SPACE',''
  ) );
#12746 = ORIENTED_EDGE('',*,*,#12747,.F.);
#12747 = EDGE_CURVE('',#12748,#12727,#12750,.T.);
#12748 = VERTEX_POINT('',#12749);
#12749 = CARTESIAN_POINT('',(-28.2127342391,-18.61288221061,68.31));
#12750 = SURFACE_CURVE('',#12751,(#12755,#12761),.PCURVE_S1.);
#12751 = LINE('',#12752,#12753);
#12752 = CARTESIAN_POINT('',(-28.2127342391,-18.61288221061,67.4));
#12753 = VECTOR('',#12754,1.);
#12754 = DIRECTION('',(0.,0.,-1.));
#12755 = PCURVE('',#2354,#12756);
#12756 = DEFINITIONAL_REPRESENTATION('',(#12757),#12760);
#12757 = B_SPLINE_CURVE_WITH_KNOTS('',1,(#12758,#12759),.UNSPECIFIED.,
  .F.,.F.,(2,2),(-0.91,-0.9),.PIECEWISE_BEZIER_KNOTS.);
#12758 = CARTESIAN_POINT('',(5.063723832196E-02,-1.81));
#12759 = CARTESIAN_POINT('',(5.063723832196E-02,-1.8));
#12760 = ( GEOMETRIC_REPRESENTATION_CONTEXT(2) 
PARAMETRIC_REPRESENTATION_CONTEXT() REPRESENTATION_CONTEXT('2D SPACE',''
  ) );
#12761 = PCURVE('',#4821,#12762);
#12762 = DEFINITIONAL_REPRESENTATION('',(#12763),#12766);
#12763 = B_SPLINE_CURVE_WITH_KNOTS('',1,(#12764,#12765),.UNSPECIFIED.,
  .F.,.F.,(2,2),(-0.91,-0.9),.PIECEWISE_BEZIER_KNOTS.);
#12764 = CARTESIAN_POINT('',(1.827532253256,-1.000000000001E-02));
#12765 = CARTESIAN_POINT('',(1.827532253256,0.));
#12766 = ( GEOMETRIC_REPRESENTATION_CONTEXT(2) 
PARAMETRIC_REPRESENTATION_CONTEXT() REPRESENTATION_CONTEXT('2D SPACE',''
  ) );
#12767 = ORIENTED_EDGE('',*,*,#12768,.T.);
#12768 = EDGE_CURVE('',#12748,#12769,#12771,.T.);
#12769 = VERTEX_POINT('',#12770);
#12770 = CARTESIAN_POINT('',(-28.25428618515,-18.54828247524,68.31));
#12771 = SURFACE_CURVE('',#12772,(#12776,#12783),.PCURVE_S1.);
#12772 = LINE('',#12773,#12774);
#12773 = CARTESIAN_POINT('',(-28.18534078587,-18.65547010354,68.31));
#12774 = VECTOR('',#12775,1.);
#12775 = DIRECTION('',(-0.540974471368,0.841039012964,0.));
#12776 = PCURVE('',#2354,#12777);
#12777 = DEFINITIONAL_REPRESENTATION('',(#12778),#12782);
#12778 = LINE('',#12779,#12780);
#12779 = CARTESIAN_POINT('',(0.,-1.81));
#12780 = VECTOR('',#12781,1.);
#12781 = DIRECTION('',(1.,0.));
#12782 = ( GEOMETRIC_REPRESENTATION_CONTEXT(2) 
PARAMETRIC_REPRESENTATION_CONTEXT() REPRESENTATION_CONTEXT('2D SPACE',''
  ) );
#12783 = PCURVE('',#12784,#12789);
#12784 = PLANE('',#12785);
#12785 = AXIS2_PLACEMENT_3D('',#12786,#12787,#12788);
#12786 = CARTESIAN_POINT('',(-32.18850571626,-11.71565796622,68.31));
#12787 = DIRECTION('',(0.,0.,1.));
#12788 = DIRECTION('',(1.,0.,-0.));
#12789 = DEFINITIONAL_REPRESENTATION('',(#12790),#12794);
#12790 = LINE('',#12791,#12792);
#12791 = CARTESIAN_POINT('',(4.003164930391,-6.939812137321));
#12792 = VECTOR('',#12793,1.);
#12793 = DIRECTION('',(-0.540974471368,0.841039012964));
#12794 = ( GEOMETRIC_REPRESENTATION_CONTEXT(2) 
PARAMETRIC_REPRESENTATION_CONTEXT() REPRESENTATION_CONTEXT('2D SPACE',''
  ) );
#12795 = ORIENTED_EDGE('',*,*,#12796,.F.);
#12796 = EDGE_CURVE('',#12797,#12769,#12799,.T.);
#12797 = VERTEX_POINT('',#12798);
#12798 = CARTESIAN_POINT('',(-28.25428618515,-18.54828247524,68.3));
#12799 = SURFACE_CURVE('',#12800,(#12804,#12810),.PCURVE_S1.);
#12800 = LINE('',#12801,#12802);
#12801 = CARTESIAN_POINT('',(-28.25428618515,-18.54828247524,67.4));
#12802 = VECTOR('',#12803,1.);
#12803 = DIRECTION('',(0.,0.,1.));
#12804 = PCURVE('',#2354,#12805);
#12805 = DEFINITIONAL_REPRESENTATION('',(#12806),#12809);
#12806 = B_SPLINE_CURVE_WITH_KNOTS('',1,(#12807,#12808),.UNSPECIFIED.,
  .F.,.F.,(2,2),(0.9,0.91),.PIECEWISE_BEZIER_KNOTS.);
#12807 = CARTESIAN_POINT('',(0.127446678043,-1.8));
#12808 = CARTESIAN_POINT('',(0.127446678043,-1.81));
#12809 = ( GEOMETRIC_REPRESENTATION_CONTEXT(2) 
PARAMETRIC_REPRESENTATION_CONTEXT() REPRESENTATION_CONTEXT('2D SPACE',''
  ) );
#12810 = PCURVE('',#4849,#12811);
#12811 = DEFINITIONAL_REPRESENTATION('',(#12812),#12815);
#12812 = B_SPLINE_CURVE_WITH_KNOTS('',1,(#12813,#12814),.UNSPECIFIED.,
  .F.,.F.,(2,2),(0.9,0.91),.PIECEWISE_BEZIER_KNOTS.);
#12813 = CARTESIAN_POINT('',(5.371912738639E-02,0.));
#12814 = CARTESIAN_POINT('',(5.371912738639E-02,-1.000000000001E-02));
#12815 = ( GEOMETRIC_REPRESENTATION_CONTEXT(2) 
PARAMETRIC_REPRESENTATION_CONTEXT() REPRESENTATION_CONTEXT('2D SPACE',''
  ) );
#12816 = ORIENTED_EDGE('',*,*,#12817,.F.);
#12817 = EDGE_CURVE('',#12818,#12797,#12820,.T.);
#12818 = VERTEX_POINT('',#12819);
#12819 = CARTESIAN_POINT('',(-28.66402565008,-17.91127113108,68.3));
#12820 = SURFACE_CURVE('',#12821,(#12825,#12831),.PCURVE_S1.);
#12821 = LINE('',#12822,#12823);
#12822 = CARTESIAN_POINT('',(-27.25719947776,-20.09842737968,68.3));
#12823 = VECTOR('',#12824,1.);
#12824 = DIRECTION('',(0.540974471368,-0.841039012964,0.));
#12825 = PCURVE('',#2354,#12826);
#12826 = DEFINITIONAL_REPRESENTATION('',(#12827),#12830);
#12827 = B_SPLINE_CURVE_WITH_KNOTS('',1,(#12828,#12829),.UNSPECIFIED.,
  .F.,.F.,(2,2),(-2.600540777401,-1.715684116778),
  .PIECEWISE_BEZIER_KNOTS.);
#12828 = CARTESIAN_POINT('',(0.884856660623,-1.8));
#12829 = CARTESIAN_POINT('',(0.,-1.8));
#12830 = ( GEOMETRIC_REPRESENTATION_CONTEXT(2) 
PARAMETRIC_REPRESENTATION_CONTEXT() REPRESENTATION_CONTEXT('2D SPACE',''
  ) );
#12831 = PCURVE('',#12832,#12837);
#12832 = PLANE('',#12833);
#12833 = AXIS2_PLACEMENT_3D('',#12834,#12835,#12836);
#12834 = CARTESIAN_POINT('',(-24.82715224633,-20.57532630372,68.3));
#12835 = DIRECTION('',(0.,0.,1.));
#12836 = DIRECTION('',(1.,0.,-0.));
#12837 = DEFINITIONAL_REPRESENTATION('',(#12838),#12841);
#12838 = B_SPLINE_CURVE_WITH_KNOTS('',1,(#12839,#12840),.UNSPECIFIED.,
  .F.,.F.,(2,2),(-2.600540777401,-1.715684116778),
  .PIECEWISE_BEZIER_KNOTS.);
#12839 = CARTESIAN_POINT('',(-3.83687340375,2.664055172639));
#12840 = CARTESIAN_POINT('',(-3.358188539534,1.919856200174));
#12841 = ( GEOMETRIC_REPRESENTATION_CONTEXT(2) 
PARAMETRIC_REPRESENTATION_CONTEXT() REPRESENTATION_CONTEXT('2D SPACE',''
  ) );
#12842 = ORIENTED_EDGE('',*,*,#12843,.F.);
#12843 = EDGE_CURVE('',#2314,#12818,#12844,.T.);
#12844 = SURFACE_CURVE('',#12845,(#12849,#12856),.PCURVE_S1.);
#12845 = LINE('',#12846,#12847);
#12846 = CARTESIAN_POINT('',(-28.66402565008,-17.91127113108,66.5));
#12847 = VECTOR('',#12848,1.);
#12848 = DIRECTION('',(0.,0.,1.));
#12849 = PCURVE('',#2354,#12850);
#12850 = DEFINITIONAL_REPRESENTATION('',(#12851),#12855);
#12851 = LINE('',#12852,#12853);
#12852 = CARTESIAN_POINT('',(0.884856660623,0.));
#12853 = VECTOR('',#12854,1.);
#12854 = DIRECTION('',(0.,-1.));
#12855 = ( GEOMETRIC_REPRESENTATION_CONTEXT(2) 
PARAMETRIC_REPRESENTATION_CONTEXT() REPRESENTATION_CONTEXT('2D SPACE',''
  ) );
#12856 = PCURVE('',#2328,#12857);
#12857 = DEFINITIONAL_REPRESENTATION('',(#12858),#12862);
#12858 = LINE('',#12859,#12860);
#12859 = CARTESIAN_POINT('',(0.,0.));
#12860 = VECTOR('',#12861,1.);
#12861 = DIRECTION('',(0.,-1.));
#12862 = ( GEOMETRIC_REPRESENTATION_CONTEXT(2) 
PARAMETRIC_REPRESENTATION_CONTEXT() REPRESENTATION_CONTEXT('2D SPACE',''
  ) );
#12863 = ADVANCED_FACE('',(#12864),#2328,.T.);
#12864 = FACE_BOUND('',#12865,.T.);
#12865 = EDGE_LOOP('',(#12866,#12867,#12868,#12889));
#12866 = ORIENTED_EDGE('',*,*,#2313,.T.);
#12867 = ORIENTED_EDGE('',*,*,#12843,.T.);
#12868 = ORIENTED_EDGE('',*,*,#12869,.F.);
#12869 = EDGE_CURVE('',#12870,#12818,#12872,.T.);
#12870 = VERTEX_POINT('',#12871);
#12871 = CARTESIAN_POINT('',(-29.12306562292,-17.15479666807,68.3));
#12872 = SURFACE_CURVE('',#12873,(#12877,#12883),.PCURVE_S1.);
#12873 = LINE('',#12874,#12875);
#12874 = CARTESIAN_POINT('',(-27.5569635929,-19.73565293829,68.3));
#12875 = VECTOR('',#12876,1.);
#12876 = DIRECTION('',(0.518773258161,-0.854911870673,0.));
#12877 = PCURVE('',#2328,#12878);
#12878 = DEFINITIONAL_REPRESENTATION('',(#12879),#12882);
#12879 = B_SPLINE_CURVE_WITH_KNOTS('',1,(#12880,#12881),.UNSPECIFIED.,
  .F.,.F.,(2,2),(-3.018856514638,-2.133999854015),
  .PIECEWISE_BEZIER_KNOTS.);
#12880 = CARTESIAN_POINT('',(0.884856660623,-1.8));
#12881 = CARTESIAN_POINT('',(0.,-1.8));
#12882 = ( GEOMETRIC_REPRESENTATION_CONTEXT(2) 
PARAMETRIC_REPRESENTATION_CONTEXT() REPRESENTATION_CONTEXT('2D SPACE',''
  ) );
#12883 = PCURVE('',#12832,#12884);
#12884 = DEFINITIONAL_REPRESENTATION('',(#12885),#12888);
#12885 = B_SPLINE_CURVE_WITH_KNOTS('',1,(#12886,#12887),.UNSPECIFIED.,
  .F.,.F.,(2,2),(-3.018856514638,-2.133999854015),
  .PIECEWISE_BEZIER_KNOTS.);
#12886 = CARTESIAN_POINT('',(-4.295913376587,3.420529635649));
#12887 = CARTESIAN_POINT('',(-3.83687340375,2.664055172639));
#12888 = ( GEOMETRIC_REPRESENTATION_CONTEXT(2) 
PARAMETRIC_REPRESENTATION_CONTEXT() REPRESENTATION_CONTEXT('2D SPACE',''
  ) );
#12889 = ORIENTED_EDGE('',*,*,#12890,.F.);
#12890 = EDGE_CURVE('',#2288,#12870,#12891,.T.);
#12891 = SURFACE_CURVE('',#12892,(#12896,#12903),.PCURVE_S1.);
#12892 = LINE('',#12893,#12894);
#12893 = CARTESIAN_POINT('',(-29.12306562292,-17.15479666807,66.5));
#12894 = VECTOR('',#12895,1.);
#12895 = DIRECTION('',(0.,0.,1.));
#12896 = PCURVE('',#2328,#12897);
#12897 = DEFINITIONAL_REPRESENTATION('',(#12898),#12902);
#12898 = LINE('',#12899,#12900);
#12899 = CARTESIAN_POINT('',(0.884856660623,0.));
#12900 = VECTOR('',#12901,1.);
#12901 = DIRECTION('',(0.,-1.));
#12902 = ( GEOMETRIC_REPRESENTATION_CONTEXT(2) 
PARAMETRIC_REPRESENTATION_CONTEXT() REPRESENTATION_CONTEXT('2D SPACE',''
  ) );
#12903 = PCURVE('',#2302,#12904);
#12904 = DEFINITIONAL_REPRESENTATION('',(#12905),#12909);
#12905 = LINE('',#12906,#12907);
#12906 = CARTESIAN_POINT('',(0.,0.));
#12907 = VECTOR('',#12908,1.);
#12908 = DIRECTION('',(0.,-1.));
#12909 = ( GEOMETRIC_REPRESENTATION_CONTEXT(2) 
PARAMETRIC_REPRESENTATION_CONTEXT() REPRESENTATION_CONTEXT('2D SPACE',''
  ) );
#12910 = ADVANCED_FACE('',(#12911),#2302,.T.);
#12911 = FACE_BOUND('',#12912,.T.);
#12912 = EDGE_LOOP('',(#12913,#12914,#12915,#12936,#12957,#12985,#13006,
    #13032));
#12913 = ORIENTED_EDGE('',*,*,#2287,.T.);
#12914 = ORIENTED_EDGE('',*,*,#12890,.T.);
#12915 = ORIENTED_EDGE('',*,*,#12916,.F.);
#12916 = EDGE_CURVE('',#12917,#12870,#12919,.T.);
#12917 = VERTEX_POINT('',#12918);
#12918 = CARTESIAN_POINT('',(-29.17679029901,-17.06079798051,68.3));
#12919 = SURFACE_CURVE('',#12920,(#12924,#12930),.PCURVE_S1.);
#12920 = LINE('',#12921,#12922);
#12921 = CARTESIAN_POINT('',(-27.85736546986,-19.36931263891,68.3));
#12922 = VECTOR('',#12923,1.);
#12923 = DIRECTION('',(0.496216503675,-0.868198814489,0.));
#12924 = PCURVE('',#2302,#12925);
#12925 = DEFINITIONAL_REPRESENTATION('',(#12926),#12929);
#12926 = B_SPLINE_CURVE_WITH_KNOTS('',1,(#12927,#12928),.UNSPECIFIED.,
  .F.,.F.,(2,2),(-3.435558105832,-2.550701445209),
  .PIECEWISE_BEZIER_KNOTS.);
#12927 = CARTESIAN_POINT('',(0.884856660623,-1.8));
#12928 = CARTESIAN_POINT('',(0.,-1.8));
#12929 = ( GEOMETRIC_REPRESENTATION_CONTEXT(2) 
PARAMETRIC_REPRESENTATION_CONTEXT() REPRESENTATION_CONTEXT('2D SPACE',''
  ) );
#12930 = PCURVE('',#12832,#12931);
#12931 = DEFINITIONAL_REPRESENTATION('',(#12932),#12935);
#12932 = B_SPLINE_CURVE_WITH_KNOTS('',1,(#12933,#12934),.UNSPECIFIED.,
  .F.,.F.,(2,2),(-3.435558105832,-2.550701445209),
  .PIECEWISE_BEZIER_KNOTS.);
#12933 = CARTESIAN_POINT('',(-4.734993854975,4.188761139395));
#12934 = CARTESIAN_POINT('',(-4.295913376587,3.420529635649));
#12935 = ( GEOMETRIC_REPRESENTATION_CONTEXT(2) 
PARAMETRIC_REPRESENTATION_CONTEXT() REPRESENTATION_CONTEXT('2D SPACE',''
  ) );
#12936 = ORIENTED_EDGE('',*,*,#12937,.F.);
#12937 = EDGE_CURVE('',#12938,#12917,#12940,.T.);
#12938 = VERTEX_POINT('',#12939);
#12939 = CARTESIAN_POINT('',(-29.17679029901,-17.06079798051,68.31));
#12940 = SURFACE_CURVE('',#12941,(#12945,#12951),.PCURVE_S1.);
#12941 = LINE('',#12942,#12943);
#12942 = CARTESIAN_POINT('',(-29.17679029901,-17.06079798051,67.4));
#12943 = VECTOR('',#12944,1.);
#12944 = DIRECTION('',(0.,0.,-1.));
#12945 = PCURVE('',#2302,#12946);
#12946 = DEFINITIONAL_REPRESENTATION('',(#12947),#12950);
#12947 = B_SPLINE_CURVE_WITH_KNOTS('',1,(#12948,#12949),.UNSPECIFIED.,
  .F.,.F.,(2,2),(-0.91,-0.9),.PIECEWISE_BEZIER_KNOTS.);
#12948 = CARTESIAN_POINT('',(0.108268620028,-1.81));
#12949 = CARTESIAN_POINT('',(0.108268620028,-1.8));
#12950 = ( GEOMETRIC_REPRESENTATION_CONTEXT(2) 
PARAMETRIC_REPRESENTATION_CONTEXT() REPRESENTATION_CONTEXT('2D SPACE',''
  ) );
#12951 = PCURVE('',#4849,#12952);
#12952 = DEFINITIONAL_REPRESENTATION('',(#12953),#12956);
#12953 = B_SPLINE_CURVE_WITH_KNOTS('',1,(#12954,#12955),.UNSPECIFIED.,
  .F.,.F.,(2,2),(-0.91,-0.9),.PIECEWISE_BEZIER_KNOTS.);
#12954 = CARTESIAN_POINT('',(1.804040229964,-1.000000000001E-02));
#12955 = CARTESIAN_POINT('',(1.804040229964,0.));
#12956 = ( GEOMETRIC_REPRESENTATION_CONTEXT(2) 
PARAMETRIC_REPRESENTATION_CONTEXT() REPRESENTATION_CONTEXT('2D SPACE',''
  ) );
#12957 = ORIENTED_EDGE('',*,*,#12958,.T.);
#12958 = EDGE_CURVE('',#12938,#12959,#12961,.T.);
#12959 = VERTEX_POINT('',#12960);
#12960 = CARTESIAN_POINT('',(-29.24386899451,-16.94343460488,68.31));
#12961 = SURFACE_CURVE('',#12962,(#12966,#12973),.PCURVE_S1.);
#12962 = LINE('',#12963,#12964);
#12963 = CARTESIAN_POINT('',(-29.12306562292,-17.15479666807,68.31));
#12964 = VECTOR('',#12965,1.);
#12965 = DIRECTION('',(-0.496216503675,0.868198814489,0.));
#12966 = PCURVE('',#2302,#12967);
#12967 = DEFINITIONAL_REPRESENTATION('',(#12968),#12972);
#12968 = LINE('',#12969,#12970);
#12969 = CARTESIAN_POINT('',(0.,-1.81));
#12970 = VECTOR('',#12971,1.);
#12971 = DIRECTION('',(1.,0.));
#12972 = ( GEOMETRIC_REPRESENTATION_CONTEXT(2) 
PARAMETRIC_REPRESENTATION_CONTEXT() REPRESENTATION_CONTEXT('2D SPACE',''
  ) );
#12973 = PCURVE('',#12974,#12979);
#12974 = PLANE('',#12975);
#12975 = AXIS2_PLACEMENT_3D('',#12976,#12977,#12978);
#12976 = CARTESIAN_POINT('',(-32.18850571626,-11.71565796622,68.31));
#12977 = DIRECTION('',(0.,0.,1.));
#12978 = DIRECTION('',(1.,0.,-0.));
#12979 = DEFINITIONAL_REPRESENTATION('',(#12980),#12984);
#12980 = LINE('',#12981,#12982);
#12981 = CARTESIAN_POINT('',(3.065440093338,-5.439138701845));
#12982 = VECTOR('',#12983,1.);
#12983 = DIRECTION('',(-0.496216503675,0.868198814489));
#12984 = ( GEOMETRIC_REPRESENTATION_CONTEXT(2) 
PARAMETRIC_REPRESENTATION_CONTEXT() REPRESENTATION_CONTEXT('2D SPACE',''
  ) );
#12985 = ORIENTED_EDGE('',*,*,#12986,.F.);
#12986 = EDGE_CURVE('',#12987,#12959,#12989,.T.);
#12987 = VERTEX_POINT('',#12988);
#12988 = CARTESIAN_POINT('',(-29.24386899451,-16.94343460488,68.3));
#12989 = SURFACE_CURVE('',#12990,(#12994,#13000),.PCURVE_S1.);
#12990 = LINE('',#12991,#12992);
#12991 = CARTESIAN_POINT('',(-29.24386899451,-16.94343460488,67.4));
#12992 = VECTOR('',#12993,1.);
#12993 = DIRECTION('',(0.,0.,1.));
#12994 = PCURVE('',#2302,#12995);
#12995 = DEFINITIONAL_REPRESENTATION('',(#12996),#12999);
#12996 = B_SPLINE_CURVE_WITH_KNOTS('',1,(#12997,#12998),.UNSPECIFIED.,
  .F.,.F.,(2,2),(0.9,0.91),.PIECEWISE_BEZIER_KNOTS.);
#12997 = CARTESIAN_POINT('',(0.243448919374,-1.8));
#12998 = CARTESIAN_POINT('',(0.243448919374,-1.81));
#12999 = ( GEOMETRIC_REPRESENTATION_CONTEXT(2) 
PARAMETRIC_REPRESENTATION_CONTEXT() REPRESENTATION_CONTEXT('2D SPACE',''
  ) );
#13000 = PCURVE('',#4877,#13001);
#13001 = DEFINITIONAL_REPRESENTATION('',(#13002),#13005);
#13002 = B_SPLINE_CURVE_WITH_KNOTS('',1,(#13003,#13004),.UNSPECIFIED.,
  .F.,.F.,(2,2),(0.9,0.91),.PIECEWISE_BEZIER_KNOTS.);
#13003 = CARTESIAN_POINT('',(8.861952614715E-02,0.));
#13004 = CARTESIAN_POINT('',(8.861952614715E-02,-1.000000000001E-02));
#13005 = ( GEOMETRIC_REPRESENTATION_CONTEXT(2) 
PARAMETRIC_REPRESENTATION_CONTEXT() REPRESENTATION_CONTEXT('2D SPACE',''
  ) );
#13006 = ORIENTED_EDGE('',*,*,#13007,.F.);
#13007 = EDGE_CURVE('',#13008,#12987,#13010,.T.);
#13008 = VERTEX_POINT('',#13009);
#13009 = CARTESIAN_POINT('',(-29.56214610131,-16.38656516432,68.3));
#13010 = SURFACE_CURVE('',#13011,(#13015,#13021),.PCURVE_S1.);
#13011 = LINE('',#13012,#13013);
#13012 = CARTESIAN_POINT('',(-27.85736546986,-19.36931263891,68.3));
#13013 = VECTOR('',#13014,1.);
#13014 = DIRECTION('',(0.496216503675,-0.868198814489,0.));
#13015 = PCURVE('',#2302,#13016);
#13016 = DEFINITIONAL_REPRESENTATION('',(#13017),#13020);
#13017 = B_SPLINE_CURVE_WITH_KNOTS('',1,(#13018,#13019),.UNSPECIFIED.,
  .F.,.F.,(2,2),(-3.435558105832,-2.550701445209),
  .PIECEWISE_BEZIER_KNOTS.);
#13018 = CARTESIAN_POINT('',(0.884856660623,-1.8));
#13019 = CARTESIAN_POINT('',(0.,-1.8));
#13020 = ( GEOMETRIC_REPRESENTATION_CONTEXT(2) 
PARAMETRIC_REPRESENTATION_CONTEXT() REPRESENTATION_CONTEXT('2D SPACE',''
  ) );
#13021 = PCURVE('',#13022,#13027);
#13022 = PLANE('',#13023);
#13023 = AXIS2_PLACEMENT_3D('',#13024,#13025,#13026);
#13024 = CARTESIAN_POINT('',(-24.82715224633,-20.57532630372,68.3));
#13025 = DIRECTION('',(0.,0.,1.));
#13026 = DIRECTION('',(1.,0.,-0.));
#13027 = DEFINITIONAL_REPRESENTATION('',(#13028),#13031);
#13028 = B_SPLINE_CURVE_WITH_KNOTS('',1,(#13029,#13030),.UNSPECIFIED.,
  .F.,.F.,(2,2),(-3.435558105832,-2.550701445209),
  .PIECEWISE_BEZIER_KNOTS.);
#13029 = CARTESIAN_POINT('',(-4.734993854975,4.188761139395));
#13030 = CARTESIAN_POINT('',(-4.295913376587,3.420529635649));
#13031 = ( GEOMETRIC_REPRESENTATION_CONTEXT(2) 
PARAMETRIC_REPRESENTATION_CONTEXT() REPRESENTATION_CONTEXT('2D SPACE',''
  ) );
#13032 = ORIENTED_EDGE('',*,*,#13033,.F.);
#13033 = EDGE_CURVE('',#2262,#13008,#13034,.T.);
#13034 = SURFACE_CURVE('',#13035,(#13039,#13046),.PCURVE_S1.);
#13035 = LINE('',#13036,#13037);
#13036 = CARTESIAN_POINT('',(-29.56214610131,-16.38656516432,66.5));
#13037 = VECTOR('',#13038,1.);
#13038 = DIRECTION('',(0.,0.,1.));
#13039 = PCURVE('',#2302,#13040);
#13040 = DEFINITIONAL_REPRESENTATION('',(#13041),#13045);
#13041 = LINE('',#13042,#13043);
#13042 = CARTESIAN_POINT('',(0.884856660623,0.));
#13043 = VECTOR('',#13044,1.);
#13044 = DIRECTION('',(0.,-1.));
#13045 = ( GEOMETRIC_REPRESENTATION_CONTEXT(2) 
PARAMETRIC_REPRESENTATION_CONTEXT() REPRESENTATION_CONTEXT('2D SPACE',''
  ) );
#13046 = PCURVE('',#2276,#13047);
#13047 = DEFINITIONAL_REPRESENTATION('',(#13048),#13052);
#13048 = LINE('',#13049,#13050);
#13049 = CARTESIAN_POINT('',(0.,0.));
#13050 = VECTOR('',#13051,1.);
#13051 = DIRECTION('',(0.,-1.));
#13052 = ( GEOMETRIC_REPRESENTATION_CONTEXT(2) 
PARAMETRIC_REPRESENTATION_CONTEXT() REPRESENTATION_CONTEXT('2D SPACE',''
  ) );
#13053 = ADVANCED_FACE('',(#13054),#2276,.T.);
#13054 = FACE_BOUND('',#13055,.T.);
#13055 = EDGE_LOOP('',(#13056,#13057,#13058,#13079));
#13056 = ORIENTED_EDGE('',*,*,#2261,.T.);
#13057 = ORIENTED_EDGE('',*,*,#13033,.T.);
#13058 = ORIENTED_EDGE('',*,*,#13059,.F.);
#13059 = EDGE_CURVE('',#13060,#13008,#13062,.T.);
#13060 = VERTEX_POINT('',#13061);
#13061 = CARTESIAN_POINT('',(-29.98096616142,-15.60710312734,68.3));
#13062 = SURFACE_CURVE('',#13063,(#13067,#13073),.PCURVE_S1.);
#13063 = LINE('',#13064,#13065);
#13064 = CARTESIAN_POINT('',(-28.15851506447,-18.99884955885,68.3));
#13065 = VECTOR('',#13066,1.);
#13066 = DIRECTION('',(0.473319667185,-0.880890738205,0.));
#13067 = PCURVE('',#2276,#13068);
#13068 = DEFINITIONAL_REPRESENTATION('',(#13069),#13072);
#13069 = B_SPLINE_CURVE_WITH_KNOTS('',1,(#13070,#13071),.UNSPECIFIED.,
  .F.,.F.,(2,2),(-3.850359964526,-2.965503303903),
  .PIECEWISE_BEZIER_KNOTS.);
#13070 = CARTESIAN_POINT('',(0.884856660623,-1.8));
#13071 = CARTESIAN_POINT('',(0.,-1.8));
#13072 = ( GEOMETRIC_REPRESENTATION_CONTEXT(2) 
PARAMETRIC_REPRESENTATION_CONTEXT() REPRESENTATION_CONTEXT('2D SPACE',''
  ) );
#13073 = PCURVE('',#13022,#13074);
#13074 = DEFINITIONAL_REPRESENTATION('',(#13075),#13078);
#13075 = B_SPLINE_CURVE_WITH_KNOTS('',1,(#13076,#13077),.UNSPECIFIED.,
  .F.,.F.,(2,2),(-3.850359964526,-2.965503303903),
  .PIECEWISE_BEZIER_KNOTS.);
#13076 = CARTESIAN_POINT('',(-5.153813915087,4.968223176377));
#13077 = CARTESIAN_POINT('',(-4.734993854975,4.188761139395));
#13078 = ( GEOMETRIC_REPRESENTATION_CONTEXT(2) 
PARAMETRIC_REPRESENTATION_CONTEXT() REPRESENTATION_CONTEXT('2D SPACE',''
  ) );
#13079 = ORIENTED_EDGE('',*,*,#13080,.F.);
#13080 = EDGE_CURVE('',#2236,#13060,#13081,.T.);
#13081 = SURFACE_CURVE('',#13082,(#13086,#13093),.PCURVE_S1.);
#13082 = LINE('',#13083,#13084);
#13083 = CARTESIAN_POINT('',(-29.98096616142,-15.60710312734,66.5));
#13084 = VECTOR('',#13085,1.);
#13085 = DIRECTION('',(0.,0.,1.));
#13086 = PCURVE('',#2276,#13087);
#13087 = DEFINITIONAL_REPRESENTATION('',(#13088),#13092);
#13088 = LINE('',#13089,#13090);
#13089 = CARTESIAN_POINT('',(0.884856660623,0.));
#13090 = VECTOR('',#13091,1.);
#13091 = DIRECTION('',(0.,-1.));
#13092 = ( GEOMETRIC_REPRESENTATION_CONTEXT(2) 
PARAMETRIC_REPRESENTATION_CONTEXT() REPRESENTATION_CONTEXT('2D SPACE',''
  ) );
#13093 = PCURVE('',#2250,#13094);
#13094 = DEFINITIONAL_REPRESENTATION('',(#13095),#13099);
#13095 = LINE('',#13096,#13097);
#13096 = CARTESIAN_POINT('',(0.,0.));
#13097 = VECTOR('',#13098,1.);
#13098 = DIRECTION('',(0.,-1.));
#13099 = ( GEOMETRIC_REPRESENTATION_CONTEXT(2) 
PARAMETRIC_REPRESENTATION_CONTEXT() REPRESENTATION_CONTEXT('2D SPACE',''
  ) );
#13100 = ADVANCED_FACE('',(#13101),#2250,.T.);
#13101 = FACE_BOUND('',#13102,.T.);
#13102 = EDGE_LOOP('',(#13103,#13104,#13105,#13126,#13147,#13175,#13196,
    #13222));
#13103 = ORIENTED_EDGE('',*,*,#2235,.T.);
#13104 = ORIENTED_EDGE('',*,*,#13080,.T.);
#13105 = ORIENTED_EDGE('',*,*,#13106,.F.);
#13106 = EDGE_CURVE('',#13107,#13060,#13109,.T.);
#13107 = VERTEX_POINT('',#13108);
#13108 = CARTESIAN_POINT('',(-30.05673773296,-15.45677508413,68.3));
#13109 = SURFACE_CURVE('',#13110,(#13114,#13120),.PCURVE_S1.);
#13110 = LINE('',#13111,#13112);
#13111 = CARTESIAN_POINT('',(-28.46047910014,-18.62369417867,68.3));
#13112 = VECTOR('',#13113,1.);
#13113 = DIRECTION('',(0.450098441037,-0.892978943411,0.));
#13114 = PCURVE('',#2250,#13115);
#13115 = DEFINITIONAL_REPRESENTATION('',(#13116),#13119);
#13116 = B_SPLINE_CURVE_WITH_KNOTS('',1,(#13117,#13118),.UNSPECIFIED.,
  .F.,.F.,(2,2),(-4.262977806248,-3.378121145625),
  .PIECEWISE_BEZIER_KNOTS.);
#13117 = CARTESIAN_POINT('',(0.884856660623,-1.8));
#13118 = CARTESIAN_POINT('',(0.,-1.8));
#13119 = ( GEOMETRIC_REPRESENTATION_CONTEXT(2) 
PARAMETRIC_REPRESENTATION_CONTEXT() REPRESENTATION_CONTEXT('2D SPACE',''
  ) );
#13120 = PCURVE('',#13022,#13121);
#13121 = DEFINITIONAL_REPRESENTATION('',(#13122),#13125);
#13122 = B_SPLINE_CURVE_WITH_KNOTS('',1,(#13123,#13124),.UNSPECIFIED.,
  .F.,.F.,(2,2),(-4.262977806248,-3.378121145625),
  .PIECEWISE_BEZIER_KNOTS.);
#13123 = CARTESIAN_POINT('',(-5.552086518575,5.75838154225));
#13124 = CARTESIAN_POINT('',(-5.153813915087,4.968223176377));
#13125 = ( GEOMETRIC_REPRESENTATION_CONTEXT(2) 
PARAMETRIC_REPRESENTATION_CONTEXT() REPRESENTATION_CONTEXT('2D SPACE',''
  ) );
#13126 = ORIENTED_EDGE('',*,*,#13127,.F.);
#13127 = EDGE_CURVE('',#13128,#13107,#13130,.T.);
#13128 = VERTEX_POINT('',#13129);
#13129 = CARTESIAN_POINT('',(-30.05673773296,-15.45677508413,68.31));
#13130 = SURFACE_CURVE('',#13131,(#13135,#13141),.PCURVE_S1.);
#13131 = LINE('',#13132,#13133);
#13132 = CARTESIAN_POINT('',(-30.05673773296,-15.45677508413,67.4));
#13133 = VECTOR('',#13134,1.);
#13134 = DIRECTION('',(0.,0.,-1.));
#13135 = PCURVE('',#2250,#13136);
#13136 = DEFINITIONAL_REPRESENTATION('',(#13137),#13140);
#13137 = B_SPLINE_CURVE_WITH_KNOTS('',1,(#13138,#13139),.UNSPECIFIED.,
  .F.,.F.,(2,2),(-0.91,-0.9),.PIECEWISE_BEZIER_KNOTS.);
#13138 = CARTESIAN_POINT('',(0.168344443414,-1.81));
#13139 = CARTESIAN_POINT('',(0.168344443414,-1.8));
#13140 = ( GEOMETRIC_REPRESENTATION_CONTEXT(2) 
PARAMETRIC_REPRESENTATION_CONTEXT() REPRESENTATION_CONTEXT('2D SPACE',''
  ) );
#13141 = PCURVE('',#4877,#13142);
#13142 = DEFINITIONAL_REPRESENTATION('',(#13143),#13146);
#13143 = B_SPLINE_CURVE_WITH_KNOTS('',1,(#13144,#13145),.UNSPECIFIED.,
  .F.,.F.,(2,2),(-0.91,-0.9),.PIECEWISE_BEZIER_KNOTS.);
#13144 = CARTESIAN_POINT('',(1.782996142064,-1.000000000001E-02));
#13145 = CARTESIAN_POINT('',(1.782996142064,0.));
#13146 = ( GEOMETRIC_REPRESENTATION_CONTEXT(2) 
PARAMETRIC_REPRESENTATION_CONTEXT() REPRESENTATION_CONTEXT('2D SPACE',''
  ) );
#13147 = ORIENTED_EDGE('',*,*,#13148,.T.);
#13148 = EDGE_CURVE('',#13128,#13149,#13151,.T.);
#13149 = VERTEX_POINT('',#13150);
#13150 = CARTESIAN_POINT('',(-30.13509229338,-15.30132248487,68.31));
#13151 = SURFACE_CURVE('',#13152,(#13156,#13163),.PCURVE_S1.);
#13152 = LINE('',#13153,#13154);
#13153 = CARTESIAN_POINT('',(-29.98096616142,-15.60710312734,68.31));
#13154 = VECTOR('',#13155,1.);
#13155 = DIRECTION('',(-0.450098441037,0.892978943411,0.));
#13156 = PCURVE('',#2250,#13157);
#13157 = DEFINITIONAL_REPRESENTATION('',(#13158),#13162);
#13158 = LINE('',#13159,#13160);
#13159 = CARTESIAN_POINT('',(0.,-1.81));
#13160 = VECTOR('',#13161,1.);
#13161 = DIRECTION('',(1.,0.));
#13162 = ( GEOMETRIC_REPRESENTATION_CONTEXT(2) 
PARAMETRIC_REPRESENTATION_CONTEXT() REPRESENTATION_CONTEXT('2D SPACE',''
  ) );
#13163 = PCURVE('',#13164,#13169);
#13164 = PLANE('',#13165);
#13165 = AXIS2_PLACEMENT_3D('',#13166,#13167,#13168);
#13166 = CARTESIAN_POINT('',(-32.18850571626,-11.71565796622,68.31));
#13167 = DIRECTION('',(0.,0.,1.));
#13168 = DIRECTION('',(1.,0.,-0.));
#13169 = DEFINITIONAL_REPRESENTATION('',(#13170),#13174);
#13170 = LINE('',#13171,#13172);
#13171 = CARTESIAN_POINT('',(2.207539554837,-3.891445161118));
#13172 = VECTOR('',#13173,1.);
#13173 = DIRECTION('',(-0.450098441037,0.892978943411));
#13174 = ( GEOMETRIC_REPRESENTATION_CONTEXT(2) 
PARAMETRIC_REPRESENTATION_CONTEXT() REPRESENTATION_CONTEXT('2D SPACE',''
  ) );
#13175 = ORIENTED_EDGE('',*,*,#13176,.F.);
#13176 = EDGE_CURVE('',#13177,#13149,#13179,.T.);
#13177 = VERTEX_POINT('',#13178);
#13178 = CARTESIAN_POINT('',(-30.13509229338,-15.30132248487,68.3));
#13179 = SURFACE_CURVE('',#13180,(#13184,#13190),.PCURVE_S1.);
#13180 = LINE('',#13181,#13182);
#13181 = CARTESIAN_POINT('',(-30.13509229338,-15.30132248487,67.4));
#13182 = VECTOR('',#13183,1.);
#13183 = DIRECTION('',(0.,0.,1.));
#13184 = PCURVE('',#2250,#13185);
#13185 = DEFINITIONAL_REPRESENTATION('',(#13186),#13189);
#13186 = B_SPLINE_CURVE_WITH_KNOTS('',1,(#13187,#13188),.UNSPECIFIED.,
  .F.,.F.,(2,2),(0.9,0.91),.PIECEWISE_BEZIER_KNOTS.);
#13187 = CARTESIAN_POINT('',(0.342427606745,-1.8));
#13188 = CARTESIAN_POINT('',(0.342427606745,-1.81));
#13189 = ( GEOMETRIC_REPRESENTATION_CONTEXT(2) 
PARAMETRIC_REPRESENTATION_CONTEXT() REPRESENTATION_CONTEXT('2D SPACE',''
  ) );
#13190 = PCURVE('',#4905,#13191);
#13191 = DEFINITIONAL_REPRESENTATION('',(#13192),#13195);
#13192 = B_SPLINE_CURVE_WITH_KNOTS('',1,(#13193,#13194),.UNSPECIFIED.,
  .F.,.F.,(2,2),(0.9,0.91),.PIECEWISE_BEZIER_KNOTS.);
#13193 = CARTESIAN_POINT('',(0.1064945344,0.));
#13194 = CARTESIAN_POINT('',(0.1064945344,-1.000000000001E-02));
#13195 = ( GEOMETRIC_REPRESENTATION_CONTEXT(2) 
PARAMETRIC_REPRESENTATION_CONTEXT() REPRESENTATION_CONTEXT('2D SPACE',''
  ) );
#13196 = ORIENTED_EDGE('',*,*,#13197,.F.);
#13197 = EDGE_CURVE('',#13198,#13177,#13200,.T.);
#13198 = VERTEX_POINT('',#13199);
#13199 = CARTESIAN_POINT('',(-30.37923876491,-14.81694476147,68.3));
#13200 = SURFACE_CURVE('',#13201,(#13205,#13211),.PCURVE_S1.);
#13201 = LINE('',#13202,#13203);
#13202 = CARTESIAN_POINT('',(-28.46047910014,-18.62369417867,68.3));
#13203 = VECTOR('',#13204,1.);
#13204 = DIRECTION('',(0.450098441037,-0.892978943411,0.));
#13205 = PCURVE('',#2250,#13206);
#13206 = DEFINITIONAL_REPRESENTATION('',(#13207),#13210);
#13207 = B_SPLINE_CURVE_WITH_KNOTS('',1,(#13208,#13209),.UNSPECIFIED.,
  .F.,.F.,(2,2),(-4.262977806248,-3.378121145625),
  .PIECEWISE_BEZIER_KNOTS.);
#13208 = CARTESIAN_POINT('',(0.884856660623,-1.8));
#13209 = CARTESIAN_POINT('',(0.,-1.8));
#13210 = ( GEOMETRIC_REPRESENTATION_CONTEXT(2) 
PARAMETRIC_REPRESENTATION_CONTEXT() REPRESENTATION_CONTEXT('2D SPACE',''
  ) );
#13211 = PCURVE('',#13212,#13217);
#13212 = PLANE('',#13213);
#13213 = AXIS2_PLACEMENT_3D('',#13214,#13215,#13216);
#13214 = CARTESIAN_POINT('',(-24.82715224633,-20.57532630372,68.3));
#13215 = DIRECTION('',(0.,0.,1.));
#13216 = DIRECTION('',(1.,0.,-0.));
#13217 = DEFINITIONAL_REPRESENTATION('',(#13218),#13221);
#13218 = B_SPLINE_CURVE_WITH_KNOTS('',1,(#13219,#13220),.UNSPECIFIED.,
  .F.,.F.,(2,2),(-4.262977806248,-3.378121145625),
  .PIECEWISE_BEZIER_KNOTS.);
#13219 = CARTESIAN_POINT('',(-5.552086518575,5.75838154225));
#13220 = CARTESIAN_POINT('',(-5.153813915087,4.968223176377));
#13221 = ( GEOMETRIC_REPRESENTATION_CONTEXT(2) 
PARAMETRIC_REPRESENTATION_CONTEXT() REPRESENTATION_CONTEXT('2D SPACE',''
  ) );
#13222 = ORIENTED_EDGE('',*,*,#13223,.F.);
#13223 = EDGE_CURVE('',#2210,#13198,#13224,.T.);
#13224 = SURFACE_CURVE('',#13225,(#13229,#13236),.PCURVE_S1.);
#13225 = LINE('',#13226,#13227);
#13226 = CARTESIAN_POINT('',(-30.37923876491,-14.81694476147,66.5));
#13227 = VECTOR('',#13228,1.);
#13228 = DIRECTION('',(0.,0.,1.));
#13229 = PCURVE('',#2250,#13230);
#13230 = DEFINITIONAL_REPRESENTATION('',(#13231),#13235);
#13231 = LINE('',#13232,#13233);
#13232 = CARTESIAN_POINT('',(0.884856660623,0.));
#13233 = VECTOR('',#13234,1.);
#13234 = DIRECTION('',(0.,-1.));
#13235 = ( GEOMETRIC_REPRESENTATION_CONTEXT(2) 
PARAMETRIC_REPRESENTATION_CONTEXT() REPRESENTATION_CONTEXT('2D SPACE',''
  ) );
#13236 = PCURVE('',#2224,#13237);
#13237 = DEFINITIONAL_REPRESENTATION('',(#13238),#13242);
#13238 = LINE('',#13239,#13240);
#13239 = CARTESIAN_POINT('',(0.,0.));
#13240 = VECTOR('',#13241,1.);
#13241 = DIRECTION('',(0.,-1.));
#13242 = ( GEOMETRIC_REPRESENTATION_CONTEXT(2) 
PARAMETRIC_REPRESENTATION_CONTEXT() REPRESENTATION_CONTEXT('2D SPACE',''
  ) );
#13243 = ADVANCED_FACE('',(#13244),#2224,.T.);
#13244 = FACE_BOUND('',#13245,.T.);
#13245 = EDGE_LOOP('',(#13246,#13247,#13248,#13269));
#13246 = ORIENTED_EDGE('',*,*,#2209,.T.);
#13247 = ORIENTED_EDGE('',*,*,#13223,.T.);
#13248 = ORIENTED_EDGE('',*,*,#13249,.F.);
#13249 = EDGE_CURVE('',#13250,#13198,#13252,.T.);
#13250 = VERTEX_POINT('',#13251);
#13251 = CARTESIAN_POINT('',(-30.75669095562,-14.01663160178,68.3));
#13252 = SURFACE_CURVE('',#13253,(#13257,#13263),.PCURVE_S1.);
#13253 = LINE('',#13254,#13255);
#13254 = CARTESIAN_POINT('',(-28.76328027352,-18.2432670295,68.3));
#13255 = VECTOR('',#13256,1.);
#13256 = DIRECTION('',(0.426568739901,-0.904455145454,0.));
#13257 = PCURVE('',#2224,#13258);
#13258 = DEFINITIONAL_REPRESENTATION('',(#13259),#13262);
#13259 = B_SPLINE_CURVE_WITH_KNOTS('',1,(#13260,#13261),.UNSPECIFIED.,
  .F.,.F.,(2,2),(-4.673128843338,-3.788272182715),
  .PIECEWISE_BEZIER_KNOTS.);
#13260 = CARTESIAN_POINT('',(0.884856660623,-1.8));
#13261 = CARTESIAN_POINT('',(0.,-1.8));
#13262 = ( GEOMETRIC_REPRESENTATION_CONTEXT(2) 
PARAMETRIC_REPRESENTATION_CONTEXT() REPRESENTATION_CONTEXT('2D SPACE',''
  ) );
#13263 = PCURVE('',#13212,#13264);
#13264 = DEFINITIONAL_REPRESENTATION('',(#13265),#13268);
#13265 = B_SPLINE_CURVE_WITH_KNOTS('',1,(#13266,#13267),.UNSPECIFIED.,
  .F.,.F.,(2,2),(-4.673128843338,-3.788272182715),
  .PIECEWISE_BEZIER_KNOTS.);
#13266 = CARTESIAN_POINT('',(-5.92953870929,6.55869470194));
#13267 = CARTESIAN_POINT('',(-5.552086518575,5.75838154225));
#13268 = ( GEOMETRIC_REPRESENTATION_CONTEXT(2) 
PARAMETRIC_REPRESENTATION_CONTEXT() REPRESENTATION_CONTEXT('2D SPACE',''
  ) );
#13269 = ORIENTED_EDGE('',*,*,#13270,.F.);
#13270 = EDGE_CURVE('',#2184,#13250,#13271,.T.);
#13271 = SURFACE_CURVE('',#13272,(#13276,#13283),.PCURVE_S1.);
#13272 = LINE('',#13273,#13274);
#13273 = CARTESIAN_POINT('',(-30.75669095562,-14.01663160178,66.5));
#13274 = VECTOR('',#13275,1.);
#13275 = DIRECTION('',(0.,0.,1.));
#13276 = PCURVE('',#2224,#13277);
#13277 = DEFINITIONAL_REPRESENTATION('',(#13278),#13282);
#13278 = LINE('',#13279,#13280);
#13279 = CARTESIAN_POINT('',(0.884856660623,0.));
#13280 = VECTOR('',#13281,1.);
#13281 = DIRECTION('',(0.,-1.));
#13282 = ( GEOMETRIC_REPRESENTATION_CONTEXT(2) 
PARAMETRIC_REPRESENTATION_CONTEXT() REPRESENTATION_CONTEXT('2D SPACE',''
  ) );
#13283 = PCURVE('',#2198,#13284);
#13284 = DEFINITIONAL_REPRESENTATION('',(#13285),#13289);
#13285 = LINE('',#13286,#13287);
#13286 = CARTESIAN_POINT('',(0.,0.));
#13287 = VECTOR('',#13288,1.);
#13288 = DIRECTION('',(0.,-1.));
#13289 = ( GEOMETRIC_REPRESENTATION_CONTEXT(2) 
PARAMETRIC_REPRESENTATION_CONTEXT() REPRESENTATION_CONTEXT('2D SPACE',''
  ) );
#13290 = ADVANCED_FACE('',(#13291),#2198,.T.);
#13291 = FACE_BOUND('',#13292,.T.);
#13292 = EDGE_LOOP('',(#13293,#13294,#13295,#13316,#13337,#13365,#13386,
    #13412));
#13293 = ORIENTED_EDGE('',*,*,#2183,.T.);
#13294 = ORIENTED_EDGE('',*,*,#13270,.T.);
#13295 = ORIENTED_EDGE('',*,*,#13296,.F.);
#13296 = EDGE_CURVE('',#13297,#13250,#13299,.T.);
#13297 = VERTEX_POINT('',#13298);
#13298 = CARTESIAN_POINT('',(-30.84989915012,-13.80479986605,68.3));
#13299 = SURFACE_CURVE('',#13300,(#13304,#13310),.PCURVE_S1.);
#13300 = LINE('',#13301,#13302);
#13301 = CARTESIAN_POINT('',(-29.06689660952,-17.85698138313,68.3));
#13302 = VECTOR('',#13303,1.);
#13303 = DIRECTION('',(0.402746689859,-0.915311479119,0.));
#13304 = PCURVE('',#2198,#13305);
#13305 = DEFINITIONAL_REPRESENTATION('',(#13306),#13309);
#13306 = B_SPLINE_CURVE_WITH_KNOTS('',1,(#13307,#13308),.UNSPECIFIED.,
  .F.,.F.,(2,2),(-5.080531978764,-4.195675318141),
  .PIECEWISE_BEZIER_KNOTS.);
#13307 = CARTESIAN_POINT('',(0.884856660623,-1.8));
#13308 = CARTESIAN_POINT('',(0.,-1.8));
#13309 = ( GEOMETRIC_REPRESENTATION_CONTEXT(2) 
PARAMETRIC_REPRESENTATION_CONTEXT() REPRESENTATION_CONTEXT('2D SPACE',''
  ) );
#13310 = PCURVE('',#13212,#13311);
#13311 = DEFINITIONAL_REPRESENTATION('',(#13312),#13315);
#13312 = B_SPLINE_CURVE_WITH_KNOTS('',1,(#13313,#13314),.UNSPECIFIED.,
  .F.,.F.,(2,2),(-5.080531978764,-4.195675318141),
  .PIECEWISE_BEZIER_KNOTS.);
#13313 = CARTESIAN_POINT('',(-6.285911800356,7.368614160784));
#13314 = CARTESIAN_POINT('',(-5.92953870929,6.55869470194));
#13315 = ( GEOMETRIC_REPRESENTATION_CONTEXT(2) 
PARAMETRIC_REPRESENTATION_CONTEXT() REPRESENTATION_CONTEXT('2D SPACE',''
  ) );
#13316 = ORIENTED_EDGE('',*,*,#13317,.F.);
#13317 = EDGE_CURVE('',#13318,#13297,#13320,.T.);
#13318 = VERTEX_POINT('',#13319);
#13319 = CARTESIAN_POINT('',(-30.84989915012,-13.80479986605,68.31));
#13320 = SURFACE_CURVE('',#13321,(#13325,#13331),.PCURVE_S1.);
#13321 = LINE('',#13322,#13323);
#13322 = CARTESIAN_POINT('',(-30.84989915012,-13.80479986605,67.4));
#13323 = VECTOR('',#13324,1.);
#13324 = DIRECTION('',(0.,0.,-1.));
#13325 = PCURVE('',#2198,#13326);
#13326 = DEFINITIONAL_REPRESENTATION('',(#13327),#13330);
#13327 = B_SPLINE_CURVE_WITH_KNOTS('',1,(#13328,#13329),.UNSPECIFIED.,
  .F.,.F.,(2,2),(-0.91,-0.9),.PIECEWISE_BEZIER_KNOTS.);
#13328 = CARTESIAN_POINT('',(0.231431311154,-1.81));
#13329 = CARTESIAN_POINT('',(0.231431311154,-1.8));
#13330 = ( GEOMETRIC_REPRESENTATION_CONTEXT(2) 
PARAMETRIC_REPRESENTATION_CONTEXT() REPRESENTATION_CONTEXT('2D SPACE',''
  ) );
#13331 = PCURVE('',#4905,#13332);
#13332 = DEFINITIONAL_REPRESENTATION('',(#13333),#13336);
#13333 = B_SPLINE_CURVE_WITH_KNOTS('',1,(#13334,#13335),.UNSPECIFIED.,
  .F.,.F.,(2,2),(-0.91,-0.9),.PIECEWISE_BEZIER_KNOTS.);
#13334 = CARTESIAN_POINT('',(1.764966358426,-1.000000000001E-02));
#13335 = CARTESIAN_POINT('',(1.764966358426,0.));
#13336 = ( GEOMETRIC_REPRESENTATION_CONTEXT(2) 
PARAMETRIC_REPRESENTATION_CONTEXT() REPRESENTATION_CONTEXT('2D SPACE',''
  ) );
#13337 = ORIENTED_EDGE('',*,*,#13338,.T.);
#13338 = EDGE_CURVE('',#13318,#13339,#13341,.T.);
#13339 = VERTEX_POINT('',#13340);
#13340 = CARTESIAN_POINT('',(-30.92969514875,-13.6234496641,68.31));
#13341 = SURFACE_CURVE('',#13342,(#13346,#13353),.PCURVE_S1.);
#13342 = LINE('',#13343,#13344);
#13343 = CARTESIAN_POINT('',(-30.75669095562,-14.01663160178,68.31));
#13344 = VECTOR('',#13345,1.);
#13345 = DIRECTION('',(-0.402746689859,0.915311479119,0.));
#13346 = PCURVE('',#2198,#13347);
#13347 = DEFINITIONAL_REPRESENTATION('',(#13348),#13352);
#13348 = LINE('',#13349,#13350);
#13349 = CARTESIAN_POINT('',(0.,-1.81));
#13350 = VECTOR('',#13351,1.);
#13351 = DIRECTION('',(1.,0.));
#13352 = ( GEOMETRIC_REPRESENTATION_CONTEXT(2) 
PARAMETRIC_REPRESENTATION_CONTEXT() REPRESENTATION_CONTEXT('2D SPACE',''
  ) );
#13353 = PCURVE('',#13354,#13359);
#13354 = PLANE('',#13355);
#13355 = AXIS2_PLACEMENT_3D('',#13356,#13357,#13358);
#13356 = CARTESIAN_POINT('',(-32.18850571626,-11.71565796622,68.31));
#13357 = DIRECTION('',(0.,0.,1.));
#13358 = DIRECTION('',(1.,0.,-0.));
#13359 = DEFINITIONAL_REPRESENTATION('',(#13360),#13364);
#13360 = LINE('',#13361,#13362);
#13361 = CARTESIAN_POINT('',(1.431814760634,-2.300973635554));
#13362 = VECTOR('',#13363,1.);
#13363 = DIRECTION('',(-0.402746689859,0.915311479119));
#13364 = ( GEOMETRIC_REPRESENTATION_CONTEXT(2) 
PARAMETRIC_REPRESENTATION_CONTEXT() REPRESENTATION_CONTEXT('2D SPACE',''
  ) );
#13365 = ORIENTED_EDGE('',*,*,#13366,.F.);
#13366 = EDGE_CURVE('',#13367,#13339,#13369,.T.);
#13367 = VERTEX_POINT('',#13368);
#13368 = CARTESIAN_POINT('',(-30.92969514875,-13.6234496641,68.3));
#13369 = SURFACE_CURVE('',#13370,(#13374,#13380),.PCURVE_S1.);
#13370 = LINE('',#13371,#13372);
#13371 = CARTESIAN_POINT('',(-30.92969514875,-13.6234496641,67.4));
#13372 = VECTOR('',#13373,1.);
#13373 = DIRECTION('',(0.,0.,1.));
#13374 = PCURVE('',#2198,#13375);
#13375 = DEFINITIONAL_REPRESENTATION('',(#13376),#13379);
#13376 = B_SPLINE_CURVE_WITH_KNOTS('',1,(#13377,#13378),.UNSPECIFIED.,
  .F.,.F.,(2,2),(0.9,0.91),.PIECEWISE_BEZIER_KNOTS.);
#13377 = CARTESIAN_POINT('',(0.429560807049,-1.8));
#13378 = CARTESIAN_POINT('',(0.429560807049,-1.81));
#13379 = ( GEOMETRIC_REPRESENTATION_CONTEXT(2) 
PARAMETRIC_REPRESENTATION_CONTEXT() REPRESENTATION_CONTEXT('2D SPACE',''
  ) );
#13380 = PCURVE('',#4933,#13381);
#13381 = DEFINITIONAL_REPRESENTATION('',(#13382),#13385);
#13382 = B_SPLINE_CURVE_WITH_KNOTS('',1,(#13383,#13384),.UNSPECIFIED.,
  .F.,.F.,(2,2),(0.9,0.91),.PIECEWISE_BEZIER_KNOTS.);
#13383 = CARTESIAN_POINT('',(0.112521985421,0.));
#13384 = CARTESIAN_POINT('',(0.112521985421,-1.000000000001E-02));
#13385 = ( GEOMETRIC_REPRESENTATION_CONTEXT(2) 
PARAMETRIC_REPRESENTATION_CONTEXT() REPRESENTATION_CONTEXT('2D SPACE',''
  ) );
#13386 = ORIENTED_EDGE('',*,*,#13387,.F.);
#13387 = EDGE_CURVE('',#13388,#13367,#13390,.T.);
#13388 = VERTEX_POINT('',#13389);
#13389 = CARTESIAN_POINT('',(-31.11306404669,-13.20671214293,68.3));
#13390 = SURFACE_CURVE('',#13391,(#13395,#13401),.PCURVE_S1.);
#13391 = LINE('',#13392,#13393);
#13392 = CARTESIAN_POINT('',(-29.06689660952,-17.85698138313,68.3));
#13393 = VECTOR('',#13394,1.);
#13394 = DIRECTION('',(0.402746689859,-0.915311479119,0.));
#13395 = PCURVE('',#2198,#13396);
#13396 = DEFINITIONAL_REPRESENTATION('',(#13397),#13400);
#13397 = B_SPLINE_CURVE_WITH_KNOTS('',1,(#13398,#13399),.UNSPECIFIED.,
  .F.,.F.,(2,2),(-5.080531978764,-4.195675318141),
  .PIECEWISE_BEZIER_KNOTS.);
#13398 = CARTESIAN_POINT('',(0.884856660623,-1.8));
#13399 = CARTESIAN_POINT('',(0.,-1.8));
#13400 = ( GEOMETRIC_REPRESENTATION_CONTEXT(2) 
PARAMETRIC_REPRESENTATION_CONTEXT() REPRESENTATION_CONTEXT('2D SPACE',''
  ) );
#13401 = PCURVE('',#13402,#13407);
#13402 = PLANE('',#13403);
#13403 = AXIS2_PLACEMENT_3D('',#13404,#13405,#13406);
#13404 = CARTESIAN_POINT('',(-24.82715224633,-20.57532630372,68.3));
#13405 = DIRECTION('',(0.,0.,1.));
#13406 = DIRECTION('',(1.,0.,-0.));
#13407 = DEFINITIONAL_REPRESENTATION('',(#13408),#13411);
#13408 = B_SPLINE_CURVE_WITH_KNOTS('',1,(#13409,#13410),.UNSPECIFIED.,
  .F.,.F.,(2,2),(-5.080531978764,-4.195675318141),
  .PIECEWISE_BEZIER_KNOTS.);
#13409 = CARTESIAN_POINT('',(-6.285911800356,7.368614160784));
#13410 = CARTESIAN_POINT('',(-5.92953870929,6.55869470194));
#13411 = ( GEOMETRIC_REPRESENTATION_CONTEXT(2) 
PARAMETRIC_REPRESENTATION_CONTEXT() REPRESENTATION_CONTEXT('2D SPACE',''
  ) );
#13412 = ORIENTED_EDGE('',*,*,#13413,.F.);
#13413 = EDGE_CURVE('',#2158,#13388,#13414,.T.);
#13414 = SURFACE_CURVE('',#13415,(#13419,#13426),.PCURVE_S1.);
#13415 = LINE('',#13416,#13417);
#13416 = CARTESIAN_POINT('',(-31.11306404669,-13.20671214293,66.5));
#13417 = VECTOR('',#13418,1.);
#13418 = DIRECTION('',(0.,0.,1.));
#13419 = PCURVE('',#2198,#13420);
#13420 = DEFINITIONAL_REPRESENTATION('',(#13421),#13425);
#13421 = LINE('',#13422,#13423);
#13422 = CARTESIAN_POINT('',(0.884856660623,0.));
#13423 = VECTOR('',#13424,1.);
#13424 = DIRECTION('',(0.,-1.));
#13425 = ( GEOMETRIC_REPRESENTATION_CONTEXT(2) 
PARAMETRIC_REPRESENTATION_CONTEXT() REPRESENTATION_CONTEXT('2D SPACE',''
  ) );
#13426 = PCURVE('',#2172,#13427);
#13427 = DEFINITIONAL_REPRESENTATION('',(#13428),#13432);
#13428 = LINE('',#13429,#13430);
#13429 = CARTESIAN_POINT('',(0.,0.));
#13430 = VECTOR('',#13431,1.);
#13431 = DIRECTION('',(0.,-1.));
#13432 = ( GEOMETRIC_REPRESENTATION_CONTEXT(2) 
PARAMETRIC_REPRESENTATION_CONTEXT() REPRESENTATION_CONTEXT('2D SPACE',''
  ) );
#13433 = ADVANCED_FACE('',(#13434),#2172,.T.);
#13434 = FACE_BOUND('',#13435,.T.);
#13435 = EDGE_LOOP('',(#13436,#13437,#13438,#13459));
#13436 = ORIENTED_EDGE('',*,*,#2157,.T.);
#13437 = ORIENTED_EDGE('',*,*,#13413,.T.);
#13438 = ORIENTED_EDGE('',*,*,#13439,.F.);
#13439 = EDGE_CURVE('',#13440,#13388,#13442,.T.);
#13440 = VERTEX_POINT('',#13441);
#13441 = CARTESIAN_POINT('',(-31.44811379779,-12.38774146328,68.3));
#13442 = SURFACE_CURVE('',#13443,(#13447,#13453),.PCURVE_S1.);
#13443 = LINE('',#13444,#13445);
#13444 = CARTESIAN_POINT('',(-29.37126096775,-17.46424597694,68.3));
#13445 = VECTOR('',#13446,1.);
#13446 = DIRECTION('',(0.378648617352,-0.925540504018,0.));
#13447 = PCURVE('',#2172,#13448);
#13448 = DEFINITIONAL_REPRESENTATION('',(#13449),#13452);
#13449 = B_SPLINE_CURVE_WITH_KNOTS('',1,(#13450,#13451),.UNSPECIFIED.,
  .F.,.F.,(2,2),(-5.484907998766,-4.600051338143),
  .PIECEWISE_BEZIER_KNOTS.);
#13450 = CARTESIAN_POINT('',(0.884856660623,-1.8));
#13451 = CARTESIAN_POINT('',(0.,-1.8));
#13452 = ( GEOMETRIC_REPRESENTATION_CONTEXT(2) 
PARAMETRIC_REPRESENTATION_CONTEXT() REPRESENTATION_CONTEXT('2D SPACE',''
  ) );
#13453 = PCURVE('',#13402,#13454);
#13454 = DEFINITIONAL_REPRESENTATION('',(#13455),#13458);
#13455 = B_SPLINE_CURVE_WITH_KNOTS('',1,(#13456,#13457),.UNSPECIFIED.,
  .F.,.F.,(2,2),(-5.484907998766,-4.600051338143),
  .PIECEWISE_BEZIER_KNOTS.);
#13456 = CARTESIAN_POINT('',(-6.620961551456,8.18758484044));
#13457 = CARTESIAN_POINT('',(-6.285911800356,7.368614160784));
#13458 = ( GEOMETRIC_REPRESENTATION_CONTEXT(2) 
PARAMETRIC_REPRESENTATION_CONTEXT() REPRESENTATION_CONTEXT('2D SPACE',''
  ) );
#13459 = ORIENTED_EDGE('',*,*,#13460,.F.);
#13460 = EDGE_CURVE('',#2132,#13440,#13461,.T.);
#13461 = SURFACE_CURVE('',#13462,(#13466,#13473),.PCURVE_S1.);
#13462 = LINE('',#13463,#13464);
#13463 = CARTESIAN_POINT('',(-31.44811379779,-12.38774146328,66.5));
#13464 = VECTOR('',#13465,1.);
#13465 = DIRECTION('',(0.,0.,1.));
#13466 = PCURVE('',#2172,#13467);
#13467 = DEFINITIONAL_REPRESENTATION('',(#13468),#13472);
#13468 = LINE('',#13469,#13470);
#13469 = CARTESIAN_POINT('',(0.884856660623,0.));
#13470 = VECTOR('',#13471,1.);
#13471 = DIRECTION('',(0.,-1.));
#13472 = ( GEOMETRIC_REPRESENTATION_CONTEXT(2) 
PARAMETRIC_REPRESENTATION_CONTEXT() REPRESENTATION_CONTEXT('2D SPACE',''
  ) );
#13473 = PCURVE('',#2146,#13474);
#13474 = DEFINITIONAL_REPRESENTATION('',(#13475),#13479);
#13475 = LINE('',#13476,#13477);
#13476 = CARTESIAN_POINT('',(0.,0.));
#13477 = VECTOR('',#13478,1.);
#13478 = DIRECTION('',(0.,-1.));
#13479 = ( GEOMETRIC_REPRESENTATION_CONTEXT(2) 
PARAMETRIC_REPRESENTATION_CONTEXT() REPRESENTATION_CONTEXT('2D SPACE',''
  ) );
#13480 = ADVANCED_FACE('',(#13481),#2146,.T.);
#13481 = FACE_BOUND('',#13482,.T.);
#13482 = EDGE_LOOP('',(#13483,#13484,#13485,#13506,#13527,#13555,#13576,
    #13602));
#13483 = ORIENTED_EDGE('',*,*,#2131,.T.);
#13484 = ORIENTED_EDGE('',*,*,#13460,.T.);
#13485 = ORIENTED_EDGE('',*,*,#13486,.F.);
#13486 = EDGE_CURVE('',#13487,#13440,#13489,.T.);
#13487 = VERTEX_POINT('',#13488);
#13488 = CARTESIAN_POINT('',(-31.55379363202,-12.10880430894,68.3));
#13489 = SURFACE_CURVE('',#13490,(#13494,#13500),.PCURVE_S1.);
#13490 = LINE('',#13491,#13492);
#13491 = CARTESIAN_POINT('',(-29.67626070226,-17.06446776542,68.3));
#13492 = VECTOR('',#13493,1.);
#13493 = DIRECTION('',(0.354291037998,-0.935135209686,0.));
#13494 = PCURVE('',#2146,#13495);
#13495 = DEFINITIONAL_REPRESENTATION('',(#13496),#13499);
#13496 = B_SPLINE_CURVE_WITH_KNOTS('',1,(#13497,#13498),.UNSPECIFIED.,
  .F.,.F.,(2,2),(-5.88597976422,-5.001123103598),
  .PIECEWISE_BEZIER_KNOTS.);
#13497 = CARTESIAN_POINT('',(0.884856660623,-1.8));
#13498 = CARTESIAN_POINT('',(0.,-1.8));
#13499 = ( GEOMETRIC_REPRESENTATION_CONTEXT(2) 
PARAMETRIC_REPRESENTATION_CONTEXT() REPRESENTATION_CONTEXT('2D SPACE',''
  ) );
#13500 = PCURVE('',#13402,#13501);
#13501 = DEFINITIONAL_REPRESENTATION('',(#13502),#13505);
#13502 = B_SPLINE_CURVE_WITH_KNOTS('',1,(#13503,#13504),.UNSPECIFIED.,
  .F.,.F.,(2,2),(-5.88597976422,-5.001123103598),
  .PIECEWISE_BEZIER_KNOTS.);
#13503 = CARTESIAN_POINT('',(-6.934458336227,9.015045459314));
#13504 = CARTESIAN_POINT('',(-6.620961551456,8.18758484044));
#13505 = ( GEOMETRIC_REPRESENTATION_CONTEXT(2) 
PARAMETRIC_REPRESENTATION_CONTEXT() REPRESENTATION_CONTEXT('2D SPACE',''
  ) );
#13506 = ORIENTED_EDGE('',*,*,#13507,.F.);
#13507 = EDGE_CURVE('',#13508,#13487,#13510,.T.);
#13508 = VERTEX_POINT('',#13509);
#13509 = CARTESIAN_POINT('',(-31.55379363202,-12.10880430894,68.31));
#13510 = SURFACE_CURVE('',#13511,(#13515,#13521),.PCURVE_S1.);
#13511 = LINE('',#13512,#13513);
#13512 = CARTESIAN_POINT('',(-31.55379363202,-12.10880430894,67.4));
#13513 = VECTOR('',#13514,1.);
#13514 = DIRECTION('',(0.,0.,-1.));
#13515 = PCURVE('',#2146,#13516);
#13516 = DEFINITIONAL_REPRESENTATION('',(#13517),#13520);
#13517 = B_SPLINE_CURVE_WITH_KNOTS('',1,(#13518,#13519),.UNSPECIFIED.,
  .F.,.F.,(2,2),(-0.91,-0.9),.PIECEWISE_BEZIER_KNOTS.);
#13518 = CARTESIAN_POINT('',(0.298285372472,-1.81));
#13519 = CARTESIAN_POINT('',(0.298285372472,-1.8));
#13520 = ( GEOMETRIC_REPRESENTATION_CONTEXT(2) 
PARAMETRIC_REPRESENTATION_CONTEXT() REPRESENTATION_CONTEXT('2D SPACE',''
  ) );
#13521 = PCURVE('',#4933,#13522);
#13522 = DEFINITIONAL_REPRESENTATION('',(#13523),#13526);
#13523 = B_SPLINE_CURVE_WITH_KNOTS('',1,(#13524,#13525),.UNSPECIFIED.,
  .F.,.F.,(2,2),(-0.91,-0.9),.PIECEWISE_BEZIER_KNOTS.);
#13524 = CARTESIAN_POINT('',(1.750706794509,-1.000000000001E-02));
#13525 = CARTESIAN_POINT('',(1.750706794509,0.));
#13526 = ( GEOMETRIC_REPRESENTATION_CONTEXT(2) 
PARAMETRIC_REPRESENTATION_CONTEXT() REPRESENTATION_CONTEXT('2D SPACE',''
  ) );
#13527 = ORIENTED_EDGE('',*,*,#13528,.T.);
#13528 = EDGE_CURVE('',#13508,#13529,#13531,.T.);
#13529 = VERTEX_POINT('',#13530);
#13530 = CARTESIAN_POINT('',(-31.62813618185,-11.91258050289,68.31));
#13531 = SURFACE_CURVE('',#13532,(#13536,#13543),.PCURVE_S1.);
#13532 = LINE('',#13533,#13534);
#13533 = CARTESIAN_POINT('',(-31.44811379779,-12.38774146328,68.31));
#13534 = VECTOR('',#13535,1.);
#13535 = DIRECTION('',(-0.354291037998,0.935135209686,0.));
#13536 = PCURVE('',#2146,#13537);
#13537 = DEFINITIONAL_REPRESENTATION('',(#13538),#13542);
#13538 = LINE('',#13539,#13540);
#13539 = CARTESIAN_POINT('',(0.,-1.81));
#13540 = VECTOR('',#13541,1.);
#13541 = DIRECTION('',(1.,0.));
#13542 = ( GEOMETRIC_REPRESENTATION_CONTEXT(2) 
PARAMETRIC_REPRESENTATION_CONTEXT() REPRESENTATION_CONTEXT('2D SPACE',''
  ) );
#13543 = PCURVE('',#13544,#13549);
#13544 = PLANE('',#13545);
#13545 = AXIS2_PLACEMENT_3D('',#13546,#13547,#13548);
#13546 = CARTESIAN_POINT('',(-32.18850571626,-11.71565796622,68.31));
#13547 = DIRECTION('',(0.,0.,1.));
#13548 = DIRECTION('',(1.,0.,-0.));
#13549 = DEFINITIONAL_REPRESENTATION('',(#13550),#13554);
#13550 = LINE('',#13551,#13552);
#13551 = CARTESIAN_POINT('',(0.740391918469,-0.672083497055));
#13552 = VECTOR('',#13553,1.);
#13553 = DIRECTION('',(-0.354291037998,0.935135209686));
#13554 = ( GEOMETRIC_REPRESENTATION_CONTEXT(2) 
PARAMETRIC_REPRESENTATION_CONTEXT() REPRESENTATION_CONTEXT('2D SPACE',''
  ) );
#13555 = ORIENTED_EDGE('',*,*,#13556,.F.);
#13556 = EDGE_CURVE('',#13557,#13529,#13559,.T.);
#13557 = VERTEX_POINT('',#13558);
#13558 = CARTESIAN_POINT('',(-31.62813618185,-11.91258050289,68.3));
#13559 = SURFACE_CURVE('',#13560,(#13564,#13570),.PCURVE_S1.);
#13560 = LINE('',#13561,#13562);
#13561 = CARTESIAN_POINT('',(-31.62813618185,-11.91258050289,67.4));
#13562 = VECTOR('',#13563,1.);
#13563 = DIRECTION('',(0.,0.,1.));
#13564 = PCURVE('',#2146,#13565);
#13565 = DEFINITIONAL_REPRESENTATION('',(#13566),#13569);
#13566 = B_SPLINE_CURVE_WITH_KNOTS('',1,(#13567,#13568),.UNSPECIFIED.,
  .F.,.F.,(2,2),(0.9,0.91),.PIECEWISE_BEZIER_KNOTS.);
#13567 = CARTESIAN_POINT('',(0.508120061635,-1.8));
#13568 = CARTESIAN_POINT('',(0.508120061635,-1.81));
#13569 = ( GEOMETRIC_REPRESENTATION_CONTEXT(2) 
PARAMETRIC_REPRESENTATION_CONTEXT() REPRESENTATION_CONTEXT('2D SPACE',''
  ) );
#13570 = PCURVE('',#4961,#13571);
#13571 = DEFINITIONAL_REPRESENTATION('',(#13572),#13575);
#13572 = B_SPLINE_CURVE_WITH_KNOTS('',1,(#13573,#13574),.UNSPECIFIED.,
  .F.,.F.,(2,2),(0.9,0.91),.PIECEWISE_BEZIER_KNOTS.);
#13573 = CARTESIAN_POINT('',(0.109973186921,0.));
#13574 = CARTESIAN_POINT('',(0.109973186921,-1.000000000001E-02));
#13575 = ( GEOMETRIC_REPRESENTATION_CONTEXT(2) 
PARAMETRIC_REPRESENTATION_CONTEXT() REPRESENTATION_CONTEXT('2D SPACE',''
  ) );
#13576 = ORIENTED_EDGE('',*,*,#13577,.F.);
#13577 = EDGE_CURVE('',#13578,#13557,#13580,.T.);
#13578 = VERTEX_POINT('',#13579);
#13579 = CARTESIAN_POINT('',(-31.76161058256,-11.5602808444,68.3));
#13580 = SURFACE_CURVE('',#13581,(#13585,#13591),.PCURVE_S1.);
#13581 = LINE('',#13582,#13583);
#13582 = CARTESIAN_POINT('',(-29.67626070226,-17.06446776542,68.3));
#13583 = VECTOR('',#13584,1.);
#13584 = DIRECTION('',(0.354291037998,-0.935135209686,0.));
#13585 = PCURVE('',#2146,#13586);
#13586 = DEFINITIONAL_REPRESENTATION('',(#13587),#13590);
#13587 = B_SPLINE_CURVE_WITH_KNOTS('',1,(#13588,#13589),.UNSPECIFIED.,
  .F.,.F.,(2,2),(-5.88597976422,-5.001123103598),
  .PIECEWISE_BEZIER_KNOTS.);
#13588 = CARTESIAN_POINT('',(0.884856660623,-1.8));
#13589 = CARTESIAN_POINT('',(0.,-1.8));
#13590 = ( GEOMETRIC_REPRESENTATION_CONTEXT(2) 
PARAMETRIC_REPRESENTATION_CONTEXT() REPRESENTATION_CONTEXT('2D SPACE',''
  ) );
#13591 = PCURVE('',#13592,#13597);
#13592 = PLANE('',#13593);
#13593 = AXIS2_PLACEMENT_3D('',#13594,#13595,#13596);
#13594 = CARTESIAN_POINT('',(-24.82715224633,-20.57532630372,68.3));
#13595 = DIRECTION('',(0.,0.,1.));
#13596 = DIRECTION('',(1.,0.,-0.));
#13597 = DEFINITIONAL_REPRESENTATION('',(#13598),#13601);
#13598 = B_SPLINE_CURVE_WITH_KNOTS('',1,(#13599,#13600),.UNSPECIFIED.,
  .F.,.F.,(2,2),(-5.88597976422,-5.001123103598),
  .PIECEWISE_BEZIER_KNOTS.);
#13599 = CARTESIAN_POINT('',(-6.934458336227,9.015045459314));
#13600 = CARTESIAN_POINT('',(-6.620961551456,8.18758484044));
#13601 = ( GEOMETRIC_REPRESENTATION_CONTEXT(2) 
PARAMETRIC_REPRESENTATION_CONTEXT() REPRESENTATION_CONTEXT('2D SPACE',''
  ) );
#13602 = ORIENTED_EDGE('',*,*,#13603,.F.);
#13603 = EDGE_CURVE('',#2106,#13578,#13604,.T.);
#13604 = SURFACE_CURVE('',#13605,(#13609,#13616),.PCURVE_S1.);
#13605 = LINE('',#13606,#13607);
#13606 = CARTESIAN_POINT('',(-31.76161058256,-11.5602808444,66.5));
#13607 = VECTOR('',#13608,1.);
#13608 = DIRECTION('',(0.,0.,1.));
#13609 = PCURVE('',#2146,#13610);
#13610 = DEFINITIONAL_REPRESENTATION('',(#13611),#13615);
#13611 = LINE('',#13612,#13613);
#13612 = CARTESIAN_POINT('',(0.884856660623,0.));
#13613 = VECTOR('',#13614,1.);
#13614 = DIRECTION('',(0.,-1.));
#13615 = ( GEOMETRIC_REPRESENTATION_CONTEXT(2) 
PARAMETRIC_REPRESENTATION_CONTEXT() REPRESENTATION_CONTEXT('2D SPACE',''
  ) );
#13616 = PCURVE('',#2120,#13617);
#13617 = DEFINITIONAL_REPRESENTATION('',(#13618),#13622);
#13618 = LINE('',#13619,#13620);
#13619 = CARTESIAN_POINT('',(0.,0.));
#13620 = VECTOR('',#13621,1.);
#13621 = DIRECTION('',(0.,-1.));
#13622 = ( GEOMETRIC_REPRESENTATION_CONTEXT(2) 
PARAMETRIC_REPRESENTATION_CONTEXT() REPRESENTATION_CONTEXT('2D SPACE',''
  ) );
#13623 = ADVANCED_FACE('',(#13624),#2120,.T.);
#13624 = FACE_BOUND('',#13625,.T.);
#13625 = EDGE_LOOP('',(#13626,#13627,#13628,#13649));
#13626 = ORIENTED_EDGE('',*,*,#2105,.T.);
#13627 = ORIENTED_EDGE('',*,*,#13603,.T.);
#13628 = ORIENTED_EDGE('',*,*,#13629,.F.);
#13629 = EDGE_CURVE('',#13630,#13578,#13632,.T.);
#13630 = VERTEX_POINT('',#13631);
#13631 = CARTESIAN_POINT('',(-32.05333954597,-10.72489738649,68.3));
#13632 = SURFACE_CURVE('',#13633,(#13637,#13643),.PCURVE_S1.);
#13633 = LINE('',#13634,#13635);
#13634 = CARTESIAN_POINT('',(-29.98173747573,-16.65705468981,68.3));
#13635 = VECTOR('',#13636,1.);
#13636 = DIRECTION('',(0.329690645263,-0.944089020393,0.));
#13637 = PCURVE('',#2120,#13638);
#13638 = DEFINITIONAL_REPRESENTATION('',(#13639),#13642);
#13639 = B_SPLINE_CURVE_WITH_KNOTS('',1,(#13640,#13641),.UNSPECIFIED.,
  .F.,.F.,(2,2),(-6.283472400572,-5.398615739949),
  .PIECEWISE_BEZIER_KNOTS.);
#13640 = CARTESIAN_POINT('',(0.884856660623,-1.8));
#13641 = CARTESIAN_POINT('',(0.,-1.8));
#13642 = ( GEOMETRIC_REPRESENTATION_CONTEXT(2) 
PARAMETRIC_REPRESENTATION_CONTEXT() REPRESENTATION_CONTEXT('2D SPACE',''
  ) );
#13643 = PCURVE('',#13592,#13644);
#13644 = DEFINITIONAL_REPRESENTATION('',(#13645),#13648);
#13645 = B_SPLINE_CURVE_WITH_KNOTS('',1,(#13646,#13647),.UNSPECIFIED.,
  .F.,.F.,(2,2),(-6.283472400572,-5.398615739949),
  .PIECEWISE_BEZIER_KNOTS.);
#13646 = CARTESIAN_POINT('',(-7.226187299633,9.850428917229));
#13647 = CARTESIAN_POINT('',(-6.934458336227,9.015045459314));
#13648 = ( GEOMETRIC_REPRESENTATION_CONTEXT(2) 
PARAMETRIC_REPRESENTATION_CONTEXT() REPRESENTATION_CONTEXT('2D SPACE',''
  ) );
#13649 = ORIENTED_EDGE('',*,*,#13650,.F.);
#13650 = EDGE_CURVE('',#2080,#13630,#13651,.T.);
#13651 = SURFACE_CURVE('',#13652,(#13656,#13663),.PCURVE_S1.);
#13652 = LINE('',#13653,#13654);
#13653 = CARTESIAN_POINT('',(-32.05333954597,-10.72489738649,66.5));
#13654 = VECTOR('',#13655,1.);
#13655 = DIRECTION('',(0.,0.,1.));
#13656 = PCURVE('',#2120,#13657);
#13657 = DEFINITIONAL_REPRESENTATION('',(#13658),#13662);
#13658 = LINE('',#13659,#13660);
#13659 = CARTESIAN_POINT('',(0.884856660623,0.));
#13660 = VECTOR('',#13661,1.);
#13661 = DIRECTION('',(0.,-1.));
#13662 = ( GEOMETRIC_REPRESENTATION_CONTEXT(2) 
PARAMETRIC_REPRESENTATION_CONTEXT() REPRESENTATION_CONTEXT('2D SPACE',''
  ) );
#13663 = PCURVE('',#2094,#13664);
#13664 = DEFINITIONAL_REPRESENTATION('',(#13665),#13669);
#13665 = LINE('',#13666,#13667);
#13666 = CARTESIAN_POINT('',(0.,0.));
#13667 = VECTOR('',#13668,1.);
#13668 = DIRECTION('',(0.,-1.));
#13669 = ( GEOMETRIC_REPRESENTATION_CONTEXT(2) 
PARAMETRIC_REPRESENTATION_CONTEXT() REPRESENTATION_CONTEXT('2D SPACE',''
  ) );
#13670 = ADVANCED_FACE('',(#13671),#2094,.T.);
#13671 = FACE_BOUND('',#13672,.T.);
#13672 = EDGE_LOOP('',(#13673,#13674,#13675,#13696,#13717,#13745,#13766,
    #13792));
#13673 = ORIENTED_EDGE('',*,*,#2079,.T.);
#13674 = ORIENTED_EDGE('',*,*,#13650,.T.);
#13675 = ORIENTED_EDGE('',*,*,#13676,.F.);
#13676 = EDGE_CURVE('',#13677,#13630,#13679,.T.);
#13677 = VERTEX_POINT('',#13678);
#13678 = CARTESIAN_POINT('',(-32.16612069055,-10.37256919089,68.3));
#13679 = SURFACE_CURVE('',#13680,(#13684,#13690),.PCURVE_S1.);
#13680 = LINE('',#13681,#13682);
#13681 = CARTESIAN_POINT('',(-30.28748722904,-16.24141845764,68.3));
#13682 = VECTOR('',#13683,1.);
#13683 = DIRECTION('',(0.304864299028,-0.952395799643,0.));
#13684 = PCURVE('',#2094,#13685);
#13685 = DEFINITIONAL_REPRESENTATION('',(#13686),#13689);
#13686 = B_SPLINE_CURVE_WITH_KNOTS('',1,(#13687,#13688),.UNSPECIFIED.,
  .F.,.F.,(2,2),(-6.677113486224,-5.792256825601),
  .PIECEWISE_BEZIER_KNOTS.);
#13687 = CARTESIAN_POINT('',(0.884856660623,-1.8));
#13688 = CARTESIAN_POINT('',(0.,-1.8));
#13689 = ( GEOMETRIC_REPRESENTATION_CONTEXT(2) 
PARAMETRIC_REPRESENTATION_CONTEXT() REPRESENTATION_CONTEXT('2D SPACE',''
  ) );
#13690 = PCURVE('',#13592,#13691);
#13691 = DEFINITIONAL_REPRESENTATION('',(#13692),#13695);
#13692 = B_SPLINE_CURVE_WITH_KNOTS('',1,(#13693,#13694),.UNSPECIFIED.,
  .F.,.F.,(2,2),(-6.677113486224,-5.792256825601),
  .PIECEWISE_BEZIER_KNOTS.);
#13693 = CARTESIAN_POINT('',(-7.495948505214,10.693162684093));
#13694 = CARTESIAN_POINT('',(-7.226187299633,9.850428917229));
#13695 = ( GEOMETRIC_REPRESENTATION_CONTEXT(2) 
PARAMETRIC_REPRESENTATION_CONTEXT() REPRESENTATION_CONTEXT('2D SPACE',''
  ) );
#13696 = ORIENTED_EDGE('',*,*,#13697,.F.);
#13697 = EDGE_CURVE('',#13698,#13677,#13700,.T.);
#13698 = VERTEX_POINT('',#13699);
#13699 = CARTESIAN_POINT('',(-32.16612069055,-10.37256919089,68.31));
#13700 = SURFACE_CURVE('',#13701,(#13705,#13711),.PCURVE_S1.);
#13701 = LINE('',#13702,#13703);
#13702 = CARTESIAN_POINT('',(-32.16612069055,-10.37256919089,67.4));
#13703 = VECTOR('',#13704,1.);
#13704 = DIRECTION('',(0.,0.,-1.));
#13705 = PCURVE('',#2094,#13706);
#13706 = DEFINITIONAL_REPRESENTATION('',(#13707),#13710);
#13707 = B_SPLINE_CURVE_WITH_KNOTS('',1,(#13708,#13709),.UNSPECIFIED.,
  .F.,.F.,(2,2),(-0.91,-0.9),.PIECEWISE_BEZIER_KNOTS.);
#13708 = CARTESIAN_POINT('',(0.369938838174,-1.81));
#13709 = CARTESIAN_POINT('',(0.369938838174,-1.8));
#13710 = ( GEOMETRIC_REPRESENTATION_CONTEXT(2) 
PARAMETRIC_REPRESENTATION_CONTEXT() REPRESENTATION_CONTEXT('2D SPACE',''
  ) );
#13711 = PCURVE('',#4961,#13712);
#13712 = DEFINITIONAL_REPRESENTATION('',(#13713),#13716);
#13713 = B_SPLINE_CURVE_WITH_KNOTS('',1,(#13714,#13715),.UNSPECIFIED.,
  .F.,.F.,(2,2),(-0.91,-0.9),.PIECEWISE_BEZIER_KNOTS.);
#13714 = CARTESIAN_POINT('',(1.741249427387,-1.000000000001E-02));
#13715 = CARTESIAN_POINT('',(1.741249427387,0.));
#13716 = ( GEOMETRIC_REPRESENTATION_CONTEXT(2) 
PARAMETRIC_REPRESENTATION_CONTEXT() REPRESENTATION_CONTEXT('2D SPACE',''
  ) );
#13717 = ORIENTED_EDGE('',*,*,#13718,.T.);
#13718 = EDGE_CURVE('',#13698,#13719,#13721,.T.);
#13719 = VERTEX_POINT('',#13720);
#13720 = CARTESIAN_POINT('',(-32.2302443426,-10.17224695879,68.31));
#13721 = SURFACE_CURVE('',#13722,(#13726,#13733),.PCURVE_S1.);
#13722 = LINE('',#13723,#13724);
#13723 = CARTESIAN_POINT('',(-32.05333954597,-10.72489738649,68.31));
#13724 = VECTOR('',#13725,1.);
#13725 = DIRECTION('',(-0.304864299028,0.952395799643,0.));
#13726 = PCURVE('',#2094,#13727);
#13727 = DEFINITIONAL_REPRESENTATION('',(#13728),#13732);
#13728 = LINE('',#13729,#13730);
#13729 = CARTESIAN_POINT('',(0.,-1.81));
#13730 = VECTOR('',#13731,1.);
#13731 = DIRECTION('',(1.,0.));
#13732 = ( GEOMETRIC_REPRESENTATION_CONTEXT(2) 
PARAMETRIC_REPRESENTATION_CONTEXT() REPRESENTATION_CONTEXT('2D SPACE',''
  ) );
#13733 = PCURVE('',#13734,#13739);
#13734 = PLANE('',#13735);
#13735 = AXIS2_PLACEMENT_3D('',#13736,#13737,#13738);
#13736 = CARTESIAN_POINT('',(-32.18850571626,-11.71565796622,68.31));
#13737 = DIRECTION('',(0.,0.,1.));
#13738 = DIRECTION('',(1.,0.,-0.));
#13739 = DEFINITIONAL_REPRESENTATION('',(#13740),#13744);
#13740 = LINE('',#13741,#13742);
#13741 = CARTESIAN_POINT('',(0.135166170292,0.990760579734));
#13742 = VECTOR('',#13743,1.);
#13743 = DIRECTION('',(-0.304864299028,0.952395799643));
#13744 = ( GEOMETRIC_REPRESENTATION_CONTEXT(2) 
PARAMETRIC_REPRESENTATION_CONTEXT() REPRESENTATION_CONTEXT('2D SPACE',''
  ) );
#13745 = ORIENTED_EDGE('',*,*,#13746,.F.);
#13746 = EDGE_CURVE('',#13747,#13719,#13749,.T.);
#13747 = VERTEX_POINT('',#13748);
#13748 = CARTESIAN_POINT('',(-32.2302443426,-10.17224695879,68.3));
#13749 = SURFACE_CURVE('',#13750,(#13754,#13760),.PCURVE_S1.);
#13750 = LINE('',#13751,#13752);
#13751 = CARTESIAN_POINT('',(-32.2302443426,-10.17224695879,67.4));
#13752 = VECTOR('',#13753,1.);
#13753 = DIRECTION('',(0.,0.,1.));
#13754 = PCURVE('',#2094,#13755);
#13755 = DEFINITIONAL_REPRESENTATION('',(#13756),#13759);
#13756 = B_SPLINE_CURVE_WITH_KNOTS('',1,(#13757,#13758),.UNSPECIFIED.,
  .F.,.F.,(2,2),(0.9,0.91),.PIECEWISE_BEZIER_KNOTS.);
#13757 = CARTESIAN_POINT('',(0.580273902831,-1.8));
#13758 = CARTESIAN_POINT('',(0.580273902831,-1.81));
#13759 = ( GEOMETRIC_REPRESENTATION_CONTEXT(2) 
PARAMETRIC_REPRESENTATION_CONTEXT() REPRESENTATION_CONTEXT('2D SPACE',''
  ) );
#13760 = PCURVE('',#4989,#13761);
#13761 = DEFINITIONAL_REPRESENTATION('',(#13762),#13765);
#13762 = B_SPLINE_CURVE_WITH_KNOTS('',1,(#13763,#13764),.UNSPECIFIED.,
  .F.,.F.,(2,2),(0.9,0.91),.PIECEWISE_BEZIER_KNOTS.);
#13763 = CARTESIAN_POINT('',(0.101016437561,0.));
#13764 = CARTESIAN_POINT('',(0.101016437561,-1.000000000001E-02));
#13765 = ( GEOMETRIC_REPRESENTATION_CONTEXT(2) 
PARAMETRIC_REPRESENTATION_CONTEXT() REPRESENTATION_CONTEXT('2D SPACE',''
  ) );
#13766 = ORIENTED_EDGE('',*,*,#13767,.F.);
#13767 = EDGE_CURVE('',#13768,#13747,#13770,.T.);
#13768 = VERTEX_POINT('',#13769);
#13769 = CARTESIAN_POINT('',(-32.32310075155,-9.882163619628,68.3));
#13770 = SURFACE_CURVE('',#13771,(#13775,#13781),.PCURVE_S1.);
#13771 = LINE('',#13772,#13773);
#13772 = CARTESIAN_POINT('',(-30.28748722904,-16.24141845764,68.3));
#13773 = VECTOR('',#13774,1.);
#13774 = DIRECTION('',(0.304864299028,-0.952395799643,0.));
#13775 = PCURVE('',#2094,#13776);
#13776 = DEFINITIONAL_REPRESENTATION('',(#13777),#13780);
#13777 = B_SPLINE_CURVE_WITH_KNOTS('',1,(#13778,#13779),.UNSPECIFIED.,
  .F.,.F.,(2,2),(-6.677113486224,-5.792256825601),
  .PIECEWISE_BEZIER_KNOTS.);
#13778 = CARTESIAN_POINT('',(0.884856660623,-1.8));
#13779 = CARTESIAN_POINT('',(0.,-1.8));
#13780 = ( GEOMETRIC_REPRESENTATION_CONTEXT(2) 
PARAMETRIC_REPRESENTATION_CONTEXT() REPRESENTATION_CONTEXT('2D SPACE',''
  ) );
#13781 = PCURVE('',#13782,#13787);
#13782 = PLANE('',#13783);
#13783 = AXIS2_PLACEMENT_3D('',#13784,#13785,#13786);
#13784 = CARTESIAN_POINT('',(-24.82715224633,-20.57532630372,68.3));
#13785 = DIRECTION('',(0.,0.,1.));
#13786 = DIRECTION('',(1.,0.,-0.));
#13787 = DEFINITIONAL_REPRESENTATION('',(#13788),#13791);
#13788 = B_SPLINE_CURVE_WITH_KNOTS('',1,(#13789,#13790),.UNSPECIFIED.,
  .F.,.F.,(2,2),(-6.677113486224,-5.792256825601),
  .PIECEWISE_BEZIER_KNOTS.);
#13789 = CARTESIAN_POINT('',(-7.495948505214,10.693162684093));
#13790 = CARTESIAN_POINT('',(-7.226187299633,9.850428917229));
#13791 = ( GEOMETRIC_REPRESENTATION_CONTEXT(2) 
PARAMETRIC_REPRESENTATION_CONTEXT() REPRESENTATION_CONTEXT('2D SPACE',''
  ) );
#13792 = ORIENTED_EDGE('',*,*,#13793,.F.);
#13793 = EDGE_CURVE('',#2054,#13768,#13794,.T.);
#13794 = SURFACE_CURVE('',#13795,(#13799,#13806),.PCURVE_S1.);
#13795 = LINE('',#13796,#13797);
#13796 = CARTESIAN_POINT('',(-32.32310075155,-9.882163619628,66.5));
#13797 = VECTOR('',#13798,1.);
#13798 = DIRECTION('',(0.,0.,1.));
#13799 = PCURVE('',#2094,#13800);
#13800 = DEFINITIONAL_REPRESENTATION('',(#13801),#13805);
#13801 = LINE('',#13802,#13803);
#13802 = CARTESIAN_POINT('',(0.884856660623,0.));
#13803 = VECTOR('',#13804,1.);
#13804 = DIRECTION('',(0.,-1.));
#13805 = ( GEOMETRIC_REPRESENTATION_CONTEXT(2) 
PARAMETRIC_REPRESENTATION_CONTEXT() REPRESENTATION_CONTEXT('2D SPACE',''
  ) );
#13806 = PCURVE('',#2068,#13807);
#13807 = DEFINITIONAL_REPRESENTATION('',(#13808),#13812);
#13808 = LINE('',#13809,#13810);
#13809 = CARTESIAN_POINT('',(0.,0.));
#13810 = VECTOR('',#13811,1.);
#13811 = DIRECTION('',(0.,-1.));
#13812 = ( GEOMETRIC_REPRESENTATION_CONTEXT(2) 
PARAMETRIC_REPRESENTATION_CONTEXT() REPRESENTATION_CONTEXT('2D SPACE',''
  ) );
#13813 = ADVANCED_FACE('',(#13814),#2068,.T.);
#13814 = FACE_BOUND('',#13815,.T.);
#13815 = EDGE_LOOP('',(#13816,#13817,#13818,#13839));
#13816 = ORIENTED_EDGE('',*,*,#2053,.T.);
#13817 = ORIENTED_EDGE('',*,*,#13793,.T.);
#13818 = ORIENTED_EDGE('',*,*,#13819,.F.);
#13819 = EDGE_CURVE('',#13820,#13768,#13822,.T.);
#13820 = VERTEX_POINT('',#13821);
#13821 = CARTESIAN_POINT('',(-32.57070931845,-9.032657111445,68.3));
#13822 = SURFACE_CURVE('',#13823,(#13827,#13833),.PCURVE_S1.);
#13823 = LINE('',#13824,#13825);
#13824 = CARTESIAN_POINT('',(-30.59326030659,-15.81697732377,68.3));
#13825 = VECTOR('',#13826,1.);
#13826 = DIRECTION('',(0.279829014031,-0.960049854386,0.));
#13827 = PCURVE('',#2068,#13828);
#13828 = DEFINITIONAL_REPRESENTATION('',(#13829),#13832);
#13829 = B_SPLINE_CURVE_WITH_KNOTS('',1,(#13830,#13831),.UNSPECIFIED.,
  .F.,.F.,(2,2),(-7.066633239238,-6.181776578615),
  .PIECEWISE_BEZIER_KNOTS.);
#13830 = CARTESIAN_POINT('',(0.884856660623,-1.8));
#13831 = CARTESIAN_POINT('',(0.,-1.8));
#13832 = ( GEOMETRIC_REPRESENTATION_CONTEXT(2) 
PARAMETRIC_REPRESENTATION_CONTEXT() REPRESENTATION_CONTEXT('2D SPACE',''
  ) );
#13833 = PCURVE('',#13782,#13834);
#13834 = DEFINITIONAL_REPRESENTATION('',(#13835),#13838);
#13835 = B_SPLINE_CURVE_WITH_KNOTS('',1,(#13836,#13837),.UNSPECIFIED.,
  .F.,.F.,(2,2),(-7.066633239238,-6.181776578615),
  .PIECEWISE_BEZIER_KNOTS.);
#13836 = CARTESIAN_POINT('',(-7.743557072115,11.542669192276));
#13837 = CARTESIAN_POINT('',(-7.495948505214,10.693162684093));
#13838 = ( GEOMETRIC_REPRESENTATION_CONTEXT(2) 
PARAMETRIC_REPRESENTATION_CONTEXT() REPRESENTATION_CONTEXT('2D SPACE',''
  ) );
#13839 = ORIENTED_EDGE('',*,*,#13840,.F.);
#13840 = EDGE_CURVE('',#2028,#13820,#13841,.T.);
#13841 = SURFACE_CURVE('',#13842,(#13846,#13853),.PCURVE_S1.);
#13842 = LINE('',#13843,#13844);
#13843 = CARTESIAN_POINT('',(-32.57070931845,-9.032657111445,66.5));
#13844 = VECTOR('',#13845,1.);
#13845 = DIRECTION('',(0.,0.,1.));
#13846 = PCURVE('',#2068,#13847);
#13847 = DEFINITIONAL_REPRESENTATION('',(#13848),#13852);
#13848 = LINE('',#13849,#13850);
#13849 = CARTESIAN_POINT('',(0.884856660623,0.));
#13850 = VECTOR('',#13851,1.);
#13851 = DIRECTION('',(0.,-1.));
#13852 = ( GEOMETRIC_REPRESENTATION_CONTEXT(2) 
PARAMETRIC_REPRESENTATION_CONTEXT() REPRESENTATION_CONTEXT('2D SPACE',''
  ) );
#13853 = PCURVE('',#2042,#13854);
#13854 = DEFINITIONAL_REPRESENTATION('',(#13855),#13859);
#13855 = LINE('',#13856,#13857);
#13856 = CARTESIAN_POINT('',(0.,0.));
#13857 = VECTOR('',#13858,1.);
#13858 = DIRECTION('',(0.,-1.));
#13859 = ( GEOMETRIC_REPRESENTATION_CONTEXT(2) 
PARAMETRIC_REPRESENTATION_CONTEXT() REPRESENTATION_CONTEXT('2D SPACE',''
  ) );
#13860 = ADVANCED_FACE('',(#13861),#2042,.T.);
#13861 = FACE_BOUND('',#13862,.T.);
#13862 = EDGE_LOOP('',(#13863,#13864,#13865,#13886,#13907,#13935,#13956,
    #13982));
#13863 = ORIENTED_EDGE('',*,*,#2027,.T.);
#13864 = ORIENTED_EDGE('',*,*,#13840,.T.);
#13865 = ORIENTED_EDGE('',*,*,#13866,.F.);
#13866 = EDGE_CURVE('',#13867,#13820,#13869,.T.);
#13867 = VERTEX_POINT('',#13868);
#13868 = CARTESIAN_POINT('',(-32.68472990911,-8.59957657167,68.3));
#13869 = SURFACE_CURVE('',#13870,(#13874,#13880),.PCURVE_S1.);
#13870 = LINE('',#13871,#13872);
#13871 = CARTESIAN_POINT('',(-30.89876173737,-15.3831588643,68.3));
#13872 = VECTOR('',#13873,1.);
#13873 = DIRECTION('',(0.254601948206,-0.967045938914,0.));
#13874 = PCURVE('',#2042,#13875);
#13875 = DEFINITIONAL_REPRESENTATION('',(#13876),#13879);
#13876 = B_SPLINE_CURVE_WITH_KNOTS('',1,(#13877,#13878),.UNSPECIFIED.,
  .F.,.F.,(2,2),(-7.451764702232,-6.566908041609),
  .PIECEWISE_BEZIER_KNOTS.);
#13877 = CARTESIAN_POINT('',(0.884856660623,-1.8));
#13878 = CARTESIAN_POINT('',(0.,-1.8));
#13879 = ( GEOMETRIC_REPRESENTATION_CONTEXT(2) 
PARAMETRIC_REPRESENTATION_CONTEXT() REPRESENTATION_CONTEXT('2D SPACE',''
  ) );
#13880 = PCURVE('',#13782,#13881);
#13881 = DEFINITIONAL_REPRESENTATION('',(#13882),#13885);
#13882 = B_SPLINE_CURVE_WITH_KNOTS('',1,(#13883,#13884),.UNSPECIFIED.,
  .F.,.F.,(2,2),(-7.451764702232,-6.566908041609),
  .PIECEWISE_BEZIER_KNOTS.);
#13883 = CARTESIAN_POINT('',(-7.968843301792,12.398366232452));
#13884 = CARTESIAN_POINT('',(-7.743557072115,11.542669192276));
#13885 = ( GEOMETRIC_REPRESENTATION_CONTEXT(2) 
PARAMETRIC_REPRESENTATION_CONTEXT() REPRESENTATION_CONTEXT('2D SPACE',''
  ) );
#13886 = ORIENTED_EDGE('',*,*,#13887,.F.);
#13887 = EDGE_CURVE('',#13888,#13867,#13890,.T.);
#13888 = VERTEX_POINT('',#13889);
#13889 = CARTESIAN_POINT('',(-32.68472990911,-8.59957657167,68.31));
#13890 = SURFACE_CURVE('',#13891,(#13895,#13901),.PCURVE_S1.);
#13891 = LINE('',#13892,#13893);
#13892 = CARTESIAN_POINT('',(-32.68472990911,-8.59957657167,67.4));
#13893 = VECTOR('',#13894,1.);
#13894 = DIRECTION('',(0.,0.,-1.));
#13895 = PCURVE('',#2042,#13896);
#13896 = DEFINITIONAL_REPRESENTATION('',(#13897),#13900);
#13897 = B_SPLINE_CURVE_WITH_KNOTS('',1,(#13898,#13899),.UNSPECIFIED.,
  .F.,.F.,(2,2),(-0.91,-0.9),.PIECEWISE_BEZIER_KNOTS.);
#13898 = CARTESIAN_POINT('',(0.447838641732,-1.81));
#13899 = CARTESIAN_POINT('',(0.447838641732,-1.8));
#13900 = ( GEOMETRIC_REPRESENTATION_CONTEXT(2) 
PARAMETRIC_REPRESENTATION_CONTEXT() REPRESENTATION_CONTEXT('2D SPACE',''
  ) );
#13901 = PCURVE('',#4989,#13902);
#13902 = DEFINITIONAL_REPRESENTATION('',(#13903),#13906);
#13903 = B_SPLINE_CURVE_WITH_KNOTS('',1,(#13904,#13905),.UNSPECIFIED.,
  .F.,.F.,(2,2),(-0.91,-0.9),.PIECEWISE_BEZIER_KNOTS.);
#13904 = CARTESIAN_POINT('',(1.738040956836,-1.000000000001E-02));
#13905 = CARTESIAN_POINT('',(1.738040956836,0.));
#13906 = ( GEOMETRIC_REPRESENTATION_CONTEXT(2) 
PARAMETRIC_REPRESENTATION_CONTEXT() REPRESENTATION_CONTEXT('2D SPACE',''
  ) );
#13907 = ORIENTED_EDGE('',*,*,#13908,.T.);
#13908 = EDGE_CURVE('',#13888,#13909,#13911,.T.);
#13909 = VERTEX_POINT('',#13910);
#13910 = CARTESIAN_POINT('',(-32.73556830258,-8.406478827184,68.31));
#13911 = SURFACE_CURVE('',#13912,(#13916,#13923),.PCURVE_S1.);
#13912 = LINE('',#13913,#13914);
#13913 = CARTESIAN_POINT('',(-32.57070931845,-9.032657111445,68.31));
#13914 = VECTOR('',#13915,1.);
#13915 = DIRECTION('',(-0.254601948206,0.967045938914,0.));
#13916 = PCURVE('',#2042,#13917);
#13917 = DEFINITIONAL_REPRESENTATION('',(#13918),#13922);
#13918 = LINE('',#13919,#13920);
#13919 = CARTESIAN_POINT('',(0.,-1.81));
#13920 = VECTOR('',#13921,1.);
#13921 = DIRECTION('',(1.,0.));
#13922 = ( GEOMETRIC_REPRESENTATION_CONTEXT(2) 
PARAMETRIC_REPRESENTATION_CONTEXT() REPRESENTATION_CONTEXT('2D SPACE',''
  ) );
#13923 = PCURVE('',#13924,#13929);
#13924 = PLANE('',#13925);
#13925 = AXIS2_PLACEMENT_3D('',#13926,#13927,#13928);
#13926 = CARTESIAN_POINT('',(-32.18850571626,-11.71565796622,68.31));
#13927 = DIRECTION('',(0.,0.,1.));
#13928 = DIRECTION('',(1.,0.,-0.));
#13929 = DEFINITIONAL_REPRESENTATION('',(#13930),#13934);
#13930 = LINE('',#13931,#13932);
#13931 = CARTESIAN_POINT('',(-0.38220360219,2.683000854782));
#13932 = VECTOR('',#13933,1.);
#13933 = DIRECTION('',(-0.254601948206,0.967045938914));
#13934 = ( GEOMETRIC_REPRESENTATION_CONTEXT(2) 
PARAMETRIC_REPRESENTATION_CONTEXT() REPRESENTATION_CONTEXT('2D SPACE',''
  ) );
#13935 = ORIENTED_EDGE('',*,*,#13936,.F.);
#13936 = EDGE_CURVE('',#13937,#13909,#13939,.T.);
#13937 = VERTEX_POINT('',#13938);
#13938 = CARTESIAN_POINT('',(-32.73556830258,-8.406478827184,68.3));
#13939 = SURFACE_CURVE('',#13940,(#13944,#13950),.PCURVE_S1.);
#13940 = LINE('',#13941,#13942);
#13941 = CARTESIAN_POINT('',(-32.73556830258,-8.406478827184,67.4));
#13942 = VECTOR('',#13943,1.);
#13943 = DIRECTION('',(0.,0.,1.));
#13944 = PCURVE('',#2042,#13945);
#13945 = DEFINITIONAL_REPRESENTATION('',(#13946),#13949);
#13946 = B_SPLINE_CURVE_WITH_KNOTS('',1,(#13947,#13948),.UNSPECIFIED.,
  .F.,.F.,(2,2),(0.9,0.91),.PIECEWISE_BEZIER_KNOTS.);
#13947 = CARTESIAN_POINT('',(0.64751658537,-1.8));
#13948 = CARTESIAN_POINT('',(0.64751658537,-1.81));
#13949 = ( GEOMETRIC_REPRESENTATION_CONTEXT(2) 
PARAMETRIC_REPRESENTATION_CONTEXT() REPRESENTATION_CONTEXT('2D SPACE',''
  ) );
#13950 = PCURVE('',#5017,#13951);
#13951 = DEFINITIONAL_REPRESENTATION('',(#13952),#13955);
#13952 = B_SPLINE_CURVE_WITH_KNOTS('',1,(#13953,#13954),.UNSPECIFIED.,
  .F.,.F.,(2,2),(0.9,0.91),.PIECEWISE_BEZIER_KNOTS.);
#13953 = CARTESIAN_POINT('',(8.714575837708E-02,0.));
#13954 = CARTESIAN_POINT('',(8.714575837708E-02,-1.000000000001E-02));
#13955 = ( GEOMETRIC_REPRESENTATION_CONTEXT(2) 
PARAMETRIC_REPRESENTATION_CONTEXT() REPRESENTATION_CONTEXT('2D SPACE',''
  ) );
#13956 = ORIENTED_EDGE('',*,*,#13957,.F.);
#13957 = EDGE_CURVE('',#13958,#13937,#13960,.T.);
#13958 = VERTEX_POINT('',#13959);
#13959 = CARTESIAN_POINT('',(-32.79599554812,-8.176960071269,68.3));
#13960 = SURFACE_CURVE('',#13961,(#13965,#13971),.PCURVE_S1.);
#13961 = LINE('',#13962,#13963);
#13962 = CARTESIAN_POINT('',(-30.89876173737,-15.3831588643,68.3));
#13963 = VECTOR('',#13964,1.);
#13964 = DIRECTION('',(0.254601948206,-0.967045938914,0.));
#13965 = PCURVE('',#2042,#13966);
#13966 = DEFINITIONAL_REPRESENTATION('',(#13967),#13970);
#13967 = B_SPLINE_CURVE_WITH_KNOTS('',1,(#13968,#13969),.UNSPECIFIED.,
  .F.,.F.,(2,2),(-7.451764702232,-6.566908041609),
  .PIECEWISE_BEZIER_KNOTS.);
#13968 = CARTESIAN_POINT('',(0.884856660623,-1.8));
#13969 = CARTESIAN_POINT('',(0.,-1.8));
#13970 = ( GEOMETRIC_REPRESENTATION_CONTEXT(2) 
PARAMETRIC_REPRESENTATION_CONTEXT() REPRESENTATION_CONTEXT('2D SPACE',''
  ) );
#13971 = PCURVE('',#13972,#13977);
#13972 = PLANE('',#13973);
#13973 = AXIS2_PLACEMENT_3D('',#13974,#13975,#13976);
#13974 = CARTESIAN_POINT('',(-24.82715224633,-20.57532630372,68.3));
#13975 = DIRECTION('',(0.,0.,1.));
#13976 = DIRECTION('',(1.,0.,-0.));
#13977 = DEFINITIONAL_REPRESENTATION('',(#13978),#13981);
#13978 = B_SPLINE_CURVE_WITH_KNOTS('',1,(#13979,#13980),.UNSPECIFIED.,
  .F.,.F.,(2,2),(-7.451764702232,-6.566908041609),
  .PIECEWISE_BEZIER_KNOTS.);
#13979 = CARTESIAN_POINT('',(-7.968843301792,12.398366232452));
#13980 = CARTESIAN_POINT('',(-7.743557072115,11.542669192276));
#13981 = ( GEOMETRIC_REPRESENTATION_CONTEXT(2) 
PARAMETRIC_REPRESENTATION_CONTEXT() REPRESENTATION_CONTEXT('2D SPACE',''
  ) );
#13982 = ORIENTED_EDGE('',*,*,#13983,.F.);
#13983 = EDGE_CURVE('',#2002,#13958,#13984,.T.);
#13984 = SURFACE_CURVE('',#13985,(#13989,#13996),.PCURVE_S1.);
#13985 = LINE('',#13986,#13987);
#13986 = CARTESIAN_POINT('',(-32.79599554812,-8.176960071269,66.5));
#13987 = VECTOR('',#13988,1.);
#13988 = DIRECTION('',(0.,0.,1.));
#13989 = PCURVE('',#2042,#13990);
#13990 = DEFINITIONAL_REPRESENTATION('',(#13991),#13995);
#13991 = LINE('',#13992,#13993);
#13992 = CARTESIAN_POINT('',(0.884856660623,0.));
#13993 = VECTOR('',#13994,1.);
#13994 = DIRECTION('',(0.,-1.));
#13995 = ( GEOMETRIC_REPRESENTATION_CONTEXT(2) 
PARAMETRIC_REPRESENTATION_CONTEXT() REPRESENTATION_CONTEXT('2D SPACE',''
  ) );
#13996 = PCURVE('',#2016,#13997);
#13997 = DEFINITIONAL_REPRESENTATION('',(#13998),#14002);
#13998 = LINE('',#13999,#14000);
#13999 = CARTESIAN_POINT('',(0.,0.));
#14000 = VECTOR('',#14001,1.);
#14001 = DIRECTION('',(0.,-1.));
#14002 = ( GEOMETRIC_REPRESENTATION_CONTEXT(2) 
PARAMETRIC_REPRESENTATION_CONTEXT() REPRESENTATION_CONTEXT('2D SPACE',''
  ) );
#14003 = ADVANCED_FACE('',(#14004),#2016,.T.);
#14004 = FACE_BOUND('',#14005,.T.);
#14005 = EDGE_LOOP('',(#14006,#14007,#14008,#14029));
#14006 = ORIENTED_EDGE('',*,*,#2001,.T.);
#14007 = ORIENTED_EDGE('',*,*,#13983,.T.);
#14008 = ORIENTED_EDGE('',*,*,#14009,.F.);
#14009 = EDGE_CURVE('',#14010,#13958,#14012,.T.);
#14010 = VERTEX_POINT('',#14011);
#14011 = CARTESIAN_POINT('',(-32.99880504065,-7.315658951108,68.3));
#14012 = SURFACE_CURVE('',#14013,(#14017,#14023),.PCURVE_S1.);
#14013 = LINE('',#14014,#14015);
#14014 = CARTESIAN_POINT('',(-31.20365167116,-14.93940273523,68.3));
#14015 = VECTOR('',#14016,1.);
#14016 = DIRECTION('',(0.229200390922,-0.97337925846,0.));
#14017 = PCURVE('',#2016,#14018);
#14018 = DEFINITIONAL_REPRESENTATION('',(#14019),#14022);
#14019 = B_SPLINE_CURVE_WITH_KNOTS('',1,(#14020,#14021),.UNSPECIFIED.,
  .F.,.F.,(2,2),(-7.832243925341,-6.947387264718),
  .PIECEWISE_BEZIER_KNOTS.);
#14020 = CARTESIAN_POINT('',(0.884856660623,-1.8));
#14021 = CARTESIAN_POINT('',(0.,-1.8));
#14022 = ( GEOMETRIC_REPRESENTATION_CONTEXT(2) 
PARAMETRIC_REPRESENTATION_CONTEXT() REPRESENTATION_CONTEXT('2D SPACE',''
  ) );
#14023 = PCURVE('',#13972,#14024);
#14024 = DEFINITIONAL_REPRESENTATION('',(#14025),#14028);
#14025 = B_SPLINE_CURVE_WITH_KNOTS('',1,(#14026,#14027),.UNSPECIFIED.,
  .F.,.F.,(2,2),(-7.832243925341,-6.947387264718),
  .PIECEWISE_BEZIER_KNOTS.);
#14026 = CARTESIAN_POINT('',(-8.171652794317,13.259667352613));
#14027 = CARTESIAN_POINT('',(-7.968843301792,12.398366232452));
#14028 = ( GEOMETRIC_REPRESENTATION_CONTEXT(2) 
PARAMETRIC_REPRESENTATION_CONTEXT() REPRESENTATION_CONTEXT('2D SPACE',''
  ) );
#14029 = ORIENTED_EDGE('',*,*,#14030,.F.);
#14030 = EDGE_CURVE('',#1976,#14010,#14031,.T.);
#14031 = SURFACE_CURVE('',#14032,(#14036,#14043),.PCURVE_S1.);
#14032 = LINE('',#14033,#14034);
#14033 = CARTESIAN_POINT('',(-32.99880504065,-7.315658951108,66.5));
#14034 = VECTOR('',#14035,1.);
#14035 = DIRECTION('',(0.,0.,1.));
#14036 = PCURVE('',#2016,#14037);
#14037 = DEFINITIONAL_REPRESENTATION('',(#14038),#14042);
#14038 = LINE('',#14039,#14040);
#14039 = CARTESIAN_POINT('',(0.884856660623,0.));
#14040 = VECTOR('',#14041,1.);
#14041 = DIRECTION('',(0.,-1.));
#14042 = ( GEOMETRIC_REPRESENTATION_CONTEXT(2) 
PARAMETRIC_REPRESENTATION_CONTEXT() REPRESENTATION_CONTEXT('2D SPACE',''
  ) );
#14043 = PCURVE('',#1990,#14044);
#14044 = DEFINITIONAL_REPRESENTATION('',(#14045),#14049);
#14045 = LINE('',#14046,#14047);
#14046 = CARTESIAN_POINT('',(0.,0.));
#14047 = VECTOR('',#14048,1.);
#14048 = DIRECTION('',(0.,-1.));
#14049 = ( GEOMETRIC_REPRESENTATION_CONTEXT(2) 
PARAMETRIC_REPRESENTATION_CONTEXT() REPRESENTATION_CONTEXT('2D SPACE',''
  ) );
#14050 = ADVANCED_FACE('',(#14051),#1990,.T.);
#14051 = FACE_BOUND('',#14052,.T.);
#14052 = EDGE_LOOP('',(#14053,#14054,#14055,#14076,#14097,#14125,#14146,
    #14172));
#14053 = ORIENTED_EDGE('',*,*,#1975,.T.);
#14054 = ORIENTED_EDGE('',*,*,#14030,.T.);
#14055 = ORIENTED_EDGE('',*,*,#14056,.F.);
#14056 = EDGE_CURVE('',#14057,#14010,#14059,.T.);
#14057 = VERTEX_POINT('',#14058);
#14058 = CARTESIAN_POINT('',(-33.10756562192,-6.792772293152,68.3));
#14059 = SURFACE_CURVE('',#14060,(#14064,#14070),.PCURVE_S1.);
#14060 = LINE('',#14061,#14062);
#14061 = CARTESIAN_POINT('',(-31.50754596914,-14.48516340726,68.3));
#14062 = VECTOR('',#14063,1.);
#14063 = DIRECTION('',(0.20364175114,-0.979045472485,0.));
#14064 = PCURVE('',#1990,#14065);
#14065 = DEFINITIONAL_REPRESENTATION('',(#14066),#14069);
#14066 = B_SPLINE_CURVE_WITH_KNOTS('',1,(#14067,#14068),.UNSPECIFIED.,
  .F.,.F.,(2,2),(-8.207810147109,-7.322953486486),
  .PIECEWISE_BEZIER_KNOTS.);
#14067 = CARTESIAN_POINT('',(0.884856660623,-1.8));
#14068 = CARTESIAN_POINT('',(0.,-1.8));
#14069 = ( GEOMETRIC_REPRESENTATION_CONTEXT(2) 
PARAMETRIC_REPRESENTATION_CONTEXT() REPRESENTATION_CONTEXT('2D SPACE',''
  ) );
#14070 = PCURVE('',#13972,#14071);
#14071 = DEFINITIONAL_REPRESENTATION('',(#14072),#14075);
#14072 = B_SPLINE_CURVE_WITH_KNOTS('',1,(#14073,#14074),.UNSPECIFIED.,
  .F.,.F.,(2,2),(-8.207810147109,-7.322953486486),
  .PIECEWISE_BEZIER_KNOTS.);
#14073 = CARTESIAN_POINT('',(-8.351846554194,14.125982259994));
#14074 = CARTESIAN_POINT('',(-8.171652794317,13.259667352613));
#14075 = ( GEOMETRIC_REPRESENTATION_CONTEXT(2) 
PARAMETRIC_REPRESENTATION_CONTEXT() REPRESENTATION_CONTEXT('2D SPACE',''
  ) );
#14076 = ORIENTED_EDGE('',*,*,#14077,.F.);
#14077 = EDGE_CURVE('',#14078,#14057,#14080,.T.);
#14078 = VERTEX_POINT('',#14079);
#14079 = CARTESIAN_POINT('',(-33.10756562192,-6.792772293152,68.31));
#14080 = SURFACE_CURVE('',#14081,(#14085,#14091),.PCURVE_S1.);
#14081 = LINE('',#14082,#14083);
#14082 = CARTESIAN_POINT('',(-33.10756562192,-6.792772293152,67.4));
#14083 = VECTOR('',#14084,1.);
#14084 = DIRECTION('',(0.,0.,-1.));
#14085 = PCURVE('',#1990,#14086);
#14086 = DEFINITIONAL_REPRESENTATION('',(#14087),#14090);
#14087 = B_SPLINE_CURVE_WITH_KNOTS('',1,(#14088,#14089),.UNSPECIFIED.,
  .F.,.F.,(2,2),(-0.91,-0.9),.PIECEWISE_BEZIER_KNOTS.);
#14088 = CARTESIAN_POINT('',(0.534078010319,-1.81));
#14089 = CARTESIAN_POINT('',(0.534078010319,-1.8));
#14090 = ( GEOMETRIC_REPRESENTATION_CONTEXT(2) 
PARAMETRIC_REPRESENTATION_CONTEXT() REPRESENTATION_CONTEXT('2D SPACE',''
  ) );
#14091 = PCURVE('',#5017,#14092);
#14092 = DEFINITIONAL_REPRESENTATION('',(#14093),#14096);
#14093 = B_SPLINE_CURVE_WITH_KNOTS('',1,(#14094,#14095),.UNSPECIFIED.,
  .F.,.F.,(2,2),(-0.91,-0.9),.PIECEWISE_BEZIER_KNOTS.);
#14094 = CARTESIAN_POINT('',(1.743174376358,-1.000000000001E-02));
#14095 = CARTESIAN_POINT('',(1.743174376358,0.));
#14096 = ( GEOMETRIC_REPRESENTATION_CONTEXT(2) 
PARAMETRIC_REPRESENTATION_CONTEXT() REPRESENTATION_CONTEXT('2D SPACE',''
  ) );
#14097 = ORIENTED_EDGE('',*,*,#14098,.T.);
#14098 = EDGE_CURVE('',#14078,#14099,#14101,.T.);
#14099 = VERTEX_POINT('',#14100);
#14100 = CARTESIAN_POINT('',(-33.14357625627,-6.619644492366,68.31));
#14101 = SURFACE_CURVE('',#14102,(#14106,#14113),.PCURVE_S1.);
#14102 = LINE('',#14103,#14104);
#14103 = CARTESIAN_POINT('',(-32.99880504065,-7.315658951108,68.31));
#14104 = VECTOR('',#14105,1.);
#14105 = DIRECTION('',(-0.20364175114,0.979045472485,0.));
#14106 = PCURVE('',#1990,#14107);
#14107 = DEFINITIONAL_REPRESENTATION('',(#14108),#14112);
#14108 = LINE('',#14109,#14110);
#14109 = CARTESIAN_POINT('',(0.,-1.81));
#14110 = VECTOR('',#14111,1.);
#14111 = DIRECTION('',(1.,0.));
#14112 = ( GEOMETRIC_REPRESENTATION_CONTEXT(2) 
PARAMETRIC_REPRESENTATION_CONTEXT() REPRESENTATION_CONTEXT('2D SPACE',''
  ) );
#14113 = PCURVE('',#14114,#14119);
#14114 = PLANE('',#14115);
#14115 = AXIS2_PLACEMENT_3D('',#14116,#14117,#14118);
#14116 = CARTESIAN_POINT('',(-32.18850571626,-11.71565796622,68.31));
#14117 = DIRECTION('',(0.,0.,1.));
#14118 = DIRECTION('',(1.,0.,-0.));
#14119 = DEFINITIONAL_REPRESENTATION('',(#14120),#14124);
#14120 = LINE('',#14121,#14122);
#14121 = CARTESIAN_POINT('',(-0.810299324392,4.399999015119));
#14122 = VECTOR('',#14123,1.);
#14123 = DIRECTION('',(-0.20364175114,0.979045472485));
#14124 = ( GEOMETRIC_REPRESENTATION_CONTEXT(2) 
PARAMETRIC_REPRESENTATION_CONTEXT() REPRESENTATION_CONTEXT('2D SPACE',''
  ) );
#14125 = ORIENTED_EDGE('',*,*,#14126,.F.);
#14126 = EDGE_CURVE('',#14127,#14099,#14129,.T.);
#14127 = VERTEX_POINT('',#14128);
#14128 = CARTESIAN_POINT('',(-33.14357625627,-6.619644492366,68.3));
#14129 = SURFACE_CURVE('',#14130,(#14134,#14140),.PCURVE_S1.);
#14130 = LINE('',#14131,#14132);
#14131 = CARTESIAN_POINT('',(-33.14357625627,-6.619644492365,67.4));
#14132 = VECTOR('',#14133,1.);
#14133 = DIRECTION('',(0.,0.,1.));
#14134 = PCURVE('',#1990,#14135);
#14135 = DEFINITIONAL_REPRESENTATION('',(#14136),#14139);
#14136 = B_SPLINE_CURVE_WITH_KNOTS('',1,(#14137,#14138),.UNSPECIFIED.,
  .F.,.F.,(2,2),(0.9,0.91),.PIECEWISE_BEZIER_KNOTS.);
#14137 = CARTESIAN_POINT('',(0.710911268479,-1.8));
#14138 = CARTESIAN_POINT('',(0.710911268479,-1.81));
#14139 = ( GEOMETRIC_REPRESENTATION_CONTEXT(2) 
PARAMETRIC_REPRESENTATION_CONTEXT() REPRESENTATION_CONTEXT('2D SPACE',''
  ) );
#14140 = PCURVE('',#5045,#14141);
#14141 = DEFINITIONAL_REPRESENTATION('',(#14142),#14145);
#14142 = B_SPLINE_CURVE_WITH_KNOTS('',1,(#14143,#14144),.UNSPECIFIED.,
  .F.,.F.,(2,2),(0.9,0.91),.PIECEWISE_BEZIER_KNOTS.);
#14143 = CARTESIAN_POINT('',(6.942407487105E-02,0.));
#14144 = CARTESIAN_POINT('',(6.942407487105E-02,-1.000000000001E-02));
#14145 = ( GEOMETRIC_REPRESENTATION_CONTEXT(2) 
PARAMETRIC_REPRESENTATION_CONTEXT() REPRESENTATION_CONTEXT('2D SPACE',''
  ) );
#14146 = ORIENTED_EDGE('',*,*,#14147,.F.);
#14147 = EDGE_CURVE('',#14148,#14127,#14150,.T.);
#14148 = VERTEX_POINT('',#14149);
#14149 = CARTESIAN_POINT('',(-33.17899880053,-6.449344043727,68.3));
#14150 = SURFACE_CURVE('',#14151,(#14155,#14161),.PCURVE_S1.);
#14151 = LINE('',#14152,#14153);
#14152 = CARTESIAN_POINT('',(-31.50754596914,-14.48516340726,68.3));
#14153 = VECTOR('',#14154,1.);
#14154 = DIRECTION('',(0.20364175114,-0.979045472485,0.));
#14155 = PCURVE('',#1990,#14156);
#14156 = DEFINITIONAL_REPRESENTATION('',(#14157),#14160);
#14157 = B_SPLINE_CURVE_WITH_KNOTS('',1,(#14158,#14159),.UNSPECIFIED.,
  .F.,.F.,(2,2),(-8.207810147109,-7.322953486486),
  .PIECEWISE_BEZIER_KNOTS.);
#14158 = CARTESIAN_POINT('',(0.884856660623,-1.8));
#14159 = CARTESIAN_POINT('',(0.,-1.8));
#14160 = ( GEOMETRIC_REPRESENTATION_CONTEXT(2) 
PARAMETRIC_REPRESENTATION_CONTEXT() REPRESENTATION_CONTEXT('2D SPACE',''
  ) );
#14161 = PCURVE('',#14162,#14167);
#14162 = PLANE('',#14163);
#14163 = AXIS2_PLACEMENT_3D('',#14164,#14165,#14166);
#14164 = CARTESIAN_POINT('',(-24.82715224633,-20.57532630372,68.3));
#14165 = DIRECTION('',(0.,0.,1.));
#14166 = DIRECTION('',(1.,0.,-0.));
#14167 = DEFINITIONAL_REPRESENTATION('',(#14168),#14171);
#14168 = B_SPLINE_CURVE_WITH_KNOTS('',1,(#14169,#14170),.UNSPECIFIED.,
  .F.,.F.,(2,2),(-8.207810147109,-7.322953486486),
  .PIECEWISE_BEZIER_KNOTS.);
#14169 = CARTESIAN_POINT('',(-8.351846554194,14.125982259994));
#14170 = CARTESIAN_POINT('',(-8.171652794317,13.259667352613));
#14171 = ( GEOMETRIC_REPRESENTATION_CONTEXT(2) 
PARAMETRIC_REPRESENTATION_CONTEXT() REPRESENTATION_CONTEXT('2D SPACE',''
  ) );
#14172 = ORIENTED_EDGE('',*,*,#14173,.F.);
#14173 = EDGE_CURVE('',#1950,#14148,#14174,.T.);
#14174 = SURFACE_CURVE('',#14175,(#14179,#14186),.PCURVE_S1.);
#14175 = LINE('',#14176,#14177);
#14176 = CARTESIAN_POINT('',(-33.17899880053,-6.449344043727,66.5));
#14177 = VECTOR('',#14178,1.);
#14178 = DIRECTION('',(0.,0.,1.));
#14179 = PCURVE('',#1990,#14180);
#14180 = DEFINITIONAL_REPRESENTATION('',(#14181),#14185);
#14181 = LINE('',#14182,#14183);
#14182 = CARTESIAN_POINT('',(0.884856660623,0.));
#14183 = VECTOR('',#14184,1.);
#14184 = DIRECTION('',(0.,-1.));
#14185 = ( GEOMETRIC_REPRESENTATION_CONTEXT(2) 
PARAMETRIC_REPRESENTATION_CONTEXT() REPRESENTATION_CONTEXT('2D SPACE',''
  ) );
#14186 = PCURVE('',#1964,#14187);
#14187 = DEFINITIONAL_REPRESENTATION('',(#14188),#14192);
#14188 = LINE('',#14189,#14190);
#14189 = CARTESIAN_POINT('',(0.,0.));
#14190 = VECTOR('',#14191,1.);
#14191 = DIRECTION('',(0.,-1.));
#14192 = ( GEOMETRIC_REPRESENTATION_CONTEXT(2) 
PARAMETRIC_REPRESENTATION_CONTEXT() REPRESENTATION_CONTEXT('2D SPACE',''
  ) );
#14193 = ADVANCED_FACE('',(#14194),#1964,.T.);
#14194 = FACE_BOUND('',#14195,.T.);
#14195 = EDGE_LOOP('',(#14196,#14197,#14198,#14219));
#14196 = ORIENTED_EDGE('',*,*,#1949,.T.);
#14197 = ORIENTED_EDGE('',*,*,#14173,.T.);
#14198 = ORIENTED_EDGE('',*,*,#14199,.F.);
#14199 = EDGE_CURVE('',#14200,#14148,#14202,.T.);
#14200 = VERTEX_POINT('',#14201);
#14201 = CARTESIAN_POINT('',(-33.33645333195,-5.578609078091,68.3));
#14202 = SURFACE_CURVE('',#14203,(#14207,#14213),.PCURVE_S1.);
#14203 = LINE('',#14204,#14205);
#14204 = CARTESIAN_POINT('',(-31.81001694728,-14.01991286852,68.3));
#14205 = VECTOR('',#14206,1.);
#14206 = DIRECTION('',(0.177943545474,-0.984040697646,0.));
#14207 = PCURVE('',#1964,#14208);
#14208 = DEFINITIONAL_REPRESENTATION('',(#14209),#14212);
#14209 = B_SPLINE_CURVE_WITH_KNOTS('',1,(#14210,#14211),.UNSPECIFIED.,
  .F.,.F.,(2,2),(-8.578205973208,-7.693349312585),
  .PIECEWISE_BEZIER_KNOTS.);
#14210 = CARTESIAN_POINT('',(0.884856660623,-1.8));
#14211 = CARTESIAN_POINT('',(0.,-1.8));
#14212 = ( GEOMETRIC_REPRESENTATION_CONTEXT(2) 
PARAMETRIC_REPRESENTATION_CONTEXT() REPRESENTATION_CONTEXT('2D SPACE',''
  ) );
#14213 = PCURVE('',#14162,#14214);
#14214 = DEFINITIONAL_REPRESENTATION('',(#14215),#14218);
#14215 = B_SPLINE_CURVE_WITH_KNOTS('',1,(#14216,#14217),.UNSPECIFIED.,
  .F.,.F.,(2,2),(-8.578205973208,-7.693349312585),
  .PIECEWISE_BEZIER_KNOTS.);
#14216 = CARTESIAN_POINT('',(-8.509301085622,14.99671722563));
#14217 = CARTESIAN_POINT('',(-8.351846554194,14.125982259994));
#14218 = ( GEOMETRIC_REPRESENTATION_CONTEXT(2) 
PARAMETRIC_REPRESENTATION_CONTEXT() REPRESENTATION_CONTEXT('2D SPACE',''
  ) );
#14219 = ORIENTED_EDGE('',*,*,#14220,.F.);
#14220 = EDGE_CURVE('',#1924,#14200,#14221,.T.);
#14221 = SURFACE_CURVE('',#14222,(#14226,#14233),.PCURVE_S1.);
#14222 = LINE('',#14223,#14224);
#14223 = CARTESIAN_POINT('',(-33.33645333195,-5.578609078091,66.5));
#14224 = VECTOR('',#14225,1.);
#14225 = DIRECTION('',(0.,0.,1.));
#14226 = PCURVE('',#1964,#14227);
#14227 = DEFINITIONAL_REPRESENTATION('',(#14228),#14232);
#14228 = LINE('',#14229,#14230);
#14229 = CARTESIAN_POINT('',(0.884856660623,0.));
#14230 = VECTOR('',#14231,1.);
#14231 = DIRECTION('',(0.,-1.));
#14232 = ( GEOMETRIC_REPRESENTATION_CONTEXT(2) 
PARAMETRIC_REPRESENTATION_CONTEXT() REPRESENTATION_CONTEXT('2D SPACE',''
  ) );
#14233 = PCURVE('',#1938,#14234);
#14234 = DEFINITIONAL_REPRESENTATION('',(#14235),#14239);
#14235 = LINE('',#14236,#14237);
#14236 = CARTESIAN_POINT('',(0.,0.));
#14237 = VECTOR('',#14238,1.);
#14238 = DIRECTION('',(0.,-1.));
#14239 = ( GEOMETRIC_REPRESENTATION_CONTEXT(2) 
PARAMETRIC_REPRESENTATION_CONTEXT() REPRESENTATION_CONTEXT('2D SPACE',''
  ) );
#14240 = ADVANCED_FACE('',(#14241),#1938,.T.);
#14241 = FACE_BOUND('',#14242,.T.);
#14242 = EDGE_LOOP('',(#14243,#14244,#14245,#14266,#14287,#14315,#14336,
    #14362));
#14243 = ORIENTED_EDGE('',*,*,#1923,.T.);
#14244 = ORIENTED_EDGE('',*,*,#14220,.T.);
#14245 = ORIENTED_EDGE('',*,*,#14246,.F.);
#14246 = EDGE_CURVE('',#14247,#14200,#14249,.T.);
#14247 = VERTEX_POINT('',#14248);
#14248 = CARTESIAN_POINT('',(-33.43256529908,-4.954159600696,68.3));
#14249 = SURFACE_CURVE('',#14250,(#14254,#14260),.PCURVE_S1.);
#14250 = LINE('',#14251,#14252);
#14251 = CARTESIAN_POINT('',(-32.11059427082,-13.54314328695,68.3));
#14252 = VECTOR('',#14253,1.);
#14253 = DIRECTION('',(0.15212338619,-0.988361510468,0.));
#14254 = PCURVE('',#1938,#14255);
#14255 = DEFINITIONAL_REPRESENTATION('',(#14256),#14259);
#14256 = B_SPLINE_CURVE_WITH_KNOTS('',1,(#14257,#14258),.UNSPECIFIED.,
  .F.,.F.,(2,2),(-8.943177552841,-8.058320892218),
  .PIECEWISE_BEZIER_KNOTS.);
#14257 = CARTESIAN_POINT('',(0.884856660623,-1.8));
#14258 = CARTESIAN_POINT('',(0.,-1.8));
#14259 = ( GEOMETRIC_REPRESENTATION_CONTEXT(2) 
PARAMETRIC_REPRESENTATION_CONTEXT() REPRESENTATION_CONTEXT('2D SPACE',''
  ) );
#14260 = PCURVE('',#14162,#14261);
#14261 = DEFINITIONAL_REPRESENTATION('',(#14262),#14265);
#14262 = B_SPLINE_CURVE_WITH_KNOTS('',1,(#14263,#14264),.UNSPECIFIED.,
  .F.,.F.,(2,2),(-8.943177552841,-8.058320892218),
  .PIECEWISE_BEZIER_KNOTS.);
#14263 = CARTESIAN_POINT('',(-8.643908477128,15.871275491271));
#14264 = CARTESIAN_POINT('',(-8.509301085622,14.99671722563));
#14265 = ( GEOMETRIC_REPRESENTATION_CONTEXT(2) 
PARAMETRIC_REPRESENTATION_CONTEXT() REPRESENTATION_CONTEXT('2D SPACE',''
  ) );
#14266 = ORIENTED_EDGE('',*,*,#14267,.F.);
#14267 = EDGE_CURVE('',#14268,#14247,#14270,.T.);
#14268 = VERTEX_POINT('',#14269);
#14269 = CARTESIAN_POINT('',(-33.43256529908,-4.954159600696,68.31));
#14270 = SURFACE_CURVE('',#14271,(#14275,#14281),.PCURVE_S1.);
#14271 = LINE('',#14272,#14273);
#14272 = CARTESIAN_POINT('',(-33.43256529908,-4.954159600695,67.4));
#14273 = VECTOR('',#14274,1.);
#14274 = DIRECTION('',(0.,0.,-1.));
#14275 = PCURVE('',#1938,#14276);
#14276 = DEFINITIONAL_REPRESENTATION('',(#14277),#14280);
#14277 = B_SPLINE_CURVE_WITH_KNOTS('',1,(#14278,#14279),.UNSPECIFIED.,
  .F.,.F.,(2,2),(-0.91,-0.9),.PIECEWISE_BEZIER_KNOTS.);
#14278 = CARTESIAN_POINT('',(0.631802706583,-1.81));
#14279 = CARTESIAN_POINT('',(0.631802706583,-1.8));
#14280 = ( GEOMETRIC_REPRESENTATION_CONTEXT(2) 
PARAMETRIC_REPRESENTATION_CONTEXT() REPRESENTATION_CONTEXT('2D SPACE',''
  ) );
#14281 = PCURVE('',#5045,#14282);
#14282 = DEFINITIONAL_REPRESENTATION('',(#14283),#14286);
#14283 = B_SPLINE_CURVE_WITH_KNOTS('',1,(#14284,#14285),.UNSPECIFIED.,
  .F.,.F.,(2,2),(-0.91,-0.9),.PIECEWISE_BEZIER_KNOTS.);
#14284 = CARTESIAN_POINT('',(1.759795214961,-1.000000000001E-02));
#14285 = CARTESIAN_POINT('',(1.759795214961,0.));
#14286 = ( GEOMETRIC_REPRESENTATION_CONTEXT(2) 
PARAMETRIC_REPRESENTATION_CONTEXT() REPRESENTATION_CONTEXT('2D SPACE',''
  ) );
#14287 = ORIENTED_EDGE('',*,*,#14288,.T.);
#14288 = EDGE_CURVE('',#14268,#14289,#14291,.T.);
#14289 = VERTEX_POINT('',#14290);
#14290 = CARTESIAN_POINT('',(-33.45377621668,-4.816350056222,68.31));
#14291 = SURFACE_CURVE('',#14292,(#14296,#14303),.PCURVE_S1.);
#14292 = LINE('',#14293,#14294);
#14293 = CARTESIAN_POINT('',(-33.33645333195,-5.578609078091,68.31));
#14294 = VECTOR('',#14295,1.);
#14295 = DIRECTION('',(-0.15212338619,0.988361510468,0.));
#14296 = PCURVE('',#1938,#14297);
#14297 = DEFINITIONAL_REPRESENTATION('',(#14298),#14302);
#14298 = LINE('',#14299,#14300);
#14299 = CARTESIAN_POINT('',(0.,-1.81));
#14300 = VECTOR('',#14301,1.);
#14301 = DIRECTION('',(1.,0.));
#14302 = ( GEOMETRIC_REPRESENTATION_CONTEXT(2) 
PARAMETRIC_REPRESENTATION_CONTEXT() REPRESENTATION_CONTEXT('2D SPACE',''
  ) );
#14303 = PCURVE('',#14304,#14309);
#14304 = PLANE('',#14305);
#14305 = AXIS2_PLACEMENT_3D('',#14306,#14307,#14308);
#14306 = CARTESIAN_POINT('',(-32.18850571626,-11.71565796622,68.31));
#14307 = DIRECTION('',(0.,0.,1.));
#14308 = DIRECTION('',(1.,0.,-0.));
#14309 = DEFINITIONAL_REPRESENTATION('',(#14310),#14314);
#14310 = LINE('',#14311,#14312);
#14311 = CARTESIAN_POINT('',(-1.147947615697,6.137048888136));
#14312 = VECTOR('',#14313,1.);
#14313 = DIRECTION('',(-0.15212338619,0.988361510468));
#14314 = ( GEOMETRIC_REPRESENTATION_CONTEXT(2) 
PARAMETRIC_REPRESENTATION_CONTEXT() REPRESENTATION_CONTEXT('2D SPACE',''
  ) );
#14315 = ORIENTED_EDGE('',*,*,#14316,.F.);
#14316 = EDGE_CURVE('',#14317,#14289,#14319,.T.);
#14317 = VERTEX_POINT('',#14318);
#14318 = CARTESIAN_POINT('',(-33.45377621668,-4.816350056222,68.3));
#14319 = SURFACE_CURVE('',#14320,(#14324,#14330),.PCURVE_S1.);
#14320 = LINE('',#14321,#14322);
#14321 = CARTESIAN_POINT('',(-33.45377621668,-4.816350056222,67.4));
#14322 = VECTOR('',#14323,1.);
#14323 = DIRECTION('',(0.,0.,1.));
#14324 = PCURVE('',#1938,#14325);
#14325 = DEFINITIONAL_REPRESENTATION('',(#14326),#14329);
#14326 = B_SPLINE_CURVE_WITH_KNOTS('',1,(#14327,#14328),.UNSPECIFIED.,
  .F.,.F.,(2,2),(0.9,0.91),.PIECEWISE_BEZIER_KNOTS.);
#14327 = CARTESIAN_POINT('',(0.771235032724,-1.8));
#14328 = CARTESIAN_POINT('',(0.771235032724,-1.81));
#14329 = ( GEOMETRIC_REPRESENTATION_CONTEXT(2) 
PARAMETRIC_REPRESENTATION_CONTEXT() REPRESENTATION_CONTEXT('2D SPACE',''
  ) );
#14330 = PCURVE('',#5073,#14331);
#14331 = DEFINITIONAL_REPRESENTATION('',(#14332),#14335);
#14332 = B_SPLINE_CURVE_WITH_KNOTS('',1,(#14333,#14334),.UNSPECIFIED.,
  .F.,.F.,(2,2),(0.9,0.91),.PIECEWISE_BEZIER_KNOTS.);
#14333 = CARTESIAN_POINT('',(4.862823384606E-02,0.));
#14334 = CARTESIAN_POINT('',(4.862823384606E-02,-1.000000000001E-02));
#14335 = ( GEOMETRIC_REPRESENTATION_CONTEXT(2) 
PARAMETRIC_REPRESENTATION_CONTEXT() REPRESENTATION_CONTEXT('2D SPACE',''
  ) );
#14336 = ORIENTED_EDGE('',*,*,#14337,.F.);
#14337 = EDGE_CURVE('',#14338,#14317,#14340,.T.);
#14338 = VERTEX_POINT('',#14339);
#14339 = CARTESIAN_POINT('',(-33.47106072346,-4.70405081245,68.3));
#14340 = SURFACE_CURVE('',#14341,(#14345,#14351),.PCURVE_S1.);
#14341 = LINE('',#14342,#14343);
#14342 = CARTESIAN_POINT('',(-32.11059427082,-13.54314328695,68.3));
#14343 = VECTOR('',#14344,1.);
#14344 = DIRECTION('',(0.15212338619,-0.988361510468,0.));
#14345 = PCURVE('',#1938,#14346);
#14346 = DEFINITIONAL_REPRESENTATION('',(#14347),#14350);
#14347 = B_SPLINE_CURVE_WITH_KNOTS('',1,(#14348,#14349),.UNSPECIFIED.,
  .F.,.F.,(2,2),(-8.943177552841,-8.058320892218),
  .PIECEWISE_BEZIER_KNOTS.);
#14348 = CARTESIAN_POINT('',(0.884856660623,-1.8));
#14349 = CARTESIAN_POINT('',(0.,-1.8));
#14350 = ( GEOMETRIC_REPRESENTATION_CONTEXT(2) 
PARAMETRIC_REPRESENTATION_CONTEXT() REPRESENTATION_CONTEXT('2D SPACE',''
  ) );
#14351 = PCURVE('',#14352,#14357);
#14352 = PLANE('',#14353);
#14353 = AXIS2_PLACEMENT_3D('',#14354,#14355,#14356);
#14354 = CARTESIAN_POINT('',(-24.82715224633,-20.57532630372,68.3));
#14355 = DIRECTION('',(0.,0.,1.));
#14356 = DIRECTION('',(1.,0.,-0.));
#14357 = DEFINITIONAL_REPRESENTATION('',(#14358),#14361);
#14358 = B_SPLINE_CURVE_WITH_KNOTS('',1,(#14359,#14360),.UNSPECIFIED.,
  .F.,.F.,(2,2),(-8.943177552841,-8.058320892218),
  .PIECEWISE_BEZIER_KNOTS.);
#14359 = CARTESIAN_POINT('',(-8.643908477128,15.871275491271));
#14360 = CARTESIAN_POINT('',(-8.509301085622,14.99671722563));
#14361 = ( GEOMETRIC_REPRESENTATION_CONTEXT(2) 
PARAMETRIC_REPRESENTATION_CONTEXT() REPRESENTATION_CONTEXT('2D SPACE',''
  ) );
#14362 = ORIENTED_EDGE('',*,*,#14363,.F.);
#14363 = EDGE_CURVE('',#1898,#14338,#14364,.T.);
#14364 = SURFACE_CURVE('',#14365,(#14369,#14376),.PCURVE_S1.);
#14365 = LINE('',#14366,#14367);
#14366 = CARTESIAN_POINT('',(-33.47106072346,-4.70405081245,66.5));
#14367 = VECTOR('',#14368,1.);
#14368 = DIRECTION('',(0.,0.,1.));
#14369 = PCURVE('',#1938,#14370);
#14370 = DEFINITIONAL_REPRESENTATION('',(#14371),#14375);
#14371 = LINE('',#14372,#14373);
#14372 = CARTESIAN_POINT('',(0.884856660623,0.));
#14373 = VECTOR('',#14374,1.);
#14374 = DIRECTION('',(0.,-1.));
#14375 = ( GEOMETRIC_REPRESENTATION_CONTEXT(2) 
PARAMETRIC_REPRESENTATION_CONTEXT() REPRESENTATION_CONTEXT('2D SPACE',''
  ) );
#14376 = PCURVE('',#1912,#14377);
#14377 = DEFINITIONAL_REPRESENTATION('',(#14378),#14382);
#14378 = LINE('',#14379,#14380);
#14379 = CARTESIAN_POINT('',(0.,0.));
#14380 = VECTOR('',#14381,1.);
#14381 = DIRECTION('',(0.,-1.));
#14382 = ( GEOMETRIC_REPRESENTATION_CONTEXT(2) 
PARAMETRIC_REPRESENTATION_CONTEXT() REPRESENTATION_CONTEXT('2D SPACE',''
  ) );
#14383 = ADVANCED_FACE('',(#14384),#1912,.T.);
#14384 = FACE_BOUND('',#14385,.T.);
#14385 = EDGE_LOOP('',(#14386,#14387,#14388,#14409));
#14386 = ORIENTED_EDGE('',*,*,#1897,.T.);
#14387 = ORIENTED_EDGE('',*,*,#14363,.T.);
#14388 = ORIENTED_EDGE('',*,*,#14389,.F.);
#14389 = EDGE_CURVE('',#14390,#14338,#14392,.T.);
#14390 = VERTEX_POINT('',#14391);
#14391 = CARTESIAN_POINT('',(-33.58272872186,-3.826268625355,68.3));
#14392 = SURFACE_CURVE('',#14393,(#14397,#14403),.PCURVE_S1.);
#14393 = LINE('',#14394,#14395);
#14394 = CARTESIAN_POINT('',(-32.40876599766,-13.05436962432,68.3));
#14395 = VECTOR('',#14396,1.);
#14396 = DIRECTION('',(0.126198969136,-0.99200494968,0.));
#14397 = PCURVE('',#1912,#14398);
#14398 = DEFINITIONAL_REPRESENTATION('',(#14399),#14402);
#14399 = B_SPLINE_CURVE_WITH_KNOTS('',1,(#14400,#14401),.UNSPECIFIED.,
  .F.,.F.,(2,2),(-9.302474752718,-8.417618092095),
  .PIECEWISE_BEZIER_KNOTS.);
#14400 = CARTESIAN_POINT('',(0.884856660623,-1.8));
#14401 = CARTESIAN_POINT('',(0.,-1.8));
#14402 = ( GEOMETRIC_REPRESENTATION_CONTEXT(2) 
PARAMETRIC_REPRESENTATION_CONTEXT() REPRESENTATION_CONTEXT('2D SPACE',''
  ) );
#14403 = PCURVE('',#14352,#14404);
#14404 = DEFINITIONAL_REPRESENTATION('',(#14405),#14408);
#14405 = B_SPLINE_CURVE_WITH_KNOTS('',1,(#14406,#14407),.UNSPECIFIED.,
  .F.,.F.,(2,2),(-9.302474752718,-8.417618092095),
  .PIECEWISE_BEZIER_KNOTS.);
#14406 = CARTESIAN_POINT('',(-8.755576475532,16.749057678366));
#14407 = CARTESIAN_POINT('',(-8.643908477128,15.871275491271));
#14408 = ( GEOMETRIC_REPRESENTATION_CONTEXT(2) 
PARAMETRIC_REPRESENTATION_CONTEXT() REPRESENTATION_CONTEXT('2D SPACE',''
  ) );
#14409 = ORIENTED_EDGE('',*,*,#14410,.F.);
#14410 = EDGE_CURVE('',#1872,#14390,#14411,.T.);
#14411 = SURFACE_CURVE('',#14412,(#14416,#14423),.PCURVE_S1.);
#14412 = LINE('',#14413,#14414);
#14413 = CARTESIAN_POINT('',(-33.58272872186,-3.826268625355,66.5));
#14414 = VECTOR('',#14415,1.);
#14415 = DIRECTION('',(0.,0.,1.));
#14416 = PCURVE('',#1912,#14417);
#14417 = DEFINITIONAL_REPRESENTATION('',(#14418),#14422);
#14418 = LINE('',#14419,#14420);
#14419 = CARTESIAN_POINT('',(0.884856660623,0.));
#14420 = VECTOR('',#14421,1.);
#14421 = DIRECTION('',(0.,-1.));
#14422 = ( GEOMETRIC_REPRESENTATION_CONTEXT(2) 
PARAMETRIC_REPRESENTATION_CONTEXT() REPRESENTATION_CONTEXT('2D SPACE',''
  ) );
#14423 = PCURVE('',#1886,#14424);
#14424 = DEFINITIONAL_REPRESENTATION('',(#14425),#14429);
#14425 = LINE('',#14426,#14427);
#14426 = CARTESIAN_POINT('',(0.,0.));
#14427 = VECTOR('',#14428,1.);
#14428 = DIRECTION('',(0.,-1.));
#14429 = ( GEOMETRIC_REPRESENTATION_CONTEXT(2) 
PARAMETRIC_REPRESENTATION_CONTEXT() REPRESENTATION_CONTEXT('2D SPACE',''
  ) );
#14430 = ADVANCED_FACE('',(#14431),#1886,.T.);
#14431 = FACE_BOUND('',#14432,.T.);
#14432 = EDGE_LOOP('',(#14433,#14434,#14435,#14456,#14477,#14505,#14526,
    #14552));
#14433 = ORIENTED_EDGE('',*,*,#1871,.T.);
#14434 = ORIENTED_EDGE('',*,*,#14410,.T.);
#14435 = ORIENTED_EDGE('',*,*,#14436,.F.);
#14436 = EDGE_CURVE('',#14437,#14390,#14439,.T.);
#14437 = VERTEX_POINT('',#14438);
#14438 = CARTESIAN_POINT('',(-33.65746578511,-3.084054194993,68.3));
#14439 = SURFACE_CURVE('',#14440,(#14444,#14450),.PCURVE_S1.);
#14440 = LINE('',#14441,#14442);
#14441 = CARTESIAN_POINT('',(-32.70397976768,-12.55313219362,68.3));
#14442 = VECTOR('',#14443,1.);
#14443 = DIRECTION('',(0.100188061612,-0.994968518251,0.));
#14444 = PCURVE('',#1886,#14445);
#14445 = DEFINITIONAL_REPRESENTATION('',(#14446),#14449);
#14446 = B_SPLINE_CURVE_WITH_KNOTS('',1,(#14447,#14448),.UNSPECIFIED.,
  .F.,.F.,(2,2),(-9.655851328484,-8.770994667861),
  .PIECEWISE_BEZIER_KNOTS.);
#14447 = CARTESIAN_POINT('',(0.884856660623,-1.8));
#14448 = CARTESIAN_POINT('',(0.,-1.8));
#14449 = ( GEOMETRIC_REPRESENTATION_CONTEXT(2) 
PARAMETRIC_REPRESENTATION_CONTEXT() REPRESENTATION_CONTEXT('2D SPACE',''
  ) );
#14450 = PCURVE('',#14352,#14451);
#14451 = DEFINITIONAL_REPRESENTATION('',(#14452),#14455);
#14452 = B_SPLINE_CURVE_WITH_KNOTS('',1,(#14453,#14454),.UNSPECIFIED.,
  .F.,.F.,(2,2),(-9.655851328484,-8.770994667861),
  .PIECEWISE_BEZIER_KNOTS.);
#14453 = CARTESIAN_POINT('',(-8.844228549164,17.62946219885));
#14454 = CARTESIAN_POINT('',(-8.755576475532,16.749057678366));
#14455 = ( GEOMETRIC_REPRESENTATION_CONTEXT(2) 
PARAMETRIC_REPRESENTATION_CONTEXT() REPRESENTATION_CONTEXT('2D SPACE',''
  ) );
#14456 = ORIENTED_EDGE('',*,*,#14457,.F.);
#14457 = EDGE_CURVE('',#14458,#14437,#14460,.T.);
#14458 = VERTEX_POINT('',#14459);
#14459 = CARTESIAN_POINT('',(-33.65746578511,-3.084054194993,68.31));
#14460 = SURFACE_CURVE('',#14461,(#14465,#14471),.PCURVE_S1.);
#14461 = LINE('',#14462,#14463);
#14462 = CARTESIAN_POINT('',(-33.65746578511,-3.084054194992,67.4));
#14463 = VECTOR('',#14464,1.);
#14464 = DIRECTION('',(0.,0.,-1.));
#14465 = PCURVE('',#1886,#14466);
#14466 = DEFINITIONAL_REPRESENTATION('',(#14467),#14470);
#14467 = B_SPLINE_CURVE_WITH_KNOTS('',1,(#14468,#14469),.UNSPECIFIED.,
  .F.,.F.,(2,2),(-0.91,-0.9),.PIECEWISE_BEZIER_KNOTS.);
#14468 = CARTESIAN_POINT('',(0.7459677535,-1.81));
#14469 = CARTESIAN_POINT('',(0.7459677535,-1.8));
#14470 = ( GEOMETRIC_REPRESENTATION_CONTEXT(2) 
PARAMETRIC_REPRESENTATION_CONTEXT() REPRESENTATION_CONTEXT('2D SPACE',''
  ) );
#14471 = PCURVE('',#5073,#14472);
#14472 = DEFINITIONAL_REPRESENTATION('',(#14473),#14476);
#14473 = B_SPLINE_CURVE_WITH_KNOTS('',1,(#14474,#14475),.UNSPECIFIED.,
  .F.,.F.,(2,2),(-0.91,-0.9),.PIECEWISE_BEZIER_KNOTS.);
#14474 = CARTESIAN_POINT('',(1.792858262002,-1.000000000001E-02));
#14475 = CARTESIAN_POINT('',(1.792858262002,0.));
#14476 = ( GEOMETRIC_REPRESENTATION_CONTEXT(2) 
PARAMETRIC_REPRESENTATION_CONTEXT() REPRESENTATION_CONTEXT('2D SPACE',''
  ) );
#14477 = ORIENTED_EDGE('',*,*,#14478,.T.);
#14478 = EDGE_CURVE('',#14458,#14479,#14481,.T.);
#14479 = VERTEX_POINT('',#14480);
#14480 = CARTESIAN_POINT('',(-33.66579154273,-3.001371023061,68.31));
#14481 = SURFACE_CURVE('',#14482,(#14486,#14493),.PCURVE_S1.);
#14482 = LINE('',#14483,#14484);
#14483 = CARTESIAN_POINT('',(-33.58272872186,-3.826268625355,68.31));
#14484 = VECTOR('',#14485,1.);
#14485 = DIRECTION('',(-0.100188061612,0.994968518251,0.));
#14486 = PCURVE('',#1886,#14487);
#14487 = DEFINITIONAL_REPRESENTATION('',(#14488),#14492);
#14488 = LINE('',#14489,#14490);
#14489 = CARTESIAN_POINT('',(0.,-1.81));
#14490 = VECTOR('',#14491,1.);
#14491 = DIRECTION('',(1.,0.));
#14492 = ( GEOMETRIC_REPRESENTATION_CONTEXT(2) 
PARAMETRIC_REPRESENTATION_CONTEXT() REPRESENTATION_CONTEXT('2D SPACE',''
  ) );
#14493 = PCURVE('',#14494,#14499);
#14494 = PLANE('',#14495);
#14495 = AXIS2_PLACEMENT_3D('',#14496,#14497,#14498);
#14496 = CARTESIAN_POINT('',(-32.18850571626,-11.71565796622,68.31));
#14497 = DIRECTION('',(0.,0.,1.));
#14498 = DIRECTION('',(1.,0.,-0.));
#14499 = DEFINITIONAL_REPRESENTATION('',(#14500),#14504);
#14500 = LINE('',#14501,#14502);
#14501 = CARTESIAN_POINT('',(-1.394223005607,7.889389340871));
#14502 = VECTOR('',#14503,1.);
#14503 = DIRECTION('',(-0.100188061612,0.994968518251));
#14504 = ( GEOMETRIC_REPRESENTATION_CONTEXT(2) 
PARAMETRIC_REPRESENTATION_CONTEXT() REPRESENTATION_CONTEXT('2D SPACE',''
  ) );
#14505 = ORIENTED_EDGE('',*,*,#14506,.F.);
#14506 = EDGE_CURVE('',#14507,#14479,#14509,.T.);
#14507 = VERTEX_POINT('',#14508);
#14508 = CARTESIAN_POINT('',(-33.66579154273,-3.001371023061,68.3));
#14509 = SURFACE_CURVE('',#14510,(#14514,#14520),.PCURVE_S1.);
#14510 = LINE('',#14511,#14512);
#14511 = CARTESIAN_POINT('',(-33.66579154273,-3.001371023061,67.4));
#14512 = VECTOR('',#14513,1.);
#14513 = DIRECTION('',(0.,0.,1.));
#14514 = PCURVE('',#1886,#14515);
#14515 = DEFINITIONAL_REPRESENTATION('',(#14516),#14519);
#14516 = B_SPLINE_CURVE_WITH_KNOTS('',1,(#14517,#14518),.UNSPECIFIED.,
  .F.,.F.,(2,2),(0.9,0.91),.PIECEWISE_BEZIER_KNOTS.);
#14517 = CARTESIAN_POINT('',(0.829069048078,-1.8));
#14518 = CARTESIAN_POINT('',(0.829069048078,-1.81));
#14519 = ( GEOMETRIC_REPRESENTATION_CONTEXT(2) 
PARAMETRIC_REPRESENTATION_CONTEXT() REPRESENTATION_CONTEXT('2D SPACE',''
  ) );
#14520 = PCURVE('',#5099,#14521);
#14521 = DEFINITIONAL_REPRESENTATION('',(#14522),#14525);
#14522 = B_SPLINE_CURVE_WITH_KNOTS('',1,(#14523,#14524),.UNSPECIFIED.,
  .F.,.F.,(2,2),(0.9,0.91),.PIECEWISE_BEZIER_KNOTS.);
#14523 = CARTESIAN_POINT('',(2.533917147461E-02,0.));
#14524 = CARTESIAN_POINT('',(2.533917147461E-02,-1.000000000001E-02));
#14525 = ( GEOMETRIC_REPRESENTATION_CONTEXT(2) 
PARAMETRIC_REPRESENTATION_CONTEXT() REPRESENTATION_CONTEXT('2D SPACE',''
  ) );
#14526 = ORIENTED_EDGE('',*,*,#14527,.F.);
#14527 = EDGE_CURVE('',#14528,#14507,#14530,.T.);
#14528 = VERTEX_POINT('',#14529);
#14529 = CARTESIAN_POINT('',(-33.6713807955,-2.945864104871,68.3));
#14530 = SURFACE_CURVE('',#14531,(#14535,#14541),.PCURVE_S1.);
#14531 = LINE('',#14532,#14533);
#14532 = CARTESIAN_POINT('',(-32.70397976768,-12.55313219362,68.3));
#14533 = VECTOR('',#14534,1.);
#14534 = DIRECTION('',(0.100188061612,-0.994968518251,0.));
#14535 = PCURVE('',#1886,#14536);
#14536 = DEFINITIONAL_REPRESENTATION('',(#14537),#14540);
#14537 = B_SPLINE_CURVE_WITH_KNOTS('',1,(#14538,#14539),.UNSPECIFIED.,
  .F.,.F.,(2,2),(-9.655851328484,-8.770994667861),
  .PIECEWISE_BEZIER_KNOTS.);
#14538 = CARTESIAN_POINT('',(0.884856660623,-1.8));
#14539 = CARTESIAN_POINT('',(0.,-1.8));
#14540 = ( GEOMETRIC_REPRESENTATION_CONTEXT(2) 
PARAMETRIC_REPRESENTATION_CONTEXT() REPRESENTATION_CONTEXT('2D SPACE',''
  ) );
#14541 = PCURVE('',#14542,#14547);
#14542 = PLANE('',#14543);
#14543 = AXIS2_PLACEMENT_3D('',#14544,#14545,#14546);
#14544 = CARTESIAN_POINT('',(-24.82715224633,-20.57532630372,68.3));
#14545 = DIRECTION('',(0.,0.,1.));
#14546 = DIRECTION('',(1.,0.,-0.));
#14547 = DEFINITIONAL_REPRESENTATION('',(#14548),#14551);
#14548 = B_SPLINE_CURVE_WITH_KNOTS('',1,(#14549,#14550),.UNSPECIFIED.,
  .F.,.F.,(2,2),(-9.655851328484,-8.770994667861),
  .PIECEWISE_BEZIER_KNOTS.);
#14549 = CARTESIAN_POINT('',(-8.844228549164,17.62946219885));
#14550 = CARTESIAN_POINT('',(-8.755576475532,16.749057678366));
#14551 = ( GEOMETRIC_REPRESENTATION_CONTEXT(2) 
PARAMETRIC_REPRESENTATION_CONTEXT() REPRESENTATION_CONTEXT('2D SPACE',''
  ) );
#14552 = ORIENTED_EDGE('',*,*,#14553,.F.);
#14553 = EDGE_CURVE('',#1846,#14528,#14554,.T.);
#14554 = SURFACE_CURVE('',#14555,(#14559,#14566),.PCURVE_S1.);
#14555 = LINE('',#14556,#14557);
#14556 = CARTESIAN_POINT('',(-33.6713807955,-2.945864104871,66.5));
#14557 = VECTOR('',#14558,1.);
#14558 = DIRECTION('',(0.,0.,1.));
#14559 = PCURVE('',#1886,#14560);
#14560 = DEFINITIONAL_REPRESENTATION('',(#14561),#14565);
#14561 = LINE('',#14562,#14563);
#14562 = CARTESIAN_POINT('',(0.884856660623,0.));
#14563 = VECTOR('',#14564,1.);
#14564 = DIRECTION('',(0.,-1.));
#14565 = ( GEOMETRIC_REPRESENTATION_CONTEXT(2) 
PARAMETRIC_REPRESENTATION_CONTEXT() REPRESENTATION_CONTEXT('2D SPACE',''
  ) );
#14566 = PCURVE('',#1860,#14567);
#14567 = DEFINITIONAL_REPRESENTATION('',(#14568),#14572);
#14568 = LINE('',#14569,#14570);
#14569 = CARTESIAN_POINT('',(0.,0.));
#14570 = VECTOR('',#14571,1.);
#14571 = DIRECTION('',(0.,-1.));
#14572 = ( GEOMETRIC_REPRESENTATION_CONTEXT(2) 
PARAMETRIC_REPRESENTATION_CONTEXT() REPRESENTATION_CONTEXT('2D SPACE',''
  ) );
#14573 = ADVANCED_FACE('',(#14574),#1860,.T.);
#14574 = FACE_BOUND('',#14575,.T.);
#14575 = EDGE_LOOP('',(#14576,#14577,#14578,#14599));
#14576 = ORIENTED_EDGE('',*,*,#1845,.T.);
#14577 = ORIENTED_EDGE('',*,*,#14553,.T.);
#14578 = ORIENTED_EDGE('',*,*,#14579,.F.);
#14579 = EDGE_CURVE('',#14580,#14528,#14582,.T.);
#14580 = VERTEX_POINT('',#14581);
#14581 = CARTESIAN_POINT('',(-33.73695618665,-2.063440636278,68.3));
#14582 = SURFACE_CURVE('',#14583,(#14587,#14593),.PCURVE_S1.);
#14583 = LINE('',#14584,#14585);
#14584 = CARTESIAN_POINT('',(-32.99564413525,-12.03899915232,68.3));
#14585 = VECTOR('',#14586,1.);
#14586 = DIRECTION('',(7.41084901954E-02,-0.997250185099,0.));
#14587 = PCURVE('',#1860,#14588);
#14588 = DEFINITIONAL_REPRESENTATION('',(#14589),#14592);
#14589 = B_SPLINE_CURVE_WITH_KNOTS('',1,(#14590,#14591),.UNSPECIFIED.,
  .F.,.F.,(2,2),(-10.00306509348,-9.118208432865),
  .PIECEWISE_BEZIER_KNOTS.);
#14590 = CARTESIAN_POINT('',(0.884856660623,-1.8));
#14591 = CARTESIAN_POINT('',(0.,-1.8));
#14592 = ( GEOMETRIC_REPRESENTATION_CONTEXT(2) 
PARAMETRIC_REPRESENTATION_CONTEXT() REPRESENTATION_CONTEXT('2D SPACE',''
  ) );
#14593 = PCURVE('',#14542,#14594);
#14594 = DEFINITIONAL_REPRESENTATION('',(#14595),#14598);
#14595 = B_SPLINE_CURVE_WITH_KNOTS('',1,(#14596,#14597),.UNSPECIFIED.,
  .F.,.F.,(2,2),(-10.00306509348,-9.118208432865),
  .PIECEWISE_BEZIER_KNOTS.);
#14596 = CARTESIAN_POINT('',(-8.909803940322,18.511885667443));
#14597 = CARTESIAN_POINT('',(-8.844228549164,17.62946219885));
#14598 = ( GEOMETRIC_REPRESENTATION_CONTEXT(2) 
PARAMETRIC_REPRESENTATION_CONTEXT() REPRESENTATION_CONTEXT('2D SPACE',''
  ) );
#14599 = ORIENTED_EDGE('',*,*,#14600,.F.);
#14600 = EDGE_CURVE('',#1820,#14580,#14601,.T.);
#14601 = SURFACE_CURVE('',#14602,(#14606,#14613),.PCURVE_S1.);
#14602 = LINE('',#14603,#14604);
#14603 = CARTESIAN_POINT('',(-33.73695618665,-2.063440636278,66.5));
#14604 = VECTOR('',#14605,1.);
#14605 = DIRECTION('',(0.,0.,1.));
#14606 = PCURVE('',#1860,#14607);
#14607 = DEFINITIONAL_REPRESENTATION('',(#14608),#14612);
#14608 = LINE('',#14609,#14610);
#14609 = CARTESIAN_POINT('',(0.884856660623,0.));
#14610 = VECTOR('',#14611,1.);
#14611 = DIRECTION('',(0.,-1.));
#14612 = ( GEOMETRIC_REPRESENTATION_CONTEXT(2) 
PARAMETRIC_REPRESENTATION_CONTEXT() REPRESENTATION_CONTEXT('2D SPACE',''
  ) );
#14613 = PCURVE('',#1834,#14614);
#14614 = DEFINITIONAL_REPRESENTATION('',(#14615),#14619);
#14615 = LINE('',#14616,#14617);
#14616 = CARTESIAN_POINT('',(0.,0.));
#14617 = VECTOR('',#14618,1.);
#14618 = DIRECTION('',(0.,-1.));
#14619 = ( GEOMETRIC_REPRESENTATION_CONTEXT(2) 
PARAMETRIC_REPRESENTATION_CONTEXT() REPRESENTATION_CONTEXT('2D SPACE',''
  ) );
#14620 = ADVANCED_FACE('',(#14621),#1834,.T.);
#14621 = FACE_BOUND('',#14622,.T.);
#14622 = EDGE_LOOP('',(#14623,#14624,#14625,#14644));
#14623 = ORIENTED_EDGE('',*,*,#1819,.T.);
#14624 = ORIENTED_EDGE('',*,*,#14600,.T.);
#14625 = ORIENTED_EDGE('',*,*,#14626,.F.);
#14626 = EDGE_CURVE('',#5166,#14580,#14627,.T.);
#14627 = SURFACE_CURVE('',#14628,(#14632,#14638),.PCURVE_S1.);
#14628 = LINE('',#14629,#14630);
#14629 = CARTESIAN_POINT('',(-33.28313004108,-11.5115689235,68.3));
#14630 = VECTOR('',#14631,1.);
#14631 = DIRECTION('',(4.797812852135E-02,-0.998848386485,0.));
#14632 = PCURVE('',#1834,#14633);
#14633 = DEFINITIONAL_REPRESENTATION('',(#14634),#14637);
#14634 = B_SPLINE_CURVE_WITH_KNOTS('',1,(#14635,#14636),.UNSPECIFIED.,
  .F.,.F.,(2,2),(-10.34387808475,-9.459021424134),
  .PIECEWISE_BEZIER_KNOTS.);
#14635 = CARTESIAN_POINT('',(0.884856660623,-1.8));
#14636 = CARTESIAN_POINT('',(0.,-1.8));
#14637 = ( GEOMETRIC_REPRESENTATION_CONTEXT(2) 
PARAMETRIC_REPRESENTATION_CONTEXT() REPRESENTATION_CONTEXT('2D SPACE',''
  ) );
#14638 = PCURVE('',#14542,#14639);
#14639 = DEFINITIONAL_REPRESENTATION('',(#14640),#14643);
#14640 = B_SPLINE_CURVE_WITH_KNOTS('',1,(#14641,#14642),.UNSPECIFIED.,
  .F.,.F.,(2,2),(-10.34387808475,-9.459021424134),
  .PIECEWISE_BEZIER_KNOTS.);
#14641 = CARTESIAN_POINT('',(-8.952257706909,19.395723315177));
#14642 = CARTESIAN_POINT('',(-8.909803940322,18.511885667443));
#14643 = ( GEOMETRIC_REPRESENTATION_CONTEXT(2) 
PARAMETRIC_REPRESENTATION_CONTEXT() REPRESENTATION_CONTEXT('2D SPACE',''
  ) );
#14644 = ORIENTED_EDGE('',*,*,#5165,.F.);
#14645 = ADVANCED_FACE('',(#14646),#3769,.F.);
#14646 = FACE_BOUND('',#14647,.F.);
#14647 = EDGE_LOOP('',(#14648,#14649,#14670,#14671));
#14648 = ORIENTED_EDGE('',*,*,#6820,.F.);
#14649 = ORIENTED_EDGE('',*,*,#14650,.F.);
#14650 = EDGE_CURVE('',#3753,#6821,#14651,.T.);
#14651 = SEAM_CURVE('',#14652,(#14656,#14663),.PCURVE_S1.);
#14652 = LINE('',#14653,#14654);
#14653 = CARTESIAN_POINT('',(17.4,-4.261770861033E-15,62.5));
#14654 = VECTOR('',#14655,1.);
#14655 = DIRECTION('',(0.,0.,1.));
#14656 = PCURVE('',#3769,#14657);
#14657 = DEFINITIONAL_REPRESENTATION('',(#14658),#14662);
#14658 = LINE('',#14659,#14660);
#14659 = CARTESIAN_POINT('',(6.28318530718,-0.));
#14660 = VECTOR('',#14661,1.);
#14661 = DIRECTION('',(0.,1.));
#14662 = ( GEOMETRIC_REPRESENTATION_CONTEXT(2) 
PARAMETRIC_REPRESENTATION_CONTEXT() REPRESENTATION_CONTEXT('2D SPACE',''
  ) );
#14663 = PCURVE('',#3769,#14664);
#14664 = DEFINITIONAL_REPRESENTATION('',(#14665),#14669);
#14665 = LINE('',#14666,#14667);
#14666 = CARTESIAN_POINT('',(0.,-0.));
#14667 = VECTOR('',#14668,1.);
#14668 = DIRECTION('',(0.,1.));
#14669 = ( GEOMETRIC_REPRESENTATION_CONTEXT(2) 
PARAMETRIC_REPRESENTATION_CONTEXT() REPRESENTATION_CONTEXT('2D SPACE',''
  ) );
#14670 = ORIENTED_EDGE('',*,*,#3752,.T.);
#14671 = ORIENTED_EDGE('',*,*,#14650,.T.);
#14672 = ADVANCED_FACE('',(#14673),#4398,.T.);
#14673 = FACE_BOUND('',#14674,.T.);
#14674 = EDGE_LOOP('',(#14675,#14676,#14697,#14698,#14721,#14740));
#14675 = ORIENTED_EDGE('',*,*,#4382,.F.);
#14676 = ORIENTED_EDGE('',*,*,#14677,.T.);
#14677 = EDGE_CURVE('',#4355,#4760,#14678,.T.);
#14678 = SURFACE_CURVE('',#14679,(#14683,#14690),.PCURVE_S1.);
#14679 = LINE('',#14680,#14681);
#14680 = CARTESIAN_POINT('',(-26.02453619261,-21.56764975511,68.3));
#14681 = VECTOR('',#14682,1.);
#14682 = DIRECTION('',(0.,0.,1.));
#14683 = PCURVE('',#4398,#14684);
#14684 = DEFINITIONAL_REPRESENTATION('',(#14685),#14689);
#14685 = LINE('',#14686,#14687);
#14686 = CARTESIAN_POINT('',(0.,0.));
#14687 = VECTOR('',#14688,1.);
#14688 = DIRECTION('',(0.,-1.));
#14689 = ( GEOMETRIC_REPRESENTATION_CONTEXT(2) 
PARAMETRIC_REPRESENTATION_CONTEXT() REPRESENTATION_CONTEXT('2D SPACE',''
  ) );
#14690 = PCURVE('',#4370,#14691);
#14691 = DEFINITIONAL_REPRESENTATION('',(#14692),#14696);
#14692 = LINE('',#14693,#14694);
#14693 = CARTESIAN_POINT('',(1.850646793437,0.));
#14694 = VECTOR('',#14695,1.);
#14695 = DIRECTION('',(0.,-1.));
#14696 = ( GEOMETRIC_REPRESENTATION_CONTEXT(2) 
PARAMETRIC_REPRESENTATION_CONTEXT() REPRESENTATION_CONTEXT('2D SPACE',''
  ) );
#14697 = ORIENTED_EDGE('',*,*,#4782,.T.);
#14698 = ORIENTED_EDGE('',*,*,#14699,.F.);
#14699 = EDGE_CURVE('',#14700,#4783,#14702,.T.);
#14700 = VERTEX_POINT('',#14701);
#14701 = CARTESIAN_POINT('',(-27.16597500949,-20.1109373671,68.31));
#14702 = SURFACE_CURVE('',#14703,(#14707,#14714),.PCURVE_S1.);
#14703 = LINE('',#14704,#14705);
#14704 = CARTESIAN_POINT('',(-27.16597500949,-20.1109373671,68.3));
#14705 = VECTOR('',#14706,1.);
#14706 = DIRECTION('',(0.,0.,1.));
#14707 = PCURVE('',#4398,#14708);
#14708 = DEFINITIONAL_REPRESENTATION('',(#14709),#14713);
#14709 = LINE('',#14710,#14711);
#14710 = CARTESIAN_POINT('',(1.850646793437,0.));
#14711 = VECTOR('',#14712,1.);
#14712 = DIRECTION('',(0.,-1.));
#14713 = ( GEOMETRIC_REPRESENTATION_CONTEXT(2) 
PARAMETRIC_REPRESENTATION_CONTEXT() REPRESENTATION_CONTEXT('2D SPACE',''
  ) );
#14714 = PCURVE('',#4821,#14715);
#14715 = DEFINITIONAL_REPRESENTATION('',(#14716),#14720);
#14716 = LINE('',#14717,#14718);
#14717 = CARTESIAN_POINT('',(0.,0.));
#14718 = VECTOR('',#14719,1.);
#14719 = DIRECTION('',(0.,-1.));
#14720 = ( GEOMETRIC_REPRESENTATION_CONTEXT(2) 
PARAMETRIC_REPRESENTATION_CONTEXT() REPRESENTATION_CONTEXT('2D SPACE',''
  ) );
#14721 = ORIENTED_EDGE('',*,*,#14722,.F.);
#14722 = EDGE_CURVE('',#12511,#14700,#14723,.T.);
#14723 = SURFACE_CURVE('',#14724,(#14728,#14734),.PCURVE_S1.);
#14724 = LINE('',#14725,#14726);
#14725 = CARTESIAN_POINT('',(-29.58848765066,-17.01930939517,68.31));
#14726 = VECTOR('',#14727,1.);
#14727 = DIRECTION('',(-0.616778318222,0.787136904338,0.));
#14728 = PCURVE('',#4398,#14729);
#14729 = DEFINITIONAL_REPRESENTATION('',(#14730),#14733);
#14730 = B_SPLINE_CURVE_WITH_KNOTS('',1,(#14731,#14732),.UNSPECIFIED.,
  .F.,.F.,(2,2),(-4.788955920617,-3.927687743885),
  .PIECEWISE_BEZIER_KNOTS.);
#14731 = CARTESIAN_POINT('',(0.989378616705,-1.000000000001E-02));
#14732 = CARTESIAN_POINT('',(1.850646793437,-1.000000000001E-02));
#14733 = ( GEOMETRIC_REPRESENTATION_CONTEXT(2) 
PARAMETRIC_REPRESENTATION_CONTEXT() REPRESENTATION_CONTEXT('2D SPACE',''
  ) );
#14734 = PCURVE('',#12547,#14735);
#14735 = DEFINITIONAL_REPRESENTATION('',(#14736),#14739);
#14736 = B_SPLINE_CURVE_WITH_KNOTS('',1,(#14737,#14738),.UNSPECIFIED.,
  .F.,.F.,(2,2),(-4.788955920617,-3.927687743885),
  .PIECEWISE_BEZIER_KNOTS.);
#14737 = CARTESIAN_POINT('',(5.553742244354,-9.07321536732));
#14738 = CARTESIAN_POINT('',(5.022530706771,-8.395279400882));
#14739 = ( GEOMETRIC_REPRESENTATION_CONTEXT(2) 
PARAMETRIC_REPRESENTATION_CONTEXT() REPRESENTATION_CONTEXT('2D SPACE',''
  ) );
#14740 = ORIENTED_EDGE('',*,*,#12510,.T.);
#14741 = ADVANCED_FACE('',(#14742),#4370,.T.);
#14742 = FACE_BOUND('',#14743,.T.);
#14743 = EDGE_LOOP('',(#14744,#14765,#14766,#14767));
#14744 = ORIENTED_EDGE('',*,*,#14745,.T.);
#14745 = EDGE_CURVE('',#4327,#4737,#14746,.T.);
#14746 = SURFACE_CURVE('',#14747,(#14751,#14758),.PCURVE_S1.);
#14747 = LINE('',#14748,#14749);
#14748 = CARTESIAN_POINT('',(-24.80507904106,-22.95970500172,68.3));
#14749 = VECTOR('',#14750,1.);
#14750 = DIRECTION('',(0.,0.,1.));
#14751 = PCURVE('',#4370,#14752);
#14752 = DEFINITIONAL_REPRESENTATION('',(#14753),#14757);
#14753 = LINE('',#14754,#14755);
#14754 = CARTESIAN_POINT('',(0.,0.));
#14755 = VECTOR('',#14756,1.);
#14756 = DIRECTION('',(0.,-1.));
#14757 = ( GEOMETRIC_REPRESENTATION_CONTEXT(2) 
PARAMETRIC_REPRESENTATION_CONTEXT() REPRESENTATION_CONTEXT('2D SPACE',''
  ) );
#14758 = PCURVE('',#4342,#14759);
#14759 = DEFINITIONAL_REPRESENTATION('',(#14760),#14764);
#14760 = LINE('',#14761,#14762);
#14761 = CARTESIAN_POINT('',(1.850646793437,0.));
#14762 = VECTOR('',#14763,1.);
#14763 = DIRECTION('',(0.,-1.));
#14764 = ( GEOMETRIC_REPRESENTATION_CONTEXT(2) 
PARAMETRIC_REPRESENTATION_CONTEXT() REPRESENTATION_CONTEXT('2D SPACE',''
  ) );
#14765 = ORIENTED_EDGE('',*,*,#4759,.T.);
#14766 = ORIENTED_EDGE('',*,*,#14677,.F.);
#14767 = ORIENTED_EDGE('',*,*,#4354,.F.);
#14768 = ADVANCED_FACE('',(#14769),#4342,.T.);
#14769 = FACE_BOUND('',#14770,.T.);
#14770 = EDGE_LOOP('',(#14771,#14792,#14793,#14794));
#14771 = ORIENTED_EDGE('',*,*,#14772,.T.);
#14772 = EDGE_CURVE('',#4299,#4714,#14773,.T.);
#14773 = SURFACE_CURVE('',#14774,(#14778,#14785),.PCURVE_S1.);
#14774 = LINE('',#14775,#14776);
#14775 = CARTESIAN_POINT('',(-23.51125933629,-24.2829298978,68.3));
#14776 = VECTOR('',#14777,1.);
#14777 = DIRECTION('',(0.,0.,1.));
#14778 = PCURVE('',#4342,#14779);
#14779 = DEFINITIONAL_REPRESENTATION('',(#14780),#14784);
#14780 = LINE('',#14781,#14782);
#14781 = CARTESIAN_POINT('',(0.,0.));
#14782 = VECTOR('',#14783,1.);
#14783 = DIRECTION('',(0.,-1.));
#14784 = ( GEOMETRIC_REPRESENTATION_CONTEXT(2) 
PARAMETRIC_REPRESENTATION_CONTEXT() REPRESENTATION_CONTEXT('2D SPACE',''
  ) );
#14785 = PCURVE('',#4314,#14786);
#14786 = DEFINITIONAL_REPRESENTATION('',(#14787),#14791);
#14787 = LINE('',#14788,#14789);
#14788 = CARTESIAN_POINT('',(1.850646793437,0.));
#14789 = VECTOR('',#14790,1.);
#14790 = DIRECTION('',(0.,-1.));
#14791 = ( GEOMETRIC_REPRESENTATION_CONTEXT(2) 
PARAMETRIC_REPRESENTATION_CONTEXT() REPRESENTATION_CONTEXT('2D SPACE',''
  ) );
#14792 = ORIENTED_EDGE('',*,*,#4736,.T.);
#14793 = ORIENTED_EDGE('',*,*,#14745,.F.);
#14794 = ORIENTED_EDGE('',*,*,#4326,.F.);
#14795 = ADVANCED_FACE('',(#14796),#4314,.T.);
#14796 = FACE_BOUND('',#14797,.T.);
#14797 = EDGE_LOOP('',(#14798,#14819,#14820,#14821));
#14798 = ORIENTED_EDGE('',*,*,#14799,.T.);
#14799 = EDGE_CURVE('',#4271,#4691,#14800,.T.);
#14800 = SURFACE_CURVE('',#14801,(#14805,#14812),.PCURVE_S1.);
#14801 = LINE('',#14802,#14803);
#14802 = CARTESIAN_POINT('',(-22.14695578943,-25.53335757907,68.3));
#14803 = VECTOR('',#14804,1.);
#14804 = DIRECTION('',(0.,0.,1.));
#14805 = PCURVE('',#4314,#14806);
#14806 = DEFINITIONAL_REPRESENTATION('',(#14807),#14811);
#14807 = LINE('',#14808,#14809);
#14808 = CARTESIAN_POINT('',(0.,0.));
#14809 = VECTOR('',#14810,1.);
#14810 = DIRECTION('',(0.,-1.));
#14811 = ( GEOMETRIC_REPRESENTATION_CONTEXT(2) 
PARAMETRIC_REPRESENTATION_CONTEXT() REPRESENTATION_CONTEXT('2D SPACE',''
  ) );
#14812 = PCURVE('',#4286,#14813);
#14813 = DEFINITIONAL_REPRESENTATION('',(#14814),#14818);
#14814 = LINE('',#14815,#14816);
#14815 = CARTESIAN_POINT('',(1.850646793437,0.));
#14816 = VECTOR('',#14817,1.);
#14817 = DIRECTION('',(0.,-1.));
#14818 = ( GEOMETRIC_REPRESENTATION_CONTEXT(2) 
PARAMETRIC_REPRESENTATION_CONTEXT() REPRESENTATION_CONTEXT('2D SPACE',''
  ) );
#14819 = ORIENTED_EDGE('',*,*,#4713,.T.);
#14820 = ORIENTED_EDGE('',*,*,#14772,.F.);
#14821 = ORIENTED_EDGE('',*,*,#4298,.F.);
#14822 = ADVANCED_FACE('',(#14823),#4286,.T.);
#14823 = FACE_BOUND('',#14824,.T.);
#14824 = EDGE_LOOP('',(#14825,#14846,#14847,#14848));
#14825 = ORIENTED_EDGE('',*,*,#14826,.T.);
#14826 = EDGE_CURVE('',#4243,#4668,#14827,.T.);
#14827 = SURFACE_CURVE('',#14828,(#14832,#14839),.PCURVE_S1.);
#14828 = LINE('',#14829,#14830);
#14829 = CARTESIAN_POINT('',(-20.71625841347,-26.70723941829,68.3));
#14830 = VECTOR('',#14831,1.);
#14831 = DIRECTION('',(0.,0.,1.));
#14832 = PCURVE('',#4286,#14833);
#14833 = DEFINITIONAL_REPRESENTATION('',(#14834),#14838);
#14834 = LINE('',#14835,#14836);
#14835 = CARTESIAN_POINT('',(0.,0.));
#14836 = VECTOR('',#14837,1.);
#14837 = DIRECTION('',(0.,-1.));
#14838 = ( GEOMETRIC_REPRESENTATION_CONTEXT(2) 
PARAMETRIC_REPRESENTATION_CONTEXT() REPRESENTATION_CONTEXT('2D SPACE',''
  ) );
#14839 = PCURVE('',#4258,#14840);
#14840 = DEFINITIONAL_REPRESENTATION('',(#14841),#14845);
#14841 = LINE('',#14842,#14843);
#14842 = CARTESIAN_POINT('',(1.850646793437,0.));
#14843 = VECTOR('',#14844,1.);
#14844 = DIRECTION('',(0.,-1.));
#14845 = ( GEOMETRIC_REPRESENTATION_CONTEXT(2) 
PARAMETRIC_REPRESENTATION_CONTEXT() REPRESENTATION_CONTEXT('2D SPACE',''
  ) );
#14846 = ORIENTED_EDGE('',*,*,#4690,.T.);
#14847 = ORIENTED_EDGE('',*,*,#14799,.F.);
#14848 = ORIENTED_EDGE('',*,*,#4270,.F.);
#14849 = ADVANCED_FACE('',(#14850),#4258,.T.);
#14850 = FACE_BOUND('',#14851,.T.);
#14851 = EDGE_LOOP('',(#14852,#14873,#14874,#14875));
#14852 = ORIENTED_EDGE('',*,*,#14853,.T.);
#14853 = EDGE_CURVE('',#4215,#4645,#14854,.T.);
#14854 = SURFACE_CURVE('',#14855,(#14859,#14866),.PCURVE_S1.);
#14855 = LINE('',#14856,#14857);
#14856 = CARTESIAN_POINT('',(-19.22345626184,-27.80105626318,68.3));
#14857 = VECTOR('',#14858,1.);
#14858 = DIRECTION('',(0.,0.,1.));
#14859 = PCURVE('',#4258,#14860);
#14860 = DEFINITIONAL_REPRESENTATION('',(#14861),#14865);
#14861 = LINE('',#14862,#14863);
#14862 = CARTESIAN_POINT('',(0.,0.));
#14863 = VECTOR('',#14864,1.);
#14864 = DIRECTION('',(0.,-1.));
#14865 = ( GEOMETRIC_REPRESENTATION_CONTEXT(2) 
PARAMETRIC_REPRESENTATION_CONTEXT() REPRESENTATION_CONTEXT('2D SPACE',''
  ) );
#14866 = PCURVE('',#4230,#14867);
#14867 = DEFINITIONAL_REPRESENTATION('',(#14868),#14872);
#14868 = LINE('',#14869,#14870);
#14869 = CARTESIAN_POINT('',(1.850646793437,0.));
#14870 = VECTOR('',#14871,1.);
#14871 = DIRECTION('',(0.,-1.));
#14872 = ( GEOMETRIC_REPRESENTATION_CONTEXT(2) 
PARAMETRIC_REPRESENTATION_CONTEXT() REPRESENTATION_CONTEXT('2D SPACE',''
  ) );
#14873 = ORIENTED_EDGE('',*,*,#4667,.T.);
#14874 = ORIENTED_EDGE('',*,*,#14826,.F.);
#14875 = ORIENTED_EDGE('',*,*,#4242,.F.);
#14876 = ADVANCED_FACE('',(#14877),#4230,.T.);
#14877 = FACE_BOUND('',#14878,.T.);
#14878 = EDGE_LOOP('',(#14879,#14900,#14901,#14902));
#14879 = ORIENTED_EDGE('',*,*,#14880,.T.);
#14880 = EDGE_CURVE('',#4187,#4622,#14881,.T.);
#14881 = SURFACE_CURVE('',#14882,(#14886,#14893),.PCURVE_S1.);
#14882 = LINE('',#14883,#14884);
#14883 = CARTESIAN_POINT('',(-17.67302457043,-28.81152898637,68.3));
#14884 = VECTOR('',#14885,1.);
#14885 = DIRECTION('',(0.,0.,1.));
#14886 = PCURVE('',#4230,#14887);
#14887 = DEFINITIONAL_REPRESENTATION('',(#14888),#14892);
#14888 = LINE('',#14889,#14890);
#14889 = CARTESIAN_POINT('',(0.,0.));
#14890 = VECTOR('',#14891,1.);
#14891 = DIRECTION('',(0.,-1.));
#14892 = ( GEOMETRIC_REPRESENTATION_CONTEXT(2) 
PARAMETRIC_REPRESENTATION_CONTEXT() REPRESENTATION_CONTEXT('2D SPACE',''
  ) );
#14893 = PCURVE('',#4202,#14894);
#14894 = DEFINITIONAL_REPRESENTATION('',(#14895),#14899);
#14895 = LINE('',#14896,#14897);
#14896 = CARTESIAN_POINT('',(1.850646793437,0.));
#14897 = VECTOR('',#14898,1.);
#14898 = DIRECTION('',(0.,-1.));
#14899 = ( GEOMETRIC_REPRESENTATION_CONTEXT(2) 
PARAMETRIC_REPRESENTATION_CONTEXT() REPRESENTATION_CONTEXT('2D SPACE',''
  ) );
#14900 = ORIENTED_EDGE('',*,*,#4644,.T.);
#14901 = ORIENTED_EDGE('',*,*,#14853,.F.);
#14902 = ORIENTED_EDGE('',*,*,#4214,.F.);
#14903 = ADVANCED_FACE('',(#14904),#4202,.T.);
#14904 = FACE_BOUND('',#14905,.T.);
#14905 = EDGE_LOOP('',(#14906,#14927,#14928,#14929));
#14906 = ORIENTED_EDGE('',*,*,#14907,.T.);
#14907 = EDGE_CURVE('',#4159,#4599,#14908,.T.);
#14908 = SURFACE_CURVE('',#14909,(#14913,#14920),.PCURVE_S1.);
#14909 = LINE('',#14910,#14911);
#14910 = CARTESIAN_POINT('',(-16.06961134131,-29.73562831586,68.3));
#14911 = VECTOR('',#14912,1.);
#14912 = DIRECTION('',(0.,0.,1.));
#14913 = PCURVE('',#4202,#14914);
#14914 = DEFINITIONAL_REPRESENTATION('',(#14915),#14919);
#14915 = LINE('',#14916,#14917);
#14916 = CARTESIAN_POINT('',(0.,0.));
#14917 = VECTOR('',#14918,1.);
#14918 = DIRECTION('',(0.,-1.));
#14919 = ( GEOMETRIC_REPRESENTATION_CONTEXT(2) 
PARAMETRIC_REPRESENTATION_CONTEXT() REPRESENTATION_CONTEXT('2D SPACE',''
  ) );
#14920 = PCURVE('',#4174,#14921);
#14921 = DEFINITIONAL_REPRESENTATION('',(#14922),#14926);
#14922 = LINE('',#14923,#14924);
#14923 = CARTESIAN_POINT('',(1.850646793437,0.));
#14924 = VECTOR('',#14925,1.);
#14925 = DIRECTION('',(0.,-1.));
#14926 = ( GEOMETRIC_REPRESENTATION_CONTEXT(2) 
PARAMETRIC_REPRESENTATION_CONTEXT() REPRESENTATION_CONTEXT('2D SPACE',''
  ) );
#14927 = ORIENTED_EDGE('',*,*,#4621,.T.);
#14928 = ORIENTED_EDGE('',*,*,#14880,.F.);
#14929 = ORIENTED_EDGE('',*,*,#4186,.F.);
#14930 = ADVANCED_FACE('',(#14931),#4174,.T.);
#14931 = FACE_BOUND('',#14932,.T.);
#14932 = EDGE_LOOP('',(#14933,#14954,#14955,#14956));
#14933 = ORIENTED_EDGE('',*,*,#14934,.T.);
#14934 = EDGE_CURVE('',#4131,#4576,#14935,.T.);
#14935 = SURFACE_CURVE('',#14936,(#14940,#14947),.PCURVE_S1.);
#14936 = LINE('',#14937,#14938);
#14937 = CARTESIAN_POINT('',(-14.41802340866,-30.57058391635,68.3));
#14938 = VECTOR('',#14939,1.);
#14939 = DIRECTION('',(0.,0.,1.));
#14940 = PCURVE('',#4174,#14941);
#14941 = DEFINITIONAL_REPRESENTATION('',(#14942),#14946);
#14942 = LINE('',#14943,#14944);
#14943 = CARTESIAN_POINT('',(0.,0.));
#14944 = VECTOR('',#14945,1.);
#14945 = DIRECTION('',(0.,-1.));
#14946 = ( GEOMETRIC_REPRESENTATION_CONTEXT(2) 
PARAMETRIC_REPRESENTATION_CONTEXT() REPRESENTATION_CONTEXT('2D SPACE',''
  ) );
#14947 = PCURVE('',#4146,#14948);
#14948 = DEFINITIONAL_REPRESENTATION('',(#14949),#14953);
#14949 = LINE('',#14950,#14951);
#14950 = CARTESIAN_POINT('',(1.850646793437,0.));
#14951 = VECTOR('',#14952,1.);
#14952 = DIRECTION('',(0.,-1.));
#14953 = ( GEOMETRIC_REPRESENTATION_CONTEXT(2) 
PARAMETRIC_REPRESENTATION_CONTEXT() REPRESENTATION_CONTEXT('2D SPACE',''
  ) );
#14954 = ORIENTED_EDGE('',*,*,#4598,.T.);
#14955 = ORIENTED_EDGE('',*,*,#14907,.F.);
#14956 = ORIENTED_EDGE('',*,*,#4158,.F.);
#14957 = ADVANCED_FACE('',(#14958),#4146,.T.);
#14958 = FACE_BOUND('',#14959,.T.);
#14959 = EDGE_LOOP('',(#14960,#14981,#14982,#14983));
#14960 = ORIENTED_EDGE('',*,*,#14961,.T.);
#14961 = EDGE_CURVE('',#4103,#4553,#14962,.T.);
#14962 = SURFACE_CURVE('',#14963,(#14967,#14974),.PCURVE_S1.);
#14963 = LINE('',#14964,#14965);
#14964 = CARTESIAN_POINT('',(-12.72321202846,-31.31389269443,68.3));
#14965 = VECTOR('',#14966,1.);
#14966 = DIRECTION('',(0.,0.,1.));
#14967 = PCURVE('',#4146,#14968);
#14968 = DEFINITIONAL_REPRESENTATION('',(#14969),#14973);
#14969 = LINE('',#14970,#14971);
#14970 = CARTESIAN_POINT('',(0.,0.));
#14971 = VECTOR('',#14972,1.);
#14972 = DIRECTION('',(0.,-1.));
#14973 = ( GEOMETRIC_REPRESENTATION_CONTEXT(2) 
PARAMETRIC_REPRESENTATION_CONTEXT() REPRESENTATION_CONTEXT('2D SPACE',''
  ) );
#14974 = PCURVE('',#4118,#14975);
#14975 = DEFINITIONAL_REPRESENTATION('',(#14976),#14980);
#14976 = LINE('',#14977,#14978);
#14977 = CARTESIAN_POINT('',(1.850646793437,0.));
#14978 = VECTOR('',#14979,1.);
#14979 = DIRECTION('',(0.,-1.));
#14980 = ( GEOMETRIC_REPRESENTATION_CONTEXT(2) 
PARAMETRIC_REPRESENTATION_CONTEXT() REPRESENTATION_CONTEXT('2D SPACE',''
  ) );
#14981 = ORIENTED_EDGE('',*,*,#4575,.T.);
#14982 = ORIENTED_EDGE('',*,*,#14934,.F.);
#14983 = ORIENTED_EDGE('',*,*,#4130,.F.);
#14984 = ADVANCED_FACE('',(#14985),#4118,.T.);
#14985 = FACE_BOUND('',#14986,.T.);
#14986 = EDGE_LOOP('',(#14987,#15008,#15009,#15010));
#14987 = ORIENTED_EDGE('',*,*,#14988,.T.);
#14988 = EDGE_CURVE('',#4075,#4530,#14989,.T.);
#14989 = SURFACE_CURVE('',#14990,(#14994,#15001),.PCURVE_S1.);
#14990 = LINE('',#14991,#14992);
#14991 = CARTESIAN_POINT('',(-10.99025803519,-31.96332630249,68.3));
#14992 = VECTOR('',#14993,1.);
#14993 = DIRECTION('',(0.,0.,1.));
#14994 = PCURVE('',#4118,#14995);
#14995 = DEFINITIONAL_REPRESENTATION('',(#14996),#15000);
#14996 = LINE('',#14997,#14998);
#14997 = CARTESIAN_POINT('',(0.,0.));
#14998 = VECTOR('',#14999,1.);
#14999 = DIRECTION('',(0.,-1.));
#15000 = ( GEOMETRIC_REPRESENTATION_CONTEXT(2) 
PARAMETRIC_REPRESENTATION_CONTEXT() REPRESENTATION_CONTEXT('2D SPACE',''
  ) );
#15001 = PCURVE('',#4090,#15002);
#15002 = DEFINITIONAL_REPRESENTATION('',(#15003),#15007);
#15003 = LINE('',#15004,#15005);
#15004 = CARTESIAN_POINT('',(1.850646793437,0.));
#15005 = VECTOR('',#15006,1.);
#15006 = DIRECTION('',(0.,-1.));
#15007 = ( GEOMETRIC_REPRESENTATION_CONTEXT(2) 
PARAMETRIC_REPRESENTATION_CONTEXT() REPRESENTATION_CONTEXT('2D SPACE',''
  ) );
#15008 = ORIENTED_EDGE('',*,*,#4552,.T.);
#15009 = ORIENTED_EDGE('',*,*,#14961,.F.);
#15010 = ORIENTED_EDGE('',*,*,#4102,.F.);
#15011 = ADVANCED_FACE('',(#15012),#4090,.T.);
#15012 = FACE_BOUND('',#15013,.T.);
#15013 = EDGE_LOOP('',(#15014,#15035,#15036,#15037));
#15014 = ORIENTED_EDGE('',*,*,#15015,.T.);
#15015 = EDGE_CURVE('',#4047,#4507,#15016,.T.);
#15016 = SURFACE_CURVE('',#15017,(#15021,#15028),.PCURVE_S1.);
#15017 = LINE('',#15018,#15019);
#15018 = CARTESIAN_POINT('',(-9.224356610198,-32.51693781904,68.3));
#15019 = VECTOR('',#15020,1.);
#15020 = DIRECTION('',(0.,0.,1.));
#15021 = PCURVE('',#4090,#15022);
#15022 = DEFINITIONAL_REPRESENTATION('',(#15023),#15027);
#15023 = LINE('',#15024,#15025);
#15024 = CARTESIAN_POINT('',(0.,0.));
#15025 = VECTOR('',#15026,1.);
#15026 = DIRECTION('',(0.,-1.));
#15027 = ( GEOMETRIC_REPRESENTATION_CONTEXT(2) 
PARAMETRIC_REPRESENTATION_CONTEXT() REPRESENTATION_CONTEXT('2D SPACE',''
  ) );
#15028 = PCURVE('',#4062,#15029);
#15029 = DEFINITIONAL_REPRESENTATION('',(#15030),#15034);
#15030 = LINE('',#15031,#15032);
#15031 = CARTESIAN_POINT('',(1.850646793437,0.));
#15032 = VECTOR('',#15033,1.);
#15033 = DIRECTION('',(0.,-1.));
#15034 = ( GEOMETRIC_REPRESENTATION_CONTEXT(2) 
PARAMETRIC_REPRESENTATION_CONTEXT() REPRESENTATION_CONTEXT('2D SPACE',''
  ) );
#15035 = ORIENTED_EDGE('',*,*,#4529,.T.);
#15036 = ORIENTED_EDGE('',*,*,#14988,.F.);
#15037 = ORIENTED_EDGE('',*,*,#4074,.F.);
#15038 = ADVANCED_FACE('',(#15039),#4062,.T.);
#15039 = FACE_BOUND('',#15040,.T.);
#15040 = EDGE_LOOP('',(#15041,#15042,#15043,#15044));
#15041 = ORIENTED_EDGE('',*,*,#4457,.T.);
#15042 = ORIENTED_EDGE('',*,*,#4506,.T.);
#15043 = ORIENTED_EDGE('',*,*,#15015,.F.);
#15044 = ORIENTED_EDGE('',*,*,#4046,.F.);
#15045 = ADVANCED_FACE('',(#15046),#5099,.T.);
#15046 = FACE_BOUND('',#15047,.T.);
#15047 = EDGE_LOOP('',(#15048,#15069,#15090,#15091,#15092,#15113));
#15048 = ORIENTED_EDGE('',*,*,#15049,.F.);
#15049 = EDGE_CURVE('',#15050,#14479,#15052,.T.);
#15050 = VERTEX_POINT('',#15051);
#15051 = CARTESIAN_POINT('',(-33.66421427633,-3.026661057496,68.31));
#15052 = SURFACE_CURVE('',#15053,(#15057,#15063),.PCURVE_S1.);
#15053 = LINE('',#15054,#15055);
#15054 = CARTESIAN_POINT('',(-33.39145141003,-7.400165920015,68.31));
#15055 = VECTOR('',#15056,1.);
#15056 = DIRECTION('',(-6.224617107834E-02,0.998060826897,0.));
#15057 = PCURVE('',#5099,#15058);
#15058 = DEFINITIONAL_REPRESENTATION('',(#15059),#15062);
#15059 = B_SPLINE_CURVE_WITH_KNOTS('',1,(#15060,#15061),.UNSPECIFIED.,
  .F.,.F.,(2,2),(4.382002323562,6.232649116999),
  .PIECEWISE_BEZIER_KNOTS.);
#15060 = CARTESIAN_POINT('',(0.,-1.000000000001E-02));
#15061 = CARTESIAN_POINT('',(1.850646793437,-1.000000000001E-02));
#15062 = ( GEOMETRIC_REPRESENTATION_CONTEXT(2) 
PARAMETRIC_REPRESENTATION_CONTEXT() REPRESENTATION_CONTEXT('2D SPACE',''
  ) );
#15063 = PCURVE('',#14494,#15064);
#15064 = DEFINITIONAL_REPRESENTATION('',(#15065),#15068);
#15065 = B_SPLINE_CURVE_WITH_KNOTS('',1,(#15066,#15067),.UNSPECIFIED.,
  .F.,.F.,(2,2),(4.382002323562,6.232649116999),
  .PIECEWISE_BEZIER_KNOTS.);
#15066 = CARTESIAN_POINT('',(-1.475708560074,8.688996908731));
#15067 = CARTESIAN_POINT('',(-1.590904236984,10.536054977682));
#15068 = ( GEOMETRIC_REPRESENTATION_CONTEXT(2) 
PARAMETRIC_REPRESENTATION_CONTEXT() REPRESENTATION_CONTEXT('2D SPACE',''
  ) );
#15069 = ORIENTED_EDGE('',*,*,#15070,.T.);
#15070 = EDGE_CURVE('',#15050,#5058,#15071,.T.);
#15071 = SURFACE_CURVE('',#15072,(#15076,#15083),.PCURVE_S1.);
#15072 = LINE('',#15073,#15074);
#15073 = CARTESIAN_POINT('',(-33.66421427633,-3.026661057496,68.3));
#15074 = VECTOR('',#15075,1.);
#15075 = DIRECTION('',(0.,0.,1.));
#15076 = PCURVE('',#5099,#15077);
#15077 = DEFINITIONAL_REPRESENTATION('',(#15078),#15082);
#15078 = LINE('',#15079,#15080);
#15079 = CARTESIAN_POINT('',(0.,0.));
#15080 = VECTOR('',#15081,1.);
#15081 = DIRECTION('',(0.,-1.));
#15082 = ( GEOMETRIC_REPRESENTATION_CONTEXT(2) 
PARAMETRIC_REPRESENTATION_CONTEXT() REPRESENTATION_CONTEXT('2D SPACE',''
  ) );
#15083 = PCURVE('',#5073,#15084);
#15084 = DEFINITIONAL_REPRESENTATION('',(#15085),#15089);
#15085 = LINE('',#15086,#15087);
#15086 = CARTESIAN_POINT('',(1.850646793437,0.));
#15087 = VECTOR('',#15088,1.);
#15088 = DIRECTION('',(0.,-1.));
#15089 = ( GEOMETRIC_REPRESENTATION_CONTEXT(2) 
PARAMETRIC_REPRESENTATION_CONTEXT() REPRESENTATION_CONTEXT('2D SPACE',''
  ) );
#15090 = ORIENTED_EDGE('',*,*,#5085,.T.);
#15091 = ORIENTED_EDGE('',*,*,#5188,.F.);
#15092 = ORIENTED_EDGE('',*,*,#15093,.F.);
#15093 = EDGE_CURVE('',#14507,#5166,#15094,.T.);
#15094 = SURFACE_CURVE('',#15095,(#15099,#15106),.PCURVE_S1.);
#15095 = LINE('',#15096,#15097);
#15096 = CARTESIAN_POINT('',(-33.66421427633,-3.026661057496,68.3));
#15097 = VECTOR('',#15098,1.);
#15098 = DIRECTION('',(-6.224617107834E-02,0.998060826897,0.));
#15099 = PCURVE('',#5099,#15100);
#15100 = DEFINITIONAL_REPRESENTATION('',(#15101),#15105);
#15101 = LINE('',#15102,#15103);
#15102 = CARTESIAN_POINT('',(0.,0.));
#15103 = VECTOR('',#15104,1.);
#15104 = DIRECTION('',(1.,0.));
#15105 = ( GEOMETRIC_REPRESENTATION_CONTEXT(2) 
PARAMETRIC_REPRESENTATION_CONTEXT() REPRESENTATION_CONTEXT('2D SPACE',''
  ) );
#15106 = PCURVE('',#14542,#15107);
#15107 = DEFINITIONAL_REPRESENTATION('',(#15108),#15112);
#15108 = LINE('',#15109,#15110);
#15109 = CARTESIAN_POINT('',(-8.837062029999,17.548665246225));
#15110 = VECTOR('',#15111,1.);
#15111 = DIRECTION('',(-6.224617107834E-02,0.998060826897));
#15112 = ( GEOMETRIC_REPRESENTATION_CONTEXT(2) 
PARAMETRIC_REPRESENTATION_CONTEXT() REPRESENTATION_CONTEXT('2D SPACE',''
  ) );
#15113 = ORIENTED_EDGE('',*,*,#14506,.T.);
#15114 = ADVANCED_FACE('',(#15115),#5073,.T.);
#15115 = FACE_BOUND('',#15116,.T.);
#15116 = EDGE_LOOP('',(#15117,#15138,#15159,#15160,#15161,#15180,#15181,
    #15202));
#15117 = ORIENTED_EDGE('',*,*,#15118,.F.);
#15118 = EDGE_CURVE('',#15119,#14289,#15121,.T.);
#15119 = VERTEX_POINT('',#15120);
#15120 = CARTESIAN_POINT('',(-33.44809745654,-4.864645571647,68.31));
#15121 = SURFACE_CURVE('',#15122,(#15126,#15132),.PCURVE_S1.);
#15122 = LINE('',#15123,#15124);
#15123 = CARTESIAN_POINT('',(-33.04221828598,-8.31648069861,68.31));
#15124 = VECTOR('',#15125,1.);
#15125 = DIRECTION('',(-0.116779074517,0.993157916826,0.));
#15126 = PCURVE('',#5073,#15127);
#15127 = DEFINITIONAL_REPRESENTATION('',(#15128),#15131);
#15128 = B_SPLINE_CURVE_WITH_KNOTS('',1,(#15129,#15130),.UNSPECIFIED.,
  .F.,.F.,(2,2),(3.475615577826,5.326262371262),
  .PIECEWISE_BEZIER_KNOTS.);
#15129 = CARTESIAN_POINT('',(0.,-1.000000000001E-02));
#15130 = CARTESIAN_POINT('',(1.850646793437,-1.000000000001E-02));
#15131 = ( GEOMETRIC_REPRESENTATION_CONTEXT(2) 
PARAMETRIC_REPRESENTATION_CONTEXT() REPRESENTATION_CONTEXT('2D SPACE',''
  ) );
#15132 = PCURVE('',#14304,#15133);
#15133 = DEFINITIONAL_REPRESENTATION('',(#15134),#15137);
#15134 = B_SPLINE_CURVE_WITH_KNOTS('',1,(#15135,#15136),.UNSPECIFIED.,
  .F.,.F.,(2,2),(3.475615577826,5.326262371262),
  .PIECEWISE_BEZIER_KNOTS.);
#15135 = CARTESIAN_POINT('',(-1.25959174028,6.851012394579));
#15136 = CARTESIAN_POINT('',(-1.475708560074,8.688996908731));
#15137 = ( GEOMETRIC_REPRESENTATION_CONTEXT(2) 
PARAMETRIC_REPRESENTATION_CONTEXT() REPRESENTATION_CONTEXT('2D SPACE',''
  ) );
#15138 = ORIENTED_EDGE('',*,*,#15139,.T.);
#15139 = EDGE_CURVE('',#15119,#5030,#15140,.T.);
#15140 = SURFACE_CURVE('',#15141,(#15145,#15152),.PCURVE_S1.);
#15141 = LINE('',#15142,#15143);
#15142 = CARTESIAN_POINT('',(-33.44809745654,-4.864645571647,68.3));
#15143 = VECTOR('',#15144,1.);
#15144 = DIRECTION('',(0.,0.,1.));
#15145 = PCURVE('',#5073,#15146);
#15146 = DEFINITIONAL_REPRESENTATION('',(#15147),#15151);
#15147 = LINE('',#15148,#15149);
#15148 = CARTESIAN_POINT('',(0.,0.));
#15149 = VECTOR('',#15150,1.);
#15150 = DIRECTION('',(0.,-1.));
#15151 = ( GEOMETRIC_REPRESENTATION_CONTEXT(2) 
PARAMETRIC_REPRESENTATION_CONTEXT() REPRESENTATION_CONTEXT('2D SPACE',''
  ) );
#15152 = PCURVE('',#5045,#15153);
#15153 = DEFINITIONAL_REPRESENTATION('',(#15154),#15158);
#15154 = LINE('',#15155,#15156);
#15155 = CARTESIAN_POINT('',(1.850646793437,0.));
#15156 = VECTOR('',#15157,1.);
#15157 = DIRECTION('',(0.,-1.));
#15158 = ( GEOMETRIC_REPRESENTATION_CONTEXT(2) 
PARAMETRIC_REPRESENTATION_CONTEXT() REPRESENTATION_CONTEXT('2D SPACE',''
  ) );
#15159 = ORIENTED_EDGE('',*,*,#5057,.T.);
#15160 = ORIENTED_EDGE('',*,*,#15070,.F.);
#15161 = ORIENTED_EDGE('',*,*,#15162,.F.);
#15162 = EDGE_CURVE('',#14458,#15050,#15163,.T.);
#15163 = SURFACE_CURVE('',#15164,(#15168,#15174),.PCURVE_S1.);
#15164 = LINE('',#15165,#15166);
#15165 = CARTESIAN_POINT('',(-33.04221828598,-8.31648069861,68.31));
#15166 = VECTOR('',#15167,1.);
#15167 = DIRECTION('',(-0.116779074517,0.993157916826,0.));
#15168 = PCURVE('',#5073,#15169);
#15169 = DEFINITIONAL_REPRESENTATION('',(#15170),#15173);
#15170 = B_SPLINE_CURVE_WITH_KNOTS('',1,(#15171,#15172),.UNSPECIFIED.,
  .F.,.F.,(2,2),(3.475615577826,5.326262371262),
  .PIECEWISE_BEZIER_KNOTS.);
#15171 = CARTESIAN_POINT('',(0.,-1.000000000001E-02));
#15172 = CARTESIAN_POINT('',(1.850646793437,-1.000000000001E-02));
#15173 = ( GEOMETRIC_REPRESENTATION_CONTEXT(2) 
PARAMETRIC_REPRESENTATION_CONTEXT() REPRESENTATION_CONTEXT('2D SPACE',''
  ) );
#15174 = PCURVE('',#14494,#15175);
#15175 = DEFINITIONAL_REPRESENTATION('',(#15176),#15179);
#15176 = B_SPLINE_CURVE_WITH_KNOTS('',1,(#15177,#15178),.UNSPECIFIED.,
  .F.,.F.,(2,2),(3.475615577826,5.326262371262),
  .PIECEWISE_BEZIER_KNOTS.);
#15177 = CARTESIAN_POINT('',(-1.25959174028,6.851012394579));
#15178 = CARTESIAN_POINT('',(-1.475708560074,8.688996908731));
#15179 = ( GEOMETRIC_REPRESENTATION_CONTEXT(2) 
PARAMETRIC_REPRESENTATION_CONTEXT() REPRESENTATION_CONTEXT('2D SPACE',''
  ) );
#15180 = ORIENTED_EDGE('',*,*,#14457,.T.);
#15181 = ORIENTED_EDGE('',*,*,#15182,.F.);
#15182 = EDGE_CURVE('',#14317,#14437,#15183,.T.);
#15183 = SURFACE_CURVE('',#15184,(#15188,#15195),.PCURVE_S1.);
#15184 = LINE('',#15185,#15186);
#15185 = CARTESIAN_POINT('',(-33.44809745654,-4.864645571647,68.3));
#15186 = VECTOR('',#15187,1.);
#15187 = DIRECTION('',(-0.116779074517,0.993157916826,0.));
#15188 = PCURVE('',#5073,#15189);
#15189 = DEFINITIONAL_REPRESENTATION('',(#15190),#15194);
#15190 = LINE('',#15191,#15192);
#15191 = CARTESIAN_POINT('',(0.,0.));
#15192 = VECTOR('',#15193,1.);
#15193 = DIRECTION('',(1.,0.));
#15194 = ( GEOMETRIC_REPRESENTATION_CONTEXT(2) 
PARAMETRIC_REPRESENTATION_CONTEXT() REPRESENTATION_CONTEXT('2D SPACE',''
  ) );
#15195 = PCURVE('',#14352,#15196);
#15196 = DEFINITIONAL_REPRESENTATION('',(#15197),#15201);
#15197 = LINE('',#15198,#15199);
#15198 = CARTESIAN_POINT('',(-8.620945210204,15.710680732074));
#15199 = VECTOR('',#15200,1.);
#15200 = DIRECTION('',(-0.116779074517,0.993157916826));
#15201 = ( GEOMETRIC_REPRESENTATION_CONTEXT(2) 
PARAMETRIC_REPRESENTATION_CONTEXT() REPRESENTATION_CONTEXT('2D SPACE',''
  ) );
#15202 = ORIENTED_EDGE('',*,*,#14316,.T.);
#15203 = ADVANCED_FACE('',(#15204),#5045,.T.);
#15204 = FACE_BOUND('',#15205,.T.);
#15205 = EDGE_LOOP('',(#15206,#15227,#15248,#15249,#15250,#15269,#15270,
    #15291));
#15206 = ORIENTED_EDGE('',*,*,#15207,.F.);
#15207 = EDGE_CURVE('',#15208,#14099,#15210,.T.);
#15208 = VERTEX_POINT('',#15209);
#15209 = CARTESIAN_POINT('',(-33.1317073853,-6.688046481179,68.31));
#15210 = SURFACE_CURVE('',#15211,(#15215,#15221),.PCURVE_S1.);
#15211 = LINE('',#15212,#15213);
#15212 = CARTESIAN_POINT('',(-32.69448562745,-9.20781755939,68.31));
#15213 = VECTOR('',#15214,1.);
#15214 = DIRECTION('',(-0.17096188876,0.985277642389,0.));
#15215 = PCURVE('',#5045,#15216);
#15216 = DEFINITIONAL_REPRESENTATION('',(#15217),#15220);
#15217 = B_SPLINE_CURVE_WITH_KNOTS('',1,(#15218,#15219),.UNSPECIFIED.,
  .F.,.F.,(2,2),(2.557422364828,4.408069158265),
  .PIECEWISE_BEZIER_KNOTS.);
#15218 = CARTESIAN_POINT('',(0.,-1.000000000001E-02));
#15219 = CARTESIAN_POINT('',(1.850646793437,-1.000000000001E-02));
#15220 = ( GEOMETRIC_REPRESENTATION_CONTEXT(2) 
PARAMETRIC_REPRESENTATION_CONTEXT() REPRESENTATION_CONTEXT('2D SPACE',''
  ) );
#15221 = PCURVE('',#14114,#15222);
#15222 = DEFINITIONAL_REPRESENTATION('',(#15223),#15226);
#15223 = B_SPLINE_CURVE_WITH_KNOTS('',1,(#15224,#15225),.UNSPECIFIED.,
  .F.,.F.,(2,2),(2.557422364828,4.408069158265),
  .PIECEWISE_BEZIER_KNOTS.);
#15224 = CARTESIAN_POINT('',(-0.943201669045,5.027611485047));
#15225 = CARTESIAN_POINT('',(-1.25959174028,6.851012394579));
#15226 = ( GEOMETRIC_REPRESENTATION_CONTEXT(2) 
PARAMETRIC_REPRESENTATION_CONTEXT() REPRESENTATION_CONTEXT('2D SPACE',''
  ) );
#15227 = ORIENTED_EDGE('',*,*,#15228,.T.);
#15228 = EDGE_CURVE('',#15208,#5002,#15229,.T.);
#15229 = SURFACE_CURVE('',#15230,(#15234,#15241),.PCURVE_S1.);
#15230 = LINE('',#15231,#15232);
#15231 = CARTESIAN_POINT('',(-33.1317073853,-6.688046481179,68.3));
#15232 = VECTOR('',#15233,1.);
#15233 = DIRECTION('',(0.,0.,1.));
#15234 = PCURVE('',#5045,#15235);
#15235 = DEFINITIONAL_REPRESENTATION('',(#15236),#15240);
#15236 = LINE('',#15237,#15238);
#15237 = CARTESIAN_POINT('',(0.,0.));
#15238 = VECTOR('',#15239,1.);
#15239 = DIRECTION('',(0.,-1.));
#15240 = ( GEOMETRIC_REPRESENTATION_CONTEXT(2) 
PARAMETRIC_REPRESENTATION_CONTEXT() REPRESENTATION_CONTEXT('2D SPACE',''
  ) );
#15241 = PCURVE('',#5017,#15242);
#15242 = DEFINITIONAL_REPRESENTATION('',(#15243),#15247);
#15243 = LINE('',#15244,#15245);
#15244 = CARTESIAN_POINT('',(1.850646793437,0.));
#15245 = VECTOR('',#15246,1.);
#15246 = DIRECTION('',(0.,-1.));
#15247 = ( GEOMETRIC_REPRESENTATION_CONTEXT(2) 
PARAMETRIC_REPRESENTATION_CONTEXT() REPRESENTATION_CONTEXT('2D SPACE',''
  ) );
#15248 = ORIENTED_EDGE('',*,*,#5029,.T.);
#15249 = ORIENTED_EDGE('',*,*,#15139,.F.);
#15250 = ORIENTED_EDGE('',*,*,#15251,.F.);
#15251 = EDGE_CURVE('',#14268,#15119,#15252,.T.);
#15252 = SURFACE_CURVE('',#15253,(#15257,#15263),.PCURVE_S1.);
#15253 = LINE('',#15254,#15255);
#15254 = CARTESIAN_POINT('',(-32.69448562745,-9.20781755939,68.31));
#15255 = VECTOR('',#15256,1.);
#15256 = DIRECTION('',(-0.17096188876,0.985277642389,0.));
#15257 = PCURVE('',#5045,#15258);
#15258 = DEFINITIONAL_REPRESENTATION('',(#15259),#15262);
#15259 = B_SPLINE_CURVE_WITH_KNOTS('',1,(#15260,#15261),.UNSPECIFIED.,
  .F.,.F.,(2,2),(2.557422364828,4.408069158265),
  .PIECEWISE_BEZIER_KNOTS.);
#15260 = CARTESIAN_POINT('',(0.,-1.000000000001E-02));
#15261 = CARTESIAN_POINT('',(1.850646793437,-1.000000000001E-02));
#15262 = ( GEOMETRIC_REPRESENTATION_CONTEXT(2) 
PARAMETRIC_REPRESENTATION_CONTEXT() REPRESENTATION_CONTEXT('2D SPACE',''
  ) );
#15263 = PCURVE('',#14304,#15264);
#15264 = DEFINITIONAL_REPRESENTATION('',(#15265),#15268);
#15265 = B_SPLINE_CURVE_WITH_KNOTS('',1,(#15266,#15267),.UNSPECIFIED.,
  .F.,.F.,(2,2),(2.557422364828,4.408069158265),
  .PIECEWISE_BEZIER_KNOTS.);
#15266 = CARTESIAN_POINT('',(-0.943201669045,5.027611485047));
#15267 = CARTESIAN_POINT('',(-1.25959174028,6.851012394579));
#15268 = ( GEOMETRIC_REPRESENTATION_CONTEXT(2) 
PARAMETRIC_REPRESENTATION_CONTEXT() REPRESENTATION_CONTEXT('2D SPACE',''
  ) );
#15269 = ORIENTED_EDGE('',*,*,#14267,.T.);
#15270 = ORIENTED_EDGE('',*,*,#15271,.F.);
#15271 = EDGE_CURVE('',#14127,#14247,#15272,.T.);
#15272 = SURFACE_CURVE('',#15273,(#15277,#15284),.PCURVE_S1.);
#15273 = LINE('',#15274,#15275);
#15274 = CARTESIAN_POINT('',(-33.1317073853,-6.688046481179,68.3));
#15275 = VECTOR('',#15276,1.);
#15276 = DIRECTION('',(-0.17096188876,0.985277642389,0.));
#15277 = PCURVE('',#5045,#15278);
#15278 = DEFINITIONAL_REPRESENTATION('',(#15279),#15283);
#15279 = LINE('',#15280,#15281);
#15280 = CARTESIAN_POINT('',(0.,0.));
#15281 = VECTOR('',#15282,1.);
#15282 = DIRECTION('',(1.,0.));
#15283 = ( GEOMETRIC_REPRESENTATION_CONTEXT(2) 
PARAMETRIC_REPRESENTATION_CONTEXT() REPRESENTATION_CONTEXT('2D SPACE',''
  ) );
#15284 = PCURVE('',#14162,#15285);
#15285 = DEFINITIONAL_REPRESENTATION('',(#15286),#15290);
#15286 = LINE('',#15287,#15288);
#15287 = CARTESIAN_POINT('',(-8.30455513897,13.887279822542));
#15288 = VECTOR('',#15289,1.);
#15289 = DIRECTION('',(-0.17096188876,0.985277642389));
#15290 = ( GEOMETRIC_REPRESENTATION_CONTEXT(2) 
PARAMETRIC_REPRESENTATION_CONTEXT() REPRESENTATION_CONTEXT('2D SPACE',''
  ) );
#15291 = ORIENTED_EDGE('',*,*,#14126,.T.);
#15292 = ADVANCED_FACE('',(#15293),#5017,.T.);
#15293 = FACE_BOUND('',#15294,.T.);
#15294 = EDGE_LOOP('',(#15295,#15316,#15337,#15338,#15339,#15358,#15359,
    #15380));
#15295 = ORIENTED_EDGE('',*,*,#15296,.F.);
#15296 = EDGE_CURVE('',#15297,#13909,#15299,.T.);
#15297 = VERTEX_POINT('',#15298);
#15298 = CARTESIAN_POINT('',(-32.71599256086,-8.491397456113,68.31));
#15299 = SURFACE_CURVE('',#15300,(#15304,#15310),.PCURVE_S1.);
#15300 = LINE('',#15301,#15302);
#15301 = CARTESIAN_POINT('',(-32.34980272555,-10.07991140287,68.31));
#15302 = VECTOR('',#15303,1.);
#15303 = DIRECTION('',(-0.224632180446,0.974443627671,0.));
#15304 = PCURVE('',#5017,#15305);
#15305 = DEFINITIONAL_REPRESENTATION('',(#15306),#15309);
#15306 = B_SPLINE_CURVE_WITH_KNOTS('',1,(#15307,#15308),.UNSPECIFIED.,
  .F.,.F.,(2,2),(1.630175314045,3.480822107482),
  .PIECEWISE_BEZIER_KNOTS.);
#15307 = CARTESIAN_POINT('',(0.,-1.000000000001E-02));
#15308 = CARTESIAN_POINT('',(1.850646793437,-1.000000000001E-02));
#15309 = ( GEOMETRIC_REPRESENTATION_CONTEXT(2) 
PARAMETRIC_REPRESENTATION_CONTEXT() REPRESENTATION_CONTEXT('2D SPACE',''
  ) );
#15310 = PCURVE('',#13924,#15311);
#15311 = DEFINITIONAL_REPRESENTATION('',(#15312),#15315);
#15312 = B_SPLINE_CURVE_WITH_KNOTS('',1,(#15313,#15314),.UNSPECIFIED.,
  .F.,.F.,(2,2),(1.630175314045,3.480822107482),
  .PIECEWISE_BEZIER_KNOTS.);
#15313 = CARTESIAN_POINT('',(-0.5274868446,3.224260510114));
#15314 = CARTESIAN_POINT('',(-0.943201669045,5.027611485047));
#15315 = ( GEOMETRIC_REPRESENTATION_CONTEXT(2) 
PARAMETRIC_REPRESENTATION_CONTEXT() REPRESENTATION_CONTEXT('2D SPACE',''
  ) );
#15316 = ORIENTED_EDGE('',*,*,#15317,.T.);
#15317 = EDGE_CURVE('',#15297,#4974,#15318,.T.);
#15318 = SURFACE_CURVE('',#15319,(#15323,#15330),.PCURVE_S1.);
#15319 = LINE('',#15320,#15321);
#15320 = CARTESIAN_POINT('',(-32.71599256086,-8.491397456113,68.3));
#15321 = VECTOR('',#15322,1.);
#15322 = DIRECTION('',(0.,0.,1.));
#15323 = PCURVE('',#5017,#15324);
#15324 = DEFINITIONAL_REPRESENTATION('',(#15325),#15329);
#15325 = LINE('',#15326,#15327);
#15326 = CARTESIAN_POINT('',(0.,0.));
#15327 = VECTOR('',#15328,1.);
#15328 = DIRECTION('',(0.,-1.));
#15329 = ( GEOMETRIC_REPRESENTATION_CONTEXT(2) 
PARAMETRIC_REPRESENTATION_CONTEXT() REPRESENTATION_CONTEXT('2D SPACE',''
  ) );
#15330 = PCURVE('',#4989,#15331);
#15331 = DEFINITIONAL_REPRESENTATION('',(#15332),#15336);
#15332 = LINE('',#15333,#15334);
#15333 = CARTESIAN_POINT('',(1.850646793437,0.));
#15334 = VECTOR('',#15335,1.);
#15335 = DIRECTION('',(0.,-1.));
#15336 = ( GEOMETRIC_REPRESENTATION_CONTEXT(2) 
PARAMETRIC_REPRESENTATION_CONTEXT() REPRESENTATION_CONTEXT('2D SPACE',''
  ) );
#15337 = ORIENTED_EDGE('',*,*,#5001,.T.);
#15338 = ORIENTED_EDGE('',*,*,#15228,.F.);
#15339 = ORIENTED_EDGE('',*,*,#15340,.F.);
#15340 = EDGE_CURVE('',#14078,#15208,#15341,.T.);
#15341 = SURFACE_CURVE('',#15342,(#15346,#15352),.PCURVE_S1.);
#15342 = LINE('',#15343,#15344);
#15343 = CARTESIAN_POINT('',(-32.34980272555,-10.07991140287,68.31));
#15344 = VECTOR('',#15345,1.);
#15345 = DIRECTION('',(-0.224632180446,0.974443627671,0.));
#15346 = PCURVE('',#5017,#15347);
#15347 = DEFINITIONAL_REPRESENTATION('',(#15348),#15351);
#15348 = B_SPLINE_CURVE_WITH_KNOTS('',1,(#15349,#15350),.UNSPECIFIED.,
  .F.,.F.,(2,2),(1.630175314045,3.480822107482),
  .PIECEWISE_BEZIER_KNOTS.);
#15349 = CARTESIAN_POINT('',(0.,-1.000000000001E-02));
#15350 = CARTESIAN_POINT('',(1.850646793437,-1.000000000001E-02));
#15351 = ( GEOMETRIC_REPRESENTATION_CONTEXT(2) 
PARAMETRIC_REPRESENTATION_CONTEXT() REPRESENTATION_CONTEXT('2D SPACE',''
  ) );
#15352 = PCURVE('',#14114,#15353);
#15353 = DEFINITIONAL_REPRESENTATION('',(#15354),#15357);
#15354 = B_SPLINE_CURVE_WITH_KNOTS('',1,(#15355,#15356),.UNSPECIFIED.,
  .F.,.F.,(2,2),(1.630175314045,3.480822107482),
  .PIECEWISE_BEZIER_KNOTS.);
#15355 = CARTESIAN_POINT('',(-0.5274868446,3.224260510114));
#15356 = CARTESIAN_POINT('',(-0.943201669045,5.027611485047));
#15357 = ( GEOMETRIC_REPRESENTATION_CONTEXT(2) 
PARAMETRIC_REPRESENTATION_CONTEXT() REPRESENTATION_CONTEXT('2D SPACE',''
  ) );
#15358 = ORIENTED_EDGE('',*,*,#14077,.T.);
#15359 = ORIENTED_EDGE('',*,*,#15360,.F.);
#15360 = EDGE_CURVE('',#13937,#14057,#15361,.T.);
#15361 = SURFACE_CURVE('',#15362,(#15366,#15373),.PCURVE_S1.);
#15362 = LINE('',#15363,#15364);
#15363 = CARTESIAN_POINT('',(-32.71599256086,-8.491397456113,68.3));
#15364 = VECTOR('',#15365,1.);
#15365 = DIRECTION('',(-0.224632180446,0.974443627671,0.));
#15366 = PCURVE('',#5017,#15367);
#15367 = DEFINITIONAL_REPRESENTATION('',(#15368),#15372);
#15368 = LINE('',#15369,#15370);
#15369 = CARTESIAN_POINT('',(0.,0.));
#15370 = VECTOR('',#15371,1.);
#15371 = DIRECTION('',(1.,0.));
#15372 = ( GEOMETRIC_REPRESENTATION_CONTEXT(2) 
PARAMETRIC_REPRESENTATION_CONTEXT() REPRESENTATION_CONTEXT('2D SPACE',''
  ) );
#15373 = PCURVE('',#13972,#15374);
#15374 = DEFINITIONAL_REPRESENTATION('',(#15375),#15379);
#15375 = LINE('',#15376,#15377);
#15376 = CARTESIAN_POINT('',(-7.888840314524,12.083928847608));
#15377 = VECTOR('',#15378,1.);
#15378 = DIRECTION('',(-0.224632180446,0.974443627671));
#15379 = ( GEOMETRIC_REPRESENTATION_CONTEXT(2) 
PARAMETRIC_REPRESENTATION_CONTEXT() REPRESENTATION_CONTEXT('2D SPACE',''
  ) );
#15380 = ORIENTED_EDGE('',*,*,#13936,.T.);
#15381 = ADVANCED_FACE('',(#15382),#4989,.T.);
#15382 = FACE_BOUND('',#15383,.T.);
#15383 = EDGE_LOOP('',(#15384,#15405,#15426,#15427,#15428,#15447,#15448,
    #15469));
#15384 = ORIENTED_EDGE('',*,*,#15385,.F.);
#15385 = EDGE_CURVE('',#15386,#13719,#15388,.T.);
#15386 = VERTEX_POINT('',#15387);
#15387 = CARTESIAN_POINT('',(-32.20219924473,-10.26929227368,68.31));
#15388 = SURFACE_CURVE('',#15389,(#15393,#15399),.PCURVE_S1.);
#15389 = LINE('',#15390,#15391);
#15390 = CARTESIAN_POINT('',(-32.0087877999,-10.93855984613,68.31));
#15391 = VECTOR('',#15392,1.);
#15392 = DIRECTION('',(-0.277629052691,0.960688351705,0.));
#15393 = PCURVE('',#4989,#15394);
#15394 = DEFINITIONAL_REPRESENTATION('',(#15395),#15398);
#15395 = B_SPLINE_CURVE_WITH_KNOTS('',1,(#15396,#15397),.UNSPECIFIED.,
  .F.,.F.,(2,2),(0.696654197233,2.54730099067),
  .PIECEWISE_BEZIER_KNOTS.);
#15396 = CARTESIAN_POINT('',(0.,-1.000000000001E-02));
#15397 = CARTESIAN_POINT('',(1.850646793437,-1.000000000001E-02));
#15398 = ( GEOMETRIC_REPRESENTATION_CONTEXT(2) 
PARAMETRIC_REPRESENTATION_CONTEXT() REPRESENTATION_CONTEXT('2D SPACE',''
  ) );
#15399 = PCURVE('',#13734,#15400);
#15400 = DEFINITIONAL_REPRESENTATION('',(#15401),#15404);
#15401 = B_SPLINE_CURVE_WITH_KNOTS('',1,(#15402,#15403),.UNSPECIFIED.,
  .F.,.F.,(2,2),(0.696654197233,2.54730099067),
  .PIECEWISE_BEZIER_KNOTS.);
#15402 = CARTESIAN_POINT('',(-1.369352847301E-02,1.446365692538));
#15403 = CARTESIAN_POINT('',(-0.5274868446,3.224260510114));
#15404 = ( GEOMETRIC_REPRESENTATION_CONTEXT(2) 
PARAMETRIC_REPRESENTATION_CONTEXT() REPRESENTATION_CONTEXT('2D SPACE',''
  ) );
#15405 = ORIENTED_EDGE('',*,*,#15406,.T.);
#15406 = EDGE_CURVE('',#15386,#4946,#15407,.T.);
#15407 = SURFACE_CURVE('',#15408,(#15412,#15419),.PCURVE_S1.);
#15408 = LINE('',#15409,#15410);
#15409 = CARTESIAN_POINT('',(-32.20219924473,-10.26929227368,68.3));
#15410 = VECTOR('',#15411,1.);
#15411 = DIRECTION('',(0.,0.,1.));
#15412 = PCURVE('',#4989,#15413);
#15413 = DEFINITIONAL_REPRESENTATION('',(#15414),#15418);
#15414 = LINE('',#15415,#15416);
#15415 = CARTESIAN_POINT('',(0.,0.));
#15416 = VECTOR('',#15417,1.);
#15417 = DIRECTION('',(0.,-1.));
#15418 = ( GEOMETRIC_REPRESENTATION_CONTEXT(2) 
PARAMETRIC_REPRESENTATION_CONTEXT() REPRESENTATION_CONTEXT('2D SPACE',''
  ) );
#15419 = PCURVE('',#4961,#15420);
#15420 = DEFINITIONAL_REPRESENTATION('',(#15421),#15425);
#15421 = LINE('',#15422,#15423);
#15422 = CARTESIAN_POINT('',(1.850646793437,0.));
#15423 = VECTOR('',#15424,1.);
#15424 = DIRECTION('',(0.,-1.));
#15425 = ( GEOMETRIC_REPRESENTATION_CONTEXT(2) 
PARAMETRIC_REPRESENTATION_CONTEXT() REPRESENTATION_CONTEXT('2D SPACE',''
  ) );
#15426 = ORIENTED_EDGE('',*,*,#4973,.T.);
#15427 = ORIENTED_EDGE('',*,*,#15317,.F.);
#15428 = ORIENTED_EDGE('',*,*,#15429,.F.);
#15429 = EDGE_CURVE('',#13888,#15297,#15430,.T.);
#15430 = SURFACE_CURVE('',#15431,(#15435,#15441),.PCURVE_S1.);
#15431 = LINE('',#15432,#15433);
#15432 = CARTESIAN_POINT('',(-32.0087877999,-10.93855984613,68.31));
#15433 = VECTOR('',#15434,1.);
#15434 = DIRECTION('',(-0.277629052691,0.960688351705,0.));
#15435 = PCURVE('',#4989,#15436);
#15436 = DEFINITIONAL_REPRESENTATION('',(#15437),#15440);
#15437 = B_SPLINE_CURVE_WITH_KNOTS('',1,(#15438,#15439),.UNSPECIFIED.,
  .F.,.F.,(2,2),(0.696654197233,2.54730099067),
  .PIECEWISE_BEZIER_KNOTS.);
#15438 = CARTESIAN_POINT('',(0.,-1.000000000001E-02));
#15439 = CARTESIAN_POINT('',(1.850646793437,-1.000000000001E-02));
#15440 = ( GEOMETRIC_REPRESENTATION_CONTEXT(2) 
PARAMETRIC_REPRESENTATION_CONTEXT() REPRESENTATION_CONTEXT('2D SPACE',''
  ) );
#15441 = PCURVE('',#13924,#15442);
#15442 = DEFINITIONAL_REPRESENTATION('',(#15443),#15446);
#15443 = B_SPLINE_CURVE_WITH_KNOTS('',1,(#15444,#15445),.UNSPECIFIED.,
  .F.,.F.,(2,2),(0.696654197233,2.54730099067),
  .PIECEWISE_BEZIER_KNOTS.);
#15444 = CARTESIAN_POINT('',(-1.369352847301E-02,1.446365692538));
#15445 = CARTESIAN_POINT('',(-0.5274868446,3.224260510114));
#15446 = ( GEOMETRIC_REPRESENTATION_CONTEXT(2) 
PARAMETRIC_REPRESENTATION_CONTEXT() REPRESENTATION_CONTEXT('2D SPACE',''
  ) );
#15447 = ORIENTED_EDGE('',*,*,#13887,.T.);
#15448 = ORIENTED_EDGE('',*,*,#15449,.F.);
#15449 = EDGE_CURVE('',#13747,#13867,#15450,.T.);
#15450 = SURFACE_CURVE('',#15451,(#15455,#15462),.PCURVE_S1.);
#15451 = LINE('',#15452,#15453);
#15452 = CARTESIAN_POINT('',(-32.20219924473,-10.26929227368,68.3));
#15453 = VECTOR('',#15454,1.);
#15454 = DIRECTION('',(-0.277629052691,0.960688351705,0.));
#15455 = PCURVE('',#4989,#15456);
#15456 = DEFINITIONAL_REPRESENTATION('',(#15457),#15461);
#15457 = LINE('',#15458,#15459);
#15458 = CARTESIAN_POINT('',(0.,0.));
#15459 = VECTOR('',#15460,1.);
#15460 = DIRECTION('',(1.,0.));
#15461 = ( GEOMETRIC_REPRESENTATION_CONTEXT(2) 
PARAMETRIC_REPRESENTATION_CONTEXT() REPRESENTATION_CONTEXT('2D SPACE',''
  ) );
#15462 = PCURVE('',#13782,#15463);
#15463 = DEFINITIONAL_REPRESENTATION('',(#15464),#15468);
#15464 = LINE('',#15465,#15466);
#15465 = CARTESIAN_POINT('',(-7.375046998398,10.306034030033));
#15466 = VECTOR('',#15467,1.);
#15467 = DIRECTION('',(-0.277629052691,0.960688351705));
#15468 = ( GEOMETRIC_REPRESENTATION_CONTEXT(2) 
PARAMETRIC_REPRESENTATION_CONTEXT() REPRESENTATION_CONTEXT('2D SPACE',''
  ) );
#15469 = ORIENTED_EDGE('',*,*,#13746,.T.);
#15470 = ADVANCED_FACE('',(#15471),#4961,.T.);
#15471 = FACE_BOUND('',#15472,.T.);
#15472 = EDGE_LOOP('',(#15473,#15494,#15515,#15516,#15517,#15536,#15537,
    #15558));
#15473 = ORIENTED_EDGE('',*,*,#15474,.F.);
#15474 = EDGE_CURVE('',#15475,#13529,#15477,.T.);
#15475 = VERTEX_POINT('',#15476);
#15476 = CARTESIAN_POINT('',(-31.59186772562,-12.01640102555,68.31));
#15477 = SURFACE_CURVE('',#15478,(#15482,#15488),.PCURVE_S1.);
#15478 = LINE('',#15479,#15480);
#15479 = CARTESIAN_POINT('',(-31.67113111918,-11.78950504482,68.31));
#15480 = VECTOR('',#15481,1.);
#15481 = DIRECTION('',(-0.329793627438,0.944053051105,0.));
#15482 = PCURVE('',#4961,#15483);
#15483 = DEFINITIONAL_REPRESENTATION('',(#15484),#15487);
#15484 = B_SPLINE_CURVE_WITH_KNOTS('',1,(#15485,#15486),.UNSPECIFIED.,
  .F.,.F.,(2,2),(-0.240342404977,1.61030438846),
  .PIECEWISE_BEZIER_KNOTS.);
#15485 = CARTESIAN_POINT('',(0.,-1.000000000001E-02));
#15486 = CARTESIAN_POINT('',(1.850646793437,-1.000000000001E-02));
#15487 = ( GEOMETRIC_REPRESENTATION_CONTEXT(2) 
PARAMETRIC_REPRESENTATION_CONTEXT() REPRESENTATION_CONTEXT('2D SPACE',''
  ) );
#15488 = PCURVE('',#13544,#15489);
#15489 = DEFINITIONAL_REPRESENTATION('',(#15490),#15493);
#15490 = B_SPLINE_CURVE_WITH_KNOTS('',1,(#15491,#15492),.UNSPECIFIED.,
  .F.,.F.,(2,2),(-0.240342404977,1.61030438846),
  .PIECEWISE_BEZIER_KNOTS.);
#15491 = CARTESIAN_POINT('',(0.59663799064,-0.300743059324));
#15492 = CARTESIAN_POINT('',(-1.369352847301E-02,1.446365692538));
#15493 = ( GEOMETRIC_REPRESENTATION_CONTEXT(2) 
PARAMETRIC_REPRESENTATION_CONTEXT() REPRESENTATION_CONTEXT('2D SPACE',''
  ) );
#15494 = ORIENTED_EDGE('',*,*,#15495,.T.);
#15495 = EDGE_CURVE('',#15475,#4918,#15496,.T.);
#15496 = SURFACE_CURVE('',#15497,(#15501,#15508),.PCURVE_S1.);
#15497 = LINE('',#15498,#15499);
#15498 = CARTESIAN_POINT('',(-31.59186772562,-12.01640102555,68.3));
#15499 = VECTOR('',#15500,1.);
#15500 = DIRECTION('',(0.,0.,1.));
#15501 = PCURVE('',#4961,#15502);
#15502 = DEFINITIONAL_REPRESENTATION('',(#15503),#15507);
#15503 = LINE('',#15504,#15505);
#15504 = CARTESIAN_POINT('',(0.,0.));
#15505 = VECTOR('',#15506,1.);
#15506 = DIRECTION('',(0.,-1.));
#15507 = ( GEOMETRIC_REPRESENTATION_CONTEXT(2) 
PARAMETRIC_REPRESENTATION_CONTEXT() REPRESENTATION_CONTEXT('2D SPACE',''
  ) );
#15508 = PCURVE('',#4933,#15509);
#15509 = DEFINITIONAL_REPRESENTATION('',(#15510),#15514);
#15510 = LINE('',#15511,#15512);
#15511 = CARTESIAN_POINT('',(1.850646793437,0.));
#15512 = VECTOR('',#15513,1.);
#15513 = DIRECTION('',(0.,-1.));
#15514 = ( GEOMETRIC_REPRESENTATION_CONTEXT(2) 
PARAMETRIC_REPRESENTATION_CONTEXT() REPRESENTATION_CONTEXT('2D SPACE',''
  ) );
#15515 = ORIENTED_EDGE('',*,*,#4945,.T.);
#15516 = ORIENTED_EDGE('',*,*,#15406,.F.);
#15517 = ORIENTED_EDGE('',*,*,#15518,.F.);
#15518 = EDGE_CURVE('',#13698,#15386,#15519,.T.);
#15519 = SURFACE_CURVE('',#15520,(#15524,#15530),.PCURVE_S1.);
#15520 = LINE('',#15521,#15522);
#15521 = CARTESIAN_POINT('',(-31.67113111918,-11.78950504482,68.31));
#15522 = VECTOR('',#15523,1.);
#15523 = DIRECTION('',(-0.329793627438,0.944053051105,0.));
#15524 = PCURVE('',#4961,#15525);
#15525 = DEFINITIONAL_REPRESENTATION('',(#15526),#15529);
#15526 = B_SPLINE_CURVE_WITH_KNOTS('',1,(#15527,#15528),.UNSPECIFIED.,
  .F.,.F.,(2,2),(-0.240342404977,1.61030438846),
  .PIECEWISE_BEZIER_KNOTS.);
#15527 = CARTESIAN_POINT('',(0.,-1.000000000001E-02));
#15528 = CARTESIAN_POINT('',(1.850646793437,-1.000000000001E-02));
#15529 = ( GEOMETRIC_REPRESENTATION_CONTEXT(2) 
PARAMETRIC_REPRESENTATION_CONTEXT() REPRESENTATION_CONTEXT('2D SPACE',''
  ) );
#15530 = PCURVE('',#13734,#15531);
#15531 = DEFINITIONAL_REPRESENTATION('',(#15532),#15535);
#15532 = B_SPLINE_CURVE_WITH_KNOTS('',1,(#15533,#15534),.UNSPECIFIED.,
  .F.,.F.,(2,2),(-0.240342404977,1.61030438846),
  .PIECEWISE_BEZIER_KNOTS.);
#15533 = CARTESIAN_POINT('',(0.59663799064,-0.300743059324));
#15534 = CARTESIAN_POINT('',(-1.369352847301E-02,1.446365692538));
#15535 = ( GEOMETRIC_REPRESENTATION_CONTEXT(2) 
PARAMETRIC_REPRESENTATION_CONTEXT() REPRESENTATION_CONTEXT('2D SPACE',''
  ) );
#15536 = ORIENTED_EDGE('',*,*,#13697,.T.);
#15537 = ORIENTED_EDGE('',*,*,#15538,.F.);
#15538 = EDGE_CURVE('',#13557,#13677,#15539,.T.);
#15539 = SURFACE_CURVE('',#15540,(#15544,#15551),.PCURVE_S1.);
#15540 = LINE('',#15541,#15542);
#15541 = CARTESIAN_POINT('',(-31.59186772562,-12.01640102555,68.3));
#15542 = VECTOR('',#15543,1.);
#15543 = DIRECTION('',(-0.329793627438,0.944053051105,0.));
#15544 = PCURVE('',#4961,#15545);
#15545 = DEFINITIONAL_REPRESENTATION('',(#15546),#15550);
#15546 = LINE('',#15547,#15548);
#15547 = CARTESIAN_POINT('',(0.,0.));
#15548 = VECTOR('',#15549,1.);
#15549 = DIRECTION('',(1.,0.));
#15550 = ( GEOMETRIC_REPRESENTATION_CONTEXT(2) 
PARAMETRIC_REPRESENTATION_CONTEXT() REPRESENTATION_CONTEXT('2D SPACE',''
  ) );
#15551 = PCURVE('',#13592,#15552);
#15552 = DEFINITIONAL_REPRESENTATION('',(#15553),#15557);
#15553 = LINE('',#15554,#15555);
#15554 = CARTESIAN_POINT('',(-6.764715479284,8.55892527817));
#15555 = VECTOR('',#15556,1.);
#15556 = DIRECTION('',(-0.329793627438,0.944053051105));
#15557 = ( GEOMETRIC_REPRESENTATION_CONTEXT(2) 
PARAMETRIC_REPRESENTATION_CONTEXT() REPRESENTATION_CONTEXT('2D SPACE',''
  ) );
#15558 = ORIENTED_EDGE('',*,*,#13556,.T.);
#15559 = ADVANCED_FACE('',(#15560),#4933,.T.);
#15560 = FACE_BOUND('',#15561,.T.);
#15561 = EDGE_LOOP('',(#15562,#15583,#15604,#15605,#15606,#15625,#15626,
    #15647));
#15562 = ORIENTED_EDGE('',*,*,#15563,.F.);
#15563 = EDGE_CURVE('',#15564,#13339,#15566,.T.);
#15564 = VERTEX_POINT('',#15565);
#15565 = CARTESIAN_POINT('',(-30.88682770178,-13.72748609615,68.31));
#15566 = SURFACE_CURVE('',#15567,(#15571,#15577),.PCURVE_S1.);
#15567 = LINE('',#15568,#15569);
#15568 = CARTESIAN_POINT('',(-31.33561189103,-12.6383168289,68.31));
#15569 = VECTOR('',#15570,1.);
#15570 = DIRECTION('',(-0.380969521756,0.924587596441,0.));
#15571 = PCURVE('',#4933,#15572);
#15572 = DEFINITIONAL_REPRESENTATION('',(#15573),#15576);
#15573 = B_SPLINE_CURVE_WITH_KNOTS('',1,(#15574,#15575),.UNSPECIFIED.,
  .F.,.F.,(2,2),(-1.17800549288,0.672641300557),
  .PIECEWISE_BEZIER_KNOTS.);
#15574 = CARTESIAN_POINT('',(0.,-1.000000000001E-02));
#15575 = CARTESIAN_POINT('',(1.850646793437,-1.000000000001E-02));
#15576 = ( GEOMETRIC_REPRESENTATION_CONTEXT(2) 
PARAMETRIC_REPRESENTATION_CONTEXT() REPRESENTATION_CONTEXT('2D SPACE',''
  ) );
#15577 = PCURVE('',#13354,#15578);
#15578 = DEFINITIONAL_REPRESENTATION('',(#15579),#15582);
#15579 = B_SPLINE_CURVE_WITH_KNOTS('',1,(#15580,#15581),.UNSPECIFIED.,
  .F.,.F.,(2,2),(-1.17800549288,0.672641300557),
  .PIECEWISE_BEZIER_KNOTS.);
#15580 = CARTESIAN_POINT('',(1.301678014475,-2.01182812993));
#15581 = CARTESIAN_POINT('',(0.59663799064,-0.300743059324));
#15582 = ( GEOMETRIC_REPRESENTATION_CONTEXT(2) 
PARAMETRIC_REPRESENTATION_CONTEXT() REPRESENTATION_CONTEXT('2D SPACE',''
  ) );
#15583 = ORIENTED_EDGE('',*,*,#15584,.T.);
#15584 = EDGE_CURVE('',#15564,#4890,#15585,.T.);
#15585 = SURFACE_CURVE('',#15586,(#15590,#15597),.PCURVE_S1.);
#15586 = LINE('',#15587,#15588);
#15587 = CARTESIAN_POINT('',(-30.88682770178,-13.72748609615,68.3));
#15588 = VECTOR('',#15589,1.);
#15589 = DIRECTION('',(0.,0.,1.));
#15590 = PCURVE('',#4933,#15591);
#15591 = DEFINITIONAL_REPRESENTATION('',(#15592),#15596);
#15592 = LINE('',#15593,#15594);
#15593 = CARTESIAN_POINT('',(0.,0.));
#15594 = VECTOR('',#15595,1.);
#15595 = DIRECTION('',(0.,-1.));
#15596 = ( GEOMETRIC_REPRESENTATION_CONTEXT(2) 
PARAMETRIC_REPRESENTATION_CONTEXT() REPRESENTATION_CONTEXT('2D SPACE',''
  ) );
#15597 = PCURVE('',#4905,#15598);
#15598 = DEFINITIONAL_REPRESENTATION('',(#15599),#15603);
#15599 = LINE('',#15600,#15601);
#15600 = CARTESIAN_POINT('',(1.850646793437,0.));
#15601 = VECTOR('',#15602,1.);
#15602 = DIRECTION('',(0.,-1.));
#15603 = ( GEOMETRIC_REPRESENTATION_CONTEXT(2) 
PARAMETRIC_REPRESENTATION_CONTEXT() REPRESENTATION_CONTEXT('2D SPACE',''
  ) );
#15604 = ORIENTED_EDGE('',*,*,#4917,.T.);
#15605 = ORIENTED_EDGE('',*,*,#15495,.F.);
#15606 = ORIENTED_EDGE('',*,*,#15607,.F.);
#15607 = EDGE_CURVE('',#13508,#15475,#15608,.T.);
#15608 = SURFACE_CURVE('',#15609,(#15613,#15619),.PCURVE_S1.);
#15609 = LINE('',#15610,#15611);
#15610 = CARTESIAN_POINT('',(-31.33561189103,-12.6383168289,68.31));
#15611 = VECTOR('',#15612,1.);
#15612 = DIRECTION('',(-0.380969521756,0.924587596441,0.));
#15613 = PCURVE('',#4933,#15614);
#15614 = DEFINITIONAL_REPRESENTATION('',(#15615),#15618);
#15615 = B_SPLINE_CURVE_WITH_KNOTS('',1,(#15616,#15617),.UNSPECIFIED.,
  .F.,.F.,(2,2),(-1.17800549288,0.672641300557),
  .PIECEWISE_BEZIER_KNOTS.);
#15616 = CARTESIAN_POINT('',(0.,-1.000000000001E-02));
#15617 = CARTESIAN_POINT('',(1.850646793437,-1.000000000001E-02));
#15618 = ( GEOMETRIC_REPRESENTATION_CONTEXT(2) 
PARAMETRIC_REPRESENTATION_CONTEXT() REPRESENTATION_CONTEXT('2D SPACE',''
  ) );
#15619 = PCURVE('',#13544,#15620);
#15620 = DEFINITIONAL_REPRESENTATION('',(#15621),#15624);
#15621 = B_SPLINE_CURVE_WITH_KNOTS('',1,(#15622,#15623),.UNSPECIFIED.,
  .F.,.F.,(2,2),(-1.17800549288,0.672641300557),
  .PIECEWISE_BEZIER_KNOTS.);
#15622 = CARTESIAN_POINT('',(1.301678014475,-2.01182812993));
#15623 = CARTESIAN_POINT('',(0.59663799064,-0.300743059324));
#15624 = ( GEOMETRIC_REPRESENTATION_CONTEXT(2) 
PARAMETRIC_REPRESENTATION_CONTEXT() REPRESENTATION_CONTEXT('2D SPACE',''
  ) );
#15625 = ORIENTED_EDGE('',*,*,#13507,.T.);
#15626 = ORIENTED_EDGE('',*,*,#15627,.F.);
#15627 = EDGE_CURVE('',#13367,#13487,#15628,.T.);
#15628 = SURFACE_CURVE('',#15629,(#15633,#15640),.PCURVE_S1.);
#15629 = LINE('',#15630,#15631);
#15630 = CARTESIAN_POINT('',(-30.88682770178,-13.72748609615,68.3));
#15631 = VECTOR('',#15632,1.);
#15632 = DIRECTION('',(-0.380969521756,0.924587596441,0.));
#15633 = PCURVE('',#4933,#15634);
#15634 = DEFINITIONAL_REPRESENTATION('',(#15635),#15639);
#15635 = LINE('',#15636,#15637);
#15636 = CARTESIAN_POINT('',(0.,0.));
#15637 = VECTOR('',#15638,1.);
#15638 = DIRECTION('',(1.,0.));
#15639 = ( GEOMETRIC_REPRESENTATION_CONTEXT(2) 
PARAMETRIC_REPRESENTATION_CONTEXT() REPRESENTATION_CONTEXT('2D SPACE',''
  ) );
#15640 = PCURVE('',#13402,#15641);
#15641 = DEFINITIONAL_REPRESENTATION('',(#15642),#15646);
#15642 = LINE('',#15643,#15644);
#15643 = CARTESIAN_POINT('',(-6.05967545545,6.847840207565));
#15644 = VECTOR('',#15645,1.);
#15645 = DIRECTION('',(-0.380969521756,0.924587596441));
#15646 = ( GEOMETRIC_REPRESENTATION_CONTEXT(2) 
PARAMETRIC_REPRESENTATION_CONTEXT() REPRESENTATION_CONTEXT('2D SPACE',''
  ) );
#15647 = ORIENTED_EDGE('',*,*,#13366,.T.);
#15648 = ADVANCED_FACE('',(#15649),#4905,.T.);
#15649 = FACE_BOUND('',#15650,.T.);
#15650 = EDGE_LOOP('',(#15651,#15672,#15693,#15694,#15695,#15714,#15715,
    #15736));
#15651 = ORIENTED_EDGE('',*,*,#15652,.F.);
#15652 = EDGE_CURVE('',#15653,#13149,#15655,.T.);
#15653 = VERTEX_POINT('',#15654);
#15654 = CARTESIAN_POINT('',(-30.08919279585,-15.39741786449,68.31));
#15655 = SURFACE_CURVE('',#15656,(#15660,#15666),.PCURVE_S1.);
#15656 = LINE('',#15657,#15658);
#15657 = CARTESIAN_POINT('',(-31.00012867931,-13.4902786967,68.31));
#15658 = VECTOR('',#15659,1.);
#15659 = DIRECTION('',(-0.431003316656,0.902350342734,0.));
#15660 = PCURVE('',#4905,#15661);
#15661 = DEFINITIONAL_REPRESENTATION('',(#15662),#15665);
#15662 = B_SPLINE_CURVE_WITH_KNOTS('',1,(#15663,#15664),.UNSPECIFIED.,
  .F.,.F.,(2,2),(-2.113524068728,-0.262877275292),
  .PIECEWISE_BEZIER_KNOTS.);
#15663 = CARTESIAN_POINT('',(0.,-1.000000000001E-02));
#15664 = CARTESIAN_POINT('',(1.850646793437,-1.000000000001E-02));
#15665 = ( GEOMETRIC_REPRESENTATION_CONTEXT(2) 
PARAMETRIC_REPRESENTATION_CONTEXT() REPRESENTATION_CONTEXT('2D SPACE',''
  ) );
#15666 = PCURVE('',#13164,#15667);
#15667 = DEFINITIONAL_REPRESENTATION('',(#15668),#15671);
#15668 = B_SPLINE_CURVE_WITH_KNOTS('',1,(#15669,#15670),.UNSPECIFIED.,
  .F.,.F.,(2,2),(-2.113524068728,-0.262877275292),
  .PIECEWISE_BEZIER_KNOTS.);
#15669 = CARTESIAN_POINT('',(2.099312920405,-3.681759898266));
#15670 = CARTESIAN_POINT('',(1.301678014475,-2.01182812993));
#15671 = ( GEOMETRIC_REPRESENTATION_CONTEXT(2) 
PARAMETRIC_REPRESENTATION_CONTEXT() REPRESENTATION_CONTEXT('2D SPACE',''
  ) );
#15672 = ORIENTED_EDGE('',*,*,#15673,.T.);
#15673 = EDGE_CURVE('',#15653,#4862,#15674,.T.);
#15674 = SURFACE_CURVE('',#15675,(#15679,#15686),.PCURVE_S1.);
#15675 = LINE('',#15676,#15677);
#15676 = CARTESIAN_POINT('',(-30.08919279585,-15.39741786449,68.3));
#15677 = VECTOR('',#15678,1.);
#15678 = DIRECTION('',(0.,0.,1.));
#15679 = PCURVE('',#4905,#15680);
#15680 = DEFINITIONAL_REPRESENTATION('',(#15681),#15685);
#15681 = LINE('',#15682,#15683);
#15682 = CARTESIAN_POINT('',(0.,0.));
#15683 = VECTOR('',#15684,1.);
#15684 = DIRECTION('',(0.,-1.));
#15685 = ( GEOMETRIC_REPRESENTATION_CONTEXT(2) 
PARAMETRIC_REPRESENTATION_CONTEXT() REPRESENTATION_CONTEXT('2D SPACE',''
  ) );
#15686 = PCURVE('',#4877,#15687);
#15687 = DEFINITIONAL_REPRESENTATION('',(#15688),#15692);
#15688 = LINE('',#15689,#15690);
#15689 = CARTESIAN_POINT('',(1.850646793437,0.));
#15690 = VECTOR('',#15691,1.);
#15691 = DIRECTION('',(0.,-1.));
#15692 = ( GEOMETRIC_REPRESENTATION_CONTEXT(2) 
PARAMETRIC_REPRESENTATION_CONTEXT() REPRESENTATION_CONTEXT('2D SPACE',''
  ) );
#15693 = ORIENTED_EDGE('',*,*,#4889,.T.);
#15694 = ORIENTED_EDGE('',*,*,#15584,.F.);
#15695 = ORIENTED_EDGE('',*,*,#15696,.F.);
#15696 = EDGE_CURVE('',#13318,#15564,#15697,.T.);
#15697 = SURFACE_CURVE('',#15698,(#15702,#15708),.PCURVE_S1.);
#15698 = LINE('',#15699,#15700);
#15699 = CARTESIAN_POINT('',(-31.00012867931,-13.4902786967,68.31));
#15700 = VECTOR('',#15701,1.);
#15701 = DIRECTION('',(-0.431003316656,0.902350342734,0.));
#15702 = PCURVE('',#4905,#15703);
#15703 = DEFINITIONAL_REPRESENTATION('',(#15704),#15707);
#15704 = B_SPLINE_CURVE_WITH_KNOTS('',1,(#15705,#15706),.UNSPECIFIED.,
  .F.,.F.,(2,2),(-2.113524068728,-0.262877275292),
  .PIECEWISE_BEZIER_KNOTS.);
#15705 = CARTESIAN_POINT('',(0.,-1.000000000001E-02));
#15706 = CARTESIAN_POINT('',(1.850646793437,-1.000000000001E-02));
#15707 = ( GEOMETRIC_REPRESENTATION_CONTEXT(2) 
PARAMETRIC_REPRESENTATION_CONTEXT() REPRESENTATION_CONTEXT('2D SPACE',''
  ) );
#15708 = PCURVE('',#13354,#15709);
#15709 = DEFINITIONAL_REPRESENTATION('',(#15710),#15713);
#15710 = B_SPLINE_CURVE_WITH_KNOTS('',1,(#15711,#15712),.UNSPECIFIED.,
  .F.,.F.,(2,2),(-2.113524068728,-0.262877275292),
  .PIECEWISE_BEZIER_KNOTS.);
#15711 = CARTESIAN_POINT('',(2.099312920405,-3.681759898266));
#15712 = CARTESIAN_POINT('',(1.301678014475,-2.01182812993));
#15713 = ( GEOMETRIC_REPRESENTATION_CONTEXT(2) 
PARAMETRIC_REPRESENTATION_CONTEXT() REPRESENTATION_CONTEXT('2D SPACE',''
  ) );
#15714 = ORIENTED_EDGE('',*,*,#13317,.T.);
#15715 = ORIENTED_EDGE('',*,*,#15716,.F.);
#15716 = EDGE_CURVE('',#13177,#13297,#15717,.T.);
#15717 = SURFACE_CURVE('',#15718,(#15722,#15729),.PCURVE_S1.);
#15718 = LINE('',#15719,#15720);
#15719 = CARTESIAN_POINT('',(-30.08919279585,-15.39741786449,68.3));
#15720 = VECTOR('',#15721,1.);
#15721 = DIRECTION('',(-0.431003316656,0.902350342734,0.));
#15722 = PCURVE('',#4905,#15723);
#15723 = DEFINITIONAL_REPRESENTATION('',(#15724),#15728);
#15724 = LINE('',#15725,#15726);
#15725 = CARTESIAN_POINT('',(0.,0.));
#15726 = VECTOR('',#15727,1.);
#15727 = DIRECTION('',(1.,0.));
#15728 = ( GEOMETRIC_REPRESENTATION_CONTEXT(2) 
PARAMETRIC_REPRESENTATION_CONTEXT() REPRESENTATION_CONTEXT('2D SPACE',''
  ) );
#15729 = PCURVE('',#13212,#15730);
#15730 = DEFINITIONAL_REPRESENTATION('',(#15731),#15735);
#15731 = LINE('',#15732,#15733);
#15732 = CARTESIAN_POINT('',(-5.262040549519,5.177908439228));
#15733 = VECTOR('',#15734,1.);
#15734 = DIRECTION('',(-0.431003316656,0.902350342734));
#15735 = ( GEOMETRIC_REPRESENTATION_CONTEXT(2) 
PARAMETRIC_REPRESENTATION_CONTEXT() REPRESENTATION_CONTEXT('2D SPACE',''
  ) );
#15736 = ORIENTED_EDGE('',*,*,#13176,.T.);
#15737 = ADVANCED_FACE('',(#15738),#4877,.T.);
#15738 = FACE_BOUND('',#15739,.T.);
#15739 = EDGE_LOOP('',(#15740,#15761,#15782,#15783,#15784,#15803,#15804,
    #15825));
#15740 = ORIENTED_EDGE('',*,*,#15741,.F.);
#15741 = EDGE_CURVE('',#15742,#12959,#15744,.T.);
#15742 = VERTEX_POINT('',#15743);
#15743 = CARTESIAN_POINT('',(-29.20135421843,-17.02119008204,68.31));
#15744 = SURFACE_CURVE('',#15745,(#15749,#15755),.PCURVE_S1.);
#15745 = LINE('',#15746,#15747);
#15746 = CARTESIAN_POINT('',(-30.66174293699,-14.35027817492,68.31));
#15747 = VECTOR('',#15748,1.);
#15748 = DIRECTION('',(-0.479745017021,0.877407954514,0.));
#15749 = PCURVE('',#4877,#15750);
#15750 = DEFINITIONAL_REPRESENTATION('',(#15751),#15754);
#15751 = B_SPLINE_CURVE_WITH_KNOTS('',1,(#15752,#15753),.UNSPECIFIED.,
  .F.,.F.,(2,2),(-3.044093563758,-1.193446770321),
  .PIECEWISE_BEZIER_KNOTS.);
#15752 = CARTESIAN_POINT('',(0.,-1.000000000001E-02));
#15753 = CARTESIAN_POINT('',(1.850646793437,-1.000000000001E-02));
#15754 = ( GEOMETRIC_REPRESENTATION_CONTEXT(2) 
PARAMETRIC_REPRESENTATION_CONTEXT() REPRESENTATION_CONTEXT('2D SPACE',''
  ) );
#15755 = PCURVE('',#12974,#15756);
#15756 = DEFINITIONAL_REPRESENTATION('',(#15757),#15760);
#15757 = B_SPLINE_CURVE_WITH_KNOTS('',1,(#15758,#15759),.UNSPECIFIED.,
  .F.,.F.,(2,2),(-3.044093563758,-1.193446770321),
  .PIECEWISE_BEZIER_KNOTS.);
#15758 = CARTESIAN_POINT('',(2.987151497822,-5.305532115823));
#15759 = CARTESIAN_POINT('',(2.099312920405,-3.681759898266));
#15760 = ( GEOMETRIC_REPRESENTATION_CONTEXT(2) 
PARAMETRIC_REPRESENTATION_CONTEXT() REPRESENTATION_CONTEXT('2D SPACE',''
  ) );
#15761 = ORIENTED_EDGE('',*,*,#15762,.T.);
#15762 = EDGE_CURVE('',#15742,#4834,#15763,.T.);
#15763 = SURFACE_CURVE('',#15764,(#15768,#15775),.PCURVE_S1.);
#15764 = LINE('',#15765,#15766);
#15765 = CARTESIAN_POINT('',(-29.20135421843,-17.02119008204,68.3));
#15766 = VECTOR('',#15767,1.);
#15767 = DIRECTION('',(0.,0.,1.));
#15768 = PCURVE('',#4877,#15769);
#15769 = DEFINITIONAL_REPRESENTATION('',(#15770),#15774);
#15770 = LINE('',#15771,#15772);
#15771 = CARTESIAN_POINT('',(0.,0.));
#15772 = VECTOR('',#15773,1.);
#15773 = DIRECTION('',(0.,-1.));
#15774 = ( GEOMETRIC_REPRESENTATION_CONTEXT(2) 
PARAMETRIC_REPRESENTATION_CONTEXT() REPRESENTATION_CONTEXT('2D SPACE',''
  ) );
#15775 = PCURVE('',#4849,#15776);
#15776 = DEFINITIONAL_REPRESENTATION('',(#15777),#15781);
#15777 = LINE('',#15778,#15779);
#15778 = CARTESIAN_POINT('',(1.850646793437,0.));
#15779 = VECTOR('',#15780,1.);
#15780 = DIRECTION('',(0.,-1.));
#15781 = ( GEOMETRIC_REPRESENTATION_CONTEXT(2) 
PARAMETRIC_REPRESENTATION_CONTEXT() REPRESENTATION_CONTEXT('2D SPACE',''
  ) );
#15782 = ORIENTED_EDGE('',*,*,#4861,.T.);
#15783 = ORIENTED_EDGE('',*,*,#15673,.F.);
#15784 = ORIENTED_EDGE('',*,*,#15785,.F.);
#15785 = EDGE_CURVE('',#13128,#15653,#15786,.T.);
#15786 = SURFACE_CURVE('',#15787,(#15791,#15797),.PCURVE_S1.);
#15787 = LINE('',#15788,#15789);
#15788 = CARTESIAN_POINT('',(-30.66174293699,-14.35027817492,68.31));
#15789 = VECTOR('',#15790,1.);
#15790 = DIRECTION('',(-0.479745017021,0.877407954514,0.));
#15791 = PCURVE('',#4877,#15792);
#15792 = DEFINITIONAL_REPRESENTATION('',(#15793),#15796);
#15793 = B_SPLINE_CURVE_WITH_KNOTS('',1,(#15794,#15795),.UNSPECIFIED.,
  .F.,.F.,(2,2),(-3.044093563758,-1.193446770321),
  .PIECEWISE_BEZIER_KNOTS.);
#15794 = CARTESIAN_POINT('',(0.,-1.000000000001E-02));
#15795 = CARTESIAN_POINT('',(1.850646793437,-1.000000000001E-02));
#15796 = ( GEOMETRIC_REPRESENTATION_CONTEXT(2) 
PARAMETRIC_REPRESENTATION_CONTEXT() REPRESENTATION_CONTEXT('2D SPACE',''
  ) );
#15797 = PCURVE('',#13164,#15798);
#15798 = DEFINITIONAL_REPRESENTATION('',(#15799),#15802);
#15799 = B_SPLINE_CURVE_WITH_KNOTS('',1,(#15800,#15801),.UNSPECIFIED.,
  .F.,.F.,(2,2),(-3.044093563758,-1.193446770321),
  .PIECEWISE_BEZIER_KNOTS.);
#15800 = CARTESIAN_POINT('',(2.987151497822,-5.305532115823));
#15801 = CARTESIAN_POINT('',(2.099312920405,-3.681759898266));
#15802 = ( GEOMETRIC_REPRESENTATION_CONTEXT(2) 
PARAMETRIC_REPRESENTATION_CONTEXT() REPRESENTATION_CONTEXT('2D SPACE',''
  ) );
#15803 = ORIENTED_EDGE('',*,*,#13127,.T.);
#15804 = ORIENTED_EDGE('',*,*,#15805,.F.);
#15805 = EDGE_CURVE('',#12987,#13107,#15806,.T.);
#15806 = SURFACE_CURVE('',#15807,(#15811,#15818),.PCURVE_S1.);
#15807 = LINE('',#15808,#15809);
#15808 = CARTESIAN_POINT('',(-29.20135421843,-17.02119008204,68.3));
#15809 = VECTOR('',#15810,1.);
#15810 = DIRECTION('',(-0.479745017021,0.877407954514,0.));
#15811 = PCURVE('',#4877,#15812);
#15812 = DEFINITIONAL_REPRESENTATION('',(#15813),#15817);
#15813 = LINE('',#15814,#15815);
#15814 = CARTESIAN_POINT('',(0.,0.));
#15815 = VECTOR('',#15816,1.);
#15816 = DIRECTION('',(1.,0.));
#15817 = ( GEOMETRIC_REPRESENTATION_CONTEXT(2) 
PARAMETRIC_REPRESENTATION_CONTEXT() REPRESENTATION_CONTEXT('2D SPACE',''
  ) );
#15818 = PCURVE('',#13022,#15819);
#15819 = DEFINITIONAL_REPRESENTATION('',(#15820),#15824);
#15820 = LINE('',#15821,#15822);
#15821 = CARTESIAN_POINT('',(-4.374201972102,3.554136221672));
#15822 = VECTOR('',#15823,1.);
#15823 = DIRECTION('',(-0.479745017021,0.877407954514));
#15824 = ( GEOMETRIC_REPRESENTATION_CONTEXT(2) 
PARAMETRIC_REPRESENTATION_CONTEXT() REPRESENTATION_CONTEXT('2D SPACE',''
  ) );
#15825 = ORIENTED_EDGE('',*,*,#12986,.T.);
#15826 = ADVANCED_FACE('',(#15827),#4849,.T.);
#15827 = FACE_BOUND('',#15828,.T.);
#15828 = EDGE_LOOP('',(#15829,#15850,#15871,#15872,#15873,#15892,#15893,
    #15914));
#15829 = ORIENTED_EDGE('',*,*,#15830,.F.);
#15830 = EDGE_CURVE('',#15831,#12769,#15833,.T.);
#15831 = VERTEX_POINT('',#15832);
#15832 = CARTESIAN_POINT('',(-28.22597359957,-18.59393488092,68.31));
#15833 = SURFACE_CURVE('',#15834,(#15838,#15844),.PCURVE_S1.);
#15834 = LINE('',#15835,#15836);
#15835 = CARTESIAN_POINT('',(-30.31673507805,-15.22270299731,68.31));
#15836 = VECTOR('',#15837,1.);
#15837 = DIRECTION('',(-0.527048501272,0.84983520597,0.));
#15838 = PCURVE('',#4849,#15839);
#15839 = DEFINITIONAL_REPRESENTATION('',(#15840),#15843);
#15840 = B_SPLINE_CURVE_WITH_KNOTS('',1,(#15841,#15842),.UNSPECIFIED.,
  .F.,.F.,(2,2),(-3.966924245935,-2.116277452498),
  .PIECEWISE_BEZIER_KNOTS.);
#15841 = CARTESIAN_POINT('',(0.,-1.000000000001E-02));
#15842 = CARTESIAN_POINT('',(1.850646793437,-1.000000000001E-02));
#15843 = ( GEOMETRIC_REPRESENTATION_CONTEXT(2) 
PARAMETRIC_REPRESENTATION_CONTEXT() REPRESENTATION_CONTEXT('2D SPACE',''
  ) );
#15844 = PCURVE('',#12784,#15845);
#15845 = DEFINITIONAL_REPRESENTATION('',(#15846),#15849);
#15846 = B_SPLINE_CURVE_WITH_KNOTS('',1,(#15847,#15848),.UNSPECIFIED.,
  .F.,.F.,(2,2),(-3.966924245935,-2.116277452498),
  .PIECEWISE_BEZIER_KNOTS.);
#15847 = CARTESIAN_POINT('',(3.962532116688,-6.878276914701));
#15848 = CARTESIAN_POINT('',(2.987151497822,-5.305532115823));
#15849 = ( GEOMETRIC_REPRESENTATION_CONTEXT(2) 
PARAMETRIC_REPRESENTATION_CONTEXT() REPRESENTATION_CONTEXT('2D SPACE',''
  ) );
#15850 = ORIENTED_EDGE('',*,*,#15851,.T.);
#15851 = EDGE_CURVE('',#15831,#4806,#15852,.T.);
#15852 = SURFACE_CURVE('',#15853,(#15857,#15864),.PCURVE_S1.);
#15853 = LINE('',#15854,#15855);
#15854 = CARTESIAN_POINT('',(-28.22597359957,-18.59393488092,68.3));
#15855 = VECTOR('',#15856,1.);
#15856 = DIRECTION('',(0.,0.,1.));
#15857 = PCURVE('',#4849,#15858);
#15858 = DEFINITIONAL_REPRESENTATION('',(#15859),#15863);
#15859 = LINE('',#15860,#15861);
#15860 = CARTESIAN_POINT('',(0.,0.));
#15861 = VECTOR('',#15862,1.);
#15862 = DIRECTION('',(0.,-1.));
#15863 = ( GEOMETRIC_REPRESENTATION_CONTEXT(2) 
PARAMETRIC_REPRESENTATION_CONTEXT() REPRESENTATION_CONTEXT('2D SPACE',''
  ) );
#15864 = PCURVE('',#4821,#15865);
#15865 = DEFINITIONAL_REPRESENTATION('',(#15866),#15870);
#15866 = LINE('',#15867,#15868);
#15867 = CARTESIAN_POINT('',(1.850646793437,0.));
#15868 = VECTOR('',#15869,1.);
#15869 = DIRECTION('',(0.,-1.));
#15870 = ( GEOMETRIC_REPRESENTATION_CONTEXT(2) 
PARAMETRIC_REPRESENTATION_CONTEXT() REPRESENTATION_CONTEXT('2D SPACE',''
  ) );
#15871 = ORIENTED_EDGE('',*,*,#4833,.T.);
#15872 = ORIENTED_EDGE('',*,*,#15762,.F.);
#15873 = ORIENTED_EDGE('',*,*,#15874,.F.);
#15874 = EDGE_CURVE('',#12938,#15742,#15875,.T.);
#15875 = SURFACE_CURVE('',#15876,(#15880,#15886),.PCURVE_S1.);
#15876 = LINE('',#15877,#15878);
#15877 = CARTESIAN_POINT('',(-30.31673507805,-15.22270299731,68.31));
#15878 = VECTOR('',#15879,1.);
#15879 = DIRECTION('',(-0.527048501272,0.84983520597,0.));
#15880 = PCURVE('',#4849,#15881);
#15881 = DEFINITIONAL_REPRESENTATION('',(#15882),#15885);
#15882 = B_SPLINE_CURVE_WITH_KNOTS('',1,(#15883,#15884),.UNSPECIFIED.,
  .F.,.F.,(2,2),(-3.966924245935,-2.116277452498),
  .PIECEWISE_BEZIER_KNOTS.);
#15883 = CARTESIAN_POINT('',(0.,-1.000000000001E-02));
#15884 = CARTESIAN_POINT('',(1.850646793437,-1.000000000001E-02));
#15885 = ( GEOMETRIC_REPRESENTATION_CONTEXT(2) 
PARAMETRIC_REPRESENTATION_CONTEXT() REPRESENTATION_CONTEXT('2D SPACE',''
  ) );
#15886 = PCURVE('',#12974,#15887);
#15887 = DEFINITIONAL_REPRESENTATION('',(#15888),#15891);
#15888 = B_SPLINE_CURVE_WITH_KNOTS('',1,(#15889,#15890),.UNSPECIFIED.,
  .F.,.F.,(2,2),(-3.966924245935,-2.116277452498),
  .PIECEWISE_BEZIER_KNOTS.);
#15889 = CARTESIAN_POINT('',(3.962532116688,-6.878276914701));
#15890 = CARTESIAN_POINT('',(2.987151497822,-5.305532115823));
#15891 = ( GEOMETRIC_REPRESENTATION_CONTEXT(2) 
PARAMETRIC_REPRESENTATION_CONTEXT() REPRESENTATION_CONTEXT('2D SPACE',''
  ) );
#15892 = ORIENTED_EDGE('',*,*,#12937,.T.);
#15893 = ORIENTED_EDGE('',*,*,#15894,.F.);
#15894 = EDGE_CURVE('',#12797,#12917,#15895,.T.);
#15895 = SURFACE_CURVE('',#15896,(#15900,#15907),.PCURVE_S1.);
#15896 = LINE('',#15897,#15898);
#15897 = CARTESIAN_POINT('',(-28.22597359957,-18.59393488092,68.3));
#15898 = VECTOR('',#15899,1.);
#15899 = DIRECTION('',(-0.527048501272,0.84983520597,0.));
#15900 = PCURVE('',#4849,#15901);
#15901 = DEFINITIONAL_REPRESENTATION('',(#15902),#15906);
#15902 = LINE('',#15903,#15904);
#15903 = CARTESIAN_POINT('',(0.,0.));
#15904 = VECTOR('',#15905,1.);
#15905 = DIRECTION('',(1.,0.));
#15906 = ( GEOMETRIC_REPRESENTATION_CONTEXT(2) 
PARAMETRIC_REPRESENTATION_CONTEXT() REPRESENTATION_CONTEXT('2D SPACE',''
  ) );
#15907 = PCURVE('',#12832,#15908);
#15908 = DEFINITIONAL_REPRESENTATION('',(#15909),#15913);
#15909 = LINE('',#15910,#15911);
#15910 = CARTESIAN_POINT('',(-3.398821353237,1.981391422794));
#15911 = VECTOR('',#15912,1.);
#15912 = DIRECTION('',(-0.527048501272,0.84983520597));
#15913 = ( GEOMETRIC_REPRESENTATION_CONTEXT(2) 
PARAMETRIC_REPRESENTATION_CONTEXT() REPRESENTATION_CONTEXT('2D SPACE',''
  ) );
#15914 = ORIENTED_EDGE('',*,*,#12796,.T.);
#15915 = ADVANCED_FACE('',(#15916),#4821,.T.);
#15916 = FACE_BOUND('',#15917,.T.);
#15917 = EDGE_LOOP('',(#15918,#15937,#15938,#15939,#15940,#15959,#15960,
    #15981));
#15918 = ORIENTED_EDGE('',*,*,#15919,.F.);
#15919 = EDGE_CURVE('',#14700,#12532,#15920,.T.);
#15920 = SURFACE_CURVE('',#15921,(#15925,#15931),.PCURVE_S1.);
#15921 = LINE('',#15922,#15923);
#15922 = CARTESIAN_POINT('',(-29.9606723538,-16.11134448169,68.31));
#15923 = VECTOR('',#15924,1.);
#15924 = DIRECTION('',(-0.572771959427,0.819714756787,0.));
#15925 = PCURVE('',#4821,#15926);
#15926 = DEFINITIONAL_REPRESENTATION('',(#15927),#15930);
#15927 = B_SPLINE_CURVE_WITH_KNOTS('',1,(#15928,#15929),.UNSPECIFIED.,
  .F.,.F.,(2,2),(-4.879249583226,-3.028602789789),
  .PIECEWISE_BEZIER_KNOTS.);
#15928 = CARTESIAN_POINT('',(0.,-1.000000000001E-02));
#15929 = CARTESIAN_POINT('',(1.850646793437,-1.000000000001E-02));
#15930 = ( GEOMETRIC_REPRESENTATION_CONTEXT(2) 
PARAMETRIC_REPRESENTATION_CONTEXT() REPRESENTATION_CONTEXT('2D SPACE',''
  ) );
#15931 = PCURVE('',#12547,#15932);
#15932 = DEFINITIONAL_REPRESENTATION('',(#15933),#15936);
#15933 = B_SPLINE_CURVE_WITH_KNOTS('',1,(#15934,#15935),.UNSPECIFIED.,
  .F.,.F.,(2,2),(-4.879249583226,-3.028602789789),
  .PIECEWISE_BEZIER_KNOTS.);
#15934 = CARTESIAN_POINT('',(5.022530706771,-8.395279400882));
#15935 = CARTESIAN_POINT('',(3.962532116688,-6.878276914701));
#15936 = ( GEOMETRIC_REPRESENTATION_CONTEXT(2) 
PARAMETRIC_REPRESENTATION_CONTEXT() REPRESENTATION_CONTEXT('2D SPACE',''
  ) );
#15937 = ORIENTED_EDGE('',*,*,#14699,.T.);
#15938 = ORIENTED_EDGE('',*,*,#4805,.T.);
#15939 = ORIENTED_EDGE('',*,*,#15851,.F.);
#15940 = ORIENTED_EDGE('',*,*,#15941,.F.);
#15941 = EDGE_CURVE('',#12748,#15831,#15942,.T.);
#15942 = SURFACE_CURVE('',#15943,(#15947,#15953),.PCURVE_S1.);
#15943 = LINE('',#15944,#15945);
#15944 = CARTESIAN_POINT('',(-29.9606723538,-16.11134448169,68.31));
#15945 = VECTOR('',#15946,1.);
#15946 = DIRECTION('',(-0.572771959427,0.819714756787,0.));
#15947 = PCURVE('',#4821,#15948);
#15948 = DEFINITIONAL_REPRESENTATION('',(#15949),#15952);
#15949 = B_SPLINE_CURVE_WITH_KNOTS('',1,(#15950,#15951),.UNSPECIFIED.,
  .F.,.F.,(2,2),(-4.879249583226,-3.028602789789),
  .PIECEWISE_BEZIER_KNOTS.);
#15950 = CARTESIAN_POINT('',(0.,-1.000000000001E-02));
#15951 = CARTESIAN_POINT('',(1.850646793437,-1.000000000001E-02));
#15952 = ( GEOMETRIC_REPRESENTATION_CONTEXT(2) 
PARAMETRIC_REPRESENTATION_CONTEXT() REPRESENTATION_CONTEXT('2D SPACE',''
  ) );
#15953 = PCURVE('',#12784,#15954);
#15954 = DEFINITIONAL_REPRESENTATION('',(#15955),#15958);
#15955 = B_SPLINE_CURVE_WITH_KNOTS('',1,(#15956,#15957),.UNSPECIFIED.,
  .F.,.F.,(2,2),(-4.879249583226,-3.028602789789),
  .PIECEWISE_BEZIER_KNOTS.);
#15956 = CARTESIAN_POINT('',(5.022530706771,-8.395279400882));
#15957 = CARTESIAN_POINT('',(3.962532116688,-6.878276914701));
#15958 = ( GEOMETRIC_REPRESENTATION_CONTEXT(2) 
PARAMETRIC_REPRESENTATION_CONTEXT() REPRESENTATION_CONTEXT('2D SPACE',''
  ) );
#15959 = ORIENTED_EDGE('',*,*,#12747,.T.);
#15960 = ORIENTED_EDGE('',*,*,#15961,.F.);
#15961 = EDGE_CURVE('',#12560,#12727,#15962,.T.);
#15962 = SURFACE_CURVE('',#15963,(#15967,#15974),.PCURVE_S1.);
#15963 = LINE('',#15964,#15965);
#15964 = CARTESIAN_POINT('',(-27.16597500949,-20.1109373671,68.3));
#15965 = VECTOR('',#15966,1.);
#15966 = DIRECTION('',(-0.572771959427,0.819714756787,0.));
#15967 = PCURVE('',#4821,#15968);
#15968 = DEFINITIONAL_REPRESENTATION('',(#15969),#15973);
#15969 = LINE('',#15970,#15971);
#15970 = CARTESIAN_POINT('',(0.,0.));
#15971 = VECTOR('',#15972,1.);
#15972 = DIRECTION('',(1.,0.));
#15973 = ( GEOMETRIC_REPRESENTATION_CONTEXT(2) 
PARAMETRIC_REPRESENTATION_CONTEXT() REPRESENTATION_CONTEXT('2D SPACE',''
  ) );
#15974 = PCURVE('',#12595,#15975);
#15975 = DEFINITIONAL_REPRESENTATION('',(#15976),#15980);
#15976 = LINE('',#15977,#15978);
#15977 = CARTESIAN_POINT('',(-2.338822763153,0.464388936613));
#15978 = VECTOR('',#15979,1.);
#15979 = DIRECTION('',(-0.572771959427,0.819714756787));
#15980 = ( GEOMETRIC_REPRESENTATION_CONTEXT(2) 
PARAMETRIC_REPRESENTATION_CONTEXT() REPRESENTATION_CONTEXT('2D SPACE',''
  ) );
#15981 = ORIENTED_EDGE('',*,*,#12559,.T.);
#15982 = ADVANCED_FACE('',(#15983),#6030,.T.);
#15983 = FACE_BOUND('',#15984,.T.);
#15984 = EDGE_LOOP('',(#15985,#15986,#16007,#16008,#16031,#16050));
#15985 = ORIENTED_EDGE('',*,*,#6014,.F.);
#15986 = ORIENTED_EDGE('',*,*,#15987,.T.);
#15987 = EDGE_CURVE('',#5987,#6447,#15988,.T.);
#15988 = SURFACE_CURVE('',#15989,(#15993,#16000),.PCURVE_S1.);
#15989 = LINE('',#15990,#15991);
#15990 = CARTESIAN_POINT('',(-5.665864491552,33.321734342068,68.3));
#15991 = VECTOR('',#15992,1.);
#15992 = DIRECTION('',(0.,0.,1.));
#15993 = PCURVE('',#6030,#15994);
#15994 = DEFINITIONAL_REPRESENTATION('',(#15995),#15999);
#15995 = LINE('',#15996,#15997);
#15996 = CARTESIAN_POINT('',(0.,0.));
#15997 = VECTOR('',#15998,1.);
#15998 = DIRECTION('',(0.,-1.));
#15999 = ( GEOMETRIC_REPRESENTATION_CONTEXT(2) 
PARAMETRIC_REPRESENTATION_CONTEXT() REPRESENTATION_CONTEXT('2D SPACE',''
  ) );
#16000 = PCURVE('',#6002,#16001);
#16001 = DEFINITIONAL_REPRESENTATION('',(#16002),#16006);
#16002 = LINE('',#16003,#16004);
#16003 = CARTESIAN_POINT('',(1.850646793437,0.));
#16004 = VECTOR('',#16005,1.);
#16005 = DIRECTION('',(0.,-1.));
#16006 = ( GEOMETRIC_REPRESENTATION_CONTEXT(2) 
PARAMETRIC_REPRESENTATION_CONTEXT() REPRESENTATION_CONTEXT('2D SPACE',''
  ) );
#16007 = ORIENTED_EDGE('',*,*,#6469,.T.);
#16008 = ORIENTED_EDGE('',*,*,#16009,.F.);
#16009 = EDGE_CURVE('',#16010,#6470,#16012,.T.);
#16010 = VERTEX_POINT('',#16011);
#16011 = CARTESIAN_POINT('',(-3.833595149089,33.581893160346,68.31));
#16012 = SURFACE_CURVE('',#16013,(#16017,#16024),.PCURVE_S1.);
#16013 = LINE('',#16014,#16015);
#16014 = CARTESIAN_POINT('',(-3.833595149089,33.581893160346,68.3));
#16015 = VECTOR('',#16016,1.);
#16016 = DIRECTION('',(0.,0.,1.));
#16017 = PCURVE('',#6030,#16018);
#16018 = DEFINITIONAL_REPRESENTATION('',(#16019),#16023);
#16019 = LINE('',#16020,#16021);
#16020 = CARTESIAN_POINT('',(1.850646793437,0.));
#16021 = VECTOR('',#16022,1.);
#16022 = DIRECTION('',(0.,-1.));
#16023 = ( GEOMETRIC_REPRESENTATION_CONTEXT(2) 
PARAMETRIC_REPRESENTATION_CONTEXT() REPRESENTATION_CONTEXT('2D SPACE',''
  ) );
#16024 = PCURVE('',#6508,#16025);
#16025 = DEFINITIONAL_REPRESENTATION('',(#16026),#16030);
#16026 = LINE('',#16027,#16028);
#16027 = CARTESIAN_POINT('',(0.,0.));
#16028 = VECTOR('',#16029,1.);
#16029 = DIRECTION('',(0.,-1.));
#16030 = ( GEOMETRIC_REPRESENTATION_CONTEXT(2) 
PARAMETRIC_REPRESENTATION_CONTEXT() REPRESENTATION_CONTEXT('2D SPACE',''
  ) );
#16031 = ORIENTED_EDGE('',*,*,#16032,.F.);
#16032 = EDGE_CURVE('',#8839,#16010,#16033,.T.);
#16033 = SURFACE_CURVE('',#16034,(#16038,#16044),.PCURVE_S1.);
#16034 = LINE('',#16035,#16036);
#16035 = CARTESIAN_POINT('',(5.50895342395E-02,34.134036662626,68.31));
#16036 = VECTOR('',#16037,1.);
#16037 = DIRECTION('',(0.990069714524,0.140577239914,-0.));
#16038 = PCURVE('',#6030,#16039);
#16039 = DEFINITIONAL_REPRESENTATION('',(#16040),#16043);
#16040 = B_SPLINE_CURVE_WITH_KNOTS('',1,(#16041,#16042),.UNSPECIFIED.,
  .F.,.F.,(2,2),(-5.11612575811,-3.927687743885),
  .PIECEWISE_BEZIER_KNOTS.);
#16041 = CARTESIAN_POINT('',(0.662208779212,-1.000000000001E-02));
#16042 = CARTESIAN_POINT('',(1.850646793437,-1.000000000001E-02));
#16043 = ( GEOMETRIC_REPRESENTATION_CONTEXT(2) 
PARAMETRIC_REPRESENTATION_CONTEXT() REPRESENTATION_CONTEXT('2D SPACE',''
  ) );
#16044 = PCURVE('',#8875,#16045);
#16045 = DEFINITIONAL_REPRESENTATION('',(#16046),#16049);
#16046 = B_SPLINE_CURVE_WITH_KNOTS('',1,(#16047,#16048),.UNSPECIFIED.,
  .F.,.F.,(2,2),(-5.11612575811,-3.927687743885),
  .PIECEWISE_BEZIER_KNOTS.);
#16047 = CARTESIAN_POINT('',(-10.95842707189,-0.319066818759));
#16048 = CARTESIAN_POINT('',(-9.781790586418,-0.15199948291));
#16049 = ( GEOMETRIC_REPRESENTATION_CONTEXT(2) 
PARAMETRIC_REPRESENTATION_CONTEXT() REPRESENTATION_CONTEXT('2D SPACE',''
  ) );
#16050 = ORIENTED_EDGE('',*,*,#8838,.T.);
#16051 = ADVANCED_FACE('',(#16052),#6002,.T.);
#16052 = FACE_BOUND('',#16053,.T.);
#16053 = EDGE_LOOP('',(#16054,#16075,#16076,#16077));
#16054 = ORIENTED_EDGE('',*,*,#16055,.T.);
#16055 = EDGE_CURVE('',#5959,#6424,#16056,.T.);
#16056 = SURFACE_CURVE('',#16057,(#16061,#16068),.PCURVE_S1.);
#16057 = LINE('',#16058,#16059);
#16058 = CARTESIAN_POINT('',(-7.481148274357,32.96168109331,68.3));
#16059 = VECTOR('',#16060,1.);
#16060 = DIRECTION('',(0.,0.,1.));
#16061 = PCURVE('',#6002,#16062);
#16062 = DEFINITIONAL_REPRESENTATION('',(#16063),#16067);
#16063 = LINE('',#16064,#16065);
#16064 = CARTESIAN_POINT('',(0.,0.));
#16065 = VECTOR('',#16066,1.);
#16066 = DIRECTION('',(0.,-1.));
#16067 = ( GEOMETRIC_REPRESENTATION_CONTEXT(2) 
PARAMETRIC_REPRESENTATION_CONTEXT() REPRESENTATION_CONTEXT('2D SPACE',''
  ) );
#16068 = PCURVE('',#5974,#16069);
#16069 = DEFINITIONAL_REPRESENTATION('',(#16070),#16074);
#16070 = LINE('',#16071,#16072);
#16071 = CARTESIAN_POINT('',(1.850646793437,0.));
#16072 = VECTOR('',#16073,1.);
#16073 = DIRECTION('',(0.,-1.));
#16074 = ( GEOMETRIC_REPRESENTATION_CONTEXT(2) 
PARAMETRIC_REPRESENTATION_CONTEXT() REPRESENTATION_CONTEXT('2D SPACE',''
  ) );
#16075 = ORIENTED_EDGE('',*,*,#6446,.T.);
#16076 = ORIENTED_EDGE('',*,*,#15987,.F.);
#16077 = ORIENTED_EDGE('',*,*,#5986,.F.);
#16078 = ADVANCED_FACE('',(#16079),#5974,.T.);
#16079 = FACE_BOUND('',#16080,.T.);
#16080 = EDGE_LOOP('',(#16081,#16102,#16103,#16104));
#16081 = ORIENTED_EDGE('',*,*,#16082,.T.);
#16082 = EDGE_CURVE('',#5931,#6401,#16083,.T.);
#16083 = SURFACE_CURVE('',#16084,(#16088,#16095),.PCURVE_S1.);
#16084 = LINE('',#16085,#16086);
#16085 = CARTESIAN_POINT('',(-9.274004501666,32.502812809095,68.3));
#16086 = VECTOR('',#16087,1.);
#16087 = DIRECTION('',(0.,0.,1.));
#16088 = PCURVE('',#5974,#16089);
#16089 = DEFINITIONAL_REPRESENTATION('',(#16090),#16094);
#16090 = LINE('',#16091,#16092);
#16091 = CARTESIAN_POINT('',(0.,0.));
#16092 = VECTOR('',#16093,1.);
#16093 = DIRECTION('',(0.,-1.));
#16094 = ( GEOMETRIC_REPRESENTATION_CONTEXT(2) 
PARAMETRIC_REPRESENTATION_CONTEXT() REPRESENTATION_CONTEXT('2D SPACE',''
  ) );
#16095 = PCURVE('',#5946,#16096);
#16096 = DEFINITIONAL_REPRESENTATION('',(#16097),#16101);
#16097 = LINE('',#16098,#16099);
#16098 = CARTESIAN_POINT('',(1.850646793437,0.));
#16099 = VECTOR('',#16100,1.);
#16100 = DIRECTION('',(0.,-1.));
#16101 = ( GEOMETRIC_REPRESENTATION_CONTEXT(2) 
PARAMETRIC_REPRESENTATION_CONTEXT() REPRESENTATION_CONTEXT('2D SPACE',''
  ) );
#16102 = ORIENTED_EDGE('',*,*,#6423,.T.);
#16103 = ORIENTED_EDGE('',*,*,#16055,.F.);
#16104 = ORIENTED_EDGE('',*,*,#5958,.F.);
#16105 = ADVANCED_FACE('',(#16106),#5946,.T.);
#16106 = FACE_BOUND('',#16107,.T.);
#16107 = EDGE_LOOP('',(#16108,#16129,#16130,#16131));
#16108 = ORIENTED_EDGE('',*,*,#16109,.T.);
#16109 = EDGE_CURVE('',#5903,#6378,#16110,.T.);
#16110 = SURFACE_CURVE('',#16111,(#16115,#16122),.PCURVE_S1.);
#16111 = LINE('',#16112,#16113);
#16112 = CARTESIAN_POINT('',(-11.03905841267,31.946505119678,68.3));
#16113 = VECTOR('',#16114,1.);
#16114 = DIRECTION('',(0.,0.,1.));
#16115 = PCURVE('',#5946,#16116);
#16116 = DEFINITIONAL_REPRESENTATION('',(#16117),#16121);
#16117 = LINE('',#16118,#16119);
#16118 = CARTESIAN_POINT('',(0.,0.));
#16119 = VECTOR('',#16120,1.);
#16120 = DIRECTION('',(0.,-1.));
#16121 = ( GEOMETRIC_REPRESENTATION_CONTEXT(2) 
PARAMETRIC_REPRESENTATION_CONTEXT() REPRESENTATION_CONTEXT('2D SPACE',''
  ) );
#16122 = PCURVE('',#5918,#16123);
#16123 = DEFINITIONAL_REPRESENTATION('',(#16124),#16128);
#16124 = LINE('',#16125,#16126);
#16125 = CARTESIAN_POINT('',(1.850646793437,0.));
#16126 = VECTOR('',#16127,1.);
#16127 = DIRECTION('',(0.,-1.));
#16128 = ( GEOMETRIC_REPRESENTATION_CONTEXT(2) 
PARAMETRIC_REPRESENTATION_CONTEXT() REPRESENTATION_CONTEXT('2D SPACE',''
  ) );
#16129 = ORIENTED_EDGE('',*,*,#6400,.T.);
#16130 = ORIENTED_EDGE('',*,*,#16082,.F.);
#16131 = ORIENTED_EDGE('',*,*,#5930,.F.);
#16132 = ADVANCED_FACE('',(#16133),#5918,.T.);
#16133 = FACE_BOUND('',#16134,.T.);
#16134 = EDGE_LOOP('',(#16135,#16156,#16157,#16158));
#16135 = ORIENTED_EDGE('',*,*,#16136,.T.);
#16136 = EDGE_CURVE('',#5875,#6355,#16137,.T.);
#16137 = SURFACE_CURVE('',#16138,(#16142,#16149),.PCURVE_S1.);
#16138 = LINE('',#16139,#16140);
#16139 = CARTESIAN_POINT('',(-12.77101859446,31.294425766578,68.3));
#16140 = VECTOR('',#16141,1.);
#16141 = DIRECTION('',(0.,0.,1.));
#16142 = PCURVE('',#5918,#16143);
#16143 = DEFINITIONAL_REPRESENTATION('',(#16144),#16148);
#16144 = LINE('',#16145,#16146);
#16145 = CARTESIAN_POINT('',(0.,0.));
#16146 = VECTOR('',#16147,1.);
#16147 = DIRECTION('',(0.,-1.));
#16148 = ( GEOMETRIC_REPRESENTATION_CONTEXT(2) 
PARAMETRIC_REPRESENTATION_CONTEXT() REPRESENTATION_CONTEXT('2D SPACE',''
  ) );
#16149 = PCURVE('',#5890,#16150);
#16150 = DEFINITIONAL_REPRESENTATION('',(#16151),#16155);
#16151 = LINE('',#16152,#16153);
#16152 = CARTESIAN_POINT('',(1.850646793437,0.));
#16153 = VECTOR('',#16154,1.);
#16154 = DIRECTION('',(0.,-1.));
#16155 = ( GEOMETRIC_REPRESENTATION_CONTEXT(2) 
PARAMETRIC_REPRESENTATION_CONTEXT() REPRESENTATION_CONTEXT('2D SPACE',''
  ) );
#16156 = ORIENTED_EDGE('',*,*,#6377,.T.);
#16157 = ORIENTED_EDGE('',*,*,#16109,.F.);
#16158 = ORIENTED_EDGE('',*,*,#5902,.F.);
#16159 = ADVANCED_FACE('',(#16160),#5890,.T.);
#16160 = FACE_BOUND('',#16161,.T.);
#16161 = EDGE_LOOP('',(#16162,#16183,#16184,#16185));
#16162 = ORIENTED_EDGE('',*,*,#16163,.T.);
#16163 = EDGE_CURVE('',#5847,#6332,#16164,.T.);
#16164 = SURFACE_CURVE('',#16165,(#16169,#16176),.PCURVE_S1.);
#16165 = LINE('',#16166,#16167);
#16166 = CARTESIAN_POINT('',(-14.46469284503,30.548529602891,68.3));
#16167 = VECTOR('',#16168,1.);
#16168 = DIRECTION('',(0.,0.,1.));
#16169 = PCURVE('',#5890,#16170);
#16170 = DEFINITIONAL_REPRESENTATION('',(#16171),#16175);
#16171 = LINE('',#16172,#16173);
#16172 = CARTESIAN_POINT('',(0.,0.));
#16173 = VECTOR('',#16174,1.);
#16174 = DIRECTION('',(0.,-1.));
#16175 = ( GEOMETRIC_REPRESENTATION_CONTEXT(2) 
PARAMETRIC_REPRESENTATION_CONTEXT() REPRESENTATION_CONTEXT('2D SPACE',''
  ) );
#16176 = PCURVE('',#5862,#16177);
#16177 = DEFINITIONAL_REPRESENTATION('',(#16178),#16182);
#16178 = LINE('',#16179,#16180);
#16179 = CARTESIAN_POINT('',(1.850646793437,0.));
#16180 = VECTOR('',#16181,1.);
#16181 = DIRECTION('',(0.,-1.));
#16182 = ( GEOMETRIC_REPRESENTATION_CONTEXT(2) 
PARAMETRIC_REPRESENTATION_CONTEXT() REPRESENTATION_CONTEXT('2D SPACE',''
  ) );
#16183 = ORIENTED_EDGE('',*,*,#6354,.T.);
#16184 = ORIENTED_EDGE('',*,*,#16136,.F.);
#16185 = ORIENTED_EDGE('',*,*,#5874,.F.);
#16186 = ADVANCED_FACE('',(#16187),#5862,.T.);
#16187 = FACE_BOUND('',#16188,.T.);
#16188 = EDGE_LOOP('',(#16189,#16210,#16211,#16212));
#16189 = ORIENTED_EDGE('',*,*,#16190,.T.);
#16190 = EDGE_CURVE('',#5819,#6309,#16191,.T.);
#16191 = SURFACE_CURVE('',#16192,(#16196,#16203),.PCURVE_S1.);
#16192 = LINE('',#16193,#16194);
#16193 = CARTESIAN_POINT('',(-16.11500373886,29.711052732889,68.3));
#16194 = VECTOR('',#16195,1.);
#16195 = DIRECTION('',(0.,0.,1.));
#16196 = PCURVE('',#5862,#16197);
#16197 = DEFINITIONAL_REPRESENTATION('',(#16198),#16202);
#16198 = LINE('',#16199,#16200);
#16199 = CARTESIAN_POINT('',(0.,0.));
#16200 = VECTOR('',#16201,1.);
#16201 = DIRECTION('',(0.,-1.));
#16202 = ( GEOMETRIC_REPRESENTATION_CONTEXT(2) 
PARAMETRIC_REPRESENTATION_CONTEXT() REPRESENTATION_CONTEXT('2D SPACE',''
  ) );
#16203 = PCURVE('',#5834,#16204);
#16204 = DEFINITIONAL_REPRESENTATION('',(#16205),#16209);
#16205 = LINE('',#16206,#16207);
#16206 = CARTESIAN_POINT('',(1.850646793437,0.));
#16207 = VECTOR('',#16208,1.);
#16208 = DIRECTION('',(0.,-1.));
#16209 = ( GEOMETRIC_REPRESENTATION_CONTEXT(2) 
PARAMETRIC_REPRESENTATION_CONTEXT() REPRESENTATION_CONTEXT('2D SPACE',''
  ) );
#16210 = ORIENTED_EDGE('',*,*,#6331,.T.);
#16211 = ORIENTED_EDGE('',*,*,#16163,.F.);
#16212 = ORIENTED_EDGE('',*,*,#5846,.F.);
#16213 = ADVANCED_FACE('',(#16214),#5834,.T.);
#16214 = FACE_BOUND('',#16215,.T.);
#16215 = EDGE_LOOP('',(#16216,#16237,#16238,#16239));
#16216 = ORIENTED_EDGE('',*,*,#16217,.T.);
#16217 = EDGE_CURVE('',#5791,#6286,#16218,.T.);
#16218 = SURFACE_CURVE('',#16219,(#16223,#16230),.PCURVE_S1.);
#16219 = LINE('',#16220,#16221);
#16220 = CARTESIAN_POINT('',(-17.71700384837,28.784505808452,68.3));
#16221 = VECTOR('',#16222,1.);
#16222 = DIRECTION('',(0.,0.,1.));
#16223 = PCURVE('',#5834,#16224);
#16224 = DEFINITIONAL_REPRESENTATION('',(#16225),#16229);
#16225 = LINE('',#16226,#16227);
#16226 = CARTESIAN_POINT('',(0.,0.));
#16227 = VECTOR('',#16228,1.);
#16228 = DIRECTION('',(0.,-1.));
#16229 = ( GEOMETRIC_REPRESENTATION_CONTEXT(2) 
PARAMETRIC_REPRESENTATION_CONTEXT() REPRESENTATION_CONTEXT('2D SPACE',''
  ) );
#16230 = PCURVE('',#5806,#16231);
#16231 = DEFINITIONAL_REPRESENTATION('',(#16232),#16236);
#16232 = LINE('',#16233,#16234);
#16233 = CARTESIAN_POINT('',(1.850646793437,0.));
#16234 = VECTOR('',#16235,1.);
#16235 = DIRECTION('',(0.,-1.));
#16236 = ( GEOMETRIC_REPRESENTATION_CONTEXT(2) 
PARAMETRIC_REPRESENTATION_CONTEXT() REPRESENTATION_CONTEXT('2D SPACE',''
  ) );
#16237 = ORIENTED_EDGE('',*,*,#6308,.T.);
#16238 = ORIENTED_EDGE('',*,*,#16190,.F.);
#16239 = ORIENTED_EDGE('',*,*,#5818,.F.);
#16240 = ADVANCED_FACE('',(#16241),#5806,.T.);
#16241 = FACE_BOUND('',#16242,.T.);
#16242 = EDGE_LOOP('',(#16243,#16264,#16265,#16266));
#16243 = ORIENTED_EDGE('',*,*,#16244,.T.);
#16244 = EDGE_CURVE('',#5763,#6263,#16245,.T.);
#16245 = SURFACE_CURVE('',#16246,(#16250,#16257),.PCURVE_S1.);
#16246 = LINE('',#16247,#16248);
#16247 = CARTESIAN_POINT('',(-19.26589057575,27.771666502445,68.3));
#16248 = VECTOR('',#16249,1.);
#16249 = DIRECTION('',(0.,0.,1.));
#16250 = PCURVE('',#5806,#16251);
#16251 = DEFINITIONAL_REPRESENTATION('',(#16252),#16256);
#16252 = LINE('',#16253,#16254);
#16253 = CARTESIAN_POINT('',(0.,0.));
#16254 = VECTOR('',#16255,1.);
#16255 = DIRECTION('',(0.,-1.));
#16256 = ( GEOMETRIC_REPRESENTATION_CONTEXT(2) 
PARAMETRIC_REPRESENTATION_CONTEXT() REPRESENTATION_CONTEXT('2D SPACE',''
  ) );
#16257 = PCURVE('',#5778,#16258);
#16258 = DEFINITIONAL_REPRESENTATION('',(#16259),#16263);
#16259 = LINE('',#16260,#16261);
#16260 = CARTESIAN_POINT('',(1.850646793437,0.));
#16261 = VECTOR('',#16262,1.);
#16262 = DIRECTION('',(0.,-1.));
#16263 = ( GEOMETRIC_REPRESENTATION_CONTEXT(2) 
PARAMETRIC_REPRESENTATION_CONTEXT() REPRESENTATION_CONTEXT('2D SPACE',''
  ) );
#16264 = ORIENTED_EDGE('',*,*,#6285,.T.);
#16265 = ORIENTED_EDGE('',*,*,#16217,.F.);
#16266 = ORIENTED_EDGE('',*,*,#5790,.F.);
#16267 = ADVANCED_FACE('',(#16268),#5778,.T.);
#16268 = FACE_BOUND('',#16269,.T.);
#16269 = EDGE_LOOP('',(#16270,#16291,#16292,#16293));
#16270 = ORIENTED_EDGE('',*,*,#16271,.T.);
#16271 = EDGE_CURVE('',#5735,#6240,#16272,.T.);
#16272 = SURFACE_CURVE('',#16273,(#16277,#16284),.PCURVE_S1.);
#16273 = LINE('',#16274,#16275);
#16274 = CARTESIAN_POINT('',(-20.75702055053,26.675571181602,68.3));
#16275 = VECTOR('',#16276,1.);
#16276 = DIRECTION('',(0.,0.,1.));
#16277 = PCURVE('',#5778,#16278);
#16278 = DEFINITIONAL_REPRESENTATION('',(#16279),#16283);
#16279 = LINE('',#16280,#16281);
#16280 = CARTESIAN_POINT('',(0.,0.));
#16281 = VECTOR('',#16282,1.);
#16282 = DIRECTION('',(0.,-1.));
#16283 = ( GEOMETRIC_REPRESENTATION_CONTEXT(2) 
PARAMETRIC_REPRESENTATION_CONTEXT() REPRESENTATION_CONTEXT('2D SPACE',''
  ) );
#16284 = PCURVE('',#5750,#16285);
#16285 = DEFINITIONAL_REPRESENTATION('',(#16286),#16290);
#16286 = LINE('',#16287,#16288);
#16287 = CARTESIAN_POINT('',(1.850646793437,0.));
#16288 = VECTOR('',#16289,1.);
#16289 = DIRECTION('',(0.,-1.));
#16290 = ( GEOMETRIC_REPRESENTATION_CONTEXT(2) 
PARAMETRIC_REPRESENTATION_CONTEXT() REPRESENTATION_CONTEXT('2D SPACE',''
  ) );
#16291 = ORIENTED_EDGE('',*,*,#6262,.T.);
#16292 = ORIENTED_EDGE('',*,*,#16244,.F.);
#16293 = ORIENTED_EDGE('',*,*,#5762,.F.);
#16294 = ADVANCED_FACE('',(#16295),#5750,.T.);
#16295 = FACE_BOUND('',#16296,.T.);
#16296 = EDGE_LOOP('',(#16297,#16318,#16319,#16320));
#16297 = ORIENTED_EDGE('',*,*,#16298,.T.);
#16298 = EDGE_CURVE('',#5707,#6217,#16299,.T.);
#16299 = SURFACE_CURVE('',#16300,(#16304,#16311),.PCURVE_S1.);
#16300 = LINE('',#16301,#16302);
#16301 = CARTESIAN_POINT('',(-22.18592354981,25.499505803871,68.3));
#16302 = VECTOR('',#16303,1.);
#16303 = DIRECTION('',(0.,0.,1.));
#16304 = PCURVE('',#5750,#16305);
#16305 = DEFINITIONAL_REPRESENTATION('',(#16306),#16310);
#16306 = LINE('',#16307,#16308);
#16307 = CARTESIAN_POINT('',(0.,0.));
#16308 = VECTOR('',#16309,1.);
#16309 = DIRECTION('',(0.,-1.));
#16310 = ( GEOMETRIC_REPRESENTATION_CONTEXT(2) 
PARAMETRIC_REPRESENTATION_CONTEXT() REPRESENTATION_CONTEXT('2D SPACE',''
  ) );
#16311 = PCURVE('',#5722,#16312);
#16312 = DEFINITIONAL_REPRESENTATION('',(#16313),#16317);
#16313 = LINE('',#16314,#16315);
#16314 = CARTESIAN_POINT('',(1.850646793437,0.));
#16315 = VECTOR('',#16316,1.);
#16316 = DIRECTION('',(0.,-1.));
#16317 = ( GEOMETRIC_REPRESENTATION_CONTEXT(2) 
PARAMETRIC_REPRESENTATION_CONTEXT() REPRESENTATION_CONTEXT('2D SPACE',''
  ) );
#16318 = ORIENTED_EDGE('',*,*,#6239,.T.);
#16319 = ORIENTED_EDGE('',*,*,#16271,.F.);
#16320 = ORIENTED_EDGE('',*,*,#5734,.F.);
#16321 = ADVANCED_FACE('',(#16322),#5722,.T.);
#16322 = FACE_BOUND('',#16323,.T.);
#16323 = EDGE_LOOP('',(#16324,#16345,#16346,#16347));
#16324 = ORIENTED_EDGE('',*,*,#16325,.T.);
#16325 = EDGE_CURVE('',#5679,#6194,#16326,.T.);
#16326 = SURFACE_CURVE('',#16327,(#16331,#16338),.PCURVE_S1.);
#16327 = LINE('',#16328,#16329);
#16328 = CARTESIAN_POINT('',(-23.54831589947,24.246996067523,68.3));
#16329 = VECTOR('',#16330,1.);
#16330 = DIRECTION('',(0.,0.,1.));
#16331 = PCURVE('',#5722,#16332);
#16332 = DEFINITIONAL_REPRESENTATION('',(#16333),#16337);
#16333 = LINE('',#16334,#16335);
#16334 = CARTESIAN_POINT('',(0.,0.));
#16335 = VECTOR('',#16336,1.);
#16336 = DIRECTION('',(0.,-1.));
#16337 = ( GEOMETRIC_REPRESENTATION_CONTEXT(2) 
PARAMETRIC_REPRESENTATION_CONTEXT() REPRESENTATION_CONTEXT('2D SPACE',''
  ) );
#16338 = PCURVE('',#5694,#16339);
#16339 = DEFINITIONAL_REPRESENTATION('',(#16340),#16344);
#16340 = LINE('',#16341,#16342);
#16341 = CARTESIAN_POINT('',(1.850646793437,0.));
#16342 = VECTOR('',#16343,1.);
#16343 = DIRECTION('',(0.,-1.));
#16344 = ( GEOMETRIC_REPRESENTATION_CONTEXT(2) 
PARAMETRIC_REPRESENTATION_CONTEXT() REPRESENTATION_CONTEXT('2D SPACE',''
  ) );
#16345 = ORIENTED_EDGE('',*,*,#6216,.T.);
#16346 = ORIENTED_EDGE('',*,*,#16298,.F.);
#16347 = ORIENTED_EDGE('',*,*,#5706,.F.);
#16348 = ADVANCED_FACE('',(#16349),#5694,.T.);
#16349 = FACE_BOUND('',#16350,.T.);
#16350 = EDGE_LOOP('',(#16351,#16352,#16353,#16354));
#16351 = ORIENTED_EDGE('',*,*,#6166,.T.);
#16352 = ORIENTED_EDGE('',*,*,#6193,.T.);
#16353 = ORIENTED_EDGE('',*,*,#16325,.F.);
#16354 = ORIENTED_EDGE('',*,*,#5678,.F.);
#16355 = ADVANCED_FACE('',(#16356),#6105,.T.);
#16356 = FACE_BOUND('',#16357,.T.);
#16357 = EDGE_LOOP('',(#16358,#16379,#16400,#16401,#16402,#16423));
#16358 = ORIENTED_EDGE('',*,*,#16359,.F.);
#16359 = EDGE_CURVE('',#16360,#10807,#16362,.T.);
#16360 = VERTEX_POINT('',#16361);
#16361 = CARTESIAN_POINT('',(14.210941773731,30.667395290497,68.31));
#16362 = SURFACE_CURVE('',#16363,(#16367,#16373),.PCURVE_S1.);
#16363 = LINE('',#16364,#16365);
#16364 = CARTESIAN_POINT('',(10.286994026066,32.617928150333,68.31));
#16365 = VECTOR('',#16366,1.);
#16366 = DIRECTION('',(0.895469116154,-0.445123648006,0.));
#16367 = PCURVE('',#6105,#16368);
#16368 = DEFINITIONAL_REPRESENTATION('',(#16369),#16372);
#16369 = B_SPLINE_CURVE_WITH_KNOTS('',1,(#16370,#16371),.UNSPECIFIED.,
  .F.,.F.,(2,2),(4.382002323562,6.232649116999),
  .PIECEWISE_BEZIER_KNOTS.);
#16370 = CARTESIAN_POINT('',(0.,-1.000000000001E-02));
#16371 = CARTESIAN_POINT('',(1.850646793437,-1.000000000001E-02));
#16372 = ( GEOMETRIC_REPRESENTATION_CONTEXT(2) 
PARAMETRIC_REPRESENTATION_CONTEXT() REPRESENTATION_CONTEXT('2D SPACE',''
  ) );
#16373 = PCURVE('',#10822,#16374);
#16374 = DEFINITIONAL_REPRESENTATION('',(#16375),#16378);
#16375 = B_SPLINE_CURVE_WITH_KNOTS('',1,(#16376,#16377),.UNSPECIFIED.,
  .F.,.F.,(2,2),(4.382002323562,6.232649116999),
  .PIECEWISE_BEZIER_KNOTS.);
#16376 = CARTESIAN_POINT('',(8.262746336402,-3.066497352759));
#16377 = CARTESIAN_POINT('',(9.919943384834,-3.890264004624));
#16378 = ( GEOMETRIC_REPRESENTATION_CONTEXT(2) 
PARAMETRIC_REPRESENTATION_CONTEXT() REPRESENTATION_CONTEXT('2D SPACE',''
  ) );
#16379 = ORIENTED_EDGE('',*,*,#16380,.T.);
#16380 = EDGE_CURVE('',#16360,#6745,#16381,.T.);
#16381 = SURFACE_CURVE('',#16382,(#16386,#16393),.PCURVE_S1.);
#16382 = LINE('',#16383,#16384);
#16383 = CARTESIAN_POINT('',(14.210941773731,30.667395290497,68.3));
#16384 = VECTOR('',#16385,1.);
#16385 = DIRECTION('',(0.,0.,1.));
#16386 = PCURVE('',#6105,#16387);
#16387 = DEFINITIONAL_REPRESENTATION('',(#16388),#16392);
#16388 = LINE('',#16389,#16390);
#16389 = CARTESIAN_POINT('',(0.,0.));
#16390 = VECTOR('',#16391,1.);
#16391 = DIRECTION('',(0.,-1.));
#16392 = ( GEOMETRIC_REPRESENTATION_CONTEXT(2) 
PARAMETRIC_REPRESENTATION_CONTEXT() REPRESENTATION_CONTEXT('2D SPACE',''
  ) );
#16393 = PCURVE('',#6760,#16394);
#16394 = DEFINITIONAL_REPRESENTATION('',(#16395),#16399);
#16395 = LINE('',#16396,#16397);
#16396 = CARTESIAN_POINT('',(1.850646793437,0.));
#16397 = VECTOR('',#16398,1.);
#16398 = DIRECTION('',(0.,-1.));
#16399 = ( GEOMETRIC_REPRESENTATION_CONTEXT(2) 
PARAMETRIC_REPRESENTATION_CONTEXT() REPRESENTATION_CONTEXT('2D SPACE',''
  ) );
#16400 = ORIENTED_EDGE('',*,*,#6772,.T.);
#16401 = ORIENTED_EDGE('',*,*,#6089,.F.);
#16402 = ORIENTED_EDGE('',*,*,#16403,.F.);
#16403 = EDGE_CURVE('',#10835,#6067,#16404,.T.);
#16404 = SURFACE_CURVE('',#16405,(#16409,#16416),.PCURVE_S1.);
#16405 = LINE('',#16406,#16407);
#16406 = CARTESIAN_POINT('',(14.210941773731,30.667395290497,68.3));
#16407 = VECTOR('',#16408,1.);
#16408 = DIRECTION('',(0.895469116154,-0.445123648006,0.));
#16409 = PCURVE('',#6105,#16410);
#16410 = DEFINITIONAL_REPRESENTATION('',(#16411),#16415);
#16411 = LINE('',#16412,#16413);
#16412 = CARTESIAN_POINT('',(0.,0.));
#16413 = VECTOR('',#16414,1.);
#16414 = DIRECTION('',(1.,0.));
#16415 = ( GEOMETRIC_REPRESENTATION_CONTEXT(2) 
PARAMETRIC_REPRESENTATION_CONTEXT() REPRESENTATION_CONTEXT('2D SPACE',''
  ) );
#16416 = PCURVE('',#10870,#16417);
#16417 = DEFINITIONAL_REPRESENTATION('',(#16418),#16422);
#16418 = LINE('',#16419,#16420);
#16419 = CARTESIAN_POINT('',(19.61612092074,-1.121212410315));
#16420 = VECTOR('',#16421,1.);
#16421 = DIRECTION('',(0.895469116154,-0.445123648006));
#16422 = ( GEOMETRIC_REPRESENTATION_CONTEXT(2) 
PARAMETRIC_REPRESENTATION_CONTEXT() REPRESENTATION_CONTEXT('2D SPACE',''
  ) );
#16423 = ORIENTED_EDGE('',*,*,#10834,.T.);
#16424 = ADVANCED_FACE('',(#16425),#6760,.T.);
#16425 = FACE_BOUND('',#16426,.T.);
#16426 = EDGE_LOOP('',(#16427,#16448,#16469,#16470,#16471,#16490,#16491,
    #16512));
#16427 = ORIENTED_EDGE('',*,*,#16428,.F.);
#16428 = EDGE_CURVE('',#16429,#10617,#16431,.T.);
#16429 = VERTEX_POINT('',#16430);
#16430 = CARTESIAN_POINT('',(12.511142082816,31.399224891446,68.31));
#16431 = SURFACE_CURVE('',#16432,(#16436,#16442),.PCURVE_S1.);
#16432 = LINE('',#16433,#16434);
#16433 = CARTESIAN_POINT('',(9.318825587914,32.77364078236,68.31));
#16434 = VECTOR('',#16435,1.);
#16435 = DIRECTION('',(0.9184895232,-0.395445313251,0.));
#16436 = PCURVE('',#6760,#16437);
#16437 = DEFINITIONAL_REPRESENTATION('',(#16438),#16441);
#16438 = B_SPLINE_CURVE_WITH_KNOTS('',1,(#16439,#16440),.UNSPECIFIED.,
  .F.,.F.,(2,2),(3.475615577826,5.326262371262),
  .PIECEWISE_BEZIER_KNOTS.);
#16439 = CARTESIAN_POINT('',(0.,-1.000000000001E-02));
#16440 = CARTESIAN_POINT('',(1.850646793437,-1.000000000001E-02));
#16441 = ( GEOMETRIC_REPRESENTATION_CONTEXT(2) 
PARAMETRIC_REPRESENTATION_CONTEXT() REPRESENTATION_CONTEXT('2D SPACE',''
  ) );
#16442 = PCURVE('',#10632,#16443);
#16443 = DEFINITIONAL_REPRESENTATION('',(#16444),#16447);
#16444 = B_SPLINE_CURVE_WITH_KNOTS('',1,(#16445,#16446),.UNSPECIFIED.,
  .F.,.F.,(2,2),(3.475615577826,5.326262371262),
  .PIECEWISE_BEZIER_KNOTS.);
#16445 = CARTESIAN_POINT('',(6.562946645488,-2.334667751811));
#16446 = CARTESIAN_POINT('',(8.262746336402,-3.066497352759));
#16447 = ( GEOMETRIC_REPRESENTATION_CONTEXT(2) 
PARAMETRIC_REPRESENTATION_CONTEXT() REPRESENTATION_CONTEXT('2D SPACE',''
  ) );
#16448 = ORIENTED_EDGE('',*,*,#16449,.T.);
#16449 = EDGE_CURVE('',#16429,#6717,#16450,.T.);
#16450 = SURFACE_CURVE('',#16451,(#16455,#16462),.PCURVE_S1.);
#16451 = LINE('',#16452,#16453);
#16452 = CARTESIAN_POINT('',(12.511142082816,31.399224891446,68.3));
#16453 = VECTOR('',#16454,1.);
#16454 = DIRECTION('',(0.,0.,1.));
#16455 = PCURVE('',#6760,#16456);
#16456 = DEFINITIONAL_REPRESENTATION('',(#16457),#16461);
#16457 = LINE('',#16458,#16459);
#16458 = CARTESIAN_POINT('',(0.,0.));
#16459 = VECTOR('',#16460,1.);
#16460 = DIRECTION('',(0.,-1.));
#16461 = ( GEOMETRIC_REPRESENTATION_CONTEXT(2) 
PARAMETRIC_REPRESENTATION_CONTEXT() REPRESENTATION_CONTEXT('2D SPACE',''
  ) );
#16462 = PCURVE('',#6732,#16463);
#16463 = DEFINITIONAL_REPRESENTATION('',(#16464),#16468);
#16464 = LINE('',#16465,#16466);
#16465 = CARTESIAN_POINT('',(1.850646793437,0.));
#16466 = VECTOR('',#16467,1.);
#16467 = DIRECTION('',(0.,-1.));
#16468 = ( GEOMETRIC_REPRESENTATION_CONTEXT(2) 
PARAMETRIC_REPRESENTATION_CONTEXT() REPRESENTATION_CONTEXT('2D SPACE',''
  ) );
#16469 = ORIENTED_EDGE('',*,*,#6744,.T.);
#16470 = ORIENTED_EDGE('',*,*,#16380,.F.);
#16471 = ORIENTED_EDGE('',*,*,#16472,.F.);
#16472 = EDGE_CURVE('',#10786,#16360,#16473,.T.);
#16473 = SURFACE_CURVE('',#16474,(#16478,#16484),.PCURVE_S1.);
#16474 = LINE('',#16475,#16476);
#16475 = CARTESIAN_POINT('',(9.318825587914,32.77364078236,68.31));
#16476 = VECTOR('',#16477,1.);
#16477 = DIRECTION('',(0.9184895232,-0.395445313251,0.));
#16478 = PCURVE('',#6760,#16479);
#16479 = DEFINITIONAL_REPRESENTATION('',(#16480),#16483);
#16480 = B_SPLINE_CURVE_WITH_KNOTS('',1,(#16481,#16482),.UNSPECIFIED.,
  .F.,.F.,(2,2),(3.475615577826,5.326262371262),
  .PIECEWISE_BEZIER_KNOTS.);
#16481 = CARTESIAN_POINT('',(0.,-1.000000000001E-02));
#16482 = CARTESIAN_POINT('',(1.850646793437,-1.000000000001E-02));
#16483 = ( GEOMETRIC_REPRESENTATION_CONTEXT(2) 
PARAMETRIC_REPRESENTATION_CONTEXT() REPRESENTATION_CONTEXT('2D SPACE',''
  ) );
#16484 = PCURVE('',#10822,#16485);
#16485 = DEFINITIONAL_REPRESENTATION('',(#16486),#16489);
#16486 = B_SPLINE_CURVE_WITH_KNOTS('',1,(#16487,#16488),.UNSPECIFIED.,
  .F.,.F.,(2,2),(3.475615577826,5.326262371262),
  .PIECEWISE_BEZIER_KNOTS.);
#16487 = CARTESIAN_POINT('',(6.562946645488,-2.334667751811));
#16488 = CARTESIAN_POINT('',(8.262746336402,-3.066497352759));
#16489 = ( GEOMETRIC_REPRESENTATION_CONTEXT(2) 
PARAMETRIC_REPRESENTATION_CONTEXT() REPRESENTATION_CONTEXT('2D SPACE',''
  ) );
#16490 = ORIENTED_EDGE('',*,*,#10785,.T.);
#16491 = ORIENTED_EDGE('',*,*,#16492,.F.);
#16492 = EDGE_CURVE('',#10645,#10765,#16493,.T.);
#16493 = SURFACE_CURVE('',#16494,(#16498,#16505),.PCURVE_S1.);
#16494 = LINE('',#16495,#16496);
#16495 = CARTESIAN_POINT('',(12.511142082816,31.399224891446,68.3));
#16496 = VECTOR('',#16497,1.);
#16497 = DIRECTION('',(0.9184895232,-0.395445313251,0.));
#16498 = PCURVE('',#6760,#16499);
#16499 = DEFINITIONAL_REPRESENTATION('',(#16500),#16504);
#16500 = LINE('',#16501,#16502);
#16501 = CARTESIAN_POINT('',(0.,0.));
#16502 = VECTOR('',#16503,1.);
#16503 = DIRECTION('',(1.,0.));
#16504 = ( GEOMETRIC_REPRESENTATION_CONTEXT(2) 
PARAMETRIC_REPRESENTATION_CONTEXT() REPRESENTATION_CONTEXT('2D SPACE',''
  ) );
#16505 = PCURVE('',#10680,#16506);
#16506 = DEFINITIONAL_REPRESENTATION('',(#16507),#16511);
#16507 = LINE('',#16508,#16509);
#16508 = CARTESIAN_POINT('',(17.916321229825,-0.389382809366));
#16509 = VECTOR('',#16510,1.);
#16510 = DIRECTION('',(0.9184895232,-0.395445313251));
#16511 = ( GEOMETRIC_REPRESENTATION_CONTEXT(2) 
PARAMETRIC_REPRESENTATION_CONTEXT() REPRESENTATION_CONTEXT('2D SPACE',''
  ) );
#16512 = ORIENTED_EDGE('',*,*,#10644,.T.);
#16513 = ADVANCED_FACE('',(#16514),#6732,.T.);
#16514 = FACE_BOUND('',#16515,.T.);
#16515 = EDGE_LOOP('',(#16516,#16537,#16558,#16559,#16560,#16579,#16580,
    #16601));
#16516 = ORIENTED_EDGE('',*,*,#16517,.F.);
#16517 = EDGE_CURVE('',#16518,#10427,#16520,.T.);
#16518 = VERTEX_POINT('',#16519);
#16519 = CARTESIAN_POINT('',(10.773835538261,32.036923507018,68.31));
#16520 = SURFACE_CURVE('',#16521,(#16525,#16531),.PCURVE_S1.);
#16521 = LINE('',#16522,#16523);
#16522 = CARTESIAN_POINT('',(8.373038893885,32.918163896739,68.31));
#16523 = VECTOR('',#16524,1.);
#16524 = DIRECTION('',(0.93875641247,-0.344581482449,0.));
#16525 = PCURVE('',#6732,#16526);
#16526 = DEFINITIONAL_REPRESENTATION('',(#16527),#16530);
#16527 = B_SPLINE_CURVE_WITH_KNOTS('',1,(#16528,#16529),.UNSPECIFIED.,
  .F.,.F.,(2,2),(2.557422364828,4.408069158265),
  .PIECEWISE_BEZIER_KNOTS.);
#16528 = CARTESIAN_POINT('',(0.,-1.000000000001E-02));
#16529 = CARTESIAN_POINT('',(1.850646793437,-1.000000000001E-02));
#16530 = ( GEOMETRIC_REPRESENTATION_CONTEXT(2) 
PARAMETRIC_REPRESENTATION_CONTEXT() REPRESENTATION_CONTEXT('2D SPACE',''
  ) );
#16531 = PCURVE('',#10442,#16532);
#16532 = DEFINITIONAL_REPRESENTATION('',(#16533),#16536);
#16533 = B_SPLINE_CURVE_WITH_KNOTS('',1,(#16534,#16535),.UNSPECIFIED.,
  .F.,.F.,(2,2),(2.557422364828,4.408069158265),
  .PIECEWISE_BEZIER_KNOTS.);
#16534 = CARTESIAN_POINT('',(4.825640100932,-1.696969136238));
#16535 = CARTESIAN_POINT('',(6.562946645488,-2.334667751811));
#16536 = ( GEOMETRIC_REPRESENTATION_CONTEXT(2) 
PARAMETRIC_REPRESENTATION_CONTEXT() REPRESENTATION_CONTEXT('2D SPACE',''
  ) );
#16537 = ORIENTED_EDGE('',*,*,#16538,.T.);
#16538 = EDGE_CURVE('',#16518,#6689,#16539,.T.);
#16539 = SURFACE_CURVE('',#16540,(#16544,#16551),.PCURVE_S1.);
#16540 = LINE('',#16541,#16542);
#16541 = CARTESIAN_POINT('',(10.773835538261,32.036923507018,68.3));
#16542 = VECTOR('',#16543,1.);
#16543 = DIRECTION('',(0.,0.,1.));
#16544 = PCURVE('',#6732,#16545);
#16545 = DEFINITIONAL_REPRESENTATION('',(#16546),#16550);
#16546 = LINE('',#16547,#16548);
#16547 = CARTESIAN_POINT('',(0.,0.));
#16548 = VECTOR('',#16549,1.);
#16549 = DIRECTION('',(0.,-1.));
#16550 = ( GEOMETRIC_REPRESENTATION_CONTEXT(2) 
PARAMETRIC_REPRESENTATION_CONTEXT() REPRESENTATION_CONTEXT('2D SPACE',''
  ) );
#16551 = PCURVE('',#6704,#16552);
#16552 = DEFINITIONAL_REPRESENTATION('',(#16553),#16557);
#16553 = LINE('',#16554,#16555);
#16554 = CARTESIAN_POINT('',(1.850646793437,0.));
#16555 = VECTOR('',#16556,1.);
#16556 = DIRECTION('',(0.,-1.));
#16557 = ( GEOMETRIC_REPRESENTATION_CONTEXT(2) 
PARAMETRIC_REPRESENTATION_CONTEXT() REPRESENTATION_CONTEXT('2D SPACE',''
  ) );
#16558 = ORIENTED_EDGE('',*,*,#6716,.T.);
#16559 = ORIENTED_EDGE('',*,*,#16449,.F.);
#16560 = ORIENTED_EDGE('',*,*,#16561,.F.);
#16561 = EDGE_CURVE('',#10596,#16429,#16562,.T.);
#16562 = SURFACE_CURVE('',#16563,(#16567,#16573),.PCURVE_S1.);
#16563 = LINE('',#16564,#16565);
#16564 = CARTESIAN_POINT('',(8.373038893885,32.918163896739,68.31));
#16565 = VECTOR('',#16566,1.);
#16566 = DIRECTION('',(0.93875641247,-0.344581482449,0.));
#16567 = PCURVE('',#6732,#16568);
#16568 = DEFINITIONAL_REPRESENTATION('',(#16569),#16572);
#16569 = B_SPLINE_CURVE_WITH_KNOTS('',1,(#16570,#16571),.UNSPECIFIED.,
  .F.,.F.,(2,2),(2.557422364828,4.408069158265),
  .PIECEWISE_BEZIER_KNOTS.);
#16570 = CARTESIAN_POINT('',(0.,-1.000000000001E-02));
#16571 = CARTESIAN_POINT('',(1.850646793437,-1.000000000001E-02));
#16572 = ( GEOMETRIC_REPRESENTATION_CONTEXT(2) 
PARAMETRIC_REPRESENTATION_CONTEXT() REPRESENTATION_CONTEXT('2D SPACE',''
  ) );
#16573 = PCURVE('',#10632,#16574);
#16574 = DEFINITIONAL_REPRESENTATION('',(#16575),#16578);
#16575 = B_SPLINE_CURVE_WITH_KNOTS('',1,(#16576,#16577),.UNSPECIFIED.,
  .F.,.F.,(2,2),(2.557422364828,4.408069158265),
  .PIECEWISE_BEZIER_KNOTS.);
#16576 = CARTESIAN_POINT('',(4.825640100932,-1.696969136238));
#16577 = CARTESIAN_POINT('',(6.562946645488,-2.334667751811));
#16578 = ( GEOMETRIC_REPRESENTATION_CONTEXT(2) 
PARAMETRIC_REPRESENTATION_CONTEXT() REPRESENTATION_CONTEXT('2D SPACE',''
  ) );
#16579 = ORIENTED_EDGE('',*,*,#10595,.T.);
#16580 = ORIENTED_EDGE('',*,*,#16581,.F.);
#16581 = EDGE_CURVE('',#10455,#10575,#16582,.T.);
#16582 = SURFACE_CURVE('',#16583,(#16587,#16594),.PCURVE_S1.);
#16583 = LINE('',#16584,#16585);
#16584 = CARTESIAN_POINT('',(10.773835538261,32.036923507018,68.3));
#16585 = VECTOR('',#16586,1.);
#16586 = DIRECTION('',(0.93875641247,-0.344581482449,0.));
#16587 = PCURVE('',#6732,#16588);
#16588 = DEFINITIONAL_REPRESENTATION('',(#16589),#16593);
#16589 = LINE('',#16590,#16591);
#16590 = CARTESIAN_POINT('',(0.,0.));
#16591 = VECTOR('',#16592,1.);
#16592 = DIRECTION('',(1.,0.));
#16593 = ( GEOMETRIC_REPRESENTATION_CONTEXT(2) 
PARAMETRIC_REPRESENTATION_CONTEXT() REPRESENTATION_CONTEXT('2D SPACE',''
  ) );
#16594 = PCURVE('',#10490,#16595);
#16595 = DEFINITIONAL_REPRESENTATION('',(#16596),#16600);
#16596 = LINE('',#16597,#16598);
#16597 = CARTESIAN_POINT('',(16.179014685269,0.248315806206));
#16598 = VECTOR('',#16599,1.);
#16599 = DIRECTION('',(0.93875641247,-0.344581482449));
#16600 = ( GEOMETRIC_REPRESENTATION_CONTEXT(2) 
PARAMETRIC_REPRESENTATION_CONTEXT() REPRESENTATION_CONTEXT('2D SPACE',''
  ) );
#16601 = ORIENTED_EDGE('',*,*,#10454,.T.);
#16602 = ADVANCED_FACE('',(#16603),#6704,.T.);
#16603 = FACE_BOUND('',#16604,.T.);
#16604 = EDGE_LOOP('',(#16605,#16626,#16647,#16648,#16649,#16668,#16669,
    #16690));
#16605 = ORIENTED_EDGE('',*,*,#16606,.F.);
#16606 = EDGE_CURVE('',#16607,#10237,#16609,.T.);
#16607 = VERTEX_POINT('',#16608);
#16608 = CARTESIAN_POINT('',(9.004230369806,32.578579395785,68.31));
#16609 = SURFACE_CURVE('',#16610,(#16614,#16620),.PCURVE_S1.);
#16610 = LINE('',#16611,#16612);
#16611 = CARTESIAN_POINT('',(7.445442019997,33.055706669183,68.31));
#16612 = VECTOR('',#16613,1.);
#16613 = DIRECTION('',(0.956209026342,-0.292684639061,0.));
#16614 = PCURVE('',#6704,#16615);
#16615 = DEFINITIONAL_REPRESENTATION('',(#16616),#16619);
#16616 = B_SPLINE_CURVE_WITH_KNOTS('',1,(#16617,#16618),.UNSPECIFIED.,
  .F.,.F.,(2,2),(1.630175314045,3.480822107482),
  .PIECEWISE_BEZIER_KNOTS.);
#16617 = CARTESIAN_POINT('',(0.,-1.000000000001E-02));
#16618 = CARTESIAN_POINT('',(1.850646793437,-1.000000000001E-02));
#16619 = ( GEOMETRIC_REPRESENTATION_CONTEXT(2) 
PARAMETRIC_REPRESENTATION_CONTEXT() REPRESENTATION_CONTEXT('2D SPACE',''
  ) );
#16620 = PCURVE('',#10252,#16621);
#16621 = DEFINITIONAL_REPRESENTATION('',(#16622),#16625);
#16622 = B_SPLINE_CURVE_WITH_KNOTS('',1,(#16623,#16624),.UNSPECIFIED.,
  .F.,.F.,(2,2),(1.630175314045,3.480822107482),
  .PIECEWISE_BEZIER_KNOTS.);
#16623 = CARTESIAN_POINT('',(3.056034932477,-1.155313247471));
#16624 = CARTESIAN_POINT('',(4.825640100932,-1.696969136238));
#16625 = ( GEOMETRIC_REPRESENTATION_CONTEXT(2) 
PARAMETRIC_REPRESENTATION_CONTEXT() REPRESENTATION_CONTEXT('2D SPACE',''
  ) );
#16626 = ORIENTED_EDGE('',*,*,#16627,.T.);
#16627 = EDGE_CURVE('',#16607,#6661,#16628,.T.);
#16628 = SURFACE_CURVE('',#16629,(#16633,#16640),.PCURVE_S1.);
#16629 = LINE('',#16630,#16631);
#16630 = CARTESIAN_POINT('',(9.004230369806,32.578579395785,68.3));
#16631 = VECTOR('',#16632,1.);
#16632 = DIRECTION('',(0.,0.,1.));
#16633 = PCURVE('',#6704,#16634);
#16634 = DEFINITIONAL_REPRESENTATION('',(#16635),#16639);
#16635 = LINE('',#16636,#16637);
#16636 = CARTESIAN_POINT('',(0.,0.));
#16637 = VECTOR('',#16638,1.);
#16638 = DIRECTION('',(0.,-1.));
#16639 = ( GEOMETRIC_REPRESENTATION_CONTEXT(2) 
PARAMETRIC_REPRESENTATION_CONTEXT() REPRESENTATION_CONTEXT('2D SPACE',''
  ) );
#16640 = PCURVE('',#6676,#16641);
#16641 = DEFINITIONAL_REPRESENTATION('',(#16642),#16646);
#16642 = LINE('',#16643,#16644);
#16643 = CARTESIAN_POINT('',(1.850646793437,0.));
#16644 = VECTOR('',#16645,1.);
#16645 = DIRECTION('',(0.,-1.));
#16646 = ( GEOMETRIC_REPRESENTATION_CONTEXT(2) 
PARAMETRIC_REPRESENTATION_CONTEXT() REPRESENTATION_CONTEXT('2D SPACE',''
  ) );
#16647 = ORIENTED_EDGE('',*,*,#6688,.T.);
#16648 = ORIENTED_EDGE('',*,*,#16538,.F.);
#16649 = ORIENTED_EDGE('',*,*,#16650,.F.);
#16650 = EDGE_CURVE('',#10406,#16518,#16651,.T.);
#16651 = SURFACE_CURVE('',#16652,(#16656,#16662),.PCURVE_S1.);
#16652 = LINE('',#16653,#16654);
#16653 = CARTESIAN_POINT('',(7.445442019997,33.055706669183,68.31));
#16654 = VECTOR('',#16655,1.);
#16655 = DIRECTION('',(0.956209026342,-0.292684639061,0.));
#16656 = PCURVE('',#6704,#16657);
#16657 = DEFINITIONAL_REPRESENTATION('',(#16658),#16661);
#16658 = B_SPLINE_CURVE_WITH_KNOTS('',1,(#16659,#16660),.UNSPECIFIED.,
  .F.,.F.,(2,2),(1.630175314045,3.480822107482),
  .PIECEWISE_BEZIER_KNOTS.);
#16659 = CARTESIAN_POINT('',(0.,-1.000000000001E-02));
#16660 = CARTESIAN_POINT('',(1.850646793437,-1.000000000001E-02));
#16661 = ( GEOMETRIC_REPRESENTATION_CONTEXT(2) 
PARAMETRIC_REPRESENTATION_CONTEXT() REPRESENTATION_CONTEXT('2D SPACE',''
  ) );
#16662 = PCURVE('',#10442,#16663);
#16663 = DEFINITIONAL_REPRESENTATION('',(#16664),#16667);
#16664 = B_SPLINE_CURVE_WITH_KNOTS('',1,(#16665,#16666),.UNSPECIFIED.,
  .F.,.F.,(2,2),(1.630175314045,3.480822107482),
  .PIECEWISE_BEZIER_KNOTS.);
#16665 = CARTESIAN_POINT('',(3.056034932477,-1.155313247471));
#16666 = CARTESIAN_POINT('',(4.825640100932,-1.696969136238));
#16667 = ( GEOMETRIC_REPRESENTATION_CONTEXT(2) 
PARAMETRIC_REPRESENTATION_CONTEXT() REPRESENTATION_CONTEXT('2D SPACE',''
  ) );
#16668 = ORIENTED_EDGE('',*,*,#10405,.T.);
#16669 = ORIENTED_EDGE('',*,*,#16670,.F.);
#16670 = EDGE_CURVE('',#10265,#10385,#16671,.T.);
#16671 = SURFACE_CURVE('',#16672,(#16676,#16683),.PCURVE_S1.);
#16672 = LINE('',#16673,#16674);
#16673 = CARTESIAN_POINT('',(9.004230369806,32.578579395785,68.3));
#16674 = VECTOR('',#16675,1.);
#16675 = DIRECTION('',(0.956209026342,-0.292684639061,0.));
#16676 = PCURVE('',#6704,#16677);
#16677 = DEFINITIONAL_REPRESENTATION('',(#16678),#16682);
#16678 = LINE('',#16679,#16680);
#16679 = CARTESIAN_POINT('',(0.,0.));
#16680 = VECTOR('',#16681,1.);
#16681 = DIRECTION('',(1.,0.));
#16682 = ( GEOMETRIC_REPRESENTATION_CONTEXT(2) 
PARAMETRIC_REPRESENTATION_CONTEXT() REPRESENTATION_CONTEXT('2D SPACE',''
  ) );
#16683 = PCURVE('',#10300,#16684);
#16684 = DEFINITIONAL_REPRESENTATION('',(#16685),#16689);
#16685 = LINE('',#16686,#16687);
#16686 = CARTESIAN_POINT('',(14.409409516815,0.789971694973));
#16687 = VECTOR('',#16688,1.);
#16688 = DIRECTION('',(0.956209026342,-0.292684639061));
#16689 = ( GEOMETRIC_REPRESENTATION_CONTEXT(2) 
PARAMETRIC_REPRESENTATION_CONTEXT() REPRESENTATION_CONTEXT('2D SPACE',''
  ) );
#16690 = ORIENTED_EDGE('',*,*,#10264,.T.);
#16691 = ADVANCED_FACE('',(#16692),#6676,.T.);
#16692 = FACE_BOUND('',#16693,.T.);
#16693 = EDGE_LOOP('',(#16694,#16715,#16736,#16737,#16738,#16757,#16758,
    #16779));
#16694 = ORIENTED_EDGE('',*,*,#16695,.F.);
#16695 = EDGE_CURVE('',#16696,#10047,#16698,.T.);
#16696 = VERTEX_POINT('',#16697);
#16697 = CARTESIAN_POINT('',(7.207631634466,33.022568740512,68.31));
#16698 = SURFACE_CURVE('',#16699,(#16703,#16709),.PCURVE_S1.);
#16699 = LINE('',#16700,#16701);
#16700 = CARTESIAN_POINT('',(6.531323192381,33.18970330213,68.31));
#16701 = VECTOR('',#16702,1.);
#16702 = DIRECTION('',(0.970795044042,-0.239910363394,0.));
#16703 = PCURVE('',#6676,#16704);
#16704 = DEFINITIONAL_REPRESENTATION('',(#16705),#16708);
#16705 = B_SPLINE_CURVE_WITH_KNOTS('',1,(#16706,#16707),.UNSPECIFIED.,
  .F.,.F.,(2,2),(0.696654197233,2.54730099067),
  .PIECEWISE_BEZIER_KNOTS.);
#16706 = CARTESIAN_POINT('',(0.,-1.000000000001E-02));
#16707 = CARTESIAN_POINT('',(1.850646793437,-1.000000000001E-02));
#16708 = ( GEOMETRIC_REPRESENTATION_CONTEXT(2) 
PARAMETRIC_REPRESENTATION_CONTEXT() REPRESENTATION_CONTEXT('2D SPACE',''
  ) );
#16709 = PCURVE('',#10062,#16710);
#16710 = DEFINITIONAL_REPRESENTATION('',(#16711),#16714);
#16711 = B_SPLINE_CURVE_WITH_KNOTS('',1,(#16712,#16713),.UNSPECIFIED.,
  .F.,.F.,(2,2),(0.696654197233,2.54730099067),
  .PIECEWISE_BEZIER_KNOTS.);
#16712 = CARTESIAN_POINT('',(1.259436197137,-0.711323902744));
#16713 = CARTESIAN_POINT('',(3.056034932477,-1.155313247471));
#16714 = ( GEOMETRIC_REPRESENTATION_CONTEXT(2) 
PARAMETRIC_REPRESENTATION_CONTEXT() REPRESENTATION_CONTEXT('2D SPACE',''
  ) );
#16715 = ORIENTED_EDGE('',*,*,#16716,.T.);
#16716 = EDGE_CURVE('',#16696,#6633,#16717,.T.);
#16717 = SURFACE_CURVE('',#16718,(#16722,#16729),.PCURVE_S1.);
#16718 = LINE('',#16719,#16720);
#16719 = CARTESIAN_POINT('',(7.207631634466,33.022568740512,68.3));
#16720 = VECTOR('',#16721,1.);
#16721 = DIRECTION('',(0.,0.,1.));
#16722 = PCURVE('',#6676,#16723);
#16723 = DEFINITIONAL_REPRESENTATION('',(#16724),#16728);
#16724 = LINE('',#16725,#16726);
#16725 = CARTESIAN_POINT('',(0.,0.));
#16726 = VECTOR('',#16727,1.);
#16727 = DIRECTION('',(0.,-1.));
#16728 = ( GEOMETRIC_REPRESENTATION_CONTEXT(2) 
PARAMETRIC_REPRESENTATION_CONTEXT() REPRESENTATION_CONTEXT('2D SPACE',''
  ) );
#16729 = PCURVE('',#6648,#16730);
#16730 = DEFINITIONAL_REPRESENTATION('',(#16731),#16735);
#16731 = LINE('',#16732,#16733);
#16732 = CARTESIAN_POINT('',(1.850646793437,0.));
#16733 = VECTOR('',#16734,1.);
#16734 = DIRECTION('',(0.,-1.));
#16735 = ( GEOMETRIC_REPRESENTATION_CONTEXT(2) 
PARAMETRIC_REPRESENTATION_CONTEXT() REPRESENTATION_CONTEXT('2D SPACE',''
  ) );
#16736 = ORIENTED_EDGE('',*,*,#6660,.T.);
#16737 = ORIENTED_EDGE('',*,*,#16627,.F.);
#16738 = ORIENTED_EDGE('',*,*,#16739,.F.);
#16739 = EDGE_CURVE('',#10216,#16607,#16740,.T.);
#16740 = SURFACE_CURVE('',#16741,(#16745,#16751),.PCURVE_S1.);
#16741 = LINE('',#16742,#16743);
#16742 = CARTESIAN_POINT('',(6.531323192381,33.18970330213,68.31));
#16743 = VECTOR('',#16744,1.);
#16744 = DIRECTION('',(0.970795044042,-0.239910363394,0.));
#16745 = PCURVE('',#6676,#16746);
#16746 = DEFINITIONAL_REPRESENTATION('',(#16747),#16750);
#16747 = B_SPLINE_CURVE_WITH_KNOTS('',1,(#16748,#16749),.UNSPECIFIED.,
  .F.,.F.,(2,2),(0.696654197233,2.54730099067),
  .PIECEWISE_BEZIER_KNOTS.);
#16748 = CARTESIAN_POINT('',(0.,-1.000000000001E-02));
#16749 = CARTESIAN_POINT('',(1.850646793437,-1.000000000001E-02));
#16750 = ( GEOMETRIC_REPRESENTATION_CONTEXT(2) 
PARAMETRIC_REPRESENTATION_CONTEXT() REPRESENTATION_CONTEXT('2D SPACE',''
  ) );
#16751 = PCURVE('',#10252,#16752);
#16752 = DEFINITIONAL_REPRESENTATION('',(#16753),#16756);
#16753 = B_SPLINE_CURVE_WITH_KNOTS('',1,(#16754,#16755),.UNSPECIFIED.,
  .F.,.F.,(2,2),(0.696654197233,2.54730099067),
  .PIECEWISE_BEZIER_KNOTS.);
#16754 = CARTESIAN_POINT('',(1.259436197137,-0.711323902744));
#16755 = CARTESIAN_POINT('',(3.056034932477,-1.155313247471));
#16756 = ( GEOMETRIC_REPRESENTATION_CONTEXT(2) 
PARAMETRIC_REPRESENTATION_CONTEXT() REPRESENTATION_CONTEXT('2D SPACE',''
  ) );
#16757 = ORIENTED_EDGE('',*,*,#10215,.T.);
#16758 = ORIENTED_EDGE('',*,*,#16759,.F.);
#16759 = EDGE_CURVE('',#10075,#10195,#16760,.T.);
#16760 = SURFACE_CURVE('',#16761,(#16765,#16772),.PCURVE_S1.);
#16761 = LINE('',#16762,#16763);
#16762 = CARTESIAN_POINT('',(7.207631634466,33.022568740512,68.3));
#16763 = VECTOR('',#16764,1.);
#16764 = DIRECTION('',(0.970795044042,-0.239910363394,0.));
#16765 = PCURVE('',#6676,#16766);
#16766 = DEFINITIONAL_REPRESENTATION('',(#16767),#16771);
#16767 = LINE('',#16768,#16769);
#16768 = CARTESIAN_POINT('',(0.,0.));
#16769 = VECTOR('',#16770,1.);
#16770 = DIRECTION('',(1.,0.));
#16771 = ( GEOMETRIC_REPRESENTATION_CONTEXT(2) 
PARAMETRIC_REPRESENTATION_CONTEXT() REPRESENTATION_CONTEXT('2D SPACE',''
  ) );
#16772 = PCURVE('',#10110,#16773);
#16773 = DEFINITIONAL_REPRESENTATION('',(#16774),#16778);
#16774 = LINE('',#16775,#16776);
#16775 = CARTESIAN_POINT('',(12.612810781474,1.2339610397));
#16776 = VECTOR('',#16777,1.);
#16777 = DIRECTION('',(0.970795044042,-0.239910363394));
#16778 = ( GEOMETRIC_REPRESENTATION_CONTEXT(2) 
PARAMETRIC_REPRESENTATION_CONTEXT() REPRESENTATION_CONTEXT('2D SPACE',''
  ) );
#16779 = ORIENTED_EDGE('',*,*,#10074,.T.);
#16780 = ADVANCED_FACE('',(#16781),#6648,.T.);
#16781 = FACE_BOUND('',#16782,.T.);
#16782 = EDGE_LOOP('',(#16783,#16804,#16825,#16826,#16827,#16846,#16847,
    #16868));
#16783 = ORIENTED_EDGE('',*,*,#16784,.F.);
#16784 = EDGE_CURVE('',#16785,#9857,#16787,.T.);
#16785 = VERTEX_POINT('',#16786);
#16786 = CARTESIAN_POINT('',(5.389425312622,33.367560516161,68.31));
#16787 = SURFACE_CURVE('',#16788,(#16792,#16798),.PCURVE_S1.);
#16788 = LINE('',#16789,#16790);
#16789 = CARTESIAN_POINT('',(5.625554692732,33.322756638214,68.31));
#16790 = VECTOR('',#16791,1.);
#16791 = DIRECTION('',(0.982470738496,-0.186416866186,0.));
#16792 = PCURVE('',#6648,#16793);
#16793 = DEFINITIONAL_REPRESENTATION('',(#16794),#16797);
#16794 = B_SPLINE_CURVE_WITH_KNOTS('',1,(#16795,#16796),.UNSPECIFIED.,
  .F.,.F.,(2,2),(-0.240342404977,1.61030438846),
  .PIECEWISE_BEZIER_KNOTS.);
#16795 = CARTESIAN_POINT('',(0.,-1.000000000001E-02));
#16796 = CARTESIAN_POINT('',(1.850646793437,-1.000000000001E-02));
#16797 = ( GEOMETRIC_REPRESENTATION_CONTEXT(2) 
PARAMETRIC_REPRESENTATION_CONTEXT() REPRESENTATION_CONTEXT('2D SPACE',''
  ) );
#16798 = PCURVE('',#9872,#16799);
#16799 = DEFINITIONAL_REPRESENTATION('',(#16800),#16803);
#16800 = B_SPLINE_CURVE_WITH_KNOTS('',1,(#16801,#16802),.UNSPECIFIED.,
  .F.,.F.,(2,2),(-0.240342404977,1.61030438846),
  .PIECEWISE_BEZIER_KNOTS.);
#16801 = CARTESIAN_POINT('',(-0.558770124707,-0.366332127095));
#16802 = CARTESIAN_POINT('',(1.259436197137,-0.711323902744));
#16803 = ( GEOMETRIC_REPRESENTATION_CONTEXT(2) 
PARAMETRIC_REPRESENTATION_CONTEXT() REPRESENTATION_CONTEXT('2D SPACE',''
  ) );
#16804 = ORIENTED_EDGE('',*,*,#16805,.T.);
#16805 = EDGE_CURVE('',#16785,#6605,#16806,.T.);
#16806 = SURFACE_CURVE('',#16807,(#16811,#16818),.PCURVE_S1.);
#16807 = LINE('',#16808,#16809);
#16808 = CARTESIAN_POINT('',(5.389425312622,33.367560516161,68.3));
#16809 = VECTOR('',#16810,1.);
#16810 = DIRECTION('',(0.,0.,1.));
#16811 = PCURVE('',#6648,#16812);
#16812 = DEFINITIONAL_REPRESENTATION('',(#16813),#16817);
#16813 = LINE('',#16814,#16815);
#16814 = CARTESIAN_POINT('',(0.,0.));
#16815 = VECTOR('',#16816,1.);
#16816 = DIRECTION('',(0.,-1.));
#16817 = ( GEOMETRIC_REPRESENTATION_CONTEXT(2) 
PARAMETRIC_REPRESENTATION_CONTEXT() REPRESENTATION_CONTEXT('2D SPACE',''
  ) );
#16818 = PCURVE('',#6620,#16819);
#16819 = DEFINITIONAL_REPRESENTATION('',(#16820),#16824);
#16820 = LINE('',#16821,#16822);
#16821 = CARTESIAN_POINT('',(1.850646793437,0.));
#16822 = VECTOR('',#16823,1.);
#16823 = DIRECTION('',(0.,-1.));
#16824 = ( GEOMETRIC_REPRESENTATION_CONTEXT(2) 
PARAMETRIC_REPRESENTATION_CONTEXT() REPRESENTATION_CONTEXT('2D SPACE',''
  ) );
#16825 = ORIENTED_EDGE('',*,*,#6632,.T.);
#16826 = ORIENTED_EDGE('',*,*,#16716,.F.);
#16827 = ORIENTED_EDGE('',*,*,#16828,.F.);
#16828 = EDGE_CURVE('',#10026,#16696,#16829,.T.);
#16829 = SURFACE_CURVE('',#16830,(#16834,#16840),.PCURVE_S1.);
#16830 = LINE('',#16831,#16832);
#16831 = CARTESIAN_POINT('',(5.625554692732,33.322756638214,68.31));
#16832 = VECTOR('',#16833,1.);
#16833 = DIRECTION('',(0.982470738496,-0.186416866186,0.));
#16834 = PCURVE('',#6648,#16835);
#16835 = DEFINITIONAL_REPRESENTATION('',(#16836),#16839);
#16836 = B_SPLINE_CURVE_WITH_KNOTS('',1,(#16837,#16838),.UNSPECIFIED.,
  .F.,.F.,(2,2),(-0.240342404977,1.61030438846),
  .PIECEWISE_BEZIER_KNOTS.);
#16837 = CARTESIAN_POINT('',(0.,-1.000000000001E-02));
#16838 = CARTESIAN_POINT('',(1.850646793437,-1.000000000001E-02));
#16839 = ( GEOMETRIC_REPRESENTATION_CONTEXT(2) 
PARAMETRIC_REPRESENTATION_CONTEXT() REPRESENTATION_CONTEXT('2D SPACE',''
  ) );
#16840 = PCURVE('',#10062,#16841);
#16841 = DEFINITIONAL_REPRESENTATION('',(#16842),#16845);
#16842 = B_SPLINE_CURVE_WITH_KNOTS('',1,(#16843,#16844),.UNSPECIFIED.,
  .F.,.F.,(2,2),(-0.240342404977,1.61030438846),
  .PIECEWISE_BEZIER_KNOTS.);
#16843 = CARTESIAN_POINT('',(-0.558770124707,-0.366332127095));
#16844 = CARTESIAN_POINT('',(1.259436197137,-0.711323902744));
#16845 = ( GEOMETRIC_REPRESENTATION_CONTEXT(2) 
PARAMETRIC_REPRESENTATION_CONTEXT() REPRESENTATION_CONTEXT('2D SPACE',''
  ) );
#16846 = ORIENTED_EDGE('',*,*,#10025,.T.);
#16847 = ORIENTED_EDGE('',*,*,#16848,.F.);
#16848 = EDGE_CURVE('',#9885,#10005,#16849,.T.);
#16849 = SURFACE_CURVE('',#16850,(#16854,#16861),.PCURVE_S1.);
#16850 = LINE('',#16851,#16852);
#16851 = CARTESIAN_POINT('',(5.389425312622,33.367560516161,68.3));
#16852 = VECTOR('',#16853,1.);
#16853 = DIRECTION('',(0.982470738496,-0.186416866186,0.));
#16854 = PCURVE('',#6648,#16855);
#16855 = DEFINITIONAL_REPRESENTATION('',(#16856),#16860);
#16856 = LINE('',#16857,#16858);
#16857 = CARTESIAN_POINT('',(0.,0.));
#16858 = VECTOR('',#16859,1.);
#16859 = DIRECTION('',(1.,0.));
#16860 = ( GEOMETRIC_REPRESENTATION_CONTEXT(2) 
PARAMETRIC_REPRESENTATION_CONTEXT() REPRESENTATION_CONTEXT('2D SPACE',''
  ) );
#16861 = PCURVE('',#9920,#16862);
#16862 = DEFINITIONAL_REPRESENTATION('',(#16863),#16867);
#16863 = LINE('',#16864,#16865);
#16864 = CARTESIAN_POINT('',(10.794604459631,1.578952815349));
#16865 = VECTOR('',#16866,1.);
#16866 = DIRECTION('',(0.982470738496,-0.186416866186));
#16867 = ( GEOMETRIC_REPRESENTATION_CONTEXT(2) 
PARAMETRIC_REPRESENTATION_CONTEXT() REPRESENTATION_CONTEXT('2D SPACE',''
  ) );
#16868 = ORIENTED_EDGE('',*,*,#9884,.T.);
#16869 = ADVANCED_FACE('',(#16870),#6620,.T.);
#16870 = FACE_BOUND('',#16871,.T.);
#16871 = EDGE_LOOP('',(#16872,#16893,#16914,#16915,#16916,#16935,#16936,
    #16957));
#16872 = ORIENTED_EDGE('',*,*,#16873,.F.);
#16873 = EDGE_CURVE('',#16874,#9667,#16876,.T.);
#16874 = VERTEX_POINT('',#16875);
#16875 = CARTESIAN_POINT('',(3.555062161524,33.612520480138,68.31));
#16876 = SURFACE_CURVE('',#16877,(#16881,#16887),.PCURVE_S1.);
#16877 = LINE('',#16878,#16879);
#16878 = CARTESIAN_POINT('',(4.722702510613,33.456594355216,68.31));
#16879 = VECTOR('',#16880,1.);
#16880 = DIRECTION('',(0.99120110742,-0.132364514312,0.));
#16881 = PCURVE('',#6620,#16882);
#16882 = DEFINITIONAL_REPRESENTATION('',(#16883),#16886);
#16883 = B_SPLINE_CURVE_WITH_KNOTS('',1,(#16884,#16885),.UNSPECIFIED.,
  .F.,.F.,(2,2),(-1.17800549288,0.672641300557),
  .PIECEWISE_BEZIER_KNOTS.);
#16884 = CARTESIAN_POINT('',(0.,-1.000000000001E-02));
#16885 = CARTESIAN_POINT('',(1.850646793437,-1.000000000001E-02));
#16886 = ( GEOMETRIC_REPRESENTATION_CONTEXT(2) 
PARAMETRIC_REPRESENTATION_CONTEXT() REPRESENTATION_CONTEXT('2D SPACE',''
  ) );
#16887 = PCURVE('',#9682,#16888);
#16888 = DEFINITIONAL_REPRESENTATION('',(#16889),#16892);
#16889 = B_SPLINE_CURVE_WITH_KNOTS('',1,(#16890,#16891),.UNSPECIFIED.,
  .F.,.F.,(2,2),(-1.17800549288,0.672641300557),
  .PIECEWISE_BEZIER_KNOTS.);
#16890 = CARTESIAN_POINT('',(-2.393133275805,-0.121372163118));
#16891 = CARTESIAN_POINT('',(-0.558770124707,-0.366332127095));
#16892 = ( GEOMETRIC_REPRESENTATION_CONTEXT(2) 
PARAMETRIC_REPRESENTATION_CONTEXT() REPRESENTATION_CONTEXT('2D SPACE',''
  ) );
#16893 = ORIENTED_EDGE('',*,*,#16894,.T.);
#16894 = EDGE_CURVE('',#16874,#6577,#16895,.T.);
#16895 = SURFACE_CURVE('',#16896,(#16900,#16907),.PCURVE_S1.);
#16896 = LINE('',#16897,#16898);
#16897 = CARTESIAN_POINT('',(3.555062161524,33.612520480138,68.3));
#16898 = VECTOR('',#16899,1.);
#16899 = DIRECTION('',(0.,0.,1.));
#16900 = PCURVE('',#6620,#16901);
#16901 = DEFINITIONAL_REPRESENTATION('',(#16902),#16906);
#16902 = LINE('',#16903,#16904);
#16903 = CARTESIAN_POINT('',(0.,0.));
#16904 = VECTOR('',#16905,1.);
#16905 = DIRECTION('',(0.,-1.));
#16906 = ( GEOMETRIC_REPRESENTATION_CONTEXT(2) 
PARAMETRIC_REPRESENTATION_CONTEXT() REPRESENTATION_CONTEXT('2D SPACE',''
  ) );
#16907 = PCURVE('',#6592,#16908);
#16908 = DEFINITIONAL_REPRESENTATION('',(#16909),#16913);
#16909 = LINE('',#16910,#16911);
#16910 = CARTESIAN_POINT('',(1.850646793437,0.));
#16911 = VECTOR('',#16912,1.);
#16912 = DIRECTION('',(0.,-1.));
#16913 = ( GEOMETRIC_REPRESENTATION_CONTEXT(2) 
PARAMETRIC_REPRESENTATION_CONTEXT() REPRESENTATION_CONTEXT('2D SPACE',''
  ) );
#16914 = ORIENTED_EDGE('',*,*,#6604,.T.);
#16915 = ORIENTED_EDGE('',*,*,#16805,.F.);
#16916 = ORIENTED_EDGE('',*,*,#16917,.F.);
#16917 = EDGE_CURVE('',#9836,#16785,#16918,.T.);
#16918 = SURFACE_CURVE('',#16919,(#16923,#16929),.PCURVE_S1.);
#16919 = LINE('',#16920,#16921);
#16920 = CARTESIAN_POINT('',(4.722702510613,33.456594355216,68.31));
#16921 = VECTOR('',#16922,1.);
#16922 = DIRECTION('',(0.99120110742,-0.132364514312,0.));
#16923 = PCURVE('',#6620,#16924);
#16924 = DEFINITIONAL_REPRESENTATION('',(#16925),#16928);
#16925 = B_SPLINE_CURVE_WITH_KNOTS('',1,(#16926,#16927),.UNSPECIFIED.,
  .F.,.F.,(2,2),(-1.17800549288,0.672641300557),
  .PIECEWISE_BEZIER_KNOTS.);
#16926 = CARTESIAN_POINT('',(0.,-1.000000000001E-02));
#16927 = CARTESIAN_POINT('',(1.850646793437,-1.000000000001E-02));
#16928 = ( GEOMETRIC_REPRESENTATION_CONTEXT(2) 
PARAMETRIC_REPRESENTATION_CONTEXT() REPRESENTATION_CONTEXT('2D SPACE',''
  ) );
#16929 = PCURVE('',#9872,#16930);
#16930 = DEFINITIONAL_REPRESENTATION('',(#16931),#16934);
#16931 = B_SPLINE_CURVE_WITH_KNOTS('',1,(#16932,#16933),.UNSPECIFIED.,
  .F.,.F.,(2,2),(-1.17800549288,0.672641300557),
  .PIECEWISE_BEZIER_KNOTS.);
#16932 = CARTESIAN_POINT('',(-2.393133275805,-0.121372163118));
#16933 = CARTESIAN_POINT('',(-0.558770124707,-0.366332127095));
#16934 = ( GEOMETRIC_REPRESENTATION_CONTEXT(2) 
PARAMETRIC_REPRESENTATION_CONTEXT() REPRESENTATION_CONTEXT('2D SPACE',''
  ) );
#16935 = ORIENTED_EDGE('',*,*,#9835,.T.);
#16936 = ORIENTED_EDGE('',*,*,#16937,.F.);
#16937 = EDGE_CURVE('',#9695,#9815,#16938,.T.);
#16938 = SURFACE_CURVE('',#16939,(#16943,#16950),.PCURVE_S1.);
#16939 = LINE('',#16940,#16941);
#16940 = CARTESIAN_POINT('',(3.555062161524,33.612520480138,68.3));
#16941 = VECTOR('',#16942,1.);
#16942 = DIRECTION('',(0.99120110742,-0.132364514312,0.));
#16943 = PCURVE('',#6620,#16944);
#16944 = DEFINITIONAL_REPRESENTATION('',(#16945),#16949);
#16945 = LINE('',#16946,#16947);
#16946 = CARTESIAN_POINT('',(0.,0.));
#16947 = VECTOR('',#16948,1.);
#16948 = DIRECTION('',(1.,0.));
#16949 = ( GEOMETRIC_REPRESENTATION_CONTEXT(2) 
PARAMETRIC_REPRESENTATION_CONTEXT() REPRESENTATION_CONTEXT('2D SPACE',''
  ) );
#16950 = PCURVE('',#9730,#16951);
#16951 = DEFINITIONAL_REPRESENTATION('',(#16952),#16956);
#16952 = LINE('',#16953,#16954);
#16953 = CARTESIAN_POINT('',(8.960241308533,1.823912779326));
#16954 = VECTOR('',#16955,1.);
#16955 = DIRECTION('',(0.99120110742,-0.132364514312));
#16956 = ( GEOMETRIC_REPRESENTATION_CONTEXT(2) 
PARAMETRIC_REPRESENTATION_CONTEXT() REPRESENTATION_CONTEXT('2D SPACE',''
  ) );
#16957 = ORIENTED_EDGE('',*,*,#9694,.T.);
#16958 = ADVANCED_FACE('',(#16959),#6592,.T.);
#16959 = FACE_BOUND('',#16960,.T.);
#16960 = EDGE_LOOP('',(#16961,#16982,#17003,#17004,#17005,#17024,#17025,
    #17046));
#16961 = ORIENTED_EDGE('',*,*,#16962,.F.);
#16962 = EDGE_CURVE('',#16963,#9477,#16965,.T.);
#16963 = VERTEX_POINT('',#16964);
#16964 = CARTESIAN_POINT('',(1.710041374593,33.756714272825,68.31));
#16965 = SURFACE_CURVE('',#16966,(#16970,#16976),.PCURVE_S1.);
#16966 = LINE('',#16967,#16968);
#16967 = CARTESIAN_POINT('',(3.817140284181,33.592038305219,68.31));
#16968 = VECTOR('',#16969,1.);
#16969 = DIRECTION('',(0.996959978249,-7.791535002726E-02,0.));
#16970 = PCURVE('',#6592,#16971);
#16971 = DEFINITIONAL_REPRESENTATION('',(#16972),#16975);
#16972 = B_SPLINE_CURVE_WITH_KNOTS('',1,(#16973,#16974),.UNSPECIFIED.,
  .F.,.F.,(2,2),(-2.113524068728,-0.262877275292),
  .PIECEWISE_BEZIER_KNOTS.);
#16973 = CARTESIAN_POINT('',(0.,-1.000000000001E-02));
#16974 = CARTESIAN_POINT('',(1.850646793437,-1.000000000001E-02));
#16975 = ( GEOMETRIC_REPRESENTATION_CONTEXT(2) 
PARAMETRIC_REPRESENTATION_CONTEXT() REPRESENTATION_CONTEXT('2D SPACE',''
  ) );
#16976 = PCURVE('',#9492,#16977);
#16977 = DEFINITIONAL_REPRESENTATION('',(#16978),#16981);
#16978 = B_SPLINE_CURVE_WITH_KNOTS('',1,(#16979,#16980),.UNSPECIFIED.,
  .F.,.F.,(2,2),(-2.113524068728,-0.262877275292),
  .PIECEWISE_BEZIER_KNOTS.);
#16979 = CARTESIAN_POINT('',(-4.238154062736,2.28216295693E-02));
#16980 = CARTESIAN_POINT('',(-2.393133275805,-0.121372163118));
#16981 = ( GEOMETRIC_REPRESENTATION_CONTEXT(2) 
PARAMETRIC_REPRESENTATION_CONTEXT() REPRESENTATION_CONTEXT('2D SPACE',''
  ) );
#16982 = ORIENTED_EDGE('',*,*,#16983,.T.);
#16983 = EDGE_CURVE('',#16963,#6549,#16984,.T.);
#16984 = SURFACE_CURVE('',#16985,(#16989,#16996),.PCURVE_S1.);
#16985 = LINE('',#16986,#16987);
#16986 = CARTESIAN_POINT('',(1.710041374593,33.756714272825,68.3));
#16987 = VECTOR('',#16988,1.);
#16988 = DIRECTION('',(0.,0.,1.));
#16989 = PCURVE('',#6592,#16990);
#16990 = DEFINITIONAL_REPRESENTATION('',(#16991),#16995);
#16991 = LINE('',#16992,#16993);
#16992 = CARTESIAN_POINT('',(0.,0.));
#16993 = VECTOR('',#16994,1.);
#16994 = DIRECTION('',(0.,-1.));
#16995 = ( GEOMETRIC_REPRESENTATION_CONTEXT(2) 
PARAMETRIC_REPRESENTATION_CONTEXT() REPRESENTATION_CONTEXT('2D SPACE',''
  ) );
#16996 = PCURVE('',#6564,#16997);
#16997 = DEFINITIONAL_REPRESENTATION('',(#16998),#17002);
#16998 = LINE('',#16999,#17000);
#16999 = CARTESIAN_POINT('',(1.850646793437,0.));
#17000 = VECTOR('',#17001,1.);
#17001 = DIRECTION('',(0.,-1.));
#17002 = ( GEOMETRIC_REPRESENTATION_CONTEXT(2) 
PARAMETRIC_REPRESENTATION_CONTEXT() REPRESENTATION_CONTEXT('2D SPACE',''
  ) );
#17003 = ORIENTED_EDGE('',*,*,#6576,.T.);
#17004 = ORIENTED_EDGE('',*,*,#16894,.F.);
#17005 = ORIENTED_EDGE('',*,*,#17006,.F.);
#17006 = EDGE_CURVE('',#9646,#16874,#17007,.T.);
#17007 = SURFACE_CURVE('',#17008,(#17012,#17018),.PCURVE_S1.);
#17008 = LINE('',#17009,#17010);
#17009 = CARTESIAN_POINT('',(3.817140284181,33.592038305219,68.31));
#17010 = VECTOR('',#17011,1.);
#17011 = DIRECTION('',(0.996959978249,-7.791535002726E-02,0.));
#17012 = PCURVE('',#6592,#17013);
#17013 = DEFINITIONAL_REPRESENTATION('',(#17014),#17017);
#17014 = B_SPLINE_CURVE_WITH_KNOTS('',1,(#17015,#17016),.UNSPECIFIED.,
  .F.,.F.,(2,2),(-2.113524068728,-0.262877275292),
  .PIECEWISE_BEZIER_KNOTS.);
#17015 = CARTESIAN_POINT('',(0.,-1.000000000001E-02));
#17016 = CARTESIAN_POINT('',(1.850646793437,-1.000000000001E-02));
#17017 = ( GEOMETRIC_REPRESENTATION_CONTEXT(2) 
PARAMETRIC_REPRESENTATION_CONTEXT() REPRESENTATION_CONTEXT('2D SPACE',''
  ) );
#17018 = PCURVE('',#9682,#17019);
#17019 = DEFINITIONAL_REPRESENTATION('',(#17020),#17023);
#17020 = B_SPLINE_CURVE_WITH_KNOTS('',1,(#17021,#17022),.UNSPECIFIED.,
  .F.,.F.,(2,2),(-2.113524068728,-0.262877275292),
  .PIECEWISE_BEZIER_KNOTS.);
#17021 = CARTESIAN_POINT('',(-4.238154062736,2.28216295693E-02));
#17022 = CARTESIAN_POINT('',(-2.393133275805,-0.121372163118));
#17023 = ( GEOMETRIC_REPRESENTATION_CONTEXT(2) 
PARAMETRIC_REPRESENTATION_CONTEXT() REPRESENTATION_CONTEXT('2D SPACE',''
  ) );
#17024 = ORIENTED_EDGE('',*,*,#9645,.T.);
#17025 = ORIENTED_EDGE('',*,*,#17026,.F.);
#17026 = EDGE_CURVE('',#9505,#9625,#17027,.T.);
#17027 = SURFACE_CURVE('',#17028,(#17032,#17039),.PCURVE_S1.);
#17028 = LINE('',#17029,#17030);
#17029 = CARTESIAN_POINT('',(1.710041374593,33.756714272825,68.3));
#17030 = VECTOR('',#17031,1.);
#17031 = DIRECTION('',(0.996959978249,-7.791535002726E-02,0.));
#17032 = PCURVE('',#6592,#17033);
#17033 = DEFINITIONAL_REPRESENTATION('',(#17034),#17038);
#17034 = LINE('',#17035,#17036);
#17035 = CARTESIAN_POINT('',(0.,0.));
#17036 = VECTOR('',#17037,1.);
#17037 = DIRECTION('',(1.,0.));
#17038 = ( GEOMETRIC_REPRESENTATION_CONTEXT(2) 
PARAMETRIC_REPRESENTATION_CONTEXT() REPRESENTATION_CONTEXT('2D SPACE',''
  ) );
#17039 = PCURVE('',#9540,#17040);
#17040 = DEFINITIONAL_REPRESENTATION('',(#17041),#17045);
#17041 = LINE('',#17042,#17043);
#17042 = CARTESIAN_POINT('',(7.115220521601,1.968106572013));
#17043 = VECTOR('',#17044,1.);
#17044 = DIRECTION('',(0.996959978249,-7.791535002726E-02));
#17045 = ( GEOMETRIC_REPRESENTATION_CONTEXT(2) 
PARAMETRIC_REPRESENTATION_CONTEXT() REPRESENTATION_CONTEXT('2D SPACE',''
  ) );
#17046 = ORIENTED_EDGE('',*,*,#9504,.T.);
#17047 = ADVANCED_FACE('',(#17048),#6564,.T.);
#17048 = FACE_BOUND('',#17049,.T.);
#17049 = EDGE_LOOP('',(#17050,#17071,#17092,#17093,#17094,#17113,#17114,
    #17135));
#17050 = ORIENTED_EDGE('',*,*,#17051,.F.);
#17051 = EDGE_CURVE('',#17052,#9287,#17054,.T.);
#17052 = VERTEX_POINT('',#17053);
#17053 = CARTESIAN_POINT('',(-0.140105904479,33.799709619101,68.31));
#17054 = SURFACE_CURVE('',#17055,(#17059,#17065),.PCURVE_S1.);
#17055 = LINE('',#17056,#17057);
#17056 = CARTESIAN_POINT('',(2.903166017641,33.72898739521,68.31));
#17057 = VECTOR('',#17058,1.);
#17058 = DIRECTION('',(0.999730086602,-2.323260517767E-02,0.));
#17059 = PCURVE('',#6564,#17060);
#17060 = DEFINITIONAL_REPRESENTATION('',(#17061),#17064);
#17061 = B_SPLINE_CURVE_WITH_KNOTS('',1,(#17062,#17063),.UNSPECIFIED.,
  .F.,.F.,(2,2),(-3.044093563758,-1.193446770321),
  .PIECEWISE_BEZIER_KNOTS.);
#17062 = CARTESIAN_POINT('',(0.,-1.000000000001E-02));
#17063 = CARTESIAN_POINT('',(1.850646793437,-1.000000000001E-02));
#17064 = ( GEOMETRIC_REPRESENTATION_CONTEXT(2) 
PARAMETRIC_REPRESENTATION_CONTEXT() REPRESENTATION_CONTEXT('2D SPACE',''
  ) );
#17065 = PCURVE('',#9302,#17066);
#17066 = DEFINITIONAL_REPRESENTATION('',(#17067),#17070);
#17067 = B_SPLINE_CURVE_WITH_KNOTS('',1,(#17068,#17069),.UNSPECIFIED.,
  .F.,.F.,(2,2),(-3.044093563758,-1.193446770321),
  .PIECEWISE_BEZIER_KNOTS.);
#17068 = CARTESIAN_POINT('',(-6.088301341808,6.581697584454E-02));
#17069 = CARTESIAN_POINT('',(-4.238154062736,2.282162956931E-02));
#17070 = ( GEOMETRIC_REPRESENTATION_CONTEXT(2) 
PARAMETRIC_REPRESENTATION_CONTEXT() REPRESENTATION_CONTEXT('2D SPACE',''
  ) );
#17071 = ORIENTED_EDGE('',*,*,#17072,.T.);
#17072 = EDGE_CURVE('',#17052,#6521,#17073,.T.);
#17073 = SURFACE_CURVE('',#17074,(#17078,#17085),.PCURVE_S1.);
#17074 = LINE('',#17075,#17076);
#17075 = CARTESIAN_POINT('',(-0.140105904479,33.799709619101,68.3));
#17076 = VECTOR('',#17077,1.);
#17077 = DIRECTION('',(0.,0.,1.));
#17078 = PCURVE('',#6564,#17079);
#17079 = DEFINITIONAL_REPRESENTATION('',(#17080),#17084);
#17080 = LINE('',#17081,#17082);
#17081 = CARTESIAN_POINT('',(0.,0.));
#17082 = VECTOR('',#17083,1.);
#17083 = DIRECTION('',(0.,-1.));
#17084 = ( GEOMETRIC_REPRESENTATION_CONTEXT(2) 
PARAMETRIC_REPRESENTATION_CONTEXT() REPRESENTATION_CONTEXT('2D SPACE',''
  ) );
#17085 = PCURVE('',#6536,#17086);
#17086 = DEFINITIONAL_REPRESENTATION('',(#17087),#17091);
#17087 = LINE('',#17088,#17089);
#17088 = CARTESIAN_POINT('',(1.850646793437,0.));
#17089 = VECTOR('',#17090,1.);
#17090 = DIRECTION('',(0.,-1.));
#17091 = ( GEOMETRIC_REPRESENTATION_CONTEXT(2) 
PARAMETRIC_REPRESENTATION_CONTEXT() REPRESENTATION_CONTEXT('2D SPACE',''
  ) );
#17092 = ORIENTED_EDGE('',*,*,#6548,.T.);
#17093 = ORIENTED_EDGE('',*,*,#16983,.F.);
#17094 = ORIENTED_EDGE('',*,*,#17095,.F.);
#17095 = EDGE_CURVE('',#9456,#16963,#17096,.T.);
#17096 = SURFACE_CURVE('',#17097,(#17101,#17107),.PCURVE_S1.);
#17097 = LINE('',#17098,#17099);
#17098 = CARTESIAN_POINT('',(2.903166017641,33.72898739521,68.31));
#17099 = VECTOR('',#17100,1.);
#17100 = DIRECTION('',(0.999730086602,-2.323260517767E-02,0.));
#17101 = PCURVE('',#6564,#17102);
#17102 = DEFINITIONAL_REPRESENTATION('',(#17103),#17106);
#17103 = B_SPLINE_CURVE_WITH_KNOTS('',1,(#17104,#17105),.UNSPECIFIED.,
  .F.,.F.,(2,2),(-3.044093563758,-1.193446770321),
  .PIECEWISE_BEZIER_KNOTS.);
#17104 = CARTESIAN_POINT('',(0.,-1.000000000001E-02));
#17105 = CARTESIAN_POINT('',(1.850646793437,-1.000000000001E-02));
#17106 = ( GEOMETRIC_REPRESENTATION_CONTEXT(2) 
PARAMETRIC_REPRESENTATION_CONTEXT() REPRESENTATION_CONTEXT('2D SPACE',''
  ) );
#17107 = PCURVE('',#9492,#17108);
#17108 = DEFINITIONAL_REPRESENTATION('',(#17109),#17112);
#17109 = B_SPLINE_CURVE_WITH_KNOTS('',1,(#17110,#17111),.UNSPECIFIED.,
  .F.,.F.,(2,2),(-3.044093563758,-1.193446770321),
  .PIECEWISE_BEZIER_KNOTS.);
#17110 = CARTESIAN_POINT('',(-6.088301341808,6.581697584454E-02));
#17111 = CARTESIAN_POINT('',(-4.238154062736,2.282162956931E-02));
#17112 = ( GEOMETRIC_REPRESENTATION_CONTEXT(2) 
PARAMETRIC_REPRESENTATION_CONTEXT() REPRESENTATION_CONTEXT('2D SPACE',''
  ) );
#17113 = ORIENTED_EDGE('',*,*,#9455,.T.);
#17114 = ORIENTED_EDGE('',*,*,#17115,.F.);
#17115 = EDGE_CURVE('',#9315,#9435,#17116,.T.);
#17116 = SURFACE_CURVE('',#17117,(#17121,#17128),.PCURVE_S1.);
#17117 = LINE('',#17118,#17119);
#17118 = CARTESIAN_POINT('',(-0.140105904479,33.799709619101,68.3));
#17119 = VECTOR('',#17120,1.);
#17120 = DIRECTION('',(0.999730086602,-2.323260517767E-02,0.));
#17121 = PCURVE('',#6564,#17122);
#17122 = DEFINITIONAL_REPRESENTATION('',(#17123),#17127);
#17123 = LINE('',#17124,#17125);
#17124 = CARTESIAN_POINT('',(0.,0.));
#17125 = VECTOR('',#17126,1.);
#17126 = DIRECTION('',(1.,0.));
#17127 = ( GEOMETRIC_REPRESENTATION_CONTEXT(2) 
PARAMETRIC_REPRESENTATION_CONTEXT() REPRESENTATION_CONTEXT('2D SPACE',''
  ) );
#17128 = PCURVE('',#9350,#17129);
#17129 = DEFINITIONAL_REPRESENTATION('',(#17130),#17134);
#17130 = LINE('',#17131,#17132);
#17131 = CARTESIAN_POINT('',(5.26507324253,2.011101918289));
#17132 = VECTOR('',#17133,1.);
#17133 = DIRECTION('',(0.999730086602,-2.323260517767E-02));
#17134 = ( GEOMETRIC_REPRESENTATION_CONTEXT(2) 
PARAMETRIC_REPRESENTATION_CONTEXT() REPRESENTATION_CONTEXT('2D SPACE',''
  ) );
#17135 = ORIENTED_EDGE('',*,*,#9314,.T.);
#17136 = ADVANCED_FACE('',(#17137),#6536,.T.);
#17137 = FACE_BOUND('',#17138,.T.);
#17138 = EDGE_LOOP('',(#17139,#17160,#17181,#17182,#17183,#17202,#17203,
    #17224));
#17139 = ORIENTED_EDGE('',*,*,#17140,.F.);
#17140 = EDGE_CURVE('',#17141,#9097,#17143,.T.);
#17141 = VERTEX_POINT('',#17142);
#17142 = CARTESIAN_POINT('',(-1.98983316341,33.741377624243,68.31));
#17143 = SURFACE_CURVE('',#17144,(#17148,#17154),.PCURVE_S1.);
#17144 = LINE('',#17145,#17146);
#17145 = CARTESIAN_POINT('',(1.975120029087,33.866414236056,68.31));
#17146 = VECTOR('',#17147,1.);
#17147 = DIRECTION('',(0.999503128037,3.151978814337E-02,-0.));
#17148 = PCURVE('',#6536,#17149);
#17149 = DEFINITIONAL_REPRESENTATION('',(#17150),#17153);
#17150 = B_SPLINE_CURVE_WITH_KNOTS('',1,(#17151,#17152),.UNSPECIFIED.,
  .F.,.F.,(2,2),(-3.966924245935,-2.116277452498),
  .PIECEWISE_BEZIER_KNOTS.);
#17151 = CARTESIAN_POINT('',(0.,-1.000000000001E-02));
#17152 = CARTESIAN_POINT('',(1.850646793437,-1.000000000001E-02));
#17153 = ( GEOMETRIC_REPRESENTATION_CONTEXT(2) 
PARAMETRIC_REPRESENTATION_CONTEXT() REPRESENTATION_CONTEXT('2D SPACE',''
  ) );
#17154 = PCURVE('',#9112,#17155);
#17155 = DEFINITIONAL_REPRESENTATION('',(#17156),#17159);
#17156 = B_SPLINE_CURVE_WITH_KNOTS('',1,(#17157,#17158),.UNSPECIFIED.,
  .F.,.F.,(2,2),(-3.966924245935,-2.116277452498),
  .PIECEWISE_BEZIER_KNOTS.);
#17157 = CARTESIAN_POINT('',(-7.938028600739,7.48498098721E-03));
#17158 = CARTESIAN_POINT('',(-6.088301341808,6.581697584454E-02));
#17159 = ( GEOMETRIC_REPRESENTATION_CONTEXT(2) 
PARAMETRIC_REPRESENTATION_CONTEXT() REPRESENTATION_CONTEXT('2D SPACE',''
  ) );
#17160 = ORIENTED_EDGE('',*,*,#17161,.T.);
#17161 = EDGE_CURVE('',#17141,#6493,#17162,.T.);
#17162 = SURFACE_CURVE('',#17163,(#17167,#17174),.PCURVE_S1.);
#17163 = LINE('',#17164,#17165);
#17164 = CARTESIAN_POINT('',(-1.98983316341,33.741377624243,68.3));
#17165 = VECTOR('',#17166,1.);
#17166 = DIRECTION('',(0.,0.,1.));
#17167 = PCURVE('',#6536,#17168);
#17168 = DEFINITIONAL_REPRESENTATION('',(#17169),#17173);
#17169 = LINE('',#17170,#17171);
#17170 = CARTESIAN_POINT('',(0.,0.));
#17171 = VECTOR('',#17172,1.);
#17172 = DIRECTION('',(0.,-1.));
#17173 = ( GEOMETRIC_REPRESENTATION_CONTEXT(2) 
PARAMETRIC_REPRESENTATION_CONTEXT() REPRESENTATION_CONTEXT('2D SPACE',''
  ) );
#17174 = PCURVE('',#6508,#17175);
#17175 = DEFINITIONAL_REPRESENTATION('',(#17176),#17180);
#17176 = LINE('',#17177,#17178);
#17177 = CARTESIAN_POINT('',(1.850646793437,0.));
#17178 = VECTOR('',#17179,1.);
#17179 = DIRECTION('',(0.,-1.));
#17180 = ( GEOMETRIC_REPRESENTATION_CONTEXT(2) 
PARAMETRIC_REPRESENTATION_CONTEXT() REPRESENTATION_CONTEXT('2D SPACE',''
  ) );
#17181 = ORIENTED_EDGE('',*,*,#6520,.T.);
#17182 = ORIENTED_EDGE('',*,*,#17072,.F.);
#17183 = ORIENTED_EDGE('',*,*,#17184,.F.);
#17184 = EDGE_CURVE('',#9266,#17052,#17185,.T.);
#17185 = SURFACE_CURVE('',#17186,(#17190,#17196),.PCURVE_S1.);
#17186 = LINE('',#17187,#17188);
#17187 = CARTESIAN_POINT('',(1.975120029087,33.866414236056,68.31));
#17188 = VECTOR('',#17189,1.);
#17189 = DIRECTION('',(0.999503128037,3.151978814337E-02,-0.));
#17190 = PCURVE('',#6536,#17191);
#17191 = DEFINITIONAL_REPRESENTATION('',(#17192),#17195);
#17192 = B_SPLINE_CURVE_WITH_KNOTS('',1,(#17193,#17194),.UNSPECIFIED.,
  .F.,.F.,(2,2),(-3.966924245935,-2.116277452498),
  .PIECEWISE_BEZIER_KNOTS.);
#17193 = CARTESIAN_POINT('',(0.,-1.000000000001E-02));
#17194 = CARTESIAN_POINT('',(1.850646793437,-1.000000000001E-02));
#17195 = ( GEOMETRIC_REPRESENTATION_CONTEXT(2) 
PARAMETRIC_REPRESENTATION_CONTEXT() REPRESENTATION_CONTEXT('2D SPACE',''
  ) );
#17196 = PCURVE('',#9302,#17197);
#17197 = DEFINITIONAL_REPRESENTATION('',(#17198),#17201);
#17198 = B_SPLINE_CURVE_WITH_KNOTS('',1,(#17199,#17200),.UNSPECIFIED.,
  .F.,.F.,(2,2),(-3.966924245935,-2.116277452498),
  .PIECEWISE_BEZIER_KNOTS.);
#17199 = CARTESIAN_POINT('',(-7.938028600739,7.48498098721E-03));
#17200 = CARTESIAN_POINT('',(-6.088301341808,6.581697584454E-02));
#17201 = ( GEOMETRIC_REPRESENTATION_CONTEXT(2) 
PARAMETRIC_REPRESENTATION_CONTEXT() REPRESENTATION_CONTEXT('2D SPACE',''
  ) );
#17202 = ORIENTED_EDGE('',*,*,#9265,.T.);
#17203 = ORIENTED_EDGE('',*,*,#17204,.F.);
#17204 = EDGE_CURVE('',#9125,#9245,#17205,.T.);
#17205 = SURFACE_CURVE('',#17206,(#17210,#17217),.PCURVE_S1.);
#17206 = LINE('',#17207,#17208);
#17207 = CARTESIAN_POINT('',(-1.98983316341,33.741377624243,68.3));
#17208 = VECTOR('',#17209,1.);
#17209 = DIRECTION('',(0.999503128037,3.151978814337E-02,0.));
#17210 = PCURVE('',#6536,#17211);
#17211 = DEFINITIONAL_REPRESENTATION('',(#17212),#17216);
#17212 = LINE('',#17213,#17214);
#17213 = CARTESIAN_POINT('',(0.,0.));
#17214 = VECTOR('',#17215,1.);
#17215 = DIRECTION('',(1.,0.));
#17216 = ( GEOMETRIC_REPRESENTATION_CONTEXT(2) 
PARAMETRIC_REPRESENTATION_CONTEXT() REPRESENTATION_CONTEXT('2D SPACE',''
  ) );
#17217 = PCURVE('',#9160,#17218);
#17218 = DEFINITIONAL_REPRESENTATION('',(#17219),#17223);
#17219 = LINE('',#17220,#17221);
#17220 = CARTESIAN_POINT('',(3.415345983598,1.952769923431));
#17221 = VECTOR('',#17222,1.);
#17222 = DIRECTION('',(0.999503128037,3.151978814337E-02));
#17223 = ( GEOMETRIC_REPRESENTATION_CONTEXT(2) 
PARAMETRIC_REPRESENTATION_CONTEXT() REPRESENTATION_CONTEXT('2D SPACE',''
  ) );
#17224 = ORIENTED_EDGE('',*,*,#9124,.T.);
#17225 = ADVANCED_FACE('',(#17226),#6508,.T.);
#17226 = FACE_BOUND('',#17227,.T.);
#17227 = EDGE_LOOP('',(#17228,#17247,#17248,#17249,#17250,#17269,#17270,
    #17291));
#17228 = ORIENTED_EDGE('',*,*,#17229,.F.);
#17229 = EDGE_CURVE('',#16010,#8860,#17230,.T.);
#17230 = SURFACE_CURVE('',#17231,(#17235,#17241),.PCURVE_S1.);
#17231 = LINE('',#17232,#17233);
#17232 = CARTESIAN_POINT('',(1.027502566636,34.002375613704,68.31));
#17233 = VECTOR('',#17234,1.);
#17234 = DIRECTION('',(0.996279782948,8.617768904534E-02,-0.));
#17235 = PCURVE('',#6508,#17236);
#17236 = DEFINITIONAL_REPRESENTATION('',(#17237),#17240);
#17237 = B_SPLINE_CURVE_WITH_KNOTS('',1,(#17238,#17239),.UNSPECIFIED.,
  .F.,.F.,(2,2),(-4.879249583226,-3.028602789789),
  .PIECEWISE_BEZIER_KNOTS.);
#17238 = CARTESIAN_POINT('',(0.,-1.000000000001E-02));
#17239 = CARTESIAN_POINT('',(1.850646793437,-1.000000000001E-02));
#17240 = ( GEOMETRIC_REPRESENTATION_CONTEXT(2) 
PARAMETRIC_REPRESENTATION_CONTEXT() REPRESENTATION_CONTEXT('2D SPACE',''
  ) );
#17241 = PCURVE('',#8875,#17242);
#17242 = DEFINITIONAL_REPRESENTATION('',(#17243),#17246);
#17243 = B_SPLINE_CURVE_WITH_KNOTS('',1,(#17244,#17245),.UNSPECIFIED.,
  .F.,.F.,(2,2),(-4.879249583226,-3.028602789789),
  .PIECEWISE_BEZIER_KNOTS.);
#17244 = CARTESIAN_POINT('',(-9.781790586418,-0.15199948291));
#17245 = CARTESIAN_POINT('',(-7.938028600739,7.484980987214E-03));
#17246 = ( GEOMETRIC_REPRESENTATION_CONTEXT(2) 
PARAMETRIC_REPRESENTATION_CONTEXT() REPRESENTATION_CONTEXT('2D SPACE',''
  ) );
#17247 = ORIENTED_EDGE('',*,*,#16009,.T.);
#17248 = ORIENTED_EDGE('',*,*,#6492,.T.);
#17249 = ORIENTED_EDGE('',*,*,#17161,.F.);
#17250 = ORIENTED_EDGE('',*,*,#17251,.F.);
#17251 = EDGE_CURVE('',#9076,#17141,#17252,.T.);
#17252 = SURFACE_CURVE('',#17253,(#17257,#17263),.PCURVE_S1.);
#17253 = LINE('',#17254,#17255);
#17254 = CARTESIAN_POINT('',(1.027502566636,34.002375613704,68.31));
#17255 = VECTOR('',#17256,1.);
#17256 = DIRECTION('',(0.996279782948,8.617768904534E-02,-0.));
#17257 = PCURVE('',#6508,#17258);
#17258 = DEFINITIONAL_REPRESENTATION('',(#17259),#17262);
#17259 = B_SPLINE_CURVE_WITH_KNOTS('',1,(#17260,#17261),.UNSPECIFIED.,
  .F.,.F.,(2,2),(-4.879249583226,-3.028602789789),
  .PIECEWISE_BEZIER_KNOTS.);
#17260 = CARTESIAN_POINT('',(0.,-1.000000000001E-02));
#17261 = CARTESIAN_POINT('',(1.850646793437,-1.000000000001E-02));
#17262 = ( GEOMETRIC_REPRESENTATION_CONTEXT(2) 
PARAMETRIC_REPRESENTATION_CONTEXT() REPRESENTATION_CONTEXT('2D SPACE',''
  ) );
#17263 = PCURVE('',#9112,#17264);
#17264 = DEFINITIONAL_REPRESENTATION('',(#17265),#17268);
#17265 = B_SPLINE_CURVE_WITH_KNOTS('',1,(#17266,#17267),.UNSPECIFIED.,
  .F.,.F.,(2,2),(-4.879249583226,-3.028602789789),
  .PIECEWISE_BEZIER_KNOTS.);
#17266 = CARTESIAN_POINT('',(-9.781790586418,-0.15199948291));
#17267 = CARTESIAN_POINT('',(-7.938028600739,7.484980987214E-03));
#17268 = ( GEOMETRIC_REPRESENTATION_CONTEXT(2) 
PARAMETRIC_REPRESENTATION_CONTEXT() REPRESENTATION_CONTEXT('2D SPACE',''
  ) );
#17269 = ORIENTED_EDGE('',*,*,#9075,.T.);
#17270 = ORIENTED_EDGE('',*,*,#17271,.F.);
#17271 = EDGE_CURVE('',#8888,#9055,#17272,.T.);
#17272 = SURFACE_CURVE('',#17273,(#17277,#17284),.PCURVE_S1.);
#17273 = LINE('',#17274,#17275);
#17274 = CARTESIAN_POINT('',(-3.833595149089,33.581893160346,68.3));
#17275 = VECTOR('',#17276,1.);
#17276 = DIRECTION('',(0.996279782948,8.617768904534E-02,0.));
#17277 = PCURVE('',#6508,#17278);
#17278 = DEFINITIONAL_REPRESENTATION('',(#17279),#17283);
#17279 = LINE('',#17280,#17281);
#17280 = CARTESIAN_POINT('',(0.,0.));
#17281 = VECTOR('',#17282,1.);
#17282 = DIRECTION('',(1.,0.));
#17283 = ( GEOMETRIC_REPRESENTATION_CONTEXT(2) 
PARAMETRIC_REPRESENTATION_CONTEXT() REPRESENTATION_CONTEXT('2D SPACE',''
  ) );
#17284 = PCURVE('',#8923,#17285);
#17285 = DEFINITIONAL_REPRESENTATION('',(#17286),#17290);
#17286 = LINE('',#17287,#17288);
#17287 = CARTESIAN_POINT('',(1.57158399792,1.793285459534));
#17288 = VECTOR('',#17289,1.);
#17289 = DIRECTION('',(0.996279782948,8.617768904534E-02));
#17290 = ( GEOMETRIC_REPRESENTATION_CONTEXT(2) 
PARAMETRIC_REPRESENTATION_CONTEXT() REPRESENTATION_CONTEXT('2D SPACE',''
  ) );
#17291 = ORIENTED_EDGE('',*,*,#8887,.T.);
#17292 = ADVANCED_FACE('',(#17293),#6863,.F.);
#17293 = FACE_BOUND('',#17294,.F.);
#17294 = EDGE_LOOP('',(#17295,#17296,#17319,#17346));
#17295 = ORIENTED_EDGE('',*,*,#6846,.F.);
#17296 = ORIENTED_EDGE('',*,*,#17297,.F.);
#17297 = EDGE_CURVE('',#17298,#6847,#17300,.T.);
#17298 = VERTEX_POINT('',#17299);
#17299 = CARTESIAN_POINT('',(1.1,32.4,69.9));
#17300 = SEAM_CURVE('',#17301,(#17305,#17312),.PCURVE_S1.);
#17301 = LINE('',#17302,#17303);
#17302 = CARTESIAN_POINT('',(1.1,32.4,69.9));
#17303 = VECTOR('',#17304,1.);
#17304 = DIRECTION('',(0.,0.,1.));
#17305 = PCURVE('',#6863,#17306);
#17306 = DEFINITIONAL_REPRESENTATION('',(#17307),#17311);
#17307 = LINE('',#17308,#17309);
#17308 = CARTESIAN_POINT('',(6.28318530718,-0.));
#17309 = VECTOR('',#17310,1.);
#17310 = DIRECTION('',(0.,1.));
#17311 = ( GEOMETRIC_REPRESENTATION_CONTEXT(2) 
PARAMETRIC_REPRESENTATION_CONTEXT() REPRESENTATION_CONTEXT('2D SPACE',''
  ) );
#17312 = PCURVE('',#6863,#17313);
#17313 = DEFINITIONAL_REPRESENTATION('',(#17314),#17318);
#17314 = LINE('',#17315,#17316);
#17315 = CARTESIAN_POINT('',(0.,-0.));
#17316 = VECTOR('',#17317,1.);
#17317 = DIRECTION('',(0.,1.));
#17318 = ( GEOMETRIC_REPRESENTATION_CONTEXT(2) 
PARAMETRIC_REPRESENTATION_CONTEXT() REPRESENTATION_CONTEXT('2D SPACE',''
  ) );
#17319 = ORIENTED_EDGE('',*,*,#17320,.T.);
#17320 = EDGE_CURVE('',#17298,#17298,#17321,.T.);
#17321 = SURFACE_CURVE('',#17322,(#17327,#17334),.PCURVE_S1.);
#17322 = CIRCLE('',#17323,1.1);
#17323 = AXIS2_PLACEMENT_3D('',#17324,#17325,#17326);
#17324 = CARTESIAN_POINT('',(0.,32.4,69.9));
#17325 = DIRECTION('',(0.,0.,1.));
#17326 = DIRECTION('',(1.,0.,-0.));
#17327 = PCURVE('',#6863,#17328);
#17328 = DEFINITIONAL_REPRESENTATION('',(#17329),#17333);
#17329 = LINE('',#17330,#17331);
#17330 = CARTESIAN_POINT('',(0.,0.));
#17331 = VECTOR('',#17332,1.);
#17332 = DIRECTION('',(1.,0.));
#17333 = ( GEOMETRIC_REPRESENTATION_CONTEXT(2) 
PARAMETRIC_REPRESENTATION_CONTEXT() REPRESENTATION_CONTEXT('2D SPACE',''
  ) );
#17334 = PCURVE('',#17335,#17340);
#17335 = PLANE('',#17336);
#17336 = AXIS2_PLACEMENT_3D('',#17337,#17338,#17339);
#17337 = CARTESIAN_POINT('',(0.,32.4,69.9));
#17338 = DIRECTION('',(0.,0.,1.));
#17339 = DIRECTION('',(1.,0.,-0.));
#17340 = DEFINITIONAL_REPRESENTATION('',(#17341),#17345);
#17341 = CIRCLE('',#17342,1.1);
#17342 = AXIS2_PLACEMENT_2D('',#17343,#17344);
#17343 = CARTESIAN_POINT('',(0.,0.));
#17344 = DIRECTION('',(1.,0.));
#17345 = ( GEOMETRIC_REPRESENTATION_CONTEXT(2) 
PARAMETRIC_REPRESENTATION_CONTEXT() REPRESENTATION_CONTEXT('2D SPACE',''
  ) );
#17346 = ORIENTED_EDGE('',*,*,#17297,.T.);
#17347 = ADVANCED_FACE('',(#17348),#6895,.F.);
#17348 = FACE_BOUND('',#17349,.F.);
#17349 = EDGE_LOOP('',(#17350,#17351,#17352));
#17350 = ORIENTED_EDGE('',*,*,#12415,.T.);
#17351 = ORIENTED_EDGE('',*,*,#6878,.F.);
#17352 = ORIENTED_EDGE('',*,*,#7030,.F.);
#17353 = ADVANCED_FACE('',(#17354),#6945,.T.);
#17354 = FACE_BOUND('',#17355,.T.);
#17355 = EDGE_LOOP('',(#17356,#17357,#17358,#17359));
#17356 = ORIENTED_EDGE('',*,*,#6929,.T.);
#17357 = ORIENTED_EDGE('',*,*,#8812,.T.);
#17358 = ORIENTED_EDGE('',*,*,#12484,.T.);
#17359 = ORIENTED_EDGE('',*,*,#12437,.T.);
#17360 = ADVANCED_FACE('',(#17361),#6996,.F.);
#17361 = FACE_BOUND('',#17362,.F.);
#17362 = EDGE_LOOP('',(#17363,#17364,#17365));
#17363 = ORIENTED_EDGE('',*,*,#12279,.T.);
#17364 = ORIENTED_EDGE('',*,*,#6979,.F.);
#17365 = ORIENTED_EDGE('',*,*,#7173,.F.);
#17366 = ADVANCED_FACE('',(#17367),#7088,.T.);
#17367 = FACE_BOUND('',#17368,.T.);
#17368 = EDGE_LOOP('',(#17369,#17370,#17371,#17372));
#17369 = ORIENTED_EDGE('',*,*,#7072,.T.);
#17370 = ORIENTED_EDGE('',*,*,#12395,.T.);
#17371 = ORIENTED_EDGE('',*,*,#12348,.T.);
#17372 = ORIENTED_EDGE('',*,*,#12301,.T.);
#17373 = ADVANCED_FACE('',(#17374),#7139,.F.);
#17374 = FACE_BOUND('',#17375,.F.);
#17375 = EDGE_LOOP('',(#17376,#17377,#17378));
#17376 = ORIENTED_EDGE('',*,*,#12143,.T.);
#17377 = ORIENTED_EDGE('',*,*,#7122,.F.);
#17378 = ORIENTED_EDGE('',*,*,#7316,.F.);
#17379 = ADVANCED_FACE('',(#17380),#7231,.T.);
#17380 = FACE_BOUND('',#17381,.T.);
#17381 = EDGE_LOOP('',(#17382,#17383,#17384,#17385));
#17382 = ORIENTED_EDGE('',*,*,#7215,.T.);
#17383 = ORIENTED_EDGE('',*,*,#12259,.T.);
#17384 = ORIENTED_EDGE('',*,*,#12212,.T.);
#17385 = ORIENTED_EDGE('',*,*,#12165,.T.);
#17386 = ADVANCED_FACE('',(#17387),#7282,.F.);
#17387 = FACE_BOUND('',#17388,.F.);
#17388 = EDGE_LOOP('',(#17389,#17390,#17391));
#17389 = ORIENTED_EDGE('',*,*,#12007,.T.);
#17390 = ORIENTED_EDGE('',*,*,#7265,.F.);
#17391 = ORIENTED_EDGE('',*,*,#7459,.F.);
#17392 = ADVANCED_FACE('',(#17393),#7374,.T.);
#17393 = FACE_BOUND('',#17394,.T.);
#17394 = EDGE_LOOP('',(#17395,#17396,#17397,#17398));
#17395 = ORIENTED_EDGE('',*,*,#7358,.T.);
#17396 = ORIENTED_EDGE('',*,*,#12123,.T.);
#17397 = ORIENTED_EDGE('',*,*,#12076,.T.);
#17398 = ORIENTED_EDGE('',*,*,#12029,.T.);
#17399 = ADVANCED_FACE('',(#17400),#7425,.F.);
#17400 = FACE_BOUND('',#17401,.F.);
#17401 = EDGE_LOOP('',(#17402,#17403,#17404));
#17402 = ORIENTED_EDGE('',*,*,#11871,.T.);
#17403 = ORIENTED_EDGE('',*,*,#7408,.F.);
#17404 = ORIENTED_EDGE('',*,*,#7602,.F.);
#17405 = ADVANCED_FACE('',(#17406),#7517,.T.);
#17406 = FACE_BOUND('',#17407,.T.);
#17407 = EDGE_LOOP('',(#17408,#17409,#17410,#17411));
#17408 = ORIENTED_EDGE('',*,*,#7501,.T.);
#17409 = ORIENTED_EDGE('',*,*,#11987,.T.);
#17410 = ORIENTED_EDGE('',*,*,#11940,.T.);
#17411 = ORIENTED_EDGE('',*,*,#11893,.T.);
#17412 = ADVANCED_FACE('',(#17413),#7568,.F.);
#17413 = FACE_BOUND('',#17414,.F.);
#17414 = EDGE_LOOP('',(#17415,#17416,#17417));
#17415 = ORIENTED_EDGE('',*,*,#11735,.T.);
#17416 = ORIENTED_EDGE('',*,*,#7551,.F.);
#17417 = ORIENTED_EDGE('',*,*,#7745,.F.);
#17418 = ADVANCED_FACE('',(#17419),#7660,.T.);
#17419 = FACE_BOUND('',#17420,.T.);
#17420 = EDGE_LOOP('',(#17421,#17422,#17423,#17424));
#17421 = ORIENTED_EDGE('',*,*,#7644,.T.);
#17422 = ORIENTED_EDGE('',*,*,#11851,.T.);
#17423 = ORIENTED_EDGE('',*,*,#11804,.T.);
#17424 = ORIENTED_EDGE('',*,*,#11757,.T.);
#17425 = ADVANCED_FACE('',(#17426),#7711,.F.);
#17426 = FACE_BOUND('',#17427,.F.);
#17427 = EDGE_LOOP('',(#17428,#17429,#17430));
#17428 = ORIENTED_EDGE('',*,*,#11599,.T.);
#17429 = ORIENTED_EDGE('',*,*,#7694,.F.);
#17430 = ORIENTED_EDGE('',*,*,#7888,.F.);
#17431 = ADVANCED_FACE('',(#17432),#7803,.T.);
#17432 = FACE_BOUND('',#17433,.T.);
#17433 = EDGE_LOOP('',(#17434,#17435,#17436,#17437));
#17434 = ORIENTED_EDGE('',*,*,#11621,.T.);
#17435 = ORIENTED_EDGE('',*,*,#7787,.T.);
#17436 = ORIENTED_EDGE('',*,*,#11715,.T.);
#17437 = ORIENTED_EDGE('',*,*,#11668,.T.);
#17438 = ADVANCED_FACE('',(#17439),#7854,.F.);
#17439 = FACE_BOUND('',#17440,.F.);
#17440 = EDGE_LOOP('',(#17441,#17442,#17443));
#17441 = ORIENTED_EDGE('',*,*,#11463,.T.);
#17442 = ORIENTED_EDGE('',*,*,#7837,.F.);
#17443 = ORIENTED_EDGE('',*,*,#8031,.F.);
#17444 = ADVANCED_FACE('',(#17445),#7946,.T.);
#17445 = FACE_BOUND('',#17446,.T.);
#17446 = EDGE_LOOP('',(#17447,#17448,#17449,#17450));
#17447 = ORIENTED_EDGE('',*,*,#11485,.T.);
#17448 = ORIENTED_EDGE('',*,*,#7930,.T.);
#17449 = ORIENTED_EDGE('',*,*,#11579,.T.);
#17450 = ORIENTED_EDGE('',*,*,#11532,.T.);
#17451 = ADVANCED_FACE('',(#17452),#7997,.F.);
#17452 = FACE_BOUND('',#17453,.F.);
#17453 = EDGE_LOOP('',(#17454,#17455,#17456));
#17454 = ORIENTED_EDGE('',*,*,#8174,.F.);
#17455 = ORIENTED_EDGE('',*,*,#11327,.T.);
#17456 = ORIENTED_EDGE('',*,*,#7980,.F.);
#17457 = ADVANCED_FACE('',(#17458),#8089,.T.);
#17458 = FACE_BOUND('',#17459,.T.);
#17459 = EDGE_LOOP('',(#17460,#17461,#17462,#17463));
#17460 = ORIENTED_EDGE('',*,*,#11349,.T.);
#17461 = ORIENTED_EDGE('',*,*,#8073,.T.);
#17462 = ORIENTED_EDGE('',*,*,#11443,.T.);
#17463 = ORIENTED_EDGE('',*,*,#11396,.T.);
#17464 = ADVANCED_FACE('',(#17465),#8140,.F.);
#17465 = FACE_BOUND('',#17466,.F.);
#17466 = EDGE_LOOP('',(#17467,#17468,#17469));
#17467 = ORIENTED_EDGE('',*,*,#8317,.F.);
#17468 = ORIENTED_EDGE('',*,*,#11191,.T.);
#17469 = ORIENTED_EDGE('',*,*,#8123,.F.);
#17470 = ADVANCED_FACE('',(#17471),#8232,.T.);
#17471 = FACE_BOUND('',#17472,.T.);
#17472 = EDGE_LOOP('',(#17473,#17474,#17475,#17476));
#17473 = ORIENTED_EDGE('',*,*,#11213,.T.);
#17474 = ORIENTED_EDGE('',*,*,#8216,.T.);
#17475 = ORIENTED_EDGE('',*,*,#11307,.T.);
#17476 = ORIENTED_EDGE('',*,*,#11260,.T.);
#17477 = ADVANCED_FACE('',(#17478),#8283,.F.);
#17478 = FACE_BOUND('',#17479,.F.);
#17479 = EDGE_LOOP('',(#17480,#17481,#17482));
#17480 = ORIENTED_EDGE('',*,*,#8433,.F.);
#17481 = ORIENTED_EDGE('',*,*,#11008,.T.);
#17482 = ORIENTED_EDGE('',*,*,#8266,.F.);
#17483 = ADVANCED_FACE('',(#17484),#8375,.T.);
#17484 = FACE_BOUND('',#17485,.T.);
#17485 = EDGE_LOOP('',(#17486,#17487,#17488,#17489,#17490));
#17486 = ORIENTED_EDGE('',*,*,#11030,.T.);
#17487 = ORIENTED_EDGE('',*,*,#8359,.T.);
#17488 = ORIENTED_EDGE('',*,*,#11171,.T.);
#17489 = ORIENTED_EDGE('',*,*,#11124,.T.);
#17490 = ORIENTED_EDGE('',*,*,#11077,.T.);
#17491 = ADVANCED_FACE('',(#17492),#8923,.T.);
#17492 = FACE_BOUND('',#17493,.T.);
#17493 = EDGE_LOOP('',(#17494,#17495,#17496,#17497,#17498));
#17494 = ORIENTED_EDGE('',*,*,#8908,.T.);
#17495 = ORIENTED_EDGE('',*,*,#17271,.T.);
#17496 = ORIENTED_EDGE('',*,*,#9054,.T.);
#17497 = ORIENTED_EDGE('',*,*,#9007,.T.);
#17498 = ORIENTED_EDGE('',*,*,#8960,.T.);
#17499 = ADVANCED_FACE('',(#17500),#8875,.F.);
#17500 = FACE_BOUND('',#17501,.F.);
#17501 = EDGE_LOOP('',(#17502,#17503,#17504));
#17502 = ORIENTED_EDGE('',*,*,#16032,.F.);
#17503 = ORIENTED_EDGE('',*,*,#8859,.T.);
#17504 = ORIENTED_EDGE('',*,*,#17229,.F.);
#17505 = ADVANCED_FACE('',(#17506),#9160,.T.);
#17506 = FACE_BOUND('',#17507,.T.);
#17507 = EDGE_LOOP('',(#17508,#17509,#17510,#17511));
#17508 = ORIENTED_EDGE('',*,*,#9145,.T.);
#17509 = ORIENTED_EDGE('',*,*,#17204,.T.);
#17510 = ORIENTED_EDGE('',*,*,#9244,.T.);
#17511 = ORIENTED_EDGE('',*,*,#9197,.T.);
#17512 = ADVANCED_FACE('',(#17513),#9112,.F.);
#17513 = FACE_BOUND('',#17514,.F.);
#17514 = EDGE_LOOP('',(#17515,#17516,#17517));
#17515 = ORIENTED_EDGE('',*,*,#17251,.F.);
#17516 = ORIENTED_EDGE('',*,*,#9096,.T.);
#17517 = ORIENTED_EDGE('',*,*,#17140,.F.);
#17518 = ADVANCED_FACE('',(#17519),#9350,.T.);
#17519 = FACE_BOUND('',#17520,.T.);
#17520 = EDGE_LOOP('',(#17521,#17522,#17523,#17524));
#17521 = ORIENTED_EDGE('',*,*,#9335,.T.);
#17522 = ORIENTED_EDGE('',*,*,#17115,.T.);
#17523 = ORIENTED_EDGE('',*,*,#9434,.T.);
#17524 = ORIENTED_EDGE('',*,*,#9387,.T.);
#17525 = ADVANCED_FACE('',(#17526),#9302,.F.);
#17526 = FACE_BOUND('',#17527,.F.);
#17527 = EDGE_LOOP('',(#17528,#17529,#17530));
#17528 = ORIENTED_EDGE('',*,*,#17184,.F.);
#17529 = ORIENTED_EDGE('',*,*,#9286,.T.);
#17530 = ORIENTED_EDGE('',*,*,#17051,.F.);
#17531 = ADVANCED_FACE('',(#17532),#9540,.T.);
#17532 = FACE_BOUND('',#17533,.T.);
#17533 = EDGE_LOOP('',(#17534,#17535,#17536,#17537));
#17534 = ORIENTED_EDGE('',*,*,#9525,.T.);
#17535 = ORIENTED_EDGE('',*,*,#17026,.T.);
#17536 = ORIENTED_EDGE('',*,*,#9624,.T.);
#17537 = ORIENTED_EDGE('',*,*,#9577,.T.);
#17538 = ADVANCED_FACE('',(#17539),#9492,.F.);
#17539 = FACE_BOUND('',#17540,.F.);
#17540 = EDGE_LOOP('',(#17541,#17542,#17543));
#17541 = ORIENTED_EDGE('',*,*,#9476,.T.);
#17542 = ORIENTED_EDGE('',*,*,#16962,.F.);
#17543 = ORIENTED_EDGE('',*,*,#17095,.F.);
#17544 = ADVANCED_FACE('',(#17545),#9730,.T.);
#17545 = FACE_BOUND('',#17546,.T.);
#17546 = EDGE_LOOP('',(#17547,#17548,#17549,#17550));
#17547 = ORIENTED_EDGE('',*,*,#9715,.T.);
#17548 = ORIENTED_EDGE('',*,*,#16937,.T.);
#17549 = ORIENTED_EDGE('',*,*,#9814,.T.);
#17550 = ORIENTED_EDGE('',*,*,#9767,.T.);
#17551 = ADVANCED_FACE('',(#17552),#9682,.F.);
#17552 = FACE_BOUND('',#17553,.F.);
#17553 = EDGE_LOOP('',(#17554,#17555,#17556));
#17554 = ORIENTED_EDGE('',*,*,#9666,.T.);
#17555 = ORIENTED_EDGE('',*,*,#16873,.F.);
#17556 = ORIENTED_EDGE('',*,*,#17006,.F.);
#17557 = ADVANCED_FACE('',(#17558),#9920,.T.);
#17558 = FACE_BOUND('',#17559,.T.);
#17559 = EDGE_LOOP('',(#17560,#17561,#17562,#17563));
#17560 = ORIENTED_EDGE('',*,*,#16848,.T.);
#17561 = ORIENTED_EDGE('',*,*,#10004,.T.);
#17562 = ORIENTED_EDGE('',*,*,#9957,.T.);
#17563 = ORIENTED_EDGE('',*,*,#9905,.T.);
#17564 = ADVANCED_FACE('',(#17565),#9872,.F.);
#17565 = FACE_BOUND('',#17566,.F.);
#17566 = EDGE_LOOP('',(#17567,#17568,#17569));
#17567 = ORIENTED_EDGE('',*,*,#9856,.T.);
#17568 = ORIENTED_EDGE('',*,*,#16784,.F.);
#17569 = ORIENTED_EDGE('',*,*,#16917,.F.);
#17570 = ADVANCED_FACE('',(#17571),#10110,.T.);
#17571 = FACE_BOUND('',#17572,.T.);
#17572 = EDGE_LOOP('',(#17573,#17574,#17575,#17576));
#17573 = ORIENTED_EDGE('',*,*,#16759,.T.);
#17574 = ORIENTED_EDGE('',*,*,#10194,.T.);
#17575 = ORIENTED_EDGE('',*,*,#10147,.T.);
#17576 = ORIENTED_EDGE('',*,*,#10095,.T.);
#17577 = ADVANCED_FACE('',(#17578),#10062,.F.);
#17578 = FACE_BOUND('',#17579,.F.);
#17579 = EDGE_LOOP('',(#17580,#17581,#17582));
#17580 = ORIENTED_EDGE('',*,*,#10046,.T.);
#17581 = ORIENTED_EDGE('',*,*,#16695,.F.);
#17582 = ORIENTED_EDGE('',*,*,#16828,.F.);
#17583 = ADVANCED_FACE('',(#17584),#10300,.T.);
#17584 = FACE_BOUND('',#17585,.T.);
#17585 = EDGE_LOOP('',(#17586,#17587,#17588,#17589));
#17586 = ORIENTED_EDGE('',*,*,#16670,.T.);
#17587 = ORIENTED_EDGE('',*,*,#10384,.T.);
#17588 = ORIENTED_EDGE('',*,*,#10337,.T.);
#17589 = ORIENTED_EDGE('',*,*,#10285,.T.);
#17590 = ADVANCED_FACE('',(#17591),#10252,.F.);
#17591 = FACE_BOUND('',#17592,.F.);
#17592 = EDGE_LOOP('',(#17593,#17594,#17595));
#17593 = ORIENTED_EDGE('',*,*,#10236,.T.);
#17594 = ORIENTED_EDGE('',*,*,#16606,.F.);
#17595 = ORIENTED_EDGE('',*,*,#16739,.F.);
#17596 = ADVANCED_FACE('',(#17597),#10490,.T.);
#17597 = FACE_BOUND('',#17598,.T.);
#17598 = EDGE_LOOP('',(#17599,#17600,#17601,#17602));
#17599 = ORIENTED_EDGE('',*,*,#16581,.T.);
#17600 = ORIENTED_EDGE('',*,*,#10574,.T.);
#17601 = ORIENTED_EDGE('',*,*,#10527,.T.);
#17602 = ORIENTED_EDGE('',*,*,#10475,.T.);
#17603 = ADVANCED_FACE('',(#17604),#10442,.F.);
#17604 = FACE_BOUND('',#17605,.F.);
#17605 = EDGE_LOOP('',(#17606,#17607,#17608));
#17606 = ORIENTED_EDGE('',*,*,#10426,.T.);
#17607 = ORIENTED_EDGE('',*,*,#16517,.F.);
#17608 = ORIENTED_EDGE('',*,*,#16650,.F.);
#17609 = ADVANCED_FACE('',(#17610),#10680,.T.);
#17610 = FACE_BOUND('',#17611,.T.);
#17611 = EDGE_LOOP('',(#17612,#17613,#17614,#17615));
#17612 = ORIENTED_EDGE('',*,*,#16492,.T.);
#17613 = ORIENTED_EDGE('',*,*,#10764,.T.);
#17614 = ORIENTED_EDGE('',*,*,#10717,.T.);
#17615 = ORIENTED_EDGE('',*,*,#10665,.T.);
#17616 = ADVANCED_FACE('',(#17617),#10632,.F.);
#17617 = FACE_BOUND('',#17618,.F.);
#17618 = EDGE_LOOP('',(#17619,#17620,#17621));
#17619 = ORIENTED_EDGE('',*,*,#10616,.T.);
#17620 = ORIENTED_EDGE('',*,*,#16428,.F.);
#17621 = ORIENTED_EDGE('',*,*,#16561,.F.);
#17622 = ADVANCED_FACE('',(#17623),#10870,.T.);
#17623 = FACE_BOUND('',#17624,.T.);
#17624 = EDGE_LOOP('',(#17625,#17626,#17627,#17628));
#17625 = ORIENTED_EDGE('',*,*,#16403,.T.);
#17626 = ORIENTED_EDGE('',*,*,#10954,.T.);
#17627 = ORIENTED_EDGE('',*,*,#10907,.T.);
#17628 = ORIENTED_EDGE('',*,*,#10855,.T.);
#17629 = ADVANCED_FACE('',(#17630),#10822,.F.);
#17630 = FACE_BOUND('',#17631,.F.);
#17631 = EDGE_LOOP('',(#17632,#17633,#17634));
#17632 = ORIENTED_EDGE('',*,*,#10806,.T.);
#17633 = ORIENTED_EDGE('',*,*,#16359,.F.);
#17634 = ORIENTED_EDGE('',*,*,#16472,.F.);
#17635 = ADVANCED_FACE('',(#17636),#12595,.T.);
#17636 = FACE_BOUND('',#17637,.T.);
#17637 = EDGE_LOOP('',(#17638,#17639,#17640,#17641,#17642));
#17638 = ORIENTED_EDGE('',*,*,#12580,.T.);
#17639 = ORIENTED_EDGE('',*,*,#15961,.T.);
#17640 = ORIENTED_EDGE('',*,*,#12726,.T.);
#17641 = ORIENTED_EDGE('',*,*,#12679,.T.);
#17642 = ORIENTED_EDGE('',*,*,#12632,.T.);
#17643 = ADVANCED_FACE('',(#17644),#12547,.F.);
#17644 = FACE_BOUND('',#17645,.F.);
#17645 = EDGE_LOOP('',(#17646,#17647,#17648));
#17646 = ORIENTED_EDGE('',*,*,#14722,.F.);
#17647 = ORIENTED_EDGE('',*,*,#12531,.T.);
#17648 = ORIENTED_EDGE('',*,*,#15919,.F.);
#17649 = ADVANCED_FACE('',(#17650),#12832,.T.);
#17650 = FACE_BOUND('',#17651,.T.);
#17651 = EDGE_LOOP('',(#17652,#17653,#17654,#17655));
#17652 = ORIENTED_EDGE('',*,*,#12817,.T.);
#17653 = ORIENTED_EDGE('',*,*,#15894,.T.);
#17654 = ORIENTED_EDGE('',*,*,#12916,.T.);
#17655 = ORIENTED_EDGE('',*,*,#12869,.T.);
#17656 = ADVANCED_FACE('',(#17657),#12784,.F.);
#17657 = FACE_BOUND('',#17658,.F.);
#17658 = EDGE_LOOP('',(#17659,#17660,#17661));
#17659 = ORIENTED_EDGE('',*,*,#15941,.F.);
#17660 = ORIENTED_EDGE('',*,*,#12768,.T.);
#17661 = ORIENTED_EDGE('',*,*,#15830,.F.);
#17662 = ADVANCED_FACE('',(#17663),#13022,.T.);
#17663 = FACE_BOUND('',#17664,.T.);
#17664 = EDGE_LOOP('',(#17665,#17666,#17667,#17668));
#17665 = ORIENTED_EDGE('',*,*,#13007,.T.);
#17666 = ORIENTED_EDGE('',*,*,#15805,.T.);
#17667 = ORIENTED_EDGE('',*,*,#13106,.T.);
#17668 = ORIENTED_EDGE('',*,*,#13059,.T.);
#17669 = ADVANCED_FACE('',(#17670),#12974,.F.);
#17670 = FACE_BOUND('',#17671,.F.);
#17671 = EDGE_LOOP('',(#17672,#17673,#17674));
#17672 = ORIENTED_EDGE('',*,*,#15874,.F.);
#17673 = ORIENTED_EDGE('',*,*,#12958,.T.);
#17674 = ORIENTED_EDGE('',*,*,#15741,.F.);
#17675 = ADVANCED_FACE('',(#17676),#13212,.T.);
#17676 = FACE_BOUND('',#17677,.T.);
#17677 = EDGE_LOOP('',(#17678,#17679,#17680,#17681));
#17678 = ORIENTED_EDGE('',*,*,#13197,.T.);
#17679 = ORIENTED_EDGE('',*,*,#15716,.T.);
#17680 = ORIENTED_EDGE('',*,*,#13296,.T.);
#17681 = ORIENTED_EDGE('',*,*,#13249,.T.);
#17682 = ADVANCED_FACE('',(#17683),#13164,.F.);
#17683 = FACE_BOUND('',#17684,.F.);
#17684 = EDGE_LOOP('',(#17685,#17686,#17687));
#17685 = ORIENTED_EDGE('',*,*,#13148,.T.);
#17686 = ORIENTED_EDGE('',*,*,#15652,.F.);
#17687 = ORIENTED_EDGE('',*,*,#15785,.F.);
#17688 = ADVANCED_FACE('',(#17689),#13402,.T.);
#17689 = FACE_BOUND('',#17690,.T.);
#17690 = EDGE_LOOP('',(#17691,#17692,#17693,#17694));
#17691 = ORIENTED_EDGE('',*,*,#13387,.T.);
#17692 = ORIENTED_EDGE('',*,*,#15627,.T.);
#17693 = ORIENTED_EDGE('',*,*,#13486,.T.);
#17694 = ORIENTED_EDGE('',*,*,#13439,.T.);
#17695 = ADVANCED_FACE('',(#17696),#13354,.F.);
#17696 = FACE_BOUND('',#17697,.F.);
#17697 = EDGE_LOOP('',(#17698,#17699,#17700));
#17698 = ORIENTED_EDGE('',*,*,#13338,.T.);
#17699 = ORIENTED_EDGE('',*,*,#15563,.F.);
#17700 = ORIENTED_EDGE('',*,*,#15696,.F.);
#17701 = ADVANCED_FACE('',(#17702),#13592,.T.);
#17702 = FACE_BOUND('',#17703,.T.);
#17703 = EDGE_LOOP('',(#17704,#17705,#17706,#17707));
#17704 = ORIENTED_EDGE('',*,*,#15538,.T.);
#17705 = ORIENTED_EDGE('',*,*,#13676,.T.);
#17706 = ORIENTED_EDGE('',*,*,#13629,.T.);
#17707 = ORIENTED_EDGE('',*,*,#13577,.T.);
#17708 = ADVANCED_FACE('',(#17709),#13544,.F.);
#17709 = FACE_BOUND('',#17710,.F.);
#17710 = EDGE_LOOP('',(#17711,#17712,#17713));
#17711 = ORIENTED_EDGE('',*,*,#13528,.T.);
#17712 = ORIENTED_EDGE('',*,*,#15474,.F.);
#17713 = ORIENTED_EDGE('',*,*,#15607,.F.);
#17714 = ADVANCED_FACE('',(#17715),#13782,.T.);
#17715 = FACE_BOUND('',#17716,.T.);
#17716 = EDGE_LOOP('',(#17717,#17718,#17719,#17720));
#17717 = ORIENTED_EDGE('',*,*,#15449,.T.);
#17718 = ORIENTED_EDGE('',*,*,#13866,.T.);
#17719 = ORIENTED_EDGE('',*,*,#13819,.T.);
#17720 = ORIENTED_EDGE('',*,*,#13767,.T.);
#17721 = ADVANCED_FACE('',(#17722),#13734,.F.);
#17722 = FACE_BOUND('',#17723,.F.);
#17723 = EDGE_LOOP('',(#17724,#17725,#17726));
#17724 = ORIENTED_EDGE('',*,*,#13718,.T.);
#17725 = ORIENTED_EDGE('',*,*,#15385,.F.);
#17726 = ORIENTED_EDGE('',*,*,#15518,.F.);
#17727 = ADVANCED_FACE('',(#17728),#13972,.T.);
#17728 = FACE_BOUND('',#17729,.T.);
#17729 = EDGE_LOOP('',(#17730,#17731,#17732,#17733));
#17730 = ORIENTED_EDGE('',*,*,#15360,.T.);
#17731 = ORIENTED_EDGE('',*,*,#14056,.T.);
#17732 = ORIENTED_EDGE('',*,*,#14009,.T.);
#17733 = ORIENTED_EDGE('',*,*,#13957,.T.);
#17734 = ADVANCED_FACE('',(#17735),#13924,.F.);
#17735 = FACE_BOUND('',#17736,.F.);
#17736 = EDGE_LOOP('',(#17737,#17738,#17739));
#17737 = ORIENTED_EDGE('',*,*,#13908,.T.);
#17738 = ORIENTED_EDGE('',*,*,#15296,.F.);
#17739 = ORIENTED_EDGE('',*,*,#15429,.F.);
#17740 = ADVANCED_FACE('',(#17741),#14162,.T.);
#17741 = FACE_BOUND('',#17742,.T.);
#17742 = EDGE_LOOP('',(#17743,#17744,#17745,#17746));
#17743 = ORIENTED_EDGE('',*,*,#15271,.T.);
#17744 = ORIENTED_EDGE('',*,*,#14246,.T.);
#17745 = ORIENTED_EDGE('',*,*,#14199,.T.);
#17746 = ORIENTED_EDGE('',*,*,#14147,.T.);
#17747 = ADVANCED_FACE('',(#17748),#14114,.F.);
#17748 = FACE_BOUND('',#17749,.F.);
#17749 = EDGE_LOOP('',(#17750,#17751,#17752));
#17750 = ORIENTED_EDGE('',*,*,#14098,.T.);
#17751 = ORIENTED_EDGE('',*,*,#15207,.F.);
#17752 = ORIENTED_EDGE('',*,*,#15340,.F.);
#17753 = ADVANCED_FACE('',(#17754),#14352,.T.);
#17754 = FACE_BOUND('',#17755,.T.);
#17755 = EDGE_LOOP('',(#17756,#17757,#17758,#17759));
#17756 = ORIENTED_EDGE('',*,*,#15182,.T.);
#17757 = ORIENTED_EDGE('',*,*,#14436,.T.);
#17758 = ORIENTED_EDGE('',*,*,#14389,.T.);
#17759 = ORIENTED_EDGE('',*,*,#14337,.T.);
#17760 = ADVANCED_FACE('',(#17761),#14304,.F.);
#17761 = FACE_BOUND('',#17762,.F.);
#17762 = EDGE_LOOP('',(#17763,#17764,#17765));
#17763 = ORIENTED_EDGE('',*,*,#14288,.T.);
#17764 = ORIENTED_EDGE('',*,*,#15118,.F.);
#17765 = ORIENTED_EDGE('',*,*,#15251,.F.);
#17766 = ADVANCED_FACE('',(#17767),#14542,.T.);
#17767 = FACE_BOUND('',#17768,.T.);
#17768 = EDGE_LOOP('',(#17769,#17770,#17771,#17772));
#17769 = ORIENTED_EDGE('',*,*,#15093,.T.);
#17770 = ORIENTED_EDGE('',*,*,#14626,.T.);
#17771 = ORIENTED_EDGE('',*,*,#14579,.T.);
#17772 = ORIENTED_EDGE('',*,*,#14527,.T.);
#17773 = ADVANCED_FACE('',(#17774),#14494,.F.);
#17774 = FACE_BOUND('',#17775,.F.);
#17775 = EDGE_LOOP('',(#17776,#17777,#17778));
#17776 = ORIENTED_EDGE('',*,*,#14478,.T.);
#17777 = ORIENTED_EDGE('',*,*,#15049,.F.);
#17778 = ORIENTED_EDGE('',*,*,#15162,.F.);
#17779 = ADVANCED_FACE('',(#17780),#17335,.T.);
#17780 = FACE_BOUND('',#17781,.F.);
#17781 = EDGE_LOOP('',(#17782));
#17782 = ORIENTED_EDGE('',*,*,#17320,.F.);
#17783 = ( GEOMETRIC_REPRESENTATION_CONTEXT(3) 
GLOBAL_UNCERTAINTY_ASSIGNED_CONTEXT((#17787)) 
GLOBAL_UNIT_ASSIGNED_CONTEXT((#17784,#17785,#17786)) 
REPRESENTATION_CONTEXT('Context #1',
  '3D Context with UNIT and UNCERTAINTY') );
#17784 = ( LENGTH_UNIT() NAMED_UNIT(*) SI_UNIT(.MILLI.,.METRE.) );
#17785 = ( NAMED_UNIT(*) PLANE_ANGLE_UNIT() SI_UNIT($,.RADIAN.) );
#17786 = ( NAMED_UNIT(*) SI_UNIT($,.STERADIAN.) SOLID_ANGLE_UNIT() );
#17787 = UNCERTAINTY_MEASURE_WITH_UNIT(LENGTH_MEASURE(1.E-07),#17784,
  'distance_accuracy_value','confusion accuracy');
#17788 = PRODUCT_RELATED_PRODUCT_CATEGORY('part',$,(#7));
ENDSEC;
END-ISO-10303-21;
